239,240,240,240,240,240,240,240,241,241,241,242,241,242,241,242,242,242,242,242,244,243,243,243,244,244,244,244,244,245,244,244,244,244,245,245,245,245,246,246,246,246,246,246,247,247,247,247,247,247,247,248,248,248,247,247,248,247,247,247,247,247,247,247,247,246,246,246,246,246,246,246,245,245,244,245,244,243,244,243,243,243,242,243,243,243,242,242,242,242,241,241,241,241,241,241,241,241,240,241,241,241,241,240,240,240,241,241,241,241,240,240,241,241,242,242,243,243,243,242,243,244,243,243,244,244,244,244,245,245,246,246,246,246,247,246,246,246,247,247,248,248,248,249,249,249,249,250,250,250,249,250,249,250,250,250,250,251,250,250,250,249,250,250,250,250,251,250,251,251,251,250,250,251,250,251,250,250,250,250,251,250,250,250,250,250,251,251,250,250,251,251,250,251,250,251,252,251,251,251
239,239,239,240,239,239,240,241,241,241,241,241,241,241,242,241,242,243,242,243,242,243,243,243,244,244,244,244,245,245,245,244,244,244,245,245,246,246,245,245,246,246,246,246,247,247,247,246,247,247,248,247,247,248,248,247,247,248,247,247,247,247,248,247,247,247,246,246,246,246,246,246,245,245,245,245,244,243,243,243,243,243,243,243,242,242,242,241,242,241,241,241,241,241,241,241,241,240,240,240,240,241,239,240,241,240,241,240,241,241,241,241,240,241,240,241,242,243,243,242,243,244,244,244,244,244,244,244,245,245,246,246,246,246,246,246,246,246,247,247,248,249,249,249,249,249,249,249,250,250,250,249,249,249,250,250,251,251,251,250,251,250,250,250,250,250,250,250,250,251,250,251,250,249,250,250,250,250,251,251,250,251,251,250,251,250,251,250,251,250,251,251,251,251,250,251,251,251,251,250
239,240,240,240,239,240,240,241,240,240,241,241,242,242,242,242,243,243,243,243,244,243,244,244,243,244,244,244,245,245,244,244,244,245,246,245,246,246,246,246,246,247,246,246,247,247,247,248,247,248,247,248,247,247,248,247,247,247,247,248,247,248,248,247,246,246,246,246,246,246,246,245,245,244,244,244,243,243,243,243,242,243,242,242,242,241,242,241,241,241,240,241,240,240,240,240,240,240,240,239,240,240,240,240,240,240,240,241,241,240,240,240,240,241,241,241,242,243,242,241,242,243,243,243,244,243,244,244,244,245,245,246,246,246,247,246,246,247,247,247,248,249,248,248,249,249,250,250,249,250,250,249,250,249,250,250,250,251,250,250,250,250,250,250,251,251,250,251,250,251,251,251,250,251,251,252,251,251,251,251,252,251,251,250,251,251,251,251,251,250,251,251,251,251,250,251,251,251,251,251
240,240,239,240,239,240,240,241,241,241,240,241,241,241,242,243,243,244,243,244,244,244,243,244,244,245,244,244,244,245,245,245,245,245,245,246,246,246,246,246,246,247,246,246,247,247,247,247,247,247,248,248,248,248,248,247,248,248,247,247,247,247,248,247,247,246,246,246,245,245,245,245,245,244,243,242,243,243,243,242,242,243,242,242,242,242,241,241,241,240,240,240,239,239,239,239,240,239,240,239,239,239,239,239,239,239,240,241,239,240,240,240,240,241,240,241,242,242,242,242,243,243,243,243,244,244,244,244,244,244,245,245,245,245,246,247,246,246,247,247,248,249,249,249,249,250,250,249,250,250,251,250,250,250,250,250,250,250,250,250,251,250,251,251,251,251,250,251,251,251,251,251,251,251,250,251,251,251,251,251,251,251,252,251,251,251,251,251,251,251,251,251,251,252,251,250,252,251,250,252
239,240,240,239,239,240,239,240,241,241,241,240,241,241,242,242,243,243,243,243,243,243,244,245,244,245,245,244,245,245,245,245,245,245,245,246,246,245,246,246,246,246,246,246,247,246,247,247,247,247,248,247,248,248,248,248,248,247,248,247,247,247,247,248,247,246,246,246,245,245,245,244,244,244,243,242,243,243,242,242,242,242,241,242,241,242,241,241,241,240,240,239,239,239,239,239,239,239,239,238,239,238,239,239,238,238,239,239,240,239,240,241,240,240,240,240,241,242,242,242,242,243,243,243,243,243,244,243,244,244,245,245,245,245,245,246,246,246,247,247,247,249,249,249,249,249,250,249,250,250,250,250,249,250,250,251,250,251,251,251,251,251,251,251,251,251,252,251,251,251,251,251,251,251,251,251,251,251,251,251,252,251,252,251,251,252,251,251,251,252,251,251,251,252,252,251,251,251,250,251
240,239,239,240,240,239,239,240,241,241,241,240,241,241,243,242,242,243,242,242,243,243,244,244,245,245,245,245,245,245,245,245,245,245,246,245,246,246,246,246,246,247,247,247,247,246,247,247,248,247,248,248,247,248,248,248,248,247,247,247,247,248,248,247,246,246,246,245,246,245,245,244,245,244,243,243,243,243,242,241,242,241,242,242,241,241,241,240,239,239,239,240,239,239,238,239,239,238,239,238,238,238,238,238,238,238,239,239,240,239,239,240,239,240,240,240,240,241,241,242,243,242,242,242,243,243,243,244,243,244,246,244,246,245,246,246,246,247,246,247,247,249,248,249,250,249,250,250,250,250,250,250,250,250,251,251,251,251,251,252,251,252,252,251,251,251,251,251,251,251,251,251,251,251,251,251,251,252,252,251,252,252,252,252,252,251,252,252,252,252,251,252,251,251,251,251,251,252,252,251
240,240,239,239,240,239,240,240,240,240,241,241,242,242,243,243,242,243,243,243,243,243,244,244,244,245,245,244,245,245,246,245,245,246,246,245,245,247,245,246,247,247,246,247,247,247,247,248,247,247,247,248,248,248,248,248,248,248,248,248,247,248,247,247,246,246,245,245,245,245,244,244,243,244,243,243,242,243,242,241,241,241,241,241,241,240,240,240,239,239,239,238,238,238,238,238,239,238,237,238,237,237,238,238,238,238,237,238,238,238,239,238,239,239,239,240,240,241,241,242,241,242,241,241,242,242,243,243,243,244,245,245,245,245,246,246,246,246,247,247,247,249,249,249,249,250,250,249,251,250,250,250,250,251,251,252,251,251,251,251,252,251,252,251,252,251,251,252,251,251,251,251,251,251,252,251,252,252,251,251,252,253,252,252,253,252,252,252,252,252,252,252,251,252,251,251,251,252,252,252
239,240,238,240,240,240,239,240,240,240,240,240,241,242,241,243,243,243,243,243,243,244,244,245,244,245,245,244,245,245,246,245,246,246,245,246,246,246,246,247,246,246,247,247,247,247,248,248,248,248,248,248,248,248,248,248,247,248,248,248,248,248,247,247,246,246,245,245,244,245,244,244,244,243,244,243,243,243,242,241,241,241,240,241,241,241,239,239,238,238,240,238,238,238,238,237,238,236,236,237,236,237,236,236,237,237,236,237,237,237,238,238,239,240,239,239,239,240,241,242,242,241,242,241,242,242,242,243,243,244,245,245,245,245,246,246,246,246,246,247,248,248,249,249,250,250,250,250,251,251,251,250,251,250,251,251,251,251,251,251,251,252,252,252,252,251,251,251,251,251,251,252,251,251,251,252,251,252,251,252,252,252,252,252,252,253,252,251,252,252,252,252,251,251,251,251,252,252,251,252
240,240,239,239,240,240,239,240,241,240,241,241,241,242,243,242,243,243,243,243,243,244,244,244,245,245,245,245,245,245,245,246,246,246,246,246,247,246,246,247,247,247,247,247,247,247,247,248,248,248,248,248,248,248,248,248,248,248,248,248,247,248,247,246,246,245,246,245,245,245,244,244,243,244,243,243,242,242,242,241,241,240,241,241,240,240,239,239,239,238,239,238,238,238,235,232,232,231,226,226,224,226,223,221,222,223,226,234,235,237,238,238,239,238,239,239,239,239,240,240,241,241,241,241,242,242,242,242,242,244,244,244,244,245,245,245,246,246,246,247,247,247,248,249,249,250,250,250,251,251,251,250,250,251,251,252,251,251,251,251,252,252,252,252,251,251,251,252,251,251,251,252,251,251,252,251,252,251,251,251,252,252,252,252,251,252,252,252,252,253,252,252,251,251,252,251,251,252,252,252
239,239,239,240,239,240,240,240,239,240,240,241,241,241,242,242,243,242,243,243,243,243,243,244,244,245,244,245,246,245,246,246,246,246,246,246,247,247,246,247,247,247,247,247,247,247,248,248,248,248,248,248,249,248,249,248,248,248,247,248,247,247,247,247,246,246,246,245,245,244,244,243,243,243,244,243,243,242,241,241,240,240,240,240,240,239,239,238,238,238,237,238,235,232,228,219,198,194,181,176,174,175,170,169,172,183,186,203,219,227,232,234,237,237,237,239,238,239,240,240,240,240,241,240,242,241,242,242,242,243,244,243,244,245,245,245,246,246,246,247,247,247,248,249,250,249,250,250,251,251,251,251,251,251,251,252,251,251,251,251,252,252,252,251,251,251,251,252,252,252,252,252,252,252,252,252,252,252,252,251,251,252,252,252,252,252,252,252,252,252,252,252,252,251,251,252,252,252,253,252
238,239,239,240,240,240,240,240,241,240,241,241,241,241,242,241,242,242,243,243,243,243,244,244,245,244,245,245,245,245,245,246,247,246,246,246,247,246,247,247,247,247,247,248,248,248,248,248,247,248,247,248,249,248,248,248,248,247,247,247,247,247,247,246,246,246,245,245,243,244,244,243,243,243,242,242,242,241,240,241,240,239,239,239,239,239,238,238,237,237,233,225,203,188,169,154,150,152,151,152,152,149,147,145,144,145,148,152,160,166,179,200,220,230,236,238,238,238,239,240,240,240,241,240,241,241,241,243,242,243,243,243,243,244,245,245,246,245,246,248,247,248,248,249,249,249,251,250,250,251,252,251,251,251,251,251,251,252,251,251,252,252,252,251,252,251,252,252,252,252,252,252,252,251,252,252,252,252,252,252,252,251,253,252,252,252,252,252,252,252,253,252,252,252,252,252,252,253,253,253
239,239,239,239,240,240,240,240,240,241,240,241,241,242,242,242,242,242,243,243,243,244,244,244,244,245,244,244,246,244,246,246,246,246,247,247,247,247,247,247,248,248,247,248,247,248,248,247,248,247,248,248,248,248,248,247,247,248,247,247,247,247,246,246,245,245,245,244,243,243,243,242,243,242,242,242,242,241,240,240,240,240,239,239,239,239,238,238,228,220,192,163,147,143,141,138,137,133,129,130,131,131,132,133,135,135,137,142,142,148,154,157,164,175,199,221,234,238,238,239,239,239,239,240,240,240,241,242,242,242,243,243,244,243,245,245,245,245,245,247,247,247,248,248,249,249,250,250,251,251,251,250,251,251,252,251,252,252,252,251,252,252,252,252,252,252,253,252,253,253,252,253,252,252,252,252,252,252,252,252,252,252,252,252,252,252,252,252,253,253,253,252,252,252,252,252,253,252,253,253
239,239,239,240,239,239,240,240,240,241,240,241,241,242,242,242,242,242,242,243,243,243,244,244,244,244,245,245,245,245,246,246,246,246,246,247,247,247,247,247,248,248,248,248,247,248,248,247,248,247,248,248,248,248,248,248,248,247,247,247,247,246,246,245,245,245,245,243,243,243,243,243,242,242,241,241,241,240,240,240,240,239,239,238,237,237,235,216,180,157,140,137,135,130,126,120,116,115,114,113,111,111,113,114,115,116,119,127,130,135,141,144,146,152,159,165,183,214,232,238,239,240,240,240,241,241,241,241,241,242,242,241,243,244,245,245,246,245,245,246,246,247,248,248,249,249,251,250,251,251,251,251,251,251,251,251,251,252,252,251,252,252,252,253,253,253,253,252,252,253,253,252,252,253,252,252,253,252,252,252,252,252,252,253,253,252,252,252,253,253,251,252,253,253,252,252,253,253,253,253
240,239,239,239,240,240,240,240,241,240,240,241,242,241,242,241,242,242,243,244,243,244,244,244,244,245,245,245,244,245,246,245,246,246,246,247,246,247,247,247,248,248,247,248,248,248,248,248,248,248,248,248,248,248,248,247,247,247,247,247,247,247,245,245,245,244,243,243,243,242,242,243,242,241,241,241,240,240,240,240,240,239,239,237,235,222,177,151,141,137,130,129,125,118,114,110,109,105,105,102,103,103,103,101,101,100,103,105,108,112,120,125,135,142,148,151,159,167,185,218,240,238,239,240,239,240,240,240,240,241,242,241,242,243,244,244,244,245,245,245,247,246,247,248,248,249,250,250,250,251,250,251,251,251,252,252,252,252,252,252,252,253,253,253,253,252,252,252,253,252,253,252,252,253,253,253,253,252,253,253,252,252,252,253,253,253,253,253,253,253,253,252,252,252,252,252,254,253,254,253
239,239,239,240,240,240,240,240,240,240,240,241,241,241,241,242,242,242,243,243,243,244,243,244,244,244,244,244,245,245,246,246,246,246,247,246,246,247,247,247,247,247,248,248,248,248,248,248,249,248,248,248,248,248,248,247,248,247,247,246,247,246,244,245,244,244,243,243,242,242,242,241,241,240,240,240,241,240,240,239,238,238,238,232,196,153,139,131,126,123,118,115,109,105,101,100,100,99,100,99,99,101,101,102,101,100,101,102,101,102,106,109,114,119,127,135,144,151,159,166,191,228,237,238,238,239,240,240,241,241,241,241,242,243,243,243,244,245,245,245,246,247,247,248,248,249,249,251,250,251,251,251,251,252,251,252,252,252,252,252,252,252,252,252,253,253,252,252,253,253,253,252,252,253,253,252,254,253,252,253,253,253,253,253,253,253,253,253,253,253,253,253,253,252,252,252,252,253,253,254
239,239,239,240,240,240,240,240,240,240,241,241,242,241,241,241,242,242,242,243,243,243,244,243,243,244,244,245,245,246,246,246,246,247,246,247,247,247,247,248,247,248,247,248,248,249,248,248,248,248,248,248,248,248,248,247,247,247,247,246,245,245,245,244,244,244,243,243,242,243,242,241,240,240,240,240,239,239,240,239,239,238,223,172,145,134,127,122,116,113,109,104,100,98,97,96,97,97,99,100,100,100,101,101,102,102,102,103,103,102,103,104,108,111,114,118,126,140,151,157,164,173,208,234,235,239,240,241,241,240,242,242,242,243,243,243,243,244,244,245,246,246,246,248,248,249,249,250,251,251,250,251,251,251,251,252,252,252,253,252,253,253,253,253,253,253,252,253,252,252,253,253,253,253,253,252,253,253,253,253,253,253,253,253,253,252,253,253,252,253,253,253,252,253,252,252,252,253,253,253
240,239,239,239,240,240,239,240,240,241,240,241,241,241,241,242,242,242,242,243,243,243,243,244,243,244,244,245,245,245,246,246,246,246,246,247,247,247,247,247,247,248,247,248,248,248,248,248,248,248,248,248,248,248,247,247,247,247,246,246,245,245,245,244,244,243,243,242,242,241,240,241,240,239,240,240,239,240,239,238,236,204,156,139,127,120,116,112,108,103,100,99,98,96,96,96,97,98,99,101,101,102,103,103,103,104,103,103,103,102,104,103,106,107,109,110,112,122,134,138,152,159,165,188,223,238,239,240,240,240,241,241,241,242,242,243,243,243,244,245,246,246,246,247,248,249,249,250,251,251,250,251,251,252,252,253,252,252,253,253,252,253,253,253,253,253,253,253,253,253,253,253,253,253,253,253,252,253,253,253,253,253,253,253,254,252,253,253,253,252,253,253,252,252,253,252,253,253,253,253
238,240,239,239,239,239,240,240,240,241,240,240,241,241,241,240,242,242,243,243,243,243,244,244,244,244,244,245,245,246,246,246,246,246,246,247,247,247,247,247,248,248,248,248,248,248,248,248,248,248,248,248,247,248,247,247,247,246,247,246,245,245,244,244,244,243,242,241,241,241,240,241,240,239,239,239,239,239,237,234,183,141,130,120,113,110,106,103,99,97,97,97,97,96,96,96,98,99,100,101,102,102,103,103,104,104,103,102,103,102,104,105,105,107,107,108,108,109,112,120,133,144,153,162,174,214,238,239,240,240,240,240,241,241,242,242,242,243,244,245,245,246,247,247,248,248,249,250,250,250,251,251,252,252,252,252,252,253,253,252,253,253,254,253,253,253,253,253,253,253,253,253,253,253,253,253,253,253,253,254,253,253,253,254,254,253,253,253,252,253,253,253,253,253,253,253,253,252,252,253
240,240,240,239,239,240,239,239,241,241,240,241,241,242,241,241,241,242,243,243,243,244,244,244,244,244,245,245,244,245,246,246,246,247,247,247,247,247,247,247,248,248,248,248,248,248,248,248,248,248,248,248,248,248,248,247,247,246,246,246,245,245,244,243,243,242,242,241,241,240,239,239,239,239,239,240,238,238,224,165,133,125,112,108,104,103,100,96,96,97,97,97,96,96,97,98,99,99,101,100,101,101,102,102,102,103,103,103,102,102,103,104,104,105,107,107,108,109,109,111,116,128,136,146,154,167,195,229,238,239,240,240,240,240,241,242,242,243,243,244,245,245,246,247,247,248,249,249,249,250,251,252,252,252,252,253,252,253,253,253,252,252,253,253,253,253,253,254,253,253,253,253,253,253,254,253,253,253,253,253,253,253,254,254,254,253,254,253,253,253,253,253,253,254,253,253,253,254,253,254
240,239,239,240,240,240,240,240,241,241,241,241,241,241,242,241,241,241,242,242,244,244,244,244,244,244,244,245,244,245,245,246,246,247,246,247,247,247,247,248,248,248,249,248,248,248,248,248,248,248,248,248,248,248,248,247,247,247,246,245,244,244,244,243,242,242,240,240,240,240,239,239,239,239,239,239,238,214,151,125,120,110,104,103,100,99,97,96,96,96,95,96,96,96,97,98,99,100,101,100,101,102,102,102,102,103,103,103,102,102,103,103,105,105,106,107,108,110,110,110,110,115,125,131,138,149,163,181,221,238,239,239,239,240,241,242,241,242,243,244,244,245,245,247,247,248,249,249,249,250,251,251,252,252,252,253,253,253,253,252,253,253,253,253,253,253,254,254,253,254,253,253,253,254,254,253,253,253,254,254,254,253,254,254,254,253,253,253,253,254,254,254,254,253,253,254,253,254,253,253
240,239,240,239,239,241,240,239,241,240,241,241,241,242,242,242,242,242,242,243,243,243,243,244,244,244,245,245,245,245,246,246,246,246,247,247,248,247,248,247,248,248,248,248,248,249,248,248,248,248,248,248,247,247,247,247,247,246,245,245,244,244,244,242,241,240,240,240,240,240,239,239,239,239,238,237,202,137,124,112,106,104,103,101,98,99,96,97,96,95,95,96,98,97,97,99,99,100,100,100,100,101,102,102,102,102,103,103,103,101,103,102,105,105,107,107,107,109,110,110,110,112,118,122,128,135,142,157,167,205,235,239,239,240,240,241,241,241,242,243,243,245,245,246,247,248,249,249,249,250,250,251,252,252,252,253,253,253,253,253,253,253,254,253,254,254,254,253,254,254,254,254,254,254,254,254,254,254,254,254,254,253,254,254,254,253,254,253,253,254,253,254,254,254,253,254,253,253,253,254
240,239,239,241,240,240,240,240,240,241,240,241,241,242,242,242,241,242,242,242,243,243,244,244,244,244,245,245,245,246,245,246,246,246,247,247,247,247,248,248,248,248,248,248,249,248,249,248,248,247,248,248,248,247,247,247,247,246,245,244,244,243,243,242,241,240,240,239,239,239,239,239,238,238,236,189,128,120,112,108,106,104,102,101,99,98,96,95,95,95,94,96,95,96,98,99,100,100,100,100,100,101,102,102,101,101,102,104,102,102,103,102,104,106,106,107,107,108,109,111,109,110,112,115,119,125,130,137,147,162,191,234,239,238,240,241,241,241,243,243,243,244,245,246,246,247,248,249,249,250,251,251,252,252,252,252,252,253,253,254,253,253,253,254,254,254,253,254,254,254,254,254,254,254,254,254,254,253,254,254,254,254,254,254,255,253,254,254,254,254,254,254,254,253,254,254,253,254,254,254
239,239,239,239,240,241,239,240,241,241,241,241,241,242,242,241,242,242,243,243,243,243,243,245,244,245,245,245,245,245,246,246,246,246,247,247,246,247,247,248,248,248,248,249,249,248,248,248,247,247,247,247,247,247,247,246,245,245,245,243,243,243,242,242,241,240,239,239,239,239,239,238,237,234,173,121,116,111,109,105,105,103,101,99,99,96,94,93,93,93,95,95,95,96,97,98,99,100,99,99,100,100,102,101,102,101,102,104,102,102,102,102,103,105,105,107,106,109,110,111,110,111,111,111,115,118,123,128,132,140,157,178,215,239,240,240,240,240,241,242,243,244,244,246,246,247,248,249,249,249,250,251,251,252,252,253,252,253,253,254,254,254,254,254,254,254,254,254,254,254,254,254,254,254,254,253,253,254,254,254,254,254,255,254,255,254,254,254,254,254,254,254,254,254,254,254,253,255,254,254
239,239,240,240,240,240,240,240,240,241,240,241,241,242,242,241,242,242,243,243,244,244,244,244,244,244,245,245,245,246,246,247,246,246,247,247,247,248,248,248,248,248,248,248,248,248,248,248,248,247,248,248,247,247,247,246,246,245,244,243,243,242,242,241,240,239,239,239,238,239,238,238,225,167,117,111,111,110,105,103,104,102,101,99,99,95,93,93,93,93,93,94,95,97,98,99,98,98,97,99,99,100,102,102,102,102,102,103,101,102,103,103,103,105,105,107,107,107,109,110,110,111,111,111,113,116,118,123,127,131,139,151,173,217,235,237,239,241,240,241,242,243,244,245,245,247,247,248,249,249,251,251,251,252,252,253,252,253,253,253,253,254,254,254,254,254,254,254,254,254,254,254,254,254,254,254,254,253,254,254,254,255,254,255,255,254,255,254,255,254,254,255,254,254,254,254,253,255,254,254
240,240,240,240,240,239,240,240,241,240,241,240,241,242,242,241,242,242,243,243,244,244,244,244,245,245,245,245,246,246,246,246,246,246,247,247,247,247,248,248,248,248,249,248,248,248,248,248,247,248,247,247,247,247,246,246,246,244,244,243,242,242,241,240,239,239,239,239,238,238,238,229,158,118,113,113,110,108,104,103,103,100,100,99,98,96,93,92,91,92,92,94,96,95,96,97,97,97,97,98,100,101,102,102,103,104,103,102,100,100,101,104,105,104,104,106,106,107,108,109,108,109,110,111,112,113,114,118,124,127,130,137,148,157,200,233,237,239,240,241,242,242,244,244,244,245,246,247,249,249,250,250,251,252,252,252,252,253,253,254,254,254,254,254,254,254,255,254,254,254,254,254,254,254,254,254,253,254,254,254,254,254,254,255,254,254,254,254,254,255,255,255,255,255,255,255,254,254,255,254
240,240,240,241,241,240,241,240,241,241,241,241,241,241,243,242,243,243,243,243,244,244,244,244,245,244,245,245,245,245,245,247,246,247,247,247,248,248,248,248,249,248,249,248,248,248,247,248,248,247,247,247,247,247,246,246,245,244,244,243,243,241,241,240,239,239,239,238,238,238,228,157,119,114,113,111,108,107,104,103,101,100,99,99,97,93,90,90,91,91,92,93,95,96,96,96,98,97,99,101,100,102,102,102,103,103,104,103,100,101,101,103,105,104,103,105,105,106,107,107,109,109,110,111,112,112,113,117,121,124,128,133,135,142,146,194,232,236,239,241,242,242,243,244,244,245,246,247,248,249,250,250,251,252,252,252,253,253,253,253,254,254,254,254,254,254,254,254,254,254,254,255,254,254,255,255,254,254,254,254,255,255,255,255,255,254,254,255,255,255,254,255,254,255,254,254,255,255,255,254
240,240,240,240,241,241,241,241,241,241,241,241,241,242,242,242,243,243,243,243,244,244,244,245,245,244,245,245,245,245,245,246,247,247,246,247,247,248,248,248,249,249,249,248,249,248,248,247,247,247,247,247,246,246,246,246,244,244,243,242,242,241,240,240,239,239,239,238,238,230,155,121,115,113,111,110,107,106,103,102,102,101,98,98,97,92,92,92,92,93,93,94,96,97,97,96,98,97,97,97,100,101,101,103,103,103,104,103,104,102,102,103,105,105,104,104,106,106,107,106,109,109,110,111,111,112,114,116,118,120,124,129,132,135,135,140,185,217,233,241,241,240,241,243,243,244,245,247,248,249,250,250,251,251,252,252,253,253,253,253,254,254,254,255,255,254,254,254,254,254,254,254,254,254,255,254,254,254,254,254,255,255,255,255,255,255,255,254,254,255,255,254,254,255,254,254,255,255,255,254
240,240,240,241,241,241,241,241,241,241,241,241,241,242,243,243,242,243,243,244,244,244,244,245,245,245,246,246,245,246,246,246,246,247,247,248,248,248,248,248,248,249,249,248,248,248,248,248,247,247,247,246,246,246,245,244,244,243,243,242,241,240,240,239,238,238,238,238,229,161,121,117,114,112,111,109,107,105,103,102,102,101,99,98,98,96,95,96,96,98,98,98,98,98,98,98,98,98,98,97,99,101,101,101,103,103,103,103,104,102,101,101,104,105,104,104,106,105,107,107,108,109,110,111,112,113,115,117,117,120,123,127,130,130,133,130,137,160,198,231,237,240,241,242,243,244,245,247,247,249,249,250,250,251,251,252,253,253,254,255,254,255,255,254,255,254,255,254,254,255,254,254,254,254,255,255,255,254,255,255,255,255,255,254,255,254,255,255,254,254,255,255,255,255,254,254,254,254,255,255
241,240,240,241,242,241,242,240,241,241,241,242,242,243,243,243,243,243,243,244,244,244,245,244,245,245,246,246,246,246,246,247,246,247,247,248,248,248,248,248,249,249,249,249,248,248,248,248,248,247,248,246,246,246,246,245,244,244,243,241,241,240,240,239,239,238,238,230,163,121,117,114,113,112,110,109,107,106,104,103,101,101,99,99,99,99,99,100,100,102,102,100,99,99,100,99,100,99,97,99,100,101,100,101,101,102,103,102,104,101,101,101,104,105,104,105,106,105,106,107,108,109,110,111,113,112,115,115,117,120,122,126,127,129,130,130,128,135,160,198,224,240,241,241,242,243,245,246,247,248,249,250,250,251,252,252,253,253,253,254,254,254,255,255,254,254,255,255,254,255,254,255,254,255,255,255,255,255,255,255,255,255,255,255,255,255,255,255,255,255,255,255,255,255,255,255,255,255,255,254
240,241,241,241,242,241,241,242,241,241,242,242,242,243,242,243,243,243,243,244,244,244,245,245,245,245,246,246,245,246,247,247,246,248,248,248,248,248,248,248,249,250,249,248,248,248,248,247,248,247,246,246,246,246,245,245,243,243,242,240,240,239,240,239,238,237,229,165,122,116,115,113,112,111,110,109,107,105,105,103,103,102,102,100,100,101,102,102,103,104,101,100,98,101,100,100,101,100,100,99,100,102,102,101,101,102,103,102,101,100,100,100,105,105,104,104,104,105,107,107,108,109,110,111,112,113,113,114,117,118,121,125,127,130,128,129,130,130,139,144,190,222,238,240,241,242,244,245,246,247,248,250,250,251,252,252,253,253,254,254,254,254,255,254,255,255,255,255,255,255,255,254,255,255,255,255,255,255,255,255,255,255,255,255,255,255,255,255,255,255,255,255,255,255,255,255,255,255,255,255
241,241,241,242,241,242,241,242,241,241,241,242,243,243,243,243,243,243,243,244,245,245,245,245,245,245,246,246,246,247,247,247,247,247,247,248,248,249,248,248,249,249,249,249,249,248,248,248,248,247,247,246,246,246,245,244,243,243,241,240,239,239,238,237,237,225,171,126,118,115,114,112,111,110,109,108,107,106,107,104,103,103,102,103,102,101,101,101,101,101,102,101,100,102,102,103,101,100,98,99,101,102,102,103,105,104,104,103,103,104,103,101,104,104,105,106,106,107,107,107,108,109,110,111,112,112,113,115,116,119,121,123,125,128,129,129,130,130,131,137,133,182,225,238,240,241,242,245,245,247,248,248,249,251,251,252,253,253,254,254,255,255,255,255,255,255,255,255,255,255,255,255,255,255,255,255,255,255,255,255,255,255,255,255,255,255,255,255,255,255,255,255,255,255,254,255,255,255,255,255
241,241,241,242,242,241,242,242,242,242,242,242,242,243,244,244,243,244,244,245,244,245,245,245,245,245,246,246,246,247,247,247,247,248,247,248,248,248,248,248,248,249,249,249,249,248,247,248,247,247,247,246,246,245,244,244,243,242,241,240,239,239,239,237,230,181,129,121,116,115,113,110,109,109,109,108,107,106,106,105,104,105,105,106,103,101,99,101,103,105,105,104,103,104,102,104,103,102,100,100,103,103,104,103,104,106,105,105,107,107,105,102,104,105,107,107,107,107,109,109,110,111,111,111,113,111,113,115,117,118,120,123,125,126,129,130,128,129,128,128,140,123,173,213,237,240,242,244,245,246,248,247,249,250,251,253,253,253,253,254,255,255,255,255,255,255,255,255,255,255,255,255,255,255,255,255,255,255,255,255,255,255,255,255,255,255,255,255,255,255,255,255,255,255,255,255,255,255,255,255
241,242,241,242,242,242,242,242,242,243,242,242,243,243,243,244,244,244,244,244,245,245,245,245,245,246,246,246,246,247,247,247,247,248,247,248,248,249,249,248,249,248,249,249,249,249,248,248,248,246,246,246,246,245,245,243,242,241,240,239,239,238,238,233,190,131,121,117,116,115,112,110,108,108,108,109,109,108,109,107,104,105,106,107,105,103,100,104,107,107,108,107,107,107,105,106,104,103,102,103,105,103,104,104,107,106,105,105,107,107,106,105,106,107,109,107,108,109,110,110,113,113,113,112,114,113,114,116,118,119,119,122,124,125,127,128,127,127,126,125,129,134,122,176,221,236,241,244,245,246,247,248,249,250,251,252,253,253,253,254,255,255,255,255,255,255,255,255,255,255,255,255,255,255,255,255,255,255,255,255,255,255,255,255,255,255,255,255,255,255,255,255,255,255,255,255,255,255,255,255
241,242,242,242,242,242,242,242,242,242,243,243,243,243,242,244,244,244,244,245,245,245,246,246,246,246,246,246,246,247,247,247,248,248,248,248,248,248,248,249,249,249,249,249,249,248,248,248,247,247,246,246,245,245,244,243,241,240,239,238,237,237,234,209,138,121,117,115,116,114,111,108,108,108,109,109,109,109,109,108,107,107,108,107,109,108,108,110,108,109,109,109,109,108,107,107,104,104,103,103,104,105,104,105,107,108,108,106,104,105,107,106,107,109,109,110,110,110,110,112,113,115,115,114,114,115,116,117,119,121,121,122,122,124,125,126,126,126,125,125,125,131,130,108,186,219,239,243,244,245,247,248,249,250,251,252,253,254,253,255,254,254,255,255,255,255,255,255,255,255,255,255,255,255,255,255,255,255,255,255,255,255,255,255,255,255,255,255,255,255,255,255,255,255,255,255,255,255,255,255
242,242,242,242,242,243,243,242,243,242,243,243,243,244,244,245,244,244,244,245,245,245,245,246,246,246,246,246,246,247,247,247,247,248,248,248,248,249,248,249,250,249,249,250,249,249,248,248,247,247,246,246,245,244,243,242,241,241,238,238,236,229,204,147,124,118,115,113,114,113,111,109,108,109,109,109,109,110,111,110,109,109,111,110,110,111,112,110,110,108,109,110,110,109,107,106,105,106,106,105,105,104,104,108,109,110,110,107,103,104,107,106,107,110,109,109,110,111,110,112,113,114,115,115,113,115,118,120,122,123,125,124,124,125,125,126,127,126,125,126,125,127,130,120,118,202,238,241,242,243,246,248,248,249,251,251,253,254,253,254,255,255,255,255,255,255,255,255,255,255,255,255,255,255,255,255,255,255,255,255,255,255,255,255,255,255,255,255,255,255,255,255,255,255,255,255,255,255,255,255
242,242,242,243,242,242,243,242,243,243,243,243,244,243,244,244,244,244,245,245,245,246,246,246,246,246,246,246,247,247,248,247,248,248,248,249,248,248,249,249,250,250,250,250,249,249,249,248,248,247,247,246,246,244,243,242,241,240,239,238,237,213,157,126,119,118,116,114,111,110,109,109,109,109,108,111,110,113,112,112,112,112,113,114,112,113,112,112,112,112,111,110,111,111,111,109,107,107,105,105,106,104,104,109,110,111,114,108,108,110,110,109,110,112,110,109,111,111,111,113,113,115,116,114,115,117,118,121,123,123,126,125,126,126,126,126,128,127,125,126,126,125,125,129,113,141,220,236,240,243,246,247,247,249,250,252,253,254,254,254,255,255,255,255,255,255,255,255,255,255,255,255,255,255,255,255,255,255,255,255,255,255,255,255,255,255,255,255,255,255,255,255,255,255,255,255,255,255,255,255
243,243,243,243,242,243,243,243,243,243,243,243,244,244,244,244,244,245,245,245,245,246,246,246,246,246,247,247,247,248,248,248,248,248,248,248,249,249,249,249,250,250,250,250,250,249,249,248,247,247,247,246,244,245,244,242,241,240,238,237,223,170,126,120,117,115,115,112,109,108,109,108,109,110,108,110,111,114,113,112,114,113,115,113,114,116,118,117,116,115,116,115,114,114,112,111,109,106,107,108,109,106,108,109,111,114,120,113,115,114,113,112,114,113,112,111,110,110,111,114,114,115,117,116,118,119,121,123,127,127,126,128,126,126,125,125,127,125,126,127,126,125,125,124,128,97,169,230,235,244,245,247,248,250,251,251,252,253,254,255,255,255,255,255,255,255,255,255,255,255,255,255,255,255,255,255,255,255,255,255,255,255,255,255,255,255,255,255,255,255,255,255,255,255,255,255,255,255,255,255
243,243,243,243,243,243,243,243,243,243,243,243,243,244,244,244,245,245,245,245,245,246,246,247,246,246,247,247,247,248,248,248,248,248,249,249,248,249,249,250,250,250,250,250,249,249,249,248,248,247,247,246,245,244,244,242,240,240,239,233,169,121,123,119,114,113,113,111,110,107,108,108,110,111,109,111,114,115,114,113,117,117,115,114,115,116,117,119,118,117,117,117,117,118,114,114,109,108,109,112,110,108,109,110,113,115,125,120,116,114,122,114,113,114,113,114,115,114,115,115,117,117,119,120,123,123,123,122,128,130,129,129,127,127,125,124,125,124,125,128,127,126,125,125,126,123,108,186,234,244,244,246,247,248,250,251,252,254,254,254,255,255,255,255,255,255,255,255,255,255,255,255,255,255,255,255,255,255,255,255,255,255,255,255,255,255,255,255,255,255,255,255,255,255,255,255,255,255,255,255
243,244,243,243,243,243,244,243,244,244,244,244,244,244,245,245,244,245,245,245,245,246,246,246,247,246,247,247,247,248,248,249,248,249,249,250,249,249,250,250,250,250,250,250,250,249,249,248,248,247,247,246,245,244,244,241,240,239,230,201,130,124,119,115,112,112,111,112,108,106,108,109,112,112,110,111,114,113,116,115,117,120,117,120,120,119,118,122,118,118,120,120,119,120,121,121,119,117,112,112,115,113,113,115,116,120,127,124,122,114,111,111,116,115,112,114,114,119,128,121,122,122,120,120,123,122,127,128,132,133,131,130,130,129,126,125,125,125,126,126,126,126,127,126,126,130,110,129,220,240,239,242,245,248,249,249,251,253,254,254,255,255,255,255,255,255,255,255,255,255,255,255,255,255,255,255,255,255,255,255,255,255,255,255,255,255,255,255,255,255,255,255,255,255,255,255,255,255,255,255
244,243,244,243,243,243,244,244,244,244,243,244,245,244,245,245,245,244,245,246,245,246,246,246,247,247,247,247,248,248,248,249,249,249,249,249,249,249,249,249,250,250,250,251,250,250,249,249,247,247,246,246,244,244,244,241,240,237,195,146,123,124,118,113,111,110,110,111,108,106,108,111,112,113,112,110,111,115,116,115,115,121,114,122,118,118,117,122,119,122,123,121,122,121,121,121,119,116,113,118,119,116,117,123,122,120,126,126,122,115,113,117,116,114,114,116,118,120,124,132,133,126,123,122,123,123,125,125,127,132,129,130,131,130,127,126,126,126,126,126,126,126,128,127,127,125,130,98,158,220,237,241,244,245,248,250,251,252,253,254,255,255,255,255,255,255,255,255,255,255,255,255,255,255,255,255,255,255,255,255,255,255,255,255,255,255,255,255,255,255,255,255,255,255,255,255,255,255,255,255
244,244,244,245,243,244,244,244,244,245,245,245,244,245,245,245,244,245,245,246,246,246,247,247,247,247,247,248,248,248,248,249,249,249,249,250,250,250,250,250,251,250,250,251,251,250,249,248,248,247,247,245,245,244,243,241,240,234,184,120,124,122,117,112,110,108,109,110,108,107,108,109,111,112,111,109,109,113,115,115,116,119,118,126,121,118,118,121,118,119,113,120,119,121,119,122,120,119,118,118,117,114,116,123,121,122,123,124,122,119,120,124,122,116,118,122,122,122,130,138,137,130,126,124,123,123,125,125,132,131,129,128,130,132,129,127,127,127,127,128,128,128,129,127,126,125,129,119,97,204,235,239,243,245,247,249,250,252,253,253,255,255,255,255,255,255,255,255,255,255,255,255,255,255,255,255,255,255,255,255,255,255,255,255,255,255,255,255,255,255,255,255,255,255,255,255,255,255,255,255
244,244,244,244,245,244,244,244,245,245,245,245,245,245,245,245,245,245,246,247,247,246,247,247,247,247,248,248,248,249,249,250,249,249,249,249,250,250,250,250,251,251,250,251,250,250,250,249,248,247,246,246,245,244,242,240,238,215,142,122,123,117,115,111,110,107,108,108,108,108,110,110,114,115,112,109,111,112,114,114,114,118,121,124,118,118,119,118,119,111,108,120,121,122,122,123,125,123,127,120,118,118,116,118,117,120,124,120,125,126,124,126,123,121,120,130,130,131,132,134,134,134,133,127,123,123,126,126,130,130,127,127,129,131,129,128,128,128,129,128,129,128,128,129,128,128,128,131,103,146,228,239,241,244,245,248,249,250,252,253,254,255,255,255,255,255,255,255,255,255,255,255,255,255,255,255,255,255,255,255,255,255,255,255,255,255,255,255,255,255,255,255,255,255,255,255,255,255,255,255
244,244,244,244,244,245,245,245,245,245,244,245,245,246,245,246,246,246,246,247,246,247,247,247,248,247,248,248,249,249,250,250,250,250,250,250,250,250,250,250,251,251,250,250,250,249,249,248,248,247,246,246,243,243,241,239,237,181,111,123,121,115,113,111,108,107,106,107,110,110,112,110,114,114,112,111,111,113,115,117,117,120,121,123,122,118,121,122,120,119,125,123,125,124,124,126,125,124,128,123,122,122,119,117,118,119,118,117,122,126,128,127,123,121,118,123,130,135,135,136,133,126,126,128,123,123,127,126,131,127,128,127,129,130,126,126,127,127,132,130,131,131,131,133,130,131,131,130,122,102,201,236,239,241,244,247,248,250,251,252,254,255,255,255,255,255,255,255,255,255,255,255,255,255,255,255,255,255,255,255,255,255,255,255,255,255,255,255,255,255,255,255,255,255,255,255,255,255,255,255
244,244,244,244,245,245,245,245,245,245,245,246,245,245,246,246,246,246,246,247,247,247,247,247,247,248,248,249,249,249,249,249,251,250,250,250,250,251,250,251,251,251,251,250,250,249,249,248,248,246,245,245,243,242,240,236,216,128,116,122,115,114,112,110,108,107,107,107,113,112,114,113,119,121,112,111,111,113,114,118,118,121,120,122,125,119,122,120,121,124,125,125,125,126,127,128,124,125,129,126,126,123,122,118,122,120,123,125,125,124,127,127,125,119,118,129,122,131,130,130,123,121,116,122,123,119,124,125,126,126,127,128,128,128,124,124,124,127,127,138,132,134,133,134,132,134,133,133,131,109,131,221,238,240,242,245,246,248,250,252,254,255,255,255,255,255,255,255,255,255,255,255,255,255,255,255,255,255,255,255,255,255,255,255,255,255,255,255,255,255,255,255,255,255,255,255,255,255,255,255
245,244,244,245,245,246,244,245,245,245,245,246,245,246,246,246,246,246,247,247,247,247,247,248,247,248,248,249,249,249,249,250,250,250,250,250,251,251,250,251,251,251,251,251,251,250,249,248,247,247,245,244,243,242,238,224,177,110,119,118,113,112,111,110,108,107,106,106,112,113,111,110,115,117,110,111,112,114,116,117,119,119,120,122,125,119,119,119,120,121,124,125,125,123,126,129,123,126,131,127,125,123,123,120,125,123,123,123,122,123,122,124,119,117,116,119,120,121,130,122,120,124,119,126,124,121,122,124,125,130,127,127,126,127,129,130,127,128,127,128,138,138,137,136,135,134,135,133,130,127,91,177,235,237,239,243,244,246,249,251,252,254,255,255,255,255,255,255,255,255,255,255,255,255,255,255,255,255,255,255,255,255,255,255,255,255,255,255,255,255,255,255,255,255,255,255,255,255,255,255
245,245,245,245,246,245,245,245,245,246,245,246,246,246,247,246,247,247,247,247,247,247,248,248,248,248,249,249,249,249,249,250,250,251,251,251,251,251,251,251,251,252,252,251,250,249,248,248,247,246,246,244,244,242,239,211,119,114,120,116,113,111,111,110,108,107,107,106,107,106,108,108,110,112,109,110,111,114,115,115,117,117,117,120,121,120,119,120,119,124,125,127,132,133,134,134,128,130,130,126,127,123,122,121,121,123,122,120,117,120,118,112,110,107,115,117,112,112,116,117,127,129,132,137,128,120,123,126,131,128,128,127,126,125,127,128,128,128,133,141,142,140,140,138,137,136,136,135,132,131,113,132,229,235,235,240,242,244,249,249,251,253,255,255,255,255,255,255,255,255,255,255,255,255,255,255,255,255,255,255,255,255,255,255,255,255,255,255,255,255,255,255,255,255,255,255,255,255,255,255
245,245,245,245,245,245,245,246,246,246,245,246,246,246,246,247,247,247,247,247,247,248,248,248,249,249,249,249,249,250,250,250,251,251,251,251,251,252,252,252,252,252,252,252,251,250,249,248,247,246,245,245,243,242,235,163,106,117,118,116,112,112,111,109,107,107,107,107,106,106,107,107,108,108,107,106,110,114,116,117,116,116,117,118,117,118,118,120,119,123,126,125,128,127,130,130,131,128,128,123,122,119,118,116,115,116,116,118,116,114,115,104,110,112,115,116,114,113,118,121,120,126,125,123,124,127,124,126,127,126,130,132,130,127,127,125,124,129,133,141,140,140,143,142,140,138,137,137,133,129,125,100,200,227,238,240,242,243,248,249,251,252,253,255,255,255,255,255,255,255,255,255,255,255,255,255,255,255,255,255,255,255,255,255,255,255,255,255,255,255,255,255,255,255,255,255,255,255,255,255
245,245,245,245,245,245,245,246,246,246,246,247,247,246,247,247,247,247,247,248,248,248,248,248,249,249,249,249,250,250,250,250,252,252,251,251,252,252,252,252,253,252,251,251,251,250,248,248,247,246,245,244,243,242,230,130,109,118,118,115,113,111,109,108,107,105,105,105,106,106,107,107,106,105,105,105,108,112,115,115,116,115,117,115,115,118,115,117,115,121,122,124,125,127,127,124,130,126,124,118,114,117,117,117,117,117,116,116,115,111,110,106,109,113,114,112,117,114,113,118,121,122,115,115,123,126,127,128,125,127,128,139,134,130,124,123,127,130,136,135,137,141,145,143,141,141,138,139,135,128,124,105,147,220,231,239,240,242,245,247,249,250,252,253,254,254,255,255,255,255,255,255,255,255,255,255,255,255,255,255,255,255,255,255,255,255,255,255,255,255,255,255,255,255,255,255,255,255,255,255
246,246,245,246,246,246,245,246,246,246,246,246,247,246,247,247,247,248,248,248,248,248,249,249,249,249,249,250,250,250,251,250,251,251,252,252,252,252,252,252,252,253,252,251,250,249,249,248,247,246,245,245,243,238,193,104,111,116,117,114,112,110,109,108,106,106,106,105,105,106,106,106,105,104,105,107,110,112,115,115,116,119,121,115,112,111,114,114,115,119,121,120,125,125,122,133,132,129,123,124,115,115,118,115,113,115,114,114,111,110,110,114,108,113,114,114,112,111,114,116,115,113,113,121,124,127,132,132,134,125,133,141,140,130,124,127,129,128,131,133,137,139,146,141,140,141,141,141,138,129,125,118,109,195,231,237,238,241,244,246,248,250,251,252,252,253,255,255,255,255,255,255,255,255,255,255,255,255,255,255,255,255,255,255,255,255,255,255,255,255,255,255,255,255,255,255,255,255,255,255
246,246,246,246,246,246,246,247,247,247,247,247,247,247,247,248,248,248,248,248,248,249,249,250,250,250,250,249,250,251,250,251,251,251,252,252,253,252,252,252,252,252,252,251,250,250,248,248,247,246,246,245,243,236,143,101,114,116,116,114,111,109,109,108,106,105,105,106,107,105,104,103,104,104,105,106,111,109,114,118,118,118,117,117,115,112,114,114,115,120,120,119,125,125,124,127,125,120,120,123,117,116,120,115,113,113,113,110,111,121,120,111,110,112,120,116,116,113,113,112,112,112,114,120,121,122,139,131,125,127,132,137,129,127,132,131,129,125,130,135,138,140,146,144,141,140,142,142,140,134,125,125,103,143,225,236,238,240,243,244,248,250,250,252,252,253,254,255,255,255,255,255,255,255,255,255,255,255,255,255,255,255,255,255,255,255,255,255,255,255,255,255,255,255,255,255,255,255,255,255
246,246,246,247,247,247,247,247,247,247,247,247,246,247,247,248,248,248,248,248,249,249,249,250,250,250,250,251,250,251,251,251,251,252,252,252,252,252,253,252,253,253,252,251,250,250,249,248,247,246,246,245,243,220,115,104,113,115,115,113,111,109,108,108,106,105,106,105,106,106,104,103,104,105,107,109,113,114,116,116,121,121,119,114,111,112,113,115,117,119,120,116,119,119,120,121,120,119,128,122,123,122,129,122,121,119,113,111,114,118,119,110,106,112,123,114,118,111,109,114,117,111,113,115,118,122,132,131,129,127,131,128,129,129,127,125,129,124,126,134,140,140,142,142,140,140,144,143,143,136,126,122,108,95,214,236,238,241,242,244,247,249,250,251,251,252,253,254,255,255,255,255,255,255,255,255,255,255,255,255,255,255,255,255,255,255,255,255,255,255,255,255,255,255,255,255,255,255,255,255
247,247,247,247,248,247,248,247,248,248,248,247,247,247,248,248,248,248,248,248,249,249,249,250,250,250,250,251,251,251,251,251,252,252,252,253,253,253,252,253,253,253,252,252,250,249,249,248,247,246,246,245,240,185,103,106,113,115,114,113,110,109,108,108,107,104,106,105,106,106,104,104,105,104,108,111,113,115,117,119,123,121,120,115,116,114,114,115,117,114,116,116,118,119,119,120,121,119,124,121,121,124,130,127,125,121,117,112,111,113,111,105,107,111,121,115,117,109,109,118,118,113,114,115,119,124,130,126,119,124,126,123,119,122,121,122,129,131,131,136,142,142,142,140,141,143,141,146,147,138,126,121,119,97,209,237,238,240,242,243,246,248,249,250,250,251,253,253,255,255,255,255,255,255,255,255,255,255,255,255,255,255,255,255,255,255,255,255,255,255,255,255,255,255,255,255,255,255,255,255
247,247,247,247,248,248,248,248,248,248,247,248,248,248,248,248,248,248,249,249,249,249,250,250,251,251,251,251,251,251,251,252,252,252,253,253,253,253,253,253,253,253,252,252,251,250,249,248,247,246,245,244,236,154,98,106,114,115,114,112,110,108,108,107,106,104,104,104,106,105,103,103,106,108,109,112,112,114,120,119,121,121,120,117,117,114,115,116,119,114,115,113,113,118,118,117,119,120,122,122,123,125,124,124,123,119,115,112,110,110,109,107,110,112,118,109,107,109,116,115,113,115,116,117,120,121,122,119,126,125,126,125,125,125,124,123,128,127,130,135,139,141,143,138,139,141,143,146,150,143,133,124,125,100,206,232,239,239,241,243,245,247,248,249,250,251,252,252,253,254,255,255,255,255,255,255,255,255,255,255,255,255,255,255,255,255,255,255,255,255,255,255,255,255,255,255,255,255,255,255
248,248,248,247,248,248,248,248,248,248,248,248,249,248,248,248,248,248,249,249,250,250,250,250,251,251,251,251,251,252,252,252,252,252,252,253,253,253,253,254,253,253,252,252,251,250,249,248,247,246,245,243,233,121,101,109,114,114,114,112,110,107,107,106,105,104,104,105,105,105,104,104,106,108,111,114,114,115,118,114,118,122,122,121,119,117,118,121,118,117,116,115,114,118,118,118,121,122,118,123,126,124,122,122,120,118,115,113,111,115,111,114,117,116,116,110,107,108,116,116,115,117,118,123,124,122,122,120,128,129,126,126,123,133,131,130,129,129,130,134,138,140,147,143,136,139,141,146,148,144,137,124,131,106,187,233,236,238,241,242,244,246,247,248,249,250,250,252,252,254,254,255,255,255,255,255,255,255,255,255,255,255,255,255,255,255,255,255,255,255,255,255,255,255,255,255,255,255,255,255
248,248,248,248,248,248,248,248,248,248,248,248,249,249,248,248,248,248,249,250,250,250,250,251,251,251,251,252,251,253,252,253,253,253,253,253,254,254,254,254,253,253,253,252,252,250,249,248,247,245,244,242,211,106,107,113,113,113,113,111,109,107,106,105,105,104,104,105,106,105,104,104,106,106,110,115,119,117,116,101,117,123,125,126,122,119,118,117,117,116,114,115,114,117,117,116,117,122,120,124,122,124,123,123,119,118,117,113,113,114,119,124,121,121,119,116,115,115,120,117,116,116,125,121,122,123,122,121,119,123,126,126,126,131,133,132,133,132,130,133,139,138,138,142,145,141,140,145,148,146,142,131,129,104,147,231,233,237,239,242,244,245,247,249,249,250,251,251,252,254,253,255,255,255,255,255,255,255,255,255,255,255,255,255,255,255,255,255,255,255,255,255,255,255,255,255,255,255,255,255
248,248,248,248,249,248,248,248,249,249,248,248,249,249,249,248,248,248,249,250,250,250,251,251,251,251,252,252,252,252,252,252,253,253,253,254,254,254,254,254,253,254,253,253,251,250,249,248,247,246,244,238,181,97,110,114,112,113,112,111,109,107,105,105,105,105,105,106,106,106,105,104,104,104,106,113,113,116,117,118,124,128,128,127,121,117,117,119,122,122,115,114,110,123,123,124,118,115,119,124,123,124,123,124,124,120,118,119,120,121,123,125,121,123,123,122,119,119,118,119,117,117,121,119,123,122,119,121,118,120,124,126,130,129,133,137,138,137,132,133,137,142,147,144,150,142,141,145,150,147,144,141,129,110,129,217,231,234,237,240,243,245,247,249,249,250,251,251,252,253,253,254,255,255,255,255,255,255,255,255,255,255,255,255,255,255,255,255,255,255,255,255,255,255,255,255,255,255,255,255
248,248,248,248,249,248,248,249,249,249,249,250,249,249,249,249,249,249,249,250,250,250,251,251,251,252,252,253,253,252,253,253,253,253,253,254,254,254,254,254,254,254,254,252,252,250,249,248,247,246,245,233,160,97,116,115,114,114,113,111,109,107,107,106,106,106,107,108,107,106,104,104,104,104,105,107,110,113,113,120,124,127,128,125,125,119,118,123,124,125,120,118,114,115,118,116,117,118,118,119,117,120,120,122,124,123,123,123,127,128,125,121,121,126,125,123,118,117,114,121,120,121,119,120,122,121,121,119,118,120,124,126,133,132,134,142,140,137,135,137,134,137,139,143,147,146,145,148,148,151,147,146,144,131,111,216,230,231,235,238,241,244,246,247,248,250,251,251,252,253,253,254,255,255,255,255,255,255,255,255,255,255,255,255,255,255,255,255,255,255,255,255,255,255,255,255,255,255,255,255
248,248,249,249,249,248,248,248,249,249,249,249,249,249,249,248,249,249,250,250,250,251,251,251,252,252,252,252,252,252,253,253,253,254,253,254,255,255,255,254,254,254,253,252,251,250,249,248,247,246,245,237,159,105,115,115,115,115,113,111,109,108,106,105,106,106,107,108,108,108,108,106,108,108,110,112,113,113,116,121,124,124,124,126,126,121,119,125,127,130,126,117,118,116,118,120,120,118,116,115,115,116,117,120,119,124,129,131,128,126,123,121,121,123,126,122,118,117,116,120,120,121,120,122,124,119,117,120,121,124,127,129,132,134,135,147,144,138,135,134,135,135,136,141,144,148,149,151,150,152,150,149,149,132,101,200,225,228,234,237,240,243,246,246,247,248,250,251,251,253,253,254,255,255,255,255,255,255,255,255,255,255,255,255,255,255,255,255,255,255,255,255,255,255,255,255,255,255,255,255
249,249,249,249,249,249,249,249,250,250,249,249,249,250,250,249,249,249,250,250,251,251,251,252,251,252,252,253,253,253,253,253,254,254,254,255,255,255,255,255,255,255,254,253,251,250,249,247,247,246,244,236,142,111,120,115,113,114,114,109,108,107,104,105,107,108,109,110,110,110,111,111,113,113,117,119,120,121,122,123,125,126,124,124,129,125,126,132,133,132,130,121,118,119,117,121,123,120,118,120,114,117,116,119,118,121,121,127,126,125,121,122,120,120,118,119,118,116,117,117,118,119,121,128,127,123,121,122,121,125,127,132,134,135,136,150,144,135,136,134,132,132,135,138,143,147,150,152,154,154,152,152,151,132,99,197,225,229,233,237,239,241,244,245,246,248,250,251,251,252,253,253,253,255,255,255,255,255,255,255,255,255,255,255,255,255,255,255,255,255,255,255,255,255,255,255,255,255,255,255
249,249,249,249,248,249,249,249,249,249,249,250,250,250,249,248,248,251,251,251,251,252,252,252,253,253,253,253,254,253,253,254,254,255,254,255,255,255,255,255,255,255,254,253,252,250,249,248,247,245,245,232,126,115,117,115,114,114,113,108,107,105,104,104,106,109,111,111,111,113,113,114,114,115,117,119,121,122,125,129,128,125,122,121,126,130,134,138,131,130,131,126,121,119,117,126,124,120,125,126,114,118,120,120,121,121,120,120,120,122,120,119,123,121,116,116,116,118,119,118,117,119,120,124,122,123,122,124,127,125,135,134,136,135,137,133,138,132,126,128,130,136,136,135,140,142,146,152,156,156,155,154,154,137,94,201,225,228,230,234,235,237,241,243,245,247,249,250,251,252,253,253,254,255,255,255,255,255,255,255,255,255,255,255,255,255,255,255,255,255,255,255,255,255,255,255,255,255,255,255
249,249,250,249,249,249,249,249,249,250,250,250,250,250,249,248,249,250,252,252,252,252,252,252,253,253,253,254,254,254,254,254,254,255,255,255,255,255,255,255,255,255,254,254,252,251,249,248,246,245,244,242,134,119,120,116,114,115,113,108,106,104,103,102,106,108,110,111,110,112,111,111,113,115,116,120,120,121,120,125,124,124,123,119,123,129,132,130,132,132,132,133,126,123,123,128,116,100,113,122,115,113,120,124,123,124,120,120,122,116,117,122,123,122,120,123,119,120,121,123,119,120,120,121,123,123,121,123,123,132,134,141,137,143,137,135,142,138,128,124,122,128,139,135,136,141,143,150,156,157,157,155,155,140,92,177,222,226,229,232,235,238,240,242,244,246,248,250,251,251,252,252,253,254,255,255,255,255,255,255,255,255,255,255,255,255,255,255,255,255,255,255,255,255,255,255,255,255,255,255
249,250,250,249,249,250,250,250,250,250,250,251,251,251,251,250,251,251,252,252,252,252,252,253,253,254,254,254,254,254,254,254,255,255,255,255,255,255,255,255,255,255,255,254,252,251,249,248,247,245,243,232,131,120,121,116,114,115,112,107,105,103,100,98,104,104,104,103,105,106,103,107,108,112,115,117,120,119,118,124,123,125,121,121,121,129,127,127,128,130,142,138,128,125,128,127,124,117,121,121,121,114,122,129,122,125,125,124,128,121,120,130,126,123,120,117,118,123,125,123,123,122,122,124,124,123,123,123,127,133,135,134,133,135,137,138,134,131,127,115,131,130,127,134,136,138,142,147,155,158,158,157,156,146,97,180,217,226,228,231,234,236,238,241,243,245,247,249,250,252,251,251,253,254,254,255,255,255,255,255,255,255,255,255,255,255,255,255,255,255,255,255,255,255,255,255,255,255,255,255
249,249,250,249,250,250,250,250,250,251,251,251,251,251,251,251,251,252,252,252,252,253,253,253,253,254,254,255,254,254,254,255,255,255,255,255,255,255,255,255,255,255,255,254,253,252,250,248,248,245,244,213,115,121,120,116,117,116,110,106,104,99,98,95,96,95,98,99,99,99,95,100,102,110,111,112,117,118,119,122,125,124,122,125,128,133,131,131,134,135,142,135,131,126,128,132,132,123,123,121,124,122,123,130,127,124,124,126,131,128,126,129,128,127,126,124,127,127,125,124,123,122,122,126,124,123,122,126,131,121,134,135,129,139,127,134,128,123,126,124,130,129,131,137,138,138,142,148,154,159,158,157,156,146,110,194,218,224,227,229,232,235,237,240,242,244,246,248,250,251,251,251,252,254,254,255,255,255,255,255,255,255,255,255,255,255,255,255,255,255,255,255,255,255,255,255,255,255,255,255
249,250,250,250,250,250,250,251,251,251,251,251,251,251,252,252,252,252,252,253,253,253,253,254,254,255,254,255,255,255,255,255,255,255,255,255,255,255,255,255,255,255,255,254,253,252,249,249,248,245,243,210,124,120,118,117,120,115,109,105,100,96,91,92,95,97,97,95,95,95,95,98,101,107,110,110,113,116,114,118,120,122,123,128,133,135,137,143,144,144,142,137,133,130,126,128,131,127,125,125,126,123,121,130,126,125,132,128,129,133,134,131,133,132,133,135,135,138,131,127,125,123,123,126,125,127,123,132,137,124,130,133,126,128,131,127,123,121,119,116,132,138,136,135,137,141,142,147,153,158,157,157,156,147,109,186,218,223,226,229,231,233,236,238,240,243,245,246,248,250,250,251,252,252,254,254,255,255,255,255,255,255,255,255,255,255,255,255,255,255,255,255,255,255,255,255,255,255,255,255
250,251,250,250,250,251,251,251,251,251,251,251,252,251,252,251,252,253,253,253,253,254,253,254,254,254,254,255,255,255,255,255,255,255,255,255,255,255,255,255,255,255,255,254,253,252,250,249,247,246,243,229,152,121,119,117,122,114,110,104,99,93,92,91,94,96,96,96,94,93,95,96,99,103,101,106,108,109,111,111,117,122,124,132,134,136,145,150,152,151,149,144,140,139,137,132,130,133,134,133,129,122,116,123,115,124,133,133,135,136,137,135,138,142,142,143,141,144,131,126,125,123,124,124,127,125,126,122,117,122,136,132,124,124,124,132,131,129,132,122,128,137,142,138,137,141,143,148,154,156,157,157,156,152,125,189,213,220,225,228,230,232,234,237,239,243,244,246,248,249,249,251,252,253,254,255,255,255,255,255,255,255,255,255,255,255,255,255,255,255,255,255,255,255,255,255,255,255,255,255
250,250,251,251,251,251,251,252,252,252,252,251,251,251,251,252,252,253,253,253,253,253,253,254,254,255,255,255,255,255,255,255,255,255,255,255,255,255,255,255,255,255,255,255,254,251,250,248,247,245,242,237,160,125,120,118,122,115,109,102,99,95,94,94,93,92,94,88,92,94,96,95,99,99,98,99,106,108,109,113,118,119,124,131,132,138,143,144,147,147,145,145,149,147,141,135,132,132,133,127,121,117,120,129,129,129,136,135,139,142,142,138,148,145,142,149,147,138,129,128,129,124,126,128,125,115,117,110,104,105,114,116,123,122,125,130,137,130,129,130,131,133,139,141,144,143,148,148,154,156,157,155,155,155,128,192,215,221,223,226,230,232,233,235,238,240,242,245,246,248,249,250,252,253,254,254,255,255,255,255,255,255,255,255,255,255,255,255,255,255,255,255,255,255,255,255,255,255,255,255
251,251,250,251,251,251,251,252,252,252,252,252,253,252,252,253,253,253,254,254,254,254,254,254,255,255,255,255,255,255,255,255,255,255,255,255,255,255,255,255,255,255,255,255,254,253,250,249,247,246,242,240,159,123,122,123,120,110,106,104,99,96,96,97,96,96,94,82,86,95,96,92,92,94,96,100,104,108,106,104,123,117,122,129,128,135,145,144,145,146,141,144,142,135,137,135,133,132,139,126,124,115,123,129,130,131,134,135,141,145,147,148,151,148,144,150,148,136,126,124,127,124,123,124,121,114,116,104,97,99,115,113,121,122,124,130,136,134,131,140,136,139,139,144,145,141,148,153,155,155,156,153,155,156,117,191,218,221,224,226,227,231,232,234,237,238,241,243,245,247,248,249,251,252,253,254,255,255,255,255,255,255,255,255,255,255,255,255,255,255,255,255,255,255,255,255,255,255,255,255
251,251,251,252,252,252,252,252,252,253,252,253,253,253,253,253,253,253,254,254,254,255,255,255,255,255,255,255,255,255,255,255,255,255,255,255,255,255,255,255,255,255,255,255,254,253,251,249,247,246,244,228,143,120,122,126,117,111,109,105,101,98,98,99,99,99,95,94,99,101,101,96,92,92,92,99,104,106,106,104,109,122,110,125,124,130,131,130,128,134,141,142,139,128,128,131,134,135,135,131,126,117,122,128,130,133,136,132,138,140,137,138,141,140,137,140,138,130,122,124,122,119,116,118,113,106,107,106,101,112,118,123,121,121,124,126,131,130,130,137,136,133,129,145,146,147,151,154,154,154,154,153,154,155,114,178,219,220,223,226,227,231,232,233,235,238,241,243,245,247,248,250,250,252,252,254,255,254,255,255,255,255,255,255,255,255,255,255,255,255,255,255,255,255,255,255,255,255,255,255
251,251,252,252,252,253,253,252,253,253,253,253,253,253,253,253,253,254,254,255,254,255,255,255,255,255,255,255,255,255,255,255,255,255,255,255,255,255,255,255,255,255,255,255,254,253,251,248,247,245,243,220,155,119,121,128,117,111,107,107,104,103,103,104,105,103,99,102,105,105,105,102,97,93,93,95,96,99,101,102,104,110,116,118,126,126,129,127,121,125,131,128,123,121,123,125,135,136,132,132,131,127,125,128,130,131,132,126,130,130,125,125,126,125,128,128,123,119,119,115,114,116,114,114,113,113,110,113,118,121,121,127,128,127,127,134,136,128,126,127,132,135,144,147,146,150,156,158,157,155,153,153,154,155,118,181,216,219,221,225,226,229,231,233,234,236,239,243,244,246,247,249,250,251,252,252,254,254,255,255,255,255,255,255,255,255,255,255,255,255,255,255,255,255,255,255,255,255,255,255
251,251,252,252,252,252,253,253,253,253,253,253,253,253,253,254,254,254,255,255,255,255,255,255,255,255,255,255,255,255,255,255,255,255,255,255,255,255,255,255,255,255,255,255,255,253,250,249,246,244,241,228,178,116,122,127,119,114,109,107,107,108,108,109,109,110,111,104,110,108,109,107,102,99,94,93,95,97,98,99,103,105,107,114,115,117,119,118,120,121,118,115,115,118,118,121,128,133,140,136,133,131,129,124,129,123,124,116,115,118,116,116,114,109,109,110,110,109,102,103,105,107,112,115,122,122,123,123,121,118,121,126,127,127,132,144,144,131,135,134,127,133,138,136,140,149,155,158,160,156,153,152,153,155,132,202,215,220,218,222,224,228,230,233,234,235,239,241,243,244,246,248,249,250,252,252,254,254,254,255,255,255,255,255,255,255,255,255,255,255,255,255,255,255,255,255,255,255,255,255
251,252,252,252,253,253,253,253,253,253,253,253,253,253,254,254,254,255,255,255,255,255,255,255,255,255,255,255,255,255,255,255,255,255,255,255,255,255,255,255,255,255,255,255,255,253,250,248,246,241,240,238,187,120,123,124,114,111,111,110,109,112,111,113,113,113,114,114,111,110,110,110,108,104,96,95,94,98,99,100,93,97,100,104,107,111,109,110,108,109,113,114,111,111,115,117,125,126,138,138,131,130,129,130,125,122,119,116,112,112,106,109,108,107,107,108,107,102,98,104,104,109,110,114,118,118,113,117,117,119,124,125,128,127,131,133,133,137,137,143,140,140,144,143,149,153,152,155,157,160,150,149,152,155,159,209,216,207,187,174,187,218,229,233,234,236,239,241,242,244,246,247,249,250,250,252,253,254,254,255,255,255,255,255,255,255,255,255,255,255,255,255,255,255,255,255,255,255,255,255
252,252,252,252,253,253,253,253,253,253,254,254,253,254,254,254,254,255,255,255,255,255,255,255,255,255,255,255,255,255,255,255,255,255,255,255,255,255,255,255,255,255,255,255,255,253,251,247,243,202,166,180,174,117,123,123,115,112,111,110,111,113,109,110,111,112,115,116,115,114,113,112,111,112,108,108,101,100,99,99,97,98,100,106,105,108,106,104,104,101,104,106,107,107,108,108,118,122,133,133,132,130,127,133,125,124,119,118,118,116,107,104,105,103,102,102,102,101,100,103,108,114,113,111,114,116,118,124,127,129,129,128,129,130,132,131,136,139,139,139,143,141,146,149,150,152,154,154,157,162,150,148,151,153,166,214,199,125,86,92,102,129,206,232,234,235,239,239,242,244,245,246,247,248,250,251,252,254,255,255,255,255,255,255,255,255,255,255,255,255,255,255,255,255,255,255,255,255,255,255
252,252,253,253,253,254,254,254,254,254,254,254,254,254,254,254,254,255,254,255,255,255,255,255,255,255,255,255,255,255,255,255,255,255,255,255,255,255,255,255,255,255,255,255,255,253,251,244,159,105,90,79,85,119,120,121,114,114,112,111,113,113,110,110,111,113,115,116,118,118,119,120,123,122,117,117,117,112,103,101,98,97,101,104,105,105,107,104,102,97,99,99,96,98,98,103,108,112,122,127,129,127,131,126,126,125,120,118,120,113,106,108,109,103,105,103,104,104,103,104,106,111,118,120,123,128,128,131,132,132,132,129,130,132,134,133,138,138,140,137,144,146,149,155,152,146,149,153,155,156,145,145,150,154,161,176,86,74,82,91,110,128,144,214,233,235,237,240,241,243,244,246,247,248,248,251,252,253,254,255,255,255,255,255,255,255,255,255,255,255,255,255,255,255,255,255,255,255,255,255
252,253,253,253,253,254,254,254,254,254,255,254,254,254,254,254,255,255,255,255,255,255,255,255,255,255,255,255,255,255,255,255,255,255,255,255,255,255,255,255,255,255,255,255,255,253,250,197,115,101,90,84,75,119,119,119,117,116,116,114,114,107,108,108,111,114,115,116,119,121,121,123,129,128,127,131,131,126,122,117,112,111,104,102,102,104,104,103,100,100,98,93,87,88,93,99,103,112,118,119,116,123,118,118,117,121,119,120,124,113,107,106,106,105,110,108,105,106,109,113,117,120,125,130,130,134,134,130,131,127,127,121,125,127,126,129,132,129,132,136,146,153,152,153,150,147,149,149,152,152,143,145,149,153,147,65,68,78,90,108,134,143,135,181,234,234,237,239,240,242,243,244,246,247,249,250,251,252,254,255,255,255,255,255,255,255,255,255,255,255,255,255,255,255,255,255,255,255,255,255
253,253,253,254,254,254,254,255,255,255,255,254,254,254,254,255,255,255,255,255,255,255,255,255,255,255,255,255,255,255,255,255,255,255,255,255,255,255,255,255,255,255,255,255,255,253,250,166,116,102,90,84,78,116,119,120,117,117,117,115,112,105,111,111,115,117,115,115,120,122,120,124,126,130,130,134,133,131,127,125,121,115,114,113,110,109,107,105,99,99,99,95,90,88,91,94,100,108,118,120,113,112,115,114,107,111,113,113,109,107,107,104,103,104,109,106,104,114,118,121,122,125,123,120,115,106,95,89,84,86,84,72,71,72,77,81,94,105,113,122,143,149,152,156,154,145,146,151,151,147,143,147,149,154,137,64,72,92,116,139,142,78,80,167,233,235,237,238,239,241,243,244,245,246,248,249,251,251,254,255,255,255,255,255,255,255,255,255,255,255,255,255,255,255,255,255,255,255,255,255
252,253,254,253,254,253,254,254,255,255,255,254,254,254,255,255,255,255,255,255,255,255,255,255,255,255,255,255,255,255,255,255,255,255,255,255,255,255,255,255,255,255,255,255,255,254,251,186,106,112,95,85,81,116,116,117,117,117,117,114,113,111,112,114,118,117,114,113,114,117,111,111,110,108,108,110,110,113,118,120,121,120,119,119,116,113,110,106,101,99,100,97,94,91,92,94,100,105,113,115,109,109,107,104,105,106,107,108,103,101,100,103,102,99,99,102,105,119,119,121,119,114,105,93,76,69,82,86,85,80,75,73,78,80,88,91,90,86,83,81,89,118,140,154,155,145,149,154,151,143,144,148,147,156,145,76,86,113,140,145,86,57,84,168,234,236,238,239,240,241,241,243,243,244,247,249,250,251,254,254,255,255,255,255,255,255,255,255,255,255,255,255,255,255,255,255,255,255,255,255
253,253,254,254,254,254,254,254,255,255,255,255,255,255,255,255,255,255,255,255,255,255,255,255,255,255,255,255,255,255,255,255,255,255,255,255,255,255,255,255,255,255,255,255,255,254,252,239,90,83,106,89,84,117,116,114,115,117,116,115,113,111,111,114,114,110,105,104,89,73,74,73,79,86,87,90,90,84,79,82,92,100,109,113,116,114,110,105,101,100,101,95,93,92,93,93,100,99,99,101,103,105,108,107,103,94,96,97,97,97,96,101,100,98,99,102,103,112,114,113,102,90,67,65,68,86,100,101,103,109,100,87,82,87,93,107,106,110,110,114,97,73,111,139,151,152,148,146,150,144,143,148,145,154,154,92,107,135,148,94,68,56,91,181,233,235,237,239,239,241,241,243,244,244,246,248,249,251,252,254,255,255,255,255,255,255,255,255,255,255,255,255,255,255,255,255,255,255,255,255
253,253,254,253,254,254,254,254,255,255,255,255,255,255,255,255,255,255,255,255,255,255,255,255,255,255,255,255,255,255,255,255,255,255,255,255,255,255,255,255,255,255,255,255,255,254,252,249,119,78,89,99,89,116,114,113,112,115,114,116,114,110,108,110,109,103,75,64,66,76,87,90,94,98,100,97,97,93,85,75,69,71,74,87,97,107,111,108,103,98,96,95,94,96,95,93,91,90,90,97,105,109,110,106,104,101,100,100,96,98,98,97,96,97,99,100,101,103,103,98,89,63,67,70,73,85,90,97,93,90,88,86,82,83,89,98,100,106,117,128,127,101,78,111,144,149,145,146,149,145,143,143,143,151,159,105,129,144,98,71,70,57,98,195,232,234,237,239,240,241,242,242,243,244,246,247,248,250,252,254,254,255,255,255,255,255,255,255,255,255,255,255,255,255,255,255,255,255,255,255
253,253,254,254,254,255,255,255,255,255,255,255,255,255,255,255,255,255,255,255,255,255,255,255,255,255,255,255,255,255,255,255,255,255,255,255,255,255,255,255,255,255,255,255,255,254,252,249,132,91,70,95,96,116,112,110,110,112,113,116,114,110,107,104,93,70,68,79,84,87,91,95,94,101,102,101,101,99,92,82,74,71,70,69,78,89,98,97,98,101,96,96,93,92,98,94,93,93,92,98,108,116,115,119,114,115,113,109,104,101,101,98,95,94,94,93,94,96,93,89,66,70,70,74,72,78,85,85,107,128,135,107,100,91,94,99,98,107,112,123,124,122,99,81,127,148,142,145,147,144,144,145,143,148,156,116,141,124,68,75,69,70,120,212,233,235,237,238,239,241,241,242,243,244,245,247,248,249,251,253,254,255,255,255,255,255,255,255,255,255,255,255,255,255,255,255,255,255,255,255
253,254,254,254,254,254,255,255,255,255,255,255,255,255,255,255,255,255,255,255,255,255,255,255,255,255,255,255,255,255,255,255,255,255,255,255,255,255,255,255,255,255,255,255,255,255,253,249,142,98,65,91,94,114,109,108,109,111,112,115,116,111,103,88,61,76,82,83,86,87,91,96,97,101,103,101,99,96,92,90,79,74,74,70,66,73,84,91,92,93,92,92,93,92,94,92,92,92,96,107,112,117,119,122,124,125,125,119,115,112,102,98,98,98,88,89,89,93,89,67,71,73,66,73,71,71,73,71,76,78,71,84,85,87,102,118,116,125,146,140,122,129,126,87,99,145,142,140,141,140,141,143,142,146,152,122,146,114,61,75,57,80,130,227,233,235,237,238,240,240,241,242,243,243,245,246,247,248,250,252,254,255,255,255,255,255,255,255,255,255,255,255,255,255,255,255,255,255,255,255
253,254,254,255,255,254,255,255,255,255,255,255,255,255,255,255,255,255,255,255,255,255,255,255,255,255,255,255,255,255,255,255,255,255,255,255,255,255,255,255,255,255,255,255,255,255,253,251,157,102,61,92,92,114,108,106,106,109,111,113,119,105,87,62,79,84,85,83,85,87,90,95,98,105,105,102,101,95,91,89,82,79,73,72,73,66,70,86,91,91,91,92,92,91,92,89,93,93,97,109,113,118,123,121,120,121,122,123,123,112,100,99,98,95,89,89,92,90,65,68,67,65,65,63,63,70,51,46,48,74,51,45,46,47,47,59,80,99,141,157,140,133,135,123,103,127,145,137,137,136,135,140,142,146,150,125,161,112,58,63,56,91,158,231,233,235,237,239,239,239,241,242,241,242,243,246,247,248,250,252,253,255,255,255,255,255,255,255,255,255,255,255,255,255,255,255,255,255,255,255
254,255,255,255,255,255,255,255,255,255,255,255,255,255,255,255,255,255,255,255,255,255,255,255,255,255,255,255,255,255,255,255,255,255,255,255,255,255,255,255,255,255,255,255,255,255,254,253,172,101,60,87,88,117,107,105,105,105,105,106,112,89,67,75,91,86,84,85,84,86,88,93,108,119,119,122,117,114,94,88,82,80,75,70,74,73,68,71,79,92,94,93,93,91,89,88,92,95,99,104,109,115,117,118,117,122,127,129,122,108,93,89,98,100,100,102,91,77,80,72,63,59,73,110,136,122,58,53,47,99,141,48,54,47,58,109,103,73,65,95,130,139,135,126,133,132,143,141,139,139,139,141,142,144,150,136,168,113,57,62,56,104,182,231,233,235,237,237,239,238,240,241,242,242,243,244,246,247,249,251,253,255,255,255,255,255,255,255,255,255,255,255,255,255,255,255,255,255,255,255
255,255,255,255,255,255,255,255,255,255,255,255,255,255,255,255,255,255,255,255,255,255,255,255,255,255,255,255,255,255,255,255,255,255,255,255,255,255,255,255,255,255,255,255,255,255,254,252,188,102,58,83,85,118,107,104,103,103,102,104,108,82,79,99,96,90,89,86,85,86,87,87,87,88,83,86,72,74,67,65,62,63,64,66,68,69,73,72,78,89,93,94,93,89,83,87,90,96,101,105,108,115,120,121,118,120,120,124,122,105,90,85,87,101,106,94,105,80,63,55,64,86,126,154,176,135,57,55,48,62,137,46,59,133,120,162,166,156,104,53,63,100,110,117,125,137,140,141,140,138,138,139,142,144,149,141,161,115,55,58,56,105,203,232,234,235,237,237,238,238,239,240,241,241,243,244,246,246,248,251,253,254,255,255,255,255,255,255,255,255,255,255,255,255,255,255,255,255,255,255
254,255,255,255,255,255,255,255,255,255,255,255,255,255,255,255,255,255,255,255,255,255,255,255,255,255,255,255,255,255,255,255,255,255,255,255,255,255,255,255,255,255,255,255,255,255,254,251,202,103,60,78,83,127,104,103,103,103,102,102,100,87,90,97,105,97,93,89,86,83,74,63,54,49,45,48,134,49,47,45,46,96,113,98,71,64,67,71,75,90,88,96,89,83,75,82,86,91,96,102,104,111,118,118,117,118,117,121,121,107,90,81,75,98,106,89,74,69,105,102,102,142,149,175,186,151,61,50,48,62,49,46,56,89,84,164,199,198,154,66,50,68,101,113,116,134,140,143,139,137,138,139,144,144,149,140,158,129,57,54,64,127,220,231,234,235,237,237,238,238,238,239,240,241,243,244,245,246,249,250,252,254,255,255,255,255,255,255,255,255,255,255,255,255,255,255,255,255,255,255
255,255,255,255,255,255,255,255,255,255,255,255,255,255,255,255,255,255,255,255,255,255,255,255,255,255,255,255,255,255,255,255,255,255,255,255,255,255,255,255,255,255,255,255,255,255,255,252,217,105,62,74,77,125,103,101,102,103,103,100,94,87,81,83,105,100,95,84,66,68,76,53,49,55,49,46,67,46,47,47,54,141,156,148,111,98,86,107,82,70,87,99,89,79,75,83,84,91,94,99,102,110,115,114,112,112,115,113,115,107,94,87,73,86,96,74,64,56,63,76,97,96,100,142,182,176,90,51,48,59,55,51,50,59,98,194,210,184,105,71,101,104,98,111,125,136,141,143,141,136,136,139,145,145,152,125,140,140,62,53,79,138,229,231,234,236,235,237,238,238,238,240,240,240,242,244,245,246,249,250,251,254,255,255,255,255,255,255,255,255,255,255,255,255,255,255,255,255,255,255
255,255,255,255,255,255,255,255,255,255,255,255,255,255,255,255,255,255,255,255,255,255,255,255,255,255,255,255,255,255,255,255,255,255,255,255,255,255,255,255,255,255,255,255,255,255,255,252,239,111,75,68,80,115,104,102,103,103,103,100,95,89,86,81,77,70,64,52,70,101,120,131,64,61,49,62,48,47,45,50,73,158,169,122,81,71,73,77,62,63,74,83,84,82,75,78,81,90,96,105,106,105,114,112,116,117,116,115,114,108,101,88,76,76,88,79,82,95,95,75,64,70,75,80,98,137,139,69,53,55,55,56,58,83,170,198,161,95,87,119,134,132,140,136,132,132,136,137,143,137,137,140,144,146,153,117,122,132,70,57,90,163,229,232,234,236,236,236,238,238,239,239,240,240,242,243,245,246,248,250,252,253,254,255,255,255,255,255,255,255,255,255,255,255,255,255,255,255,255,255
255,255,255,255,255,255,255,255,255,255,255,255,255,255,255,255,255,255,255,255,255,255,255,255,255,255,255,255,255,255,255,255,255,255,255,255,255,255,255,255,255,255,255,255,255,255,254,252,250,132,89,67,82,114,104,103,103,105,104,102,98,93,90,83,72,70,58,52,60,110,167,171,111,64,59,63,52,50,49,53,108,118,84,74,70,70,81,87,92,96,92,84,88,80,75,79,84,93,100,103,108,107,114,112,114,115,116,119,123,115,104,95,82,78,82,84,92,97,107,98,109,110,121,112,100,81,79,77,73,73,60,60,77,109,110,88,78,96,151,156,142,136,149,135,134,129,131,134,140,138,138,140,143,147,150,115,102,124,82,58,96,188,231,232,233,235,236,236,237,238,237,239,240,240,242,243,244,246,248,249,252,253,254,255,255,255,255,255,255,255,255,255,255,255,255,255,255,255,255,255
255,255,255,255,255,255,255,255,255,255,255,255,255,255,255,255,255,255,255,255,255,255,255,255,255,255,255,255,255,255,255,255,255,255,255,255,255,255,255,255,255,255,255,255,255,255,254,252,250,167,99,71,81,112,105,104,103,105,104,103,100,96,94,91,89,91,74,70,64,72,107,146,162,102,59,52,51,58,61,67,74,81,91,94,88,85,85,91,94,104,86,88,89,76,81,87,92,100,102,105,107,108,113,112,111,115,118,120,121,110,114,101,90,86,84,81,92,100,96,104,85,87,107,123,129,152,142,104,91,90,88,82,79,84,92,107,124,130,140,161,141,140,144,134,132,130,127,132,136,137,135,141,144,148,149,120,97,113,96,67,101,209,231,232,233,234,235,237,237,238,238,239,238,239,240,242,244,246,247,249,252,253,254,255,255,255,255,255,255,255,255,255,255,255,255,255,255,255,255,255
255,255,255,255,255,255,255,255,255,255,255,255,255,255,255,255,255,255,255,255,255,255,255,255,255,255,255,255,255,255,255,255,255,255,255,255,255,255,255,255,255,255,255,255,255,255,255,253,252,204,102,76,87,113,105,104,104,105,105,103,101,100,99,102,102,99,97,96,89,79,70,69,72,78,74,76,79,90,92,101,109,116,116,106,79,94,80,92,105,95,90,86,84,83,83,89,92,99,101,104,105,108,113,115,115,118,122,124,126,124,124,123,101,91,86,84,93,101,103,106,98,103,78,99,98,96,111,108,119,113,109,87,87,108,110,123,116,127,135,145,144,139,136,133,128,128,126,131,135,133,136,140,144,146,148,114,90,101,105,75,112,224,231,232,233,235,234,239,238,237,238,239,239,240,240,243,244,245,248,250,252,252,254,255,255,255,255,255,255,255,255,255,255,255,255,255,255,255,255,255
255,255,255,255,255,255,255,255,255,255,255,255,255,255,255,255,255,255,255,255,255,255,255,255,255,255,255,255,255,255,255,255,255,255,255,255,255,255,255,255,255,255,255,255,255,255,255,254,252,231,99,79,90,111,106,105,105,105,105,105,104,102,101,101,102,103,102,99,95,94,91,87,91,96,108,120,125,121,129,143,124,112,91,77,98,76,94,106,101,94,90,88,82,90,89,88,92,98,102,110,109,114,114,115,115,120,128,134,130,125,123,140,119,105,94,81,82,92,104,106,105,109,116,96,83,94,86,86,80,86,88,86,90,107,119,135,156,163,163,152,147,130,131,129,127,126,129,129,132,132,136,142,146,147,149,114,83,94,111,75,133,229,231,232,233,235,234,239,238,238,238,238,239,240,240,242,243,245,248,250,251,252,254,255,255,255,255,255,255,255,255,255,255,255,255,255,255,255,255,255
255,255,255,255,255,255,255,255,255,255,255,255,255,255,255,255,255,255,255,255,255,255,255,255,255,255,255,255,255,255,255,255,255,255,255,255,255,255,255,255,255,255,255,255,255,255,255,254,253,246,110,79,89,111,109,106,105,106,106,107,106,105,101,99,100,102,102,100,98,95,95,94,92,95,91,93,88,94,98,107,99,83,94,102,81,104,110,102,92,93,88,87,83,89,91,85,91,98,106,115,116,112,114,117,117,120,121,131,136,126,120,137,134,117,106,91,87,91,94,101,110,115,108,108,111,92,89,104,106,98,93,99,106,112,114,120,132,143,152,144,140,131,128,128,128,122,125,132,132,136,138,140,147,149,150,116,77,94,109,76,148,230,230,233,233,235,235,237,238,238,238,239,239,240,239,242,244,245,248,250,250,252,254,255,255,255,255,255,255,255,255,255,255,255,255,255,255,255,255,255
255,255,255,255,255,255,255,255,255,255,255,255,255,255,255,255,255,255,255,255,255,255,255,255,255,255,255,255,255,255,255,255,255,255,255,255,255,255,255,255,255,255,255,255,255,255,255,254,253,241,107,76,87,113,107,103,106,107,106,107,106,104,101,98,98,99,100,100,101,100,98,96,96,97,91,90,95,99,90,81,95,113,97,93,111,115,114,93,93,93,88,90,88,93,88,86,91,96,106,112,122,117,122,119,116,120,123,127,130,128,113,124,132,122,118,114,105,102,99,103,102,111,119,122,115,109,113,104,96,100,109,105,103,114,115,125,134,134,137,135,132,133,129,129,127,123,129,132,134,139,141,142,148,151,148,119,76,100,98,81,159,230,230,233,233,236,235,237,237,237,238,239,239,240,240,242,243,245,247,250,250,253,254,255,255,255,255,255,255,255,255,255,255,255,255,255,255,255,255,255
255,255,255,255,255,255,255,255,255,255,255,255,255,255,255,255,255,255,255,255,255,255,255,255,255,255,255,255,255,255,255,255,255,255,255,255,255,255,255,255,255,255,255,255,255,255,255,255,252,242,102,70,79,111,110,104,106,108,108,107,105,104,100,97,98,96,98,97,97,98,97,98,103,102,99,93,91,88,100,117,101,97,111,122,122,115,100,99,94,91,88,92,91,93,82,89,92,103,115,118,121,122,121,121,120,120,124,125,125,123,115,113,118,126,125,120,115,111,106,107,108,108,111,118,117,123,114,117,120,113,105,107,109,116,121,124,131,131,128,128,131,136,132,128,125,124,132,131,140,142,143,143,149,151,150,121,80,117,73,83,160,229,230,232,233,236,235,236,237,237,237,239,240,241,240,242,242,243,246,249,250,253,254,255,255,255,255,255,255,255,255,255,255,255,255,255,255,255,255,255
255,255,255,255,255,255,255,255,255,255,255,255,255,255,255,255,255,255,255,255,255,255,255,255,255,255,255,255,255,255,255,255,255,255,255,255,255,255,255,255,255,255,255,255,255,255,255,255,243,212,84,64,73,106,110,107,106,108,108,108,108,105,102,99,98,97,97,96,96,94,97,98,99,96,93,93,105,112,104,104,109,120,125,124,123,111,108,106,102,95,93,94,93,88,81,94,99,108,113,118,122,119,120,121,124,127,131,127,121,126,115,108,111,126,128,126,121,116,114,113,111,109,107,116,117,118,130,123,118,122,122,123,122,120,121,122,125,127,129,131,138,143,138,134,129,130,133,132,141,144,145,147,151,153,150,121,100,122,58,78,147,210,230,233,234,235,236,236,237,238,238,238,240,241,240,241,240,244,246,249,251,251,254,255,255,255,255,255,255,255,255,255,255,255,255,255,255,255,255,255
255,255,255,255,255,255,255,255,255,255,255,255,255,255,255,255,255,255,255,255,255,255,255,255,255,255,255,255,255,255,255,255,255,255,255,255,255,255,255,255,255,255,255,255,255,255,255,254,238,165,74,58,68,108,111,108,108,109,108,108,107,105,103,102,103,101,100,98,96,94,94,95,98,100,106,110,107,106,114,124,129,124,123,116,110,109,111,105,103,103,97,96,90,81,84,97,104,109,118,123,122,121,124,125,127,127,121,123,125,121,112,110,102,121,129,129,130,122,122,121,116,113,110,116,115,118,120,121,122,123,119,123,125,123,129,129,130,134,138,135,136,136,138,130,132,132,130,134,143,148,149,147,153,152,148,120,111,85,56,83,143,222,234,233,234,235,237,235,238,238,238,239,239,239,240,241,242,244,247,249,251,252,253,255,255,255,255,255,255,255,255,255,255,255,255,255,255,255,255,255
255,255,255,255,255,255,255,255,255,255,255,255,255,255,255,255,255,255,255,255,255,255,255,255,255,255,255,255,255,255,255,255,255,255,255,255,255,255,255,255,255,255,255,255,255,255,255,255,229,161,82,77,88,102,112,110,111,111,111,110,109,107,106,107,106,105,103,100,100,99,99,102,104,105,102,102,110,126,126,126,125,122,125,106,111,115,114,109,104,101,99,96,84,78,90,99,103,113,120,123,125,126,128,130,129,130,126,132,128,124,121,122,105,115,129,132,125,126,125,129,126,121,114,114,117,114,115,118,120,121,122,126,133,129,131,134,135,138,142,142,141,139,138,135,132,133,134,138,147,150,154,156,156,152,144,118,95,62,63,85,151,207,230,233,234,236,236,236,237,237,238,238,239,240,241,241,241,243,247,249,251,252,254,255,255,255,255,255,255,255,255,255,255,255,255,255,255,255,255,255
255,255,255,255,255,255,255,255,255,255,255,255,255,255,255,255,255,255,255,255,255,255,255,255,255,255,255,255,255,255,255,255,255,255,255,255,255,255,255,255,255,255,255,255,255,255,255,254,205,142,104,104,86,107,113,112,113,114,113,113,113,110,109,110,108,108,108,104,101,101,101,102,107,112,114,118,123,119,121,123,118,120,112,115,119,119,120,115,109,103,95,93,79,84,101,105,112,120,119,126,128,130,129,130,134,132,136,133,127,127,125,127,117,111,130,137,146,137,133,130,129,129,126,117,116,112,114,113,116,116,115,118,124,125,130,131,135,136,142,145,141,139,136,134,133,135,135,137,148,150,158,161,156,155,147,124,98,84,79,104,161,215,226,234,235,236,236,236,238,238,238,239,239,240,240,241,242,242,247,249,251,252,253,255,255,255,255,255,255,255,255,255,255,255,255,255,255,255,255,255
255,255,255,255,255,255,255,255,255,255,255,255,255,255,255,255,255,255,255,255,255,255,255,255,255,255,255,255,255,255,255,255,255,255,255,255,255,255,255,255,255,255,255,255,255,255,255,255,228,120,104,99,76,111,114,114,115,116,115,115,115,114,112,113,110,111,110,107,106,106,107,113,116,114,116,119,114,112,112,115,114,114,119,123,116,126,122,116,109,108,94,89,78,92,107,114,124,133,132,135,133,133,134,138,139,141,140,137,131,129,127,126,123,116,127,135,144,139,138,132,131,131,130,127,121,116,112,113,117,118,116,115,117,123,132,132,136,140,142,138,135,131,132,130,128,139,142,143,145,153,160,161,158,155,148,129,97,113,105,125,163,206,229,234,235,236,237,235,237,238,238,239,239,240,240,241,242,243,246,249,251,252,253,255,255,255,255,255,255,255,255,255,255,255,255,255,255,255,255,255
255,255,255,255,255,255,255,255,255,255,255,255,255,255,255,255,255,255,255,255,255,255,255,255,255,255,255,255,255,255,255,255,255,255,255,255,255,255,255,255,255,255,255,255,255,255,255,253,221,112,103,93,75,111,117,117,116,118,119,120,121,116,114,116,112,111,109,109,112,109,110,115,117,115,111,107,107,107,111,117,116,117,118,120,126,126,119,119,110,102,90,82,90,102,111,112,129,135,134,133,136,135,135,140,140,140,141,140,139,136,135,138,126,120,123,134,139,142,136,133,134,134,132,129,125,118,114,113,115,118,115,114,118,117,124,129,127,129,128,133,135,133,134,134,140,144,152,150,149,155,161,162,159,154,148,132,92,117,119,128,178,215,229,235,235,236,235,236,237,238,238,239,239,239,240,240,242,243,246,250,250,250,254,255,255,255,255,255,255,255,255,255,255,255,255,255,255,255,255,255
255,255,255,255,255,255,255,255,255,255,255,255,255,255,255,255,255,255,255,255,255,255,255,255,255,255,255,255,255,255,255,255,255,255,255,255,255,255,255,255,255,255,255,255,255,255,255,255,223,113,104,94,73,111,117,116,116,119,119,121,123,124,120,117,114,113,110,110,109,108,109,107,103,106,105,99,99,104,113,114,111,126,119,129,132,126,113,116,106,94,85,85,98,107,111,116,134,138,141,145,146,142,143,144,145,145,143,144,144,142,143,133,131,122,119,133,136,139,130,136,138,137,135,131,129,126,122,117,118,119,118,114,113,116,115,117,120,120,123,128,130,135,138,141,146,146,148,157,157,155,161,162,161,153,148,125,92,114,121,128,180,228,232,234,235,235,236,236,237,237,237,239,239,239,240,242,242,242,246,250,250,251,253,255,255,255,255,255,255,255,255,255,255,255,255,255,255,255,255,255
255,255,255,255,255,255,255,255,255,255,255,255,255,255,255,255,255,255,255,255,255,255,255,255,255,255,255,255,255,255,255,255,255,255,255,255,255,255,255,255,255,255,255,255,255,255,255,255,231,115,104,93,71,107,115,118,119,120,120,122,124,124,119,115,115,114,111,110,109,106,106,101,99,99,102,104,106,112,112,110,113,129,125,131,132,122,121,117,104,91,85,89,104,110,116,131,139,139,146,146,147,148,145,150,150,149,149,150,148,147,149,135,133,124,119,130,132,133,131,134,134,137,137,137,130,126,126,126,125,124,121,116,119,120,131,120,123,122,133,129,132,136,141,146,156,161,162,161,158,155,159,160,161,153,146,106,79,115,123,132,183,228,234,234,235,235,236,236,237,237,238,239,239,239,241,242,242,241,246,248,250,251,253,255,255,255,255,255,255,255,255,255,255,255,255,255,255,255,255,255
255,255,255,255,255,255,255,255,255,255,255,255,255,255,255,255,255,255,255,255,255,255,255,255,255,255,255,255,255,255,255,255,255,255,255,255,255,255,255,255,255,255,255,255,255,255,255,255,248,124,103,93,69,104,114,118,120,120,119,123,125,124,124,117,114,114,113,111,109,106,105,101,101,103,111,115,116,114,123,112,118,128,126,130,124,122,122,115,95,86,85,94,107,110,124,137,144,144,145,153,156,155,153,154,152,151,152,152,152,154,152,139,132,124,110,124,128,126,128,134,134,139,140,137,134,130,127,128,127,125,126,122,123,123,125,117,125,124,137,133,133,134,140,152,156,161,163,164,161,158,157,160,162,154,146,103,83,114,122,137,202,234,234,234,236,235,236,236,236,237,237,238,238,239,241,241,241,242,245,248,250,250,253,254,255,255,255,255,255,255,255,255,255,255,255,255,255,255,255,255
255,255,255,255,255,255,255,255,255,255,255,255,255,255,255,255,255,255,255,255,255,255,255,255,255,255,255,255,255,255,255,255,255,255,255,255,255,255,255,255,255,255,255,255,255,255,255,255,255,171,108,98,64,101,113,117,120,120,122,123,123,118,121,119,118,116,115,111,114,115,118,119,122,117,114,120,115,117,116,116,120,126,128,129,123,128,126,113,88,84,88,95,107,117,133,141,144,148,154,159,164,161,161,158,156,154,156,157,158,161,156,150,135,124,115,114,124,126,126,129,137,134,135,132,140,134,133,132,124,124,131,129,129,129,129,128,127,123,134,137,134,133,142,150,158,160,162,164,158,157,158,159,161,153,146,104,96,118,131,147,224,233,234,235,235,235,235,236,236,237,237,238,237,239,240,241,242,242,244,248,252,250,252,254,255,255,255,255,255,255,255,255,255,255,255,255,255,255,255,255
255,255,255,255,255,255,255,255,255,255,255,255,255,255,255,255,255,255,255,255,255,255,255,255,255,255,255,255,255,255,255,255,255,255,255,255,255,255,255,255,255,255,255,255,255,255,255,255,255,236,126,102,66,94,111,117,118,118,122,124,122,122,123,123,121,124,122,114,117,118,122,116,119,118,119,119,120,121,121,121,126,127,134,136,133,132,127,111,82,90,96,109,110,122,132,142,143,150,162,171,166,167,166,158,156,156,158,158,159,161,157,155,142,130,118,111,107,121,114,119,135,132,136,132,134,135,134,136,131,129,131,129,130,130,132,134,134,136,137,134,137,135,146,153,156,161,165,162,160,157,157,160,159,152,144,101,99,126,143,181,232,234,234,235,234,235,235,235,237,237,237,237,237,240,240,240,242,243,245,248,252,250,252,254,255,255,255,255,255,255,255,255,255,255,255,255,255,255,255,255
255,255,255,255,255,255,255,255,255,255,255,255,255,255,255,255,255,255,255,255,255,255,255,255,255,255,255,255,255,255,255,255,255,255,255,255,255,255,255,255,255,255,255,255,255,255,255,255,255,254,206,103,75,83,109,116,117,119,122,124,123,127,125,119,120,125,120,118,121,125,126,114,117,119,122,125,123,124,130,127,135,143,140,133,135,133,118,101,86,99,108,115,121,128,134,142,144,154,163,180,174,175,172,165,160,162,162,163,163,163,167,171,156,147,131,121,114,120,106,105,122,131,135,132,132,134,136,135,134,134,135,131,129,129,135,134,135,138,135,140,140,138,144,149,155,160,162,154,157,158,158,159,160,152,140,104,101,140,158,223,232,234,235,235,235,236,235,236,236,237,238,237,238,239,241,240,242,242,246,248,250,251,253,255,255,255,255,255,255,255,255,255,255,255,255,255,255,255,255,255
255,255,255,255,255,255,255,255,255,255,255,255,255,255,255,255,255,255,255,255,255,255,255,255,255,255,255,255,255,255,255,255,255,255,255,255,255,255,255,255,255,255,255,255,255,255,255,255,255,255,241,167,85,77,107,114,116,118,122,126,126,125,122,121,119,119,118,118,121,125,123,118,116,122,124,129,123,130,129,135,133,132,137,132,131,132,111,94,99,110,113,119,125,128,133,145,150,157,163,179,185,188,184,175,172,164,165,162,165,162,164,175,170,156,143,136,130,122,110,92,113,125,130,130,132,133,139,137,139,136,138,135,136,139,134,133,132,134,141,140,139,140,145,144,151,157,161,154,159,157,156,157,158,150,138,99,107,157,214,232,234,234,235,234,235,235,235,236,236,236,237,238,238,240,239,240,241,242,246,248,250,251,253,255,255,255,255,255,255,255,255,255,255,255,255,255,255,255,255,255
255,255,255,255,255,255,255,255,255,255,255,255,255,255,255,255,255,255,255,255,255,255,255,255,255,255,255,255,255,255,255,255,255,255,255,255,255,255,255,255,255,255,255,255,255,255,255,255,255,255,244,193,115,80,102,114,113,115,118,122,126,124,122,121,119,116,116,117,121,119,120,124,125,131,139,127,127,135,132,138,132,139,143,135,132,117,91,99,111,117,121,124,132,132,135,142,152,158,167,178,182,192,203,190,179,175,174,167,166,160,165,176,176,166,153,145,141,135,127,96,103,117,125,129,132,134,138,133,140,141,138,141,139,143,134,141,135,137,140,138,139,143,141,139,154,154,156,154,159,160,156,156,158,150,133,113,164,225,231,234,234,234,234,234,235,234,236,235,236,236,237,238,238,240,239,240,241,243,246,248,250,251,253,255,255,255,255,255,255,255,255,255,255,255,255,255,255,255,255,255
255,255,255,255,255,255,255,255,255,255,255,255,255,255,255,255,255,255,255,255,255,255,255,255,255,255,255,255,255,255,255,255,255,255,255,255,255,255,255,255,255,255,255,255,255,255,255,255,255,255,255,212,90,79,99,113,113,114,118,124,126,126,124,119,115,114,113,117,116,117,125,129,127,130,128,129,138,132,136,137,133,135,139,135,129,106,98,111,120,120,125,132,138,136,137,144,145,156,159,173,174,183,192,200,186,177,171,169,163,166,162,168,177,171,153,153,153,148,141,123,92,102,121,131,138,139,143,137,138,141,143,143,140,140,136,137,135,137,137,144,133,145,141,148,145,147,148,154,148,151,152,152,155,149,130,118,203,229,232,232,234,233,235,234,234,235,236,236,236,236,237,238,239,239,239,241,242,244,245,248,250,250,252,255,255,255,255,255,255,255,255,255,255,255,255,255,255,255,255,255
255,255,255,255,255,255,255,255,255,255,255,255,255,255,255,255,255,255,255,255,255,255,255,255,255,255,255,255,255,255,255,255,255,255,255,255,255,255,255,255,255,255,255,255,255,255,255,255,255,255,254,248,129,79,96,106,114,116,117,119,119,124,119,118,115,111,112,115,116,117,124,127,126,126,130,137,140,135,144,139,138,131,130,132,120,95,109,118,122,124,129,139,137,137,136,139,142,151,155,163,164,169,173,172,179,167,168,161,154,158,146,150,161,166,157,161,165,164,157,140,111,97,118,126,130,141,146,147,143,144,146,142,142,146,141,135,133,130,132,138,139,138,141,154,147,145,145,147,154,150,154,154,152,149,122,125,189,227,232,232,233,234,235,235,236,235,235,236,237,236,237,237,238,239,240,240,242,243,245,248,251,251,252,255,255,255,255,255,255,255,255,255,255,255,255,255,255,255,255,255
255,255,255,255,255,255,255,255,255,255,255,255,255,255,255,255,255,255,255,255,255,255,255,255,255,255,255,255,255,255,255,255,255,255,255,255,255,255,255,255,255,255,255,255,255,255,255,255,255,255,251,241,152,76,84,102,113,118,118,110,115,121,118,114,114,112,112,118,115,116,124,129,127,129,134,143,142,141,132,146,136,139,125,123,107,107,117,125,125,126,129,137,136,133,130,132,139,145,149,156,160,164,164,167,163,162,155,153,149,152,151,152,156,159,162,163,171,171,166,160,131,105,117,120,127,147,149,149,141,145,144,135,140,138,140,134,133,131,128,140,141,141,140,139,147,149,151,155,153,149,154,155,150,142,124,101,206,224,232,232,234,233,235,235,236,235,236,235,237,235,236,238,239,239,240,241,243,244,244,249,251,250,252,255,255,255,255,255,255,255,255,255,255,255,255,255,255,255,255,255
255,255,255,255,255,255,255,255,255,255,255,255,255,255,255,255,255,255,255,255,255,255,255,255,255,255,255,255,255,255,255,255,255,255,255,255,255,255,255,255,255,255,255,255,255,255,255,255,255,255,254,252,159,76,75,98,112,117,111,113,121,121,117,113,111,110,113,116,118,115,128,127,126,139,142,141,144,143,141,143,144,131,130,130,107,113,125,126,125,127,127,131,129,127,128,134,137,137,139,145,154,154,157,157,157,153,145,141,143,146,151,147,150,142,144,152,158,167,169,170,151,113,110,120,125,140,134,143,138,142,144,143,140,139,137,140,133,134,132,142,142,144,147,140,148,153,152,149,153,154,156,153,151,142,115,102,196,222,231,232,234,235,235,235,236,236,236,235,236,237,237,238,238,239,240,240,242,245,245,250,250,251,253,255,255,255,255,255,255,255,255,255,255,255,255,255,255,255,255,255
255,255,255,255,255,255,255,255,255,255,255,255,255,255,255,255,255,255,255,255,255,255,255,255,255,255,255,255,255,255,255,255,255,255,255,255,255,255,255,255,255,255,255,255,255,255,255,255,255,255,254,254,213,128,78,98,107,113,113,109,118,120,118,116,111,110,113,117,115,120,124,130,131,139,144,140,141,150,149,133,136,138,130,128,116,119,128,126,126,123,122,115,108,110,117,131,132,133,134,143,150,151,148,149,151,149,142,136,150,150,139,124,103,100,111,127,138,150,160,163,158,124,111,121,121,133,134,138,153,152,148,144,154,145,140,137,140,142,147,138,146,153,153,140,144,149,154,149,149,151,151,149,150,137,105,104,212,228,232,233,233,235,235,235,236,235,237,234,236,236,237,237,237,239,241,240,242,244,245,249,250,251,254,255,255,255,255,255,255,255,255,255,255,255,255,255,255,255,255,255
255,255,255,255,255,255,255,255,255,255,255,255,255,255,255,255,255,255,255,255,255,255,255,255,255,255,255,255,255,255,255,255,255,255,255,255,255,255,255,255,255,255,255,255,255,255,255,255,255,255,254,253,239,161,77,103,106,111,112,116,117,118,114,115,111,109,113,115,117,122,124,132,133,137,135,137,141,150,142,144,134,129,127,127,121,116,126,126,117,101,83,62,55,55,75,90,123,134,136,140,144,145,144,146,142,144,141,142,143,135,94,81,50,50,54,82,102,121,138,144,149,131,116,120,127,133,141,146,144,149,150,146,146,152,155,144,149,153,148,143,142,140,147,148,142,152,150,148,147,145,150,148,146,130,115,112,208,228,233,234,233,237,236,235,235,236,236,235,237,236,237,238,238,239,241,241,242,242,246,249,249,253,254,255,255,255,255,255,255,255,255,255,255,255,255,255,255,255,255,255
255,255,255,255,255,255,255,255,255,255,255,255,255,255,255,255,255,255,255,255,255,255,255,255,255,255,255,255,255,255,255,255,255,255,255,255,255,255,255,255,255,255,255,255,255,255,255,255,255,255,254,253,225,183,95,100,98,107,111,110,113,116,114,116,112,108,112,112,111,123,128,130,135,129,135,134,144,148,147,140,137,128,130,129,119,113,120,112,86,63,65,70,65,79,76,64,55,97,128,137,134,132,132,139,140,137,139,134,109,51,42,49,53,55,69,71,69,75,106,133,140,125,116,118,120,126,132,138,143,137,151,147,152,151,156,150,159,152,156,151,158,147,157,149,143,154,153,148,146,146,149,150,138,110,110,147,212,230,233,234,234,236,236,236,236,236,236,235,236,236,237,238,238,239,240,241,241,243,246,248,249,252,254,255,255,255,255,255,255,255,255,255,255,255,255,255,255,255,255,255
255,255,255,255,255,255,255,255,255,255,255,255,255,255,255,255,255,255,255,255,255,255,255,255,255,255,255,255,255,255,255,255,255,255,255,255,255,255,255,255,255,255,255,255,255,255,255,255,255,255,255,254,249,214,109,101,95,103,111,114,114,116,118,117,109,109,114,116,112,120,122,129,140,126,136,136,147,145,140,146,137,128,125,129,125,111,108,95,74,64,69,67,61,51,45,44,45,63,92,117,119,120,119,117,122,119,120,119,89,50,46,51,57,64,71,76,80,90,93,120,128,112,117,116,123,132,132,132,137,147,148,146,150,147,149,148,153,152,154,167,158,150,157,146,142,149,150,145,143,146,147,143,123,101,105,139,228,230,234,234,234,236,236,236,236,236,236,236,237,237,237,238,239,239,241,240,241,243,246,249,249,252,254,255,255,255,255,255,255,255,255,255,255,255,255,255,255,255,255,255
255,255,255,255,255,255,255,255,255,255,255,255,255,255,255,255,255,255,255,255,255,255,255,255,255,255,255,255,255,255,255,255,255,255,255,255,255,255,255,255,255,255,255,255,255,255,255,255,255,255,255,253,247,232,140,106,87,94,109,111,110,113,116,112,110,113,111,109,113,118,116,127,135,128,132,139,142,143,144,137,141,128,128,131,130,111,97,86,82,86,93,81,74,74,74,64,74,104,112,94,108,119,112,108,112,113,112,119,117,89,77,78,91,108,118,124,116,107,102,119,120,104,117,119,126,128,131,137,143,141,140,141,145,145,142,137,140,151,157,166,165,158,155,145,147,145,152,150,142,143,144,138,109,95,105,143,222,230,233,235,235,235,235,236,237,237,236,236,236,236,237,238,238,238,239,241,242,244,246,250,251,251,254,255,255,255,255,255,255,255,255,255,255,255,255,255,255,255,255,255
255,255,255,255,255,255,255,255,255,255,255,255,255,255,255,255,255,255,255,255,255,255,255,255,255,255,255,255,255,255,255,255,255,255,255,255,255,255,255,255,255,255,255,255,255,255,255,255,255,255,255,253,248,230,168,102,84,86,98,106,105,107,115,114,112,110,107,108,115,116,116,122,125,130,133,130,137,139,144,142,134,128,132,130,126,111,98,94,91,107,167,123,122,108,98,99,113,137,137,110,94,110,109,109,112,102,98,111,127,131,128,130,134,137,134,136,127,120,119,114,92,103,119,119,119,121,126,129,135,133,135,137,143,140,141,138,141,143,153,153,162,154,154,148,148,150,144,148,141,138,139,138,93,89,133,169,229,232,234,235,234,235,235,235,236,237,236,237,235,237,237,238,239,240,240,242,241,244,246,249,250,252,254,255,255,255,255,255,255,255,255,255,255,255,255,255,255,255,255,255
255,255,255,255,255,255,255,255,255,255,255,255,255,255,255,255,255,255,255,255,255,255,255,255,255,255,255,255,255,255,255,255,255,255,255,255,255,255,255,255,255,255,255,255,255,255,255,255,255,255,255,254,252,248,190,94,85,76,74,102,109,106,112,117,116,109,111,110,116,118,118,125,121,130,130,127,133,133,138,130,125,123,125,122,112,102,98,96,101,105,96,125,114,114,115,120,131,137,130,115,95,95,106,111,100,78,70,81,92,113,125,134,146,141,130,124,122,118,103,91,101,112,117,120,128,124,122,121,125,130,140,140,137,140,143,135,142,144,145,155,155,152,155,140,140,140,148,141,139,132,128,124,97,102,130,186,230,233,234,234,235,234,235,236,235,236,236,237,236,237,237,238,238,239,241,241,242,243,246,248,250,252,253,255,255,255,255,255,255,255,255,255,255,255,255,255,255,255,255,255
255,255,255,255,255,255,255,255,255,255,255,255,255,255,255,255,255,255,255,255,255,255,255,255,255,255,255,255,255,255,255,255,255,255,255,255,255,255,255,255,255,255,255,255,255,255,255,255,255,255,255,254,252,236,230,93,67,71,71,98,105,102,106,114,117,118,114,111,117,119,121,113,114,126,122,127,132,126,129,126,132,128,121,117,111,107,93,88,87,107,104,98,94,98,95,94,92,89,90,87,86,86,98,99,90,84,75,80,80,81,83,91,92,103,98,81,80,81,91,106,105,111,117,120,121,126,120,118,120,127,129,130,141,133,135,141,132,142,140,154,154,149,157,141,132,144,139,134,129,134,115,98,101,104,106,203,231,231,234,235,235,235,235,236,236,236,235,236,236,237,237,238,239,240,240,241,242,242,246,248,251,252,253,255,255,255,255,255,255,255,255,255,255,255,255,255,255,255,255,255
255,255,255,255,255,255,255,255,255,255,255,255,255,255,255,255,255,255,255,255,255,255,255,255,255,255,255,255,255,255,255,255,255,255,255,255,255,255,255,255,255,255,255,255,255,255,255,255,255,255,255,253,251,247,230,118,71,92,67,86,99,104,103,111,114,113,113,113,114,119,118,105,103,118,128,131,135,137,126,126,123,120,118,115,113,109,104,93,84,76,75,75,85,83,79,74,78,80,95,94,86,89,91,92,93,96,96,94,86,85,87,87,90,95,93,95,98,103,108,122,120,124,121,120,120,114,119,119,120,128,122,120,128,121,124,142,142,148,152,155,148,160,156,150,130,140,137,128,132,130,102,90,92,95,139,209,218,227,233,235,235,234,235,236,235,236,236,236,237,237,237,237,238,239,241,241,242,244,247,249,251,252,254,255,255,255,255,255,255,255,255,255,255,255,255,255,255,255,255,255
255,255,255,255,255,255,255,255,255,255,255,255,255,255,255,255,255,255,255,255,255,255,255,255,255,255,255,255,255,255,255,255,255,255,255,255,255,255,255,255,255,255,255,255,255,255,255,255,255,255,255,254,252,252,242,165,71,76,71,78,98,97,108,105,110,106,108,108,112,113,109,109,102,115,132,125,120,119,119,118,118,115,115,114,116,112,110,101,95,90,90,89,87,87,86,81,90,93,93,93,92,90,94,103,97,99,94,103,93,91,96,91,97,93,94,99,109,112,113,114,116,120,121,119,121,115,119,124,123,123,119,116,130,126,122,137,135,143,145,152,152,157,146,145,133,137,134,123,135,128,94,76,87,108,168,218,220,233,234,233,235,236,235,235,237,235,236,237,237,237,237,238,238,238,240,241,243,244,247,249,251,252,254,255,255,255,255,255,255,255,255,255,255,255,255,255,255,255,255,255
255,255,255,255,255,255,255,255,255,255,255,255,255,255,255,255,255,255,255,255,255,255,255,255,255,255,255,255,255,255,255,255,255,255,255,255,255,255,255,255,255,255,255,255,255,255,255,255,255,255,255,254,253,252,247,191,78,70,61,81,95,95,108,112,111,102,108,114,113,119,116,105,102,119,123,119,127,118,111,118,116,113,114,113,113,112,107,105,98,97,92,90,90,88,90,83,86,91,90,102,99,106,98,102,92,98,99,96,90,113,98,101,101,100,103,95,103,103,113,113,112,119,122,122,120,118,123,129,121,124,117,118,123,133,132,126,124,136,149,147,153,142,133,134,137,140,127,120,134,114,85,75,84,114,194,222,232,233,233,233,236,236,235,237,237,237,237,237,238,237,237,238,238,239,241,241,243,244,247,250,252,253,254,255,255,255,255,255,255,255,255,255,255,255,255,255,255,255,255,255
255,255,255,255,255,255,255,255,255,255,255,255,255,255,255,255,255,255,255,255,255,255,255,255,255,255,255,255,255,255,255,255,255,255,255,255,255,255,255,255,255,255,255,255,255,255,255,255,255,255,255,255,254,252,250,218,86,74,69,62,82,98,87,100,109,102,107,107,108,111,114,107,109,109,119,118,117,115,115,119,112,113,111,110,113,107,111,106,95,91,91,88,89,78,94,99,96,82,87,107,108,111,99,119,94,94,102,94,89,100,99,117,102,110,101,98,99,94,100,104,100,113,113,114,119,119,114,123,113,130,118,128,124,120,122,115,128,137,134,150,157,155,150,141,126,129,125,123,130,110,86,68,85,126,212,224,233,233,234,235,236,235,234,237,237,237,236,237,237,237,238,238,239,240,241,242,244,245,247,249,251,253,254,255,255,255,255,255,255,255,255,255,255,255,255,255,255,255,255,255
255,255,255,255,255,255,255,255,255,255,255,255,255,255,255,255,255,255,255,255,255,255,255,255,255,255,255,255,255,255,255,255,255,255,255,255,255,255,255,255,255,255,255,255,255,255,255,255,255,255,255,255,254,253,251,225,123,64,62,58,68,89,88,94,107,101,102,99,99,106,120,122,101,111,111,104,108,111,113,111,106,107,109,108,111,106,114,105,97,85,92,92,89,78,99,94,93,84,96,112,103,112,95,98,111,89,93,92,91,86,103,108,97,106,104,95,108,99,93,93,87,108,117,111,96,105,109,115,109,103,120,127,124,113,121,131,127,129,137,144,153,142,148,142,133,136,134,124,127,84,81,68,87,129,215,233,232,235,235,237,236,236,235,236,236,237,235,237,237,237,238,238,239,240,241,242,243,245,248,249,251,253,253,255,255,255,255,255,255,255,255,255,255,255,255,255,255,255,255,255
255,255,255,255,255,255,255,255,255,255,255,255,255,255,255,255,255,255,255,255,255,255,255,255,255,255,255,255,255,255,255,255,255,255,255,255,255,255,255,255,255,255,255,255,255,255,255,255,255,255,255,255,254,253,251,242,141,82,62,59,69,90,78,86,105,98,93,98,93,100,121,104,98,100,97,105,101,103,99,103,110,97,106,103,95,102,102,103,94,80,89,79,76,87,94,85,84,105,100,107,104,117,89,88,105,86,93,82,101,95,97,86,79,87,115,108,107,106,104,101,91,108,129,123,93,90,94,114,98,90,119,128,126,120,123,123,126,121,117,121,149,145,141,146,131,131,131,123,111,83,81,71,84,149,221,233,233,235,235,237,235,238,235,236,236,236,237,237,237,238,238,238,239,240,241,242,243,246,247,250,251,253,255,255,255,255,255,255,255,255,255,255,255,255,255,255,255,255,255,255
255,255,255,255,255,255,255,255,255,255,255,255,255,255,255,255,255,255,255,255,255,255,255,255,255,255,255,255,255,255,255,255,255,255,255,255,255,255,255,255,255,255,255,255,255,255,255,255,255,255,255,255,254,253,250,244,191,70,58,62,71,90,92,93,101,99,97,94,97,105,99,100,85,98,104,100,96,88,88,96,98,98,101,96,90,97,95,101,90,91,82,81,77,90,80,72,89,96,87,89,97,112,90,100,104,101,97,88,88,102,99,78,86,84,89,94,93,99,106,111,98,101,127,105,103,94,92,102,94,84,95,118,127,119,106,116,113,116,118,124,129,154,140,148,124,134,128,117,98,74,77,67,85,171,221,234,235,235,235,237,235,236,235,236,236,236,237,237,237,237,238,237,238,240,241,242,243,246,247,250,251,253,255,255,255,255,255,255,255,255,255,255,255,255,255,255,255,255,255,255
255,255,255,255,255,255,255,255,255,255,255,255,255,255,255,255,255,255,255,255,255,255,255,255,255,255,255,255,255,255,255,255,255,255,255,255,255,255,255,255,255,255,255,255,255,255,255,255,255,255,255,255,253,252,250,247,212,76,76,78,63,82,96,95,101,99,108,102,106,104,97,93,100,107,89,99,90,84,75,87,92,97,101,89,84,96,102,105,110,81,71,67,73,80,69,84,83,97,64,66,88,92,78,89,95,98,90,68,81,111,98,111,95,81,90,95,123,100,106,108,95,96,118,122,88,81,92,104,93,89,105,98,101,106,101,103,104,100,104,122,121,148,164,151,131,148,119,110,87,68,79,76,135,199,229,233,235,234,235,237,237,236,236,236,235,237,236,237,237,238,238,239,238,241,241,241,243,246,248,250,251,253,255,255,255,255,255,255,255,255,255,255,255,255,255,255,255,255,255,255
255,255,255,255,255,255,255,255,255,255,255,255,255,255,255,255,255,255,255,255,255,255,255,255,255,255,255,255,255,255,255,255,255,255,255,255,255,255,255,255,255,255,255,255,255,255,255,255,255,255,255,255,253,251,250,247,232,127,76,76,62,81,92,93,92,91,106,94,97,96,93,94,88,96,91,97,84,84,78,84,104,105,98,95,91,99,103,92,104,98,68,64,64,73,65,94,87,86,65,77,94,81,77,90,74,92,96,59,89,87,112,83,93,93,80,107,131,82,101,99,95,104,115,115,99,93,110,122,101,84,91,108,97,117,105,107,105,100,109,104,114,135,149,141,127,140,111,97,83,85,83,81,159,227,235,234,235,235,235,236,237,236,236,236,236,236,237,236,238,236,238,237,239,240,241,242,243,245,248,249,251,253,255,255,255,255,255,255,255,255,255,255,255,255,255,255,255,255,255,255
255,255,255,255,255,255,255,255,255,255,255,255,255,255,255,255,255,255,255,255,255,255,255,255,255,255,255,255,255,255,255,255,255,255,255,255,255,255,255,255,255,255,255,255,255,255,255,255,255,255,254,254,252,250,248,245,236,157,77,80,66,74,90,90,85,89,105,102,97,100,98,93,88,93,98,101,85,84,80,92,113,90,95,95,99,100,100,73,103,105,69,78,72,68,81,74,88,83,63,75,104,77,75,90,81,86,73,72,73,83,91,82,78,83,91,103,114,68,81,95,87,99,111,105,97,91,109,127,113,77,94,101,112,85,123,104,112,98,109,107,120,125,122,120,124,132,106,95,71,75,67,91,170,211,234,234,234,236,236,236,237,236,237,237,236,237,236,237,238,238,238,239,239,240,242,241,244,245,248,248,252,253,255,255,255,255,255,255,255,255,255,255,255,255,255,255,255,255,255,255
255,255,255,255,255,255,255,255,255,255,255,255,255,255,255,255,255,255,255,255,255,255,255,255,255,255,255,255,255,255,255,255,255,255,255,255,255,255,255,255,255,255,255,255,255,255,255,255,255,254,254,252,250,249,248,244,241,175,74,83,61,73,83,87,104,102,108,97,99,101,96,88,90,100,79,74,86,76,86,106,98,84,82,88,98,99,77,61,97,84,71,69,70,76,91,70,82,87,76,95,89,87,71,71,77,69,77,70,63,82,89,78,75,84,96,96,106,70,79,81,97,82,99,93,99,85,106,99,103,81,94,104,106,89,125,95,101,98,98,99,123,130,131,113,131,128,118,110,73,81,76,111,173,222,234,234,235,236,236,236,237,236,237,235,237,237,236,238,238,238,237,238,238,240,242,242,244,246,249,249,252,253,255,255,255,255,255,255,255,255,255,255,255,255,255,255,255,255,255,255
255,255,255,255,255,255,255,255,255,255,255,255,255,255,255,255,255,255,255,255,255,255,255,255,255,255,255,255,255,255,255,255,255,255,255,255,255,255,255,255,255,255,255,255,255,255,254,254,254,253,253,251,250,248,246,244,243,224,106,76,65,74,79,89,102,114,103,91,99,98,80,117,122,103,66,121,94,86,86,116,95,86,86,109,90,103,74,61,80,93,71,72,68,75,86,84,91,98,96,100,88,100,72,70,78,70,85,100,85,94,99,97,99,94,115,111,78,72,73,82,89,93,88,104,93,85,104,91,92,91,109,106,122,81,116,96,104,95,93,105,122,133,126,129,120,112,97,112,86,78,109,109,177,227,227,232,236,236,236,234,236,236,237,236,236,236,237,238,238,237,239,239,240,241,241,242,243,247,247,251,252,253,255,255,255,255,255,255,255,255,255,255,255,255,255,255,255,255,255,255
255,255,255,255,255,255,255,255,255,255,255,255,255,255,255,255,255,255,255,255,255,255,255,255,255,255,255,255,255,255,255,255,255,255,255,255,255,255,255,255,255,255,255,255,254,254,253,253,253,252,251,251,248,247,245,243,241,226,145,74,78,71,83,84,91,106,90,75,86,93,86,134,97,85,83,123,99,87,99,86,93,78,76,112,90,105,60,68,86,78,73,76,82,105,91,105,114,125,121,120,116,121,99,96,101,99,117,131,128,122,124,133,127,123,116,109,93,76,75,100,77,96,78,115,106,102,77,106,87,104,136,114,115,130,125,89,91,94,94,101,113,112,118,120,123,103,96,87,83,105,105,135,208,224,235,234,236,235,235,236,236,236,236,236,236,237,236,237,238,238,238,239,241,241,241,243,245,246,248,251,252,253,255,255,255,255,255,255,255,255,255,255,255,255,255,255,255,255,255,255
255,255,255,255,255,255,255,255,255,255,255,255,255,255,255,255,255,255,255,255,255,255,255,255,255,255,255,255,255,255,255,255,255,255,255,255,255,255,255,255,255,254,254,253,253,253,253,254,252,251,250,247,247,245,243,241,237,224,175,90,70,61,73,66,76,100,90,80,83,90,82,125,103,92,91,113,87,84,95,112,88,72,86,73,112,88,67,73,78,78,83,84,109,109,123,136,140,142,152,148,144,150,128,126,136,142,153,152,155,154,152,152,153,150,148,140,123,104,104,101,92,96,75,118,128,109,89,88,88,94,134,111,107,105,108,101,103,93,94,102,113,103,97,120,107,93,85,83,70,114,116,181,224,235,234,236,236,236,236,237,236,237,236,236,236,237,236,238,238,238,240,240,241,241,242,243,246,247,248,250,251,254,255,255,255,255,255,255,255,255,255,255,255,255,255,255,255,255,255,255
255,255,255,255,255,255,255,255,255,255,255,255,255,255,255,255,255,255,255,255,255,255,255,255,255,255,255,255,255,255,255,255,255,255,255,255,255,255,254,254,253,252,253,252,253,251,250,249,247,247,246,245,243,242,240,238,235,235,208,126,70,64,83,78,66,87,91,87,83,92,103,94,103,96,99,92,75,94,112,95,82,94,75,78,96,93,78,88,77,92,104,113,127,131,138,134,136,135,141,147,162,174,170,169,172,183,163,156,144,142,135,133,133,138,144,147,146,152,148,141,128,103,101,123,113,88,96,96,99,104,142,102,99,104,112,125,107,112,96,95,119,122,96,114,102,70,76,92,81,113,110,183,235,235,235,235,236,236,236,236,237,237,236,237,236,237,236,238,238,239,241,240,240,240,242,244,245,247,248,250,252,254,255,255,255,255,255,255,255,255,255,255,255,255,255,255,255,255,255,255
255,255,255,255,255,255,255,255,255,255,255,255,255,255,255,255,255,255,255,255,255,255,255,255,255,255,255,255,255,255,255,255,255,255,255,255,254,254,253,253,253,251,251,250,250,248,248,245,245,244,243,242,240,239,237,236,234,230,215,140,74,78,87,75,67,79,91,95,86,89,95,84,90,122,113,87,89,91,117,94,104,84,73,91,95,79,89,94,101,117,133,133,129,122,124,122,118,120,118,121,127,137,154,172,166,154,145,138,138,139,139,141,139,141,144,141,138,142,151,165,157,144,131,124,103,96,77,87,93,92,116,113,115,114,116,97,109,97,105,99,130,111,105,133,107,82,72,77,91,122,116,181,235,235,235,234,236,237,237,237,237,237,236,238,237,238,237,237,238,239,240,241,240,241,243,244,244,247,249,251,253,254,255,255,255,255,255,255,255,255,255,255,255,255,255,255,255,255,255,255
255,255,255,255,255,255,255,255,255,255,255,255,255,255,255,255,255,255,255,255,255,255,255,255,255,255,255,255,255,255,255,255,254,254,254,253,253,251,251,251,250,249,249,248,247,245,244,243,242,242,240,238,237,235,232,232,232,226,223,168,89,93,81,68,71,71,87,90,94,86,81,102,83,107,95,83,102,101,118,103,78,73,70,86,85,86,105,115,127,135,130,127,126,124,127,127,124,120,122,123,121,130,134,149,151,149,148,142,142,143,144,147,147,147,144,144,143,143,143,144,156,166,157,140,126,98,95,90,73,111,106,123,80,134,128,104,100,107,94,109,129,117,92,117,124,82,80,81,100,107,169,230,232,233,233,235,235,236,236,236,237,237,237,236,237,238,237,237,239,239,241,242,243,243,243,245,246,248,249,253,253,254,255,255,255,255,255,255,255,255,255,255,255,255,255,255,255,255,255,255
255,255,255,255,255,255,255,255,255,255,255,255,255,255,255,255,255,255,255,255,255,255,255,255,255,255,255,255,254,254,253,254,254,253,253,252,251,250,249,248,248,246,244,243,243,242,241,240,239,238,236,235,233,231,230,229,228,225,224,179,89,87,76,70,73,69,82,80,89,103,101,70,85,111,75,86,90,93,107,116,77,61,68,85,88,104,124,132,133,129,123,124,123,127,131,129,128,122,121,121,113,123,132,139,144,145,144,138,138,136,139,146,146,143,141,142,141,151,147,141,134,142,156,153,144,111,92,98,67,86,103,121,102,112,111,96,99,79,93,95,131,125,111,128,124,91,87,89,84,116,206,229,230,231,232,233,234,235,235,236,237,236,237,237,238,238,237,239,238,238,241,241,242,243,243,243,246,248,249,252,253,254,255,255,255,255,255,255,255,255,255,255,255,255,255,255,255,255,255,255
255,255,255,255,255,255,255,255,255,255,255,255,255,255,255,255,255,255,255,255,255,255,255,255,255,254,255,254,253,253,253,253,252,252,251,250,249,247,246,246,243,242,241,240,239,238,236,236,236,234,233,231,229,228,226,225,225,218,222,179,110,96,84,87,75,65,71,78,82,101,92,70,88,129,82,79,86,78,109,93,73,66,77,99,92,110,129,129,121,120,122,121,125,127,130,128,128,123,118,117,108,114,123,130,138,140,136,132,131,129,127,130,132,131,139,139,139,142,143,146,143,132,141,146,149,117,117,84,73,91,85,98,101,108,112,98,81,80,95,100,114,109,109,149,91,70,104,95,75,120,205,228,229,229,230,232,233,233,234,235,236,236,236,236,237,237,238,238,239,239,241,241,242,244,244,245,245,248,249,252,253,255,255,255,255,255,255,255,255,255,255,255,255,255,255,255,255,255,255,255
255,255,255,255,255,255,255,255,255,255,255,255,255,255,255,254,254,254,255,255,254,254,254,253,254,254,253,253,253,252,250,250,248,249,248,247,244,242,243,242,239,238,236,236,235,232,232,232,232,231,228,226,225,224,222,222,220,216,216,213,134,104,97,80,76,69,82,85,90,85,79,87,91,110,103,89,80,81,101,74,72,76,96,109,100,127,128,125,123,116,116,119,119,125,125,126,123,121,115,110,107,109,117,122,128,128,130,122,117,113,114,111,117,122,123,128,128,129,132,136,144,135,130,133,135,116,123,84,79,82,80,77,99,112,97,94,91,87,73,101,94,92,97,110,86,78,98,86,73,111,173,226,228,228,230,231,232,232,233,233,235,234,236,236,236,239,237,238,238,239,240,241,242,242,243,245,245,249,250,252,255,255,255,255,255,255,255,255,255,255,255,255,255,255,255,255,255,255,255,255
254,254,254,254,255,255,254,255,255,254,254,255,255,255,255,254,254,254,254,254,254,253,253,252,251,251,252,251,250,248,247,245,246,244,242,243,241,241,240,237,235,233,233,232,231,231,230,228,227,224,223,222,222,220,218,219,216,214,212,208,159,119,85,77,69,68,76,85,80,84,100,92,105,119,86,89,92,73,65,83,80,94,109,114,114,127,121,116,115,113,110,110,118,115,115,113,114,110,106,103,100,104,109,110,112,114,114,111,106,106,106,100,103,106,106,108,114,115,117,122,126,123,120,119,119,112,108,95,87,83,77,65,103,102,129,76,85,119,85,101,81,102,101,88,84,80,99,80,116,167,207,214,218,220,228,229,231,231,232,232,234,234,235,235,237,237,238,237,238,238,240,241,242,243,245,245,246,249,251,253,255,255,255,255,255,255,255,255,255,255,255,255,255,255,255,255,255,255,255,255
254,253,254,254,254,254,254,254,254,253,253,253,253,254,253,253,253,252,251,253,252,252,252,250,249,250,248,249,247,245,246,244,242,242,239,238,236,236,234,232,231,230,230,227,226,227,226,225,223,222,220,219,216,214,214,214,213,210,207,204,175,114,71,72,83,74,76,82,75,56,130,93,99,114,107,90,77,68,81,74,86,106,107,114,121,122,117,111,111,112,106,105,113,104,102,101,99,99,95,88,91,96,100,99,99,105,106,102,104,101,99,99,97,96,93,99,104,106,109,111,106,105,102,94,89,85,87,87,94,91,87,73,108,128,88,95,100,91,94,88,84,79,93,118,97,76,89,77,153,192,214,221,223,225,225,227,229,231,231,232,232,234,233,234,234,236,236,237,238,238,241,241,241,244,245,245,248,250,251,252,254,255,255,255,255,255,255,255,255,255,255,255,255,255,255,255,255,255,255,255
253,253,252,253,253,253,253,253,252,252,252,252,252,252,251,251,250,250,249,250,250,249,249,248,246,245,243,244,243,242,240,237,237,235,236,234,235,231,230,228,225,226,223,222,222,220,218,217,213,213,213,211,211,211,209,204,203,203,206,202,179,95,82,65,80,62,74,77,78,69,114,95,116,95,95,95,74,67,78,85,96,100,100,104,107,103,99,98,100,105,107,99,99,91,93,100,97,107,94,83,96,113,118,102,105,104,95,93,98,113,98,103,98,105,102,106,108,106,105,93,90,90,73,62,65,69,80,86,76,90,90,84,77,84,89,83,90,90,98,104,109,98,88,100,112,88,76,106,154,209,200,211,218,221,223,224,227,227,229,228,230,231,231,233,233,234,236,237,237,238,240,242,242,244,245,246,248,250,252,252,255,255,255,255,255,255,255,255,255,255,255,255,255,255,255,255,255,255,255,255
252,252,251,252,252,251,251,251,251,251,251,251,251,251,250,250,249,249,248,248,247,246,245,244,242,241,241,240,239,237,235,234,233,233,231,229,228,226,224,223,221,220,218,216,215,214,214,213,211,212,208,203,197,186,178,167,165,180,198,171,114,91,85,83,62,69,70,88,74,80,125,113,94,93,90,82,81,71,85,98,99,90,84,80,81,76,77,79,81,85,88,76,86,75,87,100,95,105,109,91,101,112,114,103,94,97,98,100,101,105,101,101,108,110,111,120,117,108,113,104,96,73,70,83,94,94,92,87,73,83,88,87,72,83,91,65,66,66,75,98,82,90,86,102,101,90,94,133,175,197,213,210,216,218,218,221,222,224,225,226,227,228,230,230,232,233,234,235,237,238,240,240,242,245,244,246,249,250,252,254,254,255,255,255,255,255,255,255,255,255,255,255,255,255,255,255,255,255,255,255
250,250,250,250,250,249,249,249,249,250,249,249,248,248,248,247,247,246,245,245,244,243,242,240,239,237,238,237,234,232,231,229,228,227,225,225,223,221,217,219,217,216,216,211,210,206,201,200,196,192,192,186,171,155,176,195,202,200,174,103,115,115,104,82,64,85,97,99,84,101,88,122,101,74,88,83,77,70,83,89,85,78,74,72,67,63,69,78,90,78,85,86,85,87,109,108,104,93,92,93,99,102,106,104,103,106,102,109,111,107,115,113,116,114,121,125,129,118,120,105,85,88,96,113,122,121,118,112,91,89,88,86,72,68,85,79,71,70,92,103,87,88,98,111,95,94,116,149,199,207,209,210,213,215,215,219,219,220,221,224,223,225,227,229,229,230,234,234,235,236,239,240,242,244,244,246,250,252,253,253,255,255,255,255,255,255,255,255,255,255,255,255,255,255,255,255,255,255,255,255
249,249,249,248,248,249,249,248,248,246,246,246,246,245,245,245,244,243,242,241,240,239,237,236,235,234,233,231,230,227,226,224,223,222,220,219,219,216,215,217,214,209,203,198,191,184,183,182,189,198,189,170,159,195,199,201,202,193,114,89,127,135,123,54,76,80,88,96,90,100,76,78,106,76,86,91,66,71,70,77,76,82,87,87,82,74,71,71,77,84,96,95,94,106,126,107,107,100,108,110,111,115,120,116,110,116,118,112,117,117,118,131,121,126,130,123,127,123,110,112,111,112,130,141,137,135,123,114,99,82,83,87,78,74,70,70,81,97,104,95,85,78,90,85,76,89,122,160,201,207,207,209,211,212,212,214,216,217,218,221,220,223,225,225,228,228,230,232,234,236,237,240,242,243,245,246,251,252,254,254,255,255,255,255,255,255,255,255,255,255,255,255,255,255,255,255,255,255,255,255
247,247,247,246,246,246,245,245,246,245,245,244,243,242,240,239,241,240,239,237,237,236,233,231,230,229,229,225,224,222,222,220,218,217,215,215,212,210,208,202,197,196,198,198,190,182,180,185,195,193,181,156,189,199,199,201,203,179,83,99,116,105,112,62,88,62,84,92,81,114,78,64,96,77,88,86,73,85,76,78,78,89,92,98,97,96,93,87,89,86,98,98,100,112,122,119,120,121,113,121,124,130,130,114,116,127,128,126,132,127,126,135,128,134,135,129,128,120,118,121,130,144,151,147,138,120,114,110,105,89,74,76,71,69,68,63,72,80,88,101,99,100,115,83,70,95,142,200,211,202,204,205,207,209,210,212,213,214,216,218,218,220,221,222,225,225,227,228,231,233,235,238,241,243,244,247,250,252,254,254,255,255,255,255,255,255,255,255,255,255,255,255,255,255,255,255,255,255,255,255
245,245,244,243,244,244,243,242,242,241,243,242,241,240,239,239,238,235,233,232,232,231,229,228,227,226,224,221,219,217,215,214,213,213,210,201,197,193,192,191,190,191,195,198,191,184,182,187,193,188,176,162,200,203,203,204,205,166,76,87,87,118,112,66,70,85,101,84,71,96,64,67,86,78,77,60,73,85,77,78,88,92,102,102,102,108,110,107,103,96,101,100,101,110,117,115,122,122,124,129,132,134,131,113,116,124,139,134,141,137,132,138,132,134,134,133,127,119,126,140,160,160,147,137,132,119,115,116,108,93,77,65,71,60,63,63,75,77,82,112,96,74,68,103,98,109,169,201,197,198,202,201,203,206,208,209,210,211,212,213,214,216,217,219,222,222,225,225,227,229,232,235,237,241,243,245,248,251,252,252,254,255,255,255,255,255,255,255,255,255,255,255,255,255,255,255,255,255,255,255
243,243,242,241,241,240,240,240,240,239,239,239,238,236,236,235,234,232,232,231,229,228,227,224,221,219,217,215,213,210,210,206,199,194,191,189,189,188,190,189,188,188,190,193,188,186,187,190,192,187,168,172,201,203,203,204,205,158,77,82,85,106,111,91,75,104,86,88,109,89,73,77,79,104,77,76,84,78,75,74,87,86,96,105,109,114,117,115,112,106,103,106,107,117,113,121,126,122,127,134,136,134,137,125,126,132,147,145,147,146,142,146,140,141,127,135,134,137,153,166,159,149,140,134,130,125,113,111,95,87,91,81,87,65,62,64,79,66,82,90,86,67,69,84,95,143,168,197,195,197,200,198,203,201,204,206,206,209,209,210,210,213,214,215,217,219,221,222,223,226,227,231,231,234,240,242,247,250,249,251,253,254,254,255,255,255,255,255,255,255,255,255,255,255,255,255,255,255,255,255
240,239,239,240,239,238,236,236,237,236,237,236,234,233,233,231,229,227,226,225,225,223,220,216,216,213,210,207,203,200,195,194,193,193,190,186,186,186,189,188,187,188,189,189,185,187,190,192,192,187,164,181,204,204,204,206,208,161,79,81,88,98,122,103,122,80,91,100,101,81,76,77,99,98,84,69,68,74,78,83,80,83,92,102,109,111,116,115,114,118,115,116,116,120,119,124,127,125,140,135,138,140,140,133,131,143,145,149,150,149,148,150,147,146,143,142,145,165,165,151,143,135,136,133,131,123,120,111,105,100,81,98,102,78,57,60,67,78,80,80,73,86,78,96,104,142,184,218,205,193,193,203,206,200,200,199,203,204,206,206,210,209,210,214,215,215,219,218,220,221,225,226,228,230,235,238,242,244,246,250,251,252,253,255,255,255,255,255,255,255,255,255,255,255,255,255,255,255,255,255
238,237,237,237,238,237,235,235,234,234,233,233,231,230,228,226,226,224,224,223,219,217,216,213,210,205,195,193,192,190,190,191,191,196,189,183,182,185,187,189,189,188,189,188,186,187,190,192,192,187,164,185,207,205,205,207,209,181,78,81,82,101,107,121,122,112,105,86,105,83,88,98,90,75,88,88,71,87,85,97,86,84,94,103,112,108,114,114,113,123,120,124,123,123,122,128,126,131,141,137,139,150,151,140,145,151,154,160,153,147,150,152,149,147,149,156,161,149,143,127,125,126,129,133,130,130,128,128,111,107,96,91,95,81,70,67,71,99,71,83,92,78,112,131,136,167,183,211,231,217,210,210,212,219,209,203,197,199,201,202,206,206,208,208,212,214,214,217,218,219,222,222,227,227,231,234,238,240,243,245,248,251,254,254,255,255,255,255,255,255,255,255,255,255,255,255,255,255,255,255
235,235,234,234,234,233,232,233,233,235,232,230,229,227,226,224,222,222,221,217,215,210,204,199,192,192,192,191,190,188,189,189,192,198,190,180,180,186,189,192,191,190,188,187,186,187,190,191,194,188,169,184,209,207,207,208,209,195,88,79,79,102,93,126,122,108,102,106,122,84,92,95,91,70,103,67,86,77,85,77,78,78,95,101,108,110,108,107,109,123,122,124,123,124,124,128,129,135,142,146,142,152,163,147,157,149,146,154,152,148,149,150,150,153,152,145,133,130,125,123,119,120,125,125,129,125,125,135,119,122,104,91,81,83,69,75,113,104,86,107,102,96,118,125,125,145,182,196,225,225,214,211,214,215,221,217,206,201,200,200,203,201,204,206,210,209,212,214,213,215,219,220,222,225,228,232,233,233,236,240,243,247,250,253,255,255,255,255,255,255,255,255,255,255,255,255,255,255,255,255
233,233,231,231,230,230,230,229,228,227,226,226,224,223,221,222,218,217,212,205,197,189,190,185,190,192,193,193,189,188,188,189,193,199,190,178,178,184,190,194,193,192,188,186,186,186,190,192,196,191,174,175,210,209,208,210,210,203,113,78,77,101,96,98,166,116,105,120,119,98,110,98,120,98,100,90,90,84,86,81,71,83,93,98,103,107,107,106,107,111,118,121,127,123,122,124,127,131,136,143,139,142,146,143,145,141,136,136,137,135,139,139,135,134,125,118,109,115,111,109,118,125,130,133,129,125,122,125,112,126,107,88,88,87,80,78,87,103,93,97,85,126,110,115,175,201,190,173,210,227,217,217,213,214,216,220,217,205,198,202,207,201,202,200,204,207,208,210,210,212,215,218,219,221,224,227,230,231,233,233,237,241,245,248,251,253,255,255,255,255,255,255,255,255,255,255,255,255,255,255
230,230,229,228,228,227,226,226,225,224,223,223,222,221,220,217,212,205,190,180,176,178,182,186,190,192,195,196,189,187,188,190,195,203,193,179,177,184,190,193,193,191,189,186,185,186,189,195,198,192,180,172,211,212,210,211,210,208,152,76,76,100,96,107,135,115,86,131,150,100,131,127,95,89,93,117,117,110,97,61,57,80,89,95,102,105,106,104,107,103,109,108,111,117,119,124,125,124,126,131,131,128,125,126,127,125,125,126,129,128,126,123,118,115,111,105,118,102,105,116,121,119,122,124,119,119,115,114,114,125,110,80,89,105,105,82,72,97,77,100,117,121,112,140,192,216,204,162,205,222,225,224,207,208,213,215,216,214,213,211,211,215,214,207,204,204,204,206,207,209,213,215,216,220,221,224,226,227,231,232,234,238,241,244,247,249,249,252,255,255,255,255,255,255,255,255,255,255,255,255
229,228,227,225,225,224,223,223,222,221,221,220,218,213,204,199,199,199,181,170,169,175,183,189,190,191,194,196,191,187,189,192,197,205,194,179,177,184,191,193,194,192,190,186,184,186,192,200,204,197,186,166,210,214,211,213,212,212,192,84,79,98,98,104,115,144,80,147,128,100,161,137,112,83,99,150,133,121,105,71,78,78,86,95,103,99,106,109,108,106,104,100,95,107,105,117,115,118,120,122,121,118,105,108,106,101,98,91,89,100,97,99,106,96,89,101,124,111,113,118,113,113,119,118,115,114,106,113,123,117,122,88,95,105,83,98,101,120,106,117,104,138,156,176,219,214,205,167,202,220,227,223,204,207,211,214,214,215,212,215,218,217,213,217,210,206,203,203,204,207,210,211,213,217,219,222,223,225,227,229,232,233,237,240,241,243,245,248,251,251,254,254,255,255,255,255,255,255,255,255
226,225,224,223,222,222,222,222,219,216,207,198,188,185,185,188,197,199,178,166,166,173,182,188,189,190,192,195,193,190,190,194,200,208,194,182,180,186,192,194,194,193,191,185,183,186,192,200,204,198,192,168,204,216,217,216,215,214,207,126,76,97,98,92,123,143,119,136,137,123,155,154,127,103,143,143,116,103,127,104,83,96,90,92,98,96,100,105,110,111,109,105,99,109,115,108,97,94,86,100,91,82,88,88,78,96,95,94,84,91,92,93,94,95,98,103,105,113,114,113,118,107,122,125,115,121,107,109,129,101,103,99,103,110,102,103,114,144,120,121,131,152,169,194,221,219,208,172,198,221,226,219,208,207,211,213,213,213,213,210,215,218,209,214,220,209,204,203,205,205,205,207,211,212,215,217,221,222,224,226,227,230,234,236,238,239,241,243,246,246,247,250,251,254,255,255,255,255,255,255
223,223,222,220,217,212,209,204,191,183,184,184,184,183,181,185,198,198,176,164,164,170,178,186,187,190,192,196,195,190,191,196,202,209,194,185,182,187,193,194,195,195,191,186,184,187,192,200,207,204,198,179,187,218,219,218,218,214,207,179,74,91,99,96,105,126,145,147,143,129,133,142,126,108,155,126,113,136,109,68,67,76,82,88,96,95,100,101,101,113,118,114,107,110,109,107,101,98,92,108,95,94,96,97,100,102,101,99,97,103,94,96,113,109,114,110,117,114,114,107,109,104,112,117,103,126,115,145,141,117,91,123,124,97,101,159,127,127,148,114,158,158,186,224,221,222,215,182,194,219,227,212,207,209,212,212,212,211,217,211,218,218,213,203,211,226,219,211,208,212,208,208,207,212,213,214,217,219,223,225,224,229,231,235,236,236,238,239,241,242,245,247,248,249,251,253,253,254,254,255
215,210,205,200,195,193,192,182,178,180,180,179,177,175,176,182,199,194,172,161,162,167,177,185,188,189,192,194,194,192,192,196,203,210,197,186,185,190,194,195,196,196,192,184,185,188,193,200,209,208,204,190,174,218,222,221,219,215,215,206,109,86,101,97,93,99,139,166,163,164,154,170,147,130,122,114,148,113,79,64,67,82,77,85,101,104,105,103,103,114,118,114,108,105,107,105,113,112,108,105,108,105,105,103,106,105,112,114,101,111,103,102,102,102,106,107,116,115,117,105,110,109,123,129,109,109,112,115,113,118,101,148,153,154,130,165,140,131,161,176,166,188,213,222,225,224,218,189,194,217,224,217,206,210,212,212,210,211,211,218,220,217,222,206,200,218,227,224,224,219,219,219,213,209,208,211,213,214,215,221,219,225,228,233,232,233,236,237,239,241,242,243,244,244,245,249,249,250,251,253
196,192,190,187,184,183,183,179,175,178,179,176,175,174,175,181,202,191,169,161,162,168,174,181,186,188,190,194,195,193,192,196,202,210,201,188,188,190,196,198,198,198,191,184,185,189,192,198,207,209,210,200,173,205,223,223,221,217,217,216,170,83,95,100,97,95,95,103,152,167,153,163,166,148,135,146,151,105,96,121,123,109,87,91,100,107,98,100,105,112,112,110,104,108,110,114,117,115,116,114,109,120,115,117,116,113,111,119,115,114,110,108,105,105,106,109,111,114,115,112,113,114,117,116,105,93,117,125,135,121,126,121,156,167,152,157,171,177,174,180,150,187,223,225,227,227,220,187,195,219,218,216,209,210,211,212,210,210,214,216,221,219,224,210,200,204,233,224,221,225,225,222,225,220,209,207,211,212,212,214,214,219,223,229,229,231,234,233,237,239,239,240,242,241,244,245,246,246,248,247
190,188,185,184,181,181,181,178,176,178,177,175,174,174,176,182,202,190,167,161,161,166,172,179,185,186,188,192,195,195,195,197,201,211,203,190,190,192,199,200,200,200,191,180,183,189,192,198,204,208,213,204,185,185,223,225,222,219,217,217,211,121,90,100,100,96,98,103,106,147,173,158,168,152,105,139,137,119,149,125,85,89,104,136,96,87,86,94,102,102,113,107,103,108,111,114,115,115,114,114,114,119,120,122,122,115,120,117,113,116,114,112,114,116,117,115,109,115,115,116,115,115,110,122,91,83,96,110,119,144,92,114,146,148,136,137,144,178,196,201,160,193,222,232,231,230,220,183,195,222,222,213,214,214,209,209,211,212,218,212,222,222,225,216,199,202,220,232,215,222,227,226,225,229,222,211,209,206,209,211,211,215,220,221,224,227,231,232,232,236,236,238,240,239,243,243,243,243,245,247
188,186,184,183,180,181,181,177,176,177,177,175,174,175,176,183,203,190,168,160,161,164,172,178,183,185,187,191,195,196,197,198,202,208,207,192,191,194,199,203,204,202,192,180,183,190,192,197,202,208,215,210,194,172,215,224,225,223,219,218,219,188,90,92,101,96,95,99,104,103,134,187,136,129,128,144,161,152,145,101,78,109,99,134,118,84,84,90,96,105,109,100,102,108,115,113,113,112,106,112,114,117,123,118,125,124,122,119,118,116,113,116,118,120,126,111,110,117,125,123,113,110,105,100,122,97,113,93,108,127,105,101,151,166,153,120,155,190,154,136,112,199,225,231,238,236,219,179,196,224,226,209,212,215,212,209,211,212,217,213,221,225,226,226,204,203,210,237,214,215,227,228,224,226,226,220,209,206,211,208,212,213,213,217,218,223,223,226,230,232,232,235,237,238,239,241,241,241,241,243
185,184,183,183,181,180,180,177,177,178,177,175,176,175,175,184,205,188,168,160,160,165,171,176,182,184,188,190,195,196,197,198,202,207,210,194,193,195,200,202,207,205,193,181,181,190,193,198,201,206,218,214,200,180,191,224,226,226,221,220,220,218,143,90,100,97,97,93,81,87,102,178,169,136,129,123,166,166,120,78,88,122,145,129,111,84,83,86,114,105,100,100,104,110,115,111,115,113,118,112,115,116,122,126,122,118,130,132,128,129,118,118,119,120,119,114,118,116,135,127,107,101,94,107,92,123,138,107,115,118,145,146,167,175,144,132,161,171,153,126,115,208,228,232,240,238,218,178,200,223,229,214,211,212,211,208,211,214,215,217,221,224,227,229,210,200,203,233,219,215,230,230,222,224,224,224,222,206,201,198,202,208,214,215,215,215,218,220,223,225,228,232,232,233,236,239,237,238,240,241
186,185,183,183,182,181,181,178,177,179,178,176,176,175,176,186,206,188,166,159,159,166,171,176,180,183,187,191,195,197,198,198,201,206,215,197,194,195,199,202,209,208,194,181,179,189,194,198,200,202,216,218,204,195,175,220,227,227,225,223,223,223,209,106,90,98,97,93,91,111,122,158,176,171,162,149,177,136,139,109,123,135,140,114,110,100,109,106,101,88,96,96,103,111,115,113,107,106,114,112,113,112,111,118,122,120,121,133,124,131,122,126,126,120,119,117,119,117,116,127,114,95,108,104,115,115,165,135,132,137,175,177,180,175,123,155,151,162,126,96,152,215,225,236,242,237,213,176,210,226,234,214,212,211,209,210,212,214,215,218,221,226,226,229,220,200,200,217,233,213,230,229,220,220,225,223,223,226,214,204,197,197,203,211,219,220,218,216,218,221,223,225,226,229,233,235,235,235,237,238
186,184,184,183,181,180,180,178,178,178,177,176,176,176,178,188,207,186,165,158,158,166,172,176,179,182,187,191,196,197,199,199,201,207,215,201,194,196,199,202,210,210,194,181,180,189,194,198,201,203,216,221,208,197,181,200,229,230,228,224,222,223,223,179,87,93,96,98,99,96,115,121,154,155,165,155,168,118,125,124,123,125,154,135,110,109,104,118,90,100,93,102,104,112,103,110,102,108,114,105,111,118,111,115,118,115,123,122,117,124,122,126,132,135,136,136,127,121,128,120,116,113,119,129,157,117,162,163,155,179,178,193,174,190,155,159,155,132,112,95,190,222,225,239,243,240,205,177,219,234,226,225,212,209,210,212,212,217,218,220,221,228,224,229,227,203,198,202,236,219,229,229,224,222,228,224,221,222,225,219,211,199,192,188,195,211,224,220,216,218,219,219,221,224,226,231,231,233,235,237
186,186,184,183,182,180,180,179,179,179,179,176,176,178,181,189,208,183,164,158,158,166,172,175,179,182,187,192,195,198,199,201,203,207,214,206,197,197,199,202,208,210,197,183,179,187,194,198,202,203,213,220,209,197,186,178,220,230,231,228,222,221,226,222,154,87,94,95,97,93,113,102,105,152,167,168,165,139,106,124,138,133,136,102,123,102,123,123,94,81,98,96,89,100,102,117,100,108,99,106,98,112,118,117,113,102,104,108,116,102,110,126,128,131,124,127,116,104,104,124,124,119,102,142,147,127,168,157,166,170,177,178,169,196,139,113,144,124,100,118,213,220,231,245,246,232,189,191,233,244,222,230,215,207,209,211,214,218,219,221,224,226,226,229,230,213,198,197,219,227,227,230,225,223,224,223,215,219,222,221,215,206,198,187,185,187,196,214,219,215,217,218,218,217,220,226,225,227,228,231
187,187,186,184,182,182,181,179,179,179,179,178,178,178,183,194,207,182,163,157,159,167,173,176,180,182,187,191,195,198,200,201,204,207,215,212,201,196,199,201,210,212,199,184,177,183,193,199,205,204,210,219,212,200,187,185,190,228,230,230,228,225,224,227,214,128,90,90,89,111,109,112,119,98,159,165,175,161,148,145,144,117,149,98,131,124,118,105,83,104,96,107,91,100,101,106,107,110,97,104,103,104,116,116,112,110,103,102,102,94,98,108,120,121,115,124,113,99,118,122,118,134,99,114,167,122,145,169,155,114,169,195,190,192,122,115,120,110,96,167,221,222,237,250,246,218,175,206,242,248,221,224,222,207,209,209,218,219,220,220,224,226,226,228,232,222,202,195,204,229,228,229,222,222,224,223,211,214,225,220,215,208,200,194,188,185,189,197,207,216,219,217,216,216,216,219,221,222,223,228
189,189,187,185,183,181,181,181,181,181,180,180,179,180,185,202,204,180,162,157,161,168,173,177,181,184,188,190,194,197,201,202,204,207,215,218,207,198,199,201,209,211,201,183,177,180,191,199,205,204,207,218,218,202,189,190,182,213,229,231,232,228,225,225,224,206,112,89,90,87,93,100,109,106,141,124,149,153,177,153,140,124,139,127,124,124,105,111,98,112,88,101,98,105,97,96,99,104,107,102,112,113,127,114,104,102,108,92,91,99,93,96,107,109,96,102,94,95,103,128,122,147,107,127,140,161,124,149,155,155,178,189,178,166,130,118,119,99,108,205,223,230,244,249,244,202,179,209,252,244,216,212,227,210,209,210,217,220,221,222,224,226,228,229,232,228,206,195,195,226,230,228,222,221,225,223,208,205,219,217,209,204,197,198,197,187,186,191,201,205,210,216,214,209,207,208,206,209,212,215
190,190,190,186,183,181,182,183,182,181,180,180,180,181,186,208,198,176,161,156,162,168,175,179,182,185,189,191,194,197,199,202,203,205,214,219,216,206,202,202,211,212,200,183,175,178,190,198,204,206,208,216,220,205,191,192,189,188,227,232,234,231,227,226,224,223,202,108,92,91,86,92,101,102,84,101,118,130,145,134,137,123,119,85,92,137,108,115,109,93,97,93,96,100,85,79,80,107,116,103,113,122,101,102,107,110,105,94,98,98,88,80,103,110,101,86,90,89,111,101,143,120,120,128,158,145,137,167,152,159,183,178,158,128,113,118,100,90,162,219,225,236,245,251,229,183,193,218,255,240,212,213,223,211,209,211,215,220,222,222,224,227,228,229,233,232,207,193,191,215,233,226,222,218,223,218,207,202,214,217,208,201,195,189,193,191,191,193,199,199,199,204,212,217,208,197,189,191,191,192
191,190,191,188,184,181,184,186,185,181,180,181,181,184,190,212,196,172,162,157,163,169,176,180,182,185,191,190,194,196,200,202,204,205,212,217,220,210,204,205,212,213,202,184,175,176,188,197,206,207,213,217,220,207,193,194,194,193,199,230,232,232,230,228,225,226,223,199,112,94,91,85,84,91,97,121,92,121,122,118,153,124,131,98,114,153,87,104,119,98,102,96,88,108,83,84,89,118,109,118,103,123,92,102,97,98,92,100,95,99,85,89,88,95,97,93,87,101,121,99,123,118,134,132,138,154,144,154,164,162,178,152,142,113,111,105,91,113,206,225,227,238,246,249,209,179,198,229,255,233,215,212,217,212,211,215,217,221,222,220,225,227,228,231,233,231,210,195,190,205,235,227,221,216,216,214,208,205,211,214,208,197,193,191,188,189,189,192,198,197,196,195,200,214,214,214,204,193,186,184
192,192,193,188,185,182,184,189,187,181,181,182,183,186,198,215,192,171,161,158,163,171,176,180,182,186,191,191,195,194,199,202,204,205,211,216,220,217,210,208,211,213,205,188,176,175,187,199,205,208,214,218,220,207,195,192,192,198,190,216,231,234,234,230,229,226,225,224,199,110,91,90,85,88,107,106,71,101,104,108,160,122,133,98,119,142,135,115,119,108,123,105,105,105,86,100,95,110,99,105,108,105,100,98,90,93,93,102,122,93,90,93,111,84,89,106,98,101,132,114,105,120,123,129,120,131,136,159,172,165,196,146,126,111,109,90,88,182,225,228,232,243,249,239,189,184,195,236,255,229,217,213,212,212,218,220,216,218,221,221,226,228,228,230,232,234,214,196,191,194,231,228,225,214,213,213,210,206,208,209,207,196,193,192,190,187,188,187,195,197,197,196,195,201,206,208,209,203,199,193
193,193,194,189,184,182,184,188,186,183,181,182,185,188,203,214,190,169,161,159,164,172,178,180,183,187,190,194,194,196,200,204,204,206,211,216,220,220,214,211,212,212,205,191,179,174,184,195,203,207,214,218,221,208,197,191,193,198,200,193,223,231,234,232,231,227,226,227,225,196,112,91,91,93,108,79,94,118,127,121,141,149,126,132,131,146,136,105,139,128,110,102,87,81,93,120,95,110,103,115,98,100,108,108,88,99,90,85,144,104,97,129,116,78,104,114,126,102,128,113,129,141,106,126,163,129,127,162,191,172,167,117,110,110,88,82,149,214,229,231,238,247,247,220,180,193,204,236,255,228,218,215,210,211,218,220,213,217,219,221,225,229,230,233,233,230,216,197,192,189,222,233,226,216,210,214,211,207,205,207,204,199,193,193,189,188,188,188,192,194,195,192,193,198,202,203,206,204,201,199
194,193,193,189,184,182,184,187,186,185,184,185,185,193,206,211,185,167,160,158,163,173,179,181,183,188,191,194,195,196,200,204,205,207,209,212,217,220,217,214,214,213,208,193,181,175,181,195,202,207,214,220,221,211,197,190,194,196,201,200,198,231,233,234,234,232,230,229,226,223,201,123,92,93,112,104,98,106,120,134,129,122,141,165,150,122,123,129,131,108,115,118,95,89,86,117,84,118,98,96,83,117,106,106,112,104,92,84,146,97,91,120,120,103,122,110,118,103,110,124,148,115,119,113,135,146,129,182,172,172,126,107,107,89,78,124,210,226,228,235,244,248,238,196,186,194,209,238,254,229,220,215,208,211,217,219,214,215,218,220,225,232,233,234,233,233,215,201,194,188,205,231,225,215,211,214,210,207,204,205,201,200,195,192,188,187,189,189,191,193,192,192,192,194,197,200,202,203,200,199
194,194,194,190,183,182,184,187,188,188,187,187,187,195,214,208,182,165,160,159,163,174,181,182,184,188,192,193,194,195,198,203,205,206,208,210,216,221,222,219,218,214,206,194,182,176,179,193,201,206,217,220,219,211,200,190,193,195,200,206,195,211,232,234,236,235,232,233,232,225,222,209,138,90,93,93,93,95,116,121,121,99,120,126,140,125,141,138,123,130,121,136,91,106,105,108,77,113,104,80,98,119,116,87,102,94,78,97,120,100,87,117,98,107,114,114,116,122,112,124,160,128,144,132,147,144,154,174,160,163,120,107,90,83,108,200,223,226,235,245,246,246,217,182,197,198,211,241,252,232,221,213,206,209,218,219,218,214,214,220,225,233,234,235,235,233,216,203,192,190,192,229,229,217,212,212,209,207,203,201,199,199,196,194,190,187,190,189,190,195,192,191,191,192,192,196,199,200,202,197
195,194,194,190,184,183,184,187,188,189,189,189,193,201,216,203,180,166,159,159,165,173,182,183,186,189,191,192,194,196,198,201,204,205,207,210,214,220,222,222,220,217,208,195,183,178,179,192,200,209,215,224,219,213,203,192,189,194,198,205,208,199,216,231,235,237,236,235,233,229,228,228,217,165,93,93,93,92,90,119,118,142,138,145,155,141,163,129,143,143,153,126,118,132,103,122,77,119,96,76,112,141,95,89,102,95,81,97,96,102,96,112,97,103,103,134,123,117,117,102,126,154,152,117,135,170,165,142,158,121,119,90,75,103,194,221,228,234,245,246,245,231,191,193,198,198,212,244,252,227,219,213,205,206,216,220,220,214,212,222,222,234,235,237,234,232,214,205,195,190,188,221,230,218,213,212,210,205,202,200,198,197,196,193,190,189,188,186,189,194,193,192,191,191,191,191,193,198,200,198
197,195,195,192,185,183,184,186,188,190,189,189,195,206,217,199,178,163,160,161,165,174,183,185,188,189,191,192,194,195,196,200,203,204,206,208,213,219,224,223,223,217,208,195,184,178,180,189,198,206,213,224,222,214,202,192,185,191,198,204,208,210,197,214,231,234,237,238,236,231,230,230,229,227,195,119,91,94,93,91,102,144,151,150,133,148,163,162,128,151,149,155,115,102,95,99,96,113,108,92,125,103,99,106,98,115,95,112,105,88,111,92,109,122,122,147,129,114,126,125,134,176,118,155,137,160,151,113,122,102,95,76,98,196,223,233,233,241,249,248,239,201,184,195,199,199,213,246,250,234,219,212,203,205,217,219,222,217,213,217,224,234,235,238,233,232,214,206,194,191,188,213,230,220,217,212,208,204,200,197,195,195,193,192,191,189,188,187,189,192,194,193,192,192,191,190,192,195,200,199
198,195,194,191,184,181,183,187,188,190,190,192,199,211,217,196,177,163,161,161,168,177,185,187,188,189,191,191,194,195,195,199,201,203,204,206,212,219,225,225,225,217,209,196,184,179,179,186,197,202,213,224,227,216,204,194,186,187,196,205,207,213,210,198,212,234,236,238,239,234,232,230,229,229,229,220,159,98,95,96,106,94,88,142,127,132,170,187,146,104,169,110,152,135,125,106,93,112,121,94,116,89,100,97,101,141,120,102,86,116,130,99,120,120,137,123,102,129,113,117,160,172,190,179,159,120,120,90,100,84,76,96,194,222,229,233,237,247,250,245,215,187,193,200,200,202,214,247,250,235,217,211,203,204,217,220,224,215,212,216,225,234,237,237,235,229,213,204,193,190,188,207,231,222,212,211,209,203,199,196,194,192,192,192,193,190,187,188,190,192,194,194,192,192,190,190,192,193,197,200
199,196,194,190,184,181,183,188,188,190,192,192,200,213,216,194,177,164,161,162,169,178,185,187,190,191,193,193,194,194,195,197,201,203,204,204,210,215,224,226,226,221,209,197,185,180,179,184,195,204,209,221,226,220,207,195,187,186,191,203,203,208,214,215,200,213,234,236,241,236,237,233,233,231,230,231,227,202,129,95,98,95,92,102,140,102,151,165,155,122,133,153,112,142,140,104,76,110,114,123,116,114,97,79,97,126,86,107,103,98,121,140,100,93,96,97,100,117,112,142,173,179,169,144,108,97,101,90,80,74,107,204,226,229,233,236,247,252,247,222,193,191,193,200,204,209,215,251,251,233,216,209,204,204,214,221,219,212,213,219,225,231,236,238,236,227,211,202,194,190,188,194,225,226,212,211,209,201,198,198,194,191,194,192,194,190,188,186,191,191,194,192,193,190,192,191,191,192,195,197
199,198,195,190,184,181,182,189,189,189,192,192,202,216,213,192,175,163,162,162,169,181,186,188,190,191,193,193,194,194,195,198,200,202,204,204,209,214,224,229,229,222,210,196,186,181,180,183,193,202,208,220,225,223,215,200,190,184,188,199,204,208,212,216,217,198,213,235,239,240,236,239,235,234,232,231,227,230,223,184,121,92,96,97,136,83,132,138,162,160,143,125,111,155,136,131,109,122,81,71,96,117,120,86,88,103,83,94,87,99,104,139,117,88,95,94,129,97,117,156,173,162,141,119,94,90,83,75,73,132,215,231,232,237,240,245,253,250,228,202,189,194,194,203,210,212,221,250,253,233,216,209,206,205,210,221,217,213,213,220,224,229,236,237,236,225,211,203,194,191,189,193,218,230,214,211,207,201,198,196,195,192,193,192,192,191,189,187,189,190,191,192,191,191,192,192,192,191,193,194
200,199,195,190,185,181,183,189,189,189,193,194,207,220,211,190,173,163,162,163,172,182,189,189,193,192,191,193,195,195,196,198,200,202,203,204,207,215,223,230,232,225,211,198,188,182,181,181,191,201,211,223,226,226,220,208,199,187,185,199,202,204,210,216,218,219,202,211,232,239,238,239,238,236,237,232,230,230,232,232,216,169,109,106,88,102,119,119,128,141,149,137,134,167,143,164,144,97,121,91,90,109,99,92,89,103,88,102,74,115,132,135,130,121,140,157,141,132,117,142,117,120,125,106,85,79,74,93,178,229,236,238,239,244,247,251,251,234,212,189,199,197,199,207,210,213,223,252,252,234,216,209,206,206,210,220,216,215,217,222,223,228,233,236,237,225,212,203,196,192,188,192,210,233,220,210,207,202,199,196,195,193,192,191,194,191,190,190,188,190,191,191,192,193,191,191,192,194,193,194
201,198,195,188,184,182,183,188,190,190,195,200,213,223,208,188,170,162,162,165,173,184,190,192,194,194,192,193,195,195,196,197,199,201,204,204,206,212,220,228,233,226,212,199,190,183,181,181,189,201,212,223,226,224,219,211,201,190,183,194,199,202,211,218,220,221,223,208,206,232,235,243,241,239,238,238,233,232,233,234,229,226,211,170,104,85,107,103,130,129,104,129,97,139,156,164,136,131,93,113,121,118,101,98,113,134,120,129,100,141,114,134,130,128,138,166,147,142,120,102,99,95,96,91,73,73,134,214,239,237,238,242,244,247,252,250,239,217,193,207,203,198,203,208,213,216,230,252,254,233,216,211,207,205,211,217,214,217,218,222,222,227,232,237,238,226,211,203,195,193,190,193,202,230,222,212,207,204,201,196,194,193,192,193,192,189,189,192,189,190,191,192,191,194,192,193,193,194,194,194
202,198,196,189,185,183,185,187,192,192,196,202,215,222,203,186,169,162,162,165,174,185,192,193,193,194,193,193,194,194,196,197,199,201,204,204,206,210,218,227,231,227,213,199,190,185,182,180,189,201,211,219,225,224,220,211,202,194,186,188,200,203,206,215,217,219,219,226,209,199,224,236,239,242,240,240,237,232,232,231,230,234,230,224,214,172,118,79,91,130,125,96,93,128,108,107,106,132,129,104,97,97,102,139,155,130,123,143,133,111,135,118,150,143,137,117,83,84,79,82,83,79,94,71,116,200,234,240,239,238,240,244,247,252,253,247,221,195,207,208,199,199,206,211,216,219,234,255,253,232,216,213,209,206,209,215,218,217,216,222,218,224,231,241,238,226,211,204,197,192,191,190,196,222,227,212,208,206,200,198,195,193,193,191,192,190,192,191,190,191,191,192,191,193,194,194,194,194,194,195
203,199,195,189,184,182,184,189,191,193,196,204,216,221,200,183,168,163,163,166,177,186,193,193,193,193,193,193,194,194,195,197,198,200,204,206,207,209,215,226,231,230,219,203,193,186,183,181,187,198,211,220,227,226,221,212,205,195,189,187,195,201,203,209,215,218,218,221,231,216,195,220,237,241,242,242,237,236,234,233,233,231,233,232,229,229,220,195,143,107,106,88,101,117,130,123,117,125,135,118,112,98,100,131,151,154,121,124,132,120,134,125,129,108,84,83,84,84,80,75,70,85,141,201,231,242,240,240,241,244,248,251,254,255,251,227,197,210,214,205,199,203,204,211,215,220,236,255,252,231,218,214,206,205,208,213,219,215,212,220,218,226,232,241,241,226,212,204,198,194,190,189,194,214,233,215,208,206,200,197,195,193,192,192,192,192,192,191,192,191,192,192,191,192,194,194,194,195,194,194
203,199,193,190,183,181,182,189,191,194,196,206,217,217,196,181,167,163,163,169,179,188,192,193,193,194,194,193,194,195,197,197,197,200,203,206,208,211,217,226,233,233,221,205,196,187,182,181,191,200,209,221,227,227,223,214,206,200,191,188,193,198,203,205,213,218,219,216,227,231,224,200,210,236,239,241,240,240,237,234,233,235,234,234,232,231,230,232,229,218,194,149,113,106,115,116,120,100,98,101,144,118,113,131,137,143,117,113,89,121,113,98,82,92,79,74,73,68,71,116,170,226,244,245,246,246,247,246,247,248,253,255,254,253,232,198,213,217,211,203,203,204,203,211,215,223,245,255,254,232,219,215,207,205,206,214,220,214,211,214,218,228,234,239,237,224,209,203,198,194,190,192,194,208,235,217,210,206,201,197,196,193,193,192,193,194,192,193,192,193,193,191,190,192,194,194,195,197,195,194
204,199,194,190,184,182,182,188,191,193,200,209,220,214,195,180,167,162,162,169,179,188,192,194,193,194,195,194,194,195,197,197,199,200,204,207,209,211,216,227,233,233,222,206,196,188,183,180,190,200,210,220,227,230,225,218,207,203,193,191,191,197,201,207,211,218,221,217,223,231,235,230,208,200,228,239,240,241,240,238,235,239,239,236,235,233,233,233,233,235,232,231,226,211,188,150,142,120,96,70,115,123,102,112,125,95,84,87,68,71,99,95,81,82,64,70,102,150,210,242,251,250,245,246,245,247,248,250,251,250,255,255,251,231,202,216,219,217,211,207,204,204,204,212,215,227,243,254,254,235,221,216,207,206,209,214,217,210,208,212,223,227,231,239,239,224,209,203,198,194,190,191,193,203,228,223,211,207,201,199,197,194,192,191,192,193,192,192,193,193,192,192,192,193,195,195,195,196,195,194
205,199,194,189,183,181,182,185,190,195,204,212,220,213,194,179,167,164,165,172,183,189,191,193,193,194,195,196,194,193,196,197,198,199,204,208,208,209,212,223,232,233,224,209,198,191,186,181,188,198,209,219,226,232,227,222,208,202,194,191,193,198,200,204,206,211,219,221,220,225,233,236,232,222,199,217,234,242,242,239,239,242,242,240,239,238,236,236,237,236,236,236,237,237,237,235,229,232,212,198,179,153,149,125,140,100,91,89,83,82,92,101,121,156,181,221,243,251,254,253,254,251,248,246,246,253,250,252,253,255,255,252,223,198,222,224,221,214,208,206,204,205,205,211,214,228,238,253,254,235,222,214,208,205,205,210,214,205,206,212,219,228,233,237,239,227,210,207,199,195,191,188,194,199,217,229,213,206,202,200,197,194,193,192,193,193,191,192,192,193,193,192,193,194,195,196,195,196,195,195
207,199,193,189,183,181,183,186,192,197,206,215,223,211,193,179,168,164,165,174,184,190,193,194,194,195,196,197,195,193,197,197,199,200,203,206,207,210,211,220,232,235,227,212,203,193,188,183,188,197,207,219,227,232,227,221,211,204,196,192,192,198,199,203,205,209,217,218,217,220,224,231,234,236,230,211,199,216,236,240,243,244,242,242,241,241,241,237,241,239,239,239,239,239,238,242,239,241,233,234,234,227,227,240,230,223,223,224,219,223,231,232,243,251,253,255,255,254,253,253,255,253,248,252,252,251,251,255,255,255,250,215,204,225,230,224,219,213,209,209,206,204,207,213,215,224,237,253,255,235,222,214,208,206,206,212,212,204,202,210,220,229,233,239,237,226,210,207,199,195,193,189,193,193,211,231,216,209,204,201,197,195,193,191,191,190,192,191,194,193,193,194,194,194,195,197,196,197,198,197
205,199,192,187,183,182,185,189,195,198,207,216,223,208,193,178,168,164,167,176,188,193,195,196,195,199,200,199,197,194,194,197,197,200,203,207,208,210,212,220,230,237,230,214,207,198,189,183,189,196,207,217,227,231,229,224,216,204,198,193,195,199,200,202,202,207,214,214,214,216,220,226,230,236,238,234,223,203,202,218,240,243,242,242,242,242,238,244,241,241,238,241,239,240,237,238,244,239,243,236,239,234,240,244,241,239,239,245,239,240,251,246,250,255,255,255,255,255,254,255,253,255,254,253,254,255,255,253,254,237,207,211,225,231,227,222,219,215,210,208,207,204,206,211,218,223,236,254,255,236,224,214,206,204,206,209,207,202,202,212,221,229,231,239,239,224,209,206,199,195,192,189,191,191,202,229,222,211,205,202,197,196,193,193,191,191,193,194,193,194,195,195,194,194,195,196,196,198,199,200
206,199,193,187,183,182,185,188,194,201,207,217,224,207,194,182,170,165,168,178,188,192,196,196,196,200,203,203,200,196,194,196,198,199,201,205,209,210,214,220,229,238,232,216,207,200,191,183,189,196,206,216,225,231,231,225,218,208,201,196,197,198,201,202,202,205,210,212,211,214,218,221,225,233,237,239,237,230,222,203,200,220,238,240,242,239,242,241,244,242,243,237,242,243,244,241,244,242,243,244,237,238,240,244,244,243,239,244,240,244,251,247,250,255,255,255,255,255,255,255,255,255,254,255,255,255,253,246,217,203,228,227,238,238,227,223,219,215,208,210,206,205,207,211,217,222,236,254,255,237,224,216,208,205,206,208,205,200,202,211,223,227,231,237,238,224,210,207,201,195,194,189,190,191,201,225,228,212,208,202,199,194,194,193,193,192,194,195,195,195,196,195,195,195,195,196,197,199,199,199
208,199,191,187,183,182,186,191,197,203,211,220,225,207,194,181,169,166,168,179,189,193,196,196,196,199,202,204,202,198,195,193,197,199,201,204,208,210,214,220,228,237,231,216,208,201,193,183,188,197,204,214,221,226,231,226,220,209,205,201,197,198,203,206,206,206,208,214,211,213,217,218,223,227,235,239,240,237,235,236,226,207,201,214,227,239,239,244,241,244,240,245,242,247,244,251,243,248,245,250,242,241,245,245,246,245,239,244,240,248,248,249,255,255,254,255,255,255,255,255,255,255,255,255,255,244,221,203,217,227,239,231,240,238,225,219,216,211,208,208,204,205,206,210,216,224,236,253,254,238,224,214,210,206,205,208,205,200,201,212,221,225,231,237,240,226,209,206,201,196,194,189,191,192,195,215,232,214,208,204,200,196,194,194,193,193,192,195,195,195,195,195,195,195,197,197,197,198,198,197
207,199,193,187,185,182,187,192,198,205,213,223,225,205,192,180,170,166,169,180,190,197,198,196,197,198,204,205,207,200,194,193,195,199,201,203,208,211,214,219,228,234,233,223,210,203,195,183,184,196,204,210,217,227,232,231,223,212,210,205,200,199,201,207,210,208,210,213,213,213,213,215,216,221,229,235,235,239,240,239,238,227,220,212,204,202,218,227,242,242,246,241,245,244,246,246,245,246,247,249,248,241,252,245,250,249,245,249,244,250,249,247,255,255,254,255,255,255,255,255,255,255,255,249,224,211,219,224,232,234,244,242,244,234,222,220,219,211,210,206,206,207,209,211,217,224,236,254,252,240,223,212,210,206,206,208,202,202,202,212,216,223,231,239,239,225,212,206,202,197,195,190,191,193,195,205,234,219,210,205,200,198,196,194,193,194,192,195,196,196,195,196,196,196,196,196,198,197,197,197
207,199,193,188,186,184,187,192,199,205,214,224,225,204,194,180,171,167,172,183,192,198,199,197,197,200,203,206,208,201,196,194,195,199,201,202,207,210,214,219,228,235,235,224,213,206,198,187,189,196,206,213,220,230,233,230,223,217,211,205,202,204,204,206,209,209,208,210,211,210,208,211,212,213,220,223,228,235,238,240,239,234,230,225,223,219,212,208,205,210,224,231,242,240,249,241,250,243,251,246,251,244,251,245,248,249,247,254,247,250,252,247,255,252,255,255,255,255,255,253,251,231,216,215,237,238,235,224,232,236,246,246,240,230,217,217,216,212,210,210,205,207,211,214,218,223,236,252,253,240,223,214,210,206,206,204,202,200,201,206,214,220,232,239,238,224,212,206,203,198,194,190,192,192,194,202,228,226,213,209,203,198,195,196,193,196,194,193,195,196,196,198,196,197,196,196,198,198,197,196
207,200,192,187,185,186,187,194,200,208,217,226,224,205,194,181,171,167,176,185,195,200,199,198,197,199,203,206,208,203,198,195,195,199,202,204,206,210,213,216,227,236,238,226,213,209,202,187,187,197,202,212,216,225,233,231,223,221,214,204,203,203,206,208,209,210,207,206,210,210,211,209,211,211,216,219,224,229,234,236,239,240,236,231,230,223,219,221,218,217,209,205,203,210,213,224,226,237,242,243,249,245,247,247,244,253,245,249,247,252,254,245,255,247,249,252,244,236,226,214,216,224,244,250,250,233,226,222,233,242,246,247,238,229,221,220,217,213,211,207,204,206,209,216,218,224,236,252,253,238,223,216,211,206,205,206,203,199,204,208,211,223,234,238,235,224,211,208,204,202,195,192,191,192,192,200,220,230,214,211,203,198,198,197,194,194,194,194,195,195,196,197,197,197,198,198,198,199,199,199
205,199,194,188,186,186,188,197,202,210,218,225,223,204,194,181,171,169,177,186,197,202,200,199,199,199,202,205,207,205,200,196,194,197,201,204,205,209,213,216,226,238,239,226,214,209,204,190,190,198,204,211,218,222,233,233,227,225,217,211,204,202,204,207,211,212,210,208,211,212,213,208,210,213,216,216,221,226,231,238,242,242,236,231,233,229,227,229,226,225,224,224,225,224,215,206,201,205,201,207,211,221,217,223,222,229,226,227,228,225,230,219,220,211,209,212,210,215,225,236,245,251,255,255,247,225,222,224,235,242,248,240,234,223,220,218,215,212,210,205,204,210,212,214,217,225,232,248,254,237,222,214,212,207,206,205,202,200,201,207,211,222,232,237,236,223,212,207,204,201,194,191,190,190,191,195,215,233,217,210,203,201,200,197,196,195,194,194,194,194,195,196,197,198,197,198,198,199,201,199
204,199,194,188,187,186,190,197,205,211,218,225,222,204,195,183,172,169,177,188,198,203,200,200,200,200,202,204,205,205,203,199,195,198,201,204,205,208,210,217,225,236,238,228,214,211,208,193,191,200,206,211,218,222,231,233,225,223,219,216,209,207,203,209,210,210,214,213,211,213,213,211,211,213,216,214,217,222,226,233,239,243,240,237,236,231,226,225,225,226,230,233,234,236,234,234,236,233,230,219,216,219,217,214,213,214,212,213,216,217,217,218,228,232,237,243,250,252,251,255,255,255,255,253,230,219,223,226,235,244,247,238,227,219,218,219,215,211,208,206,207,209,212,214,220,223,234,246,252,238,223,214,211,209,206,205,201,201,201,203,209,216,230,238,236,224,212,209,207,202,195,193,193,190,192,194,209,232,224,212,206,201,199,198,196,195,195,196,195,199,196,197,198,199,199,198,198,200,198,197
204,199,194,189,187,187,193,200,208,213,220,225,221,206,193,184,173,170,178,190,199,202,200,200,200,200,203,204,204,203,205,201,196,198,201,205,206,209,210,217,226,236,240,231,219,215,211,195,192,199,203,210,216,218,229,232,224,221,220,218,215,211,207,209,214,214,216,214,212,214,213,210,210,209,214,213,215,217,223,227,230,238,241,240,239,236,230,226,226,228,234,232,235,237,243,246,247,241,241,239,241,240,234,237,237,236,236,241,245,246,247,248,250,249,253,255,255,255,255,255,255,255,253,241,226,220,224,226,236,244,244,235,222,219,219,216,211,208,209,207,207,212,213,213,216,218,232,245,253,240,222,215,212,209,206,205,203,201,202,204,209,217,233,241,236,225,212,210,208,203,197,193,192,191,194,195,205,225,232,212,207,202,199,198,198,197,195,197,198,197,198,198,197,199,199,199,199,199,199,198
204,198,194,190,188,189,194,202,209,216,221,226,219,208,195,183,175,172,180,193,200,200,199,200,199,199,204,206,205,204,205,204,201,200,204,206,206,209,211,215,225,235,241,233,222,216,211,197,192,200,205,210,212,217,225,234,230,223,220,219,217,213,210,210,212,214,214,216,216,219,213,212,211,213,213,217,218,218,220,225,234,238,237,238,239,237,231,228,228,231,233,233,232,235,237,241,244,242,245,243,241,241,240,242,243,241,246,245,246,247,246,250,250,251,255,254,255,255,255,255,255,255,243,231,222,219,222,224,237,242,239,230,227,221,219,216,210,209,209,207,211,212,213,214,214,216,226,241,252,241,223,219,214,209,206,203,202,200,200,203,206,215,231,241,236,221,212,209,206,202,197,194,193,192,193,193,204,219,234,218,209,204,200,201,199,198,198,198,200,199,198,197,198,200,199,200,198,198,201,200
203,199,195,191,189,190,196,203,212,217,221,227,220,208,195,183,175,175,183,197,201,200,200,201,200,200,205,207,207,204,205,205,203,202,204,205,206,208,209,215,224,235,241,236,224,217,211,201,193,202,207,211,212,215,224,233,234,226,221,219,220,217,215,214,215,215,215,216,216,217,222,220,217,218,219,221,220,220,218,221,226,236,237,239,241,241,235,233,231,233,234,235,232,230,229,236,239,238,244,243,242,242,242,244,246,245,244,241,244,244,247,248,253,255,255,255,255,255,255,255,255,247,234,224,216,216,219,225,238,245,238,226,221,221,216,215,212,210,210,212,212,212,213,215,215,216,228,242,252,241,222,219,214,209,205,203,202,201,201,202,204,217,231,241,237,221,210,209,207,203,198,194,192,192,193,193,199,209,233,221,211,205,202,201,199,200,198,198,200,198,198,199,198,202,201,202,200,198,199,198
204,200,197,192,189,189,194,203,210,219,226,227,216,208,196,182,175,177,186,200,203,200,200,201,203,202,206,207,208,204,204,205,204,202,205,207,207,207,208,214,223,234,240,237,224,217,213,203,196,201,209,212,213,215,222,232,236,231,222,220,218,218,216,213,213,215,216,215,216,218,222,224,222,219,219,222,223,222,220,219,222,231,234,238,241,243,240,234,230,232,233,236,233,231,238,235,233,233,238,237,240,242,243,245,244,246,247,245,248,247,249,251,254,255,255,255,255,255,255,255,253,242,229,219,217,219,223,232,240,244,240,228,224,220,217,214,213,211,211,210,212,212,213,216,216,217,224,240,251,241,224,219,215,211,205,203,201,202,201,203,202,215,228,241,237,221,211,208,206,203,199,194,192,193,195,192,197,207,225,228,214,208,204,202,199,202,200,199,200,198,199,199,199,200,200,200,200,198,201,198
205,201,198,193,190,191,196,203,211,220,226,225,214,206,196,184,177,180,190,202,204,202,200,201,204,202,205,207,207,205,204,204,203,205,206,208,206,208,209,215,223,232,241,239,225,219,215,207,199,206,210,212,213,213,222,231,236,232,225,222,221,220,217,215,216,219,219,218,216,216,219,226,225,224,222,224,224,225,222,221,223,229,233,237,238,243,239,236,232,234,235,233,237,238,237,236,234,237,235,235,241,246,245,245,244,243,249,250,249,249,253,254,255,255,255,255,255,255,255,252,241,229,224,221,222,223,228,236,241,244,241,230,224,224,218,219,211,212,214,211,212,212,216,215,216,216,226,241,251,242,225,219,215,210,206,201,199,200,199,201,202,211,230,242,239,222,217,211,205,203,203,198,193,193,193,194,196,202,218,237,214,206,205,204,201,202,201,201,199,200,200,199,200,198,200,201,201,201,201,199
204,201,199,194,191,193,196,203,210,219,227,224,214,207,196,186,178,181,193,204,203,201,200,199,205,205,205,206,207,205,204,205,204,205,206,208,208,208,209,215,220,227,237,238,226,222,218,211,199,208,211,214,214,213,220,230,236,234,226,222,221,217,217,219,218,219,221,220,219,221,223,225,227,226,224,220,216,222,224,224,227,229,231,235,239,241,243,242,239,238,238,233,232,240,241,241,238,239,239,237,236,238,240,242,244,244,242,248,249,252,253,253,254,255,255,255,255,254,249,244,232,228,223,222,223,223,228,236,242,244,234,231,229,226,216,218,212,212,211,213,211,215,217,215,214,217,225,238,249,240,223,217,215,210,207,204,199,202,202,201,204,211,230,244,239,223,219,212,207,203,200,199,196,194,194,193,196,199,216,237,222,209,207,205,205,203,202,202,200,201,201,200,200,203,202,200,201,200,200,200
204,201,198,195,192,192,196,203,210,221,229,223,214,206,196,185,180,181,197,205,204,202,201,200,206,207,208,208,208,207,207,207,207,209,208,211,209,209,211,216,221,228,239,241,230,224,220,214,201,208,212,215,218,215,221,229,237,237,228,225,223,224,220,221,220,221,221,221,222,222,224,224,226,226,223,222,220,221,223,225,226,227,225,230,237,237,242,240,242,241,239,238,237,241,239,233,231,235,235,237,235,239,242,243,243,246,248,248,247,252,254,255,255,253,254,255,255,248,245,242,232,230,222,222,224,224,233,237,242,237,231,225,226,222,217,216,212,212,213,212,214,216,214,216,214,217,222,234,249,242,225,217,214,212,207,205,203,203,202,200,201,208,229,242,239,224,217,213,208,208,205,201,197,195,193,196,195,196,206,232,230,209,208,207,206,204,203,202,203,202,202,202,201,201,200,200,199,200,200,199
