248,250,250,250,250,250,250,250,251,251,251,252,251,252,251,252,252,252,252,252,255,253,253,253,255,255,255,255,255,255,255,255,255,255,255,255,255,255,255,255,255,255,255,255,255,255,255,255,255,255,255,255,255,255,255,255,255,255,255,255,255,255,255,255,255,255,255,255,255,255,255,255,255,255,255,255,255,253,255,253,253,253,252,253,253,253,252,252,252,252,251,251,251,251,251,251,251,251,250,251,251,251,251,250,250,250,251,251,251,251,250,250,251,251,252,252,253,253,253,252,253,255,253,253,255,255,255,255,255,255,255,255,255,255,255,255,255,255,255,255,255,255,255,255,255,255,255,255,255,255,255,255,255,255,255,255,255,255,255,255,255,255,255,255,255,255,255,255,255,255,255,255,255,255,255,255,255,255,255,255,255,255,255,255,255,255,255,255,255,255,255,255,255,255,255,255,255,255,255,255
248,248,248,250,248,248,250,251,251,251,251,251,251,251,252,251,252,253,252,253,252,253,253,253,255,255,255,255,255,255,255,255,255,255,255,255,255,255,255,255,255,255,255,255,255,255,255,255,255,255,255,255,255,255,255,255,255,255,255,255,255,255,255,255,255,255,255,255,255,255,255,255,255,255,255,255,255,253,253,253,253,253,253,253,252,252,252,251,252,251,251,251,251,251,251,251,251,250,250,250,250,251,248,250,251,250,251,250,251,251,251,251,250,251,250,251,252,253,253,252,253,255,255,255,255,255,255,255,255,255,255,255,255,255,255,255,255,255,255,255,255,255,255,255,255,255,255,255,255,255,255,255,255,255,255,255,255,255,255,255,255,255,255,255,255,255,255,255,255,255,255,255,255,255,255,255,255,255,255,255,255,255,255,255,255,255,255,255,255,255,255,255,255,255,255,255,255,255,255,255
248,250,250,250,248,250,250,251,250,250,251,251,252,252,252,252,253,253,253,253,255,253,255,255,253,255,255,255,255,255,255,255,255,255,255,255,255,255,255,255,255,255,255,255,255,255,255,255,255,255,255,255,255,255,255,255,255,255,255,255,255,255,255,255,255,255,255,255,255,255,255,255,255,255,255,255,253,253,253,253,252,253,252,252,252,251,252,251,251,251,250,251,250,250,250,250,250,250,250,248,250,250,250,250,250,250,250,251,251,250,250,250,250,251,251,251,252,253,252,251,252,253,253,253,255,253,255,255,255,255,255,255,255,255,255,255,255,255,255,255,255,255,255,255,255,255,255,255,255,255,255,255,255,255,255,255,255,255,255,255,255,255,255,255,255,255,255,255,255,255,255,255,255,255,255,255,255,255,255,255,255,255,255,255,255,255,255,255,255,255,255,255,255,255,255,255,255,255,255,255
250,250,248,250,248,250,250,251,251,251,250,251,251,251,252,253,253,255,253,255,255,255,253,255,255,255,255,255,255,255,255,255,255,255,255,255,255,255,255,255,255,255,255,255,255,255,255,255,255,255,255,255,255,255,255,255,255,255,255,255,255,255,255,255,255,255,255,255,255,255,255,255,255,255,253,252,253,253,253,252,252,253,252,252,252,252,251,251,251,250,250,250,248,248,248,248,250,248,250,248,248,248,248,248,248,248,250,251,248,250,250,250,250,251,250,251,252,252,252,252,253,253,253,253,255,255,255,255,255,255,255,255,255,255,255,255,255,255,255,255,255,255,255,255,255,255,255,255,255,255,255,255,255,255,255,255,255,255,255,255,255,255,255,255,255,255,255,255,255,255,255,255,255,255,255,255,255,255,255,255,255,255,255,255,255,255,255,255,255,255,255,255,255,255,255,255,255,255,255,255
248,250,250,248,248,250,248,250,251,251,251,250,251,251,252,252,253,253,253,253,253,253,255,255,255,255,255,255,255,255,255,255,255,255,255,255,255,255,255,255,255,255,255,255,255,255,255,255,255,255,255,255,255,255,255,255,255,255,255,255,255,255,255,255,255,255,255,255,255,255,255,255,255,255,253,252,253,253,252,252,252,252,251,252,251,252,251,251,251,250,250,248,248,248,248,248,248,248,248,247,248,247,248,248,247,247,248,248,250,248,250,251,250,250,250,250,251,252,252,252,252,253,253,253,253,253,255,253,255,255,255,255,255,255,255,255,255,255,255,255,255,255,255,255,255,255,255,255,255,255,255,255,255,255,255,255,255,255,255,255,255,255,255,255,255,255,255,255,255,255,255,255,255,255,255,255,255,255,255,255,255,255,255,255,255,255,255,255,255,255,255,255,255,255,255,255,255,255,255,255
250,248,248,250,250,248,248,250,251,251,251,250,251,251,253,252,252,253,252,252,253,253,255,255,255,255,255,255,255,255,255,255,255,255,255,255,255,255,255,255,255,255,255,255,255,255,255,255,255,255,255,255,255,255,255,255,255,255,255,255,255,255,255,255,255,255,255,255,255,255,255,255,255,255,253,253,253,253,252,251,252,251,252,252,251,251,251,250,248,248,248,250,248,248,247,248,248,247,248,247,247,247,247,247,247,247,248,248,250,248,248,250,248,250,250,250,250,251,251,252,253,252,252,252,253,253,253,255,253,255,255,255,255,255,255,255,255,255,255,255,255,255,255,255,255,255,255,255,255,255,255,255,255,255,255,255,255,255,255,255,255,255,255,255,255,255,255,255,255,255,255,255,255,255,255,255,255,255,255,255,255,255,255,255,255,255,255,255,255,255,255,255,255,255,255,255,255,255,255,255
250,250,248,248,250,248,250,250,250,250,251,251,252,252,253,253,252,253,253,253,253,253,255,255,255,255,255,255,255,255,255,255,255,255,255,255,255,255,255,255,255,255,255,255,255,255,255,255,255,255,255,255,255,255,255,255,255,255,255,255,255,255,255,255,255,255,255,255,255,255,255,255,253,255,253,253,252,253,252,251,251,251,251,251,251,250,250,250,248,248,248,247,247,247,247,247,248,247,246,247,246,246,247,247,247,247,246,247,247,247,248,247,248,248,248,250,250,251,251,252,251,252,251,251,252,252,253,253,253,255,255,255,255,255,255,255,255,255,255,255,255,255,255,255,255,255,255,255,255,255,255,255,255,255,255,255,255,255,255,255,255,255,255,255,255,255,255,255,255,255,255,255,255,255,255,255,255,255,255,255,255,255,255,255,255,255,255,255,255,255,255,255,255,255,255,255,255,255,255,255
248,250,247,250,250,250,248,250,250,250,250,250,251,252,251,253,253,253,253,253,253,255,255,255,255,255,255,255,255,255,255,255,255,255,255,255,255,255,255,255,255,255,255,255,255,255,255,255,255,255,255,255,255,255,255,255,255,255,255,255,255,255,255,255,255,255,255,255,255,255,255,255,255,253,255,253,253,253,252,251,251,251,250,251,251,251,248,248,247,247,250,247,247,247,247,246,247,245,245,246,245,246,245,245,246,246,245,246,246,246,247,247,248,250,248,248,248,250,251,252,252,251,252,251,252,252,252,253,253,255,255,255,255,255,255,255,255,255,255,255,255,255,255,255,255,255,255,255,255,255,255,255,255,255,255,255,255,255,255,255,255,255,255,255,255,255,255,255,255,255,255,255,255,255,255,255,255,255,255,255,255,255,255,255,255,255,255,255,255,255,255,255,255,255,255,255,255,255,255,255
250,250,248,248,250,250,248,250,251,250,251,251,251,252,253,252,253,253,253,253,253,255,255,255,255,255,255,255,255,255,255,255,255,255,255,255,255,255,255,255,255,255,255,255,255,255,255,255,255,255,255,255,255,255,255,255,255,255,255,255,255,255,255,255,255,255,255,255,255,255,255,255,253,255,253,253,252,252,252,251,251,250,251,251,250,250,248,248,248,247,248,247,247,247,243,240,240,238,232,232,230,232,228,226,227,228,232,242,243,246,247,247,248,247,248,248,248,248,250,250,251,251,251,251,252,252,252,252,252,255,255,255,255,255,255,255,255,255,255,255,255,255,255,255,255,255,255,255,255,255,255,255,255,255,255,255,255,255,255,255,255,255,255,255,255,255,255,255,255,255,255,255,255,255,255,255,255,255,255,255,255,255,255,255,255,255,255,255,255,255,255,255,255,255,255,255,255,255,255,255
248,248,248,250,248,250,250,250,248,250,250,251,251,251,252,252,253,252,253,253,253,253,253,255,255,255,255,255,255,255,255,255,255,255,255,255,255,255,255,255,255,255,255,255,255,255,255,255,255,255,255,255,255,255,255,255,255,255,255,255,255,255,255,255,255,255,255,255,255,255,255,253,253,253,255,253,253,252,251,251,250,250,250,250,250,248,248,247,247,247,246,247,243,240,235,223,197,192,176,170,167,168,162,161,165,178,182,203,223,233,240,242,246,246,246,248,247,248,250,250,250,250,251,250,252,251,252,252,252,253,255,253,255,255,255,255,255,255,255,255,255,255,255,255,255,255,255,255,255,255,255,255,255,255,255,255,255,255,255,255,255,255,255,255,255,255,255,255,255,255,255,255,255,255,255,255,255,255,255,255,255,255,255,255,255,255,255,255,255,255,255,255,255,255,255,255,255,255,255,255
247,248,248,250,250,250,250,250,251,250,251,251,251,251,252,251,252,252,253,253,253,253,255,255,255,255,255,255,255,255,255,255,255,255,255,255,255,255,255,255,255,255,255,255,255,255,255,255,255,255,255,255,255,255,255,255,255,255,255,255,255,255,255,255,255,255,255,255,253,255,255,253,253,253,252,252,252,251,250,251,250,248,248,248,248,248,247,247,246,246,241,231,203,185,161,142,137,140,138,140,140,136,133,131,130,131,135,140,150,157,173,200,225,237,245,247,247,247,248,250,250,250,251,250,251,251,251,253,252,253,253,253,253,255,255,255,255,255,255,255,255,255,255,255,255,255,255,255,255,255,255,255,255,255,255,255,255,255,255,255,255,255,255,255,255,255,255,255,255,255,255,255,255,255,255,255,255,255,255,255,255,255,255,255,255,255,255,255,255,255,255,255,255,255,255,255,255,255,255,255
248,248,248,248,250,250,250,250,250,251,250,251,251,252,252,252,252,252,253,253,253,255,255,255,255,255,255,255,255,255,255,255,255,255,255,255,255,255,255,255,255,255,255,255,255,255,255,255,255,255,255,255,255,255,255,255,255,255,255,255,255,255,255,255,255,255,255,255,253,253,253,252,253,252,252,252,252,251,250,250,250,250,248,248,248,248,247,247,235,225,190,153,133,128,126,122,121,116,111,112,113,113,115,116,118,118,121,127,127,135,142,146,155,168,198,226,242,247,247,248,248,248,248,250,250,250,251,252,252,252,253,253,255,253,255,255,255,255,255,255,255,255,255,255,255,255,255,255,255,255,255,255,255,255,255,255,255,255,255,255,255,255,255,255,255,255,255,255,255,255,255,255,255,255,255,255,255,255,255,255,255,255,255,255,255,255,255,255,255,255,255,255,255,255,255,255,255,255,255,255
248,248,248,250,248,248,250,250,250,251,250,251,251,252,252,252,252,252,252,253,253,253,255,255,255,255,255,255,255,255,255,255,255,255,255,255,255,255,255,255,255,255,255,255,255,255,255,255,255,255,255,255,255,255,255,255,255,255,255,255,255,255,255,255,255,255,255,253,253,253,253,253,252,252,251,251,251,250,250,250,250,248,248,247,246,246,243,220,175,146,125,121,118,112,107,100,95,93,92,91,88,88,91,92,93,95,98,108,112,118,126,130,132,140,148,156,178,217,240,247,248,250,250,250,251,251,251,251,251,252,252,251,253,255,255,255,255,255,255,255,255,255,255,255,255,255,255,255,255,255,255,255,255,255,255,255,255,255,255,255,255,255,255,255,255,255,255,255,255,255,255,255,255,255,255,255,255,255,255,255,255,255,255,255,255,255,255,255,255,255,255,255,255,255,255,255,255,255,255,255
250,248,248,248,250,250,250,250,251,250,250,251,252,251,252,251,252,252,253,255,253,255,255,255,255,255,255,255,255,255,255,255,255,255,255,255,255,255,255,255,255,255,255,255,255,255,255,255,255,255,255,255,255,255,255,255,255,255,255,255,255,255,255,255,255,255,253,253,253,252,252,253,252,251,251,251,250,250,250,250,250,248,248,246,243,227,171,138,126,121,112,111,106,97,92,87,86,81,81,77,78,78,78,76,76,75,78,81,85,90,100,106,118,127,135,138,148,158,181,222,250,247,248,250,248,250,250,250,250,251,252,251,252,253,255,255,255,255,255,255,255,255,255,255,255,255,255,255,255,255,255,255,255,255,255,255,255,255,255,255,255,255,255,255,255,255,255,255,255,255,255,255,255,255,255,255,255,255,255,255,255,255,255,255,255,255,255,255,255,255,255,255,255,255,255,255,255,255,255,255
248,248,248,250,250,250,250,250,250,250,250,251,251,251,251,252,252,252,253,253,253,255,253,255,255,255,255,255,255,255,255,255,255,255,255,255,255,255,255,255,255,255,255,255,255,255,255,255,255,255,255,255,255,255,255,255,255,255,255,255,255,255,255,255,255,255,253,253,252,252,252,251,251,250,250,250,251,250,250,248,247,247,247,240,195,141,123,113,107,103,97,93,86,81,76,75,75,73,75,73,73,76,76,77,76,75,76,77,76,77,82,86,92,98,108,118,130,138,148,157,188,235,246,247,247,248,250,250,251,251,251,251,252,253,253,253,255,255,255,255,255,255,255,255,255,255,255,255,255,255,255,255,255,255,255,255,255,255,255,255,255,255,255,255,255,255,255,255,255,255,255,255,255,255,255,255,255,255,255,255,255,255,255,255,255,255,255,255,255,255,255,255,255,255,255,255,255,255,255,255
248,248,248,250,250,250,250,250,250,250,251,251,252,251,251,251,252,252,252,253,253,253,255,253,253,255,255,255,255,255,255,255,255,255,255,255,255,255,255,255,255,255,255,255,255,255,255,255,255,255,255,255,255,255,255,255,255,255,255,255,255,255,255,255,255,255,253,253,252,253,252,251,250,250,250,250,248,248,250,248,248,247,228,165,131,117,108,102,95,91,86,80,75,72,71,70,71,71,73,75,75,75,76,76,77,77,77,78,78,77,78,80,85,88,92,97,107,125,138,146,155,166,210,242,243,248,250,251,251,250,252,252,252,253,253,253,253,255,255,255,255,255,255,255,255,255,255,255,255,255,255,255,255,255,255,255,255,255,255,255,255,255,255,255,255,255,255,255,255,255,255,255,255,255,255,255,255,255,255,255,255,255,255,255,255,255,255,255,255,255,255,255,255,255,255,255,255,255,255,255
250,248,248,248,250,250,248,250,250,251,250,251,251,251,251,252,252,252,252,253,253,253,253,255,253,255,255,255,255,255,255,255,255,255,255,255,255,255,255,255,255,255,255,255,255,255,255,255,255,255,255,255,255,255,255,255,255,255,255,255,255,255,255,255,255,253,253,252,252,251,250,251,250,248,250,250,248,250,248,247,245,205,145,123,108,100,95,90,85,78,75,73,72,70,70,70,71,72,73,76,76,77,78,78,78,80,78,78,78,77,80,78,82,83,86,87,90,102,117,122,140,148,156,185,228,247,248,250,250,250,251,251,251,252,252,253,253,253,255,255,255,255,255,255,255,255,255,255,255,255,255,255,255,255,255,255,255,255,255,255,255,255,255,255,255,255,255,255,255,255,255,255,255,255,255,255,255,255,255,255,255,255,255,255,255,255,255,255,255,255,255,255,255,255,255,255,255,255,255,255
247,250,248,248,248,248,250,250,250,251,250,250,251,251,251,250,252,252,253,253,253,253,255,255,255,255,255,255,255,255,255,255,255,255,255,255,255,255,255,255,255,255,255,255,255,255,255,255,255,255,255,255,255,255,255,255,255,255,255,255,255,255,255,255,255,253,252,251,251,251,250,251,250,248,248,248,248,248,246,242,178,126,112,100,91,87,82,78,73,71,71,71,71,70,70,70,72,73,75,76,77,77,78,78,80,80,78,77,78,77,80,81,81,83,83,85,85,86,90,100,116,130,141,152,167,217,247,248,250,250,250,250,251,251,252,252,252,253,255,255,255,255,255,255,255,255,255,255,255,255,255,255,255,255,255,255,255,255,255,255,255,255,255,255,255,255,255,255,255,255,255,255,255,255,255,255,255,255,255,255,255,255,255,255,255,255,255,255,255,255,255,255,255,255,255,255,255,255,255,255
250,250,250,248,248,250,248,248,251,251,250,251,251,252,251,251,251,252,253,253,253,255,255,255,255,255,255,255,255,255,255,255,255,255,255,255,255,255,255,255,255,255,255,255,255,255,255,255,255,255,255,255,255,255,255,255,255,255,255,255,255,255,255,253,253,252,252,251,251,250,248,248,248,248,248,250,247,247,230,156,116,106,90,85,80,78,75,70,70,71,71,71,70,70,71,72,73,73,76,75,76,76,77,77,77,78,78,78,77,77,78,80,80,81,83,83,85,86,86,88,95,110,120,132,142,158,193,236,247,248,250,250,250,250,251,252,252,253,253,255,255,255,255,255,255,255,255,255,255,255,255,255,255,255,255,255,255,255,255,255,255,255,255,255,255,255,255,255,255,255,255,255,255,255,255,255,255,255,255,255,255,255,255,255,255,255,255,255,255,255,255,255,255,255,255,255,255,255,255,255
250,248,248,250,250,250,250,250,251,251,251,251,251,251,252,251,251,251,252,252,255,255,255,255,255,255,255,255,255,255,255,255,255,255,255,255,255,255,255,255,255,255,255,255,255,255,255,255,255,255,255,255,255,255,255,255,255,255,255,255,255,255,255,253,252,252,250,250,250,250,248,248,248,248,248,248,247,217,138,106,100,87,80,78,75,73,71,70,70,70,68,70,70,70,71,72,73,75,76,75,76,77,77,77,77,78,78,78,77,77,78,78,81,81,82,83,85,87,87,87,87,93,106,113,122,136,153,176,226,247,248,248,248,250,251,252,251,252,253,255,255,255,255,255,255,255,255,255,255,255,255,255,255,255,255,255,255,255,255,255,255,255,255,255,255,255,255,255,255,255,255,255,255,255,255,255,255,255,255,255,255,255,255,255,255,255,255,255,255,255,255,255,255,255,255,255,255,255,255,255
250,248,250,248,248,251,250,248,251,250,251,251,251,252,252,252,252,252,252,253,253,253,253,255,255,255,255,255,255,255,255,255,255,255,255,255,255,255,255,255,255,255,255,255,255,255,255,255,255,255,255,255,255,255,255,255,255,255,255,255,255,255,255,252,251,250,250,250,250,250,248,248,248,248,247,246,202,121,105,90,82,80,78,76,72,73,70,71,70,68,68,70,72,71,71,73,73,75,75,75,75,76,77,77,77,77,78,78,78,76,78,77,81,81,83,83,83,86,87,87,87,90,97,102,110,118,127,146,158,206,243,248,248,250,250,251,251,251,252,253,253,255,255,255,255,255,255,255,255,255,255,255,255,255,255,255,255,255,255,255,255,255,255,255,255,255,255,255,255,255,255,255,255,255,255,255,255,255,255,255,255,255,255,255,255,255,255,255,255,255,255,255,255,255,255,255,255,255,255,255
250,248,248,251,250,250,250,250,250,251,250,251,251,252,252,252,251,252,252,252,253,253,255,255,255,255,255,255,255,255,255,255,255,255,255,255,255,255,255,255,255,255,255,255,255,255,255,255,255,255,255,255,255,255,255,255,255,255,255,255,255,253,253,252,251,250,250,248,248,248,248,248,247,247,245,186,110,100,90,85,82,80,77,76,73,72,70,68,68,68,67,70,68,70,72,73,75,75,75,75,75,76,77,77,76,76,77,80,77,77,78,77,80,82,82,83,83,85,86,88,86,87,90,93,98,106,112,121,133,152,188,242,248,247,250,251,251,251,253,253,253,255,255,255,255,255,255,255,255,255,255,255,255,255,255,255,255,255,255,255,255,255,255,255,255,255,255,255,255,255,255,255,255,255,255,255,255,255,255,255,255,255,255,255,255,255,255,255,255,255,255,255,255,255,255,255,255,255,255,255
248,248,248,248,250,251,248,250,251,251,251,251,251,252,252,251,252,252,253,253,253,253,253,255,255,255,255,255,255,255,255,255,255,255,255,255,255,255,255,255,255,255,255,255,255,255,255,255,255,255,255,255,255,255,255,255,255,255,255,253,253,253,252,252,251,250,248,248,248,248,248,247,246,242,166,101,95,88,86,81,81,78,76,73,73,70,67,66,66,66,68,68,68,70,71,72,73,75,73,73,75,75,77,76,77,76,77,80,77,77,77,77,78,81,81,83,82,86,87,88,87,88,88,88,93,97,103,110,115,125,146,172,218,248,250,250,250,250,251,252,253,255,255,255,255,255,255,255,255,255,255,255,255,255,255,255,255,255,255,255,255,255,255,255,255,255,255,255,255,255,255,255,255,255,255,255,255,255,255,255,255,255,255,255,255,255,255,255,255,255,255,255,255,255,255,255,255,255,255,255
248,248,250,250,250,250,250,250,250,251,250,251,251,252,252,251,252,252,253,253,255,255,255,255,255,255,255,255,255,255,255,255,255,255,255,255,255,255,255,255,255,255,255,255,255,255,255,255,255,255,255,255,255,255,255,255,255,255,255,253,253,252,252,251,250,248,248,248,247,248,247,247,231,158,96,88,88,87,81,78,80,77,76,73,73,68,66,66,66,66,66,67,68,71,72,73,72,72,71,73,73,75,77,77,77,77,77,78,76,77,78,78,78,81,81,83,83,83,86,87,87,88,88,88,91,95,97,103,108,113,123,138,166,221,243,246,248,251,250,251,252,253,255,255,255,255,255,255,255,255,255,255,255,255,255,255,255,255,255,255,255,255,255,255,255,255,255,255,255,255,255,255,255,255,255,255,255,255,255,255,255,255,255,255,255,255,255,255,255,255,255,255,255,255,255,255,255,255,255,255
250,250,250,250,250,248,250,250,251,250,251,250,251,252,252,251,252,252,253,253,255,255,255,255,255,255,255,255,255,255,255,255,255,255,255,255,255,255,255,255,255,255,255,255,255,255,255,255,255,255,255,255,255,255,255,255,255,255,255,253,252,252,251,250,248,248,248,248,247,247,247,236,147,97,91,91,87,85,80,78,78,75,75,73,72,70,66,65,63,65,65,67,70,68,70,71,71,71,71,72,75,76,77,77,78,80,78,77,75,75,76,80,81,80,80,82,82,83,85,86,85,86,87,88,90,91,92,97,105,108,112,121,135,146,200,241,246,248,250,251,252,252,255,255,255,255,255,255,255,255,255,255,255,255,255,255,255,255,255,255,255,255,255,255,255,255,255,255,255,255,255,255,255,255,255,255,255,255,255,255,255,255,255,255,255,255,255,255,255,255,255,255,255,255,255,255,255,255,255,255
250,250,250,251,251,250,251,250,251,251,251,251,251,251,253,252,253,253,253,253,255,255,255,255,255,255,255,255,255,255,255,255,255,255,255,255,255,255,255,255,255,255,255,255,255,255,255,255,255,255,255,255,255,255,255,255,255,255,255,253,253,251,251,250,248,248,248,247,247,247,235,146,98,92,91,88,85,83,80,78,76,75,73,73,71,66,62,62,63,63,65,66,68,70,70,70,72,71,73,76,75,77,77,77,78,78,80,78,75,76,76,78,81,80,78,81,81,82,83,83,86,86,87,88,90,90,91,96,101,105,110,116,118,127,132,192,240,245,248,251,252,252,253,255,255,255,255,255,255,255,255,255,255,255,255,255,255,255,255,255,255,255,255,255,255,255,255,255,255,255,255,255,255,255,255,255,255,255,255,255,255,255,255,255,255,255,255,255,255,255,255,255,255,255,255,255,255,255,255,255
250,250,250,250,251,251,251,251,251,251,251,251,251,252,252,252,253,253,253,253,255,255,255,255,255,255,255,255,255,255,255,255,255,255,255,255,255,255,255,255,255,255,255,255,255,255,255,255,255,255,255,255,255,255,255,255,255,255,253,252,252,251,250,250,248,248,248,247,247,237,143,101,93,91,88,87,83,82,78,77,77,76,72,72,71,65,65,65,65,66,66,67,70,71,71,70,72,71,71,71,75,76,76,78,78,78,80,78,80,77,77,78,81,81,80,80,82,82,83,82,86,86,87,88,88,90,92,95,97,100,105,111,115,118,118,125,181,221,241,251,251,250,251,253,253,255,255,255,255,255,255,255,255,255,255,255,255,255,255,255,255,255,255,255,255,255,255,255,255,255,255,255,255,255,255,255,255,255,255,255,255,255,255,255,255,255,255,255,255,255,255,255,255,255,255,255,255,255,255,255
250,250,250,251,251,251,251,251,251,251,251,251,251,252,253,253,252,253,253,255,255,255,255,255,255,255,255,255,255,255,255,255,255,255,255,255,255,255,255,255,255,255,255,255,255,255,255,255,255,255,255,255,255,255,255,255,255,253,253,252,251,250,250,248,247,247,247,247,236,151,101,96,92,90,88,86,83,81,78,77,77,76,73,72,72,70,68,70,70,72,72,72,72,72,72,72,72,72,72,71,73,76,76,76,78,78,78,78,80,77,76,76,80,81,80,80,82,81,83,83,85,86,87,88,90,91,93,96,96,100,103,108,112,112,116,112,121,150,197,238,246,250,251,252,253,255,255,255,255,255,255,255,255,255,255,255,255,255,255,255,255,255,255,255,255,255,255,255,255,255,255,255,255,255,255,255,255,255,255,255,255,255,255,255,255,255,255,255,255,255,255,255,255,255,255,255,255,255,255,255
251,250,250,251,252,251,252,250,251,251,251,252,252,253,253,253,253,253,253,255,255,255,255,255,255,255,255,255,255,255,255,255,255,255,255,255,255,255,255,255,255,255,255,255,255,255,255,255,255,255,255,255,255,255,255,255,255,255,253,251,251,250,250,248,248,247,247,237,153,101,96,92,91,90,87,86,83,82,80,78,76,76,73,73,73,73,73,75,75,77,77,75,73,73,75,73,75,73,71,73,75,76,75,76,76,77,78,77,80,76,76,76,80,81,80,81,82,81,82,83,85,86,87,88,91,90,93,93,96,100,102,107,108,111,112,112,110,118,150,197,230,250,251,251,252,253,255,255,255,255,255,255,255,255,255,255,255,255,255,255,255,255,255,255,255,255,255,255,255,255,255,255,255,255,255,255,255,255,255,255,255,255,255,255,255,255,255,255,255,255,255,255,255,255,255,255,255,255,255,255
250,251,251,251,252,251,251,252,251,251,252,252,252,253,252,253,253,253,253,255,255,255,255,255,255,255,255,255,255,255,255,255,255,255,255,255,255,255,255,255,255,255,255,255,255,255,255,255,255,255,255,255,255,255,255,255,253,253,252,250,250,248,250,248,247,246,236,156,102,95,93,91,90,88,87,86,83,81,81,78,78,77,77,75,75,76,77,77,78,80,76,75,72,76,75,75,76,75,75,73,75,77,77,76,76,77,78,77,76,75,75,75,81,81,80,80,80,81,83,83,85,86,87,88,90,91,91,92,96,97,101,106,108,112,110,111,112,112,123,130,187,227,247,250,251,252,255,255,255,255,255,255,255,255,255,255,255,255,255,255,255,255,255,255,255,255,255,255,255,255,255,255,255,255,255,255,255,255,255,255,255,255,255,255,255,255,255,255,255,255,255,255,255,255,255,255,255,255,255,255
251,251,251,252,251,252,251,252,251,251,251,252,253,253,253,253,253,253,253,255,255,255,255,255,255,255,255,255,255,255,255,255,255,255,255,255,255,255,255,255,255,255,255,255,255,255,255,255,255,255,255,255,255,255,255,255,253,253,251,250,248,248,247,246,246,231,163,107,97,93,92,90,88,87,86,85,83,82,83,80,78,78,77,78,77,76,76,76,76,76,77,76,75,77,77,78,76,75,72,73,76,77,77,78,81,80,80,78,78,80,78,76,80,80,81,82,82,83,83,83,85,86,87,88,90,90,91,93,95,98,101,103,106,110,111,111,112,112,113,121,116,177,231,247,250,251,252,255,255,255,255,255,255,255,255,255,255,255,255,255,255,255,255,255,255,255,255,255,255,255,255,255,255,255,255,255,255,255,255,255,255,255,255,255,255,255,255,255,255,255,255,255,255,255,255,255,255,255,255,255
251,251,251,252,252,251,252,252,252,252,252,252,252,253,255,255,253,255,255,255,255,255,255,255,255,255,255,255,255,255,255,255,255,255,255,255,255,255,255,255,255,255,255,255,255,255,255,255,255,255,255,255,255,255,255,255,253,252,251,250,248,248,248,246,237,176,111,101,95,93,91,87,86,86,86,85,83,82,82,81,80,81,81,82,78,76,73,76,78,81,81,80,78,80,77,80,78,77,75,75,78,78,80,78,80,82,81,81,83,83,81,77,80,81,83,83,83,83,86,86,87,88,88,88,91,88,91,93,96,97,100,103,106,107,111,112,110,111,110,110,125,103,166,216,246,250,252,255,255,255,255,255,255,255,255,255,255,255,255,255,255,255,255,255,255,255,255,255,255,255,255,255,255,255,255,255,255,255,255,255,255,255,255,255,255,255,255,255,255,255,255,255,255,255,255,255,255,255,255,255
251,252,251,252,252,252,252,252,252,253,252,252,253,253,253,255,255,255,255,255,255,255,255,255,255,255,255,255,255,255,255,255,255,255,255,255,255,255,255,255,255,255,255,255,255,255,255,255,255,255,255,255,255,255,255,253,252,251,250,248,248,247,247,241,187,113,101,96,95,93,90,87,85,85,85,86,86,85,86,83,80,81,82,83,81,78,75,80,83,83,85,83,83,83,81,82,80,78,77,78,81,78,80,80,83,82,81,81,83,83,82,81,82,83,86,83,85,86,87,87,91,91,91,90,92,91,92,95,97,98,98,102,105,106,108,110,108,108,107,106,111,117,102,170,226,245,251,255,255,255,255,255,255,255,255,255,255,255,255,255,255,255,255,255,255,255,255,255,255,255,255,255,255,255,255,255,255,255,255,255,255,255,255,255,255,255,255,255,255,255,255,255,255,255,255,255,255,255,255,255
251,252,252,252,252,252,252,252,252,252,253,253,253,253,252,255,255,255,255,255,255,255,255,255,255,255,255,255,255,255,255,255,255,255,255,255,255,255,255,255,255,255,255,255,255,255,255,255,255,255,255,255,255,255,255,253,251,250,248,247,246,246,242,211,122,101,96,93,95,92,88,85,85,85,86,86,86,86,86,85,83,83,85,83,86,85,85,87,85,86,86,86,86,85,83,83,80,80,78,78,80,81,80,81,83,85,85,82,80,81,83,82,83,86,86,87,87,87,87,90,91,93,93,92,92,93,95,96,98,101,101,102,102,105,106,107,107,107,106,106,106,113,112,85,182,223,248,253,255,255,255,255,255,255,255,255,255,255,255,255,255,255,255,255,255,255,255,255,255,255,255,255,255,255,255,255,255,255,255,255,255,255,255,255,255,255,255,255,255,255,255,255,255,255,255,255,255,255,255,255
252,252,252,252,252,253,253,252,253,252,253,253,253,255,255,255,255,255,255,255,255,255,255,255,255,255,255,255,255,255,255,255,255,255,255,255,255,255,255,255,255,255,255,255,255,255,255,255,255,255,255,255,255,255,253,252,251,251,247,247,245,236,205,133,105,97,93,91,92,91,88,86,85,86,86,86,86,87,88,87,86,86,88,87,87,88,90,87,87,85,86,87,87,86,83,82,81,82,82,81,81,80,80,85,86,87,87,83,78,80,83,82,83,87,86,86,87,88,87,90,91,92,93,93,91,93,97,100,102,103,106,105,105,106,106,107,108,107,106,107,106,108,112,100,97,202,247,251,252,253,255,255,255,255,255,255,255,255,255,255,255,255,255,255,255,255,255,255,255,255,255,255,255,255,255,255,255,255,255,255,255,255,255,255,255,255,255,255,255,255,255,255,255,255,255,255,255,255,255,255
252,252,252,253,252,252,253,252,253,253,253,253,255,253,255,255,255,255,255,255,255,255,255,255,255,255,255,255,255,255,255,255,255,255,255,255,255,255,255,255,255,255,255,255,255,255,255,255,255,255,255,255,255,255,253,252,251,250,248,247,246,216,146,107,98,97,95,92,88,87,86,86,86,86,85,88,87,91,90,90,90,90,91,92,90,91,90,90,90,90,88,87,88,88,88,86,83,83,81,81,82,80,80,86,87,88,92,85,85,87,87,86,87,90,87,86,88,88,88,91,91,93,95,92,93,96,97,101,103,103,107,106,107,107,107,107,110,108,106,107,107,106,106,111,91,126,225,245,250,253,255,255,255,255,255,255,255,255,255,255,255,255,255,255,255,255,255,255,255,255,255,255,255,255,255,255,255,255,255,255,255,255,255,255,255,255,255,255,255,255,255,255,255,255,255,255,255,255,255,255
253,253,253,253,252,253,253,253,253,253,253,253,255,255,255,255,255,255,255,255,255,255,255,255,255,255,255,255,255,255,255,255,255,255,255,255,255,255,255,255,255,255,255,255,255,255,255,255,255,255,255,255,255,255,255,252,251,250,247,246,228,162,107,100,96,93,93,90,86,85,86,85,86,87,85,87,88,92,91,90,92,91,93,91,92,95,97,96,95,93,95,93,92,92,90,88,86,82,83,85,86,82,85,86,88,92,100,91,93,92,91,90,92,91,90,88,87,87,88,92,92,93,96,95,97,98,101,103,108,108,107,110,107,107,106,106,108,106,107,108,107,106,106,105,110,71,161,237,243,255,255,255,255,255,255,255,255,255,255,255,255,255,255,255,255,255,255,255,255,255,255,255,255,255,255,255,255,255,255,255,255,255,255,255,255,255,255,255,255,255,255,255,255,255,255,255,255,255,255,255
253,253,253,253,253,253,253,253,253,253,253,253,253,255,255,255,255,255,255,255,255,255,255,255,255,255,255,255,255,255,255,255,255,255,255,255,255,255,255,255,255,255,255,255,255,255,255,255,255,255,255,255,255,255,255,252,250,250,248,241,161,101,103,98,92,91,91,88,87,83,85,85,87,88,86,88,92,93,92,91,96,96,93,92,93,95,96,98,97,96,96,96,96,97,92,92,86,85,86,90,87,85,86,87,91,93,106,100,95,92,102,92,91,92,91,92,93,92,93,93,96,96,98,100,103,103,103,102,110,112,111,111,108,108,106,105,106,105,106,110,108,107,106,106,107,103,85,182,242,255,255,255,255,255,255,255,255,255,255,255,255,255,255,255,255,255,255,255,255,255,255,255,255,255,255,255,255,255,255,255,255,255,255,255,255,255,255,255,255,255,255,255,255,255,255,255,255,255,255,255
253,255,253,253,253,253,255,253,255,255,255,255,255,255,255,255,255,255,255,255,255,255,255,255,255,255,255,255,255,255,255,255,255,255,255,255,255,255,255,255,255,255,255,255,255,255,255,255,255,255,255,255,255,255,255,251,250,248,237,201,112,105,98,93,90,90,88,90,85,82,85,86,90,90,87,88,92,91,95,93,96,100,96,100,100,98,97,102,97,97,100,100,98,100,101,101,98,96,90,90,93,91,91,93,95,100,108,105,102,92,88,88,95,93,90,92,92,98,110,101,102,102,100,100,103,102,108,110,115,116,113,112,112,111,107,106,106,106,107,107,107,107,108,107,107,112,87,111,225,250,248,252,255,255,255,255,255,255,255,255,255,255,255,255,255,255,255,255,255,255,255,255,255,255,255,255,255,255,255,255,255,255,255,255,255,255,255,255,255,255,255,255,255,255,255,255,255,255,255,255
255,253,255,253,253,253,255,255,255,255,253,255,255,255,255,255,255,255,255,255,255,255,255,255,255,255,255,255,255,255,255,255,255,255,255,255,255,255,255,255,255,255,255,255,255,255,255,255,255,255,255,255,255,255,255,251,250,246,193,132,103,105,97,91,88,87,87,88,85,82,85,88,90,91,90,87,88,93,95,93,93,101,92,102,97,97,96,102,98,102,103,101,102,101,101,101,98,95,91,97,98,95,96,103,102,100,107,107,102,93,91,96,95,92,92,95,97,100,105,115,116,107,103,102,103,103,106,106,108,115,111,112,113,112,108,107,107,107,107,107,107,107,110,108,108,106,112,72,147,225,246,251,255,255,255,255,255,255,255,255,255,255,255,255,255,255,255,255,255,255,255,255,255,255,255,255,255,255,255,255,255,255,255,255,255,255,255,255,255,255,255,255,255,255,255,255,255,255,255,255
255,255,255,255,253,255,255,255,255,255,255,255,255,255,255,255,255,255,255,255,255,255,255,255,255,255,255,255,255,255,255,255,255,255,255,255,255,255,255,255,255,255,255,255,255,255,255,255,255,255,255,255,255,255,253,251,250,242,180,100,105,102,96,90,87,85,86,87,85,83,85,86,88,90,88,86,86,91,93,93,95,98,97,107,101,97,97,101,97,98,91,100,98,101,98,102,100,98,97,97,96,92,95,103,101,102,103,105,102,98,100,105,102,95,97,102,102,102,112,122,121,112,107,105,103,103,106,106,115,113,111,110,112,115,111,108,108,108,108,110,110,110,111,108,107,106,111,98,71,205,243,248,253,255,255,255,255,255,255,255,255,255,255,255,255,255,255,255,255,255,255,255,255,255,255,255,255,255,255,255,255,255,255,255,255,255,255,255,255,255,255,255,255,255,255,255,255,255,255,255
255,255,255,255,255,255,255,255,255,255,255,255,255,255,255,255,255,255,255,255,255,255,255,255,255,255,255,255,255,255,255,255,255,255,255,255,255,255,255,255,255,255,255,255,255,255,255,255,255,255,255,255,255,255,252,250,247,218,127,102,103,96,93,88,87,83,85,85,85,85,87,87,92,93,90,86,88,90,92,92,92,97,101,105,97,97,98,97,98,88,85,100,101,102,102,103,106,103,108,100,97,97,95,97,96,100,105,100,106,107,105,107,103,101,100,112,112,113,115,117,117,117,116,108,103,103,107,107,112,112,108,108,111,113,111,110,110,110,111,110,111,110,110,111,110,110,110,113,78,132,235,248,251,255,255,255,255,255,255,255,255,255,255,255,255,255,255,255,255,255,255,255,255,255,255,255,255,255,255,255,255,255,255,255,255,255,255,255,255,255,255,255,255,255,255,255,255,255,255,255
255,255,255,255,255,255,255,255,255,255,255,255,255,255,255,255,255,255,255,255,255,255,255,255,255,255,255,255,255,255,255,255,255,255,255,255,255,255,255,255,255,255,255,255,255,255,255,255,255,255,255,255,253,253,251,248,246,176,88,103,101,93,91,88,85,83,82,83,87,87,90,87,92,92,90,88,88,91,93,96,96,100,101,103,102,97,101,102,100,98,106,103,106,105,105,107,106,105,110,103,102,102,98,96,97,98,97,96,102,107,110,108,103,101,97,103,112,118,118,120,116,107,107,110,103,103,108,107,113,108,110,108,111,112,107,107,108,108,115,112,113,113,113,116,112,113,113,112,102,77,201,245,248,251,255,255,255,255,255,255,255,255,255,255,255,255,255,255,255,255,255,255,255,255,255,255,255,255,255,255,255,255,255,255,255,255,255,255,255,255,255,255,255,255,255,255,255,255,255,255
255,255,255,255,255,255,255,255,255,255,255,255,255,255,255,255,255,255,255,255,255,255,255,255,255,255,255,255,255,255,255,255,255,255,255,255,255,255,255,255,255,255,255,255,255,255,255,255,255,255,255,255,253,252,250,245,220,110,95,102,93,92,90,87,85,83,83,83,91,90,92,91,98,101,90,88,88,91,92,97,97,101,100,102,106,98,102,100,101,105,106,106,106,107,108,110,105,106,111,107,107,103,102,97,102,100,103,106,106,105,108,108,106,98,97,111,102,113,112,112,103,101,95,102,103,98,105,106,107,107,108,110,110,110,105,105,105,108,108,122,115,117,116,117,115,117,116,116,113,86,113,226,247,250,252,255,255,255,255,255,255,255,255,255,255,255,255,255,255,255,255,255,255,255,255,255,255,255,255,255,255,255,255,255,255,255,255,255,255,255,255,255,255,255,255,255,255,255,255,255
255,255,255,255,255,255,255,255,255,255,255,255,255,255,255,255,255,255,255,255,255,255,255,255,255,255,255,255,255,255,255,255,255,255,255,255,255,255,255,255,255,255,255,255,255,255,255,255,255,255,255,255,253,252,247,230,171,87,98,97,91,90,88,87,85,83,82,82,90,91,88,87,93,96,87,88,90,92,95,96,98,98,100,102,106,98,98,98,100,101,105,106,106,103,107,111,103,107,113,108,106,103,103,100,106,103,103,103,102,103,102,105,98,96,95,98,100,101,112,102,100,105,98,107,105,101,102,105,106,112,108,108,107,108,111,112,108,110,108,110,122,122,121,120,118,117,118,116,112,108,63,171,243,246,248,253,255,255,255,255,255,255,255,255,255,255,255,255,255,255,255,255,255,255,255,255,255,255,255,255,255,255,255,255,255,255,255,255,255,255,255,255,255,255,255,255,255,255,255,255
255,255,255,255,255,255,255,255,255,255,255,255,255,255,255,255,255,255,255,255,255,255,255,255,255,255,255,255,255,255,255,255,255,255,255,255,255,255,255,255,255,255,255,255,255,255,255,255,255,255,255,255,255,252,248,213,98,92,100,95,91,88,88,87,85,83,83,82,83,82,85,85,87,90,86,87,88,92,93,93,96,96,96,100,101,100,98,100,98,105,106,108,115,116,117,117,110,112,112,107,108,103,102,101,101,103,102,100,96,100,97,90,87,83,93,96,90,90,95,96,108,111,115,121,110,100,103,107,113,110,110,108,107,106,108,110,110,110,116,126,127,125,125,122,121,120,120,118,115,113,91,115,236,243,243,250,252,255,255,255,255,255,255,255,255,255,255,255,255,255,255,255,255,255,255,255,255,255,255,255,255,255,255,255,255,255,255,255,255,255,255,255,255,255,255,255,255,255,255,255
255,255,255,255,255,255,255,255,255,255,255,255,255,255,255,255,255,255,255,255,255,255,255,255,255,255,255,255,255,255,255,255,255,255,255,255,255,255,255,255,255,255,255,255,255,255,255,255,255,255,255,255,253,252,243,153,82,96,97,95,90,90,88,86,83,83,83,83,82,82,83,83,85,85,83,82,87,92,95,96,95,95,96,97,96,97,97,100,98,103,107,106,110,108,112,112,113,110,110,103,102,98,97,95,93,95,95,97,95,92,93,80,87,90,93,95,92,91,97,101,100,107,106,103,105,108,105,107,108,107,112,115,112,108,108,106,105,111,116,126,125,125,128,127,125,122,121,121,116,111,106,75,200,233,247,250,252,253,255,255,255,255,255,255,255,255,255,255,255,255,255,255,255,255,255,255,255,255,255,255,255,255,255,255,255,255,255,255,255,255,255,255,255,255,255,255,255,255,255,255
255,255,255,255,255,255,255,255,255,255,255,255,255,255,255,255,255,255,255,255,255,255,255,255,255,255,255,255,255,255,255,255,255,255,255,255,255,255,255,255,255,255,255,255,255,255,255,255,255,255,255,255,253,252,237,112,86,97,97,93,91,88,86,85,83,81,81,81,82,82,83,83,82,81,81,81,85,90,93,93,95,93,96,93,93,97,93,96,93,101,102,105,106,108,108,105,112,107,105,97,92,96,96,96,96,96,95,95,93,88,87,82,86,91,92,90,96,92,91,97,101,102,93,93,103,107,108,110,106,108,110,123,117,112,105,103,108,112,120,118,121,126,131,128,126,126,122,123,118,110,105,81,133,225,238,248,250,252,255,255,255,255,255,255,255,255,255,255,255,255,255,255,255,255,255,255,255,255,255,255,255,255,255,255,255,255,255,255,255,255,255,255,255,255,255,255,255,255,255,255
255,255,255,255,255,255,255,255,255,255,255,255,255,255,255,255,255,255,255,255,255,255,255,255,255,255,255,255,255,255,255,255,255,255,255,255,255,255,255,255,255,255,255,255,255,255,255,255,255,255,255,255,253,247,191,80,88,95,96,92,90,87,86,85,82,82,82,81,81,82,82,82,81,80,81,83,87,90,93,93,95,98,101,93,90,88,92,92,93,98,101,100,106,106,102,116,115,111,103,105,93,93,97,93,91,93,92,92,88,87,87,92,85,91,92,92,90,88,92,95,93,91,91,101,105,108,115,115,117,106,116,126,125,112,105,108,111,110,113,116,121,123,132,126,125,126,126,126,122,111,106,97,86,193,238,246,247,251,255,255,255,255,255,255,255,255,255,255,255,255,255,255,255,255,255,255,255,255,255,255,255,255,255,255,255,255,255,255,255,255,255,255,255,255,255,255,255,255,255,255
255,255,255,255,255,255,255,255,255,255,255,255,255,255,255,255,255,255,255,255,255,255,255,255,255,255,255,255,255,255,255,255,255,255,255,255,255,255,255,255,255,255,255,255,255,255,255,255,255,255,255,255,253,245,128,76,92,95,95,92,88,86,86,85,82,81,81,82,83,81,80,78,80,80,81,82,88,86,92,97,97,97,96,96,93,90,92,92,93,100,100,98,106,106,105,108,106,100,100,103,96,95,100,93,91,91,91,87,88,101,100,88,87,90,100,95,95,91,91,90,90,90,92,100,101,102,123,113,106,108,115,121,111,108,115,113,111,106,112,118,122,125,132,130,126,125,127,127,125,117,106,106,78,128,231,245,247,250,253,255,255,255,255,255,255,255,255,255,255,255,255,255,255,255,255,255,255,255,255,255,255,255,255,255,255,255,255,255,255,255,255,255,255,255,255,255,255,255,255,255
255,255,255,255,255,255,255,255,255,255,255,255,255,255,255,255,255,255,255,255,255,255,255,255,255,255,255,255,255,255,255,255,255,255,255,255,255,255,255,255,255,255,255,255,255,255,255,255,255,255,255,255,253,225,93,80,91,93,93,91,88,86,85,85,82,81,82,81,82,82,80,78,80,81,83,86,91,92,95,95,101,101,98,92,88,90,91,93,96,98,100,95,98,98,100,101,100,98,110,102,103,102,111,102,101,98,91,88,92,97,98,87,82,90,103,92,97,88,86,92,96,88,91,93,97,102,115,113,111,108,113,110,111,111,108,106,111,105,107,117,125,125,127,127,125,125,130,128,128,120,107,102,85,68,217,245,247,251,252,255,255,255,255,255,255,255,255,255,255,255,255,255,255,255,255,255,255,255,255,255,255,255,255,255,255,255,255,255,255,255,255,255,255,255,255,255,255,255,255,255
255,255,255,255,255,255,255,255,255,255,255,255,255,255,255,255,255,255,255,255,255,255,255,255,255,255,255,255,255,255,255,255,255,255,255,255,255,255,255,255,255,255,255,255,255,255,255,255,255,255,255,255,250,181,78,82,91,93,92,91,87,86,85,85,83,80,82,81,82,82,80,80,81,80,85,88,91,93,96,98,103,101,100,93,95,92,92,93,96,92,95,95,97,98,98,100,101,98,105,101,101,105,112,108,106,101,96,90,88,91,88,81,83,88,101,93,96,86,86,97,97,91,92,93,98,105,112,107,98,105,107,103,98,102,101,102,111,113,113,120,127,127,127,125,126,128,126,132,133,122,107,101,98,71,211,246,247,250,252,253,255,255,255,255,255,255,255,255,255,255,255,255,255,255,255,255,255,255,255,255,255,255,255,255,255,255,255,255,255,255,255,255,255,255,255,255,255,255,255,255
255,255,255,255,255,255,255,255,255,255,255,255,255,255,255,255,255,255,255,255,255,255,255,255,255,255,255,255,255,255,255,255,255,255,255,255,255,255,255,255,255,255,255,255,255,255,255,255,255,255,255,255,245,142,72,82,92,93,92,90,87,85,85,83,82,80,80,80,82,81,78,78,82,85,86,90,90,92,100,98,101,101,100,96,96,92,93,95,98,92,93,91,91,97,97,96,98,100,102,102,103,106,105,105,103,98,93,90,87,87,86,83,87,90,97,86,83,86,95,93,91,93,95,96,100,101,102,98,107,106,107,106,106,106,105,103,110,108,112,118,123,126,128,122,123,126,128,132,137,128,116,105,106,75,207,240,248,248,251,253,255,255,255,255,255,255,255,255,255,255,255,255,255,255,255,255,255,255,255,255,255,255,255,255,255,255,255,255,255,255,255,255,255,255,255,255,255,255,255,255
255,255,255,255,255,255,255,255,255,255,255,255,255,255,255,255,255,255,255,255,255,255,255,255,255,255,255,255,255,255,255,255,255,255,255,255,255,255,255,255,255,255,255,255,255,255,255,255,255,255,255,253,241,101,76,86,92,92,92,90,87,83,83,82,81,80,80,81,81,81,80,80,82,85,88,92,92,93,97,92,97,102,102,101,98,96,97,101,97,96,95,93,92,97,97,97,101,102,97,103,107,105,102,102,100,97,93,91,88,93,88,92,96,95,95,87,83,85,95,95,93,96,97,103,105,102,102,100,110,111,107,107,103,116,113,112,111,111,112,117,122,125,133,128,120,123,126,132,135,130,121,105,113,82,183,241,245,247,251,252,255,255,255,255,255,255,255,255,255,255,255,255,255,255,255,255,255,255,255,255,255,255,255,255,255,255,255,255,255,255,255,255,255,255,255,255,255,255,255,255
255,255,255,255,255,255,255,255,255,255,255,255,255,255,255,255,255,255,255,255,255,255,255,255,255,255,255,255,255,255,255,255,255,255,255,255,255,255,255,255,255,255,255,255,255,255,255,255,255,255,255,252,213,82,83,91,91,91,91,88,86,83,82,81,81,80,80,81,82,81,80,80,82,82,87,93,98,96,95,76,96,103,106,107,102,98,97,96,96,95,92,93,92,96,96,95,96,102,100,105,102,105,103,103,98,97,96,91,91,92,98,105,101,101,98,95,93,93,100,96,95,95,106,101,102,103,102,101,98,103,107,107,107,113,116,115,116,115,112,116,123,122,122,127,131,126,125,131,135,132,127,113,111,80,133,238,241,246,248,252,255,255,255,255,255,255,255,255,255,255,255,255,255,255,255,255,255,255,255,255,255,255,255,255,255,255,255,255,255,255,255,255,255,255,255,255,255,255,255,255
255,255,255,255,255,255,255,255,255,255,255,255,255,255,255,255,255,255,255,255,255,255,255,255,255,255,255,255,255,255,255,255,255,255,255,255,255,255,255,255,255,255,255,255,255,255,255,255,255,255,255,247,176,71,87,92,90,91,90,88,86,83,81,81,81,81,81,82,82,82,81,80,80,80,82,91,91,95,96,97,105,110,110,108,101,96,96,98,102,102,93,92,87,103,103,105,97,93,98,105,103,105,103,105,105,100,97,98,100,101,103,106,101,103,103,102,98,98,97,98,96,96,101,98,103,102,98,101,97,100,105,107,112,111,116,121,122,121,115,116,121,127,133,130,137,127,126,131,137,133,130,126,111,87,111,221,238,242,246,250,253,255,255,255,255,255,255,255,255,255,255,255,255,255,255,255,255,255,255,255,255,255,255,255,255,255,255,255,255,255,255,255,255,255,255,255,255,255,255,255
255,255,255,255,255,255,255,255,255,255,255,255,255,255,255,255,255,255,255,255,255,255,255,255,255,255,255,255,255,255,255,255,255,255,255,255,255,255,255,255,255,255,255,255,255,255,255,255,255,255,255,241,150,71,95,93,92,92,91,88,86,83,83,82,82,82,83,85,83,82,80,80,80,80,81,83,87,91,91,100,105,108,110,106,106,98,97,103,105,106,100,97,92,93,97,95,96,97,97,98,96,100,100,102,105,103,103,103,108,110,106,101,101,107,106,103,97,96,92,101,100,101,98,100,102,101,101,98,97,100,105,107,116,115,117,127,125,121,118,121,117,121,123,128,133,132,131,135,135,138,133,132,130,113,88,220,237,238,243,247,251,255,255,255,255,255,255,255,255,255,255,255,255,255,255,255,255,255,255,255,255,255,255,255,255,255,255,255,255,255,255,255,255,255,255,255,255,255,255,255
255,255,255,255,255,255,255,255,255,255,255,255,255,255,255,255,255,255,255,255,255,255,255,255,255,255,255,255,255,255,255,255,255,255,255,255,255,255,255,255,255,255,255,255,255,255,255,255,255,255,255,246,148,81,93,93,93,93,91,88,86,85,82,81,82,82,83,85,85,85,85,82,85,85,87,90,91,91,95,101,105,105,105,107,107,101,98,106,108,112,107,96,97,95,97,100,100,97,95,93,93,95,96,100,98,105,111,113,110,107,103,101,101,103,107,102,97,96,95,100,100,101,100,102,105,98,96,100,101,105,108,111,115,117,118,133,130,122,118,117,118,118,120,126,130,135,136,138,137,140,137,136,136,115,76,200,231,235,242,246,250,253,255,255,255,255,255,255,255,255,255,255,255,255,255,255,255,255,255,255,255,255,255,255,255,255,255,255,255,255,255,255,255,255,255,255,255,255,255,255
255,255,255,255,255,255,255,255,255,255,255,255,255,255,255,255,255,255,255,255,255,255,255,255,255,255,255,255,255,255,255,255,255,255,255,255,255,255,255,255,255,255,255,255,255,255,255,255,255,255,255,245,127,88,100,93,91,92,92,86,85,83,80,81,83,85,86,87,87,87,88,88,91,91,96,98,100,101,102,103,106,107,105,105,111,106,107,115,116,115,112,101,97,98,96,101,103,100,97,100,92,96,95,98,97,101,101,108,107,106,101,102,100,100,97,98,97,95,96,96,97,98,101,110,108,103,101,102,101,106,108,115,117,118,120,137,130,118,120,117,115,115,118,122,128,133,137,140,142,142,140,140,138,115,73,196,231,236,241,246,248,251,255,255,255,255,255,255,255,255,255,255,255,255,255,255,255,255,255,255,255,255,255,255,255,255,255,255,255,255,255,255,255,255,255,255,255,255,255,255
255,255,255,255,255,255,255,255,255,255,255,255,255,255,255,255,255,255,255,255,255,255,255,255,255,255,255,255,255,255,255,255,255,255,255,255,255,255,255,255,255,255,255,255,255,255,255,255,255,255,255,240,107,93,96,93,92,92,91,85,83,81,80,80,82,86,88,88,88,91,91,92,92,93,96,98,101,102,106,111,110,106,102,101,107,112,117,122,113,112,113,107,101,98,96,107,105,100,106,107,92,97,100,100,101,101,100,100,100,102,100,98,103,101,95,95,95,97,98,97,96,98,100,105,102,103,102,105,108,106,118,117,120,118,121,116,122,115,107,110,112,120,120,118,125,127,132,140,145,145,143,142,142,121,67,201,231,235,237,242,243,246,251,253,255,255,255,255,255,255,255,255,255,255,255,255,255,255,255,255,255,255,255,255,255,255,255,255,255,255,255,255,255,255,255,255,255,255,255,255
255,255,255,255,255,255,255,255,255,255,255,255,255,255,255,255,255,255,255,255,255,255,255,255,255,255,255,255,255,255,255,255,255,255,255,255,255,255,255,255,255,255,255,255,255,255,255,255,255,255,255,252,117,98,100,95,92,93,91,85,82,80,78,77,82,85,87,88,87,90,88,88,91,93,95,100,100,101,100,106,105,105,103,98,103,111,115,112,115,115,115,116,107,103,103,110,95,75,91,102,93,91,100,105,103,105,100,100,102,95,96,102,103,102,100,103,98,100,101,103,98,100,100,101,103,103,101,103,103,115,117,126,121,128,121,118,127,122,110,105,102,110,123,118,120,126,128,137,145,146,146,143,143,125,65,171,227,232,236,240,243,247,250,252,255,255,255,255,255,255,255,255,255,255,255,255,255,255,255,255,255,255,255,255,255,255,255,255,255,255,255,255,255,255,255,255,255,255,255,255
255,255,255,255,255,255,255,255,255,255,255,255,255,255,255,255,255,255,255,255,255,255,255,255,255,255,255,255,255,255,255,255,255,255,255,255,255,255,255,255,255,255,255,255,255,255,255,255,255,255,253,240,113,100,101,95,92,93,90,83,81,78,75,72,80,80,80,78,81,82,78,83,85,90,93,96,100,98,97,105,103,106,101,101,101,111,108,108,110,112,127,122,110,106,110,108,105,96,101,101,101,92,102,111,102,106,106,105,110,101,100,112,107,103,100,96,97,103,106,103,103,102,102,105,105,103,103,103,108,116,118,117,116,118,121,122,117,113,108,93,113,112,108,117,120,122,127,133,143,147,147,146,145,132,71,175,221,232,235,238,242,245,247,251,253,255,255,255,255,255,255,255,255,255,255,255,255,255,255,255,255,255,255,255,255,255,255,255,255,255,255,255,255,255,255,255,255,255,255,255
255,255,255,255,255,255,255,255,255,255,255,255,255,255,255,255,255,255,255,255,255,255,255,255,255,255,255,255,255,255,255,255,255,255,255,255,255,255,255,255,255,255,255,255,255,255,255,255,255,255,255,216,93,101,100,95,96,95,87,82,80,73,72,68,70,68,72,73,73,73,68,75,77,87,88,90,96,97,98,102,106,105,102,106,110,116,113,113,117,118,127,118,113,107,110,115,115,103,103,101,105,102,103,112,108,105,105,107,113,110,107,111,110,108,107,105,108,108,106,105,103,102,102,107,105,103,102,107,113,101,117,118,111,123,108,117,110,103,107,105,112,111,113,121,122,122,127,135,142,148,147,146,145,132,87,192,222,230,233,236,240,243,246,250,252,255,255,255,255,255,255,255,255,255,255,255,255,255,255,255,255,255,255,255,255,255,255,255,255,255,255,255,255,255,255,255,255,255,255,255
255,255,255,255,255,255,255,255,255,255,255,255,255,255,255,255,255,255,255,255,255,255,255,255,255,255,255,255,255,255,255,255,255,255,255,255,255,255,255,255,255,255,255,255,255,255,255,255,255,255,253,212,105,100,97,96,100,93,86,81,75,70,63,65,68,71,71,68,68,68,68,72,76,83,87,87,91,95,92,97,100,102,103,110,116,118,121,128,130,130,127,121,116,112,107,110,113,108,106,106,107,103,101,112,107,106,115,110,111,116,117,113,116,115,116,118,118,122,113,108,106,103,103,107,106,108,103,115,121,105,112,116,107,110,113,108,103,101,98,95,115,122,120,118,121,126,127,133,141,147,146,146,145,133,86,182,222,228,232,236,238,241,245,247,250,253,255,255,255,255,255,255,255,255,255,255,255,255,255,255,255,255,255,255,255,255,255,255,255,255,255,255,255,255,255,255,255,255,255,255
255,255,255,255,255,255,255,255,255,255,255,255,255,255,255,255,255,255,255,255,255,255,255,255,255,255,255,255,255,255,255,255,255,255,255,255,255,255,255,255,255,255,255,255,255,255,255,255,255,255,253,236,140,101,98,96,102,92,87,80,73,66,65,63,67,70,70,70,67,66,68,70,73,78,76,82,85,86,88,88,96,102,105,115,117,120,131,137,140,138,136,130,125,123,121,115,112,116,117,116,111,102,95,103,93,105,116,116,118,120,121,118,122,127,127,128,126,130,113,107,106,103,105,105,108,106,107,102,96,102,120,115,105,105,105,115,113,111,115,102,110,121,127,122,121,126,128,135,142,145,146,146,145,140,106,186,216,225,231,235,237,240,242,246,248,253,255,255,255,255,255,255,255,255,255,255,255,255,255,255,255,255,255,255,255,255,255,255,255,255,255,255,255,255,255,255,255,255,255,255
255,255,255,255,255,255,255,255,255,255,255,255,255,255,255,255,255,255,255,255,255,255,255,255,255,255,255,255,255,255,255,255,255,255,255,255,255,255,255,255,255,255,255,255,255,255,255,255,255,255,252,246,150,106,100,97,102,93,86,77,73,68,67,67,66,65,67,60,65,67,70,68,73,73,72,73,82,85,86,91,97,98,105,113,115,122,128,130,133,133,131,131,136,133,126,118,115,115,116,108,101,96,100,111,111,111,120,118,123,127,127,122,135,131,127,136,133,122,111,110,111,105,107,110,106,93,96,87,80,81,92,95,103,102,106,112,121,112,111,112,113,116,123,126,130,128,135,135,142,145,146,143,143,143,110,190,218,226,228,232,237,240,241,243,247,250,252,255,255,255,255,255,255,255,255,255,255,255,255,255,255,255,255,255,255,255,255,255,255,255,255,255,255,255,255,255,255,255,255,255
255,255,255,255,255,255,255,255,255,255,255,255,255,255,255,255,255,255,255,255,255,255,255,255,255,255,255,255,255,255,255,255,255,255,255,255,255,255,255,255,255,255,255,255,255,255,255,255,255,255,252,250,148,103,102,103,100,87,82,80,73,70,70,71,70,70,67,52,57,68,70,65,65,67,70,75,80,85,82,80,103,96,102,111,110,118,131,130,131,132,126,130,127,118,121,118,116,115,123,107,105,93,103,111,112,113,117,118,126,131,133,135,138,135,130,137,135,120,107,105,108,105,103,105,101,92,95,80,71,73,93,91,101,102,105,112,120,117,113,125,120,123,123,130,131,126,135,141,143,143,145,141,143,145,96,188,222,226,230,232,233,238,240,242,246,247,251,253,255,255,255,255,255,255,255,255,255,255,255,255,255,255,255,255,255,255,255,255,255,255,255,255,255,255,255,255,255,255,255,255
255,255,255,255,255,255,255,255,255,255,255,255,255,255,255,255,255,255,255,255,255,255,255,255,255,255,255,255,255,255,255,255,255,255,255,255,255,255,255,255,255,255,255,255,255,255,255,255,255,255,255,235,128,100,102,107,96,88,86,81,76,72,72,73,73,73,68,67,73,76,76,70,65,65,65,73,80,82,82,80,86,102,87,106,105,112,113,112,110,117,126,127,123,110,110,113,117,118,118,113,107,96,102,110,112,116,120,115,122,125,121,122,126,125,121,125,122,112,102,105,102,98,95,97,91,82,83,82,76,90,97,103,101,101,105,107,113,112,112,121,120,116,111,131,132,133,138,142,142,142,142,141,142,143,92,172,223,225,228,232,233,238,240,241,243,247,251,253,255,255,255,255,255,255,255,255,255,255,255,255,255,255,255,255,255,255,255,255,255,255,255,255,255,255,255,255,255,255,255,255
255,255,255,255,255,255,255,255,255,255,255,255,255,255,255,255,255,255,255,255,255,255,255,255,255,255,255,255,255,255,255,255,255,255,255,255,255,255,255,255,255,255,255,255,255,255,255,255,255,255,253,225,143,98,101,110,96,88,83,83,80,78,78,80,81,78,73,77,81,81,81,77,71,66,66,68,70,73,76,77,80,87,95,97,107,107,111,108,101,106,113,110,103,101,103,106,118,120,115,115,113,108,106,110,112,113,115,107,112,112,106,106,107,106,110,110,103,98,98,93,92,95,92,92,91,91,87,91,97,101,101,108,110,108,108,117,120,110,107,108,115,118,130,133,132,137,145,147,146,143,141,141,142,143,97,176,220,223,226,231,232,236,238,241,242,245,248,253,255,255,255,255,255,255,255,255,255,255,255,255,255,255,255,255,255,255,255,255,255,255,255,255,255,255,255,255,255,255,255,255
255,255,255,255,255,255,255,255,255,255,255,255,255,255,255,255,255,255,255,255,255,255,255,255,255,255,255,255,255,255,255,255,255,255,255,255,255,255,255,255,255,255,255,255,255,255,255,255,255,255,251,235,172,95,102,108,98,92,86,83,83,85,85,86,86,87,88,80,87,85,86,83,77,73,67,66,68,71,72,73,78,81,83,92,93,96,98,97,100,101,97,93,93,97,97,101,110,116,125,120,116,113,111,105,111,103,105,95,93,97,95,95,92,86,86,87,87,86,77,78,81,83,90,93,102,102,103,103,101,97,101,107,108,108,115,130,130,113,118,117,108,116,122,120,125,136,143,147,150,145,141,140,141,143,115,202,218,225,222,227,230,235,237,241,242,243,248,251,253,255,255,255,255,255,255,255,255,255,255,255,255,255,255,255,255,255,255,255,255,255,255,255,255,255,255,255,255,255,255,255
255,255,255,255,255,255,255,255,255,255,255,255,255,255,255,255,255,255,255,255,255,255,255,255,255,255,255,255,255,255,255,255,255,255,255,255,255,255,255,255,255,255,255,255,255,255,255,255,255,251,250,247,183,100,103,105,92,88,88,87,86,90,88,91,91,91,92,92,88,87,87,87,85,80,70,68,67,72,73,75,66,71,75,80,83,88,86,87,85,86,91,92,88,88,93,96,106,107,122,122,113,112,111,112,106,102,98,95,90,90,82,86,85,83,83,85,83,77,72,80,80,86,87,92,97,97,91,96,96,98,105,106,110,108,113,116,116,121,121,128,125,125,130,128,136,141,140,143,146,150,137,136,140,143,148,211,220,208,183,167,183,222,236,241,242,245,248,251,252,255,255,255,255,255,255,255,255,255,255,255,255,255,255,255,255,255,255,255,255,255,255,255,255,255,255,255,255,255,255,255
255,255,255,255,255,255,255,255,255,255,255,255,255,255,255,255,255,255,255,255,255,255,255,255,255,255,255,255,255,255,255,255,255,255,255,255,255,255,255,255,255,255,255,255,255,255,255,255,253,202,157,175,167,96,103,103,93,90,88,87,88,91,86,87,88,90,93,95,93,92,91,90,88,90,85,85,76,75,73,73,71,72,75,82,81,85,82,80,80,76,80,82,83,83,85,85,97,102,116,116,115,112,108,116,106,105,98,97,97,95,83,80,81,78,77,77,77,76,75,78,85,92,91,88,92,95,97,105,108,111,111,110,111,112,115,113,120,123,123,123,128,126,132,136,137,140,142,142,146,152,137,135,138,141,157,217,198,106,57,65,77,111,207,240,242,243,248,248,252,255,255,255,255,255,255,255,255,255,255,255,255,255,255,255,255,255,255,255,255,255,255,255,255,255,255,255,255,255,255,255
255,255,255,255,255,255,255,255,255,255,255,255,255,255,255,255,255,255,255,255,255,255,255,255,255,255,255,255,255,255,255,255,255,255,255,255,255,255,255,255,255,255,255,255,255,255,255,255,148,81,62,48,56,98,100,101,92,92,90,88,91,91,87,87,88,91,93,95,97,97,98,100,103,102,96,96,96,90,78,76,72,71,76,80,81,81,83,80,77,71,73,73,70,72,72,78,85,90,102,108,111,108,113,107,107,106,100,97,100,91,82,85,86,78,81,78,80,80,78,80,82,88,97,100,103,110,110,113,115,115,115,111,112,115,117,116,122,122,125,121,130,132,136,143,140,132,136,141,143,145,131,131,137,142,151,170,57,42,52,63,87,110,130,217,241,243,246,250,251,253,255,255,255,255,255,255,255,255,255,255,255,255,255,255,255,255,255,255,255,255,255,255,255,255,255,255,255,255,255,255
255,255,255,255,255,255,255,255,255,255,255,255,255,255,255,255,255,255,255,255,255,255,255,255,255,255,255,255,255,255,255,255,255,255,255,255,255,255,255,255,255,255,255,255,255,255,255,196,93,76,62,55,43,98,98,98,96,95,95,92,92,83,85,85,88,92,93,95,98,101,101,103,111,110,108,113,113,107,102,96,90,88,80,77,77,80,80,78,75,75,72,66,58,60,66,73,78,90,97,98,95,103,97,97,96,101,98,100,105,91,83,82,82,81,87,85,81,82,86,91,96,100,106,112,112,117,117,112,113,108,108,101,106,108,107,111,115,111,115,120,132,141,140,141,137,133,136,136,140,140,128,131,136,141,133,31,35,47,62,85,117,128,118,176,242,242,246,248,250,252,253,255,255,255,255,255,255,255,255,255,255,255,255,255,255,255,255,255,255,255,255,255,255,255,255,255,255,255,255,255
255,255,255,255,255,255,255,255,255,255,255,255,255,255,255,255,255,255,255,255,255,255,255,255,255,255,255,255,255,255,255,255,255,255,255,255,255,255,255,255,255,255,255,255,255,255,255,157,95,77,62,55,47,95,98,100,96,96,96,93,90,81,88,88,93,96,93,93,100,102,100,105,107,112,112,117,116,113,108,106,101,93,92,91,87,86,83,81,73,73,73,68,62,60,63,67,75,85,97,100,91,90,93,92,83,88,91,91,86,83,83,80,78,80,86,82,80,92,97,101,102,106,103,100,93,82,68,61,55,57,55,40,38,40,46,51,67,81,91,102,128,136,140,145,142,131,132,138,138,133,128,133,136,142,121,30,40,65,95,123,127,47,50,158,241,243,246,247,248,251,253,255,255,255,255,255,255,255,255,255,255,255,255,255,255,255,255,255,255,255,255,255,255,255,255,255,255,255,255,255
255,255,255,255,255,255,255,255,255,255,255,255,255,255,255,255,255,255,255,255,255,255,255,255,255,255,255,255,255,255,255,255,255,255,255,255,255,255,255,255,255,255,255,255,255,255,255,182,82,90,68,56,51,95,95,96,96,96,96,92,91,88,90,92,97,96,92,91,92,96,88,88,87,85,85,87,87,91,97,100,101,100,98,98,95,91,87,82,76,73,75,71,67,63,65,67,75,81,91,93,86,86,83,80,81,82,83,85,78,76,75,78,77,73,73,77,81,98,98,101,98,92,81,66,45,36,52,57,56,50,43,41,47,50,60,63,62,57,53,51,61,97,125,142,143,131,136,142,138,128,130,135,133,145,131,45,57,91,125,131,57,21,55,160,242,245,247,248,250,251,251,253,253,255,255,255,255,255,255,255,255,255,255,255,255,255,255,255,255,255,255,255,255,255,255,255,255,255,255,255
255,255,255,255,255,255,255,255,255,255,255,255,255,255,255,255,255,255,255,255,255,255,255,255,255,255,255,255,255,255,255,255,255,255,255,255,255,255,255,255,255,255,255,255,255,255,255,248,62,53,82,61,55,96,95,92,93,96,95,93,91,88,88,92,92,87,81,80,61,41,42,41,48,57,58,62,62,55,48,52,65,75,86,91,95,92,87,81,76,75,76,68,66,65,66,66,75,73,73,76,78,81,85,83,78,67,70,71,71,71,70,76,75,72,73,77,78,90,92,91,77,62,33,31,35,57,75,76,78,86,75,58,52,58,66,83,82,87,87,92,71,41,88,123,138,140,135,132,137,130,128,135,131,142,142,65,83,118,135,67,35,20,63,176,241,243,246,248,248,251,251,253,255,255,255,255,255,255,255,255,255,255,255,255,255,255,255,255,255,255,255,255,255,255,255,255,255,255,255,255
255,255,255,255,255,255,255,255,255,255,255,255,255,255,255,255,255,255,255,255,255,255,255,255,255,255,255,255,255,255,255,255,255,255,255,255,255,255,255,255,255,255,255,255,255,255,255,255,98,47,61,73,61,95,92,91,90,93,92,95,92,87,85,87,86,78,43,30,32,45,58,62,67,72,75,71,71,66,56,43,36,38,42,58,71,83,88,85,78,72,70,68,67,70,68,66,63,62,62,71,81,86,87,82,80,76,75,75,70,72,72,71,70,71,73,75,76,78,78,72,61,28,33,37,41,56,62,71,66,62,60,57,52,53,61,72,75,82,96,110,108,76,47,88,130,136,131,132,136,131,128,128,128,138,148,81,111,130,72,38,37,21,72,193,240,242,246,248,250,251,252,252,253,255,255,255,255,255,255,255,255,255,255,255,255,255,255,255,255,255,255,255,255,255,255,255,255,255,255,255
255,255,255,255,255,255,255,255,255,255,255,255,255,255,255,255,255,255,255,255,255,255,255,255,255,255,255,255,255,255,255,255,255,255,255,255,255,255,255,255,255,255,255,255,255,255,255,255,115,63,37,68,70,95,90,87,87,90,91,95,92,87,83,80,66,37,35,48,55,58,63,68,67,76,77,76,76,73,65,52,42,38,37,36,47,61,72,71,72,76,70,70,66,65,72,67,66,66,65,72,85,95,93,98,92,93,91,86,80,76,76,72,68,67,67,66,67,70,66,61,32,37,37,42,40,47,56,56,83,110,118,83,75,63,67,73,72,83,90,103,105,102,73,51,108,135,127,131,133,130,130,131,128,135,145,95,126,105,35,43,36,37,100,215,241,243,246,247,248,251,251,252,253,255,255,255,255,255,255,255,255,255,255,255,255,255,255,255,255,255,255,255,255,255,255,255,255,255,255,255
255,255,255,255,255,255,255,255,255,255,255,255,255,255,255,255,255,255,255,255,255,255,255,255,255,255,255,255,255,255,255,255,255,255,255,255,255,255,255,255,255,255,255,255,255,255,255,255,127,72,31,63,67,92,86,85,86,88,90,93,95,88,78,60,26,45,52,53,57,58,63,70,71,76,78,76,73,70,65,62,48,42,42,37,32,41,55,63,65,66,65,65,66,65,67,65,65,65,70,83,90,96,98,102,105,106,106,98,93,90,77,72,72,72,60,61,61,66,61,33,38,41,32,41,38,38,41,38,45,47,38,55,56,58,77,97,95,106,132,125,102,111,107,58,73,131,127,125,126,125,126,128,127,132,140,102,132,92,26,43,21,50,112,233,241,243,246,247,250,250,251,252,253,253,255,255,255,255,255,255,255,255,255,255,255,255,255,255,255,255,255,255,255,255,255,255,255,255,255,255
255,255,255,255,255,255,255,255,255,255,255,255,255,255,255,255,255,255,255,255,255,255,255,255,255,255,255,255,255,255,255,255,255,255,255,255,255,255,255,255,255,255,255,255,255,255,255,255,146,77,26,65,65,92,85,82,82,86,88,91,98,81,58,27,48,55,56,53,56,58,62,68,72,81,81,77,76,68,63,61,52,48,41,40,41,32,37,57,63,63,63,65,65,63,65,61,66,66,71,86,91,97,103,101,100,101,102,103,103,90,75,73,72,68,61,61,65,62,31,35,33,31,31,28,28,37,13,7,10,42,13,6,7,8,8,23,50,73,126,146,125,116,118,103,78,108,131,121,121,120,118,125,127,132,137,106,151,90,22,28,20,63,147,238,241,243,246,248,248,248,251,252,251,252,253,255,255,255,255,255,255,255,255,255,255,255,255,255,255,255,255,255,255,255,255,255,255,255,255,255
255,255,255,255,255,255,255,255,255,255,255,255,255,255,255,255,255,255,255,255,255,255,255,255,255,255,255,255,255,255,255,255,255,255,255,255,255,255,255,255,255,255,255,255,255,255,255,255,165,76,25,58,60,96,83,81,81,81,81,82,90,61,33,43,63,57,55,56,55,57,60,66,85,98,98,102,96,92,67,60,52,50,43,37,42,41,35,38,48,65,67,66,66,63,61,60,65,68,73,80,86,93,96,97,96,102,108,111,102,85,66,61,72,75,75,77,63,46,50,40,28,23,41,87,120,102,22,16,8,73,126,10,17,8,22,86,78,41,31,68,112,123,118,107,116,115,128,126,123,123,123,126,127,130,137,120,160,91,21,27,20,80,177,238,241,243,246,246,248,247,250,251,252,252,253,255,255,255,255,255,255,255,255,255,255,255,255,255,255,255,255,255,255,255,255,255,255,255,255,255
255,255,255,255,255,255,255,255,255,255,255,255,255,255,255,255,255,255,255,255,255,255,255,255,255,255,255,255,255,255,255,255,255,255,255,255,255,255,255,255,255,255,255,255,255,255,255,255,185,77,22,53,56,97,83,80,78,78,77,80,85,52,48,73,70,62,61,57,56,57,58,58,58,60,53,57,40,42,33,31,27,28,30,32,35,36,41,40,47,61,66,67,66,61,53,58,62,70,76,81,85,93,100,101,97,100,100,105,102,81,62,56,58,76,82,67,81,50,28,18,30,57,107,142,170,118,21,18,10,27,121,7,23,116,100,152,157,145,80,16,28,75,87,96,106,121,125,126,125,122,122,123,127,130,136,126,151,93,18,22,20,81,203,240,242,243,246,246,247,247,248,250,251,251,253,255,255,255,255,255,255,255,255,255,255,255,255,255,255,255,255,255,255,255,255,255,255,255,255,255
255,255,255,255,255,255,255,255,255,255,255,255,255,255,255,255,255,255,255,255,255,255,255,255,255,255,255,255,255,255,255,255,255,255,255,255,255,255,255,255,255,255,255,255,255,255,255,255,202,78,25,47,53,108,80,78,78,78,77,77,75,58,62,71,81,71,66,61,57,53,42,28,17,11,6,10,117,11,8,6,7,70,91,72,38,30,33,38,43,62,60,70,61,53,43,52,57,63,70,77,80,88,97,97,96,97,96,101,101,83,62,51,43,72,82,61,42,36,81,77,77,127,136,168,182,138,26,12,10,27,11,7,20,61,55,155,198,197,142,32,12,35,76,91,95,117,125,128,123,121,122,123,130,130,136,125,147,111,21,17,30,108,225,238,242,243,246,246,247,247,247,248,250,251,253,255,255,255,255,255,255,255,255,255,255,255,255,255,255,255,255,255,255,255,255,255,255,255,255,255
255,255,255,255,255,255,255,255,255,255,255,255,255,255,255,255,255,255,255,255,255,255,255,255,255,255,255,255,255,255,255,255,255,255,255,255,255,255,255,255,255,255,255,255,255,255,255,255,221,81,27,42,46,106,78,76,77,78,78,75,67,58,51,53,81,75,68,55,32,35,45,16,11,18,11,7,33,7,8,8,17,126,145,135,88,72,57,83,52,37,58,73,61,48,43,53,55,63,67,73,77,87,93,92,90,90,93,91,93,83,67,58,41,57,70,42,30,20,28,45,71,70,75,127,177,170,62,13,10,23,18,13,12,23,72,192,212,180,81,38,76,80,72,88,106,120,126,128,126,120,120,123,131,131,140,106,125,125,27,16,48,122,236,238,242,245,243,246,247,247,247,250,250,250,252,255,255,255,255,255,255,255,255,255,255,255,255,255,255,255,255,255,255,255,255,255,255,255,255,255
255,255,255,255,255,255,255,255,255,255,255,255,255,255,255,255,255,255,255,255,255,255,255,255,255,255,255,255,255,255,255,255,255,255,255,255,255,255,255,255,255,255,255,255,255,255,255,255,248,88,43,35,50,93,80,77,78,78,78,75,68,61,57,51,46,37,30,15,37,76,100,113,30,26,11,27,10,8,6,12,41,147,161,102,51,38,41,46,27,28,42,53,55,52,43,47,51,62,70,81,82,81,92,90,95,96,95,93,92,85,76,60,45,45,60,48,52,68,68,43,30,37,43,50,72,121,123,36,16,18,18,20,22,53,162,197,151,68,58,98,117,115,125,120,115,115,120,121,128,121,121,125,130,132,141,96,102,115,37,21,62,153,236,240,242,245,245,245,247,247,248,248,250,250,252,253,255,255,255,255,255,255,255,255,255,255,255,255,255,255,255,255,255,255,255,255,255,255,255,255
255,255,255,255,255,255,255,255,255,255,255,255,255,255,255,255,255,255,255,255,255,255,255,255,255,255,255,255,255,255,255,255,255,255,255,255,255,255,255,255,255,255,255,255,255,255,255,255,255,115,61,33,52,92,80,78,78,81,80,77,72,66,62,53,40,37,22,15,25,87,158,163,88,30,23,28,15,12,11,16,85,97,55,42,37,37,51,58,65,70,65,55,60,50,43,48,55,66,75,78,85,83,92,90,92,93,95,98,103,93,80,68,52,47,52,55,65,71,83,72,86,87,101,90,75,51,48,46,41,41,25,25,46,86,87,60,47,70,138,145,127,120,136,118,117,111,113,117,125,122,122,125,128,133,137,93,77,105,52,22,70,185,238,240,241,243,245,245,246,247,246,248,250,250,252,253,255,255,255,255,255,255,255,255,255,255,255,255,255,255,255,255,255,255,255,255,255,255,255,255
255,255,255,255,255,255,255,255,255,255,255,255,255,255,255,255,255,255,255,255,255,255,255,255,255,255,255,255,255,255,255,255,255,255,255,255,255,255,255,255,255,255,255,255,255,255,255,255,255,158,73,38,51,90,81,80,78,81,80,78,75,70,67,63,61,63,42,37,30,40,83,132,152,77,23,15,13,22,26,33,42,51,63,67,60,56,56,63,67,80,57,60,61,45,51,58,65,75,77,81,83,85,91,90,88,93,97,100,101,87,92,76,62,57,55,51,65,75,70,80,56,58,83,103,111,140,127,80,63,62,60,52,48,55,65,83,105,112,125,151,126,125,130,117,115,112,108,115,120,121,118,126,130,135,136,100,71,91,70,33,76,211,238,240,241,242,243,246,246,247,247,248,247,248,250,252,255,255,255,255,255,255,255,255,255,255,255,255,255,255,255,255,255,255,255,255,255,255,255,255
255,255,255,255,255,255,255,255,255,255,255,255,255,255,255,255,255,255,255,255,255,255,255,255,255,255,255,255,255,255,255,255,255,255,255,255,255,255,255,255,255,255,255,255,255,255,255,255,255,205,77,45,58,91,81,80,80,81,81,78,76,75,73,77,77,73,71,70,61,48,37,36,40,47,42,45,48,62,65,76,86,95,95,82,48,67,50,65,81,68,62,57,55,53,53,61,65,73,76,80,81,85,91,93,93,97,102,105,107,105,105,103,76,63,57,55,66,76,78,82,72,78,47,73,72,70,88,85,98,91,86,58,58,85,87,103,95,108,118,131,130,123,120,116,110,110,107,113,118,116,120,125,130,132,135,92,62,76,81,43,90,230,238,240,241,243,242,248,247,246,247,248,248,250,250,253,255,255,255,255,255,255,255,255,255,255,255,255,255,255,255,255,255,255,255,255,255,255,255,255
255,255,255,255,255,255,255,255,255,255,255,255,255,255,255,255,255,255,255,255,255,255,255,255,255,255,255,255,255,255,255,255,255,255,255,255,255,255,255,255,255,255,255,255,255,255,255,255,255,238,73,48,62,88,82,81,81,81,81,81,80,77,76,76,77,78,77,73,68,67,63,58,63,70,85,100,106,101,111,128,105,90,63,46,72,45,67,82,76,67,62,60,52,62,61,60,65,72,77,87,86,92,92,93,93,100,110,117,112,106,103,125,98,81,67,51,52,65,80,82,81,86,95,70,53,67,57,57,50,57,60,57,62,83,98,118,145,153,153,140,133,112,113,111,108,107,111,111,115,115,120,127,132,133,136,92,53,67,88,43,116,236,238,240,241,243,242,248,247,247,247,247,248,250,250,252,253,255,255,255,255,255,255,255,255,255,255,255,255,255,255,255,255,255,255,255,255,255,255,255
255,255,255,255,255,255,255,255,255,255,255,255,255,255,255,255,255,255,255,255,255,255,255,255,255,255,255,255,255,255,255,255,255,255,255,255,255,255,255,255,255,255,255,255,255,255,255,255,255,255,87,48,61,88,86,82,81,82,82,83,82,81,76,73,75,77,77,75,72,68,68,67,65,68,63,66,60,67,72,83,73,53,67,77,51,80,87,77,65,66,60,58,53,61,63,56,63,72,82,93,95,90,92,96,96,100,101,113,120,107,100,121,117,96,82,63,58,63,67,76,87,93,85,85,88,65,61,80,82,72,66,73,82,90,92,100,115,128,140,130,125,113,110,110,110,102,106,115,115,120,122,125,133,136,137,95,46,67,86,45,135,237,237,241,241,243,243,246,247,247,247,248,248,250,248,252,255,255,255,255,255,255,255,255,255,255,255,255,255,255,255,255,255,255,255,255,255,255,255,255
255,255,255,255,255,255,255,255,255,255,255,255,255,255,255,255,255,255,255,255,255,255,255,255,255,255,255,255,255,255,255,255,255,255,255,255,255,255,255,255,255,255,255,255,255,255,255,255,255,251,83,45,58,91,83,78,82,83,82,83,82,80,76,72,72,73,75,75,76,75,72,70,70,71,63,62,68,73,62,51,68,91,71,66,88,93,92,66,66,66,60,62,60,66,60,57,63,70,82,90,102,96,102,98,95,100,103,108,112,110,91,105,115,102,97,92,81,77,73,78,77,88,98,102,93,86,91,80,70,75,86,81,78,92,93,106,117,117,121,118,115,116,111,111,108,103,111,115,117,123,126,127,135,138,135,98,45,75,72,51,148,237,237,241,241,245,243,246,246,246,247,248,248,250,250,252,253,255,255,255,255,255,255,255,255,255,255,255,255,255,255,255,255,255,255,255,255,255,255,255
255,255,255,255,255,255,255,255,255,255,255,255,255,255,255,255,255,255,255,255,255,255,255,255,255,255,255,255,255,255,255,255,255,255,255,255,255,255,255,255,255,255,255,255,255,255,255,255,255,252,77,37,48,88,87,80,82,85,85,83,81,80,75,71,72,70,72,71,71,72,71,72,78,77,73,66,63,60,75,96,76,71,88,102,102,93,75,73,67,63,60,65,63,66,52,61,65,78,93,97,101,102,101,101,100,100,105,106,106,103,93,91,97,107,106,100,93,88,82,83,85,85,88,97,96,103,92,96,100,91,81,83,86,95,101,105,113,113,110,110,113,120,115,110,106,105,115,113,125,127,128,128,136,138,137,101,50,96,41,53,150,236,237,240,241,245,243,245,246,246,246,248,250,251,250,252,252,253,255,255,255,255,255,255,255,255,255,255,255,255,255,255,255,255,255,255,255,255,255,255
255,255,255,255,255,255,255,255,255,255,255,255,255,255,255,255,255,255,255,255,255,255,255,255,255,255,255,255,255,255,255,255,255,255,255,255,255,255,255,255,255,255,255,255,255,255,255,255,253,215,55,30,41,82,87,83,82,85,85,85,85,81,77,73,72,71,71,70,70,67,71,72,73,70,66,66,81,90,80,80,86,100,106,105,103,88,85,82,77,68,66,67,66,60,51,67,73,85,91,97,102,98,100,101,105,108,113,108,101,107,93,85,88,107,110,107,101,95,92,91,88,86,83,95,96,97,112,103,97,102,102,103,102,100,101,102,106,108,111,113,122,128,122,117,111,112,116,115,126,130,131,133,138,141,137,101,75,102,22,47,133,212,237,241,242,243,245,245,246,247,247,247,250,251,250,251,250,255,255,255,255,255,255,255,255,255,255,255,255,255,255,255,255,255,255,255,255,255,255,255
255,255,255,255,255,255,255,255,255,255,255,255,255,255,255,255,255,255,255,255,255,255,255,255,255,255,255,255,255,255,255,255,255,255,255,255,255,255,255,255,255,255,255,255,255,255,255,255,247,156,42,22,35,85,88,85,85,86,85,85,83,81,78,77,78,76,75,72,70,67,67,68,72,75,82,87,83,82,92,105,111,105,103,95,87,86,88,81,78,78,71,70,62,51,55,71,80,86,97,103,102,101,105,106,108,108,101,103,106,101,90,87,77,101,111,111,112,102,102,101,95,91,87,95,93,97,100,101,102,103,98,103,106,103,111,111,112,117,122,118,120,120,122,112,115,115,112,117,128,135,136,133,141,140,135,100,88,56,20,53,128,227,242,241,242,243,246,243,247,247,247,248,248,248,250,251,252,255,255,255,255,255,255,255,255,255,255,255,255,255,255,255,255,255,255,255,255,255,255,255
255,255,255,255,255,255,255,255,255,255,255,255,255,255,255,255,255,255,255,255,255,255,255,255,255,255,255,255,255,255,255,255,255,255,255,255,255,255,255,255,255,255,255,255,255,255,255,255,236,151,52,46,60,77,90,87,88,88,88,87,86,83,82,83,82,81,78,75,75,73,73,77,80,81,77,77,87,107,107,107,106,102,106,82,88,93,92,86,80,76,73,70,55,47,62,73,78,91,100,103,106,107,110,112,111,112,107,115,110,105,101,102,81,93,111,115,106,107,106,111,107,101,92,92,96,92,93,97,100,101,102,107,116,111,113,117,118,122,127,127,126,123,122,118,115,116,117,122,133,137,142,145,145,140,130,97,68,27,28,56,138,208,237,241,242,245,245,245,246,246,247,247,248,250,251,251,251,253,255,255,255,255,255,255,255,255,255,255,255,255,255,255,255,255,255,255,255,255,255,255
255,255,255,255,255,255,255,255,255,255,255,255,255,255,255,255,255,255,255,255,255,255,255,255,255,255,255,255,255,255,255,255,255,255,255,255,255,255,255,255,255,255,255,255,255,255,255,255,206,127,80,80,57,83,91,90,91,92,91,91,91,87,86,87,85,85,85,80,76,76,76,77,83,90,92,97,103,98,101,103,97,100,90,93,98,98,100,93,86,78,68,66,48,55,76,81,90,100,98,107,110,112,111,112,117,115,120,116,108,108,106,108,96,88,112,121,132,121,116,112,111,111,107,96,95,90,92,91,95,95,93,97,105,106,112,113,118,120,127,131,126,123,120,117,116,118,118,121,135,137,147,151,145,143,133,105,72,55,48,80,151,218,232,242,243,245,245,245,247,247,247,248,248,250,250,251,252,252,255,255,255,255,255,255,255,255,255,255,255,255,255,255,255,255,255,255,255,255,255,255
255,255,255,255,255,255,255,255,255,255,255,255,255,255,255,255,255,255,255,255,255,255,255,255,255,255,255,255,255,255,255,255,255,255,255,255,255,255,255,255,255,255,255,255,255,255,255,255,235,100,80,73,45,88,92,92,93,95,93,93,93,92,90,91,87,88,87,83,82,82,83,91,95,92,95,98,92,90,90,93,92,92,98,103,95,107,102,95,86,85,67,61,47,65,83,92,105,116,115,118,116,116,117,122,123,126,125,121,113,111,108,107,103,95,108,118,130,123,122,115,113,113,112,108,101,95,90,91,96,97,95,93,96,103,115,115,120,125,127,122,118,113,115,112,110,123,127,128,131,141,150,151,147,143,135,111,71,91,81,106,153,207,236,242,243,245,246,243,246,247,247,248,248,250,250,251,252,253,255,255,255,255,255,255,255,255,255,255,255,255,255,255,255,255,255,255,255,255,255,255
255,255,255,255,255,255,255,255,255,255,255,255,255,255,255,255,255,255,255,255,255,255,255,255,255,255,255,255,255,255,255,255,255,255,255,255,255,255,255,255,255,255,255,255,255,255,255,255,226,90,78,66,43,88,96,96,95,97,98,100,101,95,92,95,90,88,86,86,90,86,87,93,96,93,88,83,83,83,88,96,95,96,97,100,107,107,98,98,87,77,62,52,62,77,88,90,111,118,117,116,120,118,118,125,125,125,126,125,123,120,118,122,107,100,103,117,123,127,120,116,117,117,115,111,106,97,92,91,93,97,93,92,97,96,105,111,108,111,110,116,118,116,117,117,125,130,140,137,136,143,151,152,148,142,135,115,65,96,98,110,172,218,236,243,243,245,243,245,246,247,247,248,248,248,250,250,252,253,255,255,255,255,255,255,255,255,255,255,255,255,255,255,255,255,255,255,255,255,255,255
255,255,255,255,255,255,255,255,255,255,255,255,255,255,255,255,255,255,255,255,255,255,255,255,255,255,255,255,255,255,255,255,255,255,255,255,255,255,255,255,255,255,255,255,255,255,255,255,228,91,80,67,41,88,96,95,95,98,98,101,103,105,100,96,92,91,87,87,86,85,86,83,78,82,81,73,73,80,91,92,88,107,98,111,115,107,91,95,82,67,56,56,72,83,88,95,117,122,126,131,132,127,128,130,131,131,128,130,130,127,128,116,113,102,98,116,120,123,112,120,122,121,118,113,111,107,102,96,97,98,97,92,91,95,93,96,100,100,103,110,112,118,122,126,132,132,135,146,146,143,151,152,151,141,135,106,65,92,101,110,175,235,240,242,243,243,245,245,246,246,246,248,248,248,250,252,252,252,255,255,255,255,255,255,255,255,255,255,255,255,255,255,255,255,255,255,255,255,255,255
255,255,255,255,255,255,255,255,255,255,255,255,255,255,255,255,255,255,255,255,255,255,255,255,255,255,255,255,255,255,255,255,255,255,255,255,255,255,255,255,255,255,255,255,255,255,255,255,238,93,80,66,38,83,93,97,98,100,100,102,105,105,98,93,93,92,88,87,86,82,82,76,73,73,77,80,82,90,90,87,91,111,106,113,115,102,101,96,80,63,56,61,80,87,95,113,123,123,132,132,133,135,131,137,137,136,136,137,135,133,136,118,116,105,98,112,115,116,113,117,117,121,121,121,112,107,107,107,106,105,101,95,98,100,113,100,103,102,116,111,115,120,126,132,145,151,152,151,147,143,148,150,151,141,132,82,48,93,103,115,178,235,242,242,243,243,245,245,246,246,247,248,248,248,251,252,252,251,255,255,255,255,255,255,255,255,255,255,255,255,255,255,255,255,255,255,255,255,255,255
255,255,255,255,255,255,255,255,255,255,255,255,255,255,255,255,255,255,255,255,255,255,255,255,255,255,255,255,255,255,255,255,255,255,255,255,255,255,255,255,255,255,255,255,255,255,255,255,255,105,78,66,36,80,92,97,100,100,98,103,106,105,105,96,92,92,91,88,86,82,81,76,76,78,88,93,95,92,103,90,97,110,107,112,105,102,102,93,68,57,56,67,83,87,105,121,130,130,131,141,145,143,141,142,140,138,140,140,140,142,140,123,115,105,87,105,110,107,110,117,117,123,125,121,117,112,108,110,108,106,107,102,103,103,106,96,106,105,121,116,116,117,125,140,145,151,153,155,151,147,146,150,152,142,132,78,53,92,102,121,202,242,242,242,245,243,245,245,245,246,246,247,247,248,251,251,251,252,255,255,255,255,255,255,255,255,255,255,255,255,255,255,255,255,255,255,255,255,255,255
255,255,255,255,255,255,255,255,255,255,255,255,255,255,255,255,255,255,255,255,255,255,255,255,255,255,255,255,255,255,255,255,255,255,255,255,255,255,255,255,255,255,255,255,255,255,255,255,255,163,85,72,30,76,91,96,100,100,102,103,103,97,101,98,97,95,93,88,92,93,97,98,102,96,92,100,93,96,95,95,100,107,110,111,103,110,107,91,60,55,60,68,83,96,116,126,130,135,142,148,155,151,151,147,145,142,145,146,147,151,145,137,118,105,93,92,105,107,107,111,121,117,118,115,125,117,116,115,105,105,113,111,111,111,111,110,108,103,117,121,117,116,127,137,147,150,152,155,147,146,147,148,151,141,132,80,70,97,113,133,230,241,242,243,243,243,243,245,245,246,246,247,246,248,250,251,252,252,255,255,255,255,255,255,255,255,255,255,255,255,255,255,255,255,255,255,255,255,255,255
255,255,255,255,255,255,255,255,255,255,255,255,255,255,255,255,255,255,255,255,255,255,255,255,255,255,255,255,255,255,255,255,255,255,255,255,255,255,255,255,255,255,255,255,255,255,255,255,255,245,107,77,32,67,88,96,97,97,102,105,102,102,103,103,101,105,102,92,96,97,102,95,98,97,98,98,100,101,101,101,107,108,117,120,116,115,108,88,52,62,70,86,87,102,115,127,128,137,152,163,157,158,157,147,145,145,147,147,148,151,146,143,127,112,97,88,83,101,92,98,118,115,120,115,117,118,117,120,113,111,113,111,112,112,115,117,117,120,121,117,121,118,132,141,145,151,156,152,150,146,146,150,148,140,130,76,73,107,128,176,240,242,242,243,242,243,243,243,246,246,246,246,246,250,250,250,252,253,255,255,255,255,255,255,255,255,255,255,255,255,255,255,255,255,255,255,255,255,255,255
255,255,255,255,255,255,255,255,255,255,255,255,255,255,255,255,255,255,255,255,255,255,255,255,255,255,255,255,255,255,255,255,255,255,255,255,255,255,255,255,255,255,255,255,255,255,255,255,255,255,207,78,43,53,86,95,96,98,102,105,103,108,106,98,100,106,100,97,101,106,107,92,96,98,102,106,103,105,112,108,118,128,125,116,118,116,97,76,57,73,85,93,101,110,117,127,130,142,153,175,167,168,165,156,150,152,152,153,153,153,158,163,145,133,113,101,92,100,82,81,102,113,118,115,115,117,120,118,117,117,118,113,111,111,118,117,118,122,118,125,125,122,130,136,143,150,152,142,146,147,147,148,150,140,125,80,76,125,147,228,240,242,243,243,243,245,243,245,245,246,247,246,247,248,251,250,252,252,255,255,255,255,255,255,255,255,255,255,255,255,255,255,255,255,255,255,255,255,255,255
255,255,255,255,255,255,255,255,255,255,255,255,255,255,255,255,255,255,255,255,255,255,255,255,255,255,255,255,255,255,255,255,255,255,255,255,255,255,255,255,255,255,255,255,255,255,255,255,255,255,251,158,56,46,83,92,95,97,102,107,107,106,102,101,98,98,97,97,101,106,103,97,95,102,105,111,103,112,111,118,116,115,121,115,113,115,88,67,73,87,91,98,106,110,116,131,137,146,153,173,181,185,180,168,165,155,156,152,156,152,155,168,162,145,128,120,112,102,87,65,91,106,112,112,115,116,123,121,123,120,122,118,120,123,117,116,115,117,126,125,123,125,131,130,138,146,151,142,148,146,145,146,147,137,122,73,83,146,217,240,242,242,243,242,243,243,243,245,245,245,246,247,247,250,248,250,251,252,255,255,255,255,255,255,255,255,255,255,255,255,255,255,255,255,255,255,255,255,255,255
255,255,255,255,255,255,255,255,255,255,255,255,255,255,255,255,255,255,255,255,255,255,255,255,255,255,255,255,255,255,255,255,255,255,255,255,255,255,255,255,255,255,255,255,255,255,255,255,255,255,255,191,93,50,77,92,91,93,97,102,107,105,102,101,98,95,95,96,101,98,100,105,106,113,123,108,108,118,115,122,115,123,128,118,115,96,63,73,88,96,101,105,115,115,118,127,140,147,158,172,177,190,203,187,173,168,167,158,157,150,156,170,170,157,141,131,126,118,108,70,78,96,106,111,115,117,122,116,125,126,122,126,123,128,117,126,118,121,125,122,123,128,126,123,142,142,145,142,148,150,145,145,147,137,116,91,155,231,238,242,242,242,242,242,243,242,245,243,245,245,246,247,247,250,248,250,251,253,255,255,255,255,255,255,255,255,255,255,255,255,255,255,255,255,255,255,255,255,255,255
255,255,255,255,255,255,255,255,255,255,255,255,255,255,255,255,255,255,255,255,255,255,255,255,255,255,255,255,255,255,255,255,255,255,255,255,255,255,255,255,255,255,255,255,255,255,255,255,255,255,255,215,62,48,73,91,91,92,97,105,107,107,105,98,93,92,91,96,95,96,106,111,108,112,110,111,122,115,120,121,116,118,123,118,111,82,72,88,100,100,106,115,122,120,121,130,131,145,148,166,167,178,190,200,182,171,163,161,153,157,152,160,171,163,141,141,141,135,126,103,65,77,101,113,122,123,128,121,122,126,128,128,125,125,120,121,118,121,121,130,116,131,126,135,131,133,135,142,135,138,140,140,143,136,112,97,203,236,240,240,242,241,243,242,242,243,245,245,245,245,246,247,248,248,248,251,252,255,255,255,255,255,255,255,255,255,255,255,255,255,255,255,255,255,255,255,255,255,255,255
255,255,255,255,255,255,255,255,255,255,255,255,255,255,255,255,255,255,255,255,255,255,255,255,255,255,255,255,255,255,255,255,255,255,255,255,255,255,255,255,255,255,255,255,255,255,255,255,255,255,255,255,111,48,70,82,92,95,96,98,98,105,98,97,93,88,90,93,95,96,105,108,107,107,112,121,125,118,130,123,122,113,112,115,100,68,86,97,102,105,111,123,121,121,120,123,127,138,143,153,155,161,166,165,173,158,160,151,142,147,132,137,151,157,146,151,156,155,146,125,88,71,97,107,112,126,132,133,128,130,132,127,127,132,126,118,116,112,115,122,123,122,126,142,133,131,131,133,142,137,142,142,140,136,102,106,186,233,240,240,241,242,243,243,245,243,243,245,246,245,246,246,247,248,250,250,252,253,255,255,255,255,255,255,255,255,255,255,255,255,255,255,255,255,255,255,255,255,255,255
255,255,255,255,255,255,255,255,255,255,255,255,255,255,255,255,255,255,255,255,255,255,255,255,255,255,255,255,255,255,255,255,255,255,255,255,255,255,255,255,255,255,255,255,255,255,255,255,255,255,255,251,140,45,55,77,91,97,97,87,93,101,97,92,92,90,90,97,93,95,105,111,108,111,117,128,127,126,115,132,120,123,106,103,83,83,96,106,106,107,111,121,120,116,112,115,123,131,136,145,150,155,155,158,153,152,143,141,136,140,138,140,145,148,152,153,163,163,157,150,113,81,96,100,108,133,136,136,126,131,130,118,125,122,125,117,116,113,110,125,126,126,125,123,133,136,138,143,141,136,142,143,137,127,105,76,207,230,240,240,242,241,243,243,245,243,245,243,246,243,245,247,248,248,250,251,253,255,255,255,255,255,255,255,255,255,255,255,255,255,255,255,255,255,255,255,255,255,255,255
255,255,255,255,255,255,255,255,255,255,255,255,255,255,255,255,255,255,255,255,255,255,255,255,255,255,255,255,255,255,255,255,255,255,255,255,255,255,255,255,255,255,255,255,255,255,255,255,255,255,255,255,148,45,43,72,90,96,88,91,101,101,96,91,88,87,91,95,97,93,110,108,107,123,127,126,130,128,126,128,130,113,112,112,83,91,106,107,106,108,108,113,111,108,110,117,121,121,123,131,142,142,146,146,146,141,131,126,128,132,138,133,137,127,130,140,147,158,161,162,138,91,87,100,106,125,117,128,122,127,130,128,125,123,121,125,116,117,115,127,127,130,133,125,135,141,140,136,141,142,145,141,138,127,93,77,195,227,238,240,242,243,243,243,245,245,245,243,245,246,246,247,247,248,250,250,252,255,255,255,255,255,255,255,255,255,255,255,255,255,255,255,255,255,255,255,255,255,255,255
255,255,255,255,255,255,255,255,255,255,255,255,255,255,255,255,255,255,255,255,255,255,255,255,255,255,255,255,255,255,255,255,255,255,255,255,255,255,255,255,255,255,255,255,255,255,255,255,255,255,255,255,216,110,47,72,83,91,91,86,97,100,97,95,88,87,91,96,93,100,105,112,113,123,130,125,126,137,136,116,120,122,112,110,95,98,110,107,107,103,102,93,85,87,96,113,115,116,117,128,137,138,135,136,138,136,127,120,137,137,123,105,78,75,88,108,122,137,150,153,147,105,88,101,101,116,117,122,141,140,135,130,142,131,125,121,125,127,133,122,132,141,141,125,130,136,142,136,136,138,138,136,137,121,81,80,215,235,240,241,241,243,243,243,245,243,246,242,245,245,246,246,246,248,251,250,252,255,255,255,255,255,255,255,255,255,255,255,255,255,255,255,255,255,255,255,255,255,255,255
255,255,255,255,255,255,255,255,255,255,255,255,255,255,255,255,255,255,255,255,255,255,255,255,255,255,255,255,255,255,255,255,255,255,255,255,255,255,255,255,255,255,255,255,255,255,255,255,255,255,255,255,248,151,46,78,82,88,90,95,96,97,92,93,88,86,91,93,96,102,105,115,116,121,118,121,126,137,127,130,117,111,108,108,101,95,107,107,96,76,53,27,18,18,43,62,103,117,120,125,130,131,130,132,127,130,126,127,128,118,67,51,12,12,17,52,77,101,122,130,136,113,95,100,108,116,126,132,130,136,137,132,132,140,143,130,136,141,135,128,127,125,133,135,127,140,137,135,133,131,137,135,132,112,93,90,210,235,241,242,241,246,245,243,243,245,245,243,246,245,246,247,247,248,251,251,252,252,255,255,255,255,255,255,255,255,255,255,255,255,255,255,255,255,255,255,255,255,255,255
255,255,255,255,255,255,255,255,255,255,255,255,255,255,255,255,255,255,255,255,255,255,255,255,255,255,255,255,255,255,255,255,255,255,255,255,255,255,255,255,255,255,255,255,255,255,255,255,255,255,255,255,231,178,68,75,72,83,88,87,91,95,92,95,90,85,90,90,88,103,110,112,118,111,118,117,130,135,133,125,121,110,112,111,98,91,100,90,57,28,31,37,31,48,45,30,18,71,110,121,117,115,115,123,125,121,123,117,86,13,2,11,16,18,36,38,36,43,82,116,125,106,95,97,100,107,115,122,128,121,138,133,140,138,145,137,148,140,145,138,147,133,146,136,128,142,141,135,132,132,136,137,122,87,87,133,215,237,241,242,242,245,245,245,245,245,245,243,245,245,246,247,247,248,250,251,251,253,255,255,255,255,255,255,255,255,255,255,255,255,255,255,255,255,255,255,255,255,255,255
255,255,255,255,255,255,255,255,255,255,255,255,255,255,255,255,255,255,255,255,255,255,255,255,255,255,255,255,255,255,255,255,255,255,255,255,255,255,255,255,255,255,255,255,255,255,255,255,255,255,255,255,255,217,86,76,68,78,88,92,92,95,97,96,86,86,92,95,90,100,102,111,125,107,120,120,133,131,125,132,121,110,106,111,106,88,85,68,42,30,36,33,26,13,6,5,6,28,65,96,98,100,98,96,102,98,100,98,61,12,7,13,21,30,38,45,50,62,66,100,110,90,96,95,103,115,115,115,121,133,135,132,137,133,136,135,141,140,142,158,147,137,146,132,127,136,137,131,128,132,133,128,103,76,81,123,235,237,242,242,242,245,245,245,245,245,245,245,246,246,246,247,248,248,251,250,251,253,255,255,255,255,255,255,255,255,255,255,255,255,255,255,255,255,255,255,255,255,255,255
255,255,255,255,255,255,255,255,255,255,255,255,255,255,255,255,255,255,255,255,255,255,255,255,255,255,255,255,255,255,255,255,255,255,255,255,255,255,255,255,255,255,255,255,255,255,255,255,255,255,255,255,255,240,125,82,58,67,86,88,87,91,95,90,87,91,88,86,91,97,95,108,118,110,115,123,127,128,130,121,126,110,110,113,112,88,71,57,52,57,66,51,42,42,42,30,42,80,90,67,85,98,90,85,90,91,90,98,96,61,46,47,63,85,97,105,95,83,77,98,100,80,96,98,107,110,113,121,128,126,125,126,131,131,127,121,125,138,146,157,156,147,143,131,133,131,140,137,127,128,130,122,86,68,81,128,227,237,241,243,243,243,243,245,246,246,245,245,245,245,246,247,247,247,248,251,252,255,255,255,255,255,255,255,255,255,255,255,255,255,255,255,255,255,255,255,255,255,255,255
255,255,255,255,255,255,255,255,255,255,255,255,255,255,255,255,255,255,255,255,255,255,255,255,255,255,255,255,255,255,255,255,255,255,255,255,255,255,255,255,255,255,255,255,255,255,255,255,255,255,255,255,255,237,160,77,55,57,72,82,81,83,93,92,90,87,83,85,93,95,95,102,106,112,116,112,121,123,130,127,117,110,115,112,107,88,72,67,63,83,158,103,102,85,72,73,91,121,121,87,67,87,86,86,90,77,72,88,108,113,110,112,117,121,117,120,108,100,98,92,65,78,98,98,98,101,107,111,118,116,118,121,128,125,126,122,126,128,141,141,152,142,142,135,135,137,130,135,126,122,123,122,66,61,116,161,236,240,242,243,242,243,243,243,245,246,245,246,243,246,246,247,248,250,250,252,251,255,255,255,255,255,255,255,255,255,255,255,255,255,255,255,255,255,255,255,255,255,255,255
255,255,255,255,255,255,255,255,255,255,255,255,255,255,255,255,255,255,255,255,255,255,255,255,255,255,255,255,255,255,255,255,255,255,255,255,255,255,255,255,255,255,255,255,255,255,255,255,255,255,255,255,255,255,187,67,56,45,42,77,86,82,90,96,95,86,88,87,95,97,97,106,101,112,112,108,116,116,122,112,106,103,106,102,90,77,72,70,76,81,70,106,92,92,93,100,113,121,112,93,68,68,82,88,75,47,37,51,65,91,106,117,132,126,112,105,102,97,78,63,76,90,96,100,110,105,102,101,106,112,125,125,121,125,128,118,127,130,131,143,143,140,143,125,125,125,135,126,123,115,110,105,71,77,112,182,237,241,242,242,243,242,243,245,243,245,245,246,245,246,246,247,247,248,251,251,252,253,255,255,255,255,255,255,255,255,255,255,255,255,255,255,255,255,255,255,255,255,255,255
255,255,255,255,255,255,255,255,255,255,255,255,255,255,255,255,255,255,255,255,255,255,255,255,255,255,255,255,255,255,255,255,255,255,255,255,255,255,255,255,255,255,255,255,255,255,255,255,255,255,255,255,255,245,237,66,33,38,38,72,81,77,82,92,96,97,92,88,96,98,101,91,92,107,102,108,115,107,111,107,115,110,101,96,88,83,66,60,58,83,80,72,67,72,68,67,65,61,62,58,57,57,72,73,62,55,43,50,50,51,53,63,65,78,72,51,50,51,63,82,81,88,96,100,101,107,100,97,100,108,111,112,126,116,118,126,115,127,125,142,142,136,146,126,115,130,123,117,111,117,93,72,76,80,82,203,238,238,242,243,243,243,243,245,245,245,243,245,245,246,246,247,248,250,250,251,252,252,255,255,255,255,255,255,255,255,255,255,255,255,255,255,255,255,255,255,255,255,255,255
255,255,255,255,255,255,255,255,255,255,255,255,255,255,255,255,255,255,255,255,255,255,255,255,255,255,255,255,255,255,255,255,255,255,255,255,255,255,255,255,255,255,255,255,255,255,255,255,255,255,255,255,255,255,237,97,38,65,33,57,73,80,78,88,92,91,91,91,92,98,97,81,78,97,110,113,118,121,107,107,103,100,97,93,91,86,80,66,55,45,43,43,56,53,48,42,47,50,68,67,57,61,63,65,66,70,70,67,57,56,58,58,62,68,66,68,72,78,85,102,100,105,101,100,100,92,98,98,100,110,102,100,110,101,105,127,127,135,140,143,135,150,145,137,112,125,121,110,115,112,77,62,65,68,123,211,222,233,241,243,243,242,243,245,243,245,245,245,246,246,246,246,247,248,251,251,252,255,255,255,255,255,255,255,255,255,255,255,255,255,255,255,255,255,255,255,255,255,255,255
255,255,255,255,255,255,255,255,255,255,255,255,255,255,255,255,255,255,255,255,255,255,255,255,255,255,255,255,255,255,255,255,255,255,255,255,255,255,255,255,255,255,255,255,255,255,255,255,255,255,255,255,255,255,252,156,38,45,38,47,72,71,85,81,87,82,85,85,90,91,86,86,77,93,115,106,100,98,98,97,97,93,93,92,95,90,87,76,68,62,62,61,58,58,57,51,62,66,66,66,65,62,67,78,71,73,67,78,66,63,70,63,71,66,67,73,86,90,91,92,95,100,101,98,101,93,98,105,103,103,98,95,112,107,102,121,118,128,131,140,140,146,132,131,116,121,117,103,118,110,67,45,58,85,160,222,225,241,242,241,243,245,243,243,246,243,245,246,246,246,246,247,247,247,250,251,253,255,255,255,255,255,255,255,255,255,255,255,255,255,255,255,255,255,255,255,255,255,255,255
255,255,255,255,255,255,255,255,255,255,255,255,255,255,255,255,255,255,255,255,255,255,255,255,255,255,255,255,255,255,255,255,255,255,255,255,255,255,255,255,255,255,255,255,255,255,255,255,255,255,255,255,255,255,255,188,47,37,26,51,68,68,85,90,88,77,85,92,91,98,95,81,77,98,103,98,108,97,88,97,95,91,92,91,91,90,83,81,72,71,65,62,62,60,62,53,57,63,62,77,73,82,72,77,65,72,73,70,62,91,72,76,76,75,78,68,78,78,91,91,90,98,102,102,100,97,103,111,101,105,96,97,103,116,115,107,105,120,136,133,141,127,116,117,121,125,108,100,117,92,56,43,55,92,192,227,240,241,241,241,245,245,243,246,246,246,246,246,247,246,246,247,247,248,251,251,253,255,255,255,255,255,255,255,255,255,255,255,255,255,255,255,255,255,255,255,255,255,255,255
255,255,255,255,255,255,255,255,255,255,255,255,255,255,255,255,255,255,255,255,255,255,255,255,255,255,255,255,255,255,255,255,255,255,255,255,255,255,255,255,255,255,255,255,255,255,255,255,255,255,255,255,255,255,255,222,57,42,36,27,52,72,58,75,86,77,83,83,85,88,92,83,86,86,98,97,96,93,93,98,90,91,88,87,91,83,88,82,68,63,63,60,61,47,67,73,70,52,58,83,85,88,73,98,67,67,77,67,61,75,73,96,77,87,76,72,73,67,75,80,75,91,91,92,98,98,92,103,91,112,97,110,105,100,102,93,110,121,117,137,146,143,137,126,107,111,106,103,112,87,57,35,56,107,215,230,241,241,242,243,245,243,242,246,246,246,245,246,246,246,247,247,248,250,251,252,255,255,255,255,255,255,255,255,255,255,255,255,255,255,255,255,255,255,255,255,255,255,255,255
255,255,255,255,255,255,255,255,255,255,255,255,255,255,255,255,255,255,255,255,255,255,255,255,255,255,255,255,255,255,255,255,255,255,255,255,255,255,255,255,255,255,255,255,255,255,255,255,255,255,255,255,255,255,255,231,103,30,27,22,35,61,60,67,83,76,77,73,73,82,100,102,76,88,88,80,85,88,91,88,82,83,86,85,88,82,92,81,71,56,65,65,61,47,73,67,66,55,70,90,78,90,68,72,88,61,66,65,63,57,78,85,71,82,80,68,85,73,66,66,58,85,96,88,70,81,86,93,86,78,100,108,105,91,101,113,108,111,121,130,141,127,135,127,116,120,117,105,108,55,51,35,58,111,218,241,240,243,243,246,245,245,243,245,245,246,243,246,246,246,247,247,248,250,251,252,253,255,255,255,255,255,255,255,255,255,255,255,255,255,255,255,255,255,255,255,255,255,255,255
255,255,255,255,255,255,255,255,255,255,255,255,255,255,255,255,255,255,255,255,255,255,255,255,255,255,255,255,255,255,255,255,255,255,255,255,255,255,255,255,255,255,255,255,255,255,255,255,255,255,255,255,255,255,255,252,126,52,27,23,36,62,47,57,81,72,66,72,66,75,101,80,72,75,71,81,76,78,73,78,87,71,82,78,68,77,77,78,67,50,61,48,45,58,67,56,55,81,75,83,80,96,61,60,81,57,66,52,76,68,71,57,48,58,93,85,83,82,80,76,63,85,111,103,66,62,67,92,72,62,98,110,107,100,103,103,107,101,96,101,136,131,126,132,113,113,113,103,88,53,51,38,55,136,226,241,241,243,243,246,243,247,243,245,245,245,246,246,246,247,247,247,248,250,251,252,253,255,255,255,255,255,255,255,255,255,255,255,255,255,255,255,255,255,255,255,255,255,255,255
255,255,255,255,255,255,255,255,255,255,255,255,255,255,255,255,255,255,255,255,255,255,255,255,255,255,255,255,255,255,255,255,255,255,255,255,255,255,255,255,255,255,255,255,255,255,255,255,255,255,255,255,255,255,255,255,188,37,22,27,38,62,65,66,76,73,71,67,71,81,73,75,56,72,80,75,70,60,60,70,72,72,76,70,62,71,68,76,62,63,52,51,46,62,50,40,61,70,58,61,71,90,62,75,80,76,71,60,60,77,73,47,57,55,61,67,66,73,82,88,72,76,108,81,78,67,65,77,67,55,68,97,108,98,82,95,91,95,97,105,111,142,125,135,105,117,110,96,72,42,46,33,56,163,226,242,243,243,243,246,243,245,243,245,245,245,246,246,246,246,247,246,247,250,251,252,253,255,255,255,255,255,255,255,255,255,255,255,255,255,255,255,255,255,255,255,255,255,255,255
255,255,255,255,255,255,255,255,255,255,255,255,255,255,255,255,255,255,255,255,255,255,255,255,255,255,255,255,255,255,255,255,255,255,255,255,255,255,255,255,255,255,255,255,255,255,255,255,255,255,255,255,255,255,255,255,215,45,45,47,28,52,70,68,76,73,85,77,82,80,71,66,75,83,61,73,62,55,43,58,65,71,76,61,55,70,77,81,87,51,38,33,41,50,36,55,53,71,30,32,60,65,47,61,68,72,62,35,51,88,72,88,68,51,62,68,103,75,82,85,68,70,97,102,60,51,65,80,66,61,81,72,76,82,76,78,80,75,80,102,101,135,155,138,113,135,98,87,58,35,48,45,118,198,236,241,243,242,243,246,246,245,245,245,243,246,245,246,246,247,247,248,247,251,251,251,253,255,255,255,255,255,255,255,255,255,255,255,255,255,255,255,255,255,255,255,255,255,255,255
255,255,255,255,255,255,255,255,255,255,255,255,255,255,255,255,255,255,255,255,255,255,255,255,255,255,255,255,255,255,255,255,255,255,255,255,255,255,255,255,255,255,255,255,255,255,255,255,255,255,255,255,255,255,255,255,240,108,45,45,27,51,65,66,65,63,82,67,71,70,66,67,60,70,63,71,55,55,47,55,80,81,72,68,63,73,78,65,80,72,35,30,30,41,31,67,58,57,31,46,67,51,46,62,42,65,70,23,61,58,90,53,66,66,50,83,113,52,76,73,68,80,93,93,73,66,87,102,76,55,63,85,71,96,81,83,81,75,86,80,92,118,136,126,108,125,88,71,53,56,53,51,148,233,243,242,243,243,243,245,246,245,245,245,245,245,246,245,247,245,247,246,248,250,251,252,253,255,255,255,255,255,255,255,255,255,255,255,255,255,255,255,255,255,255,255,255,255,255,255
255,255,255,255,255,255,255,255,255,255,255,255,255,255,255,255,255,255,255,255,255,255,255,255,255,255,255,255,255,255,255,255,255,255,255,255,255,255,255,255,255,255,255,255,255,255,255,255,255,255,255,255,255,255,255,255,245,146,46,50,32,42,62,62,56,61,81,77,71,75,72,66,60,66,72,76,56,55,50,65,91,62,68,68,73,75,75,41,78,81,36,47,40,35,51,42,60,53,28,43,80,46,43,62,51,57,41,40,41,53,63,52,47,53,63,78,92,35,51,68,58,73,88,81,71,63,86,108,91,46,67,76,90,56,103,80,90,72,86,83,100,106,102,100,105,115,82,68,38,43,33,63,162,213,242,242,242,245,245,245,246,245,246,246,245,246,245,246,247,247,247,248,248,250,252,251,255,255,255,255,255,255,255,255,255,255,255,255,255,255,255,255,255,255,255,255,255,255,255,255
255,255,255,255,255,255,255,255,255,255,255,255,255,255,255,255,255,255,255,255,255,255,255,255,255,255,255,255,255,255,255,255,255,255,255,255,255,255,255,255,255,255,255,255,255,255,255,255,255,255,255,255,255,255,255,255,251,168,42,53,26,41,53,58,80,77,85,71,73,76,70,60,62,75,48,42,57,45,57,82,72,55,52,60,72,73,46,26,71,55,38,36,37,45,63,37,52,58,45,68,61,58,38,38,46,36,46,37,28,52,61,47,43,55,70,70,82,37,48,51,71,52,73,66,73,56,82,73,78,51,67,80,82,61,106,68,76,72,72,73,103,112,113,91,113,110,97,87,41,51,45,88,166,227,242,242,243,245,245,245,246,245,246,243,246,246,245,247,247,247,246,247,247,250,252,252,255,255,255,255,255,255,255,255,255,255,255,255,255,255,255,255,255,255,255,255,255,255,255,255
255,255,255,255,255,255,255,255,255,255,255,255,255,255,255,255,255,255,255,255,255,255,255,255,255,255,255,255,255,255,255,255,255,255,255,255,255,255,255,255,255,255,255,255,255,255,255,255,255,255,255,255,255,255,255,255,253,230,82,45,31,42,48,61,77,92,78,63,73,72,50,96,102,78,32,101,67,57,57,95,68,57,57,86,62,78,42,26,50,66,38,40,35,43,57,55,63,72,70,75,60,75,40,37,47,37,56,75,56,67,73,71,73,67,93,88,47,40,41,52,61,66,60,80,66,56,80,63,65,63,86,82,102,51,95,70,80,68,66,81,102,116,107,111,100,90,71,90,57,47,86,86,171,233,233,240,245,245,245,242,245,245,246,245,245,245,246,247,247,246,248,248,250,251,251,252,253,255,255,255,255,255,255,255,255,255,255,255,255,255,255,255,255,255,255,255,255,255,255,255
255,255,255,255,255,255,255,255,255,255,255,255,255,255,255,255,255,255,255,255,255,255,255,255,255,255,255,255,255,255,255,255,255,255,255,255,255,255,255,255,255,255,255,255,255,255,255,255,255,255,255,255,255,255,255,253,251,232,131,42,47,38,53,55,63,82,62,43,57,66,57,117,71,56,53,103,73,58,73,57,66,47,45,90,62,81,25,35,57,47,41,45,52,81,63,81,92,106,101,100,95,101,73,70,76,73,96,113,110,102,105,116,108,103,95,86,66,45,43,75,46,70,47,93,82,77,46,82,58,80,120,92,93,112,106,61,63,67,67,76,91,90,97,100,103,78,70,58,53,81,81,118,210,230,243,242,245,243,243,245,245,245,245,245,245,246,245,246,247,247,247,248,251,251,251,253,255,255,255,255,255,255,255,255,255,255,255,255,255,255,255,255,255,255,255,255,255,255,255,255
255,255,255,255,255,255,255,255,255,255,255,255,255,255,255,255,255,255,255,255,255,255,255,255,255,255,255,255,255,255,255,255,255,255,255,255,255,255,255,255,255,255,255,255,255,255,255,255,255,255,255,255,255,255,253,251,246,230,168,62,37,26,41,32,45,75,62,50,53,62,52,106,78,65,63,91,58,55,68,90,60,40,57,41,90,60,33,41,47,47,53,55,86,86,103,120,125,127,140,135,130,137,110,107,120,127,141,140,143,142,140,140,141,137,135,125,103,80,80,76,65,70,43,97,110,86,61,60,60,67,117,88,83,81,85,76,78,66,67,77,91,78,71,100,83,66,56,53,37,92,95,176,230,243,242,245,245,245,245,246,245,246,245,245,245,246,245,247,247,247,250,250,251,251,252,253,255,255,255,255,255,255,255,255,255,255,255,255,255,255,255,255,255,255,255,255,255,255,255,255
255,255,255,255,255,255,255,255,255,255,255,255,255,255,255,255,255,255,255,255,255,255,255,255,255,255,255,255,255,255,255,255,255,255,255,255,255,255,255,255,255,255,255,255,255,255,255,255,255,255,255,255,253,252,250,247,243,243,210,107,37,30,53,47,32,58,63,58,53,65,78,67,78,70,73,65,43,67,90,68,52,67,43,47,70,66,47,60,46,65,80,91,108,113,122,117,120,118,126,133,152,167,162,161,165,178,153,145,130,127,118,116,116,122,130,133,132,140,135,126,110,78,76,103,91,60,70,70,73,80,127,77,73,80,90,106,83,90,70,68,98,102,70,92,77,37,45,65,51,91,87,178,243,243,243,243,245,245,245,245,246,246,245,246,245,246,245,247,247,248,251,250,250,250,252,255,255,255,255,255,255,255,255,255,255,255,255,255,255,255,255,255,255,255,255,255,255,255,255,255
255,255,255,255,255,255,255,255,255,255,255,255,255,255,255,255,255,255,255,255,255,255,255,255,255,255,255,255,255,255,255,255,255,255,255,255,255,255,255,255,255,255,255,255,255,255,255,255,255,255,253,252,250,248,246,245,242,237,218,125,42,47,58,43,33,48,63,68,57,61,68,55,62,102,91,58,61,63,96,67,80,55,41,63,68,48,61,67,76,96,116,116,111,102,105,102,97,100,97,101,108,121,142,165,157,142,131,122,122,123,123,126,123,126,130,126,122,127,138,156,146,130,113,105,78,70,46,58,66,65,95,91,93,92,95,71,86,71,81,73,112,88,81,116,83,52,40,46,63,102,95,176,243,243,243,242,245,246,246,246,246,246,245,247,246,247,246,246,247,248,250,251,250,251,253,255,255,255,255,255,255,255,255,255,255,255,255,255,255,255,255,255,255,255,255,255,255,255,255,255
255,255,255,255,255,255,255,255,255,255,255,255,255,255,255,255,255,255,255,255,255,255,255,255,255,255,255,255,255,255,255,255,255,255,255,255,255,255,255,255,255,255,255,255,255,255,255,253,252,252,250,247,246,243,240,240,240,232,228,160,61,66,51,35,38,38,58,62,67,57,51,77,53,83,68,53,77,76,97,78,47,41,37,57,56,57,81,93,108,118,112,108,107,105,108,108,105,100,102,103,101,112,117,136,138,136,135,127,127,128,130,133,133,133,130,130,128,128,128,130,145,157,146,125,107,72,68,62,41,88,82,103,50,117,110,80,75,83,67,86,111,96,65,96,105,52,50,51,75,83,161,237,240,241,241,243,243,245,245,245,246,246,246,245,246,247,246,246,248,248,251,252,253,253,253,255,255,255,255,255,255,255,255,255,255,255,255,255,255,255,255,255,255,255,255,255,255,255,255,255
255,255,255,255,255,255,255,255,255,255,255,255,255,255,255,255,255,255,255,255,255,255,255,255,255,255,255,255,255,255,255,255,255,255,255,255,255,255,255,255,255,255,255,253,253,252,251,250,248,247,245,243,241,238,237,236,235,231,230,173,61,58,45,37,41,36,52,50,61,78,76,37,56,88,43,57,62,66,83,95,46,26,35,56,60,80,105,115,116,111,103,105,103,108,113,111,110,102,101,101,91,103,115,123,130,131,130,122,122,120,123,132,132,128,126,127,126,138,133,126,117,127,145,141,130,88,65,72,33,57,78,101,77,90,88,70,73,48,66,68,113,106,88,110,105,63,58,61,55,95,207,236,237,238,240,241,242,243,243,245,246,245,246,246,247,247,246,248,247,247,251,251,252,253,253,253,255,255,255,255,255,255,255,255,255,255,255,255,255,255,255,255,255,255,255,255,255,255,255,255
255,255,255,255,255,255,255,255,255,255,255,255,255,255,255,255,255,255,255,255,255,255,255,255,255,255,255,255,255,255,255,255,255,255,255,255,255,255,255,255,253,252,251,250,248,247,245,245,245,242,241,238,236,235,232,231,231,222,227,173,87,70,55,58,43,31,38,47,52,76,65,37,60,111,52,48,57,47,86,66,41,32,46,73,65,87,111,111,101,100,102,101,106,108,112,110,110,103,97,96,85,92,103,112,122,125,120,115,113,111,108,112,115,113,123,123,123,127,128,132,128,115,126,132,136,96,96,55,41,63,56,72,76,85,90,72,51,50,68,75,92,86,86,136,63,37,80,68,43,100,206,235,236,236,237,240,241,241,242,243,245,245,245,245,246,246,247,247,248,248,251,251,252,255,255,255,255,255,255,255,255,255,255,255,255,255,255,255,255,255,255,255,255,255,255,255,255,255,255,255
255,255,255,255,255,255,255,255,255,255,255,255,255,255,255,255,255,255,255,255,255,255,255,255,255,255,255,255,255,255,255,255,255,255,255,255,255,252,253,252,248,247,245,245,243,240,240,240,240,238,235,232,231,230,227,227,225,220,220,216,117,80,71,50,45,36,52,56,62,56,48,58,63,87,78,61,50,51,76,42,40,45,70,86,75,108,110,106,103,95,95,98,98,106,106,107,103,101,93,87,83,86,96,102,110,110,112,102,96,91,92,88,96,102,103,110,110,111,115,120,130,118,112,116,118,95,103,55,48,52,50,46,73,90,71,67,63,58,41,76,67,65,71,87,57,47,72,57,41,88,166,232,235,235,237,238,240,240,241,241,243,242,245,245,245,248,246,247,247,248,250,251,252,252,253,255,255,255,255,255,255,255,255,255,255,255,255,255,255,255,255,255,255,255,255,255,255,255,255,255
255,255,255,255,255,255,255,255,255,255,255,255,255,255,255,255,255,255,255,255,255,255,255,255,255,255,255,255,255,255,255,255,255,255,252,253,251,251,250,246,243,241,241,240,238,238,237,235,233,230,228,227,227,225,222,223,220,217,215,210,148,98,56,46,36,35,45,56,50,55,75,65,81,98,57,61,65,41,31,53,50,67,86,92,92,108,101,95,93,91,87,87,97,93,93,91,92,87,82,78,75,80,86,87,90,92,92,88,82,82,82,75,78,82,82,85,92,93,96,102,107,103,100,98,98,90,85,68,58,53,46,31,78,77,111,45,56,98,56,76,51,77,76,60,55,50,73,50,95,158,208,217,222,225,235,236,238,238,240,240,242,242,243,243,246,246,247,246,247,247,250,251,252,253,255,255,255,255,255,255,255,255,255,255,255,255,255,255,255,255,255,255,255,255,255,255,255,255,255,255
255,255,255,255,255,255,255,255,255,255,255,255,255,255,255,255,255,255,255,255,255,255,255,255,255,255,255,255,255,255,255,255,252,252,248,247,245,245,242,240,238,237,237,233,232,233,232,231,228,227,225,223,220,217,217,217,216,212,208,205,168,92,38,40,53,42,45,52,43,20,112,66,73,92,83,62,46,35,51,42,57,82,83,92,101,102,96,88,88,90,82,81,91,80,77,76,73,73,68,60,63,70,75,73,73,81,82,77,80,76,73,73,71,70,66,73,80,82,86,88,82,81,77,67,61,56,58,58,67,63,58,41,85,110,60,68,75,63,67,60,55,48,66,97,71,45,61,46,141,190,217,226,228,231,231,233,236,238,238,240,240,242,241,242,242,245,245,246,247,247,251,251,251,255,255,255,255,255,255,255,255,255,255,255,255,255,255,255,255,255,255,255,255,255,255,255,255,255,255,255
255,255,255,255,255,255,255,255,255,255,255,255,255,255,255,255,255,255,255,255,255,255,255,255,255,255,253,255,253,252,250,246,246,243,245,242,243,238,237,235,231,232,228,227,227,225,222,221,216,216,216,213,213,213,211,205,203,203,207,202,173,68,52,31,50,27,42,46,47,36,92,68,95,68,68,68,42,33,47,56,70,75,75,80,83,78,73,72,75,81,83,73,73,63,66,75,71,83,67,53,70,91,97,77,81,80,68,66,72,91,72,78,72,81,77,82,85,82,81,66,62,62,41,27,31,36,50,57,45,62,62,55,46,55,61,53,62,62,72,80,86,72,60,75,90,60,45,82,142,211,200,213,222,226,228,230,233,233,236,235,237,238,238,241,241,242,245,246,246,247,250,252,252,255,255,255,255,255,255,255,255,255,255,255,255,255,255,255,255,255,255,255,255,255,255,255,255,255,255,255
255,255,255,255,255,255,255,255,255,255,255,255,255,255,255,255,255,255,255,255,255,255,255,255,252,251,251,250,248,246,243,242,241,241,238,236,235,232,230,228,226,225,222,220,218,217,217,216,213,215,210,203,196,182,172,158,156,175,197,163,92,63,56,53,27,36,37,60,42,50,106,91,67,66,62,52,51,38,56,72,73,62,55,50,51,45,46,48,51,56,60,45,57,43,58,75,68,81,86,63,76,90,92,78,67,71,72,75,76,81,76,76,85,87,88,100,96,85,91,80,70,41,37,53,67,67,65,58,41,53,60,58,40,53,63,31,32,32,43,72,52,62,57,77,76,62,67,116,168,196,216,212,220,222,222,226,227,230,231,232,233,235,237,237,240,241,242,243,246,247,250,250,252,255,255,255,255,255,255,255,255,255,255,255,255,255,255,255,255,255,255,255,255,255,255,255,255,255,255,255
255,255,255,255,255,255,255,255,255,255,255,255,255,255,255,255,255,255,255,255,255,253,252,250,248,246,247,246,242,240,238,236,235,233,231,231,228,226,221,223,221,220,220,213,212,207,201,200,195,190,190,182,163,143,170,193,202,200,167,78,93,93,80,52,30,56,71,73,55,76,60,102,76,42,60,53,46,37,53,61,56,47,42,40,33,28,36,47,62,47,56,57,56,58,86,85,80,66,65,66,73,77,82,80,78,82,77,86,88,83,93,91,95,92,101,106,111,97,100,81,56,60,70,91,102,101,97,90,63,61,60,57,40,35,56,48,38,37,65,78,58,60,72,88,68,67,95,136,198,208,211,212,216,218,218,223,223,225,226,230,228,231,233,236,236,237,242,242,243,245,248,250,252,255,255,255,255,255,255,255,255,255,255,255,255,255,255,255,255,255,255,255,255,255,255,255,255,255,255,255
255,255,255,255,255,255,255,255,255,255,255,255,255,255,255,255,255,253,252,251,250,248,246,245,243,242,241,238,237,233,232,230,228,227,225,223,223,220,218,221,217,211,203,197,188,180,178,177,186,197,186,162,148,193,198,201,202,191,92,61,108,118,103,17,45,50,60,70,62,75,45,47,82,45,57,63,32,38,37,46,45,52,58,58,52,42,38,38,46,55,70,68,67,82,107,83,83,75,85,87,88,93,100,95,87,95,97,90,96,96,97,113,101,107,112,103,108,103,87,90,88,90,112,126,121,118,103,92,73,52,53,58,47,42,37,37,51,71,80,68,56,47,62,56,45,61,102,150,201,208,208,211,213,215,215,217,220,221,222,226,225,228,231,231,235,235,237,240,242,245,246,250,252,253,255,255,255,255,255,255,255,255,255,255,255,255,255,255,255,255,255,255,255,255,255,255,255,255,255,255
255,255,255,255,255,255,255,255,255,255,255,255,253,252,250,248,251,250,248,246,246,245,241,238,237,236,236,231,230,227,227,225,222,221,218,218,215,212,210,202,196,195,197,197,187,177,175,181,193,191,176,145,186,198,198,201,203,173,53,73,95,81,90,27,60,27,55,65,51,92,47,30,70,46,60,57,41,56,45,47,47,61,65,72,71,70,66,58,61,57,72,72,75,90,102,98,100,101,91,101,105,112,112,92,95,108,110,107,115,108,107,118,110,117,118,111,110,100,97,101,112,130,138,133,122,100,92,87,81,61,42,45,38,36,35,28,40,50,60,76,73,75,93,53,37,68,127,200,213,202,205,206,208,211,212,215,216,217,220,222,222,225,226,227,231,231,233,235,238,241,243,247,251,253,255,255,255,255,255,255,255,255,255,255,255,255,255,255,255,255,255,255,255,255,255,255,255,255,255,255
255,255,255,253,255,255,253,252,252,251,253,252,251,250,248,248,247,243,241,240,240,238,236,235,233,232,230,226,223,221,218,217,216,216,212,201,196,191,190,188,187,188,193,197,188,180,177,183,191,185,170,152,200,203,203,205,206,157,45,58,58,97,90,32,37,56,76,55,38,70,30,33,57,47,46,25,41,56,46,47,60,65,77,77,77,85,87,83,78,70,76,75,76,87,96,93,102,102,105,111,115,117,113,91,95,105,123,117,126,121,115,122,115,117,117,116,108,98,107,125,150,150,133,121,115,98,93,95,85,66,46,31,38,25,28,28,43,46,52,90,70,42,35,78,72,86,161,201,196,197,202,201,203,207,210,211,212,213,215,216,217,220,221,223,227,227,231,231,233,236,240,243,246,251,253,255,255,255,255,255,255,255,255,255,255,255,255,255,255,255,255,255,255,255,255,255,255,255,255,255
253,253,252,251,251,250,250,250,250,248,248,248,247,245,245,243,242,240,240,238,236,235,233,230,226,223,221,218,216,212,212,207,198,192,188,186,186,185,187,186,185,185,187,191,185,182,183,187,190,183,160,165,201,203,203,205,206,147,46,52,56,82,88,63,43,80,57,60,86,61,41,46,48,80,46,45,55,47,43,42,58,57,70,81,86,92,96,93,90,82,78,82,83,96,91,101,107,102,108,117,120,117,121,106,107,115,133,131,133,132,127,132,125,126,108,118,117,121,141,157,148,136,125,117,112,106,91,88,68,58,63,51,58,31,27,30,48,32,52,62,57,33,36,55,68,128,160,196,193,196,200,197,203,201,205,207,207,211,211,212,212,216,217,218,221,223,226,227,228,232,233,238,238,242,250,252,255,255,255,255,255,255,255,255,255,255,255,255,255,255,255,255,255,255,255,255,255,255,255,255
250,248,248,250,248,247,245,245,246,245,246,245,242,241,241,238,236,233,232,231,231,228,225,220,220,216,212,208,203,200,193,192,191,191,187,182,182,182,186,185,183,185,186,186,181,183,187,190,190,183,155,176,205,205,205,207,210,151,48,51,60,72,102,78,102,50,63,75,76,51,45,46,73,72,55,36,35,42,47,53,50,53,65,77,86,88,95,93,92,97,93,95,95,100,98,105,108,106,125,118,122,125,125,116,113,128,131,136,137,136,135,137,133,132,128,127,131,156,156,138,128,118,120,116,113,103,100,88,81,75,51,72,77,47,21,25,33,47,50,50,41,57,47,70,80,127,180,222,206,191,191,203,207,200,200,198,203,205,207,207,212,211,212,217,218,218,223,222,225,226,231,232,235,237,243,247,252,255,255,255,255,255,255,255,255,255,255,255,255,255,255,255,255,255,255,255,255,255,255,255
247,246,246,246,247,246,243,243,242,242,241,241,238,237,235,232,232,230,230,228,223,221,220,216,212,206,193,191,190,187,187,188,188,195,186,178,177,181,183,186,186,185,186,185,182,183,187,190,190,183,155,181,208,206,206,208,211,176,47,51,52,76,83,101,102,90,81,57,81,53,60,72,62,43,60,60,38,58,56,71,57,55,67,78,90,85,92,92,91,103,100,105,103,103,102,110,107,113,126,121,123,137,138,125,131,138,142,150,141,133,137,140,136,133,136,145,151,136,128,108,106,107,111,116,112,112,110,110,88,83,70,63,68,51,37,33,38,73,38,53,65,47,90,113,120,158,178,213,238,221,212,212,215,223,211,203,196,198,201,202,207,207,210,210,215,217,217,221,222,223,227,227,233,233,238,242,247,250,253,255,255,255,255,255,255,255,255,255,255,255,255,255,255,255,255,255,255,255,255,255
243,243,242,242,242,241,240,241,241,243,240,237,236,233,232,230,227,227,226,221,218,212,205,198,190,190,190,188,187,185,186,186,190,197,187,175,175,182,186,190,188,187,185,183,182,183,187,188,192,185,161,180,211,208,208,210,211,193,60,48,48,77,66,107,102,85,77,82,102,55,65,68,63,37,78,33,57,46,56,46,47,47,68,76,85,87,85,83,86,103,102,105,103,105,105,110,111,118,127,132,127,140,153,133,146,136,132,142,140,135,136,137,137,141,140,131,116,112,106,103,98,100,106,106,111,106,106,118,98,102,80,63,51,53,36,43,91,80,57,83,77,70,97,106,106,131,177,195,231,231,217,213,217,218,226,221,207,201,200,200,203,201,205,207,212,211,215,217,216,218,223,225,227,231,235,240,241,241,245,250,253,255,255,255,255,255,255,255,255,255,255,255,255,255,255,255,255,255,255,255
241,241,238,238,237,237,237,236,235,233,232,232,230,228,226,227,222,221,215,206,196,186,187,181,187,190,191,191,186,185,185,186,191,198,187,172,172,180,187,192,191,190,185,182,182,182,187,190,195,188,167,168,212,211,210,212,212,203,91,47,46,76,70,72,157,95,81,100,98,72,87,72,100,72,75,62,62,55,57,51,38,53,66,72,78,83,83,82,83,88,97,101,108,103,102,105,108,113,120,128,123,127,132,128,131,126,120,120,121,118,123,123,118,117,106,97,86,93,88,86,97,106,112,116,111,106,102,106,90,107,83,60,60,58,50,47,58,78,66,71,56,107,87,93,168,201,187,166,212,233,221,221,216,217,220,225,221,206,197,202,208,201,202,200,205,208,210,212,212,215,218,222,223,226,230,233,237,238,241,241,246,251,255,255,255,255,255,255,255,255,255,255,255,255,255,255,255,255,255,255
237,237,236,235,235,233,232,232,231,230,228,228,227,226,225,221,215,206,187,175,170,172,177,182,187,190,193,195,186,183,185,187,193,203,191,173,171,180,187,191,191,188,186,182,181,182,186,193,197,190,175,165,213,215,212,213,212,210,140,45,45,75,70,83,118,93,57,113,137,75,113,108,68,61,66,96,96,87,71,26,21,50,61,68,77,81,82,80,83,78,86,85,88,96,98,105,106,105,107,113,113,110,106,107,108,106,106,107,111,110,107,103,97,93,88,81,97,77,81,95,101,98,102,105,98,98,93,92,92,106,87,50,61,81,81,52,40,71,46,75,96,101,90,125,190,220,205,152,206,227,231,230,208,210,216,218,220,217,216,213,213,218,217,208,205,205,205,207,208,211,216,218,220,225,226,230,232,233,238,240,242,247,251,255,255,255,255,255,255,255,255,255,255,255,255,255,255,255,255,255
236,235,233,231,231,230,228,228,227,226,226,225,222,216,205,198,198,198,176,162,161,168,178,186,187,188,192,195,188,183,186,190,196,206,192,173,171,180,188,191,192,190,187,182,180,182,190,200,205,196,182,157,212,217,213,216,215,215,190,55,48,72,72,80,93,130,50,133,110,75,151,121,90,53,73,137,116,101,81,38,47,47,57,68,78,73,82,86,85,82,80,75,68,83,81,96,93,97,100,102,101,97,81,85,82,76,72,63,61,75,71,73,82,70,61,76,105,88,91,97,91,91,98,97,93,92,82,91,103,96,102,60,68,81,53,72,76,100,82,96,80,122,145,170,223,217,206,158,202,225,233,228,205,208,213,217,217,218,215,218,222,221,216,221,212,207,203,203,205,208,212,213,216,221,223,227,228,231,233,236,240,241,246,250,251,253,255,255,255,255,255,255,255,255,255,255,255,255,255,255
232,231,230,228,227,227,227,227,223,220,208,197,185,181,181,185,196,198,172,157,157,166,177,185,186,187,190,193,191,187,187,192,200,210,192,177,175,182,190,192,192,191,188,181,178,182,190,200,205,197,190,160,205,220,221,220,218,217,208,107,45,71,72,65,103,128,98,120,121,103,143,142,108,78,128,128,95,78,108,80,53,70,62,65,72,70,75,81,87,88,86,81,73,86,93,85,71,67,57,75,63,52,60,60,47,70,68,67,55,63,65,66,67,68,72,78,81,91,92,91,97,83,102,106,93,101,83,86,111,76,78,73,78,87,77,78,92,130,100,101,113,140,161,192,226,223,210,165,197,226,232,223,210,208,213,216,216,216,216,212,218,222,211,217,225,211,205,203,206,206,206,208,213,215,218,221,226,227,230,232,233,237,242,245,247,248,251,253,255,255,255,255,255,255,255,255,255,255,255,255
228,228,227,225,221,215,211,205,188,178,180,180,180,178,176,181,197,197,170,155,155,162,172,182,183,187,190,195,193,187,188,195,202,211,192,181,177,183,191,192,193,193,188,182,180,183,190,200,208,205,197,173,183,222,223,222,222,217,208,173,42,63,73,70,81,107,131,133,128,111,116,127,107,85,143,107,91,120,86,35,33,45,52,60,70,68,75,76,76,91,97,92,83,87,86,83,76,72,65,85,68,67,70,71,75,77,76,73,71,78,67,70,91,86,92,87,96,92,92,83,86,80,90,96,78,107,93,131,126,96,63,103,105,71,76,148,108,108,135,92,147,147,182,230,226,227,218,177,192,223,233,215,208,211,215,215,215,213,221,213,222,222,216,203,213,232,223,213,210,215,210,210,208,215,216,217,221,223,228,231,230,236,238,243,245,245,247,248,251,252,255,255,255,255,255,255,255,255,255,255
218,212,206,200,193,191,190,177,172,175,175,173,171,168,170,177,198,192,165,151,152,158,171,181,185,186,190,192,192,190,190,195,203,212,196,182,181,187,192,193,195,195,190,180,181,185,191,200,211,210,205,187,167,222,227,226,223,218,218,207,86,57,76,71,66,73,123,157,153,155,142,162,133,112,102,92,135,91,48,30,33,52,46,56,76,80,81,78,78,92,97,92,85,81,83,81,91,90,85,81,85,81,81,78,82,81,90,92,76,88,78,77,77,77,82,83,95,93,96,81,87,86,103,111,86,86,90,93,91,97,76,135,141,142,112,156,125,113,151,170,157,185,216,227,231,230,222,186,192,221,230,221,207,212,215,215,212,213,213,222,225,221,227,207,200,222,233,230,230,223,223,223,216,211,210,213,216,217,218,226,223,231,235,241,240,241,245,246,248,251,252,253,255,255,255,255,255,255,255,255
195,190,187,183,180,178,178,173,168,172,173,170,168,167,168,176,202,188,161,151,152,160,167,176,182,185,187,192,193,191,190,195,202,212,201,185,185,187,195,197,197,197,188,180,181,186,190,197,208,211,212,200,166,206,228,228,226,221,221,220,162,53,68,75,71,68,68,78,140,158,141,153,157,135,118,132,138,81,70,101,103,86,58,63,75,83,72,75,81,90,90,87,80,85,87,92,96,93,95,92,86,100,93,96,95,91,88,98,93,92,87,85,81,81,82,86,88,92,93,90,91,92,96,95,81,66,96,106,118,101,107,101,145,158,140,146,163,171,167,175,137,183,228,231,233,233,225,183,193,223,222,220,211,212,213,215,212,212,217,220,226,223,230,212,200,205,241,230,226,231,231,227,231,225,211,208,213,215,215,217,217,223,228,236,236,238,242,241,246,248,248,250,252,251,255,255,255,255,255,255
187,185,181,180,176,176,176,172,170,172,171,168,167,167,170,177,202,187,158,151,151,157,165,173,181,182,185,190,193,193,193,196,201,213,203,187,187,190,198,200,200,200,188,175,178,186,190,197,205,210,216,205,181,181,228,231,227,223,221,221,213,101,62,75,75,70,72,78,82,133,166,147,160,140,81,123,121,98,136,106,56,61,80,120,70,58,57,67,77,77,91,83,78,85,88,92,93,93,92,92,92,98,100,102,102,93,100,96,91,95,92,90,92,95,96,93,86,93,93,95,93,93,87,102,63,53,70,87,98,130,65,92,132,135,120,121,130,172,195,201,150,191,227,240,238,237,225,178,193,227,227,216,217,217,211,211,213,215,222,215,227,227,231,220,198,202,225,240,218,227,233,232,231,236,227,213,211,207,211,213,213,218,225,226,230,233,238,240,240,245,245,247,250,248,253,253,253,253,255,255
185,182,180,178,175,176,176,171,170,171,171,168,167,168,170,178,203,187,160,150,151,155,165,172,178,181,183,188,193,195,196,197,202,210,208,190,188,192,198,203,205,202,190,175,178,187,190,196,202,210,218,212,192,165,218,230,231,228,223,222,223,185,62,65,76,70,68,73,80,78,117,183,120,111,110,130,151,140,131,76,47,86,73,117,97,55,55,62,70,81,86,75,77,85,93,91,91,90,82,90,92,96,103,97,106,105,102,98,97,95,91,95,97,100,107,88,87,96,106,103,91,87,81,75,102,71,91,66,85,108,81,76,138,157,141,100,143,187,142,120,90,198,231,238,247,245,223,173,195,230,232,211,215,218,215,211,213,215,221,216,226,231,232,232,205,203,212,246,217,218,233,235,230,232,232,225,211,207,213,210,215,216,216,221,222,228,228,232,237,240,240,243,246,247,248,251,251,251,251,253
181,180,178,178,176,175,175,171,171,172,171,168,170,168,168,180,206,185,160,150,150,156,163,170,177,180,185,187,193,195,196,197,202,208,212,192,191,193,200,202,208,206,191,176,176,187,191,197,201,207,222,217,200,175,188,230,232,232,226,225,225,222,128,62,75,71,71,66,51,58,77,172,161,120,111,103,157,157,100,47,60,102,131,111,88,55,53,57,92,81,75,75,80,87,93,88,93,91,97,90,93,95,102,107,102,97,112,115,110,111,97,97,98,100,98,92,97,95,118,108,83,76,67,83,65,103,122,83,93,97,131,132,158,168,130,115,151,163,141,107,93,210,235,240,250,247,222,172,200,228,236,217,213,215,213,210,213,217,218,221,226,230,233,236,212,200,203,241,223,218,237,237,227,230,230,230,227,207,201,197,202,210,217,218,218,218,222,225,228,231,235,240,240,241,245,248,246,247,250,251
182,181,178,178,177,176,176,172,171,173,172,170,170,168,170,182,207,185,157,148,148,157,163,170,175,178,183,188,193,196,197,197,201,207,218,196,192,193,198,202,211,210,192,176,173,186,192,197,200,202,220,222,205,193,168,225,233,233,231,228,228,228,211,82,62,72,71,66,63,88,102,147,170,163,152,136,171,120,123,86,103,118,125,92,87,75,86,82,76,60,70,70,78,88,93,91,83,82,92,90,91,90,88,97,102,100,101,116,105,113,102,107,107,100,98,96,98,96,95,108,92,68,85,80,93,93,156,118,115,121,168,171,175,168,103,143,138,152,107,70,140,218,231,245,252,246,216,170,212,232,242,217,215,213,211,212,215,217,218,222,226,232,232,236,225,200,200,221,241,216,237,236,225,225,231,228,228,232,217,205,196,196,203,213,223,225,222,220,222,226,228,231,232,236,241,243,243,243,246,247
182,180,180,178,176,175,175,172,172,172,171,170,170,170,172,185,208,182,156,147,147,157,165,170,173,177,183,188,195,196,198,198,201,208,218,201,192,195,198,202,212,212,192,176,175,186,192,197,201,203,220,226,210,196,176,200,236,237,235,230,227,228,228,173,58,66,70,72,73,70,93,101,142,143,156,143,160,97,106,105,103,106,142,118,87,86,80,97,62,75,66,77,80,90,78,87,77,85,92,81,88,97,88,93,97,93,103,102,96,105,102,107,115,118,120,120,108,101,110,100,95,91,98,111,146,96,152,153,143,173,172,191,167,187,143,148,143,115,90,68,187,227,231,248,253,250,206,171,223,242,232,231,215,211,212,215,215,221,222,225,226,235,230,236,233,203,197,202,245,223,236,236,230,227,235,230,226,227,231,223,213,198,190,185,193,213,230,225,220,222,223,223,226,230,232,238,238,241,243,246
182,182,180,178,177,175,175,173,173,173,173,170,170,172,176,186,210,178,155,147,147,157,165,168,173,177,183,190,193,197,198,201,203,208,217,207,196,196,198,202,210,212,196,178,173,183,192,197,202,203,216,225,211,196,182,172,225,237,238,235,227,226,232,227,142,58,67,68,71,66,91,77,81,140,158,160,156,123,82,105,122,116,120,77,103,77,103,103,67,51,72,70,61,75,77,96,75,85,73,82,72,90,97,96,91,77,80,85,95,77,87,107,110,113,105,108,95,80,80,105,105,98,77,127,133,108,160,146,157,162,171,172,161,195,123,91,130,105,75,97,216,225,238,255,255,240,186,188,241,255,227,237,218,208,211,213,217,222,223,226,230,232,232,236,237,216,197,196,223,233,233,237,231,228,230,228,218,223,227,226,218,207,197,183,181,183,195,217,223,218,221,222,222,221,225,232,231,233,235,238
183,183,182,180,177,177,176,173,173,173,173,172,172,172,178,192,208,177,153,146,148,158,166,170,175,177,183,188,193,197,200,201,205,208,218,215,201,195,198,201,212,215,198,180,171,178,191,198,206,205,212,223,215,200,183,181,187,235,237,237,235,231,230,233,217,110,62,62,61,88,86,90,98,72,148,156,168,151,135,131,130,96,136,72,113,105,97,81,53,80,70,83,63,75,76,82,83,87,71,80,78,80,95,95,90,87,78,77,77,67,72,85,100,101,93,105,91,73,97,102,97,117,73,92,158,102,131,161,143,92,161,193,187,190,102,93,100,87,70,158,226,227,246,255,255,222,168,207,252,255,226,230,227,208,211,211,222,223,225,225,230,232,232,235,240,227,202,193,205,236,235,236,227,227,230,228,213,217,231,225,218,210,200,192,185,181,186,196,208,220,223,221,220,220,220,223,226,227,228,235
186,186,183,181,178,176,176,176,176,176,175,175,173,175,181,202,205,175,152,146,151,160,166,171,176,180,185,187,192,196,201,202,205,208,218,222,208,197,198,201,211,213,201,178,171,175,188,198,206,205,208,222,222,202,186,187,177,216,236,238,240,235,231,231,230,207,90,61,62,58,66,75,86,82,126,105,136,141,171,141,125,105,123,108,105,105,81,88,72,90,60,76,72,81,71,70,73,80,83,77,90,91,108,92,80,77,85,65,63,73,66,70,83,86,70,77,67,68,78,110,102,133,83,108,125,151,105,136,143,143,172,186,172,157,112,97,98,73,85,206,228,237,255,255,255,202,173,211,255,255,220,215,233,212,211,212,221,225,226,227,230,232,235,236,240,235,207,193,193,232,237,235,227,226,231,228,210,206,223,221,211,205,196,197,196,183,182,188,201,206,212,220,217,211,208,210,207,211,215,218
187,187,187,182,178,176,177,178,177,176,175,175,175,176,182,210,197,170,151,145,152,160,168,173,177,181,186,188,192,196,198,202,203,206,217,223,220,207,202,202,213,215,200,178,168,172,187,197,205,207,210,220,225,206,188,190,186,185,233,240,242,238,233,232,230,228,202,85,65,63,57,65,76,77,55,76,97,112,131,117,121,103,98,56,65,121,85,93,86,66,71,66,70,75,56,48,50,83,95,78,91,102,76,77,83,87,81,67,72,72,60,50,78,87,76,57,62,61,88,76,128,100,100,110,147,131,121,158,140,148,178,172,147,110,91,97,75,62,152,223,231,245,255,255,236,178,191,222,255,250,215,216,228,213,211,213,218,225,227,227,230,233,235,236,241,240,208,191,188,218,241,232,227,222,228,222,208,202,217,221,210,201,193,186,191,188,188,191,198,198,198,205,215,221,210,196,186,188,188,190
188,187,188,185,180,176,180,182,181,176,175,176,176,180,187,215,195,165,152,146,153,161,170,175,177,181,188,187,192,195,200,202,205,206,215,221,225,212,205,206,215,216,202,180,168,170,185,196,207,208,216,221,225,208,191,192,192,191,198,237,240,240,237,235,231,232,228,198,90,67,63,56,55,63,71,101,65,101,102,97,141,105,113,72,92,141,58,80,98,72,77,70,60,85,53,55,61,97,86,97,78,103,65,77,71,72,65,75,68,73,56,61,60,68,71,66,58,76,101,73,103,97,117,115,122,142,130,142,155,152,172,140,127,91,88,81,63,91,207,231,233,247,255,255,211,173,197,236,255,241,218,215,221,215,213,218,221,226,227,225,231,233,235,238,241,238,212,193,187,206,243,233,226,220,220,217,210,206,213,217,210,196,191,188,185,186,186,190,197,196,195,193,200,217,217,217,205,191,182,180
190,190,191,185,181,177,180,186,183,176,176,177,178,182,197,218,190,163,151,147,153,163,170,175,177,182,188,188,193,192,198,202,205,206,213,220,225,221,212,210,213,216,206,185,170,168,183,198,206,210,217,222,225,208,193,190,190,197,187,220,238,242,242,237,236,232,231,230,198,87,63,62,56,60,83,82,38,76,80,85,150,102,116,72,98,127,118,93,98,85,103,81,81,81,57,75,68,87,73,81,85,81,75,72,62,66,66,77,102,66,62,66,88,55,61,82,72,76,115,92,81,100,103,111,100,113,120,148,165,156,195,132,107,88,86,62,60,177,231,235,240,253,255,248,186,180,193,245,255,236,221,216,215,215,222,225,220,222,226,226,232,235,235,237,240,242,217,195,188,192,238,235,231,217,216,216,212,207,210,211,208,195,191,190,187,183,185,183,193,196,196,195,193,201,207,210,211,203,198,191
191,191,192,186,180,177,180,185,182,178,176,177,181,185,203,217,187,161,151,148,155,165,172,175,178,183,187,192,192,195,200,205,205,207,213,220,225,225,217,213,215,215,206,188,173,167,180,193,203,208,217,222,226,210,196,188,191,197,200,191,228,238,242,240,238,233,232,233,231,195,90,63,63,66,85,48,67,97,108,101,126,136,107,115,113,132,120,81,123,110,87,77,58,51,66,100,68,87,78,93,72,75,85,85,60,73,62,56,130,80,71,111,95,47,80,92,107,77,110,91,111,126,82,107,153,111,108,152,188,165,158,96,87,87,60,52,136,217,236,238,247,255,255,225,175,191,205,245,255,235,222,218,212,213,222,225,216,221,223,226,231,236,237,241,241,237,220,196,190,186,227,241,232,220,212,217,213,208,206,208,205,198,191,191,186,185,185,185,190,192,193,190,191,197,202,203,207,205,201,198
192,191,191,186,180,177,180,183,182,181,180,181,181,191,207,213,181,158,150,147,153,166,173,176,178,185,188,192,193,195,200,205,206,208,211,215,221,225,221,217,217,216,210,191,176,168,176,193,202,208,217,225,226,213,196,187,192,195,201,200,197,238,241,242,242,240,237,236,232,228,201,103,65,66,90,80,72,82,100,117,111,102,126,156,137,102,103,111,113,85,93,97,68,61,57,96,55,97,72,70,53,96,82,82,90,80,65,55,132,71,63,100,100,78,102,87,97,78,87,105,135,93,98,91,118,132,111,177,165,165,107,83,83,61,47,105,212,232,235,243,255,255,247,195,182,192,211,247,255,236,225,218,210,213,221,223,217,218,222,225,231,240,241,242,241,241,218,201,192,185,206,238,231,218,213,217,212,208,205,206,201,200,193,190,185,183,186,186,188,191,190,190,190,192,196,200,202,203,200,198
192,192,192,187,178,177,180,183,185,185,183,183,183,193,217,210,177,156,150,148,153,167,176,177,180,185,190,191,192,193,197,203,206,207,210,212,220,226,227,223,222,217,207,192,177,170,173,191,201,207,221,225,223,213,200,187,191,193,200,207,193,213,240,242,245,243,240,241,240,231,227,211,122,62,66,66,66,68,95,101,101,73,100,107,125,106,126,122,103,112,101,120,63,82,81,85,46,91,80,50,72,98,95,58,77,67,47,71,100,75,58,96,72,83,92,92,95,102,90,105,150,110,130,115,133,130,142,167,150,153,100,83,62,53,85,200,228,232,243,255,255,255,221,177,196,197,213,251,255,240,226,216,207,211,222,223,222,217,217,225,231,241,242,243,243,241,220,203,190,187,190,236,236,221,215,215,211,208,203,201,198,198,195,192,187,183,187,186,187,193,190,188,188,190,190,195,198,200,202,196
193,192,192,187,180,178,180,183,185,186,186,186,191,201,220,203,175,157,148,148,156,166,177,178,182,186,188,190,192,195,197,201,205,206,208,212,217,225,227,227,225,221,210,193,178,172,173,190,200,211,218,230,223,216,203,190,186,192,197,206,210,198,220,238,243,246,245,243,241,236,235,235,221,156,66,66,66,65,62,98,97,127,122,131,143,126,153,111,128,128,141,107,97,115,78,102,46,98,70,45,90,126,68,61,77,68,51,71,70,77,70,90,71,78,78,117,103,96,96,77,107,142,140,96,118,162,156,127,147,101,98,62,43,78,192,226,235,242,255,255,255,238,188,191,197,197,215,255,255,233,223,216,206,207,220,225,225,217,215,227,227,242,243,246,242,240,217,206,193,187,185,226,237,222,216,215,212,206,202,200,197,196,195,191,187,186,185,182,186,192,191,190,188,188,188,188,191,197,200,197
196,193,193,190,181,178,180,182,185,187,186,186,193,207,221,198,172,153,150,151,156,167,178,181,185,186,188,190,192,193,195,200,203,205,207,210,216,223,230,228,228,221,210,193,180,172,175,186,197,207,216,230,227,217,202,190,181,188,197,205,210,212,196,217,238,242,246,247,245,238,237,237,236,233,193,98,63,67,66,63,77,130,138,137,116,135,153,152,110,138,136,143,93,77,68,73,70,91,85,65,106,78,73,82,72,93,68,90,81,60,88,65,86,102,102,133,111,92,107,106,117,170,97,143,121,150,138,91,102,77,68,45,72,195,228,241,241,251,255,255,248,201,180,193,198,198,216,255,255,242,223,215,203,206,221,223,227,221,216,221,230,242,243,247,241,240,217,207,192,188,185,216,237,225,221,215,210,205,200,196,193,193,191,190,188,186,185,183,186,190,192,191,190,190,188,187,190,193,200,198
197,193,192,188,180,176,178,183,185,187,187,190,198,213,221,195,171,153,151,151,160,171,181,183,185,186,188,188,192,193,193,198,201,203,205,207,215,223,231,231,231,221,211,195,180,173,173,182,196,202,216,230,233,220,205,192,182,183,195,206,208,216,212,197,215,242,245,247,248,242,240,237,236,236,236,225,148,72,68,70,82,67,60,127,108,115,162,183,132,80,161,87,140,118,106,82,66,90,101,67,95,61,75,71,76,126,100,77,57,95,112,73,100,100,121,103,77,111,91,96,150,165,187,173,148,100,100,62,75,55,45,70,192,227,236,241,246,255,255,255,218,183,191,200,200,202,217,255,255,243,221,213,203,205,221,225,230,218,215,220,231,242,246,246,243,236,216,205,191,187,185,208,238,227,215,213,211,203,198,195,192,190,190,190,191,187,183,185,187,190,192,192,190,190,187,187,190,191,196,200
198,195,192,187,180,176,178,185,185,187,190,190,200,216,220,192,171,155,151,152,161,172,181,183,187,188,191,191,192,192,193,196,201,203,205,205,212,218,230,232,232,226,211,196,181,175,173,180,193,205,211,226,232,225,208,193,183,182,188,203,203,210,217,218,200,216,242,245,251,245,246,241,241,238,237,238,233,202,111,68,72,68,65,77,125,77,138,156,143,102,116,141,90,127,125,80,45,87,92,103,95,92,71,48,71,107,57,83,78,72,101,125,75,66,70,71,75,96,90,127,166,173,161,130,85,71,76,62,50,42,83,205,232,236,241,245,255,255,255,227,191,188,191,200,205,211,218,255,255,241,220,211,205,205,217,226,223,215,216,223,231,238,245,247,245,233,213,202,192,187,185,192,231,232,215,213,211,201,197,197,192,188,192,190,192,187,185,182,188,188,192,190,191,187,190,188,188,190,193,196
198,197,193,187,180,176,177,186,186,186,190,190,202,220,216,190,168,153,152,152,161,176,182,185,187,188,191,191,192,192,193,197,200,202,205,205,211,217,230,236,236,227,212,195,182,176,175,178,191,202,210,225,231,228,218,200,187,180,185,198,205,210,215,220,221,197,216,243,248,250,245,248,243,242,240,238,233,237,228,180,101,65,70,71,120,53,115,122,152,150,128,106,88,143,120,113,86,102,51,38,70,96,100,57,60,78,53,67,58,73,80,123,96,60,68,67,111,71,96,145,166,152,126,98,67,62,53,43,41,115,218,238,240,246,250,255,255,255,235,202,186,192,192,203,212,215,226,255,255,241,220,211,207,206,212,226,221,216,216,225,230,236,245,246,245,231,213,203,192,188,186,191,222,237,217,213,208,201,197,195,193,190,191,190,190,188,186,183,186,187,188,190,188,188,190,190,190,188,191,192
200,198,193,187,181,176,178,186,186,186,191,192,208,225,213,187,166,153,152,153,165,177,186,186,191,190,188,191,193,193,195,197,200,202,203,205,208,218,228,237,240,231,213,197,185,177,176,176,188,201,213,228,232,232,225,210,198,183,181,198,202,205,212,220,222,223,202,213,240,248,247,248,247,245,246,240,237,237,240,240,220,161,86,82,60,77,98,98,110,126,136,121,117,158,128,155,130,71,101,63,62,86,73,65,61,78,60,77,42,93,115,118,112,101,125,146,126,115,96,127,96,100,106,82,56,48,42,66,172,236,245,247,248,255,255,255,255,242,215,186,198,196,198,208,212,216,228,255,255,242,220,211,207,207,212,225,220,218,221,227,228,235,241,245,246,231,215,203,195,190,185,190,212,241,225,212,208,202,198,195,193,191,190,188,192,188,187,187,185,187,188,188,190,191,188,188,190,192,191,192
201,197,193,185,180,177,178,185,187,187,193,200,216,228,210,185,162,152,152,156,166,180,187,190,192,192,190,191,193,193,195,196,198,201,205,205,207,215,225,235,241,232,215,198,187,178,176,176,186,201,215,228,232,230,223,213,201,187,178,192,198,202,213,222,225,226,228,210,207,240,243,253,251,248,247,247,241,240,241,242,236,232,213,162,80,56,83,78,112,111,80,111,71,123,145,155,120,113,66,91,101,97,76,72,91,117,100,111,75,126,92,117,112,110,122,157,133,127,100,77,73,68,70,63,41,41,117,217,248,246,247,252,255,255,255,255,248,221,191,208,203,197,203,210,216,220,237,255,255,241,220,213,208,206,213,221,217,221,222,227,227,233,240,246,247,232,213,203,193,191,187,191,202,237,227,215,208,205,201,195,192,191,190,191,190,186,186,190,186,187,188,190,188,192,190,191,191,192,192,192
202,197,195,186,181,178,181,183,190,190,195,202,218,227,203,182,161,152,152,156,167,181,190,191,191,192,191,191,192,192,195,196,198,201,205,205,207,212,222,233,238,233,216,198,187,181,177,175,186,201,213,223,231,230,225,213,202,192,182,185,200,203,207,218,221,223,223,232,211,198,230,245,248,252,250,250,246,240,240,238,237,242,237,230,217,165,97,48,63,112,106,70,66,110,85,83,82,115,111,80,71,71,77,123,143,112,103,128,116,88,118,97,137,128,121,96,53,55,48,52,53,48,67,38,95,200,242,250,248,247,250,255,255,255,255,255,226,193,208,210,198,198,207,213,220,223,242,255,255,240,220,216,211,207,211,218,222,221,220,227,222,230,238,251,247,232,213,205,196,190,188,187,195,227,233,215,210,207,200,197,193,191,191,188,190,187,190,188,187,188,188,190,188,191,192,192,192,192,192,193
203,198,193,186,180,177,180,186,188,191,195,205,220,226,200,178,160,153,153,157,171,182,191,191,191,191,191,191,192,192,193,196,197,200,205,207,208,211,218,232,238,237,223,203,191,182,178,176,183,197,213,225,233,232,226,215,206,193,186,183,193,201,203,211,218,222,222,226,238,220,193,225,246,251,252,252,246,245,242,241,241,238,241,240,236,236,225,193,128,83,82,60,76,96,112,103,96,106,118,97,90,72,75,113,138,142,101,105,115,100,117,106,111,85,55,53,55,55,50,43,37,56,126,201,238,252,250,250,251,255,255,255,255,255,255,233,196,212,217,206,198,203,205,213,218,225,245,255,255,238,222,217,207,206,210,216,223,218,215,225,222,232,240,251,251,232,215,205,197,192,187,186,192,217,241,218,210,207,200,196,193,191,190,190,190,190,190,188,190,188,190,190,188,190,192,192,192,193,192,192
203,198,191,187,178,176,177,186,188,192,195,207,221,221,195,176,158,153,153,161,173,185,190,191,191,192,192,191,192,193,196,196,196,200,203,207,210,213,221,232,241,241,226,206,195,183,177,176,188,200,211,226,233,233,228,217,207,200,188,185,191,197,203,206,216,222,223,220,233,238,230,200,212,245,248,251,250,250,246,242,241,243,242,242,240,238,237,240,236,222,192,136,91,82,93,95,100,75,72,76,130,97,91,113,121,128,96,91,61,101,91,72,52,65,48,42,41,35,38,95,162,232,255,255,255,255,255,255,255,255,255,255,255,255,240,197,216,221,213,203,203,205,203,213,218,228,255,255,255,240,223,218,208,206,207,217,225,217,213,217,222,235,242,248,246,230,211,203,197,192,187,190,192,210,243,221,212,207,201,196,195,191,191,190,191,192,190,191,190,191,191,188,187,190,192,192,193,196,193,192
205,198,192,187,180,177,177,185,188,191,200,211,225,217,193,175,158,152,152,161,173,185,190,192,191,192,193,192,192,193,196,196,198,200,205,208,211,213,220,233,241,241,227,207,195,185,178,175,187,200,212,225,233,237,231,222,208,203,191,188,188,196,201,208,213,222,226,221,228,238,243,237,210,200,235,248,250,251,250,247,243,248,248,245,243,241,241,241,241,243,240,238,232,213,185,137,127,100,70,37,93,103,77,90,106,68,55,58,35,38,73,68,51,52,30,37,77,137,212,252,255,255,255,255,255,255,255,255,255,255,255,255,255,238,202,220,223,221,213,208,205,205,205,215,218,233,253,255,255,243,226,220,208,207,211,217,221,212,210,215,228,233,238,248,248,230,211,203,197,192,187,188,191,203,235,228,213,208,201,198,196,192,190,188,190,191,190,190,191,191,190,190,190,191,193,193,193,195,193,192
206,198,192,186,178,176,177,181,187,193,205,215,225,216,192,173,158,155,156,165,178,186,188,191,191,192,193,195,192,191,195,196,197,198,205,210,210,211,215,228,240,241,230,211,197,188,182,176,185,197,211,223,232,240,233,227,210,202,192,188,191,197,200,205,207,213,223,226,225,231,241,245,240,227,198,221,242,252,252,248,248,252,252,250,248,247,245,245,246,245,245,245,246,246,246,243,236,240,215,197,173,141,136,106,125,75,63,61,53,52,65,76,101,145,176,226,253,255,255,255,255,255,255,255,255,255,255,255,255,255,255,255,228,197,227,230,226,217,210,207,205,206,206,213,217,235,247,255,255,243,227,217,210,206,206,212,217,206,207,215,223,235,241,246,248,233,212,208,198,193,188,185,192,198,221,236,216,207,202,200,196,192,191,190,191,191,188,190,190,191,191,190,191,192,193,195,193,195,193,193
208,198,191,186,178,176,178,182,190,196,207,218,228,213,191,173,160,155,156,167,180,187,191,192,192,193,195,196,193,191,196,196,198,200,203,207,208,212,213,225,240,243,233,215,203,191,185,178,185,196,208,223,233,240,233,226,213,205,195,190,190,197,198,203,206,211,221,222,221,225,230,238,242,245,237,213,198,220,245,250,253,255,252,252,251,251,251,246,251,248,248,248,248,248,247,252,248,251,241,242,242,233,233,250,237,228,228,230,223,228,238,240,253,255,255,255,255,255,255,255,255,255,255,255,255,255,255,255,255,255,255,218,205,231,237,230,223,216,211,211,207,205,208,216,218,230,246,255,255,243,227,217,210,207,207,215,215,205,202,212,225,236,241,248,246,232,212,208,198,193,191,186,191,191,213,238,220,211,205,201,196,193,191,188,188,187,190,188,192,191,191,192,192,192,193,196,195,196,197,196
206,198,190,183,178,177,181,186,193,197,208,220,228,210,191,172,160,155,158,170,185,191,193,195,193,198,200,198,196,192,192,196,196,200,203,208,210,212,215,225,237,246,237,217,208,197,186,178,186,195,208,221,233,238,236,230,220,205,197,191,193,198,200,202,202,208,217,217,217,220,225,232,237,245,247,242,228,203,202,222,250,253,252,252,252,252,247,255,251,251,247,251,248,250,246,247,255,248,253,245,248,242,250,255,251,248,248,255,248,250,255,255,255,255,255,255,255,255,255,255,255,255,255,255,255,255,255,255,255,246,208,213,231,238,233,227,223,218,212,210,208,205,207,213,222,228,245,255,255,245,230,217,207,205,207,211,208,202,202,215,226,236,238,248,248,230,211,207,198,193,190,186,188,188,202,236,227,213,206,202,196,195,191,191,188,188,191,192,191,192,193,193,192,192,193,195,195,197,198,200
207,198,191,183,178,177,181,185,192,201,208,221,230,208,192,177,162,156,160,172,185,190,195,195,195,200,203,203,200,195,192,195,197,198,201,206,211,212,217,225,236,247,240,220,208,200,188,178,186,195,207,220,231,238,238,231,222,210,201,195,196,197,201,202,202,206,212,215,213,217,222,226,231,241,246,248,246,237,227,203,200,225,247,250,252,248,252,251,255,252,253,246,252,253,255,251,255,252,253,255,246,247,250,255,255,253,248,255,250,255,255,255,255,255,255,255,255,255,255,255,255,255,255,255,255,255,255,255,221,203,235,233,247,247,233,228,223,218,210,212,207,206,208,213,221,227,245,255,255,246,230,220,210,206,207,210,206,200,202,213,228,233,238,246,247,230,212,208,201,193,192,186,187,188,201,231,235,215,210,202,198,192,192,191,191,190,192,193,193,193,195,193,193,193,193,195,196,198,198,198
210,198,188,183,178,177,182,188,196,203,213,225,231,208,192,176,161,157,160,173,186,191,195,195,195,198,202,205,202,197,193,191,196,198,201,205,210,212,217,225,235,246,238,220,210,201,191,178,185,196,205,217,226,232,238,232,225,211,206,201,196,197,203,207,207,207,210,217,213,216,221,222,228,233,243,248,250,246,243,245,232,208,201,217,233,248,248,255,251,255,250,255,252,255,255,255,253,255,255,255,252,251,255,255,255,255,248,255,250,255,255,255,255,255,255,255,255,255,255,255,255,255,255,255,255,255,226,203,221,233,248,238,250,247,231,223,220,213,210,210,205,206,207,212,220,230,245,255,255,247,230,217,212,207,206,210,206,200,201,215,226,231,238,246,250,232,211,207,201,195,192,186,188,190,193,218,240,217,210,205,200,195,192,192,191,191,190,193,193,193,193,193,193,193,196,196,196,197,197,196
208,198,191,183,181,177,183,190,197,206,216,228,231,206,190,175,162,157,161,175,187,196,197,195,196,197,205,206,208,200,192,191,193,198,201,203,210,213,217,223,235,242,241,228,212,203,193,178,180,195,205,212,221,233,240,238,228,215,212,206,200,198,201,208,212,210,212,216,216,216,216,218,220,226,236,243,243,248,250,248,247,233,225,215,205,202,222,233,252,252,255,251,255,255,255,255,255,255,255,255,255,251,255,255,255,255,255,255,255,255,255,255,255,255,255,255,255,255,255,255,255,255,255,255,230,213,223,230,240,242,255,252,255,242,227,225,223,213,212,207,207,208,211,213,221,230,245,255,255,250,228,215,212,207,207,210,202,202,202,215,220,228,238,248,248,231,215,207,202,196,193,187,188,191,193,206,242,223,212,206,200,197,195,192,191,192,190,193,195,195,193,195,195,195,195,195,197,196,196,196
208,198,191,185,182,180,183,190,198,206,217,230,231,205,192,175,163,158,165,178,190,197,198,196,196,200,203,207,210,201,195,192,193,198,201,202,208,212,217,223,235,243,243,230,216,207,197,183,186,195,207,216,225,237,241,237,228,221,213,206,202,205,205,207,211,211,210,212,213,212,210,213,215,216,225,228,235,243,247,250,248,242,237,231,228,223,215,210,206,212,230,238,252,250,255,251,255,253,255,255,255,255,255,255,255,255,255,255,255,255,255,255,255,255,255,255,255,255,255,255,255,238,220,218,246,247,243,230,240,245,255,255,250,237,221,221,220,215,212,212,206,208,213,217,222,228,245,255,255,250,228,217,212,207,207,205,202,200,201,207,217,225,240,248,247,230,215,207,203,197,192,187,190,190,192,202,235,232,216,211,203,197,193,195,191,195,192,191,193,195,195,197,195,196,195,195,197,197,196,195
208,200,190,183,181,182,183,192,200,210,221,232,230,206,192,176,163,158,170,181,193,200,198,197,196,198,203,207,210,203,197,193,193,198,202,205,207,212,216,220,233,245,247,232,216,211,202,183,183,196,202,215,220,231,241,238,228,226,217,205,203,203,207,210,211,212,208,207,212,212,213,211,213,213,220,223,230,236,242,245,248,250,245,238,237,228,223,226,222,221,211,206,203,212,216,230,232,246,252,253,255,255,255,255,255,255,255,255,255,255,255,255,255,255,255,255,255,245,232,217,220,230,255,255,255,241,232,227,241,252,255,255,247,236,226,225,221,216,213,208,205,207,211,220,222,230,245,255,255,247,228,220,213,207,206,207,203,198,205,210,213,228,242,247,243,230,213,210,205,202,193,190,188,190,190,200,225,237,217,213,203,197,197,196,192,192,192,192,193,193,195,196,196,196,197,197,197,198,198,198
206,198,192,185,182,182,185,196,202,212,222,231,228,205,192,176,163,161,171,182,196,202,200,198,198,198,202,206,208,206,200,195,192,196,201,205,206,211,216,220,232,247,248,232,217,211,205,187,187,197,205,213,222,227,241,241,233,231,221,213,205,202,205,208,213,215,212,210,213,215,216,210,212,216,220,220,226,232,238,247,252,252,245,238,241,236,233,236,232,231,230,230,231,230,218,207,201,206,201,208,213,226,221,228,227,236,232,233,235,231,237,223,225,213,211,215,212,218,231,245,255,255,255,255,255,231,227,230,243,252,255,250,242,228,225,222,218,215,212,206,205,212,215,217,221,231,240,255,255,246,227,217,215,208,207,206,202,200,201,208,213,227,240,246,245,228,215,208,205,201,192,188,187,187,188,193,218,241,221,212,203,201,200,196,195,193,192,192,192,192,193,195,196,197,196,197,197,198,201,198
205,198,192,185,183,182,187,196,206,213,222,231,227,205,193,178,165,161,171,185,197,203,200,200,200,200,202,205,206,206,203,198,193,197,201,205,206,210,212,221,231,245,247,235,217,213,210,191,188,200,207,213,222,227,238,241,231,228,223,220,211,208,203,211,212,212,217,216,213,216,216,213,213,216,220,217,221,227,232,241,248,253,250,246,245,238,232,231,231,232,237,241,242,245,242,242,245,241,237,223,220,223,221,217,216,217,215,216,220,221,221,222,235,240,246,253,255,255,255,255,255,255,255,255,237,223,228,232,243,255,255,247,233,223,222,223,218,213,210,207,208,211,215,217,225,228,242,255,255,247,228,217,213,211,207,206,201,201,201,203,211,220,237,247,245,230,215,211,208,202,193,191,191,187,190,192,211,240,230,215,207,201,198,197,195,193,193,195,193,198,195,196,197,198,198,197,197,200,197,196
205,198,192,186,183,183,191,200,210,216,225,231,226,207,191,180,166,162,172,187,198,202,200,200,200,200,203,205,205,203,206,201,195,197,201,206,207,211,212,221,232,245,250,238,223,218,213,193,190,198,203,212,220,222,236,240,230,226,225,222,218,213,208,211,217,217,220,217,215,217,216,212,212,211,217,216,218,221,228,233,237,247,251,250,248,245,237,232,232,235,242,240,243,246,253,255,255,251,251,248,251,250,242,246,246,245,245,251,255,255,255,255,255,255,255,255,255,255,255,255,255,255,255,251,232,225,230,232,245,255,255,243,227,223,223,220,213,210,211,208,208,215,216,216,220,222,240,255,255,250,227,218,215,211,207,206,203,201,202,205,211,221,241,251,245,231,215,212,210,203,196,191,190,188,192,193,206,231,240,215,208,202,198,197,197,196,193,196,197,196,197,197,196,198,198,198,198,198,198,197
205,197,192,187,185,186,192,202,211,220,226,232,223,210,193,178,168,165,175,191,200,200,198,200,198,198,205,207,206,205,206,205,201,200,205,207,207,211,213,218,231,243,251,241,227,220,213,196,190,200,206,212,215,221,231,242,237,228,225,223,221,216,212,212,215,217,217,220,220,223,216,215,213,216,216,221,222,222,225,231,242,247,246,247,248,246,238,235,235,238,241,241,240,243,246,251,255,252,255,253,251,251,250,252,253,251,255,255,255,255,255,255,255,255,255,255,255,255,255,255,255,255,253,238,227,223,227,230,246,252,248,237,233,226,223,220,212,211,211,208,213,215,216,217,217,220,232,251,255,251,228,223,217,211,207,203,202,200,200,203,207,218,238,251,245,226,215,211,207,202,196,192,191,190,191,191,205,223,242,222,211,205,200,201,198,197,197,197,200,198,197,196,197,200,198,200,197,197,201,200
203,198,193,188,186,187,195,203,215,221,226,233,225,210,193,178,168,168,178,196,201,200,200,201,200,200,206,208,208,205,206,206,203,202,205,206,207,210,211,218,230,243,251,245,230,221,213,201,191,202,208,213,215,218,230,241,242,232,226,223,225,221,218,217,218,218,218,220,220,221,227,225,221,222,223,226,225,225,222,226,232,245,246,248,251,251,243,241,238,241,242,243,240,237,236,245,248,247,255,253,252,252,252,255,255,255,255,251,255,255,255,255,255,255,255,255,255,255,255,255,255,255,242,230,220,220,223,231,247,255,247,232,226,226,220,218,215,212,212,215,215,215,216,218,218,220,235,252,255,251,227,223,217,211,206,203,202,201,201,202,205,221,238,251,246,226,212,211,208,203,197,192,190,190,191,191,198,211,241,226,213,206,202,201,198,200,197,197,200,197,197,198,197,202,201,202,200,197,198,197
205,200,196,190,186,186,192,203,212,223,232,233,220,210,195,177,168,171,182,200,203,200,200,201,203,202,207,208,210,205,205,206,205,202,206,208,208,208,210,217,228,242,250,246,230,221,216,203,195,201,211,215,216,218,227,240,245,238,227,225,222,222,220,216,216,218,220,218,220,222,227,230,227,223,223,227,228,227,225,223,227,238,242,247,251,253,250,242,237,240,241,245,241,238,247,243,241,241,247,246,250,252,253,255,255,255,255,255,255,255,255,255,255,255,255,255,255,255,255,255,255,252,236,223,221,223,228,240,250,255,250,235,230,225,221,217,216,213,213,212,215,215,216,220,220,221,230,250,255,251,230,223,218,213,206,203,201,202,201,203,202,218,235,251,246,226,213,210,207,203,198,192,190,191,193,190,196,208,231,235,217,210,205,202,198,202,200,198,200,197,198,198,198,200,200,200,200,197,201,197
206,201,197,191,187,188,195,203,213,225,232,231,217,207,195,180,171,175,187,202,205,202,200,201,205,202,206,208,208,206,205,205,203,206,207,210,207,210,211,218,228,240,251,248,231,223,218,208,198,207,212,215,216,216,227,238,245,240,231,227,226,225,221,218,220,223,223,222,220,220,223,232,231,230,227,230,230,231,227,226,228,236,241,246,247,253,248,245,240,242,243,241,246,247,246,245,242,246,243,243,251,255,255,255,255,253,255,255,255,255,255,255,255,255,255,255,255,255,255,255,251,236,230,226,227,228,235,245,251,255,251,237,230,230,222,223,213,215,217,213,215,215,220,218,220,220,232,251,255,252,231,223,218,212,207,201,198,200,198,201,202,213,237,252,248,227,221,213,206,203,203,197,191,191,191,192,195,202,222,246,217,207,206,205,201,202,201,201,198,200,200,198,200,197,200,201,201,201,201,198
205,201,198,192,188,191,195,203,212,223,233,230,217,208,195,182,172,176,191,205,203,201,200,198,206,206,206,207,208,206,205,206,205,206,207,210,210,210,211,218,225,233,246,247,232,227,222,213,198,210,213,217,217,216,225,237,245,242,232,227,226,221,221,223,222,223,226,225,223,226,228,231,233,232,230,225,220,227,230,230,233,236,238,243,248,251,253,252,248,247,247,241,240,250,251,251,247,248,248,246,245,247,250,252,255,255,252,255,255,255,255,255,255,255,255,255,255,255,255,255,240,235,228,227,228,228,235,245,252,255,242,238,236,232,220,222,215,215,213,216,213,218,221,218,217,221,231,247,255,250,228,221,218,212,208,205,198,202,202,201,205,213,237,255,248,228,223,215,208,203,200,198,195,192,192,191,195,198,220,246,227,211,208,206,206,203,202,202,200,201,201,200,200,203,202,200,201,200,200,200
205,201,197,193,190,190,195,203,212,226,236,228,217,207,195,181,175,176,196,206,205,202,201,200,207,208,210,210,210,208,208,208,208,211,210,213,211,211,213,220,226,235,248,251,237,230,225,217,201,210,215,218,222,218,226,236,246,246,235,231,228,230,225,226,225,226,226,226,227,227,230,230,232,232,228,227,225,226,228,231,232,233,231,237,246,246,252,250,252,251,248,247,246,251,248,241,238,243,243,246,243,248,252,253,253,255,255,255,255,255,255,255,255,255,255,255,255,255,255,252,240,237,227,227,230,230,241,246,252,246,238,231,232,227,221,220,215,215,216,215,217,220,217,220,217,221,227,242,255,252,231,221,217,215,208,206,203,203,202,200,201,210,236,252,248,230,221,216,210,210,206,201,196,193,191,195,193,195,207,240,237,211,210,208,207,205,203,202,203,202,202,202,201,201,200,200,198,200,200,198
