199,199,200,200,200,200,200,201,201,201,201,201,201,201,201,202,202,202,202,202,203,203,203,203,204,204,204,204,205,205,205,204,204,204,205,205,205,206,205,206,206,206,206,206,207,207,207,207,207,207,207,207,208,208,208,207,207,207,207,207,207,207,207,207,207,207,206,206,206,206,206,206,205,205,205,205,204,203,203,203,203,203,203,203,203,202,202,202,202,201,201,201,201,201,201,201,201,200,200,200,201,200,200,200,200,201,200,201,201,201,201,201,201,201,201,201,202,203,203,203,203,204,204,204,204,204,204,204,205,205,206,206,206,206,206,206,206,206,207,207,208,208,209,209,209,209,209,209,210,210,210,209,209,209,210,210,211,211,211,210,210,210,210,210,210,210,210,210,210,211,211,210,210,210,210,210,210,210,210,211,211,211,210,210,210,211,210,211,210,211,211,211,211,211,211,211,211,211,211,211
199,199,200,200,200,200,200,200,201,201,201,201,201,202,202,202,202,202,203,203,203,203,203,203,204,204,204,204,205,205,204,204,204,205,205,205,205,206,206,206,206,206,206,206,207,207,207,207,207,207,207,207,208,208,207,207,207,207,207,207,207,207,207,207,207,206,206,206,206,206,206,206,205,205,205,204,204,203,203,203,203,203,203,202,202,202,202,202,201,201,201,201,201,201,201,201,201,200,200,200,200,200,200,200,200,200,200,201,201,201,200,200,201,201,201,202,202,203,202,202,203,203,203,204,204,204,204,204,205,205,206,206,206,206,206,206,206,206,207,207,208,208,209,209,209,209,209,210,210,210,210,209,209,210,210,210,210,211,210,210,210,210,210,210,210,210,210,210,211,211,211,210,210,210,211,211,211,210,211,211,211,211,210,210,210,211,211,211,210,211,211,211,211,211,211,211,211,211,211,211
200,199,200,199,200,200,200,201,201,201,201,201,201,202,202,202,203,203,203,203,203,203,203,204,204,204,204,204,205,205,205,204,204,205,205,206,206,206,206,206,206,206,206,206,207,207,207,207,207,207,208,208,208,208,208,207,207,207,207,207,207,207,207,207,207,206,206,206,206,206,206,205,205,204,204,204,203,203,203,203,203,203,203,202,202,202,201,201,201,201,201,200,200,200,200,200,200,200,200,200,200,200,200,200,200,200,200,200,200,200,200,200,200,200,201,201,202,202,202,202,203,203,203,204,204,204,204,204,204,205,205,206,206,206,206,206,206,206,207,207,208,209,209,209,209,209,209,210,210,210,210,210,209,210,210,210,210,210,210,210,210,210,210,210,211,210,210,210,211,211,211,211,211,210,211,211,211,211,211,211,211,211,211,211,211,211,211,211,211,211,211,211,211,211,211,211,211,211,211,211
200,200,200,199,200,200,200,200,201,201,201,201,201,202,202,202,203,203,203,203,203,204,204,204,204,204,204,204,205,205,205,205,205,205,205,206,206,206,206,206,206,206,206,206,207,207,207,207,207,207,208,208,208,208,208,208,207,207,207,207,207,207,207,207,207,206,206,206,206,205,205,205,204,204,203,203,203,203,203,202,202,202,202,202,202,202,201,201,201,200,200,200,200,199,199,199,199,200,199,199,199,199,199,199,199,199,200,200,200,200,200,200,200,200,201,201,202,202,202,202,202,203,203,203,203,204,204,204,204,204,205,205,205,206,206,206,206,206,207,207,208,208,209,209,209,209,210,210,210,210,210,210,210,210,210,210,210,210,210,210,210,211,211,211,211,211,211,211,211,211,211,211,211,211,211,211,211,211,211,211,211,211,211,211,211,211,211,211,211,211,211,211,211,211,211,211,211,211,211,211
200,200,200,199,200,199,200,200,201,201,201,201,201,201,202,202,203,203,203,203,203,203,204,204,205,205,205,205,205,205,205,205,205,205,205,206,206,206,206,206,206,206,206,207,207,207,207,207,207,207,208,208,208,208,208,208,208,208,207,207,207,207,207,207,207,206,206,206,205,205,205,205,204,204,203,203,203,203,202,202,202,202,202,202,202,201,201,201,200,200,200,199,199,199,199,199,199,199,199,199,198,199,199,199,198,199,199,200,200,200,200,200,200,200,200,200,201,201,202,202,202,203,203,203,203,203,204,204,204,204,205,205,205,205,206,206,206,206,207,207,208,208,209,209,209,210,210,210,210,210,210,210,210,210,210,210,211,211,211,211,211,211,211,211,211,211,211,211,211,211,211,211,211,211,211,211,211,211,211,211,211,212,212,212,211,211,211,211,211,211,211,211,211,211,211,211,211,211,211,211
200,200,199,199,199,199,200,200,200,201,201,201,201,202,202,202,203,203,203,203,203,203,204,204,205,205,205,205,205,205,205,205,205,205,205,206,206,206,206,206,206,206,207,207,207,207,207,207,207,207,207,208,208,208,208,208,208,208,207,207,207,207,207,207,207,206,206,205,205,205,205,204,204,204,203,203,203,203,202,202,201,201,201,201,201,201,201,200,200,199,199,199,199,199,199,199,199,199,198,198,198,198,198,198,198,198,198,199,199,199,199,199,200,200,200,200,201,201,202,202,202,202,202,202,202,203,203,203,204,204,205,205,205,205,206,206,206,206,207,207,208,208,209,209,209,210,210,210,210,210,210,210,210,210,211,211,211,211,211,211,211,211,211,211,211,211,211,211,211,211,211,211,211,211,211,211,211,211,211,211,212,212,212,212,212,212,212,212,212,212,212,211,211,211,211,211,211,211,211,211
200,199,199,199,200,200,200,200,200,200,200,201,201,202,202,202,203,203,203,203,203,203,204,204,205,205,205,205,205,205,205,205,205,206,206,206,206,206,206,206,206,207,207,207,207,207,207,208,208,208,208,208,208,208,208,208,208,208,208,208,208,208,207,207,206,206,205,205,205,205,204,204,204,204,203,203,203,203,202,201,201,201,201,201,201,201,200,199,199,199,199,199,198,198,198,198,198,198,197,197,197,197,197,197,198,198,198,198,198,198,198,199,199,199,200,200,200,200,201,202,202,202,202,202,202,202,203,203,203,204,205,205,205,205,206,206,206,206,207,207,208,208,209,209,209,210,210,210,210,210,210,210,210,211,211,211,211,211,211,211,211,212,212,212,211,211,211,211,211,211,211,211,211,211,211,211,212,212,212,212,212,212,212,212,212,212,212,212,212,212,212,212,211,211,211,211,211,212,212,212
200,199,199,199,200,200,200,200,200,200,200,201,201,202,202,203,203,203,203,203,203,204,204,204,205,205,205,205,205,205,205,206,206,206,206,206,206,206,206,206,207,207,207,207,207,207,207,208,208,208,208,208,208,208,208,208,208,208,208,208,208,207,207,207,206,206,205,205,205,205,204,204,204,203,203,203,203,202,202,201,201,201,201,201,201,200,200,199,199,199,199,198,198,198,197,196,196,195,194,193,193,193,192,192,192,193,194,195,197,197,198,198,199,199,199,199,200,200,201,201,201,201,201,201,202,202,202,203,203,204,204,205,205,205,205,206,206,206,206,207,207,208,209,209,209,210,210,210,210,211,210,210,210,211,211,211,211,211,211,211,211,212,212,212,211,211,211,211,211,211,211,211,211,211,211,212,212,211,211,211,212,212,212,212,212,212,212,212,212,212,212,212,211,211,211,211,211,212,212,212
200,199,199,199,200,200,200,200,200,200,200,201,201,202,202,202,203,203,203,203,203,203,204,204,205,205,205,205,205,205,205,206,206,206,206,206,206,206,206,207,207,207,207,207,207,207,208,208,208,208,208,208,208,208,208,208,208,208,208,208,208,207,207,207,206,206,205,205,205,204,204,204,203,203,203,203,203,202,202,201,201,200,200,200,200,200,199,199,198,198,198,198,197,196,193,189,184,179,176,173,172,171,170,170,171,174,178,184,190,193,195,197,198,198,199,199,199,199,200,201,201,201,201,201,201,202,202,202,203,203,204,204,204,205,205,206,206,206,206,207,207,208,208,209,209,210,210,210,211,211,211,211,211,211,211,211,211,211,211,211,212,212,212,212,211,211,211,211,211,211,212,212,212,211,212,212,212,212,211,211,212,212,212,212,212,212,212,212,212,212,212,212,211,211,211,211,212,212,212,212
199,199,199,199,200,200,200,200,200,200,201,201,201,202,202,202,202,203,203,203,203,203,204,204,204,205,205,205,205,205,205,206,206,206,206,206,206,207,207,207,207,207,207,207,207,207,208,208,208,208,208,208,208,208,208,208,208,208,208,207,207,207,207,206,206,206,205,205,205,204,204,203,203,203,203,203,202,202,201,201,200,200,200,200,200,199,199,198,198,197,196,192,186,178,171,162,156,151,148,145,144,142,141,139,140,143,149,156,164,170,177,184,190,195,197,198,199,199,199,200,200,201,201,201,201,202,202,202,203,203,203,204,204,204,205,205,206,206,206,207,207,207,208,209,209,210,210,210,211,211,211,211,211,211,211,211,211,211,211,211,212,212,212,212,211,211,211,212,212,212,212,212,212,212,212,212,212,212,212,212,212,212,212,212,212,212,212,212,212,212,212,212,212,212,212,212,212,212,212,213
199,199,199,199,200,200,200,200,200,200,201,201,201,201,202,202,202,202,203,203,203,203,204,204,204,204,205,205,205,205,205,206,206,206,206,207,207,207,207,207,207,207,207,207,208,208,208,208,208,208,208,208,208,208,208,208,208,207,207,207,207,207,207,206,206,206,205,205,204,204,203,203,203,203,203,202,202,201,201,200,200,200,199,199,199,199,198,197,195,189,180,168,157,147,139,130,124,118,115,113,112,111,110,110,111,114,119,125,133,141,149,157,166,175,184,191,196,198,199,199,200,200,200,200,201,201,201,202,202,203,203,203,204,204,205,205,205,206,206,207,207,207,208,209,209,210,210,210,211,211,211,211,211,211,211,211,211,211,211,211,212,212,212,212,211,212,212,212,212,212,212,212,212,212,212,212,212,212,212,212,212,212,212,212,212,212,212,212,212,212,212,212,212,212,212,212,212,213,213,213
199,199,199,199,200,200,200,200,200,200,201,201,201,202,202,202,202,202,203,203,203,203,204,204,204,204,205,205,205,205,205,206,206,206,206,207,207,207,207,207,207,208,208,208,208,208,208,208,207,208,208,208,208,208,208,208,208,207,207,207,207,207,206,206,205,205,205,204,203,203,203,203,203,202,202,202,201,201,200,200,200,199,199,199,198,198,195,188,177,163,149,135,123,114,105,99,95,93,92,91,91,91,91,91,91,93,96,100,105,111,118,127,136,147,157,168,179,188,195,198,199,200,200,200,200,201,201,202,202,202,202,203,203,204,205,205,205,205,206,206,207,207,208,208,209,210,210,210,211,211,211,211,211,211,211,211,211,212,212,212,212,212,212,212,212,212,212,212,212,212,212,212,212,212,212,212,212,212,212,212,212,212,212,212,212,212,212,212,212,213,212,212,212,212,212,212,212,213,213,213
199,199,199,199,200,200,200,200,200,200,201,201,201,202,202,202,202,202,203,203,203,204,204,204,204,204,205,205,205,205,205,206,206,206,206,207,207,207,207,207,208,208,208,208,208,208,208,208,208,208,208,208,208,208,208,208,207,207,207,207,207,206,206,205,205,205,204,204,203,203,203,203,202,202,201,201,201,200,200,200,200,199,199,198,196,189,177,160,145,129,116,104,96,91,87,83,80,78,76,75,75,75,76,76,77,78,80,84,88,92,97,103,109,118,128,140,152,166,179,190,197,199,199,200,200,200,201,201,201,202,202,202,203,204,204,205,205,205,205,206,206,207,207,208,209,209,210,210,211,211,211,211,211,211,211,212,212,212,212,212,212,212,212,213,213,213,212,212,212,213,213,212,212,212,212,212,212,212,212,212,212,212,212,212,213,212,212,213,213,213,212,212,212,212,212,212,213,213,213,213
199,199,199,199,200,200,200,200,200,200,200,201,201,201,202,202,202,202,203,203,203,203,204,204,204,204,205,205,205,205,206,206,206,206,206,206,207,207,207,207,207,208,208,208,208,208,208,208,208,208,208,208,208,208,208,208,207,207,207,207,207,206,205,205,205,204,204,203,203,202,202,202,202,201,201,201,200,200,200,200,199,199,198,192,181,163,145,126,111,99,92,86,83,78,74,71,68,67,66,65,65,65,65,66,66,66,68,71,74,77,82,87,92,98,104,112,123,137,152,168,182,192,198,199,200,200,200,200,201,201,201,202,202,203,204,204,205,205,205,206,206,207,207,208,208,209,210,210,211,211,211,211,211,211,211,212,212,212,212,212,212,212,212,213,213,213,212,212,212,213,213,212,212,213,213,213,213,213,212,212,212,212,213,213,213,213,213,213,213,213,213,212,212,212,212,212,213,213,213,213
199,199,199,200,200,200,200,200,200,200,200,201,201,201,201,202,202,202,203,203,203,203,204,204,204,204,204,205,205,205,206,206,206,206,206,206,207,207,207,207,207,207,208,208,208,208,208,208,208,208,208,208,208,208,208,207,207,207,207,207,206,206,205,205,204,204,203,203,203,202,202,202,201,201,200,200,200,200,200,199,199,197,188,173,152,130,111,97,89,84,80,75,71,67,64,63,61,61,61,61,61,61,61,61,61,61,62,63,64,66,69,74,79,84,89,96,103,114,126,141,157,173,186,194,198,199,200,200,201,201,201,202,202,203,203,203,204,204,205,205,206,206,207,208,208,209,210,210,211,211,211,211,211,211,212,212,212,212,212,212,212,213,213,213,213,213,212,212,212,213,213,213,213,213,213,213,213,213,213,213,213,213,213,213,213,213,213,213,213,213,213,213,212,212,212,212,213,213,213,213
199,199,199,200,200,200,200,200,200,200,201,201,201,201,201,202,202,202,202,203,203,203,203,203,204,204,204,205,205,205,206,206,206,206,206,207,207,207,207,207,207,207,208,208,208,208,208,208,208,208,208,208,208,208,208,207,207,207,207,206,206,205,205,204,204,204,203,203,202,202,201,201,200,200,200,200,200,200,199,199,194,183,164,141,118,100,88,82,77,73,69,66,63,60,58,58,58,58,59,60,60,61,62,62,62,62,62,62,62,63,64,66,69,73,77,82,89,98,106,117,130,146,163,178,190,197,200,200,200,201,201,201,202,202,203,203,203,204,204,205,206,206,207,207,208,209,209,210,211,211,211,211,211,211,212,212,212,212,212,212,212,213,213,213,213,213,213,213,213,213,213,213,213,213,213,213,213,213,213,213,213,213,213,213,213,213,213,213,213,213,213,213,213,212,212,212,212,213,213,213
199,199,199,199,200,200,200,200,200,200,201,201,201,201,201,201,202,202,202,203,203,203,203,204,204,204,204,205,205,206,206,206,206,206,206,207,207,207,207,207,208,208,208,208,208,208,208,208,208,208,208,208,208,208,207,207,207,207,206,206,205,205,205,204,204,203,203,202,202,201,201,201,200,200,200,199,199,199,198,192,177,154,129,107,91,82,77,72,68,65,62,60,58,57,56,57,57,58,59,60,61,62,62,63,63,63,63,63,63,63,63,65,66,68,70,72,77,84,91,100,109,121,136,154,172,187,196,200,200,200,201,201,201,202,202,203,203,203,204,205,206,206,207,207,208,209,209,210,210,211,211,211,211,212,212,212,212,212,213,213,213,213,213,213,213,213,213,213,213,213,213,213,213,213,213,213,213,213,213,213,213,213,213,213,213,213,213,213,213,213,213,213,213,213,213,213,213,213,213,213
200,199,199,199,199,199,200,200,200,200,201,201,201,201,201,201,202,202,203,203,203,203,204,204,204,204,204,205,205,205,206,206,206,206,207,207,207,207,207,207,208,208,208,208,208,208,208,208,208,208,208,208,208,208,207,207,207,207,206,206,205,205,204,204,203,203,202,202,201,201,200,200,200,199,199,199,199,197,188,170,144,118,97,83,76,71,67,64,61,59,58,58,57,56,56,57,58,59,60,61,61,62,62,63,63,63,63,63,62,63,63,64,65,66,67,68,70,74,78,85,93,103,113,127,145,165,182,193,198,200,200,200,201,201,202,202,203,203,204,205,205,206,206,207,208,208,209,210,210,210,211,211,212,212,212,212,212,213,213,213,213,213,213,213,213,213,213,213,213,213,213,213,213,213,213,213,213,213,213,213,213,213,213,214,213,213,213,213,213,213,213,213,213,213,213,213,213,213,213,213
200,199,199,199,199,200,200,200,200,201,201,201,201,201,201,201,201,202,202,203,203,204,204,204,204,204,204,205,205,205,206,206,206,206,207,207,207,207,207,207,208,208,208,208,208,208,208,208,208,208,208,208,208,208,208,207,207,207,206,206,205,204,204,203,203,202,201,201,201,200,200,199,199,199,199,199,196,184,163,135,108,89,77,70,67,64,61,59,57,57,57,56,56,56,57,58,58,60,60,61,61,62,62,62,63,63,63,63,62,63,63,64,65,66,67,67,68,69,71,75,81,89,98,107,119,137,157,176,189,197,199,200,200,201,201,202,202,203,203,204,205,205,206,207,207,208,209,209,210,210,211,211,212,212,212,212,213,213,213,213,213,213,213,213,213,213,213,213,213,213,213,213,213,213,213,213,213,213,213,213,213,213,214,214,214,213,213,213,213,213,213,213,213,213,213,213,213,213,213,213
200,200,199,199,200,200,200,200,200,201,201,201,201,201,202,201,201,202,202,203,203,204,204,204,204,204,205,205,205,205,206,206,206,206,207,207,207,207,207,208,208,208,208,208,208,208,208,208,208,208,208,208,208,208,207,207,207,206,206,205,205,204,204,203,202,201,201,200,200,200,199,199,199,199,199,194,180,156,126,100,82,73,68,64,62,60,58,57,56,56,56,56,56,57,57,58,59,60,60,60,61,61,62,62,62,63,63,63,62,62,63,64,64,65,66,67,68,69,70,71,74,79,86,93,101,112,129,148,168,185,195,199,200,200,201,201,202,202,203,203,204,205,206,206,207,208,209,209,209,210,211,211,212,212,212,213,213,213,213,213,213,213,213,213,213,213,214,214,214,213,213,213,213,214,214,214,213,213,214,214,213,214,214,214,214,214,213,213,213,213,214,214,214,213,213,213,213,213,213,213
199,199,199,200,200,200,200,200,200,201,201,201,201,202,202,202,202,202,202,203,203,203,204,204,204,204,205,205,205,205,206,206,206,206,207,207,207,207,207,208,208,208,208,208,208,208,208,208,208,208,208,208,208,207,207,207,207,206,205,205,204,204,203,202,201,201,200,200,200,199,199,199,199,198,193,176,149,118,94,78,71,67,64,61,60,58,57,56,56,55,55,56,56,57,57,58,59,60,60,60,61,61,62,62,62,62,63,63,62,62,62,63,64,65,66,67,68,69,70,70,71,73,78,83,89,97,107,121,139,161,180,193,199,200,200,201,201,202,202,203,204,204,205,206,207,208,208,209,209,210,211,211,212,212,212,212,213,213,213,213,213,213,213,213,214,214,214,214,214,214,214,214,214,214,214,214,214,214,214,214,214,214,214,214,214,214,213,213,214,214,214,214,214,214,214,213,214,213,214,213
199,199,199,200,200,200,200,200,200,201,201,201,201,202,202,202,202,202,202,203,203,203,204,204,204,204,205,205,205,205,206,206,206,206,207,207,207,207,207,208,208,208,208,208,208,208,208,208,208,208,208,208,207,207,207,207,206,206,205,204,204,203,203,202,201,200,200,199,199,199,199,199,198,190,172,142,111,89,75,70,66,64,62,60,59,57,56,55,55,55,55,55,56,57,57,58,59,60,60,60,60,61,61,62,62,62,62,63,63,62,62,63,64,65,66,67,67,68,70,70,70,71,74,77,81,86,93,100,113,131,153,174,189,197,200,200,201,201,202,203,203,204,205,206,207,207,208,209,209,210,210,211,212,212,212,212,213,213,213,213,213,213,214,214,214,214,214,214,214,214,214,214,214,214,214,214,214,214,214,214,214,214,214,214,214,214,214,214,214,214,214,214,214,214,214,214,214,214,214,214
199,199,199,200,200,200,200,200,200,201,201,201,201,202,202,202,202,202,202,203,203,203,204,204,204,204,205,205,205,205,206,206,206,206,207,207,207,207,208,208,208,208,208,208,208,208,208,208,208,207,207,208,207,207,207,206,206,205,204,204,203,203,202,202,201,200,199,199,199,199,199,197,188,167,136,105,84,74,69,66,64,63,61,60,58,57,55,54,54,54,54,55,55,56,58,58,59,59,59,59,60,61,61,62,62,62,62,62,62,62,62,63,64,65,66,66,67,68,69,70,70,71,71,73,76,80,84,89,96,107,125,146,169,186,196,199,200,201,201,202,203,204,205,205,206,207,208,208,209,210,210,211,211,212,212,212,213,213,213,213,214,214,214,214,214,214,214,214,214,214,214,214,214,214,214,214,214,214,214,214,214,214,214,215,214,214,214,214,214,214,214,214,214,214,214,214,214,214,214,214
199,199,200,200,200,200,200,200,200,201,201,201,201,202,202,202,202,202,203,203,203,204,204,204,204,205,205,205,205,206,206,206,206,206,207,207,207,207,208,208,208,208,208,208,208,208,208,208,208,207,207,207,207,207,207,206,205,205,204,203,203,202,202,201,200,199,199,199,199,198,197,187,165,131,101,81,72,69,66,65,63,62,60,59,58,56,54,53,53,53,53,54,55,56,57,58,58,58,58,59,60,61,61,62,62,62,63,62,62,61,62,63,64,64,65,66,67,68,69,69,70,70,71,72,73,76,79,83,88,94,103,119,139,163,182,193,198,200,201,201,202,203,204,205,205,206,207,208,209,209,210,211,211,212,212,212,213,213,213,213,214,214,214,214,214,214,214,214,214,214,214,214,214,214,214,214,214,214,214,214,214,214,214,215,214,214,214,214,214,214,214,214,214,214,214,214,214,214,214,214
200,200,200,200,200,200,200,200,200,201,201,201,201,202,202,202,202,203,203,203,204,204,204,204,204,205,205,205,205,206,206,206,206,206,207,207,207,208,208,208,208,208,208,208,208,208,208,208,208,207,207,207,207,207,206,206,205,205,204,203,202,202,201,200,200,199,199,199,198,197,187,163,129,98,80,72,70,67,65,63,62,61,60,59,57,55,53,52,52,52,53,54,55,56,57,57,57,58,58,59,60,61,62,62,63,63,63,62,61,61,62,63,64,64,65,65,66,67,68,69,69,70,70,71,72,74,76,79,84,88,93,102,115,133,156,177,192,198,200,201,202,203,203,204,205,205,206,207,208,209,210,211,211,212,212,212,213,213,213,213,214,214,214,214,214,214,214,214,214,214,214,214,214,214,214,214,214,214,214,214,214,214,215,215,215,214,214,214,215,215,215,215,215,214,214,214,214,214,214,214
200,200,200,200,200,200,200,201,201,201,201,201,201,202,202,202,202,203,203,203,204,204,204,204,205,205,205,205,205,205,206,206,206,207,207,207,207,208,208,208,208,209,208,208,208,208,208,208,207,207,207,207,207,206,206,206,205,204,203,203,202,201,201,200,199,199,199,198,197,187,164,129,98,79,73,71,69,66,64,63,62,60,59,58,57,54,52,51,52,52,53,54,55,56,56,57,57,57,58,59,60,61,62,62,63,63,63,63,62,61,62,63,64,64,64,65,66,66,67,68,68,69,70,71,72,73,74,77,81,84,88,93,99,108,125,149,173,189,196,200,201,202,203,203,204,205,206,207,208,209,210,210,211,212,212,212,213,213,213,213,214,214,214,214,214,214,214,214,214,214,214,214,214,214,214,214,214,214,214,214,214,215,215,215,215,214,214,214,215,215,215,215,215,215,215,214,215,215,215,215
200,200,200,201,201,201,201,201,201,201,201,201,201,202,202,203,203,203,203,203,204,204,204,205,205,205,205,205,205,205,206,206,207,207,207,207,208,208,208,208,208,209,209,208,208,208,208,208,207,207,207,207,206,206,206,205,204,204,203,203,202,201,200,200,199,199,198,197,188,164,130,99,80,74,72,70,68,66,64,62,62,60,59,58,56,54,53,53,53,54,54,55,56,57,57,57,57,58,58,59,60,61,62,62,63,63,63,63,62,62,62,63,64,64,64,65,65,66,66,67,68,69,70,71,72,73,74,76,79,82,85,89,93,95,103,119,141,164,182,194,199,201,202,203,204,204,206,207,208,209,210,210,211,211,212,212,213,213,213,214,214,214,214,214,214,214,214,214,214,214,214,214,214,214,215,215,214,214,214,215,215,215,215,215,215,215,215,215,215,215,215,215,215,214,214,214,214,215,215,215
200,200,200,201,201,201,201,201,201,201,201,201,202,202,203,203,203,203,203,204,204,204,204,205,205,205,205,206,206,206,206,206,207,207,207,207,208,208,208,208,209,209,209,209,208,208,208,208,207,207,207,207,206,206,206,205,204,204,203,202,201,201,200,199,199,198,197,188,165,131,100,81,75,72,71,69,67,65,64,62,62,60,59,58,57,56,56,56,57,57,58,58,58,58,58,58,58,58,58,58,59,60,61,62,62,63,63,63,63,62,62,62,64,64,64,65,65,66,66,67,68,69,70,71,72,73,74,76,78,80,83,87,89,91,92,99,111,133,157,178,192,198,201,202,203,204,205,206,208,208,209,210,210,211,212,212,213,213,213,214,214,214,215,215,214,214,214,214,214,214,214,214,214,214,215,215,215,215,215,215,215,215,215,215,215,215,215,215,215,215,215,215,215,215,215,214,215,215,215,215
200,200,201,201,201,201,201,201,201,201,201,202,202,202,203,203,203,203,203,204,204,204,204,205,205,205,206,206,206,206,206,206,207,207,208,208,208,208,208,208,209,209,209,208,208,208,208,208,207,207,207,206,206,206,205,205,204,203,202,201,200,200,200,199,198,197,188,166,132,101,82,75,73,72,70,69,67,65,64,63,62,61,60,59,59,59,59,59,60,60,60,59,59,59,59,59,59,59,59,59,60,61,61,61,62,62,63,63,62,62,61,62,63,64,64,65,65,66,66,67,68,69,70,71,72,73,74,76,77,79,82,85,88,89,90,91,94,106,126,151,174,190,198,201,202,203,205,206,207,208,209,210,210,211,212,212,213,213,214,214,214,214,215,215,214,215,215,215,215,215,215,214,214,215,215,215,215,215,215,215,215,215,215,215,215,215,215,215,215,215,215,215,215,215,215,215,215,215,215,215
201,201,201,201,201,201,201,201,201,201,201,202,202,203,203,203,203,203,203,204,204,205,205,205,205,205,206,206,206,206,207,207,207,207,208,208,208,208,208,208,209,209,209,209,208,208,208,208,208,207,207,206,206,206,205,204,204,203,202,201,200,200,199,199,197,188,167,134,102,82,75,73,72,71,70,68,67,66,65,64,63,62,61,61,60,60,61,61,62,62,61,60,60,60,61,61,60,60,59,59,60,61,62,62,62,63,63,63,62,62,61,62,63,64,65,65,65,66,66,67,68,69,70,71,72,73,74,75,77,79,82,84,87,88,89,89,90,95,105,122,146,171,190,198,201,202,204,205,206,207,208,209,210,211,212,212,213,213,214,214,214,215,215,215,215,215,215,215,215,215,215,215,215,215,215,215,215,215,215,215,215,215,215,215,215,215,215,215,215,215,215,215,215,215,215,215,215,215,215,215
201,201,201,201,202,201,202,202,202,201,202,202,202,203,203,203,203,203,204,204,204,205,205,205,205,205,206,206,206,206,207,207,207,207,208,208,208,208,208,208,209,209,209,209,208,208,208,208,207,207,207,206,206,205,205,204,203,202,201,200,199,199,199,197,189,169,136,104,84,76,74,72,71,70,69,68,67,66,65,64,64,63,63,63,62,61,61,61,62,63,63,62,61,61,62,62,62,61,60,60,61,62,62,63,63,64,64,64,64,63,62,63,63,65,65,66,66,67,67,68,69,70,70,71,72,72,73,75,77,79,81,83,86,87,89,89,89,91,93,101,115,141,166,187,197,201,203,204,206,207,208,209,209,210,211,212,213,213,214,214,214,215,215,215,215,215,215,215,215,215,215,215,215,216,216,215,215,215,215,215,216,216,216,215,216,216,216,215,215,215,215,215,215,215,215,215,215,215,215,215
201,201,201,202,202,202,202,202,202,202,202,202,203,203,203,203,204,204,204,204,205,205,205,205,205,205,206,206,206,207,207,207,207,207,208,208,208,208,208,208,208,209,209,209,209,208,208,208,207,207,206,206,206,205,205,204,203,202,201,200,199,199,198,191,171,139,107,86,78,75,73,71,70,69,69,68,68,67,66,65,64,64,65,64,63,62,61,62,63,64,64,64,64,64,64,63,63,61,61,61,62,63,63,64,65,65,65,65,65,65,64,64,64,66,66,67,67,68,68,69,70,71,71,72,72,73,74,75,77,79,80,82,85,86,88,89,89,88,89,91,97,111,136,165,187,198,202,204,205,206,207,208,209,210,211,212,213,213,213,214,215,215,215,215,215,215,215,215,215,215,216,216,216,216,216,216,216,215,216,216,216,216,216,216,216,216,216,215,215,215,215,216,215,215,215,215,215,215,215,215
201,201,202,202,202,202,202,202,202,202,202,202,203,203,203,204,204,204,204,204,205,205,205,205,205,206,206,206,206,207,207,207,207,208,208,208,208,208,208,208,209,209,209,209,209,208,208,208,207,207,206,206,206,205,204,203,202,201,200,199,198,198,194,176,146,111,88,79,76,74,72,70,69,68,69,69,68,68,67,67,66,66,66,66,65,64,64,64,66,67,67,67,66,66,66,65,64,63,62,63,63,64,64,65,66,66,66,66,66,66,66,65,66,67,68,68,68,69,70,71,72,73,73,73,73,74,74,76,78,79,81,82,84,85,87,87,87,87,87,88,89,94,106,134,164,189,199,203,205,206,207,208,209,210,211,212,213,213,214,214,215,215,215,215,215,215,215,215,215,216,216,216,216,216,216,216,216,216,216,216,216,216,216,216,216,216,216,216,216,215,215,216,216,216,215,215,216,216,216,215
202,202,202,202,202,202,202,202,202,202,203,203,203,203,204,204,204,204,204,205,205,205,205,206,206,206,206,206,206,207,207,207,207,208,208,208,208,208,209,209,209,209,209,209,209,209,208,208,207,207,206,206,205,205,204,203,202,200,199,198,197,192,179,151,117,91,79,76,75,74,71,69,68,68,69,69,69,69,69,68,67,67,68,68,68,67,67,68,68,68,68,69,68,68,67,66,65,64,64,64,64,64,65,66,67,68,67,66,65,66,66,66,67,68,69,69,69,70,70,71,73,74,74,74,74,75,76,78,79,81,82,83,84,85,86,86,87,86,86,86,87,88,91,106,136,171,194,202,204,205,206,208,209,210,211,212,213,213,214,214,215,215,215,215,215,215,215,215,216,216,216,216,216,216,216,216,216,216,216,216,216,216,216,216,216,216,216,216,216,216,216,216,216,216,216,216,216,216,216,216
202,202,202,202,202,202,202,202,202,203,203,203,203,203,204,204,204,204,204,205,205,205,206,206,206,206,206,206,206,207,207,207,208,208,208,208,208,208,209,209,209,209,209,209,209,209,208,208,207,207,206,206,205,204,203,202,201,200,199,198,194,180,155,122,96,81,76,75,73,72,70,69,69,69,69,69,70,70,70,70,70,70,70,70,70,71,71,70,70,70,70,70,70,69,68,67,66,65,65,65,65,64,65,67,69,70,69,68,66,66,67,68,68,69,70,70,70,70,71,72,73,74,75,75,75,76,77,79,81,83,83,84,84,85,85,86,86,86,86,85,86,87,85,89,108,146,180,198,202,204,206,207,208,209,211,212,213,213,214,214,215,215,215,215,215,216,216,216,216,216,216,216,216,216,216,216,216,216,216,216,216,216,216,216,216,216,216,216,216,216,216,216,216,216,216,216,216,216,216,216
202,202,202,202,202,203,203,203,203,203,203,203,203,204,204,204,204,204,205,205,205,205,206,206,206,206,206,206,207,207,207,208,208,208,208,208,208,209,209,209,210,210,210,210,209,209,209,208,207,207,207,206,205,204,203,202,201,200,199,196,185,159,126,98,83,77,75,73,72,70,70,69,69,69,69,69,71,71,72,72,71,72,72,72,73,73,73,73,72,72,72,72,72,71,70,69,67,66,66,66,66,66,66,68,70,72,72,71,69,69,69,70,70,71,71,70,70,71,71,72,74,75,75,75,76,77,79,81,83,85,85,86,86,85,86,86,86,86,86,86,86,86,86,84,90,118,157,188,199,203,205,207,208,209,210,212,213,213,214,214,215,215,216,216,216,216,216,216,216,216,216,216,216,217,217,217,217,216,216,216,216,216,216,216,216,216,216,216,217,217,216,216,216,216,216,216,216,216,217,217
203,203,203,203,203,203,203,203,203,203,203,203,203,204,204,204,204,205,205,205,205,206,206,206,206,206,206,207,207,208,208,208,208,208,208,208,209,209,209,209,210,210,210,210,209,209,209,208,208,207,207,206,205,204,203,202,201,200,198,188,165,131,102,85,78,76,74,72,70,69,68,69,69,69,70,70,72,73,73,73,74,74,74,74,74,75,76,76,75,75,74,74,74,74,73,71,69,67,67,68,68,67,67,69,71,75,76,75,73,74,73,73,72,72,72,72,72,72,73,74,75,76,77,78,78,80,81,83,85,87,87,87,87,86,86,86,86,86,86,86,86,86,85,84,83,96,128,166,192,202,205,206,208,209,210,211,212,213,214,214,215,216,216,216,216,216,216,216,216,216,216,216,217,217,217,217,217,217,217,216,216,216,216,216,216,216,216,216,217,217,216,216,216,216,216,216,216,216,217,217
203,203,203,203,203,203,203,203,203,203,203,203,204,204,204,204,205,205,205,205,205,206,206,206,206,206,207,207,207,208,208,208,208,208,209,209,209,209,209,210,210,210,210,210,210,209,209,208,208,207,207,206,205,204,203,202,201,199,193,171,139,105,86,78,75,74,73,71,69,68,68,69,70,70,70,71,73,74,74,75,75,76,76,76,76,77,78,78,78,77,77,77,77,77,76,74,73,71,70,70,70,70,70,72,74,78,80,80,77,76,74,74,74,74,73,73,73,75,76,77,77,78,78,80,80,82,83,86,88,89,89,88,88,87,86,85,85,85,86,86,86,86,85,86,83,84,102,140,178,198,203,205,207,208,210,211,212,213,214,214,215,216,216,216,216,216,216,216,216,216,217,217,217,217,217,217,217,217,217,217,217,217,217,217,217,217,217,217,217,216,216,216,216,217,217,216,216,217,217,217
203,203,203,203,203,203,203,204,204,204,204,204,204,204,204,205,205,205,205,205,205,206,206,206,206,207,207,207,207,208,208,208,209,209,209,209,209,209,209,210,210,210,210,210,210,209,209,208,208,207,207,206,205,204,203,202,200,193,178,145,112,88,80,76,73,72,71,70,69,68,68,70,71,71,71,71,73,74,75,75,77,77,78,77,78,78,79,79,79,79,79,80,79,79,79,78,76,74,73,73,74,73,74,75,77,80,83,83,79,77,75,75,74,74,74,74,76,79,81,83,83,82,81,81,82,84,84,86,89,90,90,90,89,88,87,85,85,85,86,86,86,86,86,86,86,83,87,113,152,186,199,203,205,207,209,210,211,213,214,214,215,216,216,216,217,217,216,216,216,217,217,217,217,217,217,217,217,217,217,217,217,217,217,217,217,217,217,217,217,216,216,216,217,217,217,217,217,217,217,217
204,204,204,203,203,203,204,204,204,204,204,204,204,205,205,205,205,205,205,205,206,206,206,207,207,207,207,207,208,208,208,209,209,209,209,209,209,209,210,210,210,210,210,210,210,210,209,208,208,207,206,206,205,204,203,202,199,187,158,121,95,82,78,74,71,70,70,70,68,67,68,70,71,72,71,71,72,74,75,76,77,77,80,80,80,79,79,79,80,79,80,80,80,80,81,80,79,77,76,76,76,76,77,78,80,82,84,84,81,78,76,77,77,76,76,77,79,82,86,89,89,87,84,83,83,84,85,87,89,91,90,90,90,89,88,86,86,86,86,87,87,87,87,87,87,85,82,92,125,166,193,201,204,206,208,209,211,212,213,214,215,216,216,217,217,217,216,216,217,217,217,217,217,217,217,217,217,217,217,217,217,217,217,217,217,217,217,217,217,217,217,217,217,217,217,217,217,217,217,217
204,204,204,204,204,204,204,204,204,204,205,205,205,205,205,205,205,205,205,206,206,206,206,207,207,207,207,208,208,208,209,209,209,209,209,209,210,210,210,210,210,210,210,210,210,210,209,209,208,207,206,206,205,204,203,201,196,174,137,102,85,80,77,73,70,69,69,69,68,68,69,70,72,72,71,70,71,73,74,75,76,77,80,80,80,78,79,79,79,77,77,79,81,81,81,81,81,80,79,79,78,77,78,79,81,82,83,84,82,81,80,81,80,78,79,81,83,85,89,93,93,91,87,85,83,84,85,87,89,90,89,89,90,90,89,87,87,87,87,87,87,88,88,88,87,87,84,81,102,141,181,199,202,205,207,209,210,211,212,214,214,215,216,217,217,217,217,217,217,217,217,217,217,217,217,217,217,217,217,217,217,217,217,217,217,217,217,217,217,217,217,217,217,217,217,217,217,217,217,217
204,204,204,204,204,204,204,204,205,205,205,205,205,205,205,205,205,205,206,206,206,207,207,207,207,207,208,208,208,209,209,209,209,209,209,210,210,210,210,210,211,211,210,210,210,210,209,209,208,207,206,205,205,203,202,200,189,158,119,90,81,79,75,72,69,68,68,68,68,69,69,71,72,73,72,71,71,73,74,75,77,78,81,82,81,79,79,80,79,77,78,79,82,82,83,83,83,83,82,81,79,78,78,78,79,80,81,82,82,84,84,84,83,80,81,84,87,90,93,94,94,91,88,86,84,84,85,88,89,89,88,88,89,89,89,87,87,88,88,89,89,89,89,89,89,88,88,81,88,120,163,193,201,203,206,207,209,211,212,213,214,215,216,217,217,217,217,216,217,217,217,217,217,217,217,217,218,217,217,217,217,217,217,217,217,217,217,217,217,217,217,217,217,217,217,217,217,217,217,217
204,204,204,204,204,205,205,205,205,205,205,205,205,205,205,206,206,206,206,207,207,207,207,207,207,208,208,208,209,209,209,210,210,210,210,210,210,210,210,210,211,211,211,210,210,210,209,209,208,207,206,205,204,203,201,197,174,136,100,82,79,76,73,71,69,68,67,68,69,71,71,73,74,75,73,71,71,73,74,76,77,79,81,82,81,80,80,80,79,79,80,82,83,84,85,85,85,86,85,84,82,81,79,79,79,80,81,82,83,85,86,86,84,81,82,84,89,91,93,92,90,87,86,85,83,83,84,87,87,88,87,88,89,88,87,86,87,88,90,91,91,91,91,91,91,91,91,87,83,101,139,179,198,202,204,206,208,209,211,212,214,215,216,216,217,217,216,216,217,217,217,217,217,217,218,218,218,218,218,217,217,217,217,217,217,217,217,217,217,217,217,217,217,217,217,217,217,217,217,217
204,204,204,204,205,205,205,205,205,205,205,205,205,205,206,206,206,206,206,207,207,207,207,207,207,208,208,209,209,209,209,210,210,210,210,210,210,210,210,211,211,211,211,210,210,210,209,208,207,207,206,204,203,202,198,188,154,115,85,78,77,74,72,70,68,67,67,68,70,72,72,73,75,75,73,71,72,73,75,77,78,79,81,82,82,81,80,80,81,82,83,85,85,85,86,86,86,86,87,86,84,83,81,80,80,81,81,82,83,84,85,85,82,80,80,82,86,88,90,89,86,83,83,83,83,83,83,86,87,87,87,87,88,87,87,86,87,87,89,91,93,94,94,93,93,93,93,91,84,87,115,157,189,199,202,204,206,208,210,212,213,215,216,216,217,217,216,216,217,217,217,217,217,218,218,218,218,218,218,217,217,217,218,217,217,217,218,218,218,218,218,217,217,217,218,218,217,217,217,217
204,204,204,205,205,205,205,205,205,205,205,205,206,206,206,206,206,206,207,207,207,207,207,207,208,208,208,209,209,209,209,210,210,210,210,210,211,211,211,211,211,211,211,211,210,209,209,208,207,206,205,204,203,201,195,171,131,95,78,77,75,72,71,70,68,67,67,68,69,71,71,72,74,74,73,71,72,73,75,77,78,79,80,81,81,81,80,80,81,83,84,86,87,88,89,88,87,87,88,87,85,84,82,82,81,82,82,82,82,82,82,80,78,76,77,79,80,82,83,84,84,83,85,85,84,83,83,85,87,88,88,87,87,87,87,87,87,88,91,94,97,97,97,96,95,95,94,93,89,82,97,134,176,197,200,202,204,206,209,211,212,214,215,216,216,216,216,217,217,217,217,217,217,218,218,217,217,218,218,217,217,218,218,218,218,218,218,218,218,218,218,218,217,218,218,218,218,217,218,218
205,205,205,205,205,205,205,205,205,205,206,206,206,206,206,206,207,207,207,207,207,207,208,208,208,208,209,209,209,209,210,210,210,211,211,211,211,211,211,211,211,212,212,211,211,210,209,208,207,206,205,204,203,201,186,150,109,82,76,76,74,72,71,69,68,67,67,67,68,68,68,69,71,71,70,70,71,74,75,76,77,78,78,80,80,80,79,79,81,82,84,86,87,89,90,89,89,88,88,87,84,82,81,80,80,80,80,80,79,79,77,75,73,73,75,76,76,77,79,81,83,85,87,86,86,84,84,85,87,88,88,88,87,87,87,87,87,89,92,96,99,100,99,99,97,96,96,94,92,83,85,116,157,191,197,200,203,205,208,210,211,213,214,215,216,216,216,217,217,217,217,217,217,218,218,217,217,218,218,218,218,218,218,218,218,218,218,218,218,218,218,218,218,218,218,218,218,218,218,218
205,205,205,205,205,205,205,205,206,206,206,206,206,206,206,207,207,207,207,207,207,208,208,208,208,209,209,209,209,210,210,210,211,211,211,211,211,212,212,212,212,212,212,211,211,210,209,208,207,206,205,204,203,200,175,131,92,75,77,76,73,71,70,69,68,67,66,66,66,67,67,68,68,68,67,68,70,73,75,76,76,76,77,77,78,78,78,78,80,82,84,86,88,89,90,90,89,88,86,84,81,80,79,78,78,78,78,77,76,75,72,70,69,72,73,75,74,74,76,79,82,84,85,85,85,85,85,86,87,88,89,90,90,88,86,86,87,90,94,98,100,101,101,101,100,98,97,96,93,88,81,102,137,178,194,199,201,204,206,209,210,212,213,214,215,215,216,216,217,217,217,217,217,218,218,218,218,218,218,218,218,218,218,218,218,218,218,218,218,218,218,218,218,218,218,218,218,218,218,218
205,205,205,205,205,205,205,206,206,206,206,206,206,206,207,207,207,207,207,208,208,208,208,209,209,209,209,209,210,210,210,211,211,211,211,211,212,212,212,212,212,212,212,211,211,210,209,208,207,206,205,204,203,194,157,113,79,74,77,75,73,71,70,68,67,66,66,66,66,66,66,67,66,66,66,67,69,72,75,76,76,77,77,76,75,75,76,76,78,80,82,84,85,86,87,89,89,88,85,81,79,77,77,76,76,75,76,75,74,72,70,70,70,72,74,74,74,74,75,77,79,79,79,80,83,86,88,88,88,88,91,94,94,90,86,86,87,90,93,96,98,101,102,102,101,100,99,98,94,90,80,88,118,160,189,197,200,203,205,207,209,211,212,213,214,214,215,216,217,217,217,217,217,218,218,218,218,218,218,218,218,218,218,218,218,218,218,218,218,218,219,219,218,218,218,218,218,218,218,218
206,206,206,206,206,206,206,206,206,206,206,207,207,207,207,207,207,208,208,208,208,208,209,209,209,209,209,210,210,210,210,211,211,211,212,212,212,212,212,212,212,212,212,211,210,209,209,208,207,206,205,204,202,183,140,97,73,75,76,74,72,70,69,68,67,66,65,66,66,66,66,65,65,65,65,67,69,72,74,76,77,77,77,76,74,74,74,75,77,79,81,82,84,85,86,87,87,85,83,80,78,77,77,76,75,75,74,73,73,73,73,71,71,73,74,75,74,74,74,75,76,75,76,78,82,87,89,90,88,88,92,95,94,90,88,87,88,89,91,95,97,101,103,103,101,101,101,100,96,91,84,80,101,138,177,195,199,201,204,206,208,210,211,212,213,214,215,216,216,217,217,217,217,218,218,218,218,218,218,218,218,218,218,218,218,218,218,218,218,218,219,219,219,219,219,218,218,218,218,218
206,206,206,206,206,206,206,206,207,207,207,207,207,207,207,207,208,208,208,208,208,209,209,209,210,210,210,210,210,210,211,211,211,211,212,212,212,212,212,212,212,212,212,211,210,209,209,208,207,206,206,205,200,168,122,82,70,75,75,74,71,70,69,68,66,66,65,66,66,65,65,64,64,65,66,68,70,73,74,77,78,79,78,76,73,73,73,75,76,78,79,81,81,83,84,85,85,84,83,82,80,79,79,78,76,75,74,72,73,75,75,72,71,73,75,76,74,73,73,74,74,73,75,78,81,86,90,92,89,89,91,93,92,90,88,88,87,88,90,94,97,101,102,102,101,101,102,102,98,93,87,78,84,118,161,193,198,201,203,205,207,209,211,211,212,213,214,215,216,216,217,217,217,218,218,218,218,218,218,218,218,218,218,218,218,218,218,219,219,219,219,219,219,219,219,219,219,218,218,218
206,206,206,207,207,207,207,207,207,207,207,207,207,207,207,208,208,208,208,208,209,209,209,210,210,210,210,210,211,211,211,211,211,212,212,212,212,212,212,212,213,212,212,211,210,209,209,208,207,206,206,204,194,152,106,72,71,75,75,73,71,69,68,68,66,66,65,66,66,65,64,64,64,65,67,69,71,74,75,78,79,80,78,76,74,73,74,75,76,78,78,79,80,81,82,82,81,82,82,82,81,82,83,82,80,77,74,72,73,75,74,71,69,74,76,78,74,73,72,74,74,74,74,77,80,85,89,89,87,87,88,88,87,86,86,87,87,88,90,95,99,101,102,102,101,101,102,103,101,95,88,79,75,106,148,190,198,200,202,204,207,209,210,211,211,212,213,214,215,216,217,217,217,218,218,218,218,218,219,218,218,218,218,218,219,219,219,219,219,219,219,219,219,219,219,219,219,218,218,218
207,207,207,207,207,208,207,208,208,208,207,207,207,207,208,208,208,208,208,209,209,209,209,210,210,210,211,211,211,211,211,211,212,212,212,213,213,213,213,213,213,213,212,211,211,210,209,208,207,206,205,203,184,137,92,68,71,74,74,72,71,69,68,67,66,65,65,65,65,65,64,64,65,66,68,70,73,75,77,79,80,81,79,77,74,74,74,76,76,77,76,76,77,78,79,79,80,81,82,83,83,85,85,85,82,79,75,73,72,73,71,69,69,73,75,76,72,72,72,74,75,74,74,76,79,83,85,86,85,86,86,86,85,85,84,85,86,88,90,95,99,101,101,101,100,101,103,105,104,98,90,83,72,101,141,188,198,200,202,204,206,208,209,210,211,211,212,213,214,215,216,217,217,218,218,218,219,219,219,219,218,218,218,218,219,219,219,219,219,219,219,219,219,219,219,219,219,219,219,219
207,207,207,207,208,208,208,208,208,208,208,208,208,208,208,208,208,208,208,209,209,209,210,210,210,211,211,211,211,211,211,212,212,212,212,213,213,213,213,213,213,213,212,212,211,210,209,208,207,206,205,202,171,123,80,67,72,74,74,72,70,69,68,67,66,65,64,65,65,65,64,64,65,67,69,72,73,75,77,79,80,81,80,79,77,76,76,77,77,76,75,75,76,77,78,79,80,81,81,82,83,84,85,84,82,79,76,73,72,71,71,70,71,74,74,73,70,71,73,75,76,75,76,78,81,83,83,84,84,85,86,84,85,85,86,86,88,89,91,95,99,102,102,101,100,100,103,105,105,101,92,87,76,102,139,184,197,199,201,203,205,207,208,209,210,211,212,212,213,214,215,216,217,217,218,218,219,219,219,218,218,218,219,219,219,219,219,219,219,219,219,219,219,219,219,219,219,219,219,219
208,208,208,208,208,208,208,208,208,208,208,208,208,208,208,208,208,208,209,209,210,210,210,210,211,211,211,211,211,212,212,212,212,212,213,213,213,213,213,213,213,213,212,212,211,210,209,208,207,206,204,198,159,112,73,68,72,74,73,72,70,68,67,66,65,64,64,65,65,65,64,64,66,68,70,73,75,76,75,76,77,81,82,81,79,78,77,78,77,76,75,74,75,76,77,78,79,80,81,82,84,84,83,82,81,78,76,73,72,72,74,75,76,77,75,73,71,73,75,76,76,77,79,81,81,82,81,82,83,85,86,85,87,88,89,89,89,90,91,94,97,100,101,101,100,101,102,105,106,103,96,91,79,97,132,176,195,198,200,202,204,206,207,208,209,210,211,212,213,213,214,215,216,217,217,218,219,219,219,219,218,219,219,219,219,219,219,219,219,219,219,219,219,219,219,219,219,219,219,219
208,208,208,208,208,208,208,208,208,208,208,208,209,209,208,208,208,208,209,210,210,210,210,211,211,211,211,211,212,212,212,212,213,213,213,213,214,214,214,214,213,213,213,212,211,210,209,208,207,206,204,191,146,101,69,70,73,73,73,71,69,67,66,65,65,65,65,65,65,65,65,65,65,67,70,73,75,76,75,76,78,83,85,83,81,79,78,79,79,77,76,74,76,77,79,79,79,79,81,82,84,83,83,82,81,79,77,75,75,76,78,79,80,80,78,76,75,75,76,77,77,78,80,82,82,82,81,81,82,84,85,86,88,90,92,93,93,92,92,94,97,101,102,104,102,102,102,105,107,105,100,94,83,90,123,165,192,196,199,201,203,205,207,208,209,210,211,211,212,213,214,215,216,216,217,218,218,219,219,219,219,219,219,219,219,219,219,219,219,219,219,219,219,220,220,220,219,219,219,219
208,208,208,208,208,208,208,208,209,209,209,209,209,209,209,208,208,209,209,210,210,210,211,211,211,211,212,212,212,212,212,213,213,213,213,214,214,214,214,214,214,213,213,212,211,210,209,208,207,206,203,182,134,92,68,73,73,73,72,71,69,67,66,66,65,65,66,66,66,65,65,64,64,65,68,71,74,75,75,77,80,85,86,85,82,80,79,79,81,79,78,75,76,77,79,78,78,78,80,81,82,82,83,82,82,81,79,79,80,81,82,82,83,82,82,80,78,77,78,78,78,79,80,81,81,82,81,80,80,81,84,87,89,91,94,96,96,95,94,94,97,99,101,104,104,104,104,106,108,107,104,99,89,86,115,154,189,194,197,200,202,205,207,208,209,210,211,211,212,213,214,214,215,216,217,218,218,219,219,219,219,219,219,219,219,219,219,219,219,219,220,220,220,220,220,220,219,219,219,219
208,208,208,209,208,208,208,208,209,209,209,209,209,209,209,209,209,209,209,210,210,210,211,211,211,212,212,212,212,212,212,213,213,213,213,214,214,214,214,214,214,214,213,212,211,210,209,208,207,206,202,176,127,87,69,74,74,73,73,71,69,67,66,66,66,66,66,67,67,66,66,65,65,66,68,70,72,74,76,80,83,86,86,86,83,80,80,82,84,83,81,77,76,77,79,79,78,78,78,78,79,79,81,81,82,83,83,84,85,85,84,82,82,83,84,82,79,77,78,78,80,80,80,81,81,81,80,79,80,82,84,88,90,92,96,99,100,97,95,95,96,98,100,103,105,106,106,107,109,109,107,104,97,86,110,144,184,192,195,198,201,204,206,207,208,209,210,211,212,213,213,214,215,216,217,217,218,218,219,219,219,219,219,219,219,219,220,220,220,220,220,220,220,220,220,220,219,219,219,219
208,208,209,209,209,209,208,209,209,209,209,209,209,209,209,209,209,209,210,210,210,211,211,211,212,212,212,212,213,213,213,213,213,213,214,214,215,215,215,214,214,214,213,212,211,210,209,208,207,206,202,171,124,85,72,75,74,74,73,71,69,67,66,66,66,67,68,68,68,68,68,68,68,69,71,73,74,76,78,81,84,85,85,86,84,83,83,85,88,87,84,80,77,77,78,79,79,79,78,77,77,77,79,79,81,82,85,86,87,85,84,82,82,82,82,81,79,77,77,78,80,80,81,83,83,82,80,80,81,83,86,89,92,94,98,101,102,98,96,95,94,95,97,101,104,107,108,110,111,111,110,109,103,88,107,138,180,190,194,197,200,203,205,206,207,209,210,211,212,212,213,214,214,215,216,217,218,218,219,218,219,219,219,219,219,219,220,220,220,220,220,220,220,220,220,220,219,219,219,219
209,209,209,209,209,209,209,209,209,209,209,209,209,209,209,209,209,210,210,210,211,211,211,212,212,212,212,213,213,213,213,213,214,214,214,214,215,215,215,215,215,214,214,213,211,210,209,208,207,206,202,167,123,83,74,75,74,74,72,70,68,66,65,65,66,68,69,69,70,70,70,71,71,73,74,76,78,79,81,84,85,85,84,85,85,86,88,89,91,90,87,83,79,78,79,81,81,80,80,78,77,76,78,79,80,82,84,85,85,83,82,81,81,81,80,79,78,77,78,78,79,79,82,83,84,82,81,82,83,86,89,92,93,95,98,100,100,96,93,92,93,94,96,99,102,105,109,111,113,113,113,112,106,88,104,134,178,189,192,195,198,201,203,205,206,208,209,210,211,212,213,213,214,215,216,216,217,218,219,219,219,219,219,219,219,219,219,220,220,220,220,220,220,220,220,220,219,219,219,219
209,209,209,209,209,209,209,209,209,209,210,210,210,210,209,209,209,210,211,211,211,212,212,212,212,213,213,213,213,213,213,214,214,214,215,215,215,215,215,215,215,215,214,213,212,210,209,208,207,205,202,165,122,83,76,76,74,74,72,70,67,65,64,65,66,68,70,70,71,71,72,72,73,75,77,79,80,81,83,85,85,85,83,83,85,88,91,92,92,91,90,86,83,80,81,82,80,78,78,79,78,76,79,80,81,81,82,82,82,81,80,81,81,80,79,78,78,78,79,79,79,79,81,83,84,83,82,83,85,88,92,94,96,97,98,99,99,95,91,89,90,92,95,97,100,103,107,111,114,115,115,114,108,88,101,130,174,187,191,194,196,199,201,203,205,207,209,210,211,212,212,213,214,214,215,216,217,218,218,218,219,219,219,219,219,219,219,220,220,220,220,220,220,220,220,220,220,219,219,219
209,209,209,209,209,209,209,209,209,210,210,210,210,210,210,209,210,211,211,212,212,212,212,212,213,213,213,214,214,214,214,214,214,215,215,215,215,216,216,215,215,215,214,213,212,211,209,208,207,205,201,163,121,83,78,76,75,74,72,69,66,64,63,63,65,67,68,68,69,69,70,70,72,74,76,78,80,81,83,84,85,84,82,82,84,88,91,91,91,92,93,91,87,83,84,84,80,78,78,80,78,77,80,82,83,82,82,82,81,81,81,82,83,82,80,78,79,80,81,81,80,80,81,82,83,83,83,84,86,90,94,95,96,97,97,97,96,93,88,86,87,91,93,95,97,100,105,110,114,116,116,116,110,90,100,127,171,186,189,192,195,197,200,202,204,206,208,209,211,211,212,212,213,214,215,215,216,217,218,219,219,219,219,219,220,219,220,220,220,220,220,220,220,220,220,220,220,220,220,220
209,209,209,209,209,210,210,210,210,210,210,211,211,211,210,210,210,211,212,212,212,212,212,213,213,213,214,214,214,214,214,214,215,215,215,215,216,216,216,216,215,215,215,214,213,211,210,208,207,205,199,160,119,82,79,77,75,74,71,68,65,62,60,60,61,63,64,64,65,64,65,66,69,71,74,76,78,79,81,82,84,83,83,83,85,88,90,90,91,94,95,94,89,86,87,86,82,79,78,80,79,79,82,84,85,84,84,84,84,83,83,85,86,84,82,82,82,83,83,83,82,81,82,83,83,83,83,84,87,90,93,95,96,95,96,95,94,91,86,85,86,90,92,95,97,99,103,109,114,117,117,117,112,93,102,127,169,184,188,191,194,196,199,201,203,205,207,209,210,211,211,212,213,214,215,215,216,217,218,218,219,219,219,219,220,220,220,220,220,220,220,220,220,220,220,220,220,220,219,220
209,210,210,210,210,210,210,210,210,211,211,211,211,211,211,211,211,212,212,212,212,213,213,213,214,214,214,214,214,214,214,215,215,215,215,216,216,216,216,216,216,216,215,214,213,211,210,208,207,205,196,155,114,81,79,78,76,74,71,66,63,60,57,57,57,59,59,59,60,59,60,61,65,68,72,74,76,77,79,80,83,83,83,85,88,90,93,94,95,98,98,96,91,88,88,88,87,85,83,83,82,82,84,86,86,86,86,87,88,88,88,89,89,88,86,86,87,88,87,85,84,83,83,84,85,84,85,87,88,90,91,92,92,92,93,91,89,86,82,84,87,92,93,95,97,99,103,108,113,117,118,117,113,96,106,130,170,183,187,190,192,195,197,199,202,204,206,208,209,210,211,211,212,213,214,215,216,216,217,218,218,219,219,219,220,220,220,220,220,220,220,220,220,220,220,220,220,220,219,220
210,210,210,210,210,210,210,211,211,211,211,211,211,211,211,212,212,212,212,213,213,213,213,213,214,214,214,215,215,215,215,215,216,216,216,216,216,216,216,216,216,216,215,214,213,212,210,209,207,205,195,157,116,83,79,78,77,75,70,65,61,57,54,54,55,56,57,57,56,56,56,58,62,65,68,70,72,74,75,77,80,82,85,88,92,95,98,101,103,104,102,99,95,92,91,91,90,89,87,87,85,83,83,83,85,86,88,90,91,92,92,92,93,93,94,94,95,93,90,86,84,83,84,85,85,85,85,86,86,88,90,91,90,88,90,89,88,86,84,85,88,94,96,97,98,100,103,108,113,116,117,117,114,100,111,134,169,182,186,189,191,193,196,198,201,203,205,207,208,210,210,211,212,213,214,215,215,216,217,217,218,219,219,219,220,220,220,220,220,220,220,220,220,220,220,220,220,220,220,220
210,210,210,210,210,211,211,211,211,211,211,211,211,211,211,212,212,212,213,213,213,213,213,214,214,214,215,215,215,215,215,216,216,216,216,216,216,217,217,217,217,216,216,214,213,212,210,209,207,205,198,164,124,89,79,79,78,75,69,64,59,55,53,53,54,55,55,54,54,54,55,57,60,62,64,66,68,70,72,75,78,81,85,89,93,97,101,105,107,107,105,103,100,98,95,92,91,91,90,88,85,82,82,83,86,88,91,93,94,96,96,97,98,99,100,101,101,97,92,88,86,85,85,85,85,83,82,81,79,81,84,86,85,85,87,89,89,88,85,87,90,95,98,99,100,102,105,109,113,116,117,116,114,103,114,135,169,180,185,188,190,192,194,197,199,202,204,206,207,209,210,211,212,213,214,214,215,216,217,217,218,218,219,220,220,220,220,220,220,220,220,220,220,220,220,220,220,220,220,220
211,210,211,211,211,211,211,211,212,212,212,212,212,212,212,212,212,213,213,213,213,213,214,214,214,215,215,215,215,215,215,216,216,216,216,216,217,217,217,217,217,217,216,215,213,212,210,209,207,205,201,172,132,93,81,80,78,74,68,64,59,56,54,54,54,55,53,51,51,53,55,56,57,58,60,62,65,68,69,72,76,81,84,88,93,97,102,106,107,107,106,104,103,101,98,95,93,93,92,90,84,81,82,84,87,89,92,96,98,100,101,103,104,104,105,105,104,98,91,87,86,85,84,85,83,81,77,73,69,72,77,82,82,83,86,90,92,92,91,91,93,96,99,101,102,103,106,110,113,116,116,116,115,104,116,136,169,180,184,187,189,191,193,195,198,200,202,204,206,208,209,210,211,213,214,214,215,216,216,217,217,218,219,220,220,220,220,220,220,221,220,221,220,221,221,220,220,220,220,220
211,211,211,211,211,211,212,212,212,212,212,212,212,212,212,212,213,213,213,214,214,214,214,214,215,215,215,215,216,215,216,216,216,216,217,217,217,217,217,217,217,217,216,215,214,212,210,209,207,205,201,171,131,93,82,81,78,73,68,64,60,57,56,56,56,55,53,52,52,56,56,55,55,55,57,60,64,66,67,70,74,78,82,85,90,94,98,100,101,102,103,103,101,98,95,94,93,94,92,89,83,81,82,87,90,92,93,96,99,101,102,103,104,104,104,104,102,95,89,86,85,83,82,82,78,75,71,67,64,67,73,78,80,83,85,89,92,92,92,93,95,95,98,101,104,106,108,112,114,115,115,115,115,103,114,135,168,180,183,186,188,191,193,194,196,199,201,203,205,207,208,210,211,212,213,214,215,215,216,216,217,218,219,220,220,220,220,220,221,221,221,221,221,221,221,221,221,220,220,220
211,211,211,211,212,212,212,212,212,212,213,213,213,213,213,213,213,213,214,214,214,214,215,215,215,215,216,216,216,216,216,216,216,217,217,217,217,217,217,217,217,217,216,215,214,213,211,209,207,205,199,168,127,92,83,82,78,72,68,65,62,60,59,60,60,58,56,55,57,59,59,57,54,53,55,58,61,63,64,67,71,75,79,82,87,90,93,93,93,95,97,97,94,91,89,91,93,95,93,91,85,83,84,87,90,92,92,94,95,97,97,98,98,98,98,97,95,89,84,81,81,79,79,77,75,73,70,68,68,71,77,81,83,84,86,90,92,91,91,93,95,96,99,103,106,108,111,114,115,115,114,114,114,102,112,132,167,180,183,185,188,190,192,193,195,198,200,203,205,206,208,209,210,211,212,213,214,215,215,216,217,218,219,219,220,220,220,221,221,221,221,221,221,221,221,221,221,221,220,220
211,211,212,212,212,212,212,213,213,213,213,213,213,213,213,213,213,214,214,214,215,215,215,215,216,216,216,216,216,216,217,217,217,217,217,218,217,217,217,217,218,217,217,216,214,213,211,209,207,205,198,169,127,93,82,82,79,73,69,66,64,63,63,64,64,63,62,62,63,65,64,61,58,55,54,56,58,60,61,63,66,70,74,77,82,84,85,85,85,87,88,88,85,84,84,87,91,94,94,93,89,87,86,87,88,90,88,88,87,88,87,86,86,85,85,85,83,79,76,74,74,74,75,75,75,74,74,74,75,77,81,84,85,86,89,93,94,92,91,92,93,94,98,101,105,109,113,116,116,115,114,113,114,103,114,135,168,179,182,184,186,189,191,193,195,197,199,202,204,206,207,209,210,211,212,213,214,214,215,216,217,217,218,219,220,220,221,221,221,221,221,221,221,221,221,221,221,221,220,220
211,211,212,212,212,213,213,213,213,213,213,213,213,213,213,214,214,214,215,215,215,215,215,216,216,216,216,216,217,217,217,217,217,217,217,218,218,218,218,218,218,218,217,216,215,213,211,208,206,204,198,174,133,98,82,82,78,73,70,68,67,67,68,68,69,69,68,68,68,68,67,66,62,58,56,55,56,57,59,60,61,64,68,72,75,78,78,78,78,78,79,79,77,77,79,83,87,93,95,95,92,90,88,88,87,86,83,81,79,78,77,76,75,75,75,74,73,70,68,67,69,70,72,75,77,77,77,77,79,80,82,85,87,88,91,95,96,94,93,93,95,97,100,103,106,110,114,116,117,116,113,112,113,108,123,143,169,173,170,169,175,182,189,192,194,196,199,201,203,205,206,208,209,210,211,212,213,214,215,216,217,217,218,219,220,220,221,221,221,221,221,221,221,221,221,221,221,221,220,220
212,212,212,212,212,213,213,213,213,213,213,213,213,213,214,214,214,215,215,215,215,215,216,216,216,216,216,217,217,217,217,217,217,217,218,218,218,218,218,218,219,218,217,216,215,213,210,208,201,190,180,164,131,100,82,81,78,73,71,69,70,70,70,70,71,72,72,72,71,71,70,69,67,64,61,58,58,58,59,59,59,60,63,66,70,71,71,71,71,71,71,71,72,72,74,78,82,89,93,95,93,90,89,88,86,83,80,77,76,73,72,69,68,67,66,66,66,63,62,63,66,69,72,74,77,78,79,80,82,83,84,86,87,89,92,95,96,97,97,97,98,99,101,104,107,110,114,116,118,116,113,111,112,113,132,150,161,146,130,126,135,155,175,189,194,196,198,201,202,204,206,207,208,209,211,212,213,214,215,216,216,217,218,219,220,220,220,221,221,221,221,221,221,221,221,221,221,221,220,220
212,212,212,213,213,213,213,213,213,213,214,214,214,214,214,214,214,215,215,215,215,216,216,216,216,216,217,217,217,218,217,218,218,218,218,218,218,218,218,219,219,218,218,216,215,213,210,198,175,148,131,120,104,90,81,80,76,73,71,71,71,71,71,71,72,73,74,75,75,74,74,74,74,71,69,66,65,63,61,59,58,58,61,64,66,67,67,66,64,64,65,65,65,66,67,71,75,83,88,91,91,90,89,88,86,83,80,78,76,72,69,67,66,65,64,64,64,62,62,63,67,70,73,76,78,80,81,83,85,87,87,88,89,90,91,93,95,97,99,100,101,104,106,109,110,111,112,114,117,115,112,109,111,116,132,136,127,100,84,83,97,121,153,178,192,196,198,200,202,203,205,206,208,209,210,211,212,213,214,215,216,217,218,219,219,220,220,221,221,221,221,221,221,221,221,221,221,221,220,220
212,212,213,213,213,213,214,214,214,214,214,214,214,214,214,214,214,215,215,215,216,216,216,216,217,217,217,217,218,218,218,218,218,218,218,219,219,219,219,219,219,219,218,217,215,213,204,177,139,101,82,74,75,77,80,79,77,74,73,72,72,71,70,70,71,73,75,76,77,78,78,79,80,80,79,77,76,72,69,65,63,62,63,63,65,65,65,64,62,61,60,59,58,58,60,64,69,76,82,85,86,86,86,85,84,82,80,80,78,74,69,66,65,65,65,65,64,64,65,67,71,75,78,80,83,85,87,88,89,90,88,88,88,89,90,92,94,96,97,100,103,107,109,111,110,110,110,112,114,112,110,107,110,114,114,102,81,59,52,59,75,97,128,161,186,195,197,199,201,203,204,205,207,208,209,210,212,213,214,215,216,217,218,218,219,220,220,221,221,221,221,221,221,221,221,221,221,221,221,220
213,213,213,213,214,214,214,214,214,214,214,214,214,214,214,214,215,215,215,215,216,216,216,217,217,217,217,217,218,218,218,218,218,218,219,219,219,219,219,219,219,219,218,217,215,213,195,154,105,68,52,44,53,66,79,78,77,76,75,74,72,70,69,71,72,74,75,77,78,80,81,83,85,86,86,86,86,82,78,74,71,68,67,66,66,66,65,63,61,59,58,55,53,52,55,59,64,71,77,80,81,80,80,79,78,78,78,77,75,72,68,66,65,66,66,66,66,67,70,73,75,79,81,83,83,81,79,77,76,75,72,70,69,70,72,76,80,85,88,95,102,108,112,113,111,109,108,111,112,109,107,106,110,110,95,68,46,44,57,72,79,82,101,140,178,195,197,199,200,202,203,205,206,207,208,210,211,212,214,215,216,217,218,218,219,220,221,221,221,221,221,221,221,221,221,221,221,221,221,221
213,213,213,213,214,214,214,214,215,215,215,214,214,214,214,215,215,215,216,216,216,217,217,217,217,217,217,217,218,218,218,218,218,218,219,219,219,219,219,219,219,219,219,217,216,213,189,142,93,63,54,45,53,64,78,78,77,77,76,75,72,70,70,72,74,75,75,76,77,78,79,79,81,82,83,84,84,83,82,80,78,75,73,71,70,68,67,64,61,59,58,55,51,50,52,56,62,69,74,76,75,74,73,72,71,72,73,73,71,68,65,64,64,64,65,65,68,71,76,78,79,79,77,73,68,65,63,62,60,58,54,52,51,54,57,61,64,67,70,76,86,98,107,112,111,109,108,110,110,107,106,106,110,109,82,56,39,55,73,82,75,64,81,128,174,195,197,199,200,201,202,204,205,206,208,209,210,212,213,215,216,217,217,218,219,220,221,221,221,221,221,221,221,221,221,221,221,221,221,221
213,213,213,214,214,214,214,214,215,215,215,215,214,215,215,215,216,216,216,216,217,217,217,217,217,217,217,218,218,218,218,218,219,219,219,219,219,219,219,220,220,219,219,218,216,214,194,144,93,60,54,48,54,65,77,77,77,77,76,75,72,71,71,73,74,74,72,70,67,64,63,63,65,67,69,70,71,69,69,69,71,72,74,74,74,72,69,65,62,60,58,56,53,52,52,55,59,65,69,70,70,69,69,68,66,65,65,65,64,62,62,62,62,61,62,63,67,72,77,77,74,67,60,52,49,49,50,52,51,50,45,40,38,41,46,52,57,60,63,66,70,79,92,106,110,109,108,110,109,106,105,106,110,109,86,64,53,72,85,80,56,42,67,123,174,195,197,198,200,201,202,203,204,205,207,209,210,211,213,215,216,217,217,218,219,220,221,221,221,221,221,221,221,221,221,221,221,221,221,221
213,213,213,214,214,214,214,214,215,215,215,215,215,215,216,216,216,216,217,217,217,217,217,217,217,218,218,218,218,219,219,219,219,219,219,219,219,219,220,220,220,220,219,218,216,214,203,154,100,58,53,51,57,65,75,75,75,76,76,75,73,71,71,72,72,67,61,54,51,50,50,52,54,57,58,59,58,57,54,53,54,57,61,66,69,70,69,66,62,60,58,56,54,53,53,55,56,59,61,64,66,67,67,66,63,62,61,60,60,58,59,59,59,59,59,61,65,69,71,69,61,51,42,36,36,41,48,53,54,51,48,43,42,45,51,56,59,61,64,65,63,64,74,91,104,109,108,109,108,106,105,105,108,110,92,77,70,82,81,62,38,34,70,128,176,195,197,199,200,201,202,202,203,205,206,208,209,211,212,214,215,216,217,218,219,220,221,221,222,221,221,221,222,222,222,221,221,221,221,221
213,213,214,214,214,214,214,215,215,215,215,216,216,216,216,216,216,217,217,217,217,217,218,218,218,218,218,218,219,219,219,219,219,219,219,219,220,220,220,220,220,220,219,218,216,214,211,164,108,55,49,51,60,67,74,73,73,74,75,75,73,71,69,68,63,54,46,42,40,41,43,46,50,53,56,56,55,51,46,41,40,41,45,50,57,62,64,63,61,59,58,55,54,54,54,54,54,54,55,59,65,69,71,70,67,64,63,61,60,59,59,58,57,57,57,58,60,62,62,56,47,36,31,30,35,42,50,56,61,66,63,56,49,49,53,58,63,67,74,77,72,64,62,76,94,105,107,106,106,105,104,104,107,110,97,89,81,82,66,45,30,38,80,137,181,195,197,198,200,201,202,202,203,204,206,207,209,210,212,213,215,216,217,218,219,220,221,221,221,221,221,222,222,221,222,222,222,222,221,221
213,213,214,214,214,214,215,215,215,215,216,216,216,216,216,217,217,217,217,217,218,218,218,218,218,218,218,219,219,219,219,219,219,219,219,219,220,220,220,220,220,220,219,218,216,214,212,171,116,58,46,48,61,67,72,71,71,72,74,74,74,70,66,58,50,42,38,36,39,44,49,53,56,59,60,60,58,55,49,42,36,33,33,36,42,49,55,58,58,57,55,54,54,54,54,54,52,52,55,61,68,72,75,75,74,73,72,69,66,63,61,58,57,55,55,54,55,56,52,45,36,31,30,31,34,38,42,46,52,56,56,53,49,50,56,62,67,74,83,87,84,74,64,66,81,98,105,104,104,104,103,103,105,109,99,96,87,74,52,32,29,43,92,147,186,195,197,198,200,201,201,202,203,204,205,207,208,209,211,213,214,215,217,218,219,220,221,221,221,221,222,222,221,221,222,222,222,222,222,222
213,214,214,214,214,215,215,215,215,216,216,216,216,216,217,217,217,217,217,218,218,218,218,218,218,219,219,219,219,220,220,220,220,220,220,220,220,220,220,221,220,220,219,218,216,214,212,175,123,62,45,44,60,66,71,69,69,70,72,74,73,68,57,47,40,38,39,42,45,48,51,54,58,61,62,62,59,56,52,46,40,35,32,32,33,37,44,50,53,54,54,53,53,53,53,53,52,53,57,64,71,76,79,80,80,80,79,77,73,68,63,59,57,54,52,51,52,49,43,35,31,28,29,29,31,30,30,31,39,45,46,40,37,38,43,50,60,74,88,94,92,86,75,69,76,91,101,102,101,101,101,102,104,107,100,101,89,69,43,25,31,52,107,157,190,195,197,198,199,200,201,202,202,203,205,206,207,209,210,212,214,215,216,217,218,220,221,221,221,221,222,222,221,221,221,222,222,222,222,222
214,214,214,215,215,215,215,216,216,216,216,216,216,217,217,217,217,218,218,218,218,219,219,219,219,219,220,220,220,220,220,220,220,220,220,220,220,220,221,221,221,220,220,218,217,215,213,180,129,66,44,41,59,65,70,67,67,68,70,72,70,61,47,39,38,41,43,44,45,47,50,55,61,66,69,68,65,60,54,47,43,38,34,32,31,32,36,41,47,51,52,52,52,52,51,51,52,54,59,65,72,76,79,80,81,83,84,83,78,70,61,57,57,56,54,52,50,45,38,31,27,27,32,40,47,39,28,18,26,36,37,29,20,24,35,48,58,65,76,86,92,92,86,79,79,90,99,101,99,99,99,101,103,106,101,106,93,70,39,21,32,62,119,166,193,195,197,198,199,200,200,201,202,203,204,205,207,208,210,212,213,215,216,217,219,220,221,221,222,222,221,221,221,221,222,222,222,222,222,222
214,214,215,215,215,215,215,216,216,216,216,216,217,217,217,218,218,218,218,218,219,219,219,219,219,220,220,220,220,220,221,221,221,220,220,220,221,221,221,221,221,221,220,219,217,216,214,186,135,71,43,38,57,64,70,66,65,65,66,69,64,54,43,42,45,47,46,45,45,46,49,53,58,61,63,61,58,52,46,40,37,33,31,31,30,30,32,36,43,49,52,53,52,50,49,49,51,55,60,65,71,75,79,79,80,81,83,84,79,68,58,53,55,57,57,56,51,43,32,26,27,34,49,67,74,56,32,11,19,39,38,30,18,28,47,60,72,70,65,65,72,81,84,83,85,92,98,100,99,98,98,100,102,105,103,109,97,71,37,18,32,72,131,175,193,195,197,198,198,199,200,201,201,202,203,205,206,207,209,211,213,215,216,217,219,220,221,221,222,221,221,222,222,222,222,222,222,222,222,222
215,215,215,215,216,216,216,216,216,216,217,217,217,217,218,218,218,218,219,219,219,219,219,219,219,220,220,220,220,221,221,221,221,221,221,221,221,221,221,221,221,221,220,219,218,216,214,191,140,76,41,36,56,64,70,65,64,63,64,65,59,50,45,49,53,52,49,47,46,44,43,42,43,44,44,52,51,45,31,26,30,36,41,38,33,30,30,33,40,46,52,53,51,47,45,46,50,54,59,63,68,73,77,78,79,80,82,83,78,66,54,48,50,57,60,56,47,43,38,38,43,56,79,103,109,80,42,13,18,37,37,31,24,38,67,89,108,95,67,47,45,60,72,80,86,93,99,101,100,99,99,100,102,105,104,110,100,73,38,18,36,84,142,182,193,195,196,197,198,198,199,200,201,202,203,204,205,207,209,211,213,214,216,217,219,220,221,221,221,221,221,222,222,222,222,222,222,222,222,221
215,215,215,216,216,216,216,216,216,217,217,217,217,217,218,218,218,219,219,219,219,219,219,219,219,220,220,220,221,221,221,221,221,221,221,221,221,221,222,222,221,221,221,220,218,217,214,196,146,82,41,33,54,63,70,63,63,63,62,62,56,50,47,53,57,57,51,46,41,39,35,30,25,22,21,30,29,27,14,13,29,48,65,59,48,39,39,39,42,44,50,52,50,44,42,43,48,52,57,61,66,71,76,77,77,77,78,79,75,66,54,45,46,52,54,50,38,35,34,41,51,67,90,114,124,95,52,16,14,23,23,21,25,43,83,115,141,124,81,45,35,48,62,73,84,93,99,101,100,98,98,100,102,106,103,106,99,73,40,20,42,96,151,188,194,195,196,197,198,198,199,199,200,201,202,204,205,207,208,210,212,214,215,217,218,220,221,221,221,221,222,222,222,222,222,222,222,222,222,222
215,215,215,216,216,216,217,217,217,217,217,217,218,218,218,218,219,219,219,220,219,219,219,219,220,220,220,221,221,221,221,221,221,221,221,221,221,222,222,222,222,221,221,220,219,217,214,202,152,90,42,33,52,62,69,63,63,63,62,60,55,50,47,49,51,50,43,38,38,43,45,36,24,13,12,21,21,19,7,10,39,72,93,79,56,40,39,38,37,37,43,48,47,41,39,40,45,50,56,60,65,69,73,75,75,76,76,76,73,66,56,45,42,46,48,44,36,38,42,47,52,59,74,92,107,96,63,28,15,14,14,13,21,43,87,124,138,115,80,59,54,63,71,79,86,92,98,100,100,98,98,100,103,107,101,100,94,72,44,25,52,109,160,190,194,195,196,197,198,198,199,199,200,201,202,204,205,207,208,210,212,213,215,217,218,220,221,221,221,222,222,222,222,222,222,222,222,222,222,221
215,215,215,216,216,217,217,217,217,217,217,218,218,218,218,219,219,219,220,220,220,220,219,220,220,220,221,221,221,221,221,221,222,221,221,221,222,222,222,222,222,222,221,220,219,217,215,207,161,102,47,35,49,60,68,63,63,63,63,60,55,50,46,44,42,39,32,27,34,53,71,65,44,22,16,15,13,10,8,18,49,78,90,73,54,42,43,43,42,40,43,47,45,41,38,39,45,50,57,61,65,69,71,74,74,75,75,76,74,69,60,49,42,42,43,42,40,43,45,47,48,54,61,72,83,80,60,35,22,19,18,18,27,50,83,105,105,90,78,78,82,86,87,89,90,93,95,98,99,98,98,100,103,107,99,91,84,68,46,32,62,120,168,192,194,195,196,197,197,198,198,199,200,201,202,203,205,206,208,210,212,213,215,216,218,219,221,221,222,222,222,222,222,222,222,222,222,222,222,222
215,215,216,216,217,217,217,217,218,218,218,218,218,218,218,219,219,220,220,220,220,220,220,220,220,221,221,221,221,221,221,222,222,222,221,221,222,222,222,222,222,222,221,220,219,217,215,211,172,117,58,39,48,60,67,63,63,64,63,61,57,53,49,45,40,34,27,23,32,57,85,91,72,41,23,15,14,11,13,24,47,66,70,57,44,38,40,42,45,45,46,45,44,41,39,41,47,53,59,64,66,69,71,73,74,75,77,78,76,72,64,55,46,42,42,45,49,55,56,53,49,52,58,65,72,77,69,52,36,31,29,28,36,56,76,85,80,78,86,97,100,100,98,97,93,91,92,95,97,98,98,100,104,107,98,85,76,64,49,40,74,131,176,192,193,195,196,196,197,198,198,199,199,200,201,203,204,206,208,210,211,213,214,216,218,219,220,221,222,222,222,222,222,222,222,222,222,222,222,222
215,216,216,216,217,217,217,218,218,218,218,218,218,219,219,219,219,220,220,220,220,220,220,220,221,221,221,221,221,221,221,222,222,222,222,222,222,222,222,222,222,222,221,220,219,217,215,212,184,132,72,44,49,60,67,64,64,64,64,62,60,57,54,51,49,44,39,33,37,51,70,79,68,47,30,23,23,25,29,39,52,60,58,49,44,41,45,50,55,55,51,47,44,42,41,45,51,56,61,64,66,69,71,73,74,76,79,81,80,78,72,64,54,47,44,46,52,58,61,61,60,60,64,67,70,70,66,60,54,51,45,41,46,55,63,65,70,82,98,106,105,101,98,96,91,89,90,92,95,96,98,100,104,107,97,81,68,61,51,48,86,140,183,192,193,194,196,197,197,198,198,199,199,200,201,202,204,206,208,210,211,213,214,216,217,219,220,221,222,222,222,222,223,223,222,222,222,222,222,222
216,216,216,217,217,217,217,218,218,218,218,218,219,219,219,219,219,220,220,220,220,220,220,221,221,221,221,221,221,221,221,222,222,222,222,222,222,222,222,222,222,222,221,220,219,217,215,213,195,144,85,47,51,61,67,65,64,65,64,63,62,60,58,58,58,55,52,47,44,45,51,59,60,54,45,43,46,50,56,60,63,62,58,53,49,47,49,54,58,55,51,47,45,44,45,48,53,58,62,65,68,70,72,74,75,78,82,85,84,82,80,75,66,55,48,46,50,56,61,61,60,59,62,63,68,70,69,63,57,56,52,48,50,57,69,80,91,99,106,108,104,99,95,93,90,88,89,91,93,95,97,100,104,107,97,78,63,59,53,57,96,149,188,192,193,194,196,197,198,198,198,198,199,199,201,202,204,206,208,210,211,213,214,216,217,219,220,221,222,222,222,222,223,223,222,222,223,223,223,223
216,216,216,217,217,218,218,218,218,218,218,219,219,219,219,219,219,220,220,220,220,220,220,220,221,221,221,221,221,221,221,222,222,222,222,222,222,222,222,222,222,222,221,220,219,218,216,214,204,154,96,50,53,62,68,65,65,65,65,65,64,62,61,61,61,61,60,58,54,50,46,45,46,49,52,55,58,62,68,71,70,65,60,54,51,51,55,58,58,54,50,46,46,46,47,49,52,58,64,68,70,72,74,75,77,80,84,88,88,86,87,85,79,66,55,49,49,54,60,63,66,65,64,60,57,56,56,59,60,59,55,54,58,66,76,85,95,103,107,107,101,96,92,90,88,87,88,90,92,94,97,101,105,107,97,76,58,56,53,65,105,156,190,192,193,194,196,197,198,198,198,199,199,200,201,202,204,206,208,210,211,212,214,216,217,219,220,221,222,222,222,222,223,223,223,223,223,223,223,223
216,216,217,217,217,218,218,218,218,219,219,219,219,219,219,219,220,220,220,220,220,220,220,220,220,221,221,221,221,221,221,221,222,222,222,222,222,222,222,222,222,222,222,221,219,218,216,214,209,159,101,51,53,63,68,66,65,66,66,66,65,63,61,60,60,61,61,60,58,56,54,53,54,55,58,60,63,64,67,67,66,61,56,54,55,60,62,61,56,52,50,47,48,48,49,49,52,58,65,71,74,76,76,77,78,80,85,89,90,86,86,87,86,76,65,58,54,55,59,63,67,71,72,69,63,59,57,56,56,55,56,58,62,69,78,88,98,106,107,105,98,93,90,88,87,86,87,90,93,96,98,102,106,108,98,75,57,54,53,70,111,162,191,192,194,194,196,197,198,198,198,199,199,200,201,202,203,205,208,209,211,212,214,216,217,219,221,222,222,222,222,222,223,223,223,223,223,223,223,223
217,217,217,217,218,218,218,218,219,219,219,219,219,219,219,220,220,220,221,221,221,221,221,221,221,221,221,221,221,221,221,221,222,222,222,222,222,222,222,222,223,223,222,221,220,218,216,214,210,161,101,49,51,62,68,66,66,66,67,66,66,64,61,59,59,59,59,59,58,58,57,57,57,56,55,52,52,54,57,59,59,59,61,64,67,68,66,60,54,51,50,48,50,49,48,48,52,60,68,75,77,79,78,79,79,80,83,87,88,84,82,83,85,82,75,69,64,61,62,63,67,70,73,74,73,69,67,67,66,64,63,64,68,72,78,84,90,96,97,96,94,92,90,88,86,86,88,92,95,98,100,103,107,109,99,75,60,52,52,70,115,165,191,192,194,195,196,196,197,197,198,199,200,200,201,202,203,205,207,209,211,212,214,216,217,219,220,221,222,222,222,222,222,223,223,223,223,223,223,223
217,217,217,217,218,218,218,219,219,219,219,219,219,220,220,220,220,221,221,221,221,221,221,221,221,221,221,222,222,222,222,222,222,222,222,222,222,222,222,222,223,222,222,221,220,218,217,214,205,153,93,42,47,60,68,67,66,67,67,67,66,64,61,59,58,58,58,58,58,58,57,58,58,57,55,54,56,58,59,60,64,68,71,74,75,73,67,61,56,53,52,51,51,49,48,49,55,63,70,76,79,81,80,80,81,83,85,86,86,82,78,77,80,83,83,79,74,70,68,67,68,70,73,76,77,77,77,75,73,72,72,72,73,76,80,84,88,91,91,92,94,95,94,90,88,88,90,94,97,101,103,105,108,110,100,78,66,52,50,64,113,163,189,192,194,195,196,196,197,197,198,199,200,200,201,201,202,204,207,209,211,212,214,216,217,219,220,221,222,222,222,222,222,223,223,223,223,223,223,223
217,217,217,218,218,218,219,219,219,219,219,219,220,220,220,220,220,221,221,221,221,221,221,221,221,221,222,222,222,222,222,222,222,222,223,223,222,222,222,222,223,222,222,221,220,219,217,212,195,139,79,35,42,57,68,68,67,68,68,67,66,64,62,60,59,59,58,57,56,56,56,58,59,60,59,60,61,63,68,71,74,75,78,80,77,72,67,63,60,56,54,53,51,47,48,51,59,67,74,79,81,81,82,83,84,85,85,85,84,80,76,72,75,81,86,85,81,77,75,73,72,70,72,74,78,79,80,81,80,78,77,77,79,81,83,86,88,90,91,93,95,96,95,92,89,90,91,95,99,104,105,107,110,111,101,82,69,49,44,58,111,161,188,193,194,195,196,196,197,198,198,199,200,200,201,201,202,204,206,209,211,212,214,216,217,219,220,221,222,222,222,222,222,222,223,223,223,223,223,223
217,217,218,218,218,219,219,219,219,219,219,219,220,220,220,220,221,221,221,221,221,221,221,221,221,222,222,222,222,222,222,222,222,223,223,223,223,222,222,222,222,222,222,221,220,219,217,210,184,125,69,34,43,58,68,69,69,69,69,69,67,66,64,63,62,61,60,58,57,57,57,58,60,60,61,63,68,72,76,78,80,82,81,78,74,72,70,67,63,60,57,54,49,45,48,55,63,70,76,80,82,83,84,85,87,87,87,86,85,81,78,72,73,78,86,88,85,82,81,80,78,74,73,74,76,78,80,81,81,81,82,84,85,86,86,88,90,93,95,97,98,99,97,94,92,92,93,97,102,107,109,111,112,111,100,83,64,44,37,56,107,157,186,193,194,195,196,196,197,198,198,199,199,200,200,201,202,204,206,209,211,212,213,215,217,219,220,221,222,222,222,222,222,223,223,223,223,223,223,223
218,218,218,218,218,219,219,219,219,220,219,220,220,220,220,221,221,221,221,221,221,221,221,221,221,222,222,222,222,222,222,222,223,223,223,223,223,223,222,222,222,222,222,221,220,219,217,205,171,116,67,42,49,59,69,71,71,71,71,70,69,68,67,66,66,65,63,61,59,58,59,60,63,65,68,70,73,77,81,83,83,82,78,75,73,74,73,70,66,62,58,52,47,46,51,59,67,73,79,83,85,86,87,88,89,89,89,88,87,83,81,76,74,78,86,92,92,90,87,86,84,80,78,76,75,76,76,78,79,79,80,83,85,88,89,92,94,97,99,100,99,98,96,94,93,93,94,98,104,110,113,114,114,111,100,83,60,41,38,63,112,159,186,193,194,195,196,197,197,198,198,199,199,200,200,201,202,204,206,209,211,212,214,215,217,219,220,221,222,222,222,222,223,223,223,223,223,223,223,223
218,218,218,218,218,219,219,219,219,220,220,220,220,220,220,221,221,221,221,221,222,222,221,221,222,222,222,222,222,222,222,222,223,223,223,223,223,223,222,222,222,222,222,221,220,219,217,205,166,113,70,51,54,61,71,73,73,73,73,73,72,71,70,69,69,68,66,64,63,62,63,66,68,70,71,73,76,78,80,80,80,79,77,76,77,78,77,73,68,62,58,50,46,48,57,66,74,80,85,87,89,90,91,92,94,94,94,92,90,87,85,81,78,79,86,94,96,95,92,90,89,86,83,80,77,75,74,75,77,78,79,81,83,87,90,93,95,98,101,101,99,97,95,93,93,95,97,101,106,112,116,118,117,112,101,82,62,48,51,75,117,159,184,192,195,196,196,196,197,198,198,199,199,200,200,201,202,204,206,209,211,212,214,215,217,218,220,221,222,222,222,223,223,223,223,223,223,223,223,223
218,218,218,218,219,219,219,219,219,220,220,220,220,221,221,221,221,221,221,221,222,222,222,222,222,222,222,222,222,222,222,223,223,223,223,223,223,223,223,223,223,223,222,221,220,219,217,203,159,109,69,54,56,61,73,75,75,75,76,76,75,74,73,72,71,70,69,67,66,66,67,70,72,74,74,74,74,74,75,76,77,76,78,79,81,81,80,75,70,62,55,48,48,54,63,73,80,86,90,91,92,93,94,95,97,98,98,96,93,91,90,87,83,81,86,95,99,99,96,93,91,91,88,85,80,76,74,74,75,76,76,77,79,83,87,91,93,95,97,98,97,95,94,93,95,99,102,105,108,113,118,120,118,113,104,84,70,60,68,89,126,162,185,192,195,196,196,196,197,198,198,199,199,200,200,201,202,204,206,209,210,212,213,215,217,219,220,221,222,222,222,223,223,223,223,223,223,223,223,223
218,218,218,218,219,219,219,219,220,220,220,220,220,221,221,221,221,221,221,221,222,222,222,222,222,222,222,222,222,222,222,223,223,223,223,223,223,223,223,223,223,223,222,221,221,220,218,206,158,108,65,51,54,61,74,76,76,77,78,79,79,78,76,74,73,71,70,69,68,68,69,71,72,71,70,69,68,69,72,74,76,77,81,82,85,83,80,74,69,60,52,48,51,60,68,78,86,93,96,97,98,97,98,100,101,102,101,100,98,96,94,91,86,83,85,92,98,98,96,94,94,94,92,89,85,80,77,76,76,77,76,76,76,79,83,86,88,89,91,92,93,94,94,96,99,103,107,109,112,115,119,121,118,114,104,83,72,68,79,99,132,167,187,193,195,196,196,196,197,197,198,199,199,199,200,201,202,204,206,209,210,212,213,215,217,219,220,221,222,222,223,223,223,223,223,223,223,223,223,223
218,218,218,218,219,219,219,219,220,220,220,220,221,221,221,221,221,221,221,221,222,222,222,222,222,222,222,222,222,222,222,222,223,223,223,223,223,223,223,223,223,222,222,221,221,220,218,206,158,107,63,50,52,60,74,77,78,78,80,81,82,81,78,76,74,72,71,70,69,69,68,67,67,66,65,64,65,68,71,73,77,79,84,86,87,84,80,74,67,56,49,50,56,65,73,82,90,97,100,102,102,102,102,104,105,105,105,104,103,103,100,96,89,84,85,89,95,95,95,94,95,95,94,92,88,84,81,80,79,79,78,76,76,79,81,83,83,85,87,90,92,95,98,102,106,111,113,115,115,117,119,121,118,114,101,79,68,68,82,104,138,172,190,194,195,195,196,196,197,197,198,199,199,199,200,201,202,203,206,208,210,211,213,215,217,218,220,221,222,222,223,223,223,223,223,223,223,223,223,223
218,218,218,219,219,219,219,220,220,220,220,220,221,221,221,221,221,221,221,222,222,222,222,222,222,222,222,222,222,222,222,222,222,223,223,223,223,223,223,223,222,222,222,221,221,220,218,210,163,112,65,49,51,58,73,77,78,79,80,82,83,83,80,77,75,73,72,70,69,67,65,64,62,63,65,66,68,71,73,74,78,82,87,88,88,84,79,72,63,52,48,52,60,70,78,88,96,101,104,107,109,108,108,108,109,108,108,108,108,108,104,99,90,84,83,86,91,91,92,93,96,97,97,94,91,88,85,84,83,83,81,79,78,81,80,81,81,85,88,91,92,95,100,106,112,115,118,119,118,118,119,120,118,114,97,74,63,67,83,108,144,177,192,194,195,195,196,196,197,197,198,198,199,199,200,201,202,203,205,208,210,211,213,215,216,218,220,221,222,222,223,223,223,223,223,223,223,223,223,223
218,218,218,219,219,219,220,220,220,220,220,220,221,221,221,221,221,221,221,222,222,222,222,222,222,222,222,222,222,222,222,222,222,223,223,223,223,223,223,222,222,222,222,221,220,219,218,214,173,122,72,49,49,55,72,77,79,80,81,82,83,82,80,78,76,74,73,71,70,70,69,68,67,68,69,71,73,75,75,76,79,84,88,88,87,84,81,71,59,50,49,55,64,74,84,94,101,105,108,112,114,114,114,113,113,112,112,113,113,113,109,102,93,84,80,82,86,88,90,92,95,96,96,96,93,91,89,88,86,85,84,84,83,85,85,85,83,88,90,94,93,96,102,109,116,120,122,121,120,118,118,120,118,114,95,72,62,69,87,116,151,183,193,195,195,195,196,196,196,197,198,198,198,199,200,201,202,203,205,208,210,211,212,214,216,218,220,221,222,222,223,223,223,223,223,223,223,223,223,223
218,218,219,219,219,220,220,220,220,220,220,221,221,221,221,221,221,221,222,222,222,222,222,222,222,222,222,222,222,222,222,222,222,223,223,223,223,223,223,222,222,222,222,221,220,219,218,216,189,141,89,52,48,53,70,76,79,80,81,83,83,82,81,80,78,77,76,74,73,74,73,74,73,74,75,77,77,78,78,79,82,86,89,89,89,86,82,69,56,48,52,59,68,78,89,98,104,108,114,119,121,121,119,117,115,115,115,116,117,117,114,106,97,86,79,77,80,82,85,88,93,96,95,96,94,93,92,90,88,88,87,88,87,88,87,88,88,91,93,95,94,97,103,110,116,120,122,122,120,118,118,119,118,113,94,74,65,75,95,129,163,189,194,195,195,195,195,196,196,197,197,197,198,199,200,201,202,203,205,208,210,211,212,214,216,218,220,221,222,222,223,223,223,223,223,223,223,223,223,223
218,218,219,219,219,220,220,220,220,220,221,221,221,221,221,222,222,222,222,222,222,222,222,222,222,222,222,222,222,222,222,222,222,223,223,223,223,223,222,222,222,222,222,221,220,219,219,218,205,168,116,65,47,51,67,75,78,80,82,83,83,83,82,81,81,80,78,77,77,80,79,79,78,79,79,80,80,81,81,84,87,91,93,92,91,88,81,66,55,51,58,65,74,83,92,99,105,111,120,126,129,127,125,121,118,118,118,119,120,121,120,114,106,93,83,77,78,78,78,81,87,93,93,94,94,95,94,93,91,90,90,90,89,90,91,92,92,93,95,96,96,99,103,110,116,120,121,120,119,118,118,119,117,112,93,75,70,84,112,146,176,192,194,195,195,195,195,196,196,197,197,197,198,199,200,201,202,203,205,208,210,211,212,214,216,218,220,221,222,222,222,223,223,223,223,223,223,223,223,223
218,219,219,219,220,220,220,220,220,221,221,221,221,221,222,222,222,222,222,222,222,222,222,222,222,222,222,222,222,222,222,222,222,222,223,223,223,223,222,222,222,222,222,221,221,220,219,218,214,192,148,90,55,50,63,74,77,79,82,83,84,84,83,81,81,81,80,79,80,82,81,79,78,80,82,83,84,85,86,89,91,94,95,95,93,88,78,63,57,58,67,73,80,86,94,101,107,114,124,131,136,135,132,128,123,122,121,122,122,122,124,122,116,104,93,83,80,76,72,73,79,89,91,93,93,94,95,96,95,94,93,93,92,93,93,94,94,96,97,98,98,100,104,109,114,119,120,119,118,118,118,118,116,110,91,75,75,98,135,165,186,194,194,195,195,195,195,196,196,197,197,197,198,199,200,201,201,203,205,208,210,211,213,214,217,218,220,221,222,222,222,223,223,223,223,223,223,223,223,223
219,219,219,219,220,220,220,220,220,221,221,221,221,222,222,222,222,222,222,222,222,222,222,222,222,222,222,222,222,222,222,222,222,222,223,223,223,222,222,222,222,222,221,221,220,220,219,218,216,207,173,119,69,53,60,72,76,78,81,83,85,84,83,81,80,79,79,79,81,82,82,80,81,84,86,87,87,88,91,92,95,97,97,95,91,82,71,61,62,67,74,80,85,90,95,102,109,116,127,135,141,144,143,138,131,128,126,125,123,124,127,129,126,115,104,95,89,83,73,68,72,82,88,91,92,94,95,97,97,97,97,96,96,95,96,95,95,96,98,99,100,101,103,107,111,117,117,117,117,118,117,118,116,109,91,82,94,126,162,181,192,194,194,195,195,195,195,196,196,197,197,198,198,199,200,200,201,203,205,208,210,211,213,215,217,218,220,221,222,222,222,223,223,223,223,223,223,223,223,223
219,219,219,220,220,220,220,220,220,221,221,221,221,222,222,222,222,222,222,222,222,222,222,222,222,222,222,222,222,222,222,222,222,222,222,222,222,222,222,222,222,221,221,221,220,220,219,218,216,213,191,138,82,53,58,70,74,76,80,83,85,85,83,80,78,77,76,77,79,81,82,83,85,87,89,89,90,91,94,94,95,96,96,95,88,76,67,64,69,75,80,85,90,93,97,103,110,116,126,133,142,147,150,147,140,134,129,127,124,124,126,130,131,123,113,105,100,94,82,71,67,74,83,90,93,96,97,98,98,99,100,99,100,98,97,95,96,96,99,99,100,101,103,105,109,113,114,115,115,115,115,116,114,107,91,94,117,156,181,191,193,194,194,194,194,195,195,196,196,196,197,198,199,199,200,200,202,203,206,208,210,211,213,215,217,218,220,221,222,222,222,223,223,223,223,223,224,224,223,223
219,219,219,219,220,220,220,220,221,221,221,221,221,221,222,222,222,222,222,222,222,222,222,222,222,222,222,222,222,222,222,222,222,222,222,222,222,222,222,222,221,221,221,221,220,220,219,218,216,214,201,153,96,57,56,68,73,75,78,81,83,83,82,79,76,75,75,76,77,79,82,85,87,89,91,93,93,95,96,97,96,96,95,93,82,71,65,69,76,81,86,91,94,96,98,101,108,114,122,128,135,141,146,146,141,135,130,126,123,120,121,125,128,124,118,113,112,108,97,81,69,70,78,88,93,98,100,101,100,102,102,102,102,100,99,96,96,95,97,98,100,100,103,106,108,109,110,112,113,114,114,114,113,104,92,104,137,175,190,193,193,194,194,195,195,195,195,196,196,196,197,198,198,199,200,200,202,203,206,208,210,211,213,214,217,218,220,221,222,222,222,223,223,223,223,223,223,224,223,223
219,219,219,219,220,220,220,220,221,221,221,221,222,222,222,221,221,222,222,222,222,222,222,222,222,222,222,222,222,222,222,222,222,222,222,222,222,221,221,221,221,221,221,220,220,220,219,218,216,215,207,164,105,58,53,64,72,76,77,78,80,81,80,77,75,73,74,75,76,79,83,86,88,89,92,96,97,98,98,98,97,94,92,87,77,70,70,76,81,84,89,94,96,96,96,98,104,109,116,121,127,131,136,137,135,130,125,120,118,116,116,118,122,122,121,120,121,120,112,96,78,70,75,85,93,100,104,104,103,103,103,102,101,100,99,96,94,93,95,97,100,100,103,105,107,107,109,111,111,112,112,113,111,101,89,106,140,179,190,193,193,194,194,195,195,195,195,196,196,196,197,198,198,199,200,201,202,204,206,208,210,211,212,214,217,218,220,221,221,222,223,223,223,223,223,223,223,223,223,223
219,219,219,220,220,220,220,221,221,221,222,221,222,222,222,222,222,222,222,222,222,222,222,222,222,222,222,222,222,222,222,222,222,222,222,221,221,221,221,221,221,221,220,220,220,220,219,218,216,215,212,176,117,63,48,60,71,75,75,76,78,79,78,75,73,72,73,75,76,79,83,86,88,91,96,99,101,100,100,100,99,94,90,83,75,71,75,81,84,86,90,93,94,93,93,95,100,104,109,114,119,122,124,125,124,121,116,112,111,110,110,112,114,115,116,119,124,125,123,111,91,77,74,81,91,98,104,103,104,103,103,102,101,100,99,96,94,92,94,97,101,101,103,105,107,109,110,111,112,113,113,113,110,99,85,102,137,178,189,192,193,194,195,195,195,196,195,196,196,196,197,198,198,199,200,201,202,204,206,208,210,211,213,215,217,219,220,221,221,222,222,223,223,223,223,223,223,223,223,223
219,219,220,220,220,220,221,221,221,222,222,222,222,222,222,222,222,222,222,222,222,222,222,222,222,222,222,222,222,222,222,222,222,222,222,221,221,221,221,221,221,220,220,220,220,219,219,218,217,215,212,186,132,76,51,56,69,74,74,74,76,79,78,75,72,72,73,75,77,79,84,87,91,95,99,101,103,103,102,100,98,94,90,82,77,75,81,85,85,86,86,86,85,84,87,91,96,98,102,108,113,116,117,117,116,113,108,106,107,108,106,101,97,96,100,107,115,121,124,119,102,84,76,79,88,94,101,102,105,105,104,104,102,101,99,97,96,96,97,100,103,105,104,104,105,110,111,112,111,112,112,112,108,95,79,101,137,180,190,193,193,194,195,195,195,196,195,196,196,196,197,197,198,199,200,201,202,204,206,208,210,211,213,215,217,219,220,221,222,222,222,223,223,223,223,224,223,223,223,223
219,219,220,220,220,221,221,221,221,222,222,222,222,222,222,222,222,222,222,222,222,222,222,222,222,222,222,222,222,222,222,222,222,222,221,221,221,221,221,221,221,220,220,220,220,219,219,218,217,215,214,197,153,94,59,55,67,71,73,74,77,78,77,74,72,71,73,75,77,80,85,88,93,96,99,101,103,105,104,101,97,93,90,84,80,79,83,85,82,77,70,64,59,60,67,79,88,94,98,103,107,110,110,110,110,107,104,103,103,99,90,75,65,60,67,79,93,105,114,116,105,89,78,79,87,92,98,101,105,107,106,106,105,105,103,102,101,102,102,102,103,106,106,105,106,109,111,110,109,111,111,110,105,92,78,101,139,181,190,193,194,195,195,195,195,196,196,196,196,197,197,197,198,199,200,201,202,204,206,208,210,212,214,216,217,219,220,221,222,222,222,223,223,223,224,224,224,223,223,223
220,220,220,220,220,221,221,221,221,221,222,222,222,222,222,222,222,222,222,222,222,222,222,222,222,222,222,222,222,222,222,222,222,222,222,221,221,221,221,221,221,220,220,220,219,219,219,218,217,216,214,204,172,115,74,56,65,69,71,73,75,76,76,74,72,71,72,74,77,80,86,90,93,95,97,99,103,106,105,100,95,92,90,85,81,80,81,79,69,58,49,43,40,42,49,56,67,79,91,98,102,102,103,103,104,103,100,97,88,73,56,42,34,32,40,51,64,78,92,103,101,90,80,79,84,90,96,101,104,107,107,109,109,110,108,108,107,110,108,108,106,109,108,107,107,109,111,109,108,108,109,108,100,87,79,107,147,184,192,193,194,195,196,196,196,196,196,196,196,196,197,197,198,199,200,201,202,203,206,208,210,212,214,216,217,219,220,221,222,222,222,222,223,223,223,224,223,223,223,223
220,220,220,220,221,221,221,221,221,222,222,222,222,222,222,222,222,222,222,223,222,222,222,222,222,222,222,222,222,222,222,221,222,221,221,221,221,221,221,221,221,220,220,220,219,219,219,218,217,216,215,208,186,132,87,58,63,66,71,73,75,76,76,74,72,71,72,74,76,80,86,90,92,94,94,98,102,105,105,101,96,91,88,86,81,78,74,67,53,40,32,26,23,22,24,29,39,57,76,87,92,92,93,93,94,94,93,86,68,44,27,18,17,18,26,35,45,57,73,88,91,86,79,79,84,90,95,98,101,105,107,108,109,111,110,111,111,113,113,113,111,111,109,108,107,108,110,108,106,107,107,104,92,80,79,113,153,186,192,194,195,195,196,196,196,196,196,196,196,197,197,198,198,199,200,201,202,203,206,208,210,212,214,216,217,219,220,222,222,222,222,222,223,223,223,223,223,223,223,223
220,220,220,220,221,221,221,221,221,222,222,222,222,222,222,222,222,222,222,222,222,222,222,222,222,222,222,222,222,222,221,221,221,221,221,221,221,221,221,221,221,220,220,220,219,219,219,218,217,216,215,209,194,148,102,63,59,62,68,71,73,74,75,74,72,71,72,72,75,78,84,89,91,93,93,98,102,104,103,101,96,91,88,87,82,75,66,56,43,36,33,32,29,27,23,20,28,46,65,76,80,82,82,82,83,84,84,78,57,34,19,20,27,36,44,48,50,53,65,78,82,80,76,79,83,88,92,96,99,103,104,107,107,109,107,108,109,113,116,119,118,116,112,109,107,108,110,108,105,105,105,98,83,71,77,117,158,188,193,194,195,195,196,196,196,196,196,196,196,197,197,198,198,199,200,201,202,204,206,208,210,212,214,216,217,219,220,222,222,222,222,222,223,223,223,223,223,223,223,223
220,220,220,221,221,221,221,221,221,222,222,222,222,222,222,222,222,222,222,222,222,222,222,222,222,222,222,222,222,221,221,221,221,221,221,221,221,221,221,221,221,220,220,220,219,219,219,218,217,216,215,212,202,164,116,70,55,56,64,69,71,73,74,74,72,71,71,72,74,76,81,86,89,92,92,97,100,102,102,101,96,91,89,88,83,73,61,52,47,53,55,55,45,39,33,33,43,57,67,69,70,72,74,73,73,72,73,72,66,55,47,48,54,62,68,69,68,66,69,72,72,72,74,79,83,86,90,94,97,100,101,103,104,105,103,103,105,109,115,119,119,117,112,109,107,107,108,106,104,103,102,90,74,66,80,124,162,190,193,194,195,195,195,196,196,196,196,196,196,197,197,198,199,199,200,201,202,204,206,208,210,212,214,216,217,219,220,222,222,222,222,222,223,223,223,223,223,223,223,223
220,220,220,220,221,221,221,221,221,222,222,222,222,222,222,222,222,222,222,222,222,222,222,222,222,222,222,222,222,221,221,221,221,221,221,221,221,221,221,221,220,220,220,220,219,219,219,218,217,216,215,212,206,177,128,77,50,48,55,63,68,70,72,74,73,71,70,71,74,76,80,83,87,89,91,94,96,99,99,97,92,89,87,86,79,69,59,54,54,63,69,71,64,59,56,59,69,79,80,71,64,65,69,69,65,60,58,63,69,71,72,76,82,87,88,86,82,75,70,67,66,69,74,80,83,85,87,90,93,96,97,100,101,102,100,100,101,106,112,117,118,117,111,108,105,106,106,105,102,98,96,83,69,66,88,132,168,191,193,194,195,195,195,196,196,196,196,196,196,196,197,198,198,199,200,201,202,204,206,208,210,212,214,215,217,219,220,221,222,222,222,223,223,223,223,223,223,223,223,223
219,219,220,220,221,221,221,221,221,221,222,222,222,222,222,222,222,221,222,222,222,222,222,222,222,222,222,222,222,222,221,221,221,221,221,221,221,221,221,220,220,220,220,220,219,219,219,218,217,216,215,213,207,188,137,84,44,39,47,56,64,67,70,74,74,73,71,72,74,77,79,79,83,86,88,90,92,95,94,93,90,88,85,82,75,66,59,54,57,67,75,76,71,66,65,66,72,77,75,65,58,58,63,64,58,50,47,50,60,67,73,78,83,84,80,75,70,67,65,62,64,69,75,80,82,83,83,84,86,90,93,97,98,99,98,99,100,102,108,112,114,115,110,106,103,103,103,100,97,93,87,75,65,66,96,140,176,192,194,194,195,195,195,195,196,196,196,196,196,197,197,198,199,200,200,201,202,204,206,208,210,212,214,215,217,219,220,221,222,222,222,223,223,223,223,223,224,224,223,223
219,219,220,220,220,221,221,221,221,222,222,222,222,222,222,222,221,221,221,222,222,222,222,221,222,222,222,222,222,222,222,221,221,221,221,221,221,221,220,220,220,220,220,220,219,219,219,218,217,216,215,213,210,197,147,91,45,35,42,50,61,65,68,72,74,74,72,73,75,78,77,75,77,81,87,89,91,92,90,88,86,84,81,77,72,65,59,54,53,53,56,56,58,57,57,58,59,62,62,58,53,52,56,58,54,47,44,44,48,52,58,64,69,70,67,62,60,60,63,65,70,74,78,80,81,82,80,80,83,87,90,92,92,94,95,97,101,103,108,111,114,114,111,105,100,99,99,96,93,87,77,65,60,67,102,144,179,190,193,194,195,195,195,195,196,196,196,196,197,197,197,198,198,199,200,201,202,204,206,208,210,212,214,215,217,219,220,221,222,222,223,223,223,223,223,223,224,224,223,223
219,219,219,220,220,221,221,221,221,222,222,222,222,222,222,222,221,221,221,222,222,222,222,221,221,222,222,222,222,222,221,221,221,221,221,221,221,220,220,220,220,220,220,219,219,219,219,218,217,216,215,213,210,204,161,103,52,33,39,46,56,62,66,70,72,73,72,72,74,76,74,70,72,78,85,88,88,87,85,84,83,81,78,76,73,68,62,55,51,50,49,49,48,48,46,45,46,49,50,51,49,50,54,55,55,52,51,49,48,47,48,50,53,55,55,54,55,59,66,71,75,77,79,80,80,79,79,80,82,83,84,86,87,89,91,94,100,102,108,110,113,113,111,103,99,96,95,92,90,82,67,55,55,71,110,150,181,189,193,194,195,195,195,196,196,196,196,196,197,197,197,198,198,199,200,201,202,204,206,209,211,212,214,216,217,219,220,221,222,222,223,223,223,223,223,223,223,223,223,223
219,219,219,220,220,220,221,221,221,222,222,222,222,221,222,221,221,221,222,222,222,222,222,221,221,222,222,222,222,221,221,221,221,221,220,221,220,220,220,220,220,219,219,219,219,219,219,218,218,217,215,214,212,207,176,117,64,33,36,42,53,61,65,69,69,69,69,71,74,75,73,68,69,76,83,87,86,84,81,79,79,77,75,75,73,71,66,60,53,49,46,46,46,46,43,43,44,48,52,54,55,54,56,56,57,56,57,55,55,53,54,54,55,56,56,59,62,67,71,75,78,79,81,81,79,79,80,82,83,82,81,81,84,87,89,92,97,102,107,110,112,110,107,100,98,95,92,90,87,77,59,47,51,80,123,162,184,189,193,194,195,195,195,196,196,196,196,197,197,197,197,198,198,199,200,201,203,205,207,209,211,213,214,216,217,219,220,221,222,222,223,223,223,223,223,223,223,223,223,223
219,219,219,219,220,220,220,221,221,222,222,222,221,221,221,221,221,221,222,222,222,222,222,222,221,222,222,222,221,221,221,221,221,221,220,220,220,220,220,220,219,219,219,219,219,219,219,218,218,217,216,214,213,210,190,132,74,33,31,37,47,56,61,66,66,67,67,69,72,73,71,68,69,74,80,82,80,78,77,76,76,74,73,73,72,71,68,63,58,53,51,50,47,48,47,49,49,50,53,57,61,60,62,60,60,57,58,56,57,57,61,60,61,60,59,60,61,65,67,69,72,75,78,79,79,79,80,81,83,81,81,81,84,86,86,87,91,97,104,109,112,109,105,98,96,92,89,88,84,73,53,42,51,91,136,174,188,192,193,194,195,195,196,196,197,197,197,197,197,197,197,198,198,199,200,202,203,205,207,209,211,213,214,216,217,219,220,221,222,222,222,223,223,223,223,223,223,223,223,223
219,219,219,219,220,220,220,220,221,221,222,221,221,221,221,221,221,221,221,222,222,222,221,221,221,222,222,221,221,221,221,221,221,220,220,220,220,220,220,219,219,219,219,219,219,219,218,218,218,217,216,215,214,212,198,145,85,36,27,31,41,50,57,62,64,65,65,66,68,72,73,71,69,72,75,76,75,75,75,73,73,71,71,71,70,70,68,64,58,53,51,50,47,48,49,53,50,49,55,60,67,63,64,61,60,57,55,54,55,57,63,63,65,63,61,61,59,61,61,62,65,70,75,75,74,74,77,77,79,77,81,82,83,84,84,85,88,93,100,107,109,108,103,98,95,92,89,87,78,66,46,40,53,98,145,182,191,193,194,195,196,195,196,196,197,197,197,197,197,197,198,198,199,200,201,202,203,205,207,209,211,213,214,215,217,219,220,221,222,223,223,223,223,223,223,223,223,223,223,223
219,219,219,219,220,220,220,220,221,221,221,221,221,221,221,221,221,221,221,221,221,221,221,221,221,221,221,221,221,221,221,221,221,220,220,220,220,220,219,219,219,219,219,219,219,218,218,218,218,217,216,215,214,212,204,159,99,45,26,26,35,43,50,55,60,63,61,61,62,68,72,71,67,66,68,69,69,69,70,70,69,68,67,67,66,67,66,63,55,50,47,47,44,47,50,53,51,52,58,63,69,64,63,60,58,56,52,53,52,56,59,59,59,60,63,64,62,61,59,57,61,67,75,73,68,64,69,70,71,71,78,84,83,81,81,84,86,88,92,100,106,109,106,100,95,91,88,85,73,59,41,39,56,105,154,186,192,194,195,196,196,196,196,196,196,196,197,197,197,197,198,198,199,200,201,202,204,205,207,209,211,213,214,216,217,219,220,221,222,222,223,223,223,223,223,223,223,223,223,223
219,219,219,219,220,220,220,220,220,221,221,221,221,221,221,221,221,221,221,221,221,221,221,221,221,221,221,221,221,221,221,221,220,220,220,220,220,219,219,219,219,219,219,219,218,218,218,218,218,217,216,215,214,213,207,173,114,55,24,23,33,42,49,54,58,60,58,57,59,64,69,66,62,61,63,63,62,61,61,63,63,64,63,62,61,61,63,60,54,49,46,44,43,46,47,48,49,53,57,59,66,62,60,58,58,58,51,52,52,56,55,53,50,54,58,61,61,62,61,58,60,67,74,72,62,57,62,63,61,61,69,80,82,80,79,81,82,83,85,92,100,105,105,99,96,91,89,81,65,51,36,38,61,111,161,189,194,194,196,196,196,196,196,196,196,196,197,197,197,197,198,198,199,200,201,202,204,205,208,209,211,213,214,216,218,219,220,221,222,222,222,223,223,223,223,223,223,223,223,223
219,219,219,220,220,220,220,220,221,221,221,221,221,221,221,221,221,221,221,221,221,221,221,221,221,221,221,221,221,221,221,220,220,220,220,220,220,219,219,219,219,219,218,218,218,218,218,218,218,217,216,215,214,212,209,185,127,68,29,26,34,41,49,54,57,60,59,59,60,62,63,60,58,58,60,58,56,52,51,54,58,60,59,56,55,56,60,60,55,48,40,37,39,41,42,42,48,49,50,49,57,56,55,53,56,57,49,48,51,57,57,52,47,50,54,62,63,65,65,62,61,67,74,72,60,52,56,58,56,56,63,73,76,74,73,73,74,73,76,83,95,103,109,102,98,91,87,74,57,44,35,44,75,126,170,190,194,195,196,196,196,196,196,196,196,196,197,197,197,198,198,198,199,200,201,202,204,205,208,209,211,213,215,216,218,219,220,221,222,222,222,222,223,223,223,223,223,223,223,223
219,219,219,220,220,220,220,220,221,221,221,221,221,221,221,221,221,221,221,221,221,221,221,221,220,220,220,220,221,220,220,220,220,220,220,220,220,219,219,219,219,219,219,219,218,218,218,218,217,217,216,215,213,212,209,196,143,84,38,29,34,41,50,55,56,59,59,60,59,59,58,54,56,55,58,54,51,45,45,49,56,59,58,54,53,55,59,60,57,48,38,32,34,35,39,40,48,44,41,41,48,50,50,49,54,54,48,44,46,56,58,55,49,48,50,60,63,65,61,62,61,65,71,70,60,55,59,61,57,53,57,64,70,69,69,67,67,68,71,76,88,99,108,102,98,89,83,66,51,42,37,54,93,145,180,192,194,195,195,196,196,196,196,196,196,196,197,197,197,197,198,198,199,200,201,202,203,205,208,209,211,213,215,216,218,219,220,221,222,222,222,222,222,222,223,223,223,223,223,223
219,219,219,220,220,220,220,220,220,221,221,221,221,221,221,220,221,221,221,221,221,221,221,221,220,220,220,220,220,220,220,220,219,219,219,219,219,219,219,219,219,219,218,218,218,218,217,217,216,216,215,214,213,211,209,201,158,101,51,33,34,38,48,53,53,57,60,62,60,59,56,54,55,54,57,53,50,43,43,49,56,59,56,54,54,57,57,59,57,50,38,30,31,32,36,41,46,40,35,37,44,45,43,43,48,47,42,38,40,52,55,54,49,47,51,64,63,61,53,56,58,62,69,68,59,56,63,68,61,54,54,61,63,65,66,67,64,65,66,72,82,93,99,97,95,86,78,58,46,38,38,65,110,160,186,194,194,195,196,196,196,196,196,196,196,196,197,197,197,198,198,198,199,200,201,202,203,206,207,209,211,213,215,216,218,219,220,221,222,222,222,222,222,222,223,223,223,223,223,223
218,219,219,219,220,220,220,220,220,220,220,220,220,220,220,220,220,221,221,221,221,221,221,221,220,220,220,220,220,220,220,219,219,219,219,219,219,219,219,219,219,218,218,217,217,217,216,216,215,215,214,213,212,210,208,203,172,115,63,33,33,36,45,51,53,58,59,61,58,57,55,52,52,51,52,48,46,43,46,53,57,57,52,53,56,56,49,50,51,49,38,29,30,33,37,41,43,40,39,42,47,44,40,38,41,41,37,35,35,45,47,47,43,46,53,63,57,52,44,51,53,59,63,64,57,59,65,70,61,53,53,61,62,67,66,69,62,63,62,69,77,88,90,89,88,84,75,56,46,37,43,72,121,167,189,194,195,195,196,196,196,197,196,196,196,196,197,197,197,198,198,198,199,200,201,202,204,206,207,210,211,213,215,217,218,219,220,221,222,222,222,222,222,222,223,223,223,223,223,223
218,218,219,219,219,220,220,220,220,220,220,220,220,220,220,220,220,220,221,221,221,221,221,221,220,220,220,220,220,220,220,219,219,219,219,219,219,218,218,218,218,218,217,216,216,216,215,215,215,214,213,212,211,209,207,204,183,130,77,36,32,34,42,50,56,61,61,60,58,56,57,57,59,53,53,49,50,45,50,57,58,52,51,54,58,53,43,41,44,46,39,31,32,36,38,43,44,45,46,47,51,45,39,36,37,37,38,38,40,44,48,48,46,51,57,61,51,42,38,45,49,54,57,59,55,57,60,65,57,55,55,65,61,67,62,68,60,61,60,68,78,86,85,84,83,79,72,56,47,40,49,80,126,168,188,193,195,196,196,196,196,197,196,196,196,196,197,197,198,198,198,199,199,200,201,202,204,206,208,210,211,213,215,217,218,219,220,221,222,222,222,222,222,222,223,223,223,223,223,223
218,218,218,219,219,220,220,220,220,220,220,220,220,220,220,220,220,220,220,220,220,220,220,220,220,220,220,220,220,220,219,219,219,219,219,218,218,218,218,218,217,217,216,215,215,215,214,214,214,213,212,211,210,208,206,204,191,146,91,45,33,34,40,49,58,62,58,54,53,53,59,61,64,52,53,52,54,49,52,56,54,46,49,52,59,48,39,34,39,41,36,32,37,43,47,50,55,59,62,60,62,54,47,42,41,46,51,55,57,58,62,62,61,63,65,62,50,40,39,44,49,49,54,57,58,55,55,56,55,60,64,72,67,72,65,65,56,56,57,65,75,83,84,83,80,74,67,56,51,48,61,94,136,174,190,194,195,196,196,196,196,196,196,196,196,196,197,197,198,198,198,199,200,201,201,203,204,206,208,210,212,213,215,217,218,220,221,221,222,222,222,222,222,222,222,223,223,223,223,223
218,218,218,218,219,219,219,219,220,220,220,219,219,219,219,219,219,219,219,219,219,219,219,219,219,219,219,219,219,219,219,219,219,218,218,218,218,217,217,216,216,215,215,214,214,214,214,213,213,212,211,210,208,207,205,203,196,162,109,58,33,33,36,43,52,57,54,49,48,49,61,65,69,54,57,57,59,51,55,57,52,44,46,53,58,48,38,32,37,40,39,40,47,54,62,68,75,80,82,81,81,73,67,61,62,69,77,83,85,84,85,86,85,85,83,75,61,49,47,48,52,47,56,61,67,59,55,51,53,64,71,77,70,72,66,64,56,56,57,64,72,75,78,78,74,64,56,49,51,56,77,112,151,181,192,194,195,196,196,196,196,196,196,196,196,196,197,197,198,198,199,200,200,201,202,203,205,206,208,210,212,213,215,217,218,220,221,221,222,222,222,222,222,222,222,223,223,223,223,223
218,218,218,218,219,219,219,219,219,219,219,219,219,219,219,219,219,219,219,219,219,219,219,219,219,219,219,219,218,218,218,218,218,217,217,217,217,216,216,215,214,214,214,214,213,213,212,212,211,210,209,208,206,204,203,200,196,174,127,75,38,33,34,38,44,49,50,45,45,49,60,63,63,54,57,56,55,52,56,56,49,43,43,49,54,48,40,35,40,43,47,55,64,73,79,84,90,94,97,99,102,100,97,93,96,101,104,104,103,100,99,98,98,97,95,90,81,73,71,67,64,54,61,66,71,61,55,52,56,70,76,78,70,72,71,67,62,58,58,63,69,70,71,71,66,55,47,44,52,60,89,126,167,189,194,195,196,196,196,196,196,196,196,196,196,196,197,197,198,199,199,200,200,201,202,203,205,207,208,210,212,214,215,217,218,219,220,221,222,222,222,222,222,222,222,223,223,223,223,223
218,218,218,219,219,219,219,219,219,219,219,219,219,219,219,219,219,219,219,218,218,218,219,219,219,219,218,218,218,217,217,217,217,216,216,216,215,215,214,214,213,213,212,212,211,211,210,209,208,207,206,205,203,202,200,198,194,181,143,90,46,33,34,35,37,43,49,47,47,49,55,58,61,61,61,54,50,54,59,60,52,44,41,47,49,49,43,43,49,56,64,73,77,84,87,90,91,94,96,100,106,110,113,115,118,117,114,109,106,104,103,102,102,103,104,101,97,94,94,92,85,74,73,73,71,60,52,50,53,67,72,75,68,69,69,69,65,62,59,66,70,71,71,69,63,48,41,41,54,64,97,136,176,194,195,195,196,196,196,197,197,197,197,196,197,197,197,197,198,199,200,200,200,201,202,204,205,207,209,210,212,214,215,217,218,219,220,221,221,222,222,222,222,222,222,223,223,223,223,223
218,218,218,218,218,218,218,218,218,218,219,219,219,219,219,219,219,218,218,218,218,218,218,218,218,218,217,217,217,216,216,216,215,215,215,215,214,213,213,212,212,211,211,210,209,208,207,206,205,204,203,202,200,198,197,195,193,186,157,106,60,40,39,35,34,39,46,49,49,50,52,53,58,61,59,53,50,60,63,60,50,41,40,43,48,50,52,57,65,73,80,85,86,88,88,88,86,86,87,91,98,105,114,120,123,119,113,106,103,101,100,100,101,102,103,103,104,105,108,108,105,98,92,84,72,59,51,50,54,64,72,71,69,71,75,71,66,63,62,68,75,73,72,70,63,48,39,43,56,72,108,148,182,194,194,195,196,196,196,197,197,197,197,197,197,197,197,197,198,199,200,201,201,202,203,204,206,207,209,211,213,214,215,217,218,219,220,221,221,222,222,222,222,222,222,222,223,223,223,223
217,217,217,218,218,218,218,218,218,218,218,218,218,218,218,218,218,218,218,217,217,217,217,217,217,216,216,216,215,215,215,215,215,214,214,213,213,212,211,211,210,209,208,207,206,205,204,203,202,201,200,198,197,195,193,192,190,186,163,116,71,44,39,34,31,37,43,48,50,52,50,48,55,58,58,51,51,61,64,62,48,36,37,42,49,55,63,73,80,85,88,88,86,86,86,86,83,81,81,81,84,90,101,109,112,110,105,101,99,100,102,103,104,104,103,102,103,104,107,109,110,109,106,97,82,65,54,46,49,54,68,69,73,72,72,67,59,58,58,69,76,77,75,76,70,54,42,45,56,83,124,163,186,193,193,194,195,196,196,196,197,197,197,197,197,197,198,198,198,199,200,201,202,202,203,204,206,207,210,211,213,214,216,217,219,220,220,221,221,222,222,222,222,222,222,222,222,223,223,223
217,217,217,217,217,217,217,217,217,217,217,217,217,217,217,217,217,217,217,217,217,216,216,216,216,215,215,215,214,214,214,214,213,213,212,212,211,210,209,208,207,206,205,204,203,202,201,200,199,198,196,195,193,191,190,189,187,185,167,125,81,49,42,36,32,34,37,44,49,52,50,46,54,55,54,46,49,58,62,57,42,31,36,43,53,63,75,84,87,87,86,85,85,87,88,88,85,83,81,78,79,82,90,98,103,104,102,99,97,97,98,100,101,101,101,101,103,104,104,104,105,107,108,106,92,77,60,48,46,48,63,62,69,70,71,63,54,52,55,67,74,75,77,76,68,55,47,48,56,91,139,178,190,191,192,193,194,195,195,196,196,197,196,197,197,197,198,198,198,199,200,202,202,203,204,204,206,208,210,211,213,215,216,217,219,220,220,221,221,222,222,222,222,222,222,222,222,222,223,223
216,216,216,216,216,216,216,216,216,216,216,216,216,216,216,216,216,216,216,216,216,215,215,215,215,215,214,214,213,213,212,212,212,211,211,209,208,207,206,205,204,202,201,200,199,198,197,196,195,194,192,191,189,188,186,185,183,182,170,134,92,57,47,40,34,34,36,42,48,51,48,45,53,57,56,46,45,52,55,51,39,34,42,50,62,71,83,87,85,83,81,81,83,86,88,88,85,82,79,74,74,76,83,90,95,97,95,92,88,87,87,89,91,93,94,96,98,99,101,101,99,100,101,103,94,83,65,51,43,43,51,56,63,66,64,58,49,46,49,60,67,69,74,72,63,52,49,48,54,89,139,177,189,190,191,192,193,193,194,195,195,196,196,197,197,197,198,198,198,199,200,201,202,203,204,204,206,208,210,212,214,215,216,218,219,220,220,221,221,222,222,222,222,222,222,222,222,222,223,223
215,215,215,215,215,215,215,215,215,215,215,216,216,216,215,215,215,215,215,215,215,214,214,214,213,213,213,213,212,211,210,209,209,208,207,206,205,204,203,201,199,198,197,196,195,194,193,192,191,190,188,187,185,184,183,181,179,178,171,144,107,70,52,41,34,32,35,41,46,48,48,49,59,61,58,47,43,45,44,43,39,43,53,61,70,76,84,83,80,77,76,78,80,82,83,82,81,78,74,69,68,70,75,81,85,87,85,82,79,77,75,76,77,80,82,85,87,89,91,94,94,93,91,92,87,82,66,54,44,42,42,47,56,67,63,56,50,48,53,54,59,60,66,62,53,48,48,52,63,99,143,174,184,187,189,191,192,192,193,194,194,195,195,196,197,197,198,198,198,199,200,201,202,203,204,205,206,208,210,212,214,215,217,218,219,220,220,221,221,222,222,222,222,222,222,222,222,223,223,223
214,214,214,215,215,215,215,215,215,214,214,215,215,215,214,214,214,213,214,214,213,213,213,212,212,211,211,211,210,209,207,206,206,204,204,202,201,200,199,197,195,194,193,192,191,190,189,188,187,186,184,182,181,179,179,178,176,174,171,152,119,78,51,39,34,35,37,41,40,47,50,57,61,64,61,50,42,40,38,40,43,52,63,69,76,80,82,79,76,74,72,73,74,75,74,73,72,69,65,62,61,64,67,71,73,75,75,72,69,67,65,65,66,67,69,71,75,77,80,83,83,81,78,76,71,68,60,54,47,44,39,45,56,67,62,55,53,52,53,49,51,51,58,57,51,47,45,57,77,116,152,174,183,185,187,189,190,191,192,193,193,194,195,195,196,197,197,197,198,199,200,201,202,203,204,205,207,209,211,213,214,216,217,218,219,220,220,221,221,222,222,222,222,222,222,222,222,223,223,223
213,213,213,214,214,214,214,214,214,213,213,213,213,213,213,213,212,212,212,212,212,212,211,210,209,208,208,207,207,205,204,203,201,200,199,198,197,196,194,192,191,190,188,187,186,186,185,183,181,180,179,177,176,175,174,172,171,169,167,155,122,80,47,36,32,34,35,38,36,47,53,65,63,64,59,49,41,35,35,41,49,58,65,70,74,75,73,70,69,69,67,67,66,66,64,64,64,62,58,55,57,63,66,66,66,66,65,63,64,63,63,60,61,61,62,64,67,69,69,69,67,64,59,54,50,50,50,49,48,46,42,45,52,61,57,53,52,55,57,54,54,53,56,58,54,49,46,66,99,139,164,174,179,182,185,187,188,190,190,191,192,193,193,194,195,196,196,197,198,199,200,201,202,203,205,206,207,209,211,213,214,216,217,218,219,220,220,221,221,221,222,222,222,222,222,223,223,223,223,223
213,213,213,213,213,213,213,213,212,212,212,212,212,212,212,211,211,210,210,210,210,209,208,207,206,205,205,204,203,202,200,199,197,196,195,194,193,191,189,188,186,185,184,182,181,180,179,178,177,175,173,171,168,164,160,156,155,158,158,144,109,72,44,36,32,32,35,37,35,49,57,69,61,60,56,48,38,36,39,47,53,56,58,60,61,60,58,57,58,59,58,58,54,54,55,57,60,60,57,54,57,65,66,64,61,60,60,60,62,62,62,60,62,62,65,67,68,68,66,63,56,49,44,41,42,44,45,45,45,46,46,45,48,51,50,45,43,46,49,52,52,50,55,60,58,51,52,77,115,150,167,174,178,181,182,184,186,187,188,189,190,191,192,192,193,194,195,196,197,199,200,201,202,204,205,206,208,210,211,213,214,216,217,218,219,220,220,220,221,221,221,222,222,222,222,223,223,223,223,223
212,211,211,211,211,211,211,211,211,211,211,211,210,210,210,209,209,208,208,207,207,206,205,204,202,201,201,200,199,197,195,194,193,192,191,190,188,186,184,183,182,180,179,177,175,173,171,169,167,166,163,159,152,148,147,149,151,152,142,122,92,69,49,39,32,34,40,42,43,50,61,68,60,54,48,45,38,36,41,49,51,50,47,45,44,42,42,46,48,51,50,50,47,50,54,59,61,60,56,55,59,67,68,65,62,60,60,61,64,65,66,66,68,69,73,75,75,74,68,61,52,45,43,46,51,55,55,51,47,45,47,43,39,40,41,40,36,40,48,54,55,52,56,59,59,56,65,94,130,156,167,171,175,177,179,181,183,184,185,186,187,188,189,190,191,193,194,195,196,198,199,201,202,204,205,206,209,211,212,213,215,216,217,218,219,220,220,220,221,221,221,222,222,222,222,222,223,223,223,223
210,210,210,210,210,210,210,209,209,209,209,209,208,208,208,207,207,206,205,204,204,203,201,200,199,198,197,196,194,192,191,189,188,187,186,184,183,181,180,179,177,175,172,169,165,162,160,159,159,159,154,146,140,140,144,147,149,141,118,94,78,72,57,41,33,37,46,47,50,51,58,60,55,50,45,43,37,35,39,45,46,44,42,39,36,33,33,37,40,45,46,48,48,55,61,65,62,61,60,62,64,69,70,68,65,65,66,68,69,70,72,74,76,77,80,83,81,78,73,66,58,56,61,70,76,75,71,61,52,46,46,42,39,37,36,35,34,40,49,51,50,47,52,54,54,57,76,110,141,162,168,171,173,174,176,177,179,180,182,183,184,185,187,188,189,191,192,194,195,197,198,200,202,203,205,207,209,211,213,214,215,216,217,218,219,220,220,220,221,221,221,221,222,222,222,222,222,222,223,223
209,209,208,208,208,208,208,208,207,207,207,206,206,205,204,204,204,203,202,201,200,199,197,196,195,194,193,191,189,188,186,185,183,182,181,179,178,176,174,172,170,167,165,162,157,152,149,150,152,152,144,137,136,142,151,158,157,132,97,73,72,77,59,45,33,40,47,50,55,50,51,50,48,48,43,42,38,35,38,39,41,42,44,44,42,39,38,41,42,47,50,53,56,65,71,74,69,66,66,68,72,75,75,73,72,74,76,77,78,79,81,83,84,85,86,87,85,81,76,72,72,76,85,91,90,85,79,70,59,49,44,39,36,33,32,33,36,44,52,55,53,53,54,51,49,60,90,127,153,165,167,168,170,172,173,174,176,177,179,180,181,182,184,186,187,188,190,192,193,195,197,199,201,203,205,207,210,212,213,214,215,217,218,219,219,220,220,220,221,221,222,222,222,222,222,222,222,222,222,222
207,207,206,206,206,206,206,205,205,205,204,204,203,202,202,201,200,199,198,197,196,195,193,192,191,190,188,186,184,182,181,179,178,177,175,172,169,167,165,163,161,159,158,156,151,145,143,146,150,149,139,136,141,154,160,162,155,118,81,58,67,75,59,45,31,42,46,47,52,46,42,39,41,46,40,38,37,35,37,38,42,47,52,54,54,53,51,50,49,52,55,58,62,70,75,77,75,75,76,79,83,85,83,78,77,82,85,87,87,87,89,89,91,90,91,90,85,82,81,85,92,98,101,100,94,86,78,72,62,50,41,36,32,29,27,29,35,44,53,56,53,49,48,48,50,68,103,138,157,163,164,165,167,169,170,172,173,174,176,177,178,179,181,183,184,186,187,189,191,193,195,197,200,202,204,207,209,212,213,214,215,216,217,218,219,220,220,220,221,221,222,222,222,222,222,222,222,222,222,222
205,205,204,204,203,203,203,203,202,202,202,202,201,199,198,198,197,196,195,194,193,191,190,188,186,185,183,181,178,177,175,173,170,168,165,162,159,158,156,154,152,153,154,153,150,146,145,148,150,146,136,138,147,160,162,163,152,110,72,48,58,66,58,47,38,44,47,48,52,46,40,36,41,45,40,37,38,38,38,39,43,50,56,60,63,65,65,64,60,59,59,62,66,71,76,79,81,82,84,87,90,92,88,83,81,88,94,98,97,97,97,95,96,94,94,91,89,89,93,101,108,109,105,100,91,83,76,70,62,51,41,37,32,28,24,28,31,38,46,53,52,46,45,47,58,81,118,147,160,161,161,163,164,166,167,169,170,171,172,173,175,176,177,179,181,183,184,185,187,189,192,194,197,199,202,205,208,210,212,213,214,215,216,217,218,219,219,220,220,221,221,221,222,222,222,222,222,222,222,222
202,202,202,201,201,201,200,200,199,199,199,199,198,197,196,195,193,192,190,189,188,187,185,183,181,179,177,174,172,169,167,164,162,160,156,153,151,150,150,149,149,150,151,151,149,147,147,149,150,143,136,141,152,163,164,165,151,108,67,42,52,63,63,57,48,50,51,52,51,44,38,38,45,47,40,34,34,37,38,40,43,50,56,62,67,71,73,72,70,68,67,67,70,73,77,80,83,86,89,93,95,96,92,88,87,94,100,104,104,104,103,102,102,98,97,96,97,101,107,111,111,108,101,96,89,83,77,70,63,53,46,44,39,32,24,26,30,36,43,47,45,37,41,48,68,95,130,153,160,158,158,161,162,163,164,165,166,168,169,170,171,173,174,176,178,179,181,182,183,186,188,190,193,195,199,202,205,208,209,211,212,213,215,216,217,218,219,219,219,220,220,221,221,222,222,222,222,222,222,222
200,200,199,199,199,198,197,197,197,197,196,196,194,193,192,191,189,188,187,186,184,183,180,178,175,172,168,165,163,160,158,157,155,153,150,147,146,147,148,148,148,148,149,149,148,147,149,151,150,141,137,143,156,164,165,166,153,111,69,41,49,60,67,68,63,60,55,57,54,49,42,44,49,48,44,38,37,38,41,43,44,48,54,62,68,72,74,74,74,74,75,74,77,78,81,83,86,89,92,96,98,101,99,96,96,102,107,110,110,108,108,107,106,103,103,104,107,110,111,108,102,98,95,93,90,86,81,74,66,57,52,51,46,37,27,26,32,37,41,42,42,42,49,61,82,107,139,159,167,165,162,164,166,166,165,163,163,164,165,167,168,170,171,173,174,176,178,179,180,182,184,187,188,191,195,199,202,204,206,208,211,212,214,215,216,217,218,218,219,219,220,220,221,221,221,222,221,221,221,221
197,197,197,197,197,196,195,195,195,195,194,193,191,190,189,187,186,185,183,182,179,177,173,170,166,163,160,157,155,153,152,152,153,152,149,145,144,146,148,149,149,149,148,147,147,148,150,151,151,142,139,145,158,166,166,167,158,116,74,42,48,57,68,75,73,67,59,62,56,52,46,50,48,49,42,40,36,39,43,43,43,46,52,62,67,71,71,72,75,77,81,80,81,82,84,85,88,93,97,100,102,106,106,105,104,107,110,111,111,110,109,109,109,108,108,107,107,106,102,96,90,89,89,90,89,87,85,80,75,65,59,53,49,40,31,32,42,45,48,46,49,53,62,74,90,112,141,164,173,173,168,168,170,171,169,166,163,162,162,164,165,166,167,170,171,173,175,176,177,179,181,183,185,188,191,195,197,199,202,205,207,210,212,214,216,216,217,218,218,219,219,220,220,220,221,221,221,221,221,221
195,195,194,194,194,193,193,192,192,191,191,189,188,187,185,184,182,181,178,175,170,166,163,160,158,156,154,152,150,149,149,150,153,153,149,143,142,145,148,150,151,150,148,147,147,148,149,152,151,144,140,146,159,167,167,168,164,125,82,44,47,53,65,77,81,78,67,68,63,60,54,58,53,53,47,47,42,43,44,43,42,45,52,61,66,69,69,69,73,76,81,82,84,83,84,86,89,93,98,101,103,107,108,109,106,107,107,108,107,106,105,106,105,104,102,99,95,91,86,82,81,84,87,89,89,87,87,83,81,72,64,53,47,42,37,39,49,52,54,51,56,62,72,87,107,127,143,160,173,180,176,173,174,175,175,172,167,163,161,162,163,164,164,166,168,170,172,173,174,176,178,180,182,185,188,191,193,195,197,200,203,206,209,212,214,215,216,217,217,218,219,219,219,220,220,220,220,221,220,220
193,192,192,191,191,190,190,189,189,188,187,186,185,184,182,180,178,173,168,161,156,153,151,151,151,152,153,152,150,148,148,150,154,155,150,143,141,144,149,152,152,151,149,147,146,147,150,153,153,147,141,147,159,169,169,169,167,136,92,51,45,51,62,75,81,77,70,76,74,72,64,67,58,55,52,56,53,52,44,37,34,40,50,58,63,66,67,67,69,72,75,78,80,81,83,85,87,91,95,97,99,101,101,102,100,99,98,98,98,98,97,97,95,93,89,84,79,76,75,76,79,82,85,86,85,83,83,80,81,75,66,53,48,47,45,45,50,52,56,56,66,70,78,95,119,141,145,154,165,179,180,176,174,173,175,176,172,168,165,165,166,166,166,166,166,167,168,169,171,173,175,177,180,182,185,187,189,191,193,195,198,202,205,208,211,212,213,215,216,217,218,218,218,219,219,219,219,220,220,220
190,190,189,188,188,187,186,186,185,184,183,183,181,178,176,172,170,164,155,147,142,142,144,147,149,152,154,153,151,148,149,151,156,157,151,143,140,144,149,152,153,151,149,147,146,147,151,155,156,151,141,147,158,171,171,171,170,150,106,63,45,51,60,73,82,78,76,78,81,82,78,81,67,59,62,70,72,65,51,39,33,39,49,56,61,64,65,67,67,68,69,70,72,74,78,80,83,85,88,90,91,88,87,86,85,83,80,79,79,80,81,80,78,74,70,71,71,72,71,74,77,80,83,83,82,78,77,76,79,77,67,56,52,53,51,47,53,55,61,60,72,79,93,115,143,162,152,151,159,177,182,177,173,170,173,175,174,172,169,170,171,171,170,168,167,166,166,166,168,170,172,174,177,179,182,184,186,188,190,192,194,198,201,204,206,208,210,212,213,215,216,217,217,218,218,218,219,219,219,219
188,188,187,186,185,184,184,183,182,180,177,173,170,166,164,162,162,156,145,135,133,136,142,147,149,151,153,153,152,149,150,153,158,159,153,144,141,145,150,153,153,152,149,147,145,147,152,157,159,155,143,148,157,172,173,173,172,162,123,79,50,51,59,68,80,78,82,84,88,92,92,93,74,65,73,83,83,74,60,47,39,42,49,54,58,62,63,66,67,67,66,64,66,69,73,74,74,72,73,74,74,70,68,66,66,66,66,63,64,64,65,65,64,62,61,66,69,72,72,75,75,77,79,80,79,75,73,74,76,76,65,59,57,60,59,56,63,66,71,70,82,93,111,135,159,171,156,151,157,176,183,178,172,168,171,173,174,174,173,173,174,174,174,172,170,167,165,164,165,167,169,171,174,176,179,181,183,185,187,189,191,194,197,200,202,204,205,208,210,211,212,214,215,216,217,217,217,218,218,218
186,185,184,183,181,180,178,175,171,167,164,160,157,153,151,153,156,152,141,130,129,133,140,146,149,151,153,154,153,151,151,155,160,160,154,145,142,146,150,153,154,153,150,147,145,147,153,159,162,159,148,148,156,171,176,175,175,170,142,96,60,50,57,63,76,82,92,91,92,94,97,99,81,77,83,91,87,78,65,50,40,42,47,52,56,59,61,64,67,69,69,66,65,66,70,68,66,62,64,64,63,59,57,56,57,57,57,54,54,54,56,58,60,62,62,67,71,74,73,73,71,73,75,76,77,74,77,81,82,76,67,65,65,62,66,70,81,83,84,84,93,110,133,156,172,176,160,154,157,175,182,177,171,168,171,172,173,173,173,174,176,175,174,172,173,172,169,167,166,167,168,169,171,173,176,178,180,182,184,186,188,191,194,196,198,200,201,204,205,207,208,210,212,213,214,215,216,216,216,216
180,179,177,174,172,169,166,162,157,153,150,147,144,142,142,148,153,150,139,128,126,131,138,144,148,150,152,154,153,152,152,156,162,162,156,147,145,148,152,154,155,154,150,147,145,148,153,160,163,163,153,148,155,168,178,178,177,174,158,115,76,52,55,60,68,81,96,104,105,105,107,105,94,89,87,91,84,76,60,45,39,40,45,50,55,59,61,63,67,71,73,70,68,68,68,67,64,60,60,59,59,56,55,56,57,59,62,60,59,57,58,59,61,64,65,68,71,74,72,72,69,73,76,77,77,73,78,81,81,73,71,76,83,79,85,87,94,95,98,104,112,129,150,168,179,179,165,157,158,173,180,176,171,169,171,172,172,172,173,175,176,177,173,171,172,175,176,174,172,172,171,171,171,171,172,174,176,179,181,183,185,187,191,194,195,197,198,200,202,203,205,206,208,209,211,212,213,213,214,214
169,168,165,162,159,156,153,148,143,141,140,140,139,138,139,147,152,149,136,126,124,129,136,142,147,149,152,154,154,153,153,157,163,163,158,150,147,149,153,155,156,155,151,147,146,148,153,160,165,166,160,151,154,164,179,180,178,176,170,137,95,61,54,58,61,70,84,99,108,111,113,110,104,97,92,94,88,77,59,48,46,46,46,50,56,61,61,62,66,71,74,72,69,68,68,69,69,68,68,66,66,65,66,66,67,67,68,68,68,65,65,64,65,67,68,71,73,75,73,71,69,72,76,75,72,70,77,84,86,78,78,87,98,97,102,105,110,111,114,119,124,141,163,178,184,182,169,159,160,172,179,175,171,170,171,171,171,172,173,176,178,179,175,170,169,175,181,181,179,178,177,176,175,173,171,171,173,175,177,179,181,184,188,191,193,194,195,197,199,201,202,203,204,205,207,208,209,210,211,211
158,157,153,150,148,146,144,140,138,138,138,137,135,135,137,146,151,147,134,124,123,128,134,141,145,148,150,153,154,154,154,157,163,164,160,152,149,152,155,157,158,156,151,146,145,148,153,159,165,168,165,155,153,161,176,182,180,178,175,158,118,78,57,57,57,61,70,85,101,113,121,121,116,101,92,93,90,82,68,61,56,51,56,57,61,58,58,60,64,69,71,70,67,67,69,72,73,74,73,71,72,73,74,74,73,73,74,74,73,71,70,68,67,68,69,71,72,74,74,73,72,74,77,74,66,62,67,76,82,79,81,89,105,109,110,108,116,124,135,134,138,149,172,184,187,185,171,160,160,172,179,175,172,171,171,171,171,172,174,177,179,181,178,171,166,171,180,184,183,182,183,182,181,178,174,171,170,171,173,174,177,179,184,187,189,191,193,195,196,198,199,200,201,202,204,205,206,207,208,208
150,149,147,144,143,142,140,138,137,137,137,136,135,135,137,147,152,147,133,123,123,127,133,139,143,146,149,152,154,155,155,158,163,165,161,154,151,153,157,160,160,157,151,145,145,148,153,158,163,168,169,160,152,157,171,182,182,180,178,172,143,101,67,56,57,57,58,66,80,98,114,120,116,101,96,98,99,95,84,74,64,58,66,67,66,56,52,55,61,66,68,67,66,68,71,74,74,74,73,73,75,77,79,80,79,79,78,77,76,74,73,72,73,74,74,73,72,75,77,76,75,72,72,70,63,62,63,73,80,80,77,84,101,113,108,107,119,131,136,123,129,146,175,188,191,188,171,159,160,173,179,175,172,172,171,170,171,173,174,177,179,183,181,174,167,168,178,183,183,181,184,185,185,183,179,174,170,169,170,171,173,176,179,182,184,187,189,191,193,195,196,198,199,200,201,203,203,204,205,205
147,146,144,143,142,141,140,138,137,137,137,136,135,135,138,147,152,147,132,123,122,126,131,138,142,145,148,151,154,156,157,159,163,166,162,157,152,155,158,162,163,159,152,145,144,148,153,157,162,168,171,166,154,154,164,179,184,182,180,178,164,127,86,61,57,58,57,57,63,75,101,116,117,99,92,97,105,106,88,68,57,62,79,79,69,53,46,53,59,65,65,64,65,68,72,74,73,73,73,73,75,78,80,82,81,82,82,82,81,78,77,76,77,79,78,75,74,78,81,80,74,68,67,65,64,66,67,71,76,79,81,90,106,114,106,102,114,127,127,110,121,145,179,191,194,190,171,159,160,175,180,177,173,172,171,170,171,173,174,177,180,184,184,178,170,166,176,180,182,180,184,187,186,185,183,179,173,169,166,167,169,172,175,177,179,182,184,186,188,190,193,194,196,197,199,200,201,201,202,203
145,145,144,142,142,141,140,138,137,137,137,136,135,135,138,148,153,147,132,122,122,125,131,137,141,144,147,151,154,156,157,159,162,166,164,159,154,156,159,163,165,162,153,145,144,148,153,157,161,168,172,170,159,152,160,174,185,184,182,181,177,153,111,73,57,57,56,54,56,64,91,111,120,108,101,109,113,111,87,69,65,75,85,82,69,58,52,57,59,62,60,61,64,69,72,73,71,72,72,73,74,76,78,81,81,83,84,85,86,82,81,80,80,81,78,77,75,79,83,81,73,65,63,65,68,80,81,83,79,89,97,110,120,119,109,104,115,118,106,90,111,147,182,193,197,191,170,159,161,179,182,178,172,172,171,170,171,173,175,178,181,184,186,182,173,166,171,178,182,182,184,187,185,183,184,182,178,173,168,165,164,167,170,174,177,179,180,181,183,186,188,190,192,194,196,197,198,198,199,200
145,144,144,143,142,141,139,138,138,138,137,136,136,136,139,149,153,147,131,121,121,125,131,136,140,144,147,151,154,157,158,159,162,167,166,161,155,156,159,163,166,163,154,145,143,148,154,157,161,167,173,173,164,152,156,168,183,187,185,183,182,172,139,96,64,55,56,54,54,60,81,104,118,117,109,115,111,106,84,74,74,88,93,88,71,62,60,61,61,59,58,60,65,69,71,70,69,71,71,73,73,74,77,78,79,81,84,86,87,84,84,83,85,85,84,83,81,82,83,81,73,67,68,74,78,92,96,101,98,108,121,131,135,125,116,108,113,107,90,89,118,158,186,194,199,191,169,160,165,182,185,180,173,171,170,171,172,174,176,178,182,184,187,185,176,167,166,176,181,185,185,187,184,183,184,184,181,178,173,168,164,163,163,166,170,175,178,179,180,181,183,185,187,189,192,194,195,196,197,198
145,145,144,143,142,141,140,139,138,138,138,137,136,137,141,151,153,146,130,121,121,125,131,136,139,143,147,151,155,157,158,160,163,168,168,164,157,157,159,163,167,164,155,145,143,147,153,158,161,166,172,174,168,155,152,162,178,187,187,185,183,181,164,126,84,60,55,56,57,64,75,90,104,116,120,124,113,101,84,83,86,94,90,85,72,70,70,68,60,53,54,57,61,64,69,68,68,66,68,68,70,72,75,76,76,75,76,79,80,79,81,84,88,88,87,85,80,77,78,79,77,72,75,85,88,101,105,116,115,123,134,138,141,127,116,104,104,94,78,94,129,170,189,197,200,187,167,161,172,188,188,181,175,170,170,171,173,175,178,180,183,185,187,187,180,170,163,171,178,186,186,187,185,183,184,183,182,181,179,174,168,162,158,158,160,166,172,176,177,178,179,181,182,184,187,189,191,192,193,194
146,146,145,143,142,141,140,139,139,139,138,137,137,138,143,153,154,145,128,120,121,126,131,136,139,143,147,151,155,157,159,161,163,168,169,166,160,158,159,163,167,166,157,146,143,146,153,158,161,166,172,174,169,157,150,155,170,184,189,187,185,184,179,155,115,76,57,54,56,62,68,77,84,102,114,125,117,105,92,91,90,95,88,86,75,76,74,66,60,53,57,57,60,60,66,65,68,65,66,64,67,70,74,75,73,71,70,71,70,69,72,79,85,87,88,84,79,74,76,79,81,76,79,91,96,106,108,120,119,123,133,140,146,130,113,96,90,81,77,106,145,180,192,200,200,182,164,164,182,192,190,182,177,171,169,172,174,177,179,181,183,185,187,188,184,174,163,166,174,184,187,187,185,184,184,181,179,179,181,179,173,165,157,152,151,156,163,169,174,176,178,178,178,179,182,184,186,187,189,190
147,147,146,144,142,141,140,140,140,140,139,138,138,140,146,155,154,144,127,120,121,126,132,136,140,143,147,151,154,157,160,162,164,168,171,169,164,159,159,163,167,166,158,147,141,145,152,158,162,166,171,174,171,160,150,150,162,177,188,189,187,186,185,176,147,105,70,54,53,58,62,67,71,88,102,117,115,113,105,102,95,96,85,85,77,79,75,67,61,55,58,56,59,58,63,63,65,63,64,63,66,71,75,75,70,66,63,63,61,61,63,70,76,77,77,72,68,65,71,78,86,79,81,87,99,105,107,114,114,120,129,140,144,125,103,84,78,73,85,121,162,187,196,204,197,175,160,168,190,196,189,181,177,173,169,172,175,178,180,182,184,186,187,189,187,178,166,161,170,181,188,187,185,183,183,180,176,175,178,178,173,166,159,154,150,149,152,160,167,172,175,176,176,175,175,176,178,179,182,182
149,148,147,145,143,142,141,141,141,140,140,139,139,141,149,156,155,141,126,120,122,127,133,137,141,144,147,151,154,157,160,162,164,168,172,173,168,163,160,164,168,167,158,147,140,143,150,158,163,166,170,174,172,163,153,148,155,168,183,190,190,188,186,184,171,140,99,67,54,54,58,62,64,73,80,95,102,111,110,107,95,92,80,78,76,78,76,66,63,58,59,56,59,57,57,54,59,63,66,66,68,72,73,71,69,67,63,59,57,56,55,59,66,69,67,62,59,61,67,78,86,83,82,89,100,104,107,110,113,118,129,140,135,113,94,77,70,72,100,141,176,191,200,204,190,168,158,175,195,197,186,179,177,174,169,172,175,179,181,182,184,186,187,189,189,182,169,159,165,177,187,187,183,182,182,178,172,172,175,176,171,164,158,155,151,150,150,155,161,166,169,172,173,173,171,168,167,167,169,170
150,150,148,146,144,142,142,143,142,141,140,140,141,143,152,158,154,139,125,120,122,128,134,138,142,145,148,151,154,157,160,162,164,168,172,175,172,167,163,165,168,168,159,147,139,141,149,158,163,167,171,175,174,165,156,150,153,162,176,187,191,190,188,186,183,167,136,96,67,53,51,53,57,62,67,74,83,94,99,102,94,92,79,74,77,76,76,66,67,62,58,55,58,56,53,48,55,63,69,69,72,72,71,65,64,63,60,57,56,54,52,52,57,61,59,54,53,59,65,77,82,86,86,92,103,105,108,110,117,125,130,131,116,98,82,72,66,81,119,160,185,195,203,201,182,162,159,181,198,196,182,176,175,174,171,173,176,179,181,182,184,186,188,190,191,184,171,158,161,173,185,187,182,180,179,176,170,169,172,173,168,161,156,153,151,150,150,153,157,160,162,165,169,171,170,165,161,158,157,157
151,151,150,148,144,143,144,145,144,142,141,141,142,145,156,159,153,137,124,120,123,129,135,139,142,146,149,152,154,156,159,162,164,167,172,176,176,172,167,167,170,169,160,148,139,140,148,157,163,168,172,176,174,166,157,152,152,157,168,181,190,192,190,188,186,183,166,136,97,67,52,49,51,53,60,60,67,72,80,91,91,94,75,70,75,81,82,72,69,68,62,61,60,55,52,47,56,63,69,68,71,67,65,59,60,58,59,60,60,56,51,52,55,58,56,54,55,63,68,77,76,83,85,91,97,100,107,114,122,130,129,122,99,83,71,63,69,100,143,177,190,198,204,194,172,155,162,187,200,195,180,175,174,174,173,175,177,179,181,183,184,187,188,190,192,185,172,159,157,169,182,188,182,179,176,174,169,168,170,171,166,160,154,152,150,150,150,152,155,157,158,159,164,167,169,165,161,156,152,151
152,152,151,148,145,143,144,146,145,143,141,142,144,149,159,161,152,135,123,121,124,130,136,140,143,146,149,152,154,156,159,162,164,167,171,176,177,175,171,170,171,169,161,149,140,139,146,156,163,169,173,177,175,168,158,153,154,155,162,173,185,191,192,190,188,186,183,167,136,97,67,51,49,54,59,57,60,66,76,88,93,98,84,80,86,89,85,78,75,76,68,62,57,53,56,54,62,63,70,66,68,64,64,58,57,53,55,63,65,63,58,60,58,56,56,62,63,71,72,78,78,82,85,90,96,98,104,117,127,134,122,108,85,73,62,61,84,126,166,187,194,201,202,185,165,152,166,190,200,195,180,174,173,173,175,176,177,178,180,182,185,187,189,191,192,186,174,160,154,165,178,188,183,177,174,172,170,168,168,168,165,159,154,151,150,148,148,151,153,156,155,155,158,163,167,167,165,161,156,154
153,153,152,149,145,143,145,146,146,144,143,143,145,152,162,162,150,133,123,121,125,131,137,140,143,147,150,153,154,157,159,162,165,167,170,175,178,177,175,172,172,170,163,152,141,139,145,155,162,168,173,178,176,169,159,153,154,156,159,166,177,188,193,192,191,189,187,183,167,136,97,68,54,57,59,58,57,64,75,87,92,96,92,93,94,94,88,86,80,80,73,67,59,52,57,57,65,61,66,61,63,63,65,62,60,56,54,66,69,69,62,67,66,63,61,70,69,73,74,83,83,83,81,86,92,95,105,119,132,130,112,94,74,63,58,73,112,155,182,192,198,203,196,176,158,153,170,192,200,194,180,174,172,173,176,177,177,177,179,182,185,188,191,192,192,187,175,162,154,161,173,185,184,177,173,172,170,168,166,166,163,159,155,152,150,148,148,150,152,154,154,154,155,158,161,164,164,163,160,159
153,154,152,149,145,143,144,146,146,145,145,145,147,155,164,161,148,131,122,121,125,132,138,141,144,147,151,153,155,156,160,163,165,167,169,173,177,179,178,176,174,171,164,153,143,139,144,153,161,168,174,178,177,169,159,154,153,157,159,162,170,181,190,193,193,191,190,189,184,167,138,102,73,61,56,57,58,67,78,86,86,88,91,97,97,95,89,89,86,83,79,68,61,53,61,58,65,60,64,57,61,65,67,64,60,55,51,64,69,70,65,68,70,67,67,75,74,75,75,88,91,92,85,92,97,102,110,121,132,120,99,77,62,56,67,100,144,176,190,197,202,201,187,167,154,157,174,194,201,195,181,174,171,172,176,177,177,176,178,181,186,190,193,193,193,187,176,163,154,156,169,181,185,178,173,171,170,167,165,163,162,158,156,152,150,148,148,150,151,153,153,152,153,155,157,160,161,162,161,160
154,154,152,149,145,143,144,146,147,147,147,147,151,159,165,161,145,129,121,121,125,133,139,142,145,148,151,153,154,156,159,162,164,166,168,171,176,179,180,179,177,173,165,154,144,139,143,151,161,168,175,179,178,170,161,154,153,156,159,161,166,174,185,192,194,194,193,192,189,184,170,144,111,81,64,57,56,60,70,79,83,86,93,102,101,100,95,96,90,90,88,79,72,63,68,58,64,58,60,54,62,70,68,62,59,56,51,59,64,64,62,64,69,67,72,77,77,75,75,85,91,98,90,93,98,107,116,120,120,106,85,65,55,63,93,136,170,188,196,201,203,194,176,160,154,160,176,195,201,194,181,173,170,171,175,178,177,175,177,180,186,190,194,194,194,187,177,164,155,153,164,177,184,179,174,171,170,166,164,161,160,158,156,153,150,149,148,149,151,152,153,152,152,152,154,156,158,160,160,160
155,155,153,150,146,144,144,146,148,148,149,149,154,163,167,160,143,128,121,121,126,133,140,144,146,149,151,153,154,156,158,161,163,165,167,170,175,179,181,181,179,175,166,155,145,140,143,150,159,167,175,179,178,171,162,154,151,154,159,162,165,168,176,185,192,195,195,195,192,190,186,175,153,121,90,67,56,55,61,68,77,86,95,100,100,105,106,103,99,98,100,89,80,67,68,58,63,60,60,59,65,72,66,59,59,56,56,58,62,61,61,62,66,68,78,82,84,80,78,85,97,104,102,97,104,111,113,109,99,89,70,57,62,90,133,167,187,195,201,204,199,182,164,155,155,163,178,196,202,194,181,172,168,169,174,179,178,176,176,179,186,191,195,195,194,187,177,164,156,151,160,173,183,181,175,172,169,165,162,159,158,156,155,153,151,149,148,148,150,152,153,152,152,151,152,153,155,158,159,160
155,155,153,150,146,143,144,146,148,149,150,152,157,166,167,158,141,127,121,122,127,135,141,145,147,149,151,152,154,155,157,160,162,164,166,169,173,179,182,183,181,176,167,156,146,140,142,149,158,166,174,180,180,173,163,154,150,152,158,163,167,168,170,176,185,192,196,196,195,192,190,188,180,161,134,104,78,61,56,61,72,80,93,97,101,108,115,115,104,103,100,99,87,80,73,62,64,64,63,64,65,69,62,59,65,65,66,59,60,63,65,67,68,75,83,84,84,79,78,84,101,114,117,109,108,106,97,89,75,69,55,62,88,130,166,186,194,200,205,202,189,170,157,155,158,164,179,196,203,194,181,171,167,168,174,179,179,177,175,178,185,191,196,196,194,186,177,164,156,151,157,171,181,181,175,172,168,164,161,158,156,155,154,152,151,149,148,148,150,152,153,153,152,151,151,151,153,156,158,159
156,156,154,150,146,143,144,146,148,149,150,153,160,168,168,157,139,127,122,123,128,136,142,146,148,150,151,153,154,155,156,159,161,163,165,167,172,178,182,185,183,177,168,156,146,141,142,147,156,164,173,180,182,175,165,155,149,150,156,162,167,168,169,170,177,186,193,197,197,195,193,191,190,186,172,149,120,92,70,61,62,68,78,85,91,101,113,119,107,100,98,99,91,84,76,64,61,65,70,72,68,67,58,57,67,69,72,62,62,66,71,74,71,73,77,77,78,76,82,94,113,123,125,111,100,88,76,67,55,53,62,90,131,166,186,194,200,205,205,194,176,160,154,156,161,166,182,197,204,194,181,170,166,168,173,179,179,176,175,178,185,191,196,196,194,186,175,163,156,151,154,167,179,182,176,171,168,163,160,157,155,153,153,153,151,150,148,148,150,152,153,153,152,152,151,151,152,154,156,158
157,156,154,150,145,143,144,146,149,150,151,155,162,170,168,155,138,127,122,124,130,138,144,147,149,151,152,153,154,154,156,158,160,162,164,166,170,177,182,186,184,179,169,157,147,141,141,146,154,163,171,179,182,178,168,158,150,148,153,160,166,169,170,170,171,177,186,195,198,197,195,194,193,191,190,181,163,137,110,87,69,58,60,73,78,90,100,116,109,104,95,94,93,94,90,73,67,64,65,64,64,67,60,56,62,65,67,56,59,65,76,79,73,67,65,68,70,73,82,100,119,129,122,105,83,68,56,50,49,65,95,136,168,187,194,199,204,206,198,181,164,154,155,160,164,170,185,199,205,194,180,170,166,167,173,178,178,175,175,179,185,191,195,196,193,185,174,163,156,151,152,164,176,181,177,171,167,163,159,156,154,153,152,153,152,150,148,148,149,151,152,153,152,151,151,151,152,153,155,156
158,157,154,150,145,143,144,147,149,150,151,156,164,171,167,153,137,127,122,125,131,139,145,149,150,152,152,153,154,155,156,158,160,162,163,165,169,176,182,187,187,181,170,158,148,142,141,145,153,162,171,179,183,181,173,162,153,149,151,157,163,167,171,173,172,173,178,187,194,198,197,196,195,194,193,191,187,174,155,130,105,81,66,67,66,77,83,101,103,104,100,93,97,98,102,87,77,68,63,60,63,66,61,54,56,56,59,52,58,64,80,84,78,69,69,77,78,78,86,99,112,111,101,81,62,50,47,54,74,107,145,174,191,196,200,205,207,202,186,169,157,154,158,162,168,173,187,201,205,194,179,170,166,167,172,176,177,175,176,180,185,189,194,196,193,184,173,163,156,151,151,160,173,181,179,171,167,162,159,157,154,153,152,153,152,151,149,149,149,151,151,152,152,152,151,152,152,153,154,154
159,158,154,150,145,143,144,147,149,151,153,159,167,173,167,151,135,126,123,126,132,141,147,150,151,152,152,153,154,155,156,158,160,162,163,165,168,174,182,188,188,182,171,159,149,144,141,144,151,161,171,179,184,183,176,167,157,150,150,155,161,166,171,175,176,175,174,179,187,193,198,198,198,197,195,193,191,190,186,172,149,123,102,84,68,66,70,86,94,98,95,85,93,98,111,103,93,75,62,57,63,68,64,58,61,62,66,57,65,67,84,86,85,81,85,94,94,87,85,87,90,85,77,63,50,47,62,89,123,157,182,195,199,202,206,208,203,191,175,162,158,157,160,165,170,176,190,203,206,194,180,171,167,167,172,175,177,176,177,180,184,188,193,196,193,185,173,163,157,152,151,157,171,180,180,172,167,163,159,157,154,153,152,152,152,151,150,149,149,150,151,151,152,152,152,152,152,153,153,154
159,158,154,150,145,143,145,147,150,152,155,162,171,174,166,149,134,125,123,126,134,142,148,152,153,153,153,153,154,155,156,158,159,161,163,165,168,173,180,187,189,183,172,160,150,145,142,144,150,161,171,180,184,183,178,170,160,152,150,153,159,164,169,175,178,178,176,175,178,184,192,197,199,199,198,196,194,192,192,190,182,166,147,122,101,83,72,70,77,85,87,78,84,89,102,96,91,81,72,67,64,64,66,70,77,77,79,72,76,77,86,91,92,95,99,96,90,76,71,65,62,61,57,55,59,79,109,143,172,190,198,201,204,207,209,206,194,179,167,162,160,160,163,168,173,179,193,205,207,194,180,171,168,168,171,174,177,176,178,180,183,186,192,196,194,185,173,164,157,153,151,155,168,178,181,174,168,164,160,157,155,153,152,152,151,151,150,150,150,150,151,151,152,152,153,153,153,154,154,154
160,159,154,149,145,144,145,148,150,153,156,164,173,173,164,146,132,125,123,127,135,144,150,153,153,153,153,153,154,155,156,157,159,161,163,165,167,171,178,185,189,185,174,162,152,146,142,144,150,160,171,179,184,184,179,171,162,154,150,151,157,162,168,173,177,179,179,178,176,176,182,190,198,200,200,199,196,194,193,192,191,189,181,165,144,124,105,92,83,78,73,64,70,79,90,87,87,83,80,74,69,65,69,81,94,93,91,85,86,84,86,90,89,87,83,75,70,60,54,48,46,54,66,84,104,131,162,185,197,200,202,205,209,211,208,197,183,170,166,164,162,162,165,170,174,182,196,207,207,194,180,172,168,167,170,174,176,176,178,179,182,186,192,197,195,185,174,164,158,153,151,153,163,176,181,176,169,164,161,157,155,153,152,152,151,151,151,151,151,151,151,151,152,152,153,154,154,154,154,154
160,159,154,149,145,143,145,148,151,153,158,165,173,172,161,144,131,124,124,129,137,145,151,153,153,153,153,153,154,155,156,157,158,161,163,165,167,171,178,185,189,186,177,164,154,147,143,144,150,160,170,179,184,184,180,173,164,156,151,151,155,160,165,170,174,177,179,181,180,177,176,181,189,196,200,200,198,196,194,193,193,193,192,189,182,168,150,131,118,109,95,78,70,72,77,76,76,78,76,75,70,69,74,89,101,97,90,82,81,81,79,80,76,72,62,50,43,38,42,52,70,92,114,137,160,182,197,202,203,204,207,210,212,210,201,187,174,169,168,165,163,162,166,170,176,185,198,209,207,194,181,173,169,167,169,174,176,176,176,177,181,185,193,197,195,185,173,164,158,154,151,152,160,174,180,178,170,165,161,158,155,154,152,152,152,152,152,152,152,152,152,151,152,152,153,154,155,155,155,154
160,159,154,149,145,143,144,147,151,154,159,167,174,171,159,142,130,124,124,130,138,146,151,153,153,154,154,154,154,155,156,157,158,161,163,166,168,171,178,185,190,188,179,167,156,148,143,144,150,160,170,179,185,186,182,175,167,159,153,151,153,158,163,167,173,177,178,181,184,184,180,178,180,187,194,199,200,198,197,195,195,195,195,194,192,190,186,176,163,149,133,120,109,105,100,93,84,77,67,70,71,74,74,82,91,85,75,64,63,65,68,66,59,49,42,39,48,62,82,103,125,147,169,187,199,204,205,206,206,209,211,213,211,203,190,177,173,172,171,166,164,163,166,170,177,187,200,210,207,195,182,174,169,167,169,173,175,174,173,175,181,186,193,197,194,185,173,164,158,154,152,151,158,171,180,180,171,166,162,158,156,154,152,152,152,152,152,152,152,152,152,152,152,153,154,154,155,155,155,154
161,159,154,149,145,142,144,147,151,155,161,169,174,170,157,141,130,124,125,131,140,147,151,153,153,154,154,154,154,155,156,157,158,160,163,166,169,171,177,184,190,189,181,169,157,150,144,145,150,159,170,179,185,187,184,177,169,160,155,152,153,157,161,166,170,175,178,180,183,188,187,183,179,179,185,191,197,200,199,197,197,198,198,197,195,194,194,193,192,188,179,166,154,146,137,130,120,110,96,95,93,93,85,86,83,75,62,51,49,51,57,58,61,64,73,83,99,118,139,162,184,198,205,206,207,208,209,209,210,212,213,211,201,190,180,176,175,175,170,166,164,164,167,170,177,188,201,210,207,196,183,174,169,166,168,172,173,172,170,174,180,187,193,196,194,184,173,164,159,154,152,151,156,168,178,180,174,166,162,159,156,154,153,152,153,153,152,152,153,153,152,152,152,153,154,155,155,155,155,155
161,159,154,149,145,142,143,147,151,156,163,172,175,169,155,140,130,125,126,133,141,148,152,153,154,154,155,155,155,155,156,157,158,161,163,166,168,170,175,183,190,190,182,171,160,152,146,145,149,159,169,178,186,188,186,178,171,162,156,153,154,157,161,164,168,173,177,179,181,185,189,189,185,181,180,182,187,192,197,199,200,201,201,200,198,197,196,196,196,196,196,195,193,188,180,171,163,154,142,135,130,128,122,121,114,106,95,90,87,90,96,104,111,119,130,143,160,179,196,207,211,211,209,208,209,209,211,212,213,214,209,200,188,181,179,180,179,175,170,167,165,165,167,171,178,187,200,209,208,197,184,175,169,167,168,171,171,169,168,172,180,187,193,196,194,185,174,165,160,155,152,151,154,163,175,180,176,168,163,160,157,155,153,152,152,152,152,152,153,153,153,153,153,154,155,155,156,156,156,156
161,159,153,148,144,143,144,147,152,158,166,174,176,169,154,140,130,126,128,135,143,150,153,154,155,156,157,157,155,155,155,157,158,160,163,166,168,170,174,181,189,191,185,174,163,155,148,146,149,158,168,178,186,189,187,181,172,164,157,154,155,157,160,162,165,170,174,177,178,181,186,190,191,189,185,181,180,182,186,193,199,202,202,201,201,200,199,199,199,199,198,198,199,198,198,198,198,195,190,183,175,169,164,164,158,152,146,144,143,144,149,156,167,179,192,202,210,213,214,214,214,212,211,210,212,212,213,213,212,207,198,187,180,181,183,183,179,174,170,167,166,165,167,171,177,186,198,208,208,198,184,175,169,166,167,169,168,166,166,172,180,187,193,196,194,185,174,165,160,155,152,151,152,159,171,179,178,170,164,161,158,155,153,152,152,152,152,152,153,153,154,154,154,154,155,156,156,157,157,157
161,159,153,148,144,143,145,149,153,160,167,175,176,168,154,141,131,127,129,136,145,151,154,155,156,158,159,159,157,156,155,157,158,160,163,165,168,170,174,181,189,192,187,176,166,157,150,147,149,157,167,177,185,189,188,182,175,166,159,156,156,158,160,162,164,168,172,174,175,177,181,185,190,193,193,188,181,179,179,183,188,195,199,201,201,201,201,201,201,201,200,200,200,200,200,201,201,201,199,198,196,195,197,199,199,196,195,195,195,198,201,205,209,213,216,215,216,215,215,215,215,214,214,214,214,214,213,209,202,194,186,183,184,187,187,183,179,174,171,168,167,166,168,172,177,185,198,208,208,198,185,175,169,166,167,168,167,164,165,171,180,187,193,196,194,184,174,165,160,156,152,151,151,156,168,178,180,173,166,162,158,155,154,152,152,152,152,153,154,154,154,155,154,155,155,156,157,158,158,159
161,159,153,147,144,143,146,150,155,161,169,177,176,168,154,141,131,127,130,138,146,152,155,156,157,159,161,161,159,157,155,156,157,159,162,165,168,171,174,181,189,192,188,178,167,159,151,148,149,157,166,175,183,188,188,184,177,169,162,158,157,159,161,163,164,167,170,172,173,175,178,182,187,192,195,196,191,185,181,180,181,184,187,192,196,199,201,202,202,202,201,201,202,202,203,203,203,203,203,202,200,200,201,203,203,202,202,201,203,205,207,210,213,215,217,216,217,217,217,216,217,216,217,216,215,211,203,196,189,185,183,187,191,192,188,182,178,173,170,168,166,166,167,171,177,185,198,208,209,199,185,176,169,166,166,167,165,163,165,172,180,187,192,196,194,184,173,165,161,156,153,151,150,154,165,177,181,176,167,163,159,156,154,153,153,152,153,154,155,155,155,155,155,155,156,156,157,158,159,159
162,159,153,148,144,144,146,151,157,163,171,178,177,168,154,141,132,128,131,139,147,153,156,156,157,159,162,163,162,158,155,155,157,159,161,164,168,171,175,181,188,192,189,180,169,161,152,148,149,156,165,173,181,187,189,186,179,172,165,161,159,159,162,164,166,167,170,171,173,174,176,178,182,187,193,196,197,195,191,187,182,180,180,182,184,188,192,198,201,203,202,202,203,204,205,205,205,205,206,205,203,203,203,206,206,204,204,203,205,206,208,211,214,216,217,217,219,218,218,218,218,218,217,213,206,198,191,186,183,187,191,197,197,194,187,181,177,173,170,167,166,166,168,172,177,185,198,208,209,199,185,176,170,167,166,166,164,162,165,171,179,185,191,196,194,185,174,166,161,157,153,151,151,153,161,174,180,178,169,164,160,157,155,154,153,153,154,154,155,155,155,155,155,156,156,157,157,158,158,158
162,160,153,148,145,145,147,152,158,165,173,180,178,168,153,141,132,129,132,140,149,155,157,157,157,160,162,165,163,160,156,155,156,159,161,164,167,171,175,180,188,192,190,181,172,163,154,149,149,156,164,172,180,186,190,188,181,174,168,164,161,161,163,166,167,168,170,171,172,172,173,175,177,182,187,192,195,196,198,197,192,185,179,177,178,180,183,186,189,193,196,200,202,204,205,206,206,206,207,208,206,206,205,207,207,206,207,205,207,208,209,212,214,216,217,218,219,218,217,217,214,210,205,202,197,192,184,183,185,194,198,201,198,192,185,179,176,173,170,167,166,167,169,172,177,186,198,207,208,199,185,176,170,167,166,165,163,162,164,169,177,184,191,196,194,185,174,166,162,158,154,152,151,153,158,171,179,180,172,166,161,158,156,154,154,153,154,154,155,155,156,156,156,156,156,157,157,158,157,157
162,160,153,148,146,145,148,153,159,167,175,181,178,168,153,141,133,130,134,142,151,156,158,158,158,160,163,166,165,162,157,155,156,158,161,164,167,170,174,180,187,193,192,184,174,165,157,150,150,156,164,171,179,186,190,189,183,177,171,166,163,162,164,167,168,169,169,170,171,171,171,172,173,177,181,185,190,194,197,198,197,194,188,183,179,177,177,179,181,184,185,187,189,192,195,198,200,203,205,207,206,208,206,208,208,208,209,207,209,209,210,212,212,214,214,215,214,210,206,204,201,200,198,198,194,190,186,187,191,198,203,204,199,191,183,179,176,173,170,168,166,167,170,174,178,186,197,207,208,198,185,176,170,167,166,165,163,162,164,168,175,183,191,196,193,184,174,167,163,159,155,152,151,152,156,168,178,182,175,168,163,159,157,155,155,154,154,154,155,156,156,156,157,157,157,157,158,158,158,158
162,160,153,149,146,146,149,154,161,168,176,182,178,167,153,142,133,131,136,145,153,158,159,158,158,160,163,165,165,163,159,156,156,158,161,164,166,170,173,179,187,194,193,185,176,168,159,153,151,157,164,171,179,186,190,190,186,180,174,168,164,164,165,167,169,169,169,169,170,171,170,170,171,174,176,180,185,190,194,197,199,198,194,191,187,184,181,178,178,178,179,181,183,185,185,185,186,188,191,193,195,197,198,198,200,200,202,201,202,203,202,202,199,199,199,199,198,197,195,196,196,197,198,202,199,195,188,188,192,200,204,203,196,188,182,178,176,173,170,167,166,168,171,174,179,185,196,206,207,198,185,176,171,168,166,164,162,161,163,167,174,182,191,196,193,184,174,167,164,159,155,152,151,152,154,164,177,182,178,169,164,160,158,156,155,154,154,154,154,155,156,156,157,157,157,157,158,159,159,159
161,159,153,149,147,147,150,156,163,170,178,182,178,167,153,142,134,132,137,147,155,159,160,159,159,160,162,165,165,164,160,157,156,158,161,164,166,169,172,178,186,194,194,186,177,169,161,155,153,157,165,171,177,184,189,190,187,182,177,171,167,165,165,167,170,170,170,170,170,172,171,171,171,173,175,178,181,186,191,195,199,200,197,194,191,188,186,184,184,182,181,181,182,182,182,181,182,183,184,184,186,187,188,187,189,189,190,189,190,192,191,192,191,192,192,194,195,194,195,197,201,207,211,210,200,191,184,187,194,201,204,201,193,185,181,178,176,172,169,167,166,168,171,175,179,185,196,205,206,198,185,176,171,168,166,164,162,161,163,166,172,181,190,195,192,184,174,168,165,160,156,153,151,151,153,161,174,182,180,171,165,161,159,157,156,155,155,155,155,155,156,157,157,158,158,158,158,159,159,159
161,159,154,150,147,148,152,158,165,172,178,182,177,167,154,143,135,133,138,148,156,160,161,160,160,161,162,164,165,164,162,159,157,158,161,164,166,168,172,178,186,194,195,188,179,172,164,157,154,158,165,171,176,183,188,190,187,182,179,174,170,167,167,168,171,172,172,172,172,172,172,171,171,172,174,176,178,182,187,192,197,199,199,197,195,192,189,187,186,187,188,190,191,191,191,189,188,186,184,183,184,184,185,184,185,185,186,187,189,190,190,191,191,192,193,196,199,202,206,210,215,217,215,207,195,186,183,188,195,202,202,197,189,182,179,177,174,171,168,167,167,170,172,175,178,184,194,204,206,198,185,176,171,169,166,164,163,161,162,165,171,180,190,195,193,184,175,169,166,161,157,153,151,151,152,159,171,181,182,174,166,162,159,158,157,156,155,155,156,156,157,157,158,158,158,158,159,159,159,159
160,159,154,150,148,149,153,160,167,173,179,182,177,167,155,144,136,134,140,149,157,160,160,160,160,161,162,164,164,164,163,161,159,159,162,164,166,168,172,177,186,194,195,190,181,174,166,159,155,159,165,170,175,181,187,189,187,183,180,177,174,170,169,169,171,173,174,174,174,174,173,172,171,172,174,175,177,180,183,189,194,198,199,199,197,194,190,187,187,189,191,193,194,196,198,200,200,200,197,195,193,192,192,191,191,191,192,193,195,196,197,199,202,205,208,211,214,216,218,219,220,218,211,200,189,183,183,188,195,201,200,194,186,181,178,176,173,170,168,168,169,171,172,174,176,182,191,202,205,198,186,177,172,169,166,164,162,161,162,164,169,178,189,196,193,184,175,169,166,162,157,154,152,152,153,158,168,180,183,177,168,163,160,159,158,157,157,157,158,158,158,157,158,159,159,159,159,159,159,159
160,159,154,151,149,150,155,162,169,175,181,182,178,167,155,144,137,136,142,151,158,160,160,160,160,161,163,165,165,165,164,163,161,161,163,165,167,168,171,177,185,194,196,192,184,176,168,160,157,159,165,170,173,179,185,189,189,184,181,179,177,174,172,172,173,174,175,175,176,176,176,174,173,174,175,177,178,179,181,185,191,195,198,199,199,197,193,190,189,191,193,193,193,194,197,200,202,202,202,202,201,200,200,201,201,202,202,203,204,206,207,209,210,213,214,216,218,220,221,221,219,213,203,192,184,180,182,188,195,200,198,191,185,181,178,175,172,170,169,169,170,172,173,174,175,180,189,201,205,198,187,178,173,169,166,164,162,161,162,163,169,178,190,196,193,183,174,169,166,162,158,154,153,152,153,157,165,178,183,180,170,164,161,160,159,158,158,158,158,158,158,158,159,159,160,160,159,159,159,159
161,159,155,152,150,151,156,163,170,177,182,183,178,167,155,144,137,138,145,154,159,160,160,160,161,162,164,166,166,165,164,164,163,163,164,166,167,168,171,176,184,193,197,193,185,177,170,162,158,161,166,170,173,177,184,190,191,187,182,180,178,176,174,173,173,174,175,176,177,178,179,178,177,177,178,179,180,180,180,183,188,193,196,198,200,199,196,192,191,192,193,193,193,193,195,197,198,200,200,201,201,201,202,203,204,205,204,205,205,206,208,210,212,215,217,218,219,220,221,220,216,207,196,186,180,179,182,189,196,200,197,190,184,181,178,175,172,171,170,170,171,172,173,174,175,179,188,200,205,199,188,179,174,170,166,163,162,161,161,162,167,177,189,196,193,183,174,169,166,162,158,155,153,153,153,155,161,174,182,181,173,166,163,161,160,159,159,159,159,159,158,158,159,160,160,160,159,159,159,160
161,160,156,153,150,152,156,163,171,178,183,182,177,167,155,145,139,140,148,156,161,161,161,161,162,163,165,167,166,165,164,164,164,164,165,166,167,168,170,176,184,193,197,194,186,178,171,164,161,163,168,171,173,177,183,190,192,189,184,181,179,178,176,175,175,176,176,176,176,178,180,182,182,181,181,182,182,182,181,181,185,190,195,198,200,200,198,194,193,193,194,194,194,194,194,195,196,197,198,199,201,203,204,204,205,205,206,206,206,208,209,212,214,217,219,219,220,220,219,216,209,200,190,183,180,180,185,191,198,201,197,190,184,181,178,175,173,172,171,172,172,173,174,175,176,179,188,199,205,199,188,179,175,170,166,163,161,161,161,162,166,176,188,196,193,184,174,169,166,163,159,156,153,153,153,155,159,170,180,182,176,168,164,162,161,160,160,160,159,159,159,159,159,160,160,161,160,160,159,160
162,161,157,154,151,152,156,163,171,179,184,182,176,166,156,146,140,142,150,158,162,161,160,161,162,164,165,166,166,165,164,164,164,164,166,167,167,168,170,175,183,191,196,194,187,180,174,167,163,164,169,172,173,176,182,189,193,191,186,182,180,178,177,176,176,177,178,178,178,179,182,184,184,183,182,182,182,182,182,182,185,189,193,196,199,201,200,197,195,195,195,194,195,196,197,197,196,196,197,198,199,201,203,204,204,205,206,207,209,210,211,213,215,217,219,219,219,218,215,209,202,193,186,182,181,183,188,194,200,201,197,191,186,182,179,175,174,172,172,172,172,173,175,175,176,179,187,198,204,198,188,179,175,170,166,163,161,161,161,162,166,175,188,197,194,185,176,171,166,163,160,157,155,154,153,154,157,166,179,183,179,170,166,164,163,162,161,160,160,160,160,160,160,160,160,161,160,160,160,160
162,161,158,154,152,153,157,163,171,179,184,182,175,165,156,146,141,144,153,160,163,162,161,162,163,165,166,167,167,166,165,165,165,166,167,168,168,169,171,175,182,190,196,195,189,182,177,169,166,166,171,173,174,177,182,189,194,192,188,184,182,180,179,178,179,179,180,180,179,180,182,184,185,185,183,182,182,182,183,184,186,188,191,194,197,200,200,199,198,198,197,196,197,198,198,197,196,196,197,197,198,200,202,203,204,205,206,208,209,211,213,214,215,216,217,217,217,214,210,204,197,189,185,183,183,185,190,196,200,200,195,190,186,182,180,175,174,172,172,172,173,174,175,175,176,179,186,197,203,198,188,179,174,171,167,163,162,161,161,161,164,174,187,197,195,187,178,172,168,165,162,159,156,154,154,154,156,163,176,184,182,172,167,165,164,163,162,161,161,161,161,161,160,161,161,160,160,160,160,160
162,161,158,155,153,153,157,163,171,179,184,182,175,166,156,147,142,145,153,161,163,162,160,162,163,166,166,167,167,166,165,165,166,166,167,168,169,169,171,175,181,188,195,195,190,183,178,170,167,166,171,174,174,176,181,189,194,193,188,184,181,180,179,179,179,180,180,180,181,182,183,185,186,185,183,181,180,181,183,185,186,188,190,194,197,200,201,201,200,199,197,196,196,198,200,198,197,197,197,197,197,198,200,202,204,204,206,207,209,211,213,214,215,215,216,217,216,212,208,201,195,188,184,183,183,185,190,196,200,199,195,190,187,183,179,175,174,172,172,172,173,174,176,175,175,178,186,197,202,198,187,178,174,171,167,164,162,162,162,162,165,174,188,197,195,187,178,173,168,165,162,159,157,155,154,154,156,162,175,184,183,174,167,166,165,164,163,162,161,161,161,161,161,161,161,161,160,160,160,160
