199,199,200,200,200,200,200,200,201,201,201,201,201,201,202,202,202,202,202,202,203,203,203,203,204,204,204,204,204,205,204,204,204,204,205,205,205,205,206,206,206,206,206,206,207,207,207,207,207,207,207,208,208,208,207,207,207,207,207,207,207,207,207,207,207,206,206,206,206,206,206,206,205,205,205,204,204,204,203,203,203,203,203,203,203,202,202,202,202,202,201,201,201,201,201,201,201,201,200,200,201,201,201,200,200,200,201,201,201,201,201,200,201,201,201,202,203,203,203,203,203,203,204,204,204,204,204,204,205,205,206,206,206,206,206,206,206,206,207,207,208,208,209,209,209,209,209,210,210,210,210,209,209,210,210,210,210,211,210,210,210,210,210,210,210,210,210,210,211,211,211,210,210,210,210,210,210,210,210,210,210,210,210,210,210,210,211,211,210,210,211,211,211,210,211,211,211,211,211,211
199,199,200,200,200,200,200,200,201,201,201,201,201,202,202,202,202,202,203,203,203,203,203,203,204,204,204,204,205,205,204,204,204,204,205,205,205,206,206,206,206,206,206,206,207,207,207,207,207,207,207,207,208,208,207,207,207,207,207,207,207,207,207,207,207,206,206,206,206,206,206,206,205,205,205,204,204,203,203,203,203,203,203,202,202,202,202,202,201,201,201,201,201,201,201,201,201,200,200,200,200,200,200,200,200,200,200,201,201,201,200,200,201,201,201,202,202,203,203,202,203,203,203,204,204,204,204,204,205,205,206,206,206,206,206,206,206,206,207,207,208,208,209,209,209,209,209,210,210,210,210,209,209,210,210,210,210,211,210,210,210,210,210,210,210,210,210,210,211,211,211,210,210,210,211,210,210,210,211,211,211,211,210,210,210,211,211,211,210,211,211,211,211,211,211,211,211,211,211,211
199,199,200,199,200,200,200,201,201,201,201,201,201,202,202,202,203,203,203,203,203,203,203,204,204,204,204,204,205,205,205,204,204,205,205,206,206,206,206,206,206,206,206,206,207,207,207,207,207,207,208,208,208,208,208,207,207,207,207,207,207,207,207,207,207,206,206,206,206,206,206,205,205,205,204,204,203,203,203,203,203,203,203,202,202,202,201,201,201,201,201,200,200,200,200,200,200,200,200,200,200,200,200,200,200,200,200,201,201,200,200,200,200,200,201,201,202,202,202,202,203,203,203,204,204,204,204,204,204,205,205,206,206,206,206,206,206,206,207,207,208,209,209,209,209,209,209,210,210,210,210,210,209,210,210,210,210,210,210,210,210,210,210,210,211,210,210,210,211,211,211,211,211,210,211,211,211,211,211,211,211,211,211,211,211,211,211,211,211,211,211,211,211,211,211,211,211,211,211,211
200,200,200,199,200,200,200,200,201,201,201,201,201,202,202,202,203,203,203,203,203,204,204,204,204,204,204,204,205,205,205,205,205,205,205,206,206,206,206,206,206,206,206,206,207,207,207,207,207,207,208,208,208,208,208,208,207,207,207,207,207,207,207,207,207,206,206,206,206,205,205,205,204,204,204,203,203,203,203,202,202,202,202,202,202,202,201,201,201,200,200,200,199,199,199,199,199,200,199,199,199,199,199,199,199,199,200,200,200,200,200,200,200,200,201,201,202,202,202,202,202,203,203,203,203,204,204,204,204,204,205,205,205,205,206,206,206,206,207,207,208,209,209,209,209,209,210,210,210,210,210,210,210,210,210,210,210,210,210,210,210,211,211,211,211,211,211,211,211,211,211,211,211,211,211,211,211,211,211,211,211,211,211,211,211,211,211,211,211,211,211,211,211,211,211,211,211,211,211,211
200,200,200,199,200,199,200,200,201,201,201,201,201,201,202,202,203,203,203,203,203,203,204,204,205,205,205,205,205,205,205,205,205,205,205,206,206,206,206,206,206,206,206,207,207,207,207,207,207,207,208,208,208,208,208,208,208,208,207,207,207,207,207,207,207,206,206,206,205,205,205,205,204,204,203,203,203,203,202,202,202,202,202,202,202,201,201,201,200,200,200,199,199,199,199,199,199,199,199,199,198,199,199,199,198,199,199,199,199,200,200,200,200,200,200,200,201,202,202,202,202,203,203,203,203,203,204,204,204,204,205,205,205,205,206,206,206,206,207,207,207,209,209,209,209,210,210,210,210,210,210,210,210,210,210,210,211,211,211,211,211,211,211,211,211,211,211,211,211,211,211,211,211,211,211,211,211,211,211,211,211,212,212,212,211,211,211,211,211,211,211,211,211,211,211,211,211,211,211,211
200,200,199,199,199,199,200,200,200,201,201,201,201,202,202,202,203,203,203,203,203,203,204,204,205,205,205,205,205,205,205,205,205,205,205,206,206,206,206,206,206,206,207,207,207,207,207,207,207,207,207,208,208,208,208,208,208,208,207,207,207,207,207,207,206,206,206,205,205,205,205,204,204,204,203,203,203,203,202,202,201,201,201,201,201,201,201,200,200,199,199,199,199,199,199,199,199,199,198,198,198,198,198,198,198,198,198,199,199,199,199,199,200,200,200,200,200,201,202,202,202,202,202,202,203,203,203,203,204,204,205,205,205,205,206,206,206,206,207,207,207,209,209,209,209,210,210,210,210,210,210,210,210,210,211,211,211,211,211,211,211,211,211,211,211,211,211,211,211,211,211,211,211,211,211,211,211,211,211,211,212,212,212,212,212,212,212,212,212,212,212,211,211,211,211,211,211,211,212,211
200,199,199,200,200,200,200,200,200,200,200,201,201,202,202,203,203,203,203,203,203,203,204,204,205,205,205,205,205,205,205,205,205,206,206,206,206,206,206,206,206,207,207,207,207,207,207,208,208,208,208,208,208,208,208,208,208,208,208,208,208,208,207,207,206,206,205,205,205,205,204,204,204,204,203,203,203,203,202,201,201,201,201,201,201,201,200,199,199,199,199,199,198,198,198,198,198,198,198,197,197,197,198,198,198,198,198,198,198,198,198,199,199,199,200,200,200,201,201,202,202,202,202,202,202,202,203,203,203,204,205,205,205,205,206,206,206,206,207,207,207,208,209,209,209,210,210,210,210,210,210,210,210,211,211,211,211,211,211,211,211,212,212,212,211,211,211,211,211,211,211,211,211,211,211,211,212,212,212,212,212,212,212,212,212,212,212,212,212,212,212,212,211,211,211,211,211,212,212,212
200,200,199,199,200,200,200,200,200,200,200,201,201,202,202,203,203,203,203,203,203,204,204,204,205,205,205,205,205,205,205,206,206,206,206,206,206,206,206,206,207,207,207,207,207,207,207,208,208,208,208,208,208,208,208,208,208,208,208,208,208,207,207,207,206,206,205,205,205,205,204,204,204,203,203,203,203,202,202,201,201,201,201,201,201,200,200,199,199,199,198,198,198,198,198,198,197,196,196,196,197,196,196,196,197,197,197,197,197,198,198,198,199,199,199,199,199,200,201,201,201,201,201,201,202,202,202,203,203,204,204,205,205,205,205,206,206,206,206,207,207,208,209,209,209,210,210,210,211,211,210,210,210,211,211,211,211,211,211,211,211,212,212,212,211,211,211,211,211,211,211,211,211,211,211,212,212,211,211,211,212,212,212,212,212,212,212,212,212,212,212,212,211,211,211,211,211,212,212,212
199,199,199,199,200,200,200,200,200,200,200,201,201,201,202,203,203,203,203,203,203,203,204,204,205,205,205,205,205,205,205,206,206,206,206,206,206,206,206,207,207,207,207,207,207,207,208,208,208,208,208,208,208,208,208,208,208,208,208,208,208,207,207,207,206,206,205,205,205,204,204,204,203,203,203,203,203,202,202,201,201,200,200,200,200,200,199,199,198,198,198,198,198,198,195,192,192,191,186,186,186,184,183,182,182,183,186,194,195,197,197,198,198,199,199,199,199,199,200,200,201,201,201,201,202,202,202,202,203,204,204,204,205,205,205,206,206,206,206,207,207,208,208,209,209,210,210,210,211,211,211,211,211,211,211,211,211,211,211,211,212,212,212,212,211,211,211,211,211,211,212,212,212,211,212,212,212,212,211,211,212,212,212,212,212,212,212,212,212,212,212,212,211,211,211,211,212,212,212,212
199,199,199,199,200,200,200,200,200,200,201,201,201,201,202,202,202,203,203,203,203,203,204,204,204,205,205,205,205,205,205,206,206,206,206,206,206,207,207,207,207,207,207,207,207,207,208,208,208,208,208,208,208,208,208,208,208,208,208,207,207,207,207,206,206,206,205,205,205,204,204,203,203,203,203,203,202,202,201,201,200,200,200,200,200,199,199,198,198,198,198,197,195,192,188,179,158,154,141,136,135,134,130,130,132,143,146,163,179,187,192,194,197,197,198,198,199,199,200,200,200,201,201,201,201,202,202,202,202,203,203,204,204,205,205,205,206,206,206,207,207,207,208,209,209,210,210,210,211,211,211,211,211,211,211,211,211,211,211,211,212,212,212,212,211,211,211,212,212,212,212,212,212,212,212,212,212,212,212,212,212,212,212,212,212,212,212,212,212,212,212,212,212,212,212,212,212,212,212,212
199,199,199,199,200,200,200,200,200,200,201,201,201,201,202,202,202,202,203,203,203,203,204,204,204,204,205,205,205,205,206,206,206,206,206,207,207,207,207,207,207,207,207,207,208,208,208,208,208,208,208,208,208,208,208,208,208,207,207,207,207,207,207,206,206,206,205,205,204,204,203,203,203,203,202,202,202,201,201,200,200,200,199,199,199,199,198,198,198,197,193,185,163,148,129,114,112,111,112,112,112,109,107,105,105,105,108,112,120,126,139,160,180,190,196,197,198,198,199,200,200,200,200,200,200,201,201,202,202,203,203,203,203,204,205,205,205,206,206,207,207,207,208,209,209,209,210,210,211,211,211,211,211,211,211,211,211,211,211,211,212,212,212,212,211,212,212,212,212,212,212,212,212,212,212,212,212,212,212,212,212,212,212,212,212,212,212,212,212,212,212,212,212,212,212,212,212,213,213,213
199,199,199,199,200,200,200,200,200,200,201,201,201,202,202,202,202,202,203,203,203,203,204,204,204,204,205,205,205,205,206,206,206,206,206,207,207,207,207,207,207,208,208,208,208,208,208,208,207,208,208,208,208,208,208,208,208,207,207,207,207,207,206,206,205,205,205,204,203,203,203,203,203,202,202,202,201,201,200,200,200,199,199,199,199,198,198,197,188,180,152,123,107,103,101,98,97,93,90,90,91,91,92,93,95,95,97,102,102,108,114,117,124,135,159,181,194,198,198,199,199,200,200,200,200,201,201,201,202,202,203,203,203,204,205,205,205,205,205,206,207,207,208,208,209,209,210,210,211,211,211,211,211,211,211,211,211,212,212,212,212,212,212,212,212,212,212,212,212,212,212,212,212,212,212,212,212,212,212,212,212,212,212,212,212,212,212,212,212,213,212,212,212,212,212,212,212,213,213,213
199,199,199,199,200,200,200,200,200,200,201,201,201,202,202,202,202,202,203,203,203,204,204,204,204,204,205,205,205,205,206,206,206,206,206,207,207,207,207,207,208,208,208,208,208,208,208,208,208,208,208,208,208,208,208,208,207,207,207,207,207,207,206,205,205,205,204,203,203,203,203,203,202,202,201,201,201,200,200,200,200,199,199,199,197,197,195,176,140,117,100,97,95,90,86,80,76,75,74,73,71,71,73,74,75,76,79,87,90,95,101,104,106,112,119,125,143,174,192,198,199,199,200,200,200,200,201,201,201,202,202,202,203,204,204,205,205,205,205,206,207,207,208,208,209,209,210,210,211,211,211,211,211,211,211,212,212,212,212,212,212,212,212,213,213,213,212,212,212,213,213,212,212,212,212,212,212,212,212,212,212,212,212,212,213,212,212,213,213,213,213,212,212,212,212,212,213,213,213,213
199,199,199,199,200,200,200,200,200,200,200,201,201,201,202,202,202,202,203,203,203,203,204,204,204,204,205,205,205,205,206,206,206,206,206,206,207,207,207,207,207,208,208,208,208,208,208,208,208,208,208,208,208,208,208,208,207,207,207,207,207,206,205,205,205,204,203,203,203,202,202,202,202,201,201,201,200,200,200,200,199,199,198,197,195,182,137,111,101,97,90,89,85,78,74,70,69,65,65,63,63,63,63,62,61,61,63,65,68,72,80,85,95,102,108,111,119,127,145,178,198,199,199,199,200,200,200,200,201,201,201,202,202,203,204,204,205,205,205,205,206,207,207,208,208,209,210,210,211,211,211,211,211,211,211,212,212,212,212,212,212,212,212,213,213,213,212,212,212,213,213,212,212,213,213,213,213,213,212,212,212,212,213,213,213,213,213,213,213,213,213,213,212,212,212,212,213,213,213,213
199,199,199,200,200,200,200,200,200,200,200,201,201,201,201,202,202,202,203,203,203,203,204,204,204,204,204,205,205,205,206,206,206,206,206,206,207,207,207,207,207,207,208,208,208,208,208,208,208,208,208,208,208,208,208,207,207,207,207,207,206,205,205,205,204,204,203,203,203,202,202,202,201,200,200,200,200,200,200,200,199,198,198,192,156,113,99,91,86,83,78,75,69,65,61,60,60,60,60,60,60,61,61,61,61,61,62,63,63,63,66,69,74,79,87,95,104,111,119,126,151,188,197,198,199,199,200,200,201,201,201,202,202,203,203,203,204,204,205,205,206,206,207,208,208,209,209,210,211,211,211,211,211,211,212,212,212,212,212,212,212,213,213,213,213,213,212,212,212,213,213,213,213,213,213,213,213,213,213,213,213,213,213,213,213,213,213,213,213,213,213,213,212,212,212,212,212,213,213,213
199,199,199,200,200,200,200,200,200,200,201,201,201,201,201,202,202,202,202,203,203,203,203,203,204,204,204,205,205,205,206,206,206,206,206,207,207,207,207,207,207,207,208,208,208,208,208,208,208,208,208,208,208,208,208,207,207,207,207,206,206,205,205,204,204,204,203,203,202,202,201,201,200,200,200,200,200,200,199,199,198,198,183,132,105,94,87,82,76,73,69,64,60,58,57,57,57,59,59,60,60,61,61,62,62,62,62,63,62,63,63,66,68,71,74,78,86,100,111,117,124,133,168,194,198,199,200,200,200,201,201,201,202,202,203,203,203,204,205,205,206,206,207,208,208,209,209,210,211,211,211,211,211,211,212,212,212,212,212,212,212,213,213,213,213,213,213,213,213,213,213,213,213,213,213,213,213,213,213,213,213,213,213,213,213,213,213,213,213,213,213,213,213,212,212,212,212,213,213,213
199,199,199,199,200,200,200,200,200,200,201,201,201,201,201,201,202,202,202,203,203,203,203,204,204,204,204,205,205,206,206,206,206,206,206,207,207,207,207,207,208,208,208,208,208,208,208,208,208,208,208,208,208,208,207,207,207,207,206,206,205,205,205,204,204,203,203,202,202,201,201,200,200,200,200,199,199,199,199,198,196,164,116,99,87,80,76,72,68,63,60,59,58,57,56,56,57,58,59,60,61,62,62,63,63,63,63,63,63,63,63,64,66,67,69,70,72,82,94,98,112,119,125,148,183,198,199,200,200,200,200,201,201,202,202,203,203,203,204,205,206,206,206,207,208,209,209,210,210,211,211,211,211,212,212,212,212,212,213,213,213,213,213,213,213,213,213,213,213,213,213,213,213,213,213,213,213,213,213,213,213,213,213,213,213,213,213,213,213,213,213,213,213,213,213,213,213,213,213,213
200,200,199,199,199,199,200,200,200,200,201,201,201,201,201,201,202,202,203,203,203,203,204,204,204,204,204,205,205,205,206,206,206,206,207,207,207,207,207,207,208,208,208,208,208,208,208,208,208,208,208,208,208,208,207,207,207,207,206,206,205,205,204,204,203,203,202,202,201,201,200,200,199,199,199,199,199,199,198,194,143,101,90,80,73,70,66,63,59,57,57,57,57,56,56,57,58,59,60,61,61,62,62,63,63,63,63,63,62,63,63,64,65,67,67,68,69,69,72,80,93,104,113,122,134,174,198,199,200,200,200,200,201,201,202,202,203,203,204,205,205,206,206,207,208,208,209,209,210,210,211,211,212,212,212,212,212,213,213,213,213,213,213,213,213,213,213,213,213,213,213,213,213,213,213,213,213,213,213,213,213,213,213,214,214,213,213,213,213,213,213,213,213,213,213,213,213,213,213,213
200,200,199,199,199,200,200,200,201,201,201,201,201,201,201,201,201,202,202,203,203,204,204,204,204,204,204,205,205,205,206,206,206,206,207,207,207,207,207,207,208,208,208,208,208,208,208,208,208,208,208,208,208,208,208,207,207,207,206,206,205,204,204,204,203,202,202,201,201,200,200,199,199,199,199,199,199,198,184,125,93,85,72,68,64,63,60,57,56,57,57,57,56,56,56,58,59,59,60,61,61,62,62,62,63,63,63,63,62,62,63,64,65,65,67,67,68,69,70,71,76,88,96,106,114,127,155,189,198,199,200,200,200,201,201,202,202,203,203,204,205,205,206,207,207,208,209,209,210,210,211,211,212,212,212,212,213,213,213,213,213,213,213,213,213,213,213,213,213,213,213,213,213,213,213,213,213,213,213,213,213,213,214,214,214,213,213,213,213,213,213,213,213,213,213,213,213,213,213,213
200,200,199,199,200,200,200,200,201,201,201,201,201,201,202,201,201,202,202,203,203,204,204,204,204,204,205,205,205,205,206,206,206,206,207,207,207,207,207,208,208,208,208,208,208,208,208,208,208,208,208,208,208,208,207,207,207,206,206,205,205,204,204,203,202,202,200,200,200,200,199,199,199,199,199,198,198,174,111,85,80,70,64,63,61,59,57,56,56,56,56,56,56,57,57,58,59,60,60,60,61,61,62,62,62,63,63,63,62,62,63,63,65,65,67,67,68,69,70,70,71,76,85,91,98,109,123,141,181,198,199,199,200,200,201,201,202,202,203,203,204,205,205,207,207,208,209,209,209,210,211,211,212,212,212,213,213,213,213,213,213,213,213,213,213,213,214,214,214,213,213,213,213,214,214,214,213,213,214,214,213,214,214,214,214,214,213,213,213,213,214,214,214,213,213,213,213,213,213,213
200,199,199,200,200,200,200,200,200,201,201,201,201,202,202,202,202,202,202,202,203,203,204,204,204,204,205,205,205,205,206,206,206,206,207,207,207,207,207,208,208,208,208,208,208,208,208,208,208,208,208,208,208,207,207,207,207,206,205,205,204,204,203,202,202,200,200,200,200,199,199,199,199,199,198,197,162,97,84,72,68,64,63,61,59,58,57,56,56,55,55,56,56,57,57,59,59,60,60,60,60,61,62,62,62,62,63,63,62,62,62,63,65,65,66,67,67,69,70,70,70,72,75,82,88,95,102,117,127,165,195,199,199,200,200,201,201,201,203,203,204,205,205,206,207,208,209,209,209,210,211,211,212,212,212,212,213,213,213,213,213,213,213,213,214,214,214,214,214,214,214,214,214,214,214,214,214,214,214,214,214,214,214,214,214,214,213,213,214,214,214,214,214,214,214,213,214,213,214,214
199,199,199,199,200,200,200,200,200,201,201,201,201,202,202,202,202,202,202,203,203,203,203,204,204,204,205,205,205,205,206,206,206,206,207,207,207,207,207,208,208,208,208,208,208,208,208,208,208,208,208,208,207,207,207,207,206,205,205,204,204,203,203,202,201,200,200,199,199,199,199,199,198,198,196,149,88,80,72,68,65,64,62,61,59,58,56,55,55,55,55,55,56,57,57,59,59,60,60,60,60,61,62,62,62,62,62,63,62,62,62,63,64,65,66,67,67,69,70,70,70,71,72,75,79,85,90,97,107,122,151,194,199,199,200,200,201,201,202,203,203,204,205,206,206,207,208,209,209,210,210,211,212,212,212,212,213,213,213,213,213,213,214,214,214,214,214,214,214,214,214,214,214,214,214,214,214,214,214,214,214,214,214,214,214,214,214,214,214,214,214,214,214,214,214,214,214,213,214,214
199,199,199,200,200,200,200,200,200,201,201,201,201,202,202,202,202,202,202,203,203,203,204,204,204,204,205,205,205,205,206,206,206,206,207,207,207,207,208,208,208,208,208,208,208,208,208,208,208,207,207,208,207,207,207,207,206,205,205,204,203,203,202,202,201,200,199,199,199,199,199,198,198,194,133,81,76,71,69,65,64,63,61,59,59,56,55,53,53,53,54,55,55,56,58,58,59,59,59,59,60,60,62,62,62,62,62,62,62,62,62,63,63,65,66,67,67,68,69,70,70,71,71,72,75,78,83,88,92,100,117,138,177,198,199,200,200,201,201,202,203,204,204,205,206,207,208,209,209,209,211,211,211,212,212,212,213,213,213,213,214,214,214,214,214,214,214,214,214,214,214,214,214,214,214,214,214,214,214,214,214,214,214,215,214,214,214,214,214,214,214,214,214,214,214,214,214,214,214,214
199,199,200,200,200,200,200,200,200,201,201,201,201,202,202,202,202,202,203,203,203,204,204,204,204,205,205,205,205,206,206,206,206,206,207,207,207,207,208,208,208,208,208,208,208,208,208,208,208,207,207,207,207,207,207,206,206,205,204,203,203,202,202,201,200,199,199,199,199,198,198,198,189,127,78,73,71,70,65,64,63,62,60,59,59,56,53,53,53,53,53,55,55,56,57,58,58,58,58,59,60,60,62,62,62,62,62,62,62,62,62,63,64,65,65,66,67,67,69,70,70,70,71,71,73,75,78,83,87,91,99,111,133,175,195,197,199,200,201,201,202,203,204,204,205,206,207,208,209,209,210,211,211,212,212,212,213,213,213,213,214,214,214,214,214,214,214,214,214,214,214,214,214,214,214,214,214,214,214,214,214,214,214,215,214,214,214,214,214,214,214,214,214,214,214,214,214,214,214,214
200,200,200,200,200,200,200,200,200,201,201,201,201,202,202,202,202,203,203,203,204,204,204,204,204,205,205,205,205,206,206,206,206,206,207,207,207,208,208,208,208,208,208,208,208,208,208,208,208,207,207,207,207,207,206,206,206,204,204,203,203,202,201,200,199,199,199,199,198,198,198,188,118,78,73,71,70,68,64,63,63,61,60,59,58,55,53,52,52,52,53,54,55,56,56,57,57,57,58,59,60,61,62,62,62,63,63,62,61,61,62,63,64,64,65,65,66,67,67,69,69,70,71,71,72,73,76,78,84,87,91,97,108,117,160,193,197,199,200,201,202,202,204,204,205,205,207,207,209,209,210,211,211,212,212,212,213,213,213,213,214,214,214,214,214,214,214,214,214,214,214,214,214,214,214,214,214,214,214,214,214,214,215,215,215,214,214,214,215,215,215,215,215,214,214,214,214,215,214,214
200,200,200,200,200,201,200,201,201,201,201,201,201,202,202,202,202,203,203,203,204,204,204,204,205,205,205,205,205,205,206,206,206,207,207,207,207,208,208,208,208,209,208,208,208,208,208,208,207,207,207,207,207,206,206,206,205,204,204,203,202,201,201,200,199,199,199,198,198,198,189,117,79,74,73,71,68,67,64,63,62,60,59,58,57,53,52,52,52,52,53,54,55,56,56,57,57,57,57,59,60,61,62,62,63,63,63,63,62,61,62,63,64,64,64,65,66,66,67,68,69,69,70,71,72,72,74,77,80,84,88,92,95,102,106,154,192,196,199,201,201,202,203,204,204,205,206,207,208,209,210,210,211,212,212,212,213,213,213,213,214,214,214,214,214,214,214,214,214,214,214,214,214,214,214,214,214,214,214,214,214,215,215,215,215,214,214,214,215,215,215,215,215,215,215,214,215,215,215,214
200,200,200,201,201,201,201,201,201,201,201,201,201,202,202,203,203,203,203,203,204,204,204,205,205,205,205,205,205,205,206,206,207,207,207,207,208,208,208,208,208,209,209,208,208,208,208,208,207,207,207,207,206,206,206,205,204,204,203,203,202,201,200,200,199,199,198,198,198,189,117,81,75,73,71,70,67,66,63,62,62,61,59,58,57,55,52,52,52,53,53,55,56,57,57,58,58,58,57,59,60,61,61,62,63,63,63,63,63,62,62,63,64,64,64,64,65,66,67,67,69,69,70,71,72,72,74,77,78,81,84,89,92,95,95,100,145,177,193,199,201,201,202,203,204,204,205,207,208,209,210,210,211,211,212,212,213,213,213,214,214,214,214,214,214,214,214,214,214,214,214,214,214,214,215,215,214,214,214,215,215,215,215,215,215,215,215,215,215,215,215,215,215,214,214,214,214,215,215,215
200,200,200,201,201,201,201,201,201,201,201,201,202,202,203,203,203,203,203,204,204,204,204,205,205,205,205,206,206,206,206,206,207,207,207,207,208,208,208,208,209,209,209,209,208,208,208,208,207,207,207,206,206,206,206,205,204,204,203,202,201,200,200,199,199,198,198,198,190,121,81,77,74,72,71,69,67,66,63,62,62,61,59,58,58,57,56,56,56,58,58,58,58,58,58,58,58,58,57,58,60,61,61,61,63,63,63,63,63,62,61,62,64,64,64,64,65,66,66,67,68,69,70,71,72,73,75,76,77,80,83,87,89,90,90,93,97,120,158,191,200,200,201,202,203,204,205,207,207,209,209,210,210,211,212,212,213,213,213,214,214,214,215,215,214,214,214,214,214,214,214,214,214,214,215,215,215,215,215,215,215,215,215,215,215,215,215,215,215,215,215,215,215,215,215,214,215,215,215,215
200,200,201,201,201,201,201,201,201,201,201,202,202,202,203,203,203,203,203,204,204,204,204,205,205,205,206,206,206,206,206,206,207,207,208,208,208,208,208,208,209,209,209,208,208,208,208,208,207,207,207,206,206,206,205,205,204,203,203,201,200,200,200,199,198,198,198,189,123,81,77,74,73,72,70,69,67,65,64,63,62,61,60,59,59,59,59,60,60,61,60,59,59,59,59,60,59,59,59,59,60,61,61,61,61,63,63,63,62,61,61,61,64,64,64,64,65,66,67,67,68,69,70,71,72,73,74,75,77,80,82,86,87,90,90,90,90,97,120,158,184,198,200,201,202,203,205,206,207,208,209,210,210,211,212,212,213,213,214,214,214,214,215,215,214,215,215,215,215,215,215,214,214,215,215,215,215,215,215,215,215,215,215,215,215,215,215,215,215,215,215,215,215,215,215,215,215,215,215,215
201,201,201,201,201,201,201,201,201,201,201,202,202,203,203,203,203,203,203,204,204,205,205,205,205,205,206,206,206,206,207,207,207,207,208,208,208,208,208,208,209,209,209,209,208,208,208,208,208,207,207,206,206,206,205,205,204,203,202,201,200,200,199,199,198,197,189,125,82,77,75,73,72,71,70,69,67,66,65,63,63,62,62,60,60,61,61,61,61,62,61,60,60,60,60,60,60,60,59,59,60,61,62,61,62,63,63,63,62,61,61,61,64,64,65,65,65,66,67,67,68,69,70,71,72,73,73,75,77,79,81,85,87,88,89,89,90,90,97,104,150,184,198,200,201,202,204,205,206,207,208,209,210,211,212,212,213,213,214,214,214,215,215,215,215,215,215,215,215,215,215,215,215,215,215,215,215,215,215,215,215,215,215,215,215,215,215,215,215,215,215,215,215,215,215,215,215,215,215,215
201,201,201,201,202,201,202,202,202,201,202,202,202,203,203,203,203,203,204,204,204,205,205,205,205,205,206,206,206,207,207,207,207,207,208,208,208,208,208,208,209,209,209,209,208,208,208,208,207,207,207,206,206,206,205,204,203,203,201,200,199,199,199,198,197,189,131,86,78,75,74,72,71,70,69,68,67,66,65,64,63,63,63,62,61,61,61,61,62,63,62,61,61,62,62,62,61,60,60,60,61,62,62,63,63,64,64,63,63,63,62,63,64,65,65,66,66,67,67,68,69,70,71,71,72,73,73,75,77,78,81,83,85,88,89,89,90,90,90,97,100,142,182,198,200,201,202,205,205,207,208,208,210,211,211,212,213,213,214,214,214,215,215,215,215,215,215,215,215,215,215,215,215,216,216,215,215,215,215,215,216,216,216,215,216,216,216,215,215,215,215,215,215,215,215,215,215,215,215,215
201,201,201,202,202,202,202,202,202,202,202,202,203,203,203,203,204,204,204,204,205,205,205,205,205,205,206,206,206,207,207,207,207,207,208,208,208,208,208,208,208,209,209,209,209,208,208,208,208,207,206,206,206,205,205,204,203,202,201,200,199,199,198,197,190,141,89,81,76,75,73,71,70,69,69,68,68,67,66,65,64,64,65,65,63,61,61,61,63,65,65,64,64,63,64,63,63,62,60,61,63,63,63,64,64,65,65,65,65,66,65,64,64,65,67,67,67,67,69,69,70,71,71,72,72,73,73,75,77,79,80,83,85,86,88,89,89,88,88,89,93,94,136,181,197,200,202,204,205,206,207,208,209,210,211,212,213,213,213,214,215,215,215,215,215,215,215,215,215,215,216,216,216,216,216,216,216,215,216,216,216,216,216,216,216,216,216,215,215,215,215,216,215,215,215,215,215,215,215,215
201,201,202,202,202,202,202,202,202,202,202,202,203,203,203,204,204,204,204,204,205,205,205,205,205,206,206,206,206,207,207,207,207,208,208,208,208,208,208,208,209,209,209,209,209,208,208,208,207,207,206,206,206,205,204,203,202,201,200,199,199,198,197,193,150,91,81,77,76,75,72,70,68,68,69,69,69,69,68,67,65,65,66,66,66,63,63,64,67,67,67,67,67,67,66,64,64,63,63,63,63,64,64,64,66,66,66,65,66,67,66,66,66,67,67,68,68,69,70,70,72,73,73,73,73,74,75,76,78,79,81,82,84,85,86,87,87,87,86,86,88,90,91,136,179,197,201,204,205,206,207,208,209,210,211,212,213,213,213,214,215,215,215,215,215,215,215,215,215,216,216,216,216,216,216,216,216,216,216,216,216,216,216,216,216,216,216,216,216,215,215,216,216,216,215,215,216,216,216,215
202,202,202,202,202,202,202,202,202,202,203,203,203,203,204,204,204,204,204,205,205,205,205,206,206,206,206,206,206,207,207,207,207,208,208,208,208,208,209,209,209,209,209,209,209,209,208,208,207,207,206,206,205,205,204,203,201,201,199,198,198,197,193,164,98,81,77,76,75,74,71,69,68,68,69,69,69,69,69,69,67,67,67,68,68,68,68,68,68,68,69,69,69,67,67,66,65,64,63,64,64,64,64,65,67,68,67,66,65,66,66,66,67,69,69,69,70,70,70,72,73,73,74,74,74,74,76,78,79,81,82,82,84,85,85,86,86,86,86,85,86,89,90,90,146,181,199,202,204,205,207,208,209,210,211,212,213,213,214,214,215,215,215,215,215,215,215,215,216,216,216,216,216,216,216,216,216,216,216,216,216,216,216,216,216,216,216,216,216,216,216,216,216,216,216,216,216,216,216,216
202,202,202,202,202,202,202,202,202,203,203,203,203,203,204,204,204,204,204,205,205,205,206,206,206,206,206,206,206,207,207,207,208,208,208,208,208,208,209,209,209,209,209,209,209,209,208,208,207,207,206,206,205,204,203,202,201,200,199,198,197,194,169,107,84,78,76,75,74,71,70,69,69,69,69,69,69,70,70,70,69,69,70,70,70,71,71,70,70,69,69,70,70,69,68,67,66,65,65,65,65,64,64,67,69,70,68,68,66,67,67,67,69,69,69,70,70,70,71,72,73,75,75,75,75,75,77,79,81,83,83,84,84,85,86,86,86,86,86,85,86,86,87,85,89,162,196,200,203,204,206,207,208,209,211,212,213,213,214,214,215,215,215,215,215,216,216,216,216,216,216,216,216,216,216,216,216,216,216,216,216,216,216,216,216,216,216,216,216,216,216,216,216,216,216,216,216,216,216,216
202,202,202,202,202,203,203,203,203,203,203,203,203,204,204,204,204,204,205,205,205,205,206,206,206,206,206,206,207,207,207,208,208,208,208,208,208,209,209,209,210,210,210,210,209,209,209,208,207,207,207,206,205,204,203,202,201,200,198,198,196,173,117,86,79,77,75,74,72,70,69,69,69,69,69,69,70,71,72,72,72,72,73,73,73,72,72,72,72,72,71,71,71,71,71,69,67,66,66,66,65,65,66,69,70,71,71,70,68,70,70,70,70,70,70,70,70,71,71,73,74,75,75,75,75,78,79,81,83,85,85,86,86,86,86,86,86,86,86,86,86,85,85,85,84,101,180,196,201,203,206,207,208,209,211,211,213,213,214,214,215,215,216,216,216,216,216,216,216,216,216,216,216,217,217,217,217,216,216,216,216,216,216,216,216,216,216,216,217,217,216,216,216,216,216,216,216,216,217,217
203,203,203,203,203,203,203,203,203,203,203,203,203,204,204,204,204,205,205,205,205,206,206,206,206,206,206,207,207,208,208,208,208,208,208,208,209,209,209,209,210,210,210,210,209,209,209,208,208,207,207,206,205,204,204,202,201,200,199,197,183,129,86,80,78,75,74,72,70,69,68,69,69,69,70,70,71,73,73,73,73,74,74,74,74,75,76,77,76,76,75,75,74,74,72,71,69,67,67,68,68,68,68,69,71,74,74,75,74,74,73,73,73,73,72,71,71,71,73,74,75,76,76,77,78,79,81,83,83,87,87,86,86,86,86,85,85,85,86,86,86,85,85,85,85,86,129,190,196,204,205,207,207,209,210,211,212,214,214,214,215,215,216,216,216,216,216,216,216,216,216,217,217,217,217,217,217,217,217,216,216,216,216,216,216,216,216,216,217,217,216,216,216,216,216,216,216,216,217,217
203,203,203,203,203,203,203,203,203,203,203,203,204,204,204,204,205,205,205,205,205,206,206,206,206,206,207,207,207,208,208,208,208,208,209,209,209,209,209,210,210,210,210,210,210,209,209,208,208,207,207,206,205,204,204,202,200,200,198,190,130,86,81,79,75,73,72,71,69,68,68,69,70,70,70,71,73,74,74,74,75,77,75,75,76,77,78,78,78,77,77,77,77,77,74,74,71,69,69,70,70,69,69,71,74,76,80,80,75,74,74,73,74,73,73,73,74,74,75,75,77,77,79,80,80,83,83,87,88,89,89,89,88,86,85,85,85,85,86,86,86,86,85,86,86,86,89,146,194,200,204,205,207,208,210,211,212,213,214,214,215,216,216,216,216,216,216,216,216,216,217,217,217,217,217,217,217,217,217,217,217,217,217,217,217,217,217,217,217,216,216,216,216,217,217,216,216,217,217,217
203,203,203,203,203,203,203,204,204,204,204,204,204,204,204,205,205,205,205,205,205,206,206,206,206,207,207,207,207,208,208,208,209,209,209,209,209,209,209,210,210,210,210,210,210,209,209,208,208,207,207,206,205,204,204,201,200,199,193,155,90,83,79,75,73,72,71,71,68,68,68,69,71,72,71,71,73,74,75,75,77,77,77,77,78,78,78,78,79,78,80,80,80,80,81,79,77,73,72,72,73,73,73,75,76,80,84,84,80,75,74,74,74,74,74,74,75,78,80,82,82,82,80,82,83,83,83,87,88,90,90,90,90,87,86,85,85,85,86,86,86,86,86,86,86,86,85,90,180,197,201,204,205,208,209,210,211,213,214,214,215,215,216,216,217,217,216,216,216,217,217,217,217,217,217,217,217,217,217,217,217,217,217,217,217,217,217,217,217,216,216,216,217,217,217,217,217,217,217,217
204,204,204,203,203,203,204,204,204,204,204,204,204,205,205,205,205,205,205,205,206,206,206,207,207,207,207,207,208,208,208,209,209,209,209,209,209,209,210,210,210,210,210,210,210,210,209,208,208,207,207,206,205,204,204,201,200,197,161,106,84,83,78,73,72,70,70,70,68,68,68,69,72,72,71,71,71,74,75,75,76,77,80,80,80,78,78,78,79,79,80,80,80,81,81,81,79,78,77,77,76,76,76,77,81,82,84,84,82,79,75,76,76,76,75,76,79,82,84,90,90,86,83,83,83,83,85,87,91,91,90,90,90,90,87,86,86,86,86,86,86,87,87,87,86,86,85,89,118,180,199,201,204,205,208,209,211,212,213,214,215,216,216,217,217,217,216,216,217,217,217,217,217,217,217,217,217,217,217,217,217,217,217,217,217,217,217,217,217,217,217,217,217,217,217,217,217,217,217,217
204,204,204,204,204,204,204,204,204,205,205,205,205,205,205,205,205,205,205,206,206,206,206,207,207,207,207,208,208,208,209,209,209,209,209,209,210,210,210,210,210,210,210,210,210,210,209,209,208,207,206,206,205,204,203,201,200,194,144,84,83,82,77,72,70,70,69,68,68,68,68,70,72,72,72,71,71,73,75,75,75,78,81,81,78,78,78,79,79,79,80,80,81,81,81,81,81,79,78,78,78,77,77,78,81,82,83,84,82,82,80,82,81,78,78,80,82,84,91,93,94,93,86,83,83,83,85,86,90,90,89,89,90,90,89,87,87,87,87,88,88,88,88,88,87,88,88,88,91,164,195,199,203,205,207,209,210,212,213,213,215,215,216,217,217,217,217,217,217,217,217,217,217,217,217,217,217,217,217,217,217,217,217,217,217,217,217,217,217,217,217,217,217,217,217,217,217,217,217,217
204,204,204,204,204,204,204,204,205,205,205,205,205,205,205,205,205,205,206,206,206,207,207,207,207,207,208,208,208,209,209,209,209,209,209,210,210,210,210,210,211,211,210,210,210,210,209,208,208,207,206,206,205,203,202,200,198,175,102,83,82,77,75,71,70,68,68,68,68,68,70,70,72,72,72,71,71,73,74,75,77,78,81,81,81,78,78,79,79,79,79,80,81,82,82,83,83,84,83,80,78,78,78,78,79,80,80,82,82,84,86,84,83,81,81,82,90,90,94,94,94,93,87,86,83,83,85,86,90,90,88,88,89,89,89,87,87,87,88,89,88,89,89,89,88,88,89,88,82,106,188,199,201,204,205,208,209,210,212,213,214,215,216,217,217,217,217,216,217,217,217,217,217,217,217,217,218,217,217,217,217,217,217,217,217,217,217,217,217,217,217,217,217,217,217,217,217,217,217,217
204,204,204,204,204,205,205,205,205,205,205,205,205,205,205,206,206,206,206,207,207,207,207,207,207,208,208,208,209,209,209,210,210,210,210,210,210,210,210,210,211,211,211,210,210,210,209,208,208,207,206,205,204,203,201,199,196,141,83,82,81,75,73,71,68,67,67,68,68,70,70,73,74,74,72,71,71,73,74,75,78,80,81,82,82,79,79,80,80,80,83,85,84,84,84,85,85,85,85,86,82,82,78,78,78,80,80,83,85,85,86,86,83,81,81,83,90,91,92,93,93,86,86,83,83,83,85,86,86,87,87,88,88,89,88,86,87,87,88,90,91,91,91,91,91,91,91,91,90,91,161,196,199,201,204,206,208,210,211,212,214,215,216,216,217,217,216,216,217,217,217,217,217,217,218,218,218,218,218,217,217,217,217,217,217,217,217,217,217,217,217,217,217,217,217,217,217,217,217,217
204,204,204,204,205,205,205,205,205,205,205,205,205,205,206,206,206,206,206,207,207,207,207,207,207,208,208,209,209,209,209,210,210,210,210,210,210,210,210,211,211,211,211,210,210,209,209,208,208,207,206,205,203,202,200,197,176,88,79,78,75,73,72,70,68,67,67,67,70,72,72,73,74,74,72,71,71,73,75,77,78,80,81,82,82,81,79,80,80,81,84,85,85,85,86,86,85,85,86,86,83,83,82,80,80,82,83,83,83,84,86,85,83,79,79,80,83,90,90,90,84,83,84,83,83,83,84,85,86,87,87,87,88,88,87,86,87,87,88,91,92,93,94,93,94,93,93,91,90,87,91,181,197,199,202,204,206,208,210,212,214,215,216,216,217,217,216,216,217,217,217,217,217,218,218,218,218,218,218,217,217,217,218,217,217,217,218,218,218,218,218,217,217,217,218,218,217,217,217,217
205,204,204,205,205,205,205,205,205,205,205,205,206,206,206,206,206,206,207,207,207,207,207,207,208,208,208,209,209,209,209,210,210,210,210,210,211,211,211,211,211,211,211,211,210,209,209,208,207,206,205,204,203,202,199,184,137,79,78,76,74,72,71,70,68,67,67,67,67,72,71,71,73,72,71,71,71,74,75,77,78,79,80,81,81,80,79,80,80,84,85,85,85,86,88,88,88,88,87,87,86,83,82,82,81,83,83,83,83,82,83,82,79,77,77,78,80,81,82,83,83,83,84,84,83,83,83,85,86,87,87,87,87,87,87,87,88,87,88,93,98,98,97,96,95,95,94,93,91,90,91,137,195,197,200,202,204,206,209,211,212,214,215,216,216,216,216,217,217,217,217,217,217,218,218,217,217,218,218,217,217,218,218,218,218,218,218,218,218,218,218,218,217,218,218,218,218,217,218,218
205,205,205,205,205,205,205,205,205,205,206,206,206,206,206,206,207,207,207,207,207,207,208,208,208,208,209,209,209,209,210,210,210,211,211,211,211,211,211,211,211,212,212,211,211,210,209,208,207,206,205,204,203,202,198,171,79,78,77,76,73,72,71,70,68,67,67,67,66,67,68,68,70,70,70,70,71,74,75,76,77,77,78,80,80,79,79,79,80,83,85,85,87,88,90,90,89,88,88,87,83,83,81,81,81,82,82,80,80,78,78,75,72,75,76,76,76,76,78,80,82,85,86,85,84,84,84,85,86,88,88,87,87,87,87,87,88,88,89,98,100,100,100,98,97,96,96,95,92,89,87,92,187,195,198,200,203,204,209,209,211,213,215,215,216,216,216,217,217,217,217,217,217,218,218,217,217,218,218,218,218,218,218,218,218,218,218,218,218,218,218,218,218,218,218,218,218,218,218,218
205,205,205,205,205,205,205,205,206,206,206,206,206,206,206,207,207,207,207,207,207,208,208,208,208,209,209,209,209,210,210,210,211,211,211,211,211,212,212,212,212,212,212,211,211,210,208,208,207,206,205,204,203,202,195,123,78,78,77,76,73,71,71,69,67,67,67,66,66,66,67,67,68,68,67,68,70,74,75,76,76,77,77,77,78,78,78,79,80,82,84,85,87,88,90,90,90,88,86,84,82,79,78,77,77,77,77,76,76,75,72,70,70,72,74,75,74,74,76,78,81,85,85,84,84,84,86,86,87,88,88,90,90,87,87,87,88,89,93,97,100,100,101,101,100,98,97,96,93,89,85,85,160,189,195,200,202,203,207,209,210,212,213,215,215,215,216,217,217,217,217,217,217,218,218,218,218,218,218,218,218,218,218,218,218,218,218,218,218,218,218,218,218,218,218,218,218,218,218,218
205,205,205,205,205,205,205,206,206,206,206,206,206,206,207,207,207,207,207,208,208,208,208,209,209,209,209,209,210,210,210,210,211,211,211,211,212,212,212,212,212,212,212,211,211,210,209,208,207,206,205,205,203,202,190,90,76,77,77,75,72,71,69,68,67,66,66,66,66,66,66,67,66,65,65,67,70,72,75,76,76,76,77,77,75,75,77,75,79,81,82,85,85,87,87,90,90,88,84,83,78,77,77,77,76,76,76,76,74,71,70,70,70,73,74,74,74,74,74,78,80,80,81,83,84,86,87,87,87,87,90,93,92,90,87,85,87,89,93,96,99,100,102,102,101,100,99,98,95,89,85,84,107,180,191,198,200,202,205,208,209,211,212,213,214,215,215,216,217,217,217,217,217,218,218,218,218,218,218,218,218,218,218,218,218,218,218,218,218,218,219,219,218,218,218,218,218,218,218,218
206,206,206,206,206,206,206,206,206,206,206,207,207,207,207,207,207,208,208,208,208,208,209,209,209,209,209,210,210,210,210,211,211,211,212,212,212,212,212,212,212,212,212,211,210,210,208,208,207,206,205,205,203,198,153,74,74,76,76,74,72,70,69,68,66,66,65,65,66,66,66,66,65,65,65,66,69,72,75,75,76,77,77,75,75,74,74,75,75,80,80,82,85,85,85,87,87,85,83,80,77,77,77,77,75,74,74,74,71,71,71,70,71,73,74,74,74,73,73,74,75,74,75,80,82,86,88,91,87,87,92,94,94,90,87,87,88,89,91,95,97,100,103,103,101,101,101,100,98,89,85,84,85,155,191,197,199,201,204,206,208,210,211,212,213,214,215,216,216,217,217,217,217,218,218,218,218,218,218,218,218,218,218,218,218,218,218,218,218,218,219,219,219,219,219,219,218,218,218,218
206,206,206,206,206,206,206,207,207,207,207,207,207,207,207,207,208,208,208,208,208,209,209,209,210,210,210,210,210,210,211,211,211,211,212,212,212,212,212,212,212,212,212,211,210,210,209,208,207,206,206,205,203,196,103,73,73,75,75,74,71,69,69,68,66,66,65,66,66,66,65,64,64,65,65,67,70,73,75,76,78,79,78,75,72,72,74,74,75,79,80,80,80,84,84,84,85,83,83,83,82,78,78,78,75,73,73,73,71,74,74,70,71,72,74,76,74,73,73,74,73,73,73,78,81,84,91,92,89,89,91,92,89,89,87,89,88,89,90,94,98,100,102,102,101,101,101,102,100,94,85,82,78,103,185,196,198,201,203,204,208,210,210,211,212,213,214,215,216,217,217,217,217,218,218,218,218,218,218,218,218,218,218,218,218,218,218,219,219,219,219,219,219,219,219,219,219,218,218,218
206,206,206,207,207,207,207,207,207,207,207,207,207,207,207,208,208,208,208,208,209,209,209,210,210,210,210,210,211,211,211,211,211,212,212,212,212,212,212,212,213,212,212,211,210,210,209,208,207,206,206,205,203,180,75,73,73,75,75,73,71,69,68,68,66,66,65,66,66,66,64,64,64,65,66,69,71,74,76,78,79,80,78,76,74,74,74,75,75,77,79,79,79,79,80,81,80,80,81,82,82,82,82,82,81,77,73,72,72,74,73,70,70,72,75,77,75,73,72,73,73,73,74,75,80,82,90,90,87,87,87,89,88,87,87,89,89,89,91,95,100,102,102,102,101,101,102,103,102,96,86,82,79,79,174,196,198,200,202,204,207,209,210,210,211,212,213,214,215,216,217,217,217,218,218,218,218,218,219,218,218,218,218,218,219,219,219,219,219,219,219,219,219,219,219,219,219,218,218,219
207,207,207,207,207,208,207,208,208,208,207,207,207,207,208,208,208,208,208,209,209,209,209,210,210,210,211,211,211,211,211,211,212,212,212,213,213,213,213,213,213,213,212,212,210,210,209,208,207,206,206,205,200,145,66,66,73,74,74,73,70,69,68,68,66,66,65,66,66,66,64,64,64,66,68,71,73,74,76,79,81,81,80,77,74,74,74,75,76,77,76,76,78,79,79,80,80,80,82,82,82,84,84,84,82,79,75,72,72,71,70,69,70,72,74,77,71,69,71,75,75,74,75,76,79,82,84,86,86,86,86,86,85,85,84,85,87,89,91,95,100,102,102,101,100,101,103,104,103,98,86,84,79,79,169,196,198,200,202,203,206,208,209,210,211,211,212,213,214,215,216,217,217,218,218,219,219,219,219,219,218,218,218,218,219,219,219,219,219,219,219,219,219,219,219,219,219,219,219,219
207,207,207,207,208,208,208,208,208,208,208,208,208,208,208,208,208,208,208,209,209,209,210,210,210,211,211,211,211,211,211,212,212,212,212,213,213,213,213,213,213,213,212,212,211,210,209,208,207,206,205,204,196,114,66,66,74,74,74,72,70,68,68,67,66,64,64,65,65,65,64,64,65,68,69,72,74,75,77,79,81,81,81,79,77,76,75,77,77,76,75,75,76,78,78,79,80,81,82,82,83,84,84,84,82,79,75,72,72,71,71,70,71,76,75,75,69,69,75,76,75,75,76,78,81,82,82,82,85,86,86,85,85,84,84,88,89,89,91,95,99,102,102,101,100,101,103,106,106,103,93,85,81,85,166,193,198,199,201,203,205,207,208,209,210,210,212,212,213,214,215,216,217,217,218,218,219,219,219,218,218,218,219,219,219,219,219,219,219,219,219,219,219,219,219,219,219,219,219,219
208,208,208,208,208,208,208,208,208,208,208,208,208,208,208,208,208,208,209,209,210,210,210,210,211,211,211,211,211,211,212,212,212,212,213,213,213,213,213,213,213,213,212,212,211,210,209,208,207,206,205,203,193,81,67,69,73,74,73,72,70,68,67,66,65,64,64,65,65,65,64,64,66,68,70,72,74,76,76,78,79,81,82,81,79,78,77,78,77,76,75,74,75,77,78,78,79,80,82,82,84,84,84,83,80,78,75,73,73,71,74,74,76,77,76,75,69,75,76,76,76,76,77,81,82,82,82,82,83,86,86,86,86,86,91,90,89,90,90,94,98,99,101,102,101,101,101,106,106,104,97,91,84,89,147,192,196,199,201,202,204,206,207,209,209,210,211,212,212,214,214,215,216,217,217,218,219,219,219,219,218,219,219,219,219,219,219,219,219,219,219,219,219,219,219,219,219,219,219,219
208,208,208,208,208,208,208,208,208,208,208,208,209,209,208,208,208,208,209,210,210,210,210,211,211,211,211,211,212,212,212,212,213,213,213,213,214,214,214,214,213,213,213,212,211,210,209,208,207,206,204,202,171,70,69,72,73,73,73,71,69,67,66,65,65,65,65,65,65,65,64,64,64,66,70,73,75,76,76,77,78,83,85,82,81,78,78,78,78,77,75,74,75,77,78,78,78,79,82,83,84,83,83,83,80,78,78,75,74,75,79,81,81,81,79,76,75,76,77,77,77,77,79,82,82,82,82,81,81,84,86,86,86,91,92,93,92,92,92,93,98,99,102,104,102,101,101,105,106,106,102,91,89,89,107,191,193,197,199,202,204,205,207,209,209,210,211,211,212,213,214,215,216,216,217,218,218,219,219,219,219,219,219,219,219,219,219,219,219,219,219,219,219,220,220,220,219,219,219,219
208,208,208,208,208,208,208,208,209,209,208,209,209,209,209,208,208,209,209,210,210,210,211,211,211,211,212,212,212,212,212,213,213,213,213,214,214,214,214,214,214,213,213,212,212,210,209,208,207,206,204,198,141,70,70,73,73,73,73,71,69,67,66,65,65,65,65,66,66,66,64,64,64,65,66,70,73,76,76,77,83,85,87,85,82,79,78,78,82,80,76,74,75,77,77,77,77,78,79,80,83,83,83,83,83,80,79,79,80,81,83,81,81,81,83,79,78,78,78,78,77,79,80,81,82,82,81,79,80,80,84,86,89,92,93,94,97,95,93,94,97,98,102,104,104,105,105,105,108,107,106,102,91,89,91,177,191,194,197,200,203,205,207,208,209,210,211,211,212,213,213,214,215,216,217,218,218,219,219,219,219,219,219,219,219,219,219,219,219,219,220,220,220,220,220,220,219,219,219,219
208,208,208,209,208,208,208,208,209,209,209,209,209,209,209,209,209,209,209,210,210,210,211,211,211,212,212,212,212,212,212,213,213,213,213,214,214,214,214,214,214,214,213,212,211,210,209,208,207,206,205,197,120,75,74,75,74,73,73,71,69,67,66,66,66,66,66,67,67,66,66,64,64,65,67,70,73,73,76,80,84,84,87,86,85,79,79,82,84,84,80,77,76,78,78,78,78,78,78,78,79,80,80,82,83,83,83,83,86,85,83,81,81,83,83,82,79,78,78,79,80,80,80,81,82,81,80,79,80,81,84,87,90,93,94,98,98,97,95,95,95,97,101,104,104,106,106,108,110,110,107,106,101,89,91,176,188,191,195,198,201,204,206,207,208,210,211,211,212,213,213,214,215,216,217,218,218,218,219,219,219,219,219,219,219,219,220,220,220,220,220,220,220,220,220,220,219,219,219,219
208,208,209,209,209,209,208,209,209,209,209,209,209,209,209,209,209,209,210,210,210,211,211,211,212,212,212,212,213,213,213,213,213,213,214,214,215,215,215,214,214,214,214,212,211,210,209,208,207,206,205,196,119,76,75,75,75,74,73,71,69,67,66,66,66,67,68,68,68,68,68,68,68,68,70,72,73,73,80,82,84,84,85,85,85,85,83,85,87,87,85,78,78,78,78,78,80,78,78,77,77,77,79,79,81,83,83,87,87,86,83,81,81,81,83,79,78,77,77,78,80,80,81,82,82,81,81,81,81,84,86,89,92,94,95,102,102,97,95,95,94,95,97,101,104,107,108,110,111,111,111,109,106,92,92,160,185,190,194,197,200,203,205,206,207,208,210,211,211,213,213,213,215,215,216,217,218,218,219,218,219,219,219,219,219,219,220,220,220,220,220,220,220,220,220,220,219,219,219,219
209,209,209,209,209,209,209,209,209,209,209,209,209,209,209,209,209,209,210,210,211,211,211,212,212,212,212,213,213,213,213,213,214,214,214,215,215,215,215,215,215,214,214,213,211,210,209,208,207,206,205,196,102,77,75,75,75,74,73,69,68,67,65,65,66,67,69,70,70,70,71,71,73,73,75,77,79,81,82,84,85,84,84,84,86,86,86,91,91,90,90,81,79,78,79,80,80,80,80,76,76,76,78,79,80,81,81,86,86,83,82,81,81,81,80,78,78,77,77,78,79,80,81,82,83,82,82,81,84,85,87,92,94,95,95,98,98,96,94,94,94,95,96,98,102,106,109,111,112,114,112,112,109,92,92,160,185,188,193,195,197,201,203,205,206,208,210,211,211,212,213,213,214,215,216,216,217,218,219,219,219,219,219,219,219,219,219,220,220,220,220,220,220,220,220,220,219,219,219,219
209,209,209,209,209,209,209,209,209,209,210,210,210,210,209,209,209,210,211,211,211,212,212,212,212,213,213,213,213,213,213,214,214,214,215,215,215,215,215,215,215,215,214,213,212,210,209,208,207,205,204,196,94,80,76,75,74,74,73,68,67,65,64,64,66,68,70,70,71,71,71,73,73,75,77,79,80,81,82,85,85,84,84,83,85,89,90,92,92,92,91,86,81,79,81,83,81,80,80,78,77,76,79,80,81,81,81,80,82,81,81,81,82,80,80,78,78,78,78,78,79,79,80,82,83,83,83,82,84,87,92,94,95,96,96,97,98,96,92,88,90,92,95,96,100,103,107,112,114,116,115,114,112,97,97,157,185,188,190,194,197,199,201,204,205,207,209,210,211,212,212,213,213,215,215,216,217,218,218,218,219,219,219,219,219,219,219,220,220,220,220,220,220,220,220,220,220,219,219,220
209,209,209,209,209,209,209,209,209,210,210,210,210,210,210,209,210,211,211,212,212,212,212,212,213,213,213,214,214,214,214,214,214,215,215,215,215,216,216,215,215,215,214,214,212,211,209,208,207,205,204,192,91,80,77,76,75,74,73,68,66,64,63,64,64,66,69,70,71,71,71,71,73,75,76,79,80,80,82,84,85,84,82,81,83,89,90,91,90,91,92,91,86,83,85,84,84,80,81,81,78,78,80,82,83,82,81,80,81,80,80,82,83,82,80,78,78,79,81,81,80,80,81,82,83,83,83,83,85,92,94,95,95,97,97,97,95,92,88,87,88,90,95,96,96,101,103,110,116,116,117,115,114,100,100,140,182,186,189,192,195,197,200,202,204,206,208,210,211,211,212,213,213,214,215,216,216,217,218,219,219,219,219,219,220,219,220,220,220,220,220,220,220,220,220,220,220,219,220,220
209,209,209,209,209,210,210,210,210,210,210,211,211,211,211,211,211,211,212,212,212,212,212,213,213,213,214,214,214,214,214,214,215,215,215,215,216,216,216,216,215,215,215,214,212,211,209,208,207,205,204,192,91,80,80,76,76,74,72,67,65,63,60,60,62,64,64,64,65,65,66,67,70,72,75,77,79,79,80,83,84,84,83,82,85,89,90,91,91,92,95,93,88,86,87,88,84,81,81,81,81,81,82,83,84,84,84,84,84,82,82,86,86,83,83,80,83,83,83,83,83,82,82,83,83,83,83,83,86,92,94,94,95,97,97,95,94,88,86,86,88,90,91,96,97,98,102,108,115,117,117,117,115,106,106,140,178,186,188,191,194,196,198,201,203,205,207,209,210,211,211,212,213,214,214,215,216,217,218,218,219,219,219,219,220,220,220,220,220,220,220,220,220,220,220,220,220,220,220,220
209,210,210,210,210,210,210,210,210,211,211,211,211,211,211,211,211,212,212,212,212,213,213,213,214,214,214,214,214,214,214,215,215,215,215,216,216,216,216,216,216,216,215,214,213,212,209,208,208,205,203,173,84,80,80,77,76,75,70,66,64,60,58,56,56,57,58,59,59,59,59,61,67,70,71,73,77,78,78,80,83,83,83,83,88,91,91,91,94,102,98,97,91,88,88,88,87,84,83,83,82,82,83,86,86,85,85,88,88,88,89,89,89,87,86,86,87,87,85,85,83,83,83,84,84,83,83,86,87,91,93,93,93,91,94,91,88,86,83,86,90,91,94,96,97,98,102,107,114,118,118,117,116,106,106,146,178,184,187,189,192,195,197,200,202,204,206,208,210,210,211,211,212,214,214,215,215,217,217,218,218,219,219,219,220,220,220,220,220,220,220,220,220,220,220,220,220,220,220,220
209,210,210,210,210,210,210,211,211,211,211,211,211,211,211,212,212,212,212,213,213,213,213,213,214,214,214,215,215,215,215,215,216,216,216,216,216,216,216,216,216,216,215,214,213,212,210,209,208,205,203,173,84,80,79,78,77,75,70,65,60,58,53,54,55,56,56,56,55,55,55,58,61,63,70,70,72,74,76,78,82,82,84,88,93,94,96,103,104,104,102,100,95,91,90,91,91,90,85,85,84,83,83,83,85,85,86,91,91,93,93,93,92,93,93,95,95,91,87,85,84,83,83,84,85,85,85,86,84,90,92,92,89,87,88,88,88,86,83,86,89,92,97,97,98,101,102,108,114,117,117,117,116,107,107,149,178,183,186,189,191,193,196,198,200,203,205,206,208,210,211,211,212,213,214,215,215,217,217,217,218,219,219,219,220,220,220,220,220,220,220,220,220,220,220,220,220,220,220,220
210,210,210,210,210,211,211,211,211,211,211,211,211,211,211,212,212,212,213,213,213,213,213,214,214,214,215,215,215,215,215,216,216,216,216,216,216,217,217,217,217,217,216,214,213,212,210,209,207,205,203,189,112,81,79,79,77,75,69,64,59,55,53,53,54,55,56,55,54,55,55,56,59,61,63,66,68,69,71,74,78,82,84,91,93,96,103,104,107,107,105,104,100,99,95,92,92,92,92,87,85,81,82,83,86,89,92,93,95,96,96,97,98,102,102,102,101,98,91,88,85,84,84,85,85,85,83,82,82,82,84,86,84,84,87,90,90,89,89,89,91,96,98,98,101,102,103,108,114,116,117,117,115,112,112,149,175,181,185,188,190,192,194,197,199,202,204,206,208,209,210,211,212,213,214,214,215,216,217,217,218,219,219,220,220,220,220,220,220,220,220,220,220,220,220,220,220,220,220,220
210,210,211,211,211,211,211,211,212,212,212,212,211,212,212,212,213,213,213,213,213,213,214,214,214,215,215,215,215,215,215,216,216,216,216,216,217,217,217,217,217,217,216,215,214,212,210,209,207,206,202,197,119,83,81,80,78,74,69,64,59,56,54,54,54,54,54,54,53,54,55,56,56,59,59,61,66,68,69,71,77,82,84,89,92,96,104,105,107,107,105,104,104,100,97,95,92,93,93,89,84,81,82,83,89,90,93,95,96,101,102,102,105,104,104,104,104,98,89,87,85,84,84,84,84,81,76,76,65,74,75,81,82,84,84,90,91,91,90,91,93,97,99,101,101,103,108,108,114,116,116,116,115,115,115,151,175,181,184,186,190,192,193,195,198,200,203,205,206,208,209,210,212,213,214,214,215,216,216,217,217,219,219,220,220,220,220,220,220,221,220,221,220,221,221,220,220,220,220,220
211,211,211,211,211,211,212,212,212,212,212,212,212,212,212,213,213,213,213,214,214,214,214,214,215,215,215,215,216,215,216,216,216,216,217,217,217,217,217,217,217,217,216,215,214,213,210,209,207,206,202,197,119,83,82,82,78,71,69,64,59,58,56,56,56,55,54,54,54,56,56,56,54,54,58,59,64,66,66,69,77,79,82,85,90,92,98,104,104,105,104,102,102,99,95,94,93,93,92,87,84,81,82,89,89,91,94,96,99,101,102,102,105,104,104,104,100,96,88,86,84,84,84,83,78,75,70,66,64,65,74,78,81,82,84,90,90,91,90,91,96,96,99,104,104,106,108,113,114,115,115,115,115,115,115,151,178,181,183,186,187,191,192,194,197,198,201,203,205,207,208,210,211,212,213,214,215,215,216,216,217,218,219,220,220,220,220,220,221,221,221,221,221,221,221,221,221,220,220,220
211,211,211,212,212,212,212,212,212,212,213,213,213,213,213,213,213,213,214,214,214,214,215,215,215,215,216,216,216,216,216,216,216,217,217,217,217,217,217,217,217,217,217,215,214,213,211,209,207,206,203,188,115,82,82,82,77,71,67,65,63,59,58,59,59,59,56,55,59,61,61,56,53,53,54,56,60,64,64,64,69,76,78,84,86,89,90,90,90,94,101,101,95,88,88,93,94,95,92,91,86,84,85,88,90,91,92,94,95,98,98,98,100,100,100,98,96,86,84,82,82,79,78,76,74,73,70,67,66,75,78,81,82,84,86,90,91,91,90,92,96,96,99,105,106,107,111,114,115,115,114,114,114,114,115,141,178,180,183,186,187,191,192,193,195,198,201,203,205,207,208,209,210,212,212,214,214,215,216,216,217,218,219,220,220,220,220,221,221,221,221,221,221,221,221,221,221,221,220,220
211,211,212,212,212,212,212,213,213,213,213,213,213,213,213,213,213,214,214,214,215,215,215,215,216,216,216,216,216,217,217,217,217,217,217,218,217,217,217,217,218,217,217,216,214,213,211,209,207,205,203,188,115,82,82,82,77,71,69,67,65,63,63,64,64,63,62,62,64,65,65,62,57,53,53,55,57,59,61,63,64,69,74,76,84,86,87,87,85,85,88,88,83,83,83,88,93,95,95,92,91,87,87,88,89,90,91,90,90,90,85,85,85,86,88,88,83,79,79,75,75,74,75,74,74,73,73,73,78,78,81,83,87,87,87,92,91,91,90,92,93,93,96,104,106,109,114,116,116,114,113,113,114,114,115,141,176,179,181,184,186,189,191,193,194,196,199,203,204,206,207,209,210,211,212,212,214,214,215,216,217,217,218,219,220,220,221,221,221,221,221,221,221,221,221,221,221,221,220,220
211,211,212,212,212,213,213,213,213,213,213,213,213,213,213,214,214,214,215,215,215,215,215,216,216,216,216,216,217,217,217,217,217,217,217,218,218,218,218,218,218,218,217,216,215,213,210,208,206,204,201,188,138,82,82,82,77,71,70,67,67,68,68,69,69,70,70,70,68,69,68,67,62,57,55,55,55,58,59,60,62,64,67,74,75,77,78,79,80,80,78,75,75,78,78,83,86,93,96,93,91,90,89,89,88,85,83,79,76,76,76,76,74,69,69,70,70,69,64,64,67,70,74,74,75,78,77,77,78,81,81,86,87,87,91,93,94,95,94,94,94,98,100,104,107,110,115,117,117,116,113,113,113,114,115,162,175,176,179,181,184,188,190,193,194,196,199,201,203,204,206,208,209,210,212,212,214,214,214,216,217,217,218,219,220,220,221,221,221,221,221,221,221,221,221,221,221,221,220,220
211,212,212,212,212,213,213,213,213,213,213,213,213,213,214,214,214,215,215,215,215,215,216,216,216,216,216,217,217,217,217,217,217,217,218,218,218,218,218,218,219,218,217,216,215,213,210,208,206,201,198,147,138,83,83,83,75,72,71,70,70,69,70,70,71,72,73,74,71,70,70,70,68,64,59,55,57,58,59,59,59,60,64,66,68,69,70,69,69,69,73,73,71,71,75,78,82,88,93,93,92,90,90,89,85,84,79,78,76,75,72,68,68,67,67,67,67,62,62,63,65,69,72,74,76,78,78,81,81,81,85,87,87,89,91,93,96,97,97,99,100,100,101,104,109,112,114,115,117,117,112,111,112,113,119,162,169,167,147,147,147,178,189,193,194,195,199,201,202,204,206,207,208,210,210,212,213,214,214,216,216,217,218,219,220,220,220,221,221,221,221,221,221,221,221,221,221,221,220,220
212,212,212,213,213,213,213,213,213,213,214,214,214,214,214,214,214,215,215,215,215,216,216,216,216,216,217,217,217,218,217,218,218,218,218,218,218,218,218,219,219,219,217,216,215,213,211,207,203,162,140,134,80,80,81,81,74,72,71,71,71,71,71,71,72,73,74,75,75,74,73,72,72,71,68,68,61,60,60,59,58,58,60,64,65,67,67,66,64,64,64,66,67,67,68,68,77,82,87,92,90,90,90,87,85,84,79,78,76,72,68,67,67,65,63,64,63,62,63,64,66,70,73,74,78,78,78,84,87,89,89,89,89,90,92,93,96,98,99,100,101,104,106,109,110,112,113,114,116,116,110,110,111,114,121,136,159,85,52,62,88,104,174,192,194,195,199,200,202,204,205,206,207,208,210,211,212,214,214,215,216,217,218,219,219,220,220,221,221,221,221,221,221,221,221,221,221,221,221,220
212,212,213,213,213,213,214,214,214,214,214,214,214,214,214,214,214,215,215,215,216,216,216,216,217,217,217,217,218,218,218,218,218,218,218,219,219,219,219,219,219,219,218,217,215,213,211,204,157,75,61,50,77,79,79,79,76,74,72,72,73,71,70,70,71,73,75,76,76,78,79,80,82,82,77,77,77,72,63,61,59,60,62,64,65,65,64,64,62,60,59,59,58,58,59,63,68,78,82,87,87,87,87,86,85,81,80,79,78,73,67,66,65,65,63,64,64,64,64,66,71,74,78,80,83,88,88,90,90,89,89,89,89,90,91,92,93,98,98,99,103,106,109,110,110,110,109,113,114,112,108,108,110,113,114,121,46,46,50,52,70,94,104,174,194,195,197,199,201,203,204,206,207,208,209,211,212,213,214,215,216,217,218,219,219,220,220,221,221,221,221,221,221,221,221,221,221,221,221,221
212,213,213,213,214,214,214,214,214,214,214,214,214,214,214,214,215,215,215,216,216,216,216,217,217,217,217,217,218,218,218,218,218,218,219,219,219,219,219,219,219,219,218,218,215,213,210,157,76,62,50,44,44,79,79,79,77,76,75,74,73,71,70,71,71,75,75,76,78,80,81,83,84,87,88,90,91,86,82,77,72,71,64,64,65,65,65,64,60,59,59,56,53,51,54,59,63,72,78,79,80,78,78,78,78,79,79,79,73,69,67,66,65,65,65,65,65,65,69,73,77,80,80,83,83,88,88,90,90,87,87,85,85,86,87,89,89,92,92,97,104,109,112,112,112,109,109,111,112,111,105,105,109,110,113,46,34,42,51,70,88,94,103,141,193,195,197,199,200,202,203,204,206,207,208,210,211,212,214,215,216,217,217,218,219,220,221,221,221,221,221,221,221,221,221,221,221,221,221,221
213,213,213,213,214,214,214,214,215,215,215,214,214,214,214,215,215,215,216,216,216,217,217,217,217,217,217,217,218,218,218,218,218,218,219,219,219,219,219,219,219,219,219,218,216,213,210,146,75,62,50,44,44,76,79,77,77,77,76,74,73,71,71,71,74,75,75,75,77,80,81,81,84,87,88,90,91,86,82,81,80,75,74,73,70,69,66,64,60,59,59,55,51,51,52,54,60,68,75,76,75,73,74,74,71,71,73,73,69,67,66,64,64,64,65,65,66,69,78,79,80,80,80,80,75,66,55,49,46,45,44,38,38,40,48,51,54,65,73,82,96,106,112,113,113,109,109,111,111,107,105,107,109,109,105,36,36,50,73,94,94,46,95,128,194,195,197,199,200,201,203,203,204,206,208,209,211,211,214,215,216,217,217,218,219,220,221,221,221,221,221,221,221,221,221,221,221,221,221,221
213,213,213,214,214,214,214,214,215,215,215,215,214,214,215,215,216,216,216,217,217,217,217,217,217,217,217,218,218,218,218,218,219,219,219,219,219,219,219,220,220,219,219,218,216,214,211,146,72,62,50,45,45,76,76,77,77,77,77,75,73,71,71,74,74,75,74,74,74,74,71,71,70,68,68,70,70,73,78,80,80,75,74,74,73,70,69,65,61,60,59,55,53,52,52,54,60,60,68,73,69,69,68,67,66,66,67,67,63,61,61,62,62,60,62,63,65,74,78,79,79,74,65,53,46,46,49,49,46,45,44,38,38,40,47,51,54,65,70,70,74,78,100,112,112,109,108,110,110,104,104,107,108,109,105,52,52,73,95,99,46,40,44,128,193,195,197,199,199,201,201,203,204,205,207,209,210,211,214,214,216,217,217,218,219,220,221,221,221,221,221,221,221,221,221,221,221,221,221,221
213,213,213,214,214,214,214,214,215,215,215,215,215,215,216,216,216,216,217,217,217,217,217,217,217,218,218,218,218,219,219,219,219,219,219,219,219,219,220,220,220,220,219,218,216,214,212,199,72,55,49,49,49,76,76,75,75,76,76,74,73,71,71,72,74,70,65,64,49,47,47,50,54,58,58,57,57,53,45,45,52,60,69,73,73,71,70,66,61,60,58,55,54,53,53,53,54,59,59,63,65,68,67,66,64,63,60,60,58,58,58,60,59,59,59,61,63,65,73,73,62,50,30,30,33,42,46,53,53,50,47,42,42,43,49,53,60,66,70,70,61,61,71,100,109,109,108,109,106,104,104,104,108,111,111,67,67,89,95,54,30,30,51,141,193,195,197,199,200,201,201,203,203,204,206,208,209,211,212,214,216,216,217,218,219,220,221,221,222,221,221,221,222,222,222,221,221,221,221,221
213,213,214,214,214,214,214,215,215,215,215,216,216,216,216,216,216,217,217,217,217,217,218,218,218,218,218,218,219,219,219,219,219,219,219,219,220,220,220,220,220,220,219,218,216,214,212,209,79,50,49,49,56,74,74,73,73,74,75,74,74,71,70,69,69,63,39,39,39,44,47,50,54,54,58,57,57,52,44,42,35,34,34,47,57,67,67,63,61,60,56,55,54,53,53,53,53,53,57,59,65,68,69,68,66,63,60,60,58,58,58,58,57,57,58,59,61,63,63,58,49,30,30,30,33,45,46,57,61,63,60,48,47,49,53,58,66,67,72,77,82,61,61,71,104,108,106,106,106,104,104,103,105,111,111,89,84,89,58,31,30,30,58,155,193,195,197,199,199,201,201,202,203,204,206,207,208,210,212,214,214,216,217,218,219,220,221,221,221,221,221,222,222,221,222,222,222,222,221,221
213,213,214,214,214,214,215,215,215,215,216,216,216,216,216,217,217,217,217,217,217,218,218,218,218,218,218,219,219,219,219,219,219,219,219,219,220,220,220,220,220,220,220,218,216,214,212,209,92,51,51,51,56,72,73,70,71,72,74,74,74,70,68,64,53,36,36,39,43,47,50,54,56,60,61,61,59,56,52,42,34,34,31,34,38,49,57,58,58,56,56,54,53,54,54,53,52,52,53,58,68,72,76,75,75,74,73,69,64,61,58,58,57,56,54,54,54,54,53,49,31,30,30,31,33,33,45,45,50,50,48,46,46,49,54,59,66,72,83,84,84,82,61,59,87,104,105,105,105,104,103,103,103,108,108,101,84,84,35,30,30,30,80,172,193,195,197,198,200,201,201,202,203,204,205,207,208,209,211,213,214,216,217,217,219,220,221,221,221,221,222,222,221,221,222,222,222,222,222,222
213,214,214,214,214,215,215,215,215,216,216,216,216,216,217,217,217,217,217,218,218,218,218,218,218,218,219,219,219,219,220,220,220,220,220,220,220,220,220,221,220,220,220,218,216,215,213,209,102,58,51,52,55,69,70,69,69,71,72,74,74,70,64,48,39,39,42,43,45,47,51,55,57,61,62,61,61,56,52,49,39,34,32,32,32,33,46,51,52,52,52,52,52,52,52,53,53,53,56,67,72,76,79,80,81,81,81,79,72,64,61,58,58,55,53,49,52,52,49,28,28,27,30,30,31,31,31,33,36,36,38,44,45,47,51,58,59,72,85,100,89,86,83,63,83,102,102,102,100,101,101,102,103,106,106,106,84,74,35,23,30,40,90,187,193,195,197,198,199,200,201,202,202,203,205,206,207,208,210,212,214,215,216,217,219,219,221,221,221,221,222,222,221,221,221,222,222,222,222,222
214,214,214,215,215,215,215,216,216,216,216,216,216,217,217,217,217,218,218,218,218,219,219,219,219,219,220,220,220,220,220,220,220,220,220,220,220,220,221,221,221,220,220,219,216,215,213,211,117,61,51,48,52,68,68,67,66,69,71,72,72,65,48,39,39,44,44,44,45,47,50,55,58,65,65,63,61,56,52,49,42,39,34,33,32,33,33,44,51,52,52,52,52,52,51,52,52,53,57,67,72,77,78,80,81,82,83,83,79,72,60,58,58,58,55,49,50,49,37,28,27,26,26,31,31,31,30,13,31,34,34,14,8,14,19,62,63,63,85,100,93,93,89,86,86,93,101,101,99,99,100,101,102,106,106,110,85,73,23,18,23,51,118,191,193,195,197,198,199,200,201,201,202,203,203,206,207,208,210,212,213,215,216,218,219,220,221,221,222,222,221,221,221,221,222,222,222,222,222,222
214,215,215,215,215,215,215,216,216,216,216,216,217,217,217,218,218,218,218,218,219,219,219,219,219,220,220,220,220,220,221,221,221,220,220,220,221,221,221,221,221,221,220,219,217,216,214,212,132,62,47,45,52,67,67,66,65,65,65,68,66,49,42,39,46,46,45,45,45,46,47,50,55,65,65,62,61,54,49,42,40,35,32,32,30,30,31,33,46,51,52,53,52,51,49,49,52,55,59,65,69,75,78,80,80,80,82,83,82,68,59,53,58,58,60,54,51,40,32,25,25,25,33,70,82,30,17,11,13,22,22,11,7,14,19,63,63,63,59,64,90,93,86,85,86,93,100,100,99,98,99,100,102,104,104,110,96,73,22,17,22,64,142,191,193,195,197,197,198,199,200,201,201,202,203,204,206,207,209,211,213,215,216,218,218,220,221,221,222,221,221,222,222,222,222,222,222,222,222,222
215,215,215,215,216,216,216,216,216,216,217,217,217,217,218,218,218,218,219,219,219,219,219,219,219,220,220,220,220,221,221,221,221,221,221,221,221,221,221,221,221,221,220,220,218,217,214,212,148,62,43,43,47,67,67,64,63,63,63,64,62,49,47,51,56,51,49,46,46,46,46,47,47,47,46,46,46,34,27,25,25,35,35,31,30,29,31,32,38,49,53,53,53,49,47,47,50,55,59,64,68,75,78,78,78,78,81,82,81,67,50,49,49,60,60,60,49,40,37,32,32,46,86,109,111,95,18,13,13,22,22,14,14,19,69,80,122,114,55,26,28,61,73,77,86,94,100,100,99,99,99,99,102,104,104,109,100,75,18,17,22,65,163,191,194,195,197,197,198,198,199,200,201,202,203,204,206,206,209,211,213,214,216,217,219,220,221,221,221,221,221,222,222,222,222,222,222,222,222,221
215,215,215,216,216,216,216,216,216,217,217,217,217,217,218,218,218,219,219,219,219,219,219,219,219,220,220,220,221,221,221,221,221,221,221,221,221,221,222,222,221,221,221,220,218,217,214,212,162,63,38,37,43,64,64,63,63,63,63,62,60,47,47,56,57,56,50,46,45,43,36,34,15,14,9,27,27,27,7,7,22,24,58,58,31,31,32,35,38,47,50,53,49,43,43,43,47,51,56,62,65,71,75,78,78,77,78,80,75,67,50,47,46,56,56,54,34,29,29,36,56,60,102,114,135,111,21,11,11,15,15,11,16,44,80,124,144,126,65,31,28,60,64,73,85,96,100,101,100,98,98,99,104,105,104,109,100,89,18,17,24,87,180,191,194,195,197,197,198,198,198,200,200,201,203,204,205,206,209,210,212,214,215,217,218,220,221,221,221,221,222,222,222,222,222,222,222,222,222,221
215,215,215,216,216,216,217,217,217,217,217,217,218,218,218,218,219,219,219,220,219,219,219,219,219,220,220,221,221,221,221,221,221,221,221,221,221,222,222,222,222,221,221,220,219,217,215,212,177,65,35,35,40,64,64,63,63,63,63,60,55,49,47,46,57,55,49,44,43,36,36,24,15,9,9,9,8,7,7,7,14,73,101,73,58,33,33,35,35,35,47,48,44,42,39,41,44,51,56,62,65,70,74,75,76,76,76,75,74,67,54,47,41,46,48,42,34,34,36,55,56,57,60,102,111,99,50,13,13,15,15,15,16,43,58,130,154,121,65,61,61,61,71,76,92,94,97,101,99,97,97,99,104,105,105,100,92,89,22,22,39,98,189,191,194,195,196,197,198,198,198,199,200,200,202,204,205,206,209,210,212,214,215,217,218,220,221,221,221,222,222,222,222,222,222,222,222,222,222,222
215,215,215,216,216,217,217,217,217,217,217,218,218,218,218,219,219,219,220,220,220,220,219,219,220,221,221,221,221,221,221,221,222,221,221,221,222,222,222,222,222,222,221,220,219,217,215,212,199,71,35,35,40,64,64,63,63,63,63,60,55,50,46,43,41,32,30,24,28,36,70,71,24,19,19,12,10,8,7,10,33,78,101,71,41,41,41,42,42,42,44,47,44,40,39,39,44,51,56,62,65,68,72,74,74,75,75,75,75,68,61,48,42,42,42,42,42,52,55,55,56,57,60,60,72,60,41,33,19,15,16,16,19,43,69,121,121,65,65,79,92,94,95,94,92,92,96,100,98,98,98,100,104,106,106,85,84,82,30,30,50,123,189,192,194,195,196,196,198,198,198,199,200,200,202,203,205,206,208,210,212,213,214,217,217,220,221,221,222,222,222,222,222,222,222,222,222,222,222,222
215,215,216,216,217,217,217,217,218,218,218,218,218,218,218,219,219,220,220,220,220,220,220,220,221,221,221,221,221,221,221,222,222,222,221,221,222,222,222,222,222,222,222,220,219,217,214,212,210,92,49,40,41,64,64,63,63,63,63,62,58,54,50,46,41,32,30,24,30,61,80,91,71,24,21,12,12,10,10,21,34,51,54,48,41,41,41,45,51,52,46,46,44,41,39,41,47,53,60,65,66,68,72,73,74,76,76,78,75,74,64,55,46,42,42,44,52,55,57,56,47,47,67,67,72,89,64,39,33,33,20,20,39,44,67,70,67,84,90,101,100,100,96,95,92,92,92,96,97,97,98,100,104,107,107,80,77,62,42,42,56,148,191,192,193,195,196,196,197,198,198,199,199,200,202,203,204,206,208,209,212,213,214,216,217,219,221,221,222,222,222,222,222,222,222,222,222,222,222,222
215,216,216,216,217,217,217,218,218,218,218,218,218,219,219,219,220,220,220,220,220,220,220,220,221,221,221,221,221,221,221,222,222,222,222,222,222,222,222,222,222,222,222,220,219,217,214,212,210,127,59,42,42,65,65,64,64,64,64,63,60,58,54,51,51,49,34,30,32,39,67,71,62,34,24,19,18,18,21,34,61,68,54,48,45,41,45,51,54,54,50,48,44,43,41,44,52,59,61,64,67,68,72,73,75,75,78,81,81,81,74,61,51,46,44,44,52,57,61,63,63,63,67,67,60,60,64,64,51,50,47,42,44,52,68,70,76,87,100,104,102,101,96,94,92,89,90,92,95,96,98,100,104,107,107,75,73,61,56,56,61,169,191,192,193,194,195,197,197,198,198,199,199,200,200,203,204,206,208,209,212,213,214,216,217,219,221,221,222,222,222,222,223,223,222,222,222,222,222,222
216,216,216,217,217,217,217,218,218,218,218,218,219,219,219,219,219,220,220,220,220,220,220,221,221,221,221,221,221,221,221,222,222,222,222,222,222,222,222,222,222,222,221,220,219,217,215,213,212,164,59,47,47,65,65,65,65,65,65,64,62,60,60,61,61,59,57,55,49,49,47,51,51,51,38,36,39,50,52,61,69,69,54,51,48,45,51,54,55,54,50,48,46,43,47,49,52,59,62,65,68,69,73,74,75,78,80,84,84,84,83,79,61,51,46,44,52,56,63,64,64,63,63,59,58,58,64,64,51,50,48,47,47,52,68,79,87,95,105,105,104,100,94,92,89,88,89,91,92,95,96,101,104,107,107,74,61,57,56,61,72,184,191,192,193,194,195,197,198,198,198,198,199,200,200,202,204,205,208,210,212,212,214,216,217,219,221,221,222,222,222,222,223,223,222,222,223,223,223,222
216,216,216,217,217,218,218,218,218,218,218,219,219,219,219,219,219,220,220,220,220,220,220,220,221,221,221,221,221,221,221,222,222,222,222,222,222,222,222,222,222,222,221,220,220,217,216,214,212,191,62,49,49,66,66,65,65,65,65,65,64,61,61,61,62,62,60,58,55,54,51,51,51,51,53,51,53,54,61,67,69,69,62,54,54,54,54,61,55,53,50,47,46,44,49,49,52,58,62,66,70,73,74,75,77,80,82,88,86,85,84,83,79,65,51,47,51,53,61,64,66,68,68,59,56,54,54,64,64,58,53,50,59,68,74,80,92,103,105,105,104,96,91,88,88,87,88,91,92,95,96,100,106,107,107,74,54,54,54,69,93,189,191,192,193,194,195,198,198,198,198,199,199,200,200,202,204,205,208,210,211,212,214,216,217,219,221,221,222,222,222,222,223,223,223,223,223,223,223,223
216,216,217,217,217,218,218,218,218,219,219,219,219,219,219,219,220,220,220,220,220,220,220,220,220,221,221,221,221,221,221,221,222,222,222,222,222,222,222,222,222,222,222,221,220,218,216,214,213,201,67,49,49,67,67,66,65,66,66,66,65,64,61,61,60,62,60,60,59,55,55,54,55,55,55,53,55,58,59,59,67,57,54,54,58,64,64,61,53,53,50,48,48,49,49,49,51,58,66,70,74,74,75,76,77,80,83,90,90,86,85,84,84,78,66,54,51,54,61,63,66,70,71,71,68,54,54,56,58,56,58,59,65,72,75,85,94,103,104,104,95,91,89,88,87,87,89,92,92,96,99,102,107,108,108,76,54,54,54,69,108,190,190,193,193,195,195,197,198,198,198,199,199,200,200,202,203,205,208,210,210,212,214,216,217,219,221,222,222,222,222,222,223,223,223,223,223,223,223,223
216,217,217,217,218,218,218,218,219,219,219,219,219,219,219,220,220,220,221,221,221,221,221,221,221,221,221,221,221,221,221,221,222,222,222,222,222,222,222,222,223,223,222,221,220,218,216,214,213,202,67,47,47,69,69,66,66,66,67,66,66,64,61,59,58,59,60,60,58,58,57,56,56,56,53,51,53,54,58,59,59,57,57,62,71,71,64,59,53,52,50,48,50,49,49,49,51,58,66,75,77,81,79,79,80,80,83,85,87,85,83,80,84,82,78,74,65,62,62,63,68,70,71,75,75,73,69,66,64,65,65,65,67,74,76,84,91,94,95,95,93,92,89,88,87,85,89,92,94,99,101,103,108,109,109,79,60,54,54,58,119,190,190,193,193,195,196,197,197,197,198,199,199,200,200,202,203,205,207,210,210,213,214,216,217,219,221,222,222,222,222,222,222,223,223,223,223,223,223,223
217,217,217,217,218,218,218,219,219,219,219,219,219,220,220,220,220,221,221,221,221,221,221,221,221,221,221,222,222,222,222,222,222,222,222,222,222,222,222,222,223,222,222,221,220,218,217,215,212,201,62,39,39,67,67,66,66,67,68,67,66,64,61,58,58,58,57,57,57,57,58,58,58,57,53,53,53,59,60,61,64,69,73,82,75,74,68,60,54,53,52,51,52,48,48,49,54,63,72,78,79,81,81,81,80,83,85,85,86,83,75,75,82,85,85,80,75,71,67,67,68,69,71,77,77,77,77,77,77,73,69,69,74,76,81,84,87,91,91,91,93,93,93,89,88,89,91,92,99,101,103,105,109,110,110,81,77,58,43,43,119,189,190,193,193,195,196,196,197,197,198,199,200,200,201,201,202,204,206,209,210,213,214,216,217,219,221,222,222,222,222,222,222,223,223,223,223,223,223,223
217,217,217,218,218,218,219,219,219,219,219,219,220,220,220,220,220,221,221,221,221,221,221,221,221,221,222,222,222,222,222,222,222,222,223,223,222,222,222,222,223,222,222,221,220,218,217,215,203,172,44,33,33,68,68,68,68,68,68,68,67,65,62,60,58,58,57,57,56,56,57,58,58,59,59,59,65,65,66,69,77,80,82,82,76,71,68,63,62,55,54,53,52,48,48,52,59,68,75,78,81,81,81,81,84,84,85,85,85,81,75,72,73,85,86,86,81,76,74,73,71,70,71,76,77,78,80,80,81,80,82,82,82,81,82,85,89,90,91,91,96,96,96,92,90,90,92,93,101,103,105,107,111,111,110,81,77,45,43,43,107,182,190,193,194,195,196,196,197,198,198,199,199,200,201,201,202,204,206,209,211,212,214,215,218,219,220,222,222,222,222,222,222,222,223,223,223,223,223,223
217,217,218,218,218,219,219,219,219,219,219,219,220,220,220,220,221,221,221,221,221,221,221,221,221,222,222,222,222,222,222,222,222,223,223,223,223,222,222,222,222,222,222,221,220,219,218,215,198,125,42,34,37,66,68,70,68,68,68,68,68,66,65,63,62,61,60,58,56,56,57,58,59,60,62,65,67,70,74,84,84,84,83,83,71,71,69,66,63,61,56,54,50,44,48,57,63,69,78,82,82,82,84,85,87,87,87,86,85,81,81,71,71,81,88,89,86,82,82,81,76,73,74,75,76,77,78,80,81,82,82,83,83,85,89,89,90,94,95,98,98,98,98,94,92,92,93,94,103,107,108,111,112,112,108,80,71,45,38,43,107,170,190,193,194,195,196,196,197,198,198,198,199,200,201,201,201,204,207,209,211,212,214,215,217,219,220,221,222,222,222,222,222,223,223,223,223,223,223,223
217,218,218,218,218,219,219,219,219,220,219,220,220,220,220,221,221,221,221,221,221,221,221,221,221,222,222,222,222,222,222,222,223,223,223,223,223,223,222,222,222,222,222,221,220,219,218,214,189,121,64,42,48,67,70,71,71,71,71,70,69,67,67,66,66,65,63,60,60,59,59,61,62,65,66,70,70,79,83,84,84,83,80,75,75,74,74,69,64,63,57,55,44,44,50,61,65,73,80,83,85,86,88,89,90,89,90,87,87,85,82,77,75,77,89,90,90,86,86,86,86,81,76,76,76,75,75,78,80,80,81,83,85,89,89,91,94,96,98,101,99,98,96,94,93,93,94,97,107,109,110,116,115,112,107,80,58,44,43,45,111,175,190,194,194,196,196,196,197,198,198,199,199,200,200,201,202,203,207,209,211,212,213,215,217,218,220,221,222,222,222,222,223,223,223,223,223,223,223,223
217,218,218,218,218,219,219,219,219,220,220,220,220,220,220,221,221,221,221,221,222,222,221,221,222,222,222,222,222,222,222,222,223,223,223,223,223,223,222,222,222,222,222,221,220,219,218,215,188,102,64,48,59,67,72,73,73,73,73,73,73,70,70,69,68,68,67,64,61,61,62,64,67,72,74,74,78,79,81,81,80,79,79,76,76,79,76,74,69,63,56,53,44,44,59,65,73,80,83,86,88,89,90,90,92,94,93,92,89,87,86,83,77,77,89,92,97,97,92,90,89,89,86,77,76,75,74,75,77,77,78,78,84,89,91,92,95,98,102,102,99,98,95,93,93,94,97,102,107,110,116,118,116,115,107,84,58,55,45,65,121,167,189,194,195,196,196,196,197,198,198,199,199,200,200,201,202,203,207,209,211,212,213,216,217,218,220,221,222,222,222,223,223,223,223,223,223,223,223,223
217,218,218,218,219,219,219,219,219,220,220,220,220,221,221,221,221,221,221,221,222,222,222,222,222,222,222,222,222,222,222,223,223,223,223,223,223,223,223,223,223,223,222,221,220,220,218,214,181,80,64,59,59,71,73,74,75,75,75,75,75,74,73,72,71,70,69,68,66,66,67,70,74,74,74,74,74,72,75,76,77,77,78,79,80,80,79,76,69,63,54,50,49,52,65,72,80,89,93,93,93,93,94,95,99,100,100,97,93,89,87,86,83,83,87,95,99,99,96,93,91,91,89,86,78,76,73,74,76,76,76,76,78,84,89,91,92,96,98,98,95,95,94,94,94,99,102,105,109,113,120,120,118,115,108,89,73,58,73,85,123,175,189,194,195,196,196,196,197,198,198,199,199,200,200,201,202,203,206,209,210,212,213,216,217,218,220,221,222,222,222,223,223,223,223,223,223,223,223,223
217,218,218,218,219,219,219,219,220,220,220,220,220,221,221,221,221,221,221,221,222,222,222,222,222,222,222,222,222,222,222,223,223,223,223,223,223,223,223,223,223,223,222,221,220,220,218,215,183,73,64,54,54,71,74,76,76,76,79,79,80,76,76,74,73,71,70,69,69,69,69,70,74,74,71,67,67,71,72,74,75,77,79,80,86,86,79,76,69,62,50,49,50,62,71,74,89,94,95,95,95,95,98,100,100,101,101,100,99,96,95,91,86,83,83,94,99,99,96,94,94,94,91,89,86,81,76,75,77,78,76,75,76,77,83,87,89,88,89,93,93,94,94,94,100,104,106,109,113,115,121,121,119,114,108,89,74,73,79,88,138,175,189,194,195,195,196,196,197,197,198,199,199,199,200,201,202,203,206,210,210,211,213,215,217,218,220,221,222,222,223,223,223,223,223,223,223,223,223,223
217,218,218,218,219,219,219,219,220,220,220,220,221,221,221,221,221,221,221,221,222,222,222,222,222,222,222,222,222,222,222,222,223,223,223,223,223,223,223,223,223,222,222,222,220,220,219,215,183,73,64,53,53,71,76,77,78,79,80,81,82,81,77,75,74,72,70,70,69,69,68,67,66,65,65,65,66,67,72,73,76,78,85,86,86,86,79,76,66,54,49,49,58,67,71,76,94,98,99,105,105,103,103,104,105,105,104,104,104,103,98,95,91,83,83,92,94,96,94,94,94,95,95,91,89,86,82,78,78,78,78,76,76,78,80,83,82,83,88,90,93,95,96,101,106,108,112,117,115,117,120,121,120,113,108,85,74,75,81,88,140,188,192,194,195,195,196,196,197,197,198,199,199,199,200,202,202,202,206,210,210,211,213,215,217,218,220,221,222,222,223,223,223,223,223,223,223,223,223,222
218,218,218,219,219,219,219,220,220,220,220,220,221,221,221,221,221,221,221,222,222,222,222,222,222,222,222,222,222,222,222,222,222,223,223,223,223,223,223,223,222,222,222,222,220,220,219,217,191,75,64,53,53,67,75,77,79,79,80,82,84,84,80,77,74,74,71,70,69,68,66,63,61,63,64,65,66,72,72,73,74,85,88,89,89,82,81,75,64,51,46,49,64,70,76,91,98,101,105,106,107,107,108,110,110,109,109,109,108,108,103,95,92,84,84,88,92,91,93,94,96,97,97,95,90,87,86,86,85,84,81,79,79,80,80,80,80,83,88,92,93,95,100,106,112,116,121,121,118,118,119,121,120,113,106,66,66,74,82,92,143,188,194,194,195,195,196,196,197,197,197,198,199,199,201,201,202,202,206,208,210,211,213,215,216,218,220,221,222,222,223,223,223,223,223,223,223,223,223,222
218,218,218,219,219,219,220,220,220,220,220,220,221,221,221,221,221,221,221,222,222,222,222,222,222,222,222,222,222,222,222,222,222,223,223,223,223,223,223,222,222,222,222,221,220,219,218,217,208,84,64,53,53,64,74,78,80,80,80,83,83,84,79,78,75,74,73,71,70,69,66,65,61,63,71,74,75,75,74,76,78,86,88,88,88,83,82,75,55,48,48,54,67,70,84,97,101,104,106,113,115,115,114,113,112,112,112,112,112,112,110,99,93,84,84,84,86,88,89,94,94,97,97,97,94,90,88,87,85,85,84,83,83,85,85,85,83,85,93,93,93,94,101,110,116,121,122,122,118,118,118,120,120,113,106,64,64,75,83,97,162,193,194,194,195,195,196,196,196,197,197,198,199,199,201,201,202,202,205,208,210,211,213,214,216,219,219,221,222,222,223,223,223,223,223,223,223,223,223,222
218,218,219,219,219,220,220,220,220,220,220,221,221,221,221,221,221,221,222,222,222,222,222,222,222,222,222,222,222,222,222,222,222,223,223,223,223,223,223,222,222,222,222,221,220,219,218,217,216,131,68,58,54,61,73,77,78,80,82,83,83,83,82,81,78,76,74,74,74,75,76,78,77,77,77,76,77,77,77,80,81,86,88,89,89,86,82,73,50,48,50,56,69,77,92,101,104,105,113,119,121,121,118,116,116,116,116,117,118,117,115,110,95,84,78,75,84,86,86,89,94,95,95,95,94,94,93,91,88,87,89,89,89,89,89,88,87,94,94,94,94,95,102,112,116,121,122,122,120,118,118,119,119,113,106,63,63,78,91,107,184,194,194,194,195,195,195,196,196,197,197,197,198,199,200,201,202,202,205,208,210,212,212,214,216,219,220,221,222,222,223,223,223,223,223,223,223,223,223,222
218,218,219,219,219,220,220,220,220,220,221,221,221,221,221,222,222,222,222,222,222,222,222,222,222,222,222,222,222,222,222,222,222,223,223,223,223,223,222,222,222,222,222,221,220,219,219,218,216,196,86,62,54,54,71,77,78,80,82,83,83,83,82,81,80,80,78,77,77,78,78,79,78,79,79,80,80,81,81,81,86,88,93,93,93,88,86,71,50,48,56,68,75,82,93,102,104,110,119,124,127,126,125,120,118,116,118,118,121,121,121,116,107,91,81,75,80,80,80,82,91,95,92,94,94,94,94,94,92,91,91,90,89,89,90,94,94,95,96,97,97,98,104,110,116,120,122,122,118,118,118,119,119,112,104,64,64,86,103,141,192,194,194,195,195,195,195,196,196,197,197,197,198,199,200,201,202,202,205,208,210,212,212,214,216,219,220,221,222,222,222,223,223,223,223,223,223,223,223,222
218,219,219,219,220,220,220,220,220,221,221,221,221,221,222,222,222,222,222,222,222,222,222,222,222,222,222,222,222,222,222,222,222,222,223,223,223,223,222,222,222,222,222,221,221,220,219,218,216,214,166,63,45,45,69,76,77,78,82,83,84,83,83,81,81,80,79,78,78,82,82,78,78,79,82,83,83,83,87,89,92,94,94,94,93,92,78,61,59,59,69,73,81,88,93,102,105,114,123,131,135,134,132,126,122,122,122,122,122,123,123,124,116,103,91,81,81,74,74,73,82,91,92,92,92,94,95,96,95,94,94,91,90,92,94,94,94,95,97,99,99,100,104,109,115,120,121,120,117,117,117,118,118,112,100,64,64,100,118,183,192,194,194,195,195,195,195,196,196,197,197,197,198,199,200,200,202,202,206,208,210,211,213,215,216,219,220,221,222,222,222,223,223,223,223,223,223,223,223,223
219,219,219,219,220,220,220,220,220,221,221,221,221,222,222,222,222,222,222,222,222,222,222,222,222,222,222,222,222,222,222,222,222,222,223,223,223,222,222,222,222,222,221,221,221,220,219,218,216,215,201,127,45,45,67,74,76,78,82,83,85,85,82,81,79,79,78,78,81,81,83,80,79,82,85,85,87,89,90,92,95,97,97,95,92,91,71,59,59,70,75,81,85,92,94,102,110,117,123,138,140,144,144,135,132,125,124,125,123,124,125,130,130,116,105,96,90,82,70,66,73,85,90,92,92,94,95,97,96,98,96,96,96,95,94,94,95,95,98,100,100,100,103,105,114,116,116,117,117,118,117,118,117,110,98,73,73,118,183,192,194,194,194,195,195,195,195,196,196,196,197,198,198,199,200,200,201,202,206,208,210,211,213,215,216,219,220,221,222,222,222,223,223,223,223,223,223,223,223,223
219,219,219,220,220,220,220,220,220,221,221,221,221,222,222,222,222,222,222,222,222,222,222,222,222,222,222,222,222,222,222,222,222,222,222,222,222,222,222,222,222,221,221,221,220,220,219,218,216,215,204,153,50,50,62,73,74,76,78,84,86,85,82,81,79,76,77,77,78,81,83,84,85,87,89,88,89,92,95,93,95,95,95,95,92,77,66,59,71,77,80,85,92,93,96,104,110,117,123,134,142,145,150,146,137,134,129,126,125,124,125,130,131,126,113,105,101,95,83,70,63,77,85,90,92,98,97,98,98,99,101,99,100,99,97,95,95,97,98,99,100,101,103,105,108,114,114,114,114,116,116,116,115,110,93,90,117,174,191,192,194,194,194,194,194,195,195,196,196,196,197,198,198,199,200,200,201,203,206,208,210,211,213,215,216,219,220,221,222,223,222,223,223,223,223,223,224,224,223,223
219,219,219,219,220,220,220,220,221,221,221,221,221,221,222,222,222,222,222,222,222,222,222,222,222,222,222,222,222,222,222,222,222,222,222,222,222,222,222,222,221,221,221,221,220,220,220,218,216,215,214,172,75,56,59,73,74,75,78,79,84,84,82,79,76,75,75,76,77,79,84,85,87,88,90,90,95,95,96,97,97,95,95,92,89,69,66,71,78,81,84,92,96,96,97,102,105,115,119,127,134,142,150,146,139,135,129,127,123,122,122,125,128,126,117,113,113,108,100,83,63,71,81,89,92,98,99,100,101,101,102,102,102,100,100,95,95,95,97,98,99,101,101,105,107,107,108,114,114,114,114,114,112,109,90,90,149,187,192,192,194,194,194,195,195,195,195,196,196,196,197,198,198,199,200,200,202,203,205,208,210,211,212,215,216,219,220,221,221,222,222,223,223,223,223,223,223,224,223,223
219,219,219,219,220,220,220,220,221,221,221,221,222,222,222,221,221,222,222,222,222,222,222,222,222,222,222,222,222,222,222,222,222,222,222,222,222,221,221,221,221,221,221,220,220,220,219,218,216,215,214,201,89,50,56,66,73,76,78,78,81,81,79,78,74,73,73,75,76,77,84,87,87,88,90,97,98,98,97,97,97,95,92,89,80,67,69,78,82,85,89,96,97,96,96,99,104,109,116,120,124,129,132,133,132,128,127,121,118,114,112,116,121,121,121,121,123,124,117,100,71,71,78,86,91,101,106,103,103,103,103,102,100,100,98,95,94,93,97,98,100,101,101,105,107,107,108,111,111,112,112,114,112,109,85,85,163,187,192,192,193,194,195,195,195,195,195,196,196,196,197,198,199,199,200,201,202,204,205,208,210,211,212,215,216,219,220,221,221,222,223,223,223,223,223,223,223,223,223,223
219,219,219,220,220,220,220,221,221,221,222,221,222,222,222,222,222,222,222,222,222,222,222,222,222,222,222,222,222,222,222,222,222,222,222,221,221,221,221,221,221,221,220,220,220,220,219,218,216,215,214,208,112,44,44,62,73,76,77,77,79,79,78,75,73,72,72,75,76,77,84,87,87,89,97,101,101,101,101,101,99,91,90,85,73,69,77,85,85,86,89,91,96,93,93,96,99,102,109,115,120,124,124,124,123,122,115,113,112,111,111,111,112,117,119,121,124,126,126,117,91,73,77,80,87,100,106,103,103,104,104,102,100,100,99,95,93,92,92,99,101,101,101,107,107,108,109,112,113,114,114,114,111,102,84,84,156,184,192,192,193,194,195,195,195,196,195,196,196,197,197,198,198,199,200,200,202,204,205,209,210,211,212,215,217,219,220,221,221,222,222,223,223,223,223,223,223,223,223,223
219,219,220,220,220,220,221,221,221,222,222,222,222,222,222,222,222,222,222,222,222,222,222,222,222,222,222,222,222,222,222,222,222,222,222,221,221,221,221,221,221,220,220,220,220,219,219,218,217,215,214,211,119,44,44,58,72,73,73,73,78,78,78,74,72,72,73,75,76,78,84,87,89,94,100,102,102,102,103,101,98,96,90,85,76,76,85,85,86,86,87,89,89,88,90,92,94,97,103,109,114,114,117,117,117,113,109,105,109,110,110,110,107,104,104,112,118,126,126,120,111,77,77,80,85,94,100,101,103,104,104,104,100,100,99,97,94,93,98,101,102,104,101,104,107,109,111,112,111,113,113,111,110,102,75,75,166,184,192,192,193,195,195,195,195,196,195,196,196,196,197,197,198,199,200,201,202,204,205,209,210,211,213,215,217,219,220,221,222,222,222,223,223,223,223,224,223,223,223,223
219,220,220,220,220,221,221,221,221,222,222,222,222,222,222,222,222,222,222,222,222,222,222,222,222,222,222,222,222,222,222,222,222,222,221,221,221,221,221,221,221,220,220,220,220,219,219,218,217,215,214,213,173,88,58,58,67,72,73,73,78,78,77,74,71,71,73,75,77,80,84,88,92,97,99,101,101,103,103,102,96,91,90,87,79,79,86,86,86,83,82,75,70,70,77,88,93,94,97,103,105,110,109,109,109,105,102,102,103,103,99,84,63,63,71,87,98,110,120,118,109,84,80,80,85,93,98,101,104,108,106,106,105,105,100,100,100,102,102,102,102,106,107,107,108,110,110,109,109,111,111,110,108,97,75,75,168,188,192,193,194,195,195,195,195,196,196,196,196,197,197,197,198,199,200,201,202,204,205,209,210,211,214,216,217,219,220,222,222,222,222,223,223,223,224,224,224,223,223,223
220,220,220,220,220,221,221,221,221,221,222,222,222,222,222,222,222,222,222,222,222,222,222,222,222,222,222,222,222,222,222,222,222,222,222,221,221,221,221,221,221,220,220,220,219,219,219,218,217,216,214,213,185,121,60,58,66,71,71,73,76,77,76,74,71,71,72,73,77,82,84,90,92,95,97,100,101,107,107,100,96,90,89,87,79,79,80,86,77,61,43,30,30,36,39,50,83,92,94,97,103,104,105,104,104,102,101,101,96,95,54,41,15,15,31,42,62,81,98,104,100,85,80,80,81,92,94,101,104,109,108,108,107,112,110,109,109,109,108,107,106,107,108,107,108,110,110,109,108,109,109,109,106,90,72,75,172,188,193,193,194,195,196,196,196,196,196,196,196,196,197,197,198,199,200,201,202,203,206,209,209,212,214,216,217,219,220,222,222,222,222,222,223,223,223,224,223,223,223,223
220,220,220,220,221,221,221,221,221,222,222,222,222,222,222,222,222,222,222,223,222,222,222,222,222,222,222,222,222,222,222,221,222,221,221,221,221,221,221,221,221,220,220,220,219,219,219,218,217,216,214,213,199,143,63,60,63,67,71,73,76,76,76,74,71,71,72,73,76,82,84,90,92,95,95,96,104,105,105,100,97,89,88,87,81,79,73,72,55,34,27,25,22,21,24,24,24,57,88,94,94,92,92,99,99,99,97,94,79,49,11,11,13,15,29,31,40,53,80,93,91,85,77,78,83,92,92,98,103,107,107,108,107,111,110,110,112,113,112,114,110,110,108,107,108,110,110,108,106,106,107,107,98,75,72,99,172,190,193,194,194,196,196,196,196,196,196,196,196,197,197,198,198,199,200,201,201,203,206,209,209,212,214,216,217,219,220,222,222,222,222,222,223,223,223,223,223,223,223,224
220,220,220,220,221,221,221,221,221,222,222,222,222,222,222,222,222,222,222,222,222,222,222,222,222,222,222,222,222,222,221,221,221,221,221,221,221,221,221,221,221,220,220,220,219,219,219,218,217,216,215,213,207,174,69,60,60,63,70,71,73,74,76,74,72,71,72,72,73,78,83,89,89,95,94,96,103,104,104,100,97,88,88,89,85,73,71,55,46,34,29,29,30,34,24,24,24,52,64,77,79,79,79,79,79,80,79,79,69,37,11,13,17,29,31,36,40,53,66,80,80,77,77,78,83,88,92,97,98,103,106,107,107,109,108,109,111,113,114,118,118,117,110,107,106,109,110,108,106,106,106,103,83,69,70,103,182,190,193,194,195,195,196,196,196,196,196,196,196,197,197,198,198,199,200,201,201,203,206,209,210,212,214,216,217,219,220,222,222,222,222,222,223,223,223,223,223,223,223,224
220,220,220,221,221,221,221,221,221,222,222,222,222,222,222,222,222,222,222,222,222,222,222,222,222,222,222,222,222,221,221,221,221,221,221,221,221,221,221,221,221,220,220,220,219,219,219,218,217,216,215,213,208,190,100,62,55,55,66,70,71,74,75,74,72,70,70,72,75,76,80,85,88,92,92,96,99,103,103,101,97,88,88,89,86,71,58,54,46,46,46,41,34,34,34,34,34,64,70,70,70,72,72,72,72,72,73,77,77,49,38,38,51,68,78,78,76,67,74,79,74,77,77,79,81,86,91,92,97,100,101,103,105,105,102,101,103,112,113,118,118,117,114,108,107,108,109,105,103,103,103,98,69,65,65,103,188,190,194,194,195,195,195,196,196,196,196,196,196,197,197,198,198,199,200,201,202,204,206,209,210,212,214,216,217,219,220,222,222,222,222,222,223,223,223,223,223,223,223,223
220,220,220,220,221,221,221,221,221,222,222,222,222,222,222,222,222,222,222,222,222,222,222,222,222,222,222,222,222,221,221,221,221,221,221,221,221,221,221,221,220,220,220,220,219,219,219,218,217,217,215,213,208,192,128,62,47,46,58,66,67,70,73,74,72,71,70,71,75,76,78,82,87,90,90,93,97,99,99,98,90,88,88,88,82,71,58,56,54,56,65,74,74,68,59,59,73,90,75,70,68,68,69,69,69,62,62,71,73,77,85,88,94,94,90,84,82,78,74,63,64,72,77,79,81,86,86,89,93,95,100,100,100,102,100,101,101,104,113,115,115,115,114,108,105,107,108,104,101,99,98,88,62,62,90,129,189,192,194,194,195,195,195,195,196,196,196,196,196,197,197,198,198,199,200,201,202,204,206,209,210,212,214,216,217,219,220,222,222,222,222,223,223,223,223,223,223,223,223,223
219,219,220,220,221,221,221,221,221,221,222,222,222,222,222,222,222,221,222,222,222,222,222,222,222,222,222,222,222,222,221,221,221,221,221,221,221,221,221,220,220,220,220,220,219,219,219,218,217,217,215,214,212,196,150,54,45,36,46,62,65,66,72,74,74,72,70,71,76,77,78,81,85,86,90,90,92,93,93,92,88,88,85,82,72,67,58,54,56,64,67,74,74,68,59,59,73,90,75,55,55,55,66,66,60,50,41,41,52,73,85,88,94,94,90,84,80,78,66,63,65,71,77,79,81,82,82,82,87,90,93,97,100,100,100,101,101,102,105,114,114,114,112,108,101,104,104,101,98,94,92,75,61,62,90,146,190,192,194,194,195,195,195,195,196,196,196,196,197,197,197,198,199,200,200,201,202,203,206,208,210,212,213,215,217,219,220,222,222,222,222,223,223,223,223,223,224,224,223,223
219,219,220,220,220,221,221,221,221,222,222,222,222,222,222,222,221,221,221,222,222,222,222,221,222,222,222,222,222,222,222,221,221,221,221,221,221,221,220,220,220,220,220,220,219,219,219,218,217,216,215,214,212,207,190,54,45,31,36,58,62,65,66,74,74,74,73,73,76,78,78,78,78,82,87,90,92,93,89,86,86,83,81,77,72,67,58,53,53,56,58,56,58,55,55,54,52,52,54,54,49,51,55,58,53,50,41,41,45,46,47,51,55,58,58,58,58,63,63,65,71,77,80,80,80,81,80,80,81,87,89,90,93,95,95,101,102,102,108,114,114,115,112,101,100,100,100,97,92,90,84,61,58,62,90,163,187,191,194,195,195,195,195,195,196,196,196,196,197,197,197,198,198,199,201,201,202,203,206,208,211,212,213,215,217,219,220,221,222,222,223,223,223,223,223,223,224,224,223,223
219,219,219,220,220,221,221,221,221,222,222,222,222,222,222,222,221,221,221,222,222,222,222,221,221,222,222,222,222,222,221,221,221,221,221,221,221,220,220,220,220,220,220,219,219,219,219,218,218,216,215,214,212,207,190,78,36,31,36,46,58,63,65,70,73,73,73,73,73,77,73,69,73,78,86,88,87,86,86,86,83,80,77,75,73,70,64,53,50,50,50,49,47,47,46,46,49,50,53,52,49,50,52,54,56,54,54,53,46,46,47,51,52,54,55,55,58,63,68,73,76,80,80,80,80,80,79,80,83,83,83,88,88,88,93,95,102,102,108,112,114,114,110,105,100,97,97,94,90,89,62,54,55,64,99,169,180,191,193,195,195,195,195,195,196,196,196,196,197,197,197,198,198,199,200,201,202,204,207,209,211,212,214,215,218,219,220,221,222,222,223,223,223,223,223,223,223,223,223,223
219,219,219,220,220,220,221,221,221,222,222,222,222,221,222,221,221,221,222,222,222,222,222,221,221,222,222,222,222,221,221,221,221,221,220,221,220,220,220,220,220,219,219,219,219,219,219,218,218,217,215,214,212,211,202,125,38,31,36,41,55,59,65,70,71,70,68,73,73,74,73,65,65,78,83,87,85,80,79,78,78,76,75,74,73,72,67,61,55,50,50,49,47,47,43,43,43,50,53,53,53,52,54,54,57,56,56,54,53,51,51,56,55,55,55,58,63,68,73,73,79,80,81,81,80,79,79,81,83,82,80,80,83,86,86,92,97,103,108,112,112,112,106,97,97,97,94,92,88,88,54,47,50,68,128,178,182,193,193,194,195,195,195,195,196,196,196,197,197,197,197,198,198,199,201,201,203,204,207,209,211,212,214,216,218,219,220,221,222,222,223,223,223,223,223,223,223,223,223,223
219,219,219,219,220,220,220,221,221,222,222,222,221,221,221,221,221,221,221,222,222,222,222,222,221,222,222,222,221,221,221,221,221,221,220,220,220,220,220,220,219,219,219,219,219,219,219,218,218,217,216,214,213,212,207,151,38,31,31,38,55,57,60,68,66,68,67,68,72,73,71,69,69,75,79,80,79,78,78,78,76,74,73,73,73,72,67,65,57,52,50,50,48,48,47,50,50,50,53,53,62,59,62,58,58,57,58,54,54,56,59,59,61,61,59,59,59,63,72,73,73,76,79,80,79,79,79,83,83,81,79,79,84,84,86,86,95,96,105,110,112,112,105,97,97,93,87,87,83,74,46,45,45,74,154,180,192,193,193,194,195,195,195,197,197,197,197,197,197,197,197,198,198,199,201,201,203,204,207,209,211,213,214,216,217,219,220,221,222,222,222,223,223,223,223,223,223,223,223,223
219,219,219,219,220,220,220,220,221,221,222,221,221,221,221,221,221,221,221,222,221,221,221,221,221,222,222,221,221,221,221,221,221,220,220,220,220,220,220,219,219,219,219,219,219,219,218,218,218,217,216,215,214,212,210,178,46,30,24,28,42,49,55,67,62,67,62,67,68,73,74,69,69,71,78,78,77,75,75,73,73,72,71,71,71,71,67,65,57,52,51,50,49,49,50,54,51,50,51,62,67,63,62,58,58,54,54,53,52,58,61,61,62,62,61,61,59,60,60,60,68,73,74,77,78,78,78,75,81,78,80,83,84,83,82,86,88,94,97,109,110,110,102,97,96,93,87,87,83,70,44,44,45,86,172,184,193,193,194,195,196,196,196,196,197,197,197,197,197,197,198,198,199,200,201,202,203,205,207,209,211,213,214,215,217,219,221,221,222,223,223,223,223,223,223,223,223,223,223,223
219,219,219,219,220,220,220,220,221,221,221,221,221,221,221,221,221,221,221,221,221,221,221,221,221,221,221,221,221,221,221,221,221,220,220,220,220,220,219,219,219,219,219,219,219,218,218,218,218,217,217,215,214,213,211,185,83,34,22,22,29,47,49,54,61,62,61,59,60,68,71,69,67,69,69,68,68,71,71,71,70,69,68,69,67,67,66,63,55,51,49,49,47,49,54,54,53,53,60,64,68,64,59,58,54,54,53,53,52,57,59,59,62,62,64,64,59,60,60,60,61,68,73,74,71,65,74,73,73,73,80,84,84,82,81,83,87,88,94,104,109,109,105,101,93,91,89,85,83,46,41,41,45,89,175,192,193,194,195,195,196,195,196,196,196,196,197,197,197,197,198,198,199,200,201,202,203,205,207,209,211,213,214,215,218,219,221,221,222,222,223,223,223,223,223,223,223,223,223,223
219,219,219,219,220,220,220,220,220,221,221,221,221,221,221,221,221,221,221,221,221,221,221,221,221,221,221,221,221,221,221,221,220,220,220,220,220,219,219,219,219,219,219,219,218,218,218,218,218,217,217,215,214,213,211,202,101,30,22,22,29,48,50,53,59,61,58,57,59,60,65,61,60,60,64,64,63,61,63,63,63,66,63,63,62,62,62,61,54,50,45,42,41,47,47,49,49,53,56,60,67,63,58,58,60,57,52,52,51,57,57,57,46,49,55,64,59,64,61,58,61,68,71,71,63,54,62,62,62,58,78,84,84,81,80,83,83,81,81,89,104,105,105,101,94,91,91,84,71,43,37,41,45,109,181,193,194,195,195,195,196,195,196,196,196,196,197,197,197,197,198,198,199,200,201,202,203,206,207,210,211,213,215,216,218,219,221,221,222,222,223,223,223,223,223,223,223,223,223,223
219,219,219,220,220,220,220,220,221,221,221,221,221,221,221,221,221,221,221,221,221,221,221,221,221,221,221,221,221,221,221,220,220,220,220,220,220,219,219,219,219,219,218,218,218,218,218,218,218,217,217,215,214,213,210,204,151,36,30,23,31,42,50,55,59,59,58,57,60,60,60,59,60,58,60,59,59,50,48,56,57,58,58,56,56,56,62,62,54,49,41,37,39,40,44,44,45,49,56,49,57,52,50,50,58,57,50,48,48,58,58,55,46,47,50,55,60,66,66,64,61,61,78,78,54,52,54,54,54,54,58,78,79,79,76,73,76,76,78,81,89,105,108,101,94,91,88,77,58,41,36,39,45,131,181,193,194,195,195,195,197,196,196,196,196,196,197,197,197,198,198,198,199,200,201,202,203,206,207,210,211,213,215,216,218,219,220,221,222,222,222,222,223,223,223,223,223,223,223,223
219,219,219,220,220,220,220,220,221,221,221,221,221,221,221,221,221,221,221,221,221,221,221,221,220,220,220,220,221,220,220,220,220,220,220,220,220,219,219,219,219,219,219,219,218,218,218,218,217,217,216,215,213,212,210,207,172,36,36,31,36,42,52,53,55,59,59,57,57,57,57,54,56,56,58,56,50,44,44,48,57,58,58,55,55,56,59,62,58,50,41,31,33,33,40,43,47,47,46,47,49,50,50,50,55,56,52,48,48,58,59,55,46,49,50,54,59,61,61,61,59,61,75,75,59,53,54,61,54,53,55,61,68,66,66,65,65,65,69,78,84,100,108,101,100,88,79,70,47,43,37,41,95,159,189,194,195,195,195,196,196,196,196,196,196,196,197,197,197,198,198,198,199,200,201,202,203,206,208,210,211,213,215,216,218,219,220,222,222,222,222,222,222,223,223,223,223,223,223,223
219,219,219,220,220,220,220,220,220,221,221,221,221,221,221,220,221,221,221,221,221,221,221,221,220,220,220,220,220,220,220,220,219,219,219,219,219,219,219,219,219,219,219,218,218,218,218,217,216,216,215,214,213,211,210,207,192,87,37,36,36,41,50,52,52,59,62,62,60,57,56,53,53,53,57,51,45,44,44,47,52,58,55,55,55,59,60,63,63,58,31,29,32,32,34,43,46,43,35,35,41,41,41,41,50,50,46,33,41,49,51,53,43,50,51,63,63,61,59,55,56,59,71,71,57,53,64,69,61,53,54,61,61,65,65,65,64,64,64,69,81,85,101,91,92,87,71,57,45,39,39,43,119,171,193,194,194,195,196,196,196,196,196,196,196,196,197,197,197,198,198,198,199,200,201,202,203,205,208,209,211,213,215,216,218,219,220,222,222,222,222,222,222,222,223,223,223,223,223,223
218,219,219,219,220,220,220,220,220,220,220,220,220,220,220,220,220,221,221,221,221,221,221,221,220,220,220,220,220,220,220,219,219,219,219,219,219,219,219,219,219,219,218,217,217,217,216,216,215,215,214,214,212,210,208,205,196,117,40,36,34,34,47,50,51,62,62,59,57,57,56,53,53,51,56,46,44,44,44,52,58,58,55,55,58,59,59,57,57,57,31,29,30,32,34,42,46,43,37,37,47,41,37,37,41,37,33,33,33,47,43,43,43,44,53,63,63,42,41,55,55,59,64,59,57,59,66,69,61,54,54,61,64,66,65,65,61,61,60,69,80,85,90,87,88,87,71,57,43,36,41,51,130,182,194,194,195,195,196,196,196,197,196,196,196,196,197,197,198,198,198,198,199,200,201,202,204,205,208,209,212,213,215,217,218,219,220,221,222,222,222,222,222,222,223,223,223,223,223,223
218,218,219,219,220,220,220,220,220,220,220,220,220,220,220,220,220,220,221,221,221,221,221,221,220,220,220,220,220,220,220,219,219,219,219,219,219,218,218,218,218,218,217,216,216,215,215,215,215,214,214,212,210,209,208,204,201,135,43,36,34,34,43,49,50,63,62,59,59,58,58,53,53,53,58,46,46,46,46,55,55,50,48,55,59,59,37,37,44,44,32,31,32,35,36,44,44,47,47,49,49,47,35,35,37,37,33,33,42,45,49,49,43,51,56,63,56,38,39,42,49,53,59,59,53,57,59,64,52,54,54,66,64,72,56,64,58,58,58,67,82,85,86,84,84,80,72,57,41,36,41,69,133,182,192,194,195,196,196,196,196,197,196,197,196,196,197,198,198,198,198,199,199,200,201,202,204,206,208,209,212,213,215,217,218,219,221,221,222,222,222,222,222,222,223,223,223,223,223,223
218,218,218,219,219,220,220,220,220,220,220,220,220,220,220,220,220,220,220,220,220,220,220,220,220,220,220,220,220,220,219,219,219,219,219,218,218,218,218,218,217,217,216,215,215,215,214,214,214,213,212,211,210,208,206,204,201,184,66,36,34,34,43,47,62,63,62,57,57,56,56,56,60,50,45,46,47,46,46,55,53,46,46,50,59,50,34,34,40,40,33,31,35,42,46,51,51,56,58,56,60,49,47,37,37,38,45,45,54,54,57,59,57,59,69,66,53,36,36,41,49,49,53,59,59,59,59,59,52,54,64,69,66,76,56,61,55,55,58,61,73,83,86,83,80,78,70,56,46,43,65,71,137,184,192,194,195,196,196,196,196,196,196,196,196,196,197,198,198,198,198,199,200,201,201,202,204,206,208,211,212,213,215,217,219,219,221,221,222,222,222,222,222,222,222,223,223,223,223,223
218,218,218,219,219,219,220,220,220,220,220,219,219,219,219,219,219,219,219,219,219,219,219,219,219,219,219,219,219,219,219,219,219,219,218,218,218,218,217,216,216,215,215,215,214,214,214,213,213,212,211,210,208,207,205,203,201,184,105,38,34,33,34,43,51,60,51,50,50,46,53,63,63,52,52,54,54,47,47,55,48,46,46,50,63,50,33,33,38,38,38,36,42,51,65,65,74,81,81,80,80,76,60,59,59,61,77,88,88,84,84,87,87,83,76,75,64,38,42,49,53,49,56,64,66,62,51,49,51,54,69,74,71,75,65,63,55,54,54,62,72,73,80,80,80,63,56,46,46,65,69,95,168,187,194,195,196,196,196,196,196,196,196,196,196,196,197,198,198,198,199,200,201,201,201,203,205,207,208,211,212,213,215,217,219,219,221,221,222,222,222,222,222,222,222,223,223,223,223,223
218,218,218,218,219,219,219,219,219,219,219,219,219,219,219,219,219,219,219,219,219,219,219,219,219,219,219,219,218,218,218,218,218,218,217,217,217,216,215,215,215,214,214,213,213,213,213,213,212,211,210,207,207,205,203,201,197,186,135,50,31,31,33,38,44,50,50,46,46,46,53,63,57,56,52,52,52,54,55,55,48,42,38,46,53,50,38,37,38,38,43,44,69,69,83,94,95,96,101,104,107,104,88,88,96,102,112,112,104,102,95,93,93,98,100,100,83,64,64,61,60,56,61,73,73,62,56,49,56,64,71,74,67,68,68,67,61,54,55,61,72,73,74,74,67,56,47,43,47,65,74,141,184,195,195,195,196,196,196,196,196,196,196,196,196,196,197,198,198,198,199,200,200,201,202,203,205,207,208,210,212,214,215,217,219,219,221,221,222,222,222,222,222,222,222,223,223,223,223,223
218,218,218,219,219,219,219,219,219,219,219,219,219,219,219,219,219,219,219,219,219,218,219,219,219,219,218,218,218,217,217,217,216,216,216,216,215,215,214,214,213,213,212,213,212,211,210,209,207,207,206,205,203,202,200,197,195,190,168,86,34,33,35,35,36,47,50,47,47,49,52,55,56,59,56,51,49,51,55,55,54,44,38,46,51,49,48,38,48,52,64,73,82,84,84,94,95,96,101,104,107,110,114,126,126,114,113,112,104,102,101,99,101,104,104,104,101,102,102,101,88,63,78,78,73,56,49,49,53,59,71,73,67,68,68,68,63,63,57,62,71,71,71,67,67,45,42,41,51,73,76,141,195,195,195,195,196,196,196,197,197,197,197,196,197,197,197,198,198,199,200,200,200,201,202,204,205,207,208,210,212,214,215,217,218,219,220,221,221,222,222,222,222,222,222,223,223,223,223,223
217,218,218,218,218,219,219,219,219,219,219,219,219,219,219,219,219,218,218,218,218,217,218,218,218,218,217,217,217,216,216,216,216,215,215,215,214,214,213,213,212,211,211,210,210,208,208,205,205,204,203,202,200,199,197,195,194,190,175,100,49,41,38,35,31,39,47,50,49,49,52,54,56,59,56,52,51,61,61,63,54,38,38,45,46,49,49,54,61,77,87,87,87,87,87,87,84,82,82,83,90,97,114,126,126,114,109,104,102,102,101,99,101,104,104,104,103,103,104,108,104,104,91,84,73,56,55,53,53,64,71,73,73,74,74,69,67,65,59,65,77,77,74,67,67,42,40,41,52,70,82,143,193,195,195,195,196,196,196,197,197,197,197,197,197,197,197,197,198,199,200,201,201,202,203,204,205,207,209,211,213,214,215,217,218,220,220,221,221,222,222,222,222,222,222,222,223,223,223,223
217,217,218,218,218,218,218,217,218,218,218,218,218,218,218,218,218,218,218,217,217,217,217,217,217,216,216,216,215,215,215,215,214,214,214,213,213,211,211,211,210,209,209,208,207,205,204,203,202,202,200,198,197,195,192,192,190,186,183,128,49,47,38,33,31,33,42,49,49,49,49,45,50,55,55,49,50,61,63,64,44,33,33,45,46,49,64,75,87,89,89,87,86,86,87,87,82,81,81,81,83,90,97,109,109,108,105,102,98,99,101,104,106,104,103,102,102,103,104,107,104,116,104,100,84,58,55,50,50,53,71,73,74,74,72,64,59,59,57,65,77,77,77,77,77,47,42,44,51,76,129,189,191,193,193,194,195,196,196,197,197,197,197,197,198,197,197,197,198,199,201,201,202,203,203,204,206,208,209,212,213,214,215,218,218,220,220,221,221,222,222,222,222,222,222,222,222,223,223,223
216,216,216,216,217,217,217,217,217,217,217,217,217,217,217,217,217,217,217,217,217,216,216,216,216,215,215,215,214,214,214,214,214,213,213,212,211,210,209,208,208,206,204,203,203,202,201,200,199,198,196,195,193,191,190,189,186,185,182,139,56,49,44,35,31,31,38,42,49,52,52,45,48,48,46,46,46,61,63,63,37,33,33,45,48,64,75,87,89,87,84,84,85,87,87,88,87,82,81,81,81,83,90,98,104,104,102,98,98,98,99,104,106,103,102,101,102,103,103,103,103,103,106,106,100,77,58,50,46,46,63,62,68,71,71,60,58,54,55,60,74,74,77,77,77,51,47,47,55,76,165,189,190,191,192,193,194,195,195,196,196,197,196,197,197,197,198,198,199,199,201,201,202,203,203,205,206,208,209,212,213,214,216,218,219,220,220,221,221,222,222,222,222,222,222,222,222,222,223,223
216,216,216,216,216,216,216,216,216,216,216,216,216,216,216,216,216,216,216,216,216,215,215,215,215,215,214,214,213,213,213,213,212,212,211,210,209,207,206,206,203,202,201,200,199,198,196,196,196,194,193,191,189,188,186,185,185,182,176,139,70,56,47,36,33,33,38,42,45,50,47,47,48,51,49,46,46,50,53,53,34,33,37,52,60,70,87,88,85,82,81,82,84,85,87,88,86,82,81,75,73,74,83,90,98,98,96,92,91,89,89,90,91,92,99,99,99,101,102,103,101,101,101,104,95,77,71,44,44,42,46,59,62,68,68,57,51,47,53,55,61,69,70,70,51,51,49,47,49,76,165,188,189,190,191,192,193,193,194,195,196,196,196,196,197,197,198,198,198,199,201,201,202,203,203,205,205,208,209,212,213,215,216,218,219,220,220,221,221,222,222,222,222,222,222,222,222,222,223,223
215,215,215,215,215,215,215,215,215,216,216,216,216,216,215,215,214,214,215,215,214,214,214,214,214,214,213,213,213,212,210,210,209,208,208,207,204,203,202,202,199,198,196,196,195,192,192,192,192,191,188,186,185,184,182,182,179,176,174,168,94,64,47,40,35,31,36,42,45,45,47,51,52,63,49,46,41,41,41,40,36,37,56,60,70,81,87,83,80,76,76,79,79,85,85,85,83,78,75,68,68,69,74,82,88,88,88,82,77,74,73,74,77,82,83,88,88,89,92,96,95,92,92,93,79,77,72,47,44,42,42,45,61,63,62,54,47,45,55,55,61,61,62,57,46,46,46,55,55,80,165,178,188,188,189,191,192,192,193,194,194,195,196,196,197,197,198,198,198,199,200,201,202,203,204,205,205,209,210,212,215,215,217,218,219,220,220,221,221,222,222,222,222,222,222,222,222,223,223,223
214,214,214,214,215,215,215,215,215,214,214,215,215,215,214,214,214,214,214,214,214,213,213,212,211,211,211,211,210,208,207,206,205,204,203,202,201,201,200,197,195,193,193,192,191,191,190,188,187,184,183,182,182,180,179,178,176,174,172,167,119,74,45,37,34,36,36,42,44,44,47,53,59,65,63,49,41,40,34,40,40,54,67,69,74,81,82,77,75,73,72,73,75,75,75,74,73,70,66,63,63,64,69,70,72,74,74,71,66,66,66,63,63,66,66,68,74,75,77,82,83,83,80,79,76,72,55,47,47,43,40,40,62,63,57,54,51,51,51,48,52,53,57,57,46,46,40,49,71,127,167,178,183,185,188,189,191,191,192,192,194,194,194,195,196,197,197,198,198,198,200,201,202,203,205,205,206,209,211,212,215,215,217,218,219,220,220,221,221,222,222,222,222,222,222,222,222,223,223,223
214,214,214,214,214,214,214,214,214,213,213,213,213,213,213,213,213,212,212,212,212,212,212,210,210,209,209,208,207,206,205,204,202,202,199,198,196,196,194,192,191,190,190,187,187,186,186,185,183,182,180,179,176,174,174,174,173,170,167,164,135,74,42,37,32,34,36,37,38,40,53,60,59,65,55,50,37,34,34,41,46,60,66,69,74,77,76,71,71,70,67,67,65,64,62,61,61,59,59,55,56,60,64,65,65,65,65,64,64,64,61,59,60,62,65,66,66,68,69,69,66,65,62,54,49,47,47,47,47,47,44,44,44,62,49,49,50,51,54,54,58,53,58,57,48,48,40,59,113,152,169,174,180,183,185,187,189,191,191,192,192,193,194,194,194,196,197,197,198,198,200,201,202,204,205,205,208,210,211,212,215,216,217,218,219,220,220,221,221,221,222,222,222,222,222,223,223,223,223,223
213,213,213,213,213,213,213,213,212,212,212,212,212,212,211,211,210,210,210,210,210,209,209,208,206,205,204,203,203,202,200,197,197,196,195,195,194,191,190,188,186,185,183,182,182,180,178,177,173,173,173,171,171,171,169,164,163,163,163,158,131,55,43,40,32,34,34,36,37,38,55,73,55,55,55,50,37,37,38,45,56,59,60,64,64,63,59,59,60,65,65,59,59,53,60,59,60,59,55,54,56,61,63,62,62,59,60,60,61,61,61,59,61,62,65,66,66,68,66,65,56,50,43,43,45,47,47,47,47,48,47,47,44,48,48,49,50,50,51,54,50,48,53,60,60,50,49,66,114,157,170,174,178,181,183,184,187,187,188,189,190,191,191,193,193,194,196,197,197,198,200,201,202,204,205,206,208,210,212,212,214,216,217,218,219,220,220,220,221,221,221,222,222,222,222,223,223,223,223,223
212,212,212,212,212,211,211,211,211,211,211,211,211,211,210,210,209,209,208,208,207,206,205,204,202,201,201,200,199,197,195,194,193,193,191,189,188,186,184,183,181,180,178,176,175,174,174,173,172,171,168,163,157,146,146,155,160,160,158,134,75,64,45,42,29,30,37,38,40,44,61,73,55,54,50,43,37,37,43,45,50,50,44,41,40,37,38,41,45,48,46,46,46,47,53,60,60,57,53,54,59,66,66,64,63,62,60,60,65,65,65,63,68,70,71,77,77,73,66,64,50,48,43,43,54,54,52,47,47,48,48,46,43,43,43,43,31,35,52,58,58,48,58,60,60,54,54,93,135,160,169,171,175,178,179,181,182,184,185,186,187,188,190,190,192,193,194,195,197,198,200,200,202,204,205,206,209,210,212,213,215,216,217,218,220,220,220,220,221,221,221,222,222,222,222,222,223,223,223,223
210,210,210,210,210,209,209,209,209,209,209,209,208,208,208,207,207,206,205,205,204,203,202,200,199,198,197,197,194,192,191,189,188,187,185,185,183,181,179,177,177,176,176,171,170,166,161,160,158,156,152,149,146,138,146,155,155,153,134,75,75,75,51,42,36,36,48,48,50,48,60,61,54,50,46,43,37,31,37,45,45,44,42,41,36,34,34,37,39,45,45,46,46,47,66,67,64,64,60,61,62,71,72,66,64,63,66,69,69,71,73,75,74,76,81,83,83,78,72,70,64,56,56,73,81,81,74,59,49,48,47,46,38,34,34,31,30,35,55,52,48,47,50,55,54,54,76,109,157,167,169,170,172,175,175,178,179,180,181,183,184,185,187,189,189,190,193,194,195,197,199,200,202,204,205,206,210,212,213,214,215,216,217,218,220,220,220,220,221,221,221,221,222,222,222,222,222,222,223,223
209,209,209,208,208,209,209,208,208,206,206,206,206,205,205,205,204,203,202,201,200,199,197,196,195,194,193,191,190,187,186,184,183,182,180,179,179,176,176,175,174,169,163,158,158,150,144,149,153,152,149,141,131,149,159,161,161,153,74,74,75,75,65,42,36,44,48,50,56,48,48,48,38,48,46,46,37,33,37,38,38,42,47,47,42,34,34,38,44,46,46,55,55,66,69,69,67,67,68,70,71,75,75,74,74,76,76,77,77,77,78,81,86,86,86,88,85,80,78,72,72,72,90,97,95,82,78,72,59,49,46,38,34,31,30,31,32,41,55,55,55,50,50,50,49,55,82,120,161,167,167,169,170,172,172,174,176,177,178,180,181,183,185,185,188,188,190,192,194,195,197,200,202,203,204,206,210,212,213,214,215,217,218,218,220,220,220,220,221,221,222,222,222,222,222,222,222,222,222,222
207,207,207,206,206,206,205,205,205,205,205,204,203,202,200,200,200,200,199,197,197,196,193,191,190,189,189,185,184,182,182,180,178,177,175,175,172,170,168,162,157,157,158,158,151,144,143,145,149,149,141,136,149,159,161,162,161,139,59,49,65,76,72,36,30,44,45,48,52,41,38,38,38,46,38,37,33,33,37,37,38,48,52,57,57,56,53,49,47,56,56,58,60,70,75,79,79,80,81,81,84,90,80,76,76,78,86,88,87,87,91,91,92,92,93,89,87,83,80,81,90,104,104,98,97,83,76,74,65,49,42,36,31,30,28,30,35,41,55,56,56,50,45,45,49,58,102,157,161,162,164,165,167,169,170,172,173,174,176,178,178,180,181,182,185,185,187,188,191,193,195,197,201,203,204,206,210,212,212,214,215,216,217,218,219,220,220,220,221,221,221,222,222,222,222,222,222,222,222,222
205,205,204,204,204,204,203,202,202,202,202,202,201,200,199,199,198,195,193,192,192,191,189,188,187,186,184,181,179,177,175,174,173,173,170,161,157,153,152,151,151,151,155,153,150,146,145,147,150,148,136,136,159,161,163,163,163,126,47,45,59,71,66,48,35,45,46,46,49,41,37,37,38,39,37,37,38,37,38,38,46,49,56,62,62,68,68,67,63,61,60,61,66,72,77,80,81,82,82,87,92,92,90,85,84,87,92,99,97,97,97,95,95,94,94,93,89,87,86,100,109,109,107,98,92,80,75,71,65,51,41,36,31,28,23,24,32,39,42,50,56,46,43,44,55,69,128,157,158,160,161,163,163,166,168,169,170,171,172,173,174,176,177,179,182,182,185,185,187,189,192,195,197,201,203,205,208,210,212,213,214,215,216,217,218,219,220,220,220,221,221,221,222,222,222,222,222,222,222,222
203,203,202,201,201,200,200,200,200,199,199,199,198,196,196,195,194,192,192,191,189,188,187,184,181,179,177,175,173,170,170,166,159,154,153,150,149,149,149,149,148,149,150,150,148,147,147,150,150,147,136,136,161,163,164,164,164,121,42,42,47,66,66,63,45,46,48,51,49,41,37,37,39,44,37,36,34,37,38,38,43,48,56,62,68,70,74,74,72,66,66,66,70,76,77,81,82,85,87,94,94,96,94,91,86,92,103,105,106,106,106,102,101,100,95,94,95,97,111,113,111,107,97,94,91,83,76,71,65,53,47,41,38,25,23,23,27,38,40,42,46,34,38,55,63,102,129,157,157,157,158,162,163,163,164,166,166,169,169,170,170,173,174,175,177,179,181,182,183,186,187,191,191,195,200,202,205,208,210,211,212,214,215,216,217,218,218,219,219,220,221,221,221,222,222,222,222,222,222,222
200,199,199,199,199,198,197,196,196,197,196,196,194,193,193,191,189,187,186,185,185,183,180,176,176,173,170,167,163,160,155,154,154,153,150,149,146,147,148,149,148,148,149,149,147,147,150,152,152,147,141,141,163,164,164,165,165,121,41,41,45,61,66,71,64,64,51,60,49,48,41,39,50,48,44,37,36,38,38,43,44,46,54,63,69,72,74,74,74,74,76,76,77,79,81,84,86,87,94,97,97,99,100,97,93,105,107,109,109,108,108,108,107,106,103,103,105,109,111,111,103,96,94,93,90,88,83,71,67,56,51,51,47,38,25,27,27,38,40,42,43,38,44,56,91,103,143,157,165,160,160,163,163,164,163,163,163,164,166,166,169,170,170,174,175,175,178,179,180,182,185,187,188,191,194,198,202,204,206,209,211,213,214,216,216,217,218,218,219,219,220,220,221,221,221,222,221,221,221,221
198,197,197,197,197,196,195,195,195,194,194,193,191,190,188,186,186,184,184,183,179,177,176,173,170,165,155,153,152,150,150,151,153,152,150,146,145,146,148,149,149,149,148,148,147,147,150,152,152,147,144,144,164,165,166,167,167,141,41,41,42,58,63,82,81,68,62,62,60,48,44,51,51,50,44,44,34,38,43,43,43,44,54,62,68,70,71,74,74,78,82,82,83,83,84,86,88,91,97,100,100,102,107,105,105,106,109,112,110,109,109,110,110,109,107,105,105,105,103,87,86,86,89,90,90,88,85,80,71,65,58,55,51,41,30,29,35,40,43,43,46,52,56,78,91,105,143,165,177,174,170,170,171,172,169,163,163,161,161,163,166,166,168,170,172,174,174,177,178,179,181,182,186,188,191,194,198,200,203,205,208,211,213,214,216,216,217,218,218,219,219,220,220,220,221,221,221,221,221,221
195,195,194,194,194,193,193,193,193,193,192,190,189,187,186,184,182,182,181,177,175,170,164,159,152,152,153,152,150,149,149,150,152,152,150,142,142,145,149,150,151,149,148,147,146,147,150,152,152,148,144,144,167,167,167,168,168,155,48,39,41,56,61,81,81,72,66,65,65,58,55,55,55,51,48,48,46,45,45,45,41,44,54,61,67,68,68,68,71,78,82,83,83,83,84,86,88,91,97,101,102,106,107,106,105,106,109,112,108,108,108,109,109,109,107,105,93,90,85,83,83,85,86,89,89,88,85,85,82,71,64,51,48,41,38,35,47,53,57,52,56,62,75,85,96,135,143,156,177,177,177,173,174,174,176,176,165,161,161,162,162,164,164,166,168,170,172,173,174,175,179,180,182,185,187,191,193,193,196,200,203,207,210,213,214,216,216,217,217,218,219,219,219,219,219,220,220,221,220,220
193,193,191,191,190,190,190,189,188,187,186,186,184,183,182,181,178,177,172,165,157,150,149,150,152,152,152,152,149,148,148,149,153,153,150,140,140,144,150,152,152,151,148,146,146,146,150,152,152,151,140,140,169,169,169,170,169,163,73,39,39,56,60,67,76,75,68,79,79,70,58,58,55,55,53,53,50,46,44,38,38,40,53,58,63,67,67,67,67,69,78,81,83,83,84,84,87,89,95,99,102,102,103,105,103,101,96,96,96,97,99,99,95,94,85,78,78,75,75,78,79,81,85,85,85,85,85,79,82,74,67,49,48,47,42,40,47,53,57,57,62,72,78,85,105,150,150,156,170,182,182,174,174,174,175,176,175,166,162,163,163,164,164,164,166,167,168,170,170,173,175,178,180,181,184,187,190,191,193,194,198,201,205,208,211,213,215,215,216,217,218,219,219,219,219,219,219,220,220,220
190,190,189,188,188,187,186,186,185,184,183,183,182,181,180,177,172,165,159,141,138,142,145,149,150,152,153,153,149,148,148,150,155,155,153,139,139,144,150,153,153,152,149,146,146,146,150,155,156,152,140,140,170,170,171,170,170,168,112,39,39,56,58,64,75,75,76,80,80,79,70,80,58,58,58,60,77,65,46,38,38,40,49,55,62,65,66,67,67,67,68,69,71,77,79,82,84,85,86,91,91,88,86,86,86,85,85,86,88,88,86,83,78,75,71,71,71,71,71,73,78,79,82,82,79,79,75,74,77,77,70,49,48,49,47,43,57,57,60,60,77,77,86,116,152,164,161,162,165,180,183,177,173,171,174,175,175,174,172,171,171,173,173,167,166,164,166,166,167,170,172,175,177,179,181,184,186,187,191,192,193,197,201,204,207,209,209,212,215,215,216,217,218,218,218,219,219,219,219,219
189,188,187,185,185,184,183,183,182,181,181,180,178,173,164,159,159,159,141,136,133,136,142,148,150,151,154,154,151,149,150,152,157,157,154,140,140,144,151,153,153,152,150,146,146,146,152,158,158,157,146,146,170,171,173,172,172,170,152,44,44,57,58,64,75,79,91,91,91,91,91,91,72,59,63,77,77,76,64,43,38,43,50,55,58,62,65,66,67,68,66,65,67,69,75,75,77,78,80,81,81,78,68,66,66,61,58,55,54,57,59,59,59,58,61,65,65,73,73,74,76,79,79,79,79,75,74,74,74,77,63,59,59,63,63,61,61,66,77,77,81,91,112,136,174,174,165,162,162,181,183,183,168,168,171,173,174,173,173,173,175,175,174,173,169,164,164,164,165,167,169,171,173,176,179,181,183,185,187,189,192,194,197,200,201,203,205,208,211,211,214,214,215,216,216,217,218,218,218,217
186,185,184,183,182,182,182,182,179,176,167,158,148,145,145,157,158,158,138,129,129,133,142,147,149,150,152,154,153,150,150,154,160,160,154,142,142,146,152,154,154,153,151,146,146,146,152,160,160,158,152,147,164,174,176,176,174,172,167,86,51,57,58,59,75,83,103,97,96,93,97,97,86,72,86,93,86,76,65,43,38,42,48,52,56,59,60,65,68,69,69,65,67,67,69,68,67,58,60,60,60,55,56,57,60,60,58,55,54,54,56,56,56,58,61,65,71,74,73,73,73,73,77,77,77,75,74,75,77,77,63,63,63,62,62,62,80,80,80,80,91,116,129,154,179,179,168,158,158,180,181,179,168,168,171,172,173,173,173,175,177,177,174,173,171,170,166,164,165,167,168,168,171,173,175,177,181,183,185,186,189,191,194,196,198,199,201,203,206,206,207,210,211,214,215,215,216,216,217,217
183,183,182,180,177,172,169,164,151,144,144,144,144,143,143,145,157,157,136,126,126,130,138,146,148,150,152,154,154,152,152,156,162,162,154,145,145,147,153,154,155,154,151,145,145,147,152,160,164,164,158,150,150,177,178,178,176,175,167,139,57,57,57,58,59,83,99,103,103,103,114,107,90,87,86,86,76,73,64,39,36,42,45,50,56,60,61,63,65,71,74,69,68,68,68,67,65,58,60,60,60,55,56,57,60,61,61,59,59,57,56,56,62,62,66,67,73,74,74,73,69,70,77,77,77,72,75,75,77,73,63,63,83,70,70,87,91,91,91,108,118,126,148,181,182,181,175,154,154,179,179,177,169,169,172,172,172,172,171,175,178,178,174,171,171,178,178,171,171,168,168,168,171,172,172,174,177,179,182,184,185,188,191,194,196,196,198,199,201,202,205,207,208,209,211,213,213,214,214,216
175,170,165,160,155,153,152,143,140,140,140,139,137,136,141,142,154,154,132,124,124,128,137,145,147,149,152,154,154,152,152,156,162,162,157,148,147,150,154,155,156,155,151,145,145,148,152,160,167,167,164,150,150,178,179,181,178,177,175,166,69,55,56,57,57,59,86,105,112,113,114,113,107,95,90,95,86,73,65,39,36,42,45,48,56,60,61,61,63,72,74,72,68,68,68,69,72,72,68,68,68,65,65,65,65,66,71,71,71,63,63,63,65,66,67,70,74,75,74,72,69,72,76,76,69,69,75,77,81,78,81,84,108,112,114,112,117,108,121,121,126,146,173,183,184,182,178,154,154,178,178,176,170,170,172,172,171,171,171,177,178,179,177,170,166,178,184,184,181,179,179,179,173,172,171,171,173,174,175,179,181,184,189,191,193,194,196,197,199,201,202,203,204,204,205,209,209,210,211,213
156,152,150,147,144,143,142,139,138,138,138,137,135,135,136,142,151,151,129,122,122,127,134,141,146,148,150,154,154,154,155,156,162,163,161,150,150,150,155,158,158,156,151,145,145,149,152,158,167,168,168,160,150,165,182,182,181,177,177,175,130,61,57,57,57,57,59,66,112,114,123,123,118,107,95,97,97,79,73,56,49,47,49,56,60,60,60,62,63,72,72,70,68,68,68,73,74,75,74,74,74,74,77,76,75,73,74,74,74,73,71,68,65,66,67,69,74,75,75,75,73,74,76,76,69,65,70,75,79,79,81,86,108,112,112,104,117,131,137,134,140,148,182,185,187,185,180,155,155,178,178,176,173,170,171,171,171,171,172,178,179,182,179,170,164,164,184,184,184,182,182,185,182,180,171,171,171,172,172,174,175,179,183,188,189,191,193,194,197,199,199,200,201,203,204,205,206,206,207,207
150,148,146,144,143,141,141,138,137,137,137,135,135,135,136,142,150,150,128,121,121,126,132,139,145,146,148,152,155,155,156,157,162,163,163,151,150,152,158,159,160,158,151,144,144,149,152,158,164,168,169,164,154,154,183,183,183,179,177,177,171,81,55,57,57,56,56,63,64,107,118,123,118,96,99,99,104,105,81,81,69,59,64,60,60,56,50,56,62,65,69,67,67,68,71,74,74,75,74,74,74,77,79,80,78,80,79,78,76,74,74,73,74,76,75,71,71,75,75,75,74,73,74,70,60,57,57,73,81,81,81,81,108,112,112,112,117,134,138,120,140,153,183,187,191,187,180,155,155,179,179,174,173,172,171,171,171,172,173,177,181,182,184,176,164,164,180,181,182,182,185,185,185,185,180,171,169,169,171,171,173,174,179,181,184,187,191,192,192,196,196,198,199,200,201,203,203,203,205,207
148,145,144,143,141,141,140,137,137,137,137,135,135,135,136,143,150,150,128,121,121,125,132,138,143,145,148,151,155,155,157,158,162,167,167,153,152,154,159,160,162,160,152,143,143,150,152,158,162,168,170,170,154,151,175,184,184,182,179,179,178,148,60,60,57,57,57,58,63,64,107,128,118,96,89,97,104,109,85,61,49,59,82,78,71,46,46,50,62,65,65,63,64,68,71,74,73,74,73,74,74,77,80,82,82,82,80,80,78,76,76,76,78,79,77,75,75,76,77,76,75,70,67,65,60,57,67,70,75,78,78,105,108,111,104,104,115,121,131,113,120,159,185,191,192,191,179,156,156,182,182,174,173,172,171,171,171,172,174,177,181,184,185,185,164,163,170,179,179,179,187,187,186,184,184,182,169,169,166,169,171,173,175,177,178,183,183,186,190,192,192,195,197,198,199,201,201,201,201,203
146,145,143,143,141,141,140,137,137,137,137,136,135,135,136,144,148,148,128,120,120,125,131,136,142,144,147,151,155,156,157,158,162,167,167,154,154,155,159,162,164,164,153,141,141,150,153,158,161,166,174,174,160,154,155,184,185,185,183,180,180,178,103,60,57,57,57,55,53,63,82,118,129,96,96,109,112,112,96,69,69,82,89,78,71,60,46,56,61,61,60,60,63,70,73,73,73,73,72,73,73,75,78,82,82,82,82,84,88,82,78,78,80,80,79,78,77,77,83,83,73,67,64,65,67,75,75,75,78,87,97,111,127,126,113,111,115,115,113,86,96,168,185,192,197,197,178,160,160,184,184,174,172,172,171,171,171,174,175,177,181,185,186,186,170,163,163,177,177,179,188,188,184,184,184,183,182,171,166,164,164,168,173,175,177,178,180,180,183,185,188,192,192,193,196,197,198,198,200,201
145,144,143,143,141,141,140,138,138,138,137,136,136,136,136,146,148,148,126,120,120,126,131,136,140,143,147,151,155,157,158,159,161,167,167,157,155,155,159,162,167,167,154,141,141,149,154,158,161,163,176,176,164,155,155,180,186,187,185,183,183,182,169,66,57,57,57,56,53,59,75,114,118,122,115,122,115,99,84,83,83,85,95,89,70,69,64,64,61,60,60,60,64,70,71,71,70,73,72,73,72,73,76,78,78,81,82,84,88,84,84,82,86,80,80,79,78,79,81,80,74,68,67,68,75,83,95,98,95,105,135,135,135,134,115,115,115,113,86,86,112,175,185,196,199,198,173,165,170,186,186,174,172,171,170,171,172,174,177,178,181,184,187,187,180,163,162,177,179,189,189,189,184,184,184,184,183,182,174,164,162,162,163,171,175,178,178,178,180,181,183,185,186,189,193,195,195,195,197,198
146,145,144,143,142,141,140,139,138,138,138,136,136,136,138,148,148,146,125,119,119,126,132,136,139,142,147,151,155,157,158,159,161,167,167,161,157,157,159,162,168,168,154,141,141,149,154,158,161,163,176,176,168,157,155,160,187,188,188,184,183,183,182,139,58,54,55,56,56,59,73,81,114,122,122,125,115,99,84,84,84,95,95,83,70,69,69,66,60,54,56,56,62,63,71,67,68,67,68,71,72,72,75,77,77,78,80,81,82,82,84,86,86,88,87,84,79,77,80,80,79,74,73,79,87,107,117,122,117,130,137,137,138,134,115,111,111,92,78,78,150,180,185,199,200,197,165,165,179,186,186,182,172,170,170,171,172,175,178,180,181,186,186,187,187,163,160,162,179,187,189,189,184,184,183,183,183,182,181,175,166,159,158,155,155,171,176,178,178,178,179,179,181,184,186,191,191,193,195,197
146,146,144,143,142,141,140,139,139,139,138,137,136,138,141,149,149,143,124,118,118,126,132,136,139,142,147,151,155,158,159,161,163,167,167,166,157,157,159,162,170,170,157,143,143,147,154,158,162,164,173,173,169,157,147,147,180,189,190,188,184,183,183,182,114,54,54,55,56,59,71,73,79,114,119,125,125,108,85,85,85,96,93,91,70,78,78,65,60,54,58,56,60,61,63,63,68,67,66,64,65,71,76,76,75,72,68,68,68,70,70,82,86,88,87,84,81,76,80,80,80,78,79,89,89,107,117,122,123,129,138,138,150,134,115,99,84,80,72,78,173,182,191,203,203,192,165,165,193,193,186,182,175,169,169,171,174,178,179,180,184,186,186,188,188,173,162,162,179,187,189,188,184,184,183,183,181,181,181,180,175,166,158,152,148,149,157,174,176,177,178,178,178,178,180,185,186,187,188,191
147,147,146,144,142,141,141,140,139,139,139,139,138,139,143,154,154,142,123,119,119,127,133,136,140,142,147,151,155,158,160,161,164,167,172,172,161,159,159,161,169,169,159,143,143,143,153,159,163,165,170,173,172,160,149,147,150,188,190,190,188,185,185,184,174,88,54,50,50,53,62,69,66,79,112,125,121,113,108,104,98,98,87,87,84,83,78,65,64,56,58,56,60,60,61,61,66,64,64,63,64,72,76,76,72,64,63,63,62,59,59,68,80,80,81,75,64,64,64,82,84,79,79,87,100,105,109,115,115,126,137,138,149,129,90,80,78,70,70,127,180,183,197,205,205,178,162,166,202,202,184,182,175,169,169,170,177,179,180,181,184,186,186,189,189,182,162,158,164,187,188,188,183,183,183,183,175,175,179,179,175,166,158,157,147,147,149,157,167,175,176,177,176,176,176,179,181,182,183,188
149,149,147,145,143,142,141,141,141,140,140,140,140,140,145,158,158,140,122,121,121,128,133,137,141,144,148,151,154,157,160,162,164,167,174,175,167,161,161,162,170,170,160,143,140,140,151,159,164,165,168,176,176,162,151,149,150,173,189,190,191,188,186,185,184,166,72,50,50,51,53,61,62,66,66,101,109,109,108,105,97,97,83,84,84,84,75,68,65,57,57,56,60,58,60,57,64,67,64,64,64,73,74,72,70,67,63,62,58,58,56,58,68,69,69,61,55,59,63,78,82,80,80,87,100,105,105,112,115,115,138,138,138,118,82,78,75,68,70,165,182,190,204,205,204,162,162,169,202,202,181,181,173,170,169,170,177,180,180,182,184,186,188,189,189,188,166,155,155,186,188,188,182,182,183,183,171,171,177,177,169,164,158,155,151,149,151,153,159,165,170,174,176,174,169,168,168,169,172,175
150,150,149,146,143,142,141,142,141,141,140,140,140,141,146,158,158,136,122,121,122,128,135,139,142,145,149,151,154,157,160,162,164,165,174,176,176,166,162,164,171,171,161,143,138,138,150,158,164,166,168,177,177,165,153,151,152,154,187,191,192,191,188,185,185,183,162,72,52,51,51,52,60,61,62,78,81,90,94,100,94,91,84,79,84,74,71,68,69,58,57,56,58,57,56,45,56,67,67,69,73,73,73,62,62,64,60,55,58,55,53,49,56,61,57,54,53,55,61,81,82,82,87,92,100,104,109,112,115,122,138,138,118,90,78,73,65,68,122,179,185,196,205,205,189,158,158,178,200,200,175,175,172,171,171,171,177,180,181,182,184,187,188,189,191,191,167,155,155,175,187,187,182,181,178,176,168,168,174,174,168,161,157,153,151,149,151,152,158,159,159,164,172,172,169,167,164,153,152,152
151,151,150,148,144,143,143,144,143,141,141,141,141,144,150,158,156,132,121,121,123,129,136,140,142,145,150,151,154,156,159,162,164,165,172,176,177,170,166,168,171,171,162,144,136,136,148,158,165,167,173,177,177,167,154,152,152,153,159,190,192,192,190,188,186,185,183,159,70,52,51,50,50,51,61,61,66,78,81,94,84,91,82,74,74,79,75,75,69,68,58,57,60,56,46,45,55,67,69,68,68,65,62,60,58,57,58,58,58,55,50,49,53,57,55,53,53,61,61,74,78,80,83,89,92,98,105,114,122,125,125,118,102,73,71,65,60,73,166,185,188,198,205,205,169,153,155,189,196,193,175,173,172,172,172,175,177,180,181,182,185,187,188,190,192,192,170,155,154,165,187,187,182,178,176,173,168,168,169,169,168,157,153,152,150,149,149,152,157,157,157,157,161,168,168,168,163,153,152,152
152,152,151,148,144,144,144,146,146,141,141,141,143,146,158,158,152,131,121,121,123,131,136,140,142,146,150,151,154,156,160,162,164,165,171,176,177,177,170,171,172,172,165,148,136,136,147,157,165,167,174,178,178,167,155,153,153,154,158,176,191,192,192,190,188,186,186,184,159,72,51,51,50,51,57,57,61,64,78,82,84,93,86,86,91,95,95,79,75,79,65,62,62,48,53,53,60,63,70,65,65,63,62,58,58,53,53,55,60,57,53,53,53,55,55,58,61,62,73,81,78,83,86,89,91,96,104,119,124,132,125,106,77,71,69,51,65,142,185,188,192,203,206,199,153,153,158,196,196,189,177,175,172,172,175,177,177,178,181,181,185,188,189,191,192,191,174,156,154,154,187,187,185,176,174,173,170,168,167,168,167,157,153,152,149,148,148,149,154,156,156,155,156,161,166,166,164,163,159,153
153,153,153,149,144,144,144,146,146,144,142,143,145,148,163,163,150,129,121,121,123,132,138,140,143,147,151,154,154,156,160,164,164,166,171,176,177,177,174,172,172,172,165,151,139,139,144,155,163,167,174,178,178,168,157,153,153,156,158,160,183,191,193,193,191,189,187,186,184,159,72,51,51,53,64,64,61,64,78,87,89,93,92,92,92,95,89,89,79,79,70,65,62,49,53,55,70,59,65,59,65,65,66,66,59,53,53,53,62,57,57,71,71,64,64,70,66,70,73,84,80,80,80,83,89,91,96,122,132,132,125,86,70,69,50,50,109,174,188,191,198,204,203,180,153,153,164,196,196,189,178,175,172,172,178,178,177,177,179,181,185,188,190,193,193,192,175,157,154,154,182,186,185,175,174,171,170,167,167,165,164,159,153,152,149,148,148,149,152,154,154,153,154,157,161,163,163,163,160,159
154,154,153,149,144,144,144,146,147,146,145,145,147,153,166,166,145,127,120,120,123,133,139,141,143,148,151,154,154,156,160,164,165,166,169,172,177,180,179,174,174,172,166,153,141,139,141,155,162,167,174,179,179,171,157,153,153,156,160,160,166,191,192,194,194,192,190,189,186,183,161,83,53,53,53,54,55,66,80,81,82,86,86,92,92,96,89,91,89,83,78,70,55,51,65,55,70,63,64,58,58,66,68,66,62,54,52,52,60,60,60,76,76,67,70,74,74,76,73,84,88,89,86,92,95,104,106,122,132,127,86,70,67,50,49,84,170,186,189,195,205,206,198,157,154,157,169,198,198,189,180,175,171,171,178,178,177,175,178,180,185,190,193,193,193,193,176,161,152,152,165,186,186,176,174,171,170,167,165,164,161,159,155,153,149,148,148,149,151,152,152,152,152,153,157,160,162,162,160,159
154,154,153,150,144,144,144,147,147,148,147,147,149,155,166,166,142,126,120,120,123,133,141,142,144,148,151,153,154,156,158,163,165,166,168,170,176,180,180,179,177,174,168,154,142,139,139,153,161,167,175,179,179,171,160,153,153,155,160,160,165,171,191,194,194,195,193,192,189,186,183,169,98,53,53,53,53,55,76,80,81,82,98,101,101,101,89,91,90,90,86,78,78,63,66,63,73,58,58,56,58,72,66,62,62,55,54,56,57,57,60,58,67,63,70,76,77,77,77,84,86,104,88,95,95,106,114,120,123,118,80,67,50,50,68,160,183,188,195,205,205,204,177,156,156,158,171,201,201,189,180,173,169,169,177,178,178,174,175,180,185,193,194,194,194,193,175,163,154,152,152,185,185,177,173,172,170,167,164,161,160,158,156,153,150,149,149,149,150,152,152,152,152,152,152,156,159,160,160,159
155,154,154,150,144,144,144,147,148,148,149,149,153,161,166,163,140,125,120,120,125,134,142,143,146,149,151,152,154,155,158,161,164,165,167,170,174,180,182,182,179,177,168,155,143,139,139,152,160,166,175,179,179,173,162,152,152,154,158,164,166,168,174,191,194,195,195,195,193,190,188,188,177,125,53,53,53,53,54,76,79,81,102,100,101,101,101,101,98,103,103,86,78,65,65,59,68,64,64,58,63,72,63,59,58,55,55,57,60,60,60,58,67,67,74,82,82,77,77,85,88,104,104,97,104,111,114,114,102,81,67,55,50,63,156,183,188,194,205,205,205,191,155,155,158,159,172,204,204,192,179,173,166,166,177,179,179,174,174,180,184,194,195,195,194,192,174,165,154,151,151,181,181,178,173,172,169,165,162,160,158,156,155,153,150,149,148,149,149,152,153,152,152,151,151,152,155,159,159,159
155,155,154,151,144,144,144,147,148,149,149,150,155,166,166,159,138,123,121,121,125,134,143,145,148,149,151,152,154,155,156,160,163,164,166,168,173,179,182,183,182,177,168,155,144,139,139,149,158,166,173,182,182,174,163,152,151,151,158,165,167,168,170,174,191,195,196,196,195,192,190,189,189,187,155,79,54,53,54,56,66,78,102,102,102,108,122,122,103,106,109,109,86,78,66,59,66,68,68,68,63,63,59,59,61,61,62,57,62,62,62,69,69,80,82,83,83,77,77,85,94,114,115,112,115,111,102,82,73,62,55,55,58,154,182,189,193,201,206,205,199,161,153,155,159,160,173,206,206,194,179,172,165,165,177,180,180,175,175,177,184,194,195,195,194,192,174,165,154,150,150,173,181,180,173,172,169,164,160,158,156,155,153,152,151,149,148,148,149,152,153,153,152,151,151,151,152,155,158,159
157,155,154,151,144,143,143,147,148,150,150,152,159,171,171,156,137,123,121,121,128,137,145,147,148,150,151,153,154,155,155,159,161,163,164,166,172,179,184,185,183,177,169,156,144,140,140,146,157,164,173,182,182,176,164,154,147,147,156,163,167,168,170,172,174,194,196,197,196,196,192,190,190,189,189,180,119,58,55,56,56,58,62,93,93,100,122,122,111,106,109,109,95,85,66,59,64,70,72,76,74,63,59,58,61,61,72,63,63,65,71,71,69,80,82,82,77,74,77,86,120,132,132,115,104,80,73,61,50,55,55,58,156,183,189,193,197,207,207,205,175,153,153,159,160,164,174,207,207,194,177,171,164,164,177,179,179,175,175,177,185,194,196,196,195,189,173,164,154,150,150,167,182,182,172,171,169,163,159,157,155,154,152,152,152,150,148,148,150,152,153,153,152,152,151,151,152,153,157,159
158,156,154,150,144,143,143,148,149,150,152,152,160,173,173,154,137,123,122,122,129,138,145,147,149,151,151,153,154,154,155,158,161,163,164,164,170,175,184,185,185,181,169,156,145,140,140,144,155,162,169,181,183,180,167,155,147,147,151,163,165,168,172,172,173,173,194,196,198,197,196,193,193,191,191,189,187,162,89,66,56,55,55,62,87,92,98,115,115,106,93,93,95,96,95,69,69,70,72,74,74,74,57,57,57,61,63,54,59,63,76,80,77,60,56,60,62,73,77,102,122,132,129,104,79,61,50,50,44,44,67,164,186,189,193,197,207,207,207,182,154,153,154,160,163,170,175,210,210,193,176,169,165,165,174,179,179,173,173,179,185,191,196,196,196,187,171,163,154,150,150,154,182,182,172,171,169,161,158,156,154,153,152,152,152,150,148,148,150,151,152,152,152,152,151,152,152,152,154,157
159,158,155,150,144,143,143,148,149,149,152,153,162,173,173,152,135,123,122,122,129,141,146,149,150,151,153,153,154,155,155,158,160,162,164,164,169,175,184,186,186,182,170,157,146,141,141,143,153,162,169,181,183,183,175,160,150,147,148,159,163,168,172,175,176,173,173,194,196,198,198,197,195,194,192,191,190,187,183,144,81,58,57,62,62,79,79,98,101,103,101,94,97,100,102,96,70,70,70,56,69,69,59,52,52,49,62,48,59,63,81,90,81,60,56,60,77,77,77,102,116,122,101,79,57,50,50,43,50,92,175,191,192,197,200,207,210,207,188,162,154,154,157,163,169,172,181,211,211,193,176,169,166,166,170,177,177,175,175,180,184,189,196,196,196,185,171,163,154,151,151,153,178,180,174,171,167,161,158,156,155,153,152,152,152,151,150,149,150,151,151,152,152,152,151,152,152,152,154,154
159,158,155,150,144,143,143,149,149,150,152,155,167,173,171,150,133,123,122,123,132,142,148,150,152,152,153,153,154,155,156,158,160,162,164,164,167,174,183,189,189,185,171,158,148,142,141,141,151,161,171,183,184,184,179,168,159,148,148,159,162,164,171,176,178,178,173,173,192,196,199,198,199,197,196,192,191,190,192,189,176,129,69,66,62,64,67,88,90,101,97,89,94,99,115,103,91,81,57,53,69,69,61,58,58,63,63,54,60,64,92,90,90,88,88,100,101,89,80,77,80,80,79,56,50,43,43,53,138,189,196,198,199,204,207,210,210,194,172,162,158,158,159,167,170,173,183,212,212,193,176,169,166,166,170,176,177,176,177,182,183,188,193,196,196,185,171,163,155,152,152,153,170,180,180,171,167,162,159,156,155,153,152,152,152,151,150,149,150,150,151,151,152,152,152,152,152,153,154,154
160,158,155,149,145,143,143,148,149,152,154,160,173,173,168,148,130,122,122,125,133,144,149,152,153,153,153,153,154,155,156,157,159,161,164,164,166,172,180,188,188,186,172,159,150,143,141,141,149,161,171,183,184,184,180,171,161,150,148,154,160,163,170,176,178,179,179,171,171,192,196,198,199,199,198,197,192,192,192,192,190,186,171,130,66,67,67,78,88,89,89,85,89,94,103,103,92,89,73,64,64,61,61,61,73,80,83,80,75,75,92,92,90,97,98,100,101,80,77,62,59,56,55,54,45,45,94,174,197,198,198,200,204,207,210,210,199,177,167,163,159,159,163,168,173,176,190,212,212,193,176,171,167,167,170,175,177,177,177,182,182,187,192,197,197,186,171,163,156,152,152,152,162,182,182,172,167,164,160,156,155,153,153,152,151,151,150,150,150,150,151,151,152,152,153,153,154,154,154,154
161,158,155,149,144,144,144,148,150,152,156,162,175,175,163,146,129,123,123,125,134,145,152,153,153,153,153,153,154,155,156,157,159,161,164,164,166,170,178,187,188,187,173,159,150,145,142,142,149,161,171,180,184,184,180,171,162,154,149,149,159,162,166,175,178,179,179,179,176,176,184,196,199,200,200,198,197,193,193,193,191,190,190,184,174,132,78,78,89,85,67,61,61,77,88,83,85,89,85,73,72,61,61,73,94,90,89,84,89,92,85,90,89,90,88,77,44,44,44,42,43,54,54,56,76,160,194,199,199,199,202,204,207,212,211,207,181,170,167,165,163,163,164,171,175,179,194,212,212,192,176,173,167,167,169,174,177,177,177,178,182,186,192,198,198,186,171,164,157,153,151,151,156,182,182,172,168,166,160,157,155,153,153,152,152,152,151,151,151,151,151,151,152,152,154,154,154,154,154,154
162,159,155,149,144,143,144,149,151,153,156,164,176,176,160,143,128,123,123,126,137,146,152,153,153,153,153,153,154,154,156,157,158,160,164,166,167,170,177,186,190,190,179,163,153,146,142,142,149,160,171,180,185,185,181,172,165,155,149,149,155,161,163,169,175,178,179,179,181,184,180,184,196,199,201,200,200,197,194,193,193,193,193,192,189,189,180,155,103,90,85,66,66,73,76,76,77,80,78,72,64,62,73,91,99,97,84,83,81,81,80,85,78,68,52,43,43,40,40,40,43,54,101,161,191,200,200,200,201,204,208,211,213,213,211,187,173,171,168,165,163,163,164,171,175,180,196,213,213,192,178,174,167,166,168,174,175,176,175,178,180,186,192,198,198,186,171,164,158,154,151,151,154,174,177,175,168,166,160,157,155,153,153,152,152,152,152,152,151,152,152,151,152,152,154,154,154,154,154,154
163,159,154,150,144,142,142,149,151,153,156,166,176,176,156,141,127,123,123,129,139,148,152,153,153,153,154,154,154,155,157,157,158,160,164,166,168,171,176,186,191,191,181,165,156,147,143,143,150,160,170,180,187,187,183,174,166,160,151,151,153,158,163,167,173,178,178,181,183,187,184,180,180,196,199,200,200,200,197,194,194,194,194,194,192,191,191,190,189,178,154,109,77,77,83,83,80,80,61,72,75,73,73,85,91,85,77,73,73,73,73,59,55,42,42,39,43,44,44,76,130,186,204,205,205,206,206,207,207,208,211,214,214,211,191,176,176,173,171,165,164,164,164,171,175,183,203,214,214,192,179,175,167,166,168,174,174,174,172,174,180,187,192,199,199,184,169,163,158,154,151,151,154,168,177,177,170,166,161,157,156,153,152,152,152,152,152,152,152,152,152,152,152,152,154,154,155,155,155,154
163,159,154,150,143,142,142,148,151,154,160,169,174,174,155,140,127,124,124,129,139,148,152,153,153,154,154,154,154,155,157,157,158,160,164,167,168,171,176,186,193,193,182,166,156,148,143,143,150,160,169,180,187,187,185,178,167,162,153,151,153,158,161,165,171,178,178,180,183,187,191,190,182,182,188,199,200,200,200,198,198,199,199,196,195,193,193,193,193,193,192,191,186,171,148,110,102,80,61,75,83,83,83,85,85,77,55,49,47,49,58,58,55,42,42,39,62,110,170,202,210,208,206,206,206,207,208,210,210,213,215,214,212,191,182,179,177,174,171,166,164,164,165,171,175,187,203,214,214,195,181,175,167,166,166,174,174,171,171,172,179,188,193,197,197,184,169,163,158,154,151,151,154,163,177,177,171,166,161,159,157,154,153,152,153,153,152,152,153,153,153,152,152,153,154,155,155,155,155,155
164,159,154,149,143,142,142,146,151,155,164,172,174,173,154,139,127,125,125,132,143,149,152,153,154,154,155,155,154,155,157,157,159,160,164,167,168,170,172,183,192,192,184,169,158,151,146,146,148,158,169,179,187,187,187,181,168,163,154,152,152,158,160,164,167,171,178,179,180,184,191,192,191,188,182,188,194,200,200,199,199,202,202,200,199,198,196,196,196,196,196,196,197,197,197,195,192,189,172,158,139,113,109,100,85,85,55,49,47,52,59,61,81,116,141,181,203,211,213,213,213,211,208,206,207,210,211,211,213,215,215,211,185,183,184,181,179,174,169,167,165,164,165,172,175,187,198,213,213,195,182,174,168,166,166,172,172,168,168,172,180,188,193,197,197,186,170,167,159,155,151,151,153,159,177,177,173,167,162,160,157,154,153,152,152,152,152,152,153,153,153,153,153,154,155,155,156,156,156,155
165,159,153,149,143,143,143,146,152,157,166,175,175,171,153,139,128,125,125,134,144,150,153,154,154,155,156,156,155,154,156,157,158,160,163,167,168,170,172,180,192,192,187,172,163,153,148,148,148,157,167,179,187,187,187,182,171,164,156,153,153,158,160,162,165,169,174,177,178,180,185,191,192,192,190,183,177,183,196,199,200,202,202,202,201,201,198,198,199,199,199,199,199,198,198,198,199,199,194,194,194,187,187,190,190,183,183,183,183,183,191,192,203,210,213,215,215,214,214,214,213,213,212,212,212,212,213,213,214,214,210,183,183,185,184,182,179,174,169,168,166,165,166,171,175,184,197,213,213,195,182,174,168,166,166,169,169,165,165,172,180,189,193,197,197,186,170,167,159,155,152,151,151,154,171,177,176,169,164,161,157,155,153,153,151,151,152,152,153,153,153,154,154,154,155,156,156,156,157,157
165,159,153,147,143,143,145,148,154,158,167,176,176,168,153,139,128,127,127,136,148,152,154,155,156,156,159,159,157,155,156,157,158,160,163,166,168,170,172,180,190,192,190,174,167,158,149,148,149,156,167,177,187,189,189,184,176,164,158,156,156,158,160,162,163,167,172,174,174,177,180,185,191,194,196,194,183,182,178,182,200,202,202,202,202,201,201,201,201,201,199,199,199,199,200,201,201,202,201,197,196,197,200,200,201,199,199,199,200,200,204,207,210,213,216,215,215,215,215,215,215,214,214,214,214,214,213,213,213,197,187,185,185,187,187,183,179,175,170,168,166,166,167,171,177,183,196,214,214,196,184,174,168,166,166,167,167,162,162,171,181,189,191,197,197,184,170,167,159,155,153,151,151,153,162,182,182,171,165,162,157,155,153,153,151,152,152,154,154,154,155,155,154,155,155,156,157,158,159,159
165,159,152,147,143,143,145,149,155,161,167,177,177,167,154,141,129,128,128,138,148,153,156,156,156,159,160,162,159,156,155,156,157,159,161,165,168,170,174,180,189,191,191,176,167,160,151,149,149,156,166,176,185,189,189,185,178,168,161,157,157,158,161,162,165,166,170,172,174,174,178,181,186,193,196,197,197,190,182,182,180,186,198,200,200,199,201,201,202,201,201,201,202,202,203,204,203,203,203,203,199,200,201,204,204,201,203,200,204,204,208,210,210,215,218,215,218,217,217,217,217,215,217,217,217,215,213,206,187,187,187,188,191,191,187,182,179,175,170,168,166,166,166,171,177,183,196,214,214,197,184,174,168,166,166,166,165,162,162,172,181,187,191,197,197,184,169,166,161,155,154,151,151,151,161,182,182,172,168,162,159,156,154,153,153,153,153,154,155,155,155,155,155,155,155,156,157,158,159,159
166,159,153,147,143,143,146,151,157,163,171,180,180,167,154,141,130,128,128,139,149,153,156,156,156,159,163,163,162,158,155,155,157,159,161,164,168,170,174,180,188,192,192,176,168,161,153,148,148,156,164,174,181,187,191,186,180,170,165,161,158,159,161,163,166,168,170,171,173,173,175,178,181,187,195,197,197,197,196,195,186,180,180,180,187,199,199,201,202,202,202,202,203,204,204,204,205,205,206,205,202,201,204,205,205,205,204,204,204,208,208,209,215,215,216,215,218,218,218,217,218,219,218,217,215,204,184,181,184,188,191,199,198,198,185,180,179,171,170,168,166,166,167,171,177,184,196,213,213,198,184,174,170,166,166,166,165,162,162,172,181,185,191,197,197,185,170,166,161,156,154,151,151,152,155,175,179,174,168,164,160,156,154,154,153,153,154,155,155,155,155,155,155,155,156,157,157,158,158,157
167,159,153,147,145,145,147,152,158,165,173,183,183,165,154,140,130,129,129,140,150,156,157,157,157,159,163,164,164,160,155,155,155,159,161,163,168,170,174,179,188,193,193,183,170,163,155,148,148,156,164,173,180,187,190,190,183,172,169,165,161,161,164,166,167,168,169,171,173,173,173,175,176,181,187,195,195,197,198,198,196,187,180,180,179,179,179,187,201,201,201,202,202,204,206,206,206,206,207,208,206,205,205,206,206,207,207,205,208,208,209,209,215,215,216,219,220,219,217,217,218,219,217,209,198,195,184,184,187,194,199,202,200,194,182,179,176,171,170,168,166,166,169,171,177,184,196,212,212,200,183,174,170,166,166,165,162,162,162,172,176,183,191,198,198,185,172,166,162,157,154,151,151,152,155,165,179,179,170,165,160,158,156,154,154,153,154,155,155,155,156,156,156,156,156,157,157,158,157,157
167,159,153,147,146,146,147,152,159,165,174,184,184,165,154,140,131,130,132,143,152,158,158,157,157,159,163,166,166,161,156,155,155,159,161,163,167,170,174,179,188,194,194,184,173,166,158,147,147,156,164,172,177,187,191,191,183,177,171,165,163,163,164,167,169,169,169,170,170,171,171,171,172,176,180,184,189,195,198,199,199,196,190,185,183,179,179,178,178,178,184,191,200,202,201,205,203,205,206,208,206,208,205,207,208,208,209,207,209,210,210,212,212,215,214,215,218,216,215,213,211,204,204,204,197,193,184,186,192,196,204,204,200,190,181,179,177,172,170,167,166,167,169,174,178,184,196,212,212,200,183,174,170,166,166,165,162,162,162,168,174,183,192,198,198,184,172,166,163,158,155,152,152,152,154,162,180,180,173,169,163,158,157,155,154,154,154,154,155,156,156,156,157,156,156,158,158,158,157,157
165,159,153,148,146,146,147,154,160,168,177,184,184,164,154,141,131,131,136,145,155,159,159,159,159,159,163,166,166,163,158,155,155,159,161,164,166,170,173,176,187,195,195,186,173,169,162,150,150,157,164,172,178,185,191,191,185,181,174,165,164,164,164,167,169,169,169,170,170,171,170,171,171,173,176,180,184,189,195,198,199,199,194,191,189,183,181,179,178,178,184,184,184,184,184,184,186,197,202,203,204,205,205,205,205,205,207,207,207,207,207,207,207,209,209,209,204,196,196,196,196,204,204,207,198,195,185,186,193,202,206,206,198,189,180,177,176,172,170,167,166,167,171,174,178,184,196,212,212,198,183,174,171,166,166,165,162,161,161,167,171,182,192,196,196,184,172,167,164,161,154,152,151,152,152,160,180,180,174,170,163,160,158,156,156,154,154,154,154,155,156,156,157,157,157,158,158,158,159,159
164,159,154,148,146,146,148,157,162,170,178,183,183,164,154,141,131,131,137,146,157,160,160,159,159,160,162,165,165,165,160,156,156,158,161,164,165,169,173,176,186,196,196,186,174,169,164,151,151,158,164,171,178,182,191,191,185,183,177,171,164,164,166,168,170,170,170,170,171,171,171,171,171,173,176,176,181,186,191,196,199,200,197,196,191,189,186,185,185,185,184,184,184,184,184,184,186,190,190,179,179,179,181,182,183,186,187,187,187,188,185,188,188,192,197,203,203,196,196,196,205,211,213,210,207,186,184,186,195,202,204,200,194,183,180,178,175,172,170,167,166,169,172,174,178,184,194,208,208,198,183,174,171,167,166,165,162,161,161,167,171,182,192,196,196,184,172,168,164,162,155,153,151,151,152,155,175,180,177,171,163,161,158,157,156,155,154,154,155,155,156,157,157,158,158,158,158,159,159,159
164,159,154,148,147,147,150,157,165,171,178,182,182,164,154,143,132,132,137,148,158,160,160,160,160,160,162,164,165,165,163,159,157,158,161,164,165,169,170,177,186,196,196,188,175,171,168,153,153,159,164,171,178,182,191,191,185,183,179,176,171,167,167,169,170,172,173,172,172,173,173,171,170,173,174,176,177,182,186,191,198,200,200,197,196,191,189,186,186,186,188,192,193,194,194,194,194,193,190,179,179,179,181,182,183,186,187,187,187,188,185,188,188,192,197,203,210,211,212,218,219,219,216,213,190,184,184,186,195,204,204,198,187,180,179,178,175,171,168,167,167,170,172,174,177,183,192,206,206,198,182,174,172,169,166,165,162,161,161,164,169,177,192,196,196,184,172,169,167,162,155,153,151,151,152,155,169,184,184,172,166,161,159,158,157,155,155,155,156,156,157,157,158,158,159,158,159,159,159,158
164,159,154,149,148,148,153,160,168,173,180,181,181,166,155,143,133,133,138,150,159,160,160,160,160,160,163,164,164,165,164,161,159,160,161,165,166,169,170,177,185,196,196,191,179,174,171,155,155,160,165,170,176,178,189,190,185,183,180,178,175,170,169,170,170,174,174,174,174,173,173,171,171,173,173,175,177,178,183,187,194,198,198,199,197,196,190,186,186,188,192,193,194,195,197,201,201,201,201,201,200,200,197,197,197,196,196,201,205,206,206,207,209,210,211,214,215,217,219,220,221,219,213,201,186,182,183,186,196,202,202,195,187,179,179,176,171,169,168,167,167,172,173,174,176,180,192,205,205,200,183,175,172,169,166,165,162,161,161,163,169,176,191,196,196,184,172,169,167,162,157,153,153,152,153,154,165,184,184,172,167,162,160,159,158,157,157,157,158,158,158,158,158,159,159,159,159,159,159,158
163,159,154,150,149,149,154,162,169,176,181,181,180,168,155,143,135,135,140,153,160,160,160,160,160,160,164,165,164,165,164,164,161,161,164,165,166,169,170,175,185,195,196,193,182,176,171,157,157,160,165,170,172,177,185,190,190,183,180,179,177,175,171,172,174,174,175,176,176,176,174,173,172,173,174,177,178,178,180,185,190,197,198,199,199,197,193,190,188,191,193,193,193,195,197,201,201,202,202,202,201,201,201,202,202,203,201,204,205,206,207,208,210,213,215,217,217,220,222,222,221,216,203,191,182,180,182,185,197,199,199,190,182,181,179,176,171,170,169,169,172,172,173,174,175,176,188,202,202,201,182,179,174,169,166,163,162,161,161,163,166,177,191,196,196,181,172,169,167,163,157,154,152,152,153,154,164,179,181,178,169,164,161,159,159,158,158,158,158,158,158,158,158,159,160,159,159,159,159,159
163,159,155,151,149,149,154,163,170,177,181,181,179,168,155,143,135,135,143,157,160,160,160,160,160,162,165,166,166,165,164,164,163,163,164,166,167,168,169,175,184,195,196,196,184,177,171,161,160,161,167,171,172,175,184,192,192,186,181,180,178,177,174,173,174,175,175,176,176,177,179,180,178,178,179,179,180,180,180,181,186,194,197,198,199,200,195,191,191,192,193,193,193,192,195,197,198,199,202,202,202,202,202,203,204,205,205,205,205,207,207,210,211,215,217,217,220,220,222,222,218,207,194,184,179,179,182,185,198,200,199,188,184,181,177,175,172,170,170,171,172,172,173,174,176,176,186,201,201,201,183,179,174,169,165,163,162,161,161,162,164,175,191,197,197,181,171,169,166,163,158,154,153,153,153,153,159,169,181,181,171,165,162,161,160,159,158,159,159,159,158,158,159,160,160,160,160,159,158,159
163,160,157,152,150,150,156,163,171,179,185,185,176,168,156,143,137,137,146,160,161,160,160,161,161,163,165,167,167,165,164,164,164,164,165,166,167,168,169,175,183,194,197,197,184,177,173,163,161,162,169,172,173,175,182,192,192,191,182,181,180,178,176,175,175,175,176,176,176,177,180,182,182,179,181,182,182,182,181,181,183,191,196,198,201,201,199,194,193,193,194,194,193,193,196,196,196,197,197,200,202,202,204,204,205,205,205,207,207,208,209,213,214,217,219,219,220,220,221,218,212,201,189,182,179,179,183,192,200,201,200,188,184,181,178,175,172,171,171,172,172,172,173,175,176,176,186,201,202,201,184,179,175,170,165,163,161,161,161,162,163,175,190,197,197,181,171,169,166,163,159,154,153,153,153,154,157,167,181,181,174,166,164,162,161,160,160,160,159,159,159,159,159,160,160,160,160,160,159,159
164,161,158,153,151,151,156,163,170,179,185,185,174,167,156,144,140,140,150,162,162,161,160,161,162,165,165,167,167,165,164,164,164,165,166,167,168,168,169,175,183,192,197,197,185,179,175,167,163,166,170,172,173,174,182,191,192,192,185,182,180,178,177,176,176,178,179,178,178,179,182,184,185,184,182,182,182,182,182,182,184,189,193,197,199,201,201,199,194,194,194,193,193,197,198,197,196,197,197,197,198,201,203,204,204,204,206,208,209,209,212,213,214,217,219,219,219,219,215,212,202,189,184,182,182,183,188,196,201,201,200,190,186,184,178,176,172,172,171,171,172,172,175,176,176,177,185,200,201,201,184,179,175,170,166,163,161,161,161,162,163,171,190,199,199,182,177,171,166,163,160,158,154,153,153,154,156,162,178,182,174,168,165,164,162,162,162,160,160,160,160,160,160,160,160,160,160,161,160,160
164,161,158,154,152,152,156,163,170,180,184,184,174,166,156,145,141,141,153,163,163,162,161,161,164,165,166,167,167,167,165,164,165,166,168,168,168,169,169,175,181,188,198,198,186,182,178,171,167,168,171,173,174,175,181,190,194,194,186,183,182,180,179,178,179,179,180,180,180,181,183,185,186,185,184,182,182,182,183,184,186,187,190,195,197,199,201,200,199,198,198,197,197,198,199,197,196,195,197,196,197,200,202,203,204,204,208,208,209,212,213,214,215,215,218,218,218,215,209,204,192,189,183,182,183,184,188,196,201,201,194,190,186,184,178,176,172,172,172,172,172,174,175,175,176,177,185,198,202,202,185,177,175,170,167,164,162,162,161,161,162,171,190,199,199,183,177,172,168,165,163,159,156,154,154,154,156,159,176,182,182,169,167,165,164,163,162,162,161,161,161,160,160,160,160,160,160,160,160,160
164,161,158,155,152,152,156,163,170,181,183,183,174,166,156,145,141,141,157,164,164,162,161,161,165,166,167,168,167,167,167,167,167,167,168,168,169,169,171,176,181,188,198,198,190,184,180,174,168,168,172,174,175,178,181,189,196,196,188,185,183,181,180,180,180,181,181,181,181,182,184,184,186,186,183,182,181,181,183,185,186,187,189,191,197,199,201,202,201,199,198,198,198,199,200,198,195,195,197,196,197,199,202,203,203,204,208,208,208,212,213,214,215,214,215,216,216,209,205,202,192,190,182,182,183,184,193,197,197,197,191,189,186,182,177,176,172,172,172,173,174,174,176,174,176,177,182,194,202,202,185,177,174,172,167,165,163,162,162,161,161,168,189,199,199,184,177,173,168,167,163,160,157,155,154,155,156,156,166,190,190,169,168,167,165,164,163,162,162,162,162,161,161,161,160,160,160,160,160,160
