199,199,200,200,200,200,200,200,201,201,201,201,201,201,202,202,202,202,202,202,203,203,203,203,204,204,204,204,204,205,204,204,204,204,205,205,205,206,206,206,206,206,206,206,207,207,207,207,207,207,207,208,208,208,208,207,207,207,207,207,207,207,207,207,207,206,206,206,206,206,206,206,205,205,205,205,204,203,203,203,203,203,203,203,203,202,202,202,202,202,201,201,201,201,201,201,201,200,200,200,201,201,200,200,200,200,201,201,201,201,201,200,201,201,201,202,202,203,203,202,203,204,204,204,204,204,204,204,205,205,206,206,206,206,206,206,206,206,207,207,208,208,209,209,209,209,209,210,210,210,210,209,209,210,210,210,210,211,210,210,210,210,210,210,210,210,210,210,210,211,211,210,210,210,210,210,210,210,210,210,210,210,210,210,210,210,211,211,210,210,211,211,211,211,210,211,211,211,211,211
199,199,200,200,200,200,200,201,201,201,201,201,201,202,202,202,202,202,202,203,203,203,203,203,204,204,204,204,205,205,204,204,204,204,205,205,206,206,206,206,206,206,206,206,207,207,207,207,207,207,207,207,207,208,208,207,207,207,207,207,207,207,207,207,207,206,206,206,206,206,206,206,205,205,205,204,204,203,203,203,203,203,203,203,202,202,202,202,202,201,201,201,201,201,201,201,201,200,200,200,200,200,200,200,200,200,200,201,201,201,201,200,200,201,201,201,202,203,203,202,203,203,204,204,204,204,204,204,205,205,206,206,206,206,206,206,206,206,207,207,208,208,209,209,209,209,209,210,210,210,210,209,209,209,210,210,210,211,210,210,210,210,210,210,210,210,210,210,210,211,211,210,210,210,210,210,210,210,211,211,211,211,211,210,210,211,211,211,210,210,211,211,211,211,210,211,211,211,211,211
200,200,200,200,199,200,200,201,201,201,201,201,201,202,202,202,203,203,203,203,203,203,204,204,204,204,204,204,205,205,205,204,204,205,205,206,206,206,206,206,206,206,206,206,207,207,207,207,207,207,208,208,207,208,208,207,207,207,207,207,207,208,208,207,207,206,206,206,206,206,206,205,205,204,204,204,203,203,203,203,203,203,202,202,202,202,202,201,201,201,200,200,200,200,200,200,200,200,200,200,200,200,200,200,200,200,200,201,200,200,200,200,200,201,201,201,202,202,202,202,202,203,203,203,204,204,204,204,204,205,205,206,206,206,206,206,206,206,207,207,208,209,209,209,209,209,210,210,210,210,210,210,210,210,210,210,210,210,210,210,210,210,210,210,211,211,210,210,211,211,211,211,210,210,211,211,211,211,211,211,211,211,211,211,211,211,211,211,211,211,211,211,211,211,211,211,211,211,211,211
200,200,200,200,199,200,200,200,201,201,201,201,201,201,202,202,203,203,203,203,204,204,204,204,204,204,204,204,204,205,205,205,205,205,205,206,206,206,206,206,206,206,206,206,207,207,207,207,207,207,208,208,208,208,208,208,208,208,207,207,207,207,208,207,207,206,206,206,205,205,205,205,205,204,203,203,203,203,203,202,202,202,202,202,202,202,201,201,201,200,200,200,199,199,199,199,200,200,199,199,199,199,199,199,199,199,200,200,200,200,200,200,200,200,200,201,202,202,202,202,202,203,203,203,204,204,204,204,204,204,205,205,205,205,206,206,206,206,207,207,208,209,209,209,209,210,210,210,210,210,210,210,210,210,210,210,210,210,210,210,210,210,211,211,211,211,211,211,211,211,211,211,211,211,211,211,211,211,211,211,211,211,211,211,211,211,211,211,211,211,211,211,211,211,211,211,211,211,211,211
200,200,200,199,199,200,200,200,201,201,201,201,201,201,202,202,203,203,203,203,203,203,204,204,204,205,205,204,205,205,205,205,205,205,205,206,206,206,206,206,206,206,206,206,207,207,207,207,207,207,208,208,208,208,208,208,208,208,207,207,207,207,207,207,207,206,206,206,205,205,205,204,204,204,203,203,203,203,202,202,202,202,202,202,202,201,201,201,200,200,200,199,199,199,199,199,199,199,199,199,198,198,199,199,198,198,199,200,200,200,200,200,200,200,200,200,201,202,202,202,202,203,203,203,203,203,204,204,204,204,205,205,205,205,206,206,206,206,207,207,208,208,209,209,209,209,210,210,210,210,210,210,210,210,210,210,210,211,211,211,211,211,211,211,211,211,211,211,211,211,211,211,211,211,211,211,211,211,211,211,211,212,212,211,211,211,211,211,211,211,211,211,211,212,211,211,211,211,211,211
200,200,199,200,200,199,199,200,201,201,201,201,201,202,202,202,202,203,203,203,203,203,204,204,205,205,205,205,205,205,205,205,205,205,206,206,206,206,206,206,206,207,207,207,207,207,207,207,207,207,208,208,208,208,208,208,208,208,207,207,207,208,208,207,206,206,206,205,205,205,205,204,204,204,203,203,203,203,202,202,202,201,202,202,201,201,201,200,200,199,199,199,199,199,198,199,199,198,198,198,198,198,198,198,198,198,198,199,199,199,199,200,200,200,200,200,200,201,201,202,202,202,202,202,203,203,203,203,204,204,205,205,205,205,206,206,206,206,207,207,208,208,209,209,209,210,210,210,210,210,210,210,210,210,211,211,211,211,211,211,211,212,212,211,211,211,211,211,211,211,211,211,211,211,211,211,211,212,211,211,212,212,212,212,212,212,212,212,212,212,212,211,211,211,211,211,211,212,212,211
200,200,199,199,200,200,200,200,200,200,201,201,201,202,202,203,203,203,203,203,203,203,204,204,204,205,205,205,205,205,205,205,205,206,206,205,206,206,206,206,206,207,207,207,207,207,207,208,208,207,208,208,208,208,208,208,208,208,208,208,208,208,207,207,206,206,205,205,205,205,204,204,204,204,203,203,203,203,202,201,201,201,201,201,201,200,200,200,199,199,199,199,198,198,198,198,198,198,197,197,197,197,197,198,198,198,198,198,198,198,198,199,199,199,199,200,200,201,201,202,202,202,202,202,202,202,203,203,203,204,205,205,205,205,206,206,206,206,207,207,208,208,209,209,209,210,210,210,210,210,210,210,210,211,211,211,211,211,211,211,211,212,212,212,211,211,211,211,211,211,211,211,211,211,211,211,212,212,211,211,212,212,212,212,212,212,212,212,212,212,212,212,211,211,211,211,211,212,212,212
200,200,199,199,200,200,200,200,200,200,200,201,201,202,202,203,203,203,203,203,203,204,204,204,204,205,205,205,205,205,205,206,206,206,206,206,206,206,206,206,207,207,207,207,207,207,208,208,208,208,208,208,208,208,208,208,208,208,208,208,208,208,207,207,206,206,205,205,205,205,204,204,204,204,203,203,203,202,202,201,201,201,201,201,201,200,200,199,199,199,199,198,198,198,197,196,196,195,194,194,194,194,193,193,193,194,194,196,197,197,198,198,199,199,199,199,199,200,201,201,201,201,201,201,202,202,202,203,203,204,205,205,205,205,206,206,206,206,206,207,208,208,209,209,210,210,210,210,211,211,211,210,210,211,211,211,211,211,211,211,211,212,212,212,212,211,211,211,211,211,211,211,211,211,211,212,212,212,211,212,212,212,212,212,212,212,212,212,212,212,212,212,211,211,211,211,212,212,212,212
200,199,199,199,200,200,200,200,200,200,200,201,201,202,202,202,203,203,203,203,203,204,204,204,205,205,205,205,205,205,205,206,206,206,206,206,206,206,206,207,207,207,207,207,207,207,208,208,208,208,208,208,208,208,208,208,208,208,208,208,208,207,207,206,206,206,206,205,205,205,204,204,203,203,203,203,203,202,202,201,201,200,200,201,200,200,199,199,198,198,198,198,197,196,194,190,186,182,178,176,175,175,173,172,174,176,180,186,191,194,196,197,198,198,199,199,199,199,200,201,201,201,201,201,202,202,202,202,203,204,204,204,204,205,205,205,206,206,206,207,207,208,208,209,209,210,210,210,211,211,211,210,210,211,211,211,211,211,211,211,212,212,212,212,211,211,211,211,211,211,211,212,211,211,212,212,212,212,211,211,212,212,212,212,212,212,212,212,212,212,212,212,211,211,211,211,212,212,212,212
199,199,199,200,200,200,200,200,200,200,200,201,201,201,202,202,202,203,203,203,203,203,204,204,204,205,205,205,205,205,206,206,206,206,206,206,207,207,206,207,207,207,207,207,207,207,208,208,208,208,208,208,208,208,208,208,208,208,208,207,207,207,207,206,206,206,206,205,205,204,204,203,203,203,203,203,202,202,201,201,200,200,200,200,200,199,199,198,198,198,196,193,188,182,175,165,157,151,146,143,141,140,138,137,139,143,149,158,167,174,180,187,192,195,197,198,198,199,200,200,200,200,201,201,201,202,202,202,202,203,204,204,204,205,205,205,206,206,206,207,207,207,208,209,209,210,210,210,211,211,211,211,211,211,211,211,211,211,211,211,212,212,212,211,211,211,211,212,212,212,212,212,212,212,212,212,212,212,212,211,212,212,212,212,212,212,212,212,212,212,212,212,212,211,212,212,212,212,212,212
199,199,199,200,200,200,200,200,200,200,201,201,201,201,202,202,202,202,203,203,203,203,204,204,204,204,205,205,205,205,205,206,206,206,206,206,207,207,207,207,207,207,207,208,208,208,208,208,208,208,208,208,208,208,208,208,208,207,207,207,207,207,207,206,206,206,205,205,204,204,204,203,203,203,202,202,202,201,201,200,200,200,199,199,199,199,198,197,195,191,183,172,159,147,137,127,120,117,114,113,112,111,109,108,109,112,116,122,130,137,147,158,169,178,186,193,197,198,199,200,200,200,200,200,201,201,201,202,202,203,203,203,204,204,205,205,205,206,206,207,207,208,208,209,209,209,210,210,210,211,211,211,211,211,211,211,211,212,211,211,212,212,212,212,212,212,212,212,212,212,212,212,212,212,212,212,212,212,212,212,212,212,212,212,212,212,212,212,212,212,212,212,212,212,212,212,212,213,213,213
199,199,199,199,200,200,200,200,200,200,201,201,201,202,202,202,202,202,203,203,203,204,204,204,204,204,204,205,205,205,206,206,206,206,206,207,207,207,207,207,208,208,208,208,208,208,208,208,208,208,208,208,208,208,208,208,208,207,207,207,207,207,206,206,205,205,205,204,203,203,203,203,203,202,202,202,202,201,200,200,200,200,199,199,199,198,196,190,179,166,150,133,120,111,104,99,95,93,92,91,91,91,91,91,92,93,96,100,104,110,117,125,134,144,158,171,182,191,196,198,199,200,200,200,200,201,201,202,202,202,203,203,203,204,205,205,205,205,206,206,207,207,208,208,209,209,210,210,211,211,211,211,211,211,211,211,212,212,212,211,212,212,212,212,212,212,212,212,212,213,212,212,212,212,212,212,212,212,212,212,212,212,212,212,212,212,212,212,213,213,212,212,212,212,212,212,212,213,213,213
199,199,199,199,200,200,200,200,200,200,200,201,201,202,202,202,202,202,203,203,203,204,204,204,204,204,205,205,205,205,206,206,206,206,206,207,207,207,207,207,208,208,208,208,208,208,208,208,208,208,208,208,208,208,208,208,207,207,207,207,207,206,206,205,205,205,204,204,203,203,203,203,202,202,201,201,201,200,200,200,200,199,199,198,196,191,180,164,144,127,113,102,96,91,86,83,80,77,76,75,74,74,75,76,76,77,80,84,88,93,98,103,108,116,126,137,151,167,181,192,198,199,200,200,200,200,201,201,201,202,202,202,203,204,204,205,205,205,205,206,206,207,208,208,209,209,210,210,211,211,211,211,211,211,211,211,212,212,212,212,212,212,212,213,213,213,212,212,212,213,213,212,212,212,212,212,212,212,212,212,212,212,212,213,213,212,212,212,213,213,212,212,212,212,212,212,213,213,213,213
199,199,199,199,200,200,200,200,200,200,200,201,201,201,202,202,202,202,203,203,203,204,204,204,204,204,205,205,205,205,206,206,206,206,206,206,207,207,207,207,208,208,208,208,208,208,208,208,208,208,208,208,208,208,208,208,207,207,207,207,207,206,205,205,205,204,204,203,203,202,202,202,202,201,201,201,200,200,200,200,199,199,198,194,184,166,144,123,109,98,91,87,83,78,74,71,68,67,66,64,64,64,65,65,64,65,67,69,72,76,81,86,92,99,105,112,122,135,151,169,185,195,198,199,200,200,200,200,201,201,201,202,202,203,204,204,204,205,205,206,206,207,207,208,208,209,210,210,210,211,211,211,211,211,212,212,212,212,212,212,212,212,213,213,213,213,212,212,212,213,213,212,212,213,213,213,213,213,212,213,212,212,212,213,213,213,213,213,213,213,213,212,212,212,212,212,213,213,213,213
199,199,199,200,200,200,200,200,200,200,200,201,201,201,201,202,202,202,203,203,203,204,204,204,204,204,204,204,205,205,206,206,206,206,206,206,206,207,207,207,207,207,208,208,208,208,208,208,208,208,208,208,208,208,208,207,207,207,207,206,206,206,205,205,204,204,203,203,202,202,202,202,201,200,200,200,200,200,200,199,199,197,191,176,152,127,108,95,88,84,79,75,71,67,64,62,61,61,60,60,60,61,61,61,61,61,62,63,64,65,68,72,78,83,89,95,103,113,124,138,157,175,189,196,198,199,200,200,201,201,201,202,202,203,203,203,204,204,205,205,206,206,207,208,208,209,210,210,210,211,211,211,211,211,212,212,212,212,212,212,212,212,212,213,213,213,212,212,213,213,213,212,212,213,213,213,213,213,213,213,213,213,213,213,213,213,213,213,213,213,213,213,212,212,212,212,212,213,213,213
199,199,199,200,200,200,200,200,200,200,201,201,201,201,201,202,202,202,202,203,203,203,203,203,204,204,204,205,205,206,206,206,206,206,206,207,207,207,207,207,207,207,208,208,208,208,208,208,208,208,208,208,208,208,208,207,207,207,207,206,206,205,205,204,204,204,203,203,202,202,202,201,200,200,200,200,200,200,199,199,196,187,167,140,115,98,88,82,77,73,69,65,62,60,58,57,58,58,59,60,60,61,61,62,62,62,62,62,62,63,64,66,69,72,76,81,88,98,108,116,128,145,164,181,192,198,200,200,201,201,201,202,202,202,203,203,203,204,204,205,206,206,207,207,208,209,209,210,211,211,211,211,211,211,212,212,212,212,212,212,212,213,213,213,213,213,213,213,213,213,213,213,213,213,213,213,213,213,213,213,213,213,213,213,213,213,213,213,213,213,213,213,212,212,212,212,212,213,213,213
199,199,199,199,200,200,200,200,200,200,200,201,201,201,201,201,202,202,202,203,203,203,203,204,204,204,204,205,205,206,206,206,206,206,206,207,207,207,207,207,207,208,208,208,208,208,208,208,208,208,208,208,208,208,207,207,207,207,206,206,205,205,205,204,204,203,203,202,202,201,201,201,200,200,200,200,199,199,199,194,180,156,128,105,90,82,76,72,68,64,62,60,58,57,56,56,57,58,59,60,61,62,62,63,63,63,63,63,63,63,63,64,66,68,70,72,76,83,92,100,109,120,134,153,173,189,198,200,200,200,201,201,201,202,202,203,203,203,204,205,206,206,206,207,208,209,209,210,211,211,211,211,211,212,212,212,212,212,213,213,213,213,213,213,213,213,213,213,213,213,213,213,213,213,213,213,213,213,213,213,213,213,213,213,213,213,213,213,213,213,213,213,212,212,213,212,213,213,213,213
199,199,199,199,199,199,200,200,200,201,200,200,201,201,201,201,202,202,203,203,203,203,204,204,204,204,204,205,205,205,206,206,206,206,206,207,207,207,207,207,208,208,208,208,208,208,208,208,208,208,208,208,208,208,207,207,207,206,206,206,205,205,204,204,204,203,202,202,201,201,200,200,200,199,199,199,199,198,191,173,144,115,95,82,75,71,67,64,61,59,58,57,57,56,56,57,58,59,60,61,61,62,62,63,63,63,63,63,62,63,63,64,65,66,67,68,70,73,77,84,93,103,113,126,144,166,185,195,199,200,200,200,201,201,202,202,202,203,204,205,205,206,206,207,208,208,209,210,210,210,211,211,212,212,212,212,212,213,213,213,213,213,213,213,213,213,213,213,213,213,213,213,213,213,213,213,213,213,213,213,213,213,213,214,214,213,213,213,213,213,213,213,213,213,213,213,213,213,213,213
200,200,200,199,199,200,200,200,200,201,201,201,201,201,201,201,201,202,202,203,203,204,204,204,204,204,204,205,205,205,206,206,206,206,207,207,207,207,207,207,208,208,208,208,208,208,208,208,208,208,208,208,208,208,208,207,207,206,206,206,205,205,204,203,203,202,202,201,201,200,200,199,199,199,199,199,197,188,166,134,106,87,76,70,66,63,61,58,57,57,57,57,56,56,57,58,59,60,60,61,61,62,62,62,63,63,63,63,62,62,63,64,65,66,67,67,68,69,71,74,80,88,98,106,118,135,157,178,192,198,200,200,200,200,201,202,202,203,203,204,205,205,206,207,207,208,209,209,209,210,211,212,212,212,212,212,213,213,213,213,212,213,213,213,213,213,213,213,213,213,213,213,213,213,213,213,213,213,213,213,213,213,214,214,214,213,213,213,213,213,213,213,213,213,213,213,213,213,213,213
200,200,199,200,200,200,200,200,201,201,201,201,201,201,202,201,201,202,202,203,203,204,204,204,204,204,204,205,205,205,206,206,206,206,207,207,207,207,207,208,208,208,208,208,208,208,208,208,208,208,208,208,208,208,208,207,207,206,206,205,204,204,204,203,202,201,201,200,200,200,199,199,199,199,199,196,184,158,124,96,81,72,67,63,61,60,58,56,56,56,56,56,56,56,57,58,59,60,60,60,61,61,62,62,62,63,63,63,62,62,63,63,64,65,66,67,68,69,70,70,73,78,86,93,100,111,127,148,170,188,196,199,199,200,201,201,202,202,203,204,204,205,206,206,207,208,209,209,209,210,211,211,212,212,212,213,213,213,213,213,213,213,213,213,213,213,214,214,214,214,213,213,213,214,214,213,213,213,214,214,214,213,214,214,214,213,213,213,213,214,214,214,214,213,213,213,213,213,213,213
200,199,199,200,200,200,200,200,200,201,201,201,201,202,202,202,202,202,202,203,203,203,204,204,204,204,205,205,205,205,206,206,206,206,207,207,207,207,208,208,208,208,208,208,208,208,208,208,208,208,208,208,208,207,207,207,207,206,205,205,204,204,203,202,201,201,200,200,200,200,199,199,199,198,195,180,151,116,90,76,70,66,63,61,59,58,57,56,56,55,55,56,56,57,57,58,59,60,60,60,60,61,62,62,62,62,63,63,62,62,62,63,64,65,66,67,68,69,70,70,70,73,78,83,89,96,106,119,138,161,183,195,199,200,200,201,201,202,202,203,204,204,205,206,207,208,209,209,209,210,210,211,212,212,212,213,213,213,213,213,213,213,213,213,214,214,214,214,214,214,214,214,214,214,214,214,214,214,214,214,214,214,214,214,214,214,213,213,213,214,214,214,214,214,214,214,213,213,213,214
199,199,199,200,200,200,200,200,200,201,201,201,201,202,202,202,202,202,202,203,203,203,204,204,204,204,205,205,205,205,206,206,206,206,207,207,207,207,208,208,208,208,208,208,208,208,208,208,208,208,208,208,207,207,207,207,206,206,205,204,204,203,203,202,201,200,200,199,199,199,199,199,198,193,176,143,108,85,75,69,66,64,62,60,59,57,56,55,55,55,55,55,56,56,58,59,59,60,60,60,60,61,62,62,62,62,62,63,62,62,62,63,64,65,66,67,67,68,70,70,70,71,73,76,80,86,92,100,111,129,154,177,192,198,200,201,201,201,202,203,203,204,205,206,206,207,208,209,209,210,210,211,212,212,212,212,212,213,213,213,213,213,214,214,214,214,214,214,214,214,214,214,214,214,214,214,214,214,214,214,214,214,214,214,214,214,214,214,214,214,214,214,214,214,214,214,214,214,214,214
199,199,199,200,200,200,200,200,200,201,201,201,201,202,202,202,202,202,203,203,203,203,204,204,204,204,205,205,205,205,206,206,206,206,207,207,207,207,208,208,208,208,208,208,208,208,208,208,208,207,207,207,207,207,207,206,206,205,204,204,203,203,202,202,201,200,199,199,199,199,199,197,191,171,136,101,81,73,69,66,65,63,61,60,58,56,55,54,54,54,54,55,55,56,57,58,59,59,59,59,60,61,61,62,62,62,62,63,62,62,62,63,64,65,66,66,67,68,70,70,70,71,71,73,76,79,84,89,95,106,123,146,170,189,198,199,200,201,201,202,203,204,204,205,206,207,208,209,209,210,210,211,211,212,212,212,212,213,213,214,214,214,214,214,214,214,214,214,214,214,214,214,214,214,214,214,214,214,214,214,214,214,214,214,214,214,214,214,214,214,214,214,214,214,214,214,214,214,214,214
199,199,200,200,200,200,200,200,200,201,201,201,201,202,202,202,202,202,203,203,204,204,204,204,204,205,205,205,205,206,206,206,206,206,207,207,207,207,208,208,208,208,208,208,208,208,208,208,208,207,207,207,207,207,207,206,206,205,204,203,203,202,202,201,200,199,199,199,199,198,198,190,167,131,96,78,72,69,66,64,63,62,61,59,58,56,54,53,53,53,53,54,55,56,57,58,58,58,58,59,60,60,62,62,62,62,62,62,62,62,62,63,64,64,65,66,67,68,69,70,70,70,71,72,73,76,79,83,88,93,102,117,139,165,185,195,199,200,200,201,202,203,204,205,205,206,207,208,209,209,210,211,211,212,212,212,212,213,213,213,214,214,214,214,214,214,214,214,214,214,214,214,214,214,214,214,214,214,214,214,214,214,214,215,215,214,214,214,214,214,214,214,214,214,214,214,214,214,214,214
200,200,200,200,200,200,200,200,200,201,201,201,201,202,202,202,202,202,203,203,204,204,204,204,204,205,205,205,205,206,206,206,206,206,207,207,207,208,208,208,208,208,208,208,208,208,208,208,208,207,207,207,207,207,206,206,205,205,204,203,202,202,201,200,199,199,199,199,198,198,191,167,128,94,77,72,70,68,65,63,62,61,60,59,58,55,53,52,52,52,53,54,55,56,56,57,57,57,58,59,60,61,62,62,63,63,63,62,61,61,62,63,64,64,65,66,66,67,68,69,69,70,70,71,72,74,76,79,84,88,93,100,112,131,156,180,194,198,200,201,202,203,204,204,205,205,206,207,208,209,210,210,211,212,212,212,212,213,213,213,214,214,214,214,214,214,214,214,214,214,214,214,214,214,214,214,214,214,214,214,214,214,214,215,214,214,214,214,214,215,215,215,215,215,215,214,214,214,214,214
200,200,200,200,200,200,200,201,201,201,201,201,201,202,202,202,202,203,203,203,204,204,204,204,205,205,205,205,205,205,206,206,206,207,207,207,207,208,208,208,208,209,209,208,208,208,208,208,208,207,207,207,207,207,206,206,205,204,204,203,202,201,201,200,199,199,199,198,198,191,167,128,94,77,73,71,69,66,64,63,62,60,59,58,57,54,52,51,51,52,52,54,55,56,56,57,57,57,58,59,60,61,62,62,63,63,63,63,61,61,62,63,64,64,64,65,66,66,67,68,68,69,70,71,72,72,74,77,81,84,88,93,98,106,122,150,176,191,197,200,202,202,203,204,204,205,206,207,208,209,210,210,211,212,212,212,213,213,213,213,214,214,214,214,214,214,214,214,214,214,214,214,214,214,214,214,214,214,214,214,215,215,215,215,215,214,214,214,215,215,215,215,215,215,214,214,215,215,215,214
200,200,200,200,201,201,201,201,201,201,201,201,201,202,202,202,203,203,203,203,204,204,204,205,205,205,205,205,205,205,206,206,207,207,207,207,208,208,208,208,209,209,209,208,208,208,208,208,207,207,207,207,206,206,206,205,204,204,203,202,202,201,200,200,199,199,199,198,191,168,128,95,78,73,72,70,68,66,64,62,62,60,59,58,56,54,53,52,53,54,54,55,56,57,57,57,57,58,58,58,60,61,62,62,63,63,63,63,63,62,62,63,64,64,64,64,65,66,67,67,68,69,70,71,72,72,74,76,79,81,85,89,92,95,100,116,142,166,184,196,200,201,202,203,203,204,205,207,208,209,210,210,211,211,212,212,213,213,213,214,214,214,214,214,214,214,214,214,214,214,214,214,214,214,215,215,214,214,214,214,215,215,215,215,215,215,215,214,214,215,215,214,214,215,214,214,215,215,215,215
200,200,200,201,201,201,201,201,201,201,201,201,202,202,203,203,203,203,203,204,204,204,204,205,205,205,206,206,206,206,206,206,206,207,207,208,208,208,208,208,208,209,209,208,208,208,208,208,207,207,207,206,206,206,205,205,204,204,203,202,201,200,200,199,199,198,198,191,168,130,96,79,74,72,71,69,67,65,64,62,62,61,59,58,58,56,56,56,56,57,58,58,58,58,58,58,58,58,58,58,59,61,61,62,62,63,63,63,63,62,61,62,64,65,64,65,65,66,66,67,68,69,70,71,72,73,75,76,78,80,83,87,89,91,92,96,108,130,157,181,194,199,201,202,203,204,205,206,208,208,209,210,210,211,212,212,213,213,214,214,214,214,215,215,214,214,214,214,214,214,214,214,214,214,215,215,215,214,215,215,215,215,215,215,215,215,215,215,214,215,215,215,215,215,214,214,214,215,215,215
200,200,200,201,201,201,201,201,201,201,201,202,202,202,203,203,203,203,203,204,204,204,204,205,205,205,206,206,206,206,206,206,206,207,207,208,208,208,208,208,209,209,209,208,208,208,208,208,208,207,207,206,206,206,205,205,204,203,202,201,201,200,200,199,198,197,191,169,131,97,80,75,73,72,70,69,67,66,64,63,62,61,60,59,59,59,59,59,60,61,61,60,59,59,59,59,59,59,58,59,60,61,61,61,62,62,63,63,62,62,61,62,64,65,64,65,65,66,66,67,68,69,70,71,72,73,74,76,77,80,82,85,88,89,90,90,93,104,125,152,176,192,199,201,202,203,205,206,207,208,209,210,210,211,212,212,213,213,214,214,214,214,215,215,214,214,215,215,215,215,214,214,214,215,215,215,215,215,215,215,215,215,215,215,215,215,215,215,215,215,215,215,215,215,215,215,215,215,215,215
201,201,201,201,202,201,201,201,201,201,202,202,202,203,203,203,203,203,203,204,204,204,205,205,205,205,206,206,206,206,207,207,207,207,208,208,208,208,208,208,209,209,209,209,208,208,208,208,208,207,207,206,206,206,205,204,204,203,202,201,200,200,199,199,197,191,170,133,98,80,75,73,72,71,70,69,67,66,65,64,63,62,61,61,60,61,61,61,62,62,62,60,60,60,61,61,60,60,59,59,60,61,62,62,62,63,63,62,62,61,61,62,64,65,64,65,65,66,66,67,68,69,70,71,72,73,74,75,77,79,82,84,87,88,89,89,90,94,103,120,145,173,192,199,201,202,204,205,206,207,208,209,210,211,212,212,213,213,214,214,214,214,215,215,215,215,215,215,215,215,215,215,215,215,215,215,215,215,215,215,215,215,215,215,215,216,215,215,215,215,215,215,215,215,215,215,215,215,215,215
201,201,201,202,202,201,202,202,201,201,202,202,202,203,203,203,203,203,204,204,204,205,205,205,205,205,206,206,206,207,207,207,207,207,208,208,208,208,208,208,209,209,209,209,209,208,208,208,208,207,207,206,206,206,205,204,203,202,201,200,199,199,198,197,191,171,135,101,82,76,74,72,71,70,69,68,67,66,66,64,63,63,63,63,62,61,61,61,62,62,62,61,61,62,62,62,62,60,59,60,61,62,62,63,64,64,64,64,64,63,63,62,64,65,65,66,66,67,67,68,68,69,70,71,72,72,73,75,77,79,81,83,86,88,89,89,90,90,93,99,113,140,170,190,198,201,203,204,206,207,208,208,209,210,211,212,213,213,214,214,215,215,215,215,215,215,215,215,215,215,215,215,215,216,216,216,215,215,215,215,216,216,216,215,215,216,215,215,215,215,215,215,215,215,215,215,215,215,215,215
201,201,201,202,202,202,202,202,202,202,202,202,202,203,203,204,204,204,204,204,205,205,205,205,205,205,206,206,206,207,207,207,207,207,207,208,208,208,208,208,208,209,209,209,209,208,208,208,207,207,207,206,206,205,204,204,203,202,201,200,199,199,198,193,175,140,104,84,77,75,73,71,70,69,69,68,67,67,66,65,64,64,65,65,63,62,61,62,63,64,65,64,64,64,64,64,63,62,61,61,62,63,63,64,65,65,65,65,66,66,65,64,64,66,66,67,67,68,68,69,70,71,71,72,72,72,73,75,77,78,80,83,85,86,88,89,89,88,89,91,95,107,134,167,189,198,202,204,205,206,207,208,209,210,211,212,213,213,213,214,215,215,215,215,215,215,215,215,215,215,216,216,216,216,216,216,216,216,216,216,216,216,216,216,216,216,216,216,215,215,215,216,216,215,215,215,215,216,215,215
201,201,202,202,202,202,202,202,202,202,202,202,203,203,203,204,204,204,204,204,205,205,205,205,205,206,206,206,206,207,207,207,207,208,208,208,208,208,208,208,209,209,209,209,209,208,208,208,207,207,206,206,206,205,204,203,202,201,200,199,198,198,195,180,146,108,86,78,76,74,72,70,69,68,68,69,68,68,68,67,65,66,66,66,65,64,63,64,66,67,67,67,67,66,65,65,64,63,62,63,64,64,64,65,66,66,66,66,66,66,66,65,66,67,68,68,68,69,70,71,72,73,73,73,73,74,74,76,78,79,80,82,84,85,87,88,87,87,86,87,89,92,103,132,168,191,200,203,205,206,207,208,209,210,211,212,213,213,213,214,215,215,215,215,215,215,215,215,215,216,216,216,216,216,216,216,216,216,216,216,216,216,216,216,216,216,216,216,216,215,215,216,216,216,216,215,215,216,215,215
202,202,202,202,202,202,202,202,202,202,203,203,203,203,203,204,204,204,204,205,205,205,205,206,206,206,206,206,206,207,207,207,208,208,208,208,208,208,208,209,209,209,209,209,209,208,208,208,207,207,206,206,205,205,204,203,201,200,199,198,197,194,182,154,114,88,78,76,75,74,71,69,68,68,69,69,69,69,69,68,67,67,68,68,68,68,68,68,68,68,69,69,69,68,67,66,65,64,64,64,64,64,64,66,67,68,67,66,65,65,66,66,67,68,69,69,70,70,70,72,73,74,74,74,74,75,76,78,79,81,82,82,83,84,86,86,86,86,86,85,87,89,89,100,136,174,195,202,204,205,207,208,209,210,211,212,213,213,214,214,215,215,215,215,215,215,216,215,216,216,216,216,216,216,216,216,216,216,216,216,216,216,216,216,216,216,216,216,216,216,216,216,216,216,216,216,216,216,216,216
202,202,202,202,202,202,202,202,202,203,203,203,203,203,204,204,204,204,204,205,205,205,206,206,206,206,206,206,206,207,207,207,208,208,208,208,208,208,208,209,209,209,209,209,209,209,208,208,207,207,206,206,205,204,203,202,201,200,199,198,194,183,156,120,92,80,76,74,73,72,71,69,68,69,69,69,70,70,70,70,69,70,70,70,70,71,71,70,70,70,70,70,70,69,68,67,66,65,65,65,65,64,65,67,69,70,69,67,65,66,67,67,68,69,70,70,70,70,71,72,73,74,75,74,74,76,78,80,81,83,84,84,84,85,85,86,87,86,86,85,86,87,86,85,104,147,185,199,202,204,206,207,208,209,211,212,213,214,214,214,215,215,215,215,215,216,216,216,216,216,216,216,216,216,216,216,216,216,216,216,216,216,216,216,216,216,216,216,216,216,216,216,216,216,216,216,216,216,216,216
202,202,202,202,202,202,203,203,203,203,203,203,204,204,204,204,204,204,205,205,205,206,206,206,206,206,206,206,207,207,208,208,208,208,208,208,208,208,209,209,210,210,210,210,209,209,209,208,208,207,207,206,205,204,203,202,201,200,199,197,188,162,124,95,82,77,75,73,72,70,70,69,69,69,69,70,71,72,72,72,72,72,73,73,72,73,73,73,72,72,72,71,71,71,70,69,67,66,66,66,66,65,66,68,70,72,72,70,69,69,70,70,70,71,70,70,70,71,71,72,74,75,75,75,76,77,79,81,83,84,85,86,86,86,86,86,87,86,86,86,86,86,86,84,87,115,161,191,199,203,206,207,208,209,210,212,213,214,214,214,215,215,216,216,216,216,216,216,216,216,216,216,216,217,217,217,216,216,216,216,216,216,216,216,216,216,216,216,217,217,216,216,216,216,216,216,216,216,216,217
203,203,203,203,203,203,203,203,203,203,203,203,204,204,204,204,204,205,205,205,205,206,206,206,206,206,207,207,207,208,208,208,208,208,208,208,209,209,209,209,210,210,210,210,210,209,209,208,208,207,207,206,205,204,204,202,201,200,198,191,168,131,99,83,78,76,74,72,70,69,68,69,69,69,69,70,72,73,73,73,74,74,74,74,74,75,76,76,76,75,75,74,74,74,72,71,69,67,67,68,68,67,67,69,71,74,77,75,73,74,73,73,73,73,72,71,71,72,72,74,75,76,77,77,78,80,81,83,85,87,87,87,87,86,85,86,86,86,86,86,86,85,85,85,82,90,127,171,194,202,205,206,208,209,210,211,212,213,214,214,215,216,216,216,216,216,216,216,216,216,216,216,217,217,217,217,217,217,216,216,216,216,216,216,216,216,216,216,217,217,216,216,216,216,216,216,216,216,217,217
203,203,203,203,203,203,203,203,203,203,203,203,204,204,204,204,205,205,205,205,205,206,206,206,206,206,207,207,207,208,208,208,208,208,209,209,209,209,209,210,210,210,210,210,210,209,209,208,208,207,207,206,205,204,204,202,200,199,195,175,136,101,84,78,75,73,73,71,69,68,68,69,70,70,70,71,73,74,74,74,76,76,76,76,76,77,78,78,78,77,77,77,77,77,76,74,72,70,70,71,70,70,70,71,73,77,81,80,77,76,75,74,74,74,73,73,74,75,76,77,77,78,79,80,81,82,83,85,88,89,89,89,88,87,86,85,85,85,86,87,86,86,85,86,84,82,97,140,182,200,204,205,207,208,210,211,212,213,214,214,215,216,216,216,216,216,216,216,216,216,217,217,217,217,217,217,217,217,217,217,217,217,216,217,217,217,216,217,216,216,216,216,216,217,217,216,216,217,217,217
203,203,203,203,203,203,203,204,204,204,204,204,204,204,205,205,205,205,205,205,205,206,206,206,206,207,207,207,207,208,208,208,208,209,209,209,209,209,209,210,210,210,210,210,210,209,209,208,208,207,207,206,205,204,203,202,200,195,180,148,109,86,80,76,73,72,71,71,69,67,68,70,71,71,71,71,73,74,75,75,77,78,78,78,78,78,79,80,79,79,80,80,79,80,79,79,77,74,73,73,74,73,74,75,77,80,84,83,80,76,74,74,75,74,74,74,76,79,82,83,83,82,81,81,82,83,85,87,89,91,90,90,89,88,86,85,85,85,86,86,86,86,86,86,86,84,83,108,157,190,200,203,205,207,209,210,211,213,214,214,215,216,216,216,217,216,216,216,216,217,217,217,217,217,217,217,217,217,217,217,217,217,217,217,217,217,217,217,217,216,216,216,217,217,217,216,217,217,217,217
204,204,204,203,203,203,204,204,204,204,204,204,204,204,205,205,205,205,205,205,206,206,206,206,207,207,207,207,208,208,208,209,209,209,209,209,209,209,209,210,210,210,210,210,210,210,209,208,208,207,206,206,205,204,203,201,199,189,158,118,92,82,78,74,71,70,70,70,68,67,68,70,72,72,71,71,72,74,75,75,77,78,79,80,80,78,79,80,80,80,80,80,81,81,81,81,79,77,75,76,77,76,77,80,80,82,84,84,81,77,75,77,77,75,75,77,78,81,86,90,90,87,84,82,83,84,85,87,89,91,90,90,90,90,88,86,86,86,86,86,86,87,87,87,86,86,82,86,122,169,194,201,204,206,208,209,211,212,213,214,215,216,216,217,217,217,216,216,217,217,217,217,217,217,217,217,217,217,217,217,217,217,217,217,217,217,217,217,217,217,217,217,217,217,217,217,217,217,217,217
204,204,204,204,204,204,204,204,204,205,205,205,205,205,205,205,205,205,205,206,206,206,207,207,207,207,207,208,208,208,208,209,209,209,209,209,210,210,210,210,210,210,210,211,210,210,209,208,208,207,206,206,205,204,203,201,197,179,137,98,84,81,77,73,70,69,69,69,68,68,68,70,72,72,71,70,71,73,74,75,76,78,80,82,80,78,79,79,79,77,77,79,80,81,81,81,81,80,79,78,77,76,77,80,81,82,83,83,82,80,80,81,80,78,79,81,83,85,89,94,94,91,87,85,83,84,85,86,89,90,89,89,90,90,89,87,87,87,87,88,88,88,88,88,87,87,85,79,94,144,185,199,202,205,207,209,210,211,213,214,215,215,216,217,217,217,217,217,217,217,217,217,217,217,217,217,217,217,217,217,217,217,217,217,217,217,217,217,217,217,217,217,217,217,217,217,217,217,217,217
204,204,204,204,204,204,204,204,205,205,205,205,205,205,205,205,205,205,206,206,206,206,207,207,207,207,208,208,208,209,209,209,209,209,209,210,210,210,210,210,211,211,210,210,210,210,209,209,208,207,206,206,205,204,202,200,192,161,116,88,81,78,75,72,69,68,68,68,68,69,70,71,73,73,72,70,71,72,74,75,76,78,81,82,80,79,79,79,78,76,76,79,82,82,82,83,83,83,83,81,79,78,78,78,79,80,81,82,83,84,84,85,83,80,81,85,88,90,92,94,94,92,89,86,84,84,85,87,89,89,88,88,89,90,89,88,87,88,89,89,89,89,89,89,88,88,88,83,82,117,168,195,201,203,206,208,209,210,212,213,214,215,216,217,217,217,216,217,217,217,217,217,217,217,217,218,218,218,217,217,217,218,217,217,217,217,217,217,217,217,217,217,217,217,217,217,217,217,217,217
204,204,204,204,204,205,205,205,205,205,205,205,205,205,205,206,206,206,206,207,207,207,207,207,207,208,208,208,209,209,209,210,210,210,210,210,210,210,210,210,211,211,210,210,210,209,209,208,208,207,206,205,204,203,201,198,180,136,95,81,79,76,73,71,69,67,67,68,69,71,71,72,74,75,73,71,71,73,75,76,77,79,81,82,81,80,80,80,80,79,81,83,84,84,85,85,85,85,86,84,82,81,79,78,79,80,80,81,83,85,86,86,84,81,81,85,89,92,93,93,91,87,86,85,84,83,85,87,88,88,87,88,89,89,87,86,87,88,90,91,91,91,91,91,91,91,91,88,81,95,142,184,198,202,204,206,208,209,211,212,214,215,216,217,217,217,216,216,217,217,217,217,217,217,218,218,218,218,218,217,217,218,217,217,217,217,217,217,217,217,217,217,217,217,217,218,217,217,217,217
204,204,204,204,205,205,205,205,205,205,205,205,205,205,206,206,206,206,206,207,207,207,207,207,207,208,208,209,209,209,209,210,210,210,210,210,210,210,210,211,211,211,211,210,210,209,209,208,208,206,206,205,203,202,199,190,158,110,82,78,77,74,72,70,68,67,67,68,71,72,72,73,76,76,73,71,72,73,75,77,78,80,81,82,82,81,80,80,81,82,84,85,85,85,86,86,85,86,87,86,84,83,81,80,81,81,82,83,83,84,86,85,83,80,80,83,85,88,90,89,86,82,82,83,83,82,84,85,87,87,87,88,88,88,86,86,86,87,89,92,94,94,94,94,93,93,93,92,85,83,111,161,192,200,202,204,206,208,210,212,213,215,216,216,216,217,216,216,217,217,217,217,217,218,218,218,218,218,218,217,217,218,218,217,217,217,218,218,218,218,218,217,217,217,218,218,217,217,217,217
204,204,204,205,205,205,205,205,205,205,205,206,206,206,206,206,206,206,207,207,207,207,207,208,208,208,208,209,209,209,209,210,210,210,210,210,211,211,211,211,211,211,211,211,210,210,209,208,207,206,205,204,203,202,196,175,131,90,78,77,74,72,71,70,68,67,67,68,70,71,71,72,74,75,72,71,72,74,75,77,78,79,80,82,82,81,80,80,80,82,84,86,86,87,88,88,86,87,88,87,85,84,82,81,82,83,83,82,82,82,82,81,78,76,77,79,80,82,84,84,83,83,84,85,84,82,83,85,87,88,88,87,87,87,87,87,87,88,90,93,97,97,97,96,95,95,94,93,90,81,88,134,181,197,199,202,204,206,209,211,212,214,215,216,216,216,217,217,217,217,217,217,217,218,218,217,217,218,218,217,217,218,218,218,217,218,218,218,218,218,218,218,217,217,218,218,217,218,218,218
205,205,205,205,205,205,205,205,205,205,205,206,206,206,206,206,207,207,207,207,207,207,208,208,208,208,209,209,209,209,209,210,210,211,211,211,211,211,211,211,211,212,212,211,210,210,209,208,207,206,205,204,203,201,190,153,104,79,77,76,73,72,71,70,68,67,67,67,68,68,68,69,70,71,70,70,71,74,75,76,77,77,78,80,80,80,79,79,80,83,85,87,88,90,91,90,89,89,88,86,84,83,81,80,80,81,81,80,79,79,77,74,72,72,75,76,75,76,78,80,83,86,88,89,86,83,83,86,88,88,88,88,87,87,87,87,87,89,92,97,100,100,100,99,97,96,96,94,92,85,81,111,164,192,197,200,202,205,208,210,211,213,214,215,216,216,216,217,217,217,217,217,217,218,218,217,217,218,218,218,218,218,218,218,218,218,218,218,218,218,218,218,218,218,218,218,218,218,218,218
205,205,205,205,205,205,205,206,206,206,206,206,206,206,206,207,207,207,207,207,207,208,208,208,209,209,209,209,209,210,210,210,211,211,211,211,211,212,212,212,212,212,212,211,211,210,209,208,207,206,205,204,203,200,180,130,86,75,77,76,73,72,70,69,68,67,66,66,66,66,67,67,68,68,67,68,70,73,75,76,76,76,77,78,78,78,78,78,80,82,84,86,88,89,90,90,89,88,86,83,81,80,79,78,77,78,78,77,76,75,73,69,69,72,74,75,74,74,76,79,82,84,85,84,85,85,85,86,87,88,89,91,90,88,86,86,86,89,94,98,100,101,102,101,100,98,97,96,93,88,80,94,141,181,194,199,201,204,207,209,210,212,213,214,215,215,216,216,217,217,217,217,217,218,218,218,218,218,218,218,218,218,218,218,218,218,218,218,218,218,218,218,218,218,218,218,218,218,218,218
205,205,205,205,205,205,205,206,206,206,206,206,206,206,207,207,207,207,207,208,208,208,208,208,209,209,209,209,210,210,210,210,211,211,211,211,212,212,212,212,212,212,212,211,211,210,209,208,207,206,205,204,203,197,164,109,77,75,77,75,73,71,70,68,67,66,66,66,66,66,67,67,66,66,66,66,69,72,75,76,76,77,77,76,75,76,76,76,78,80,82,84,85,86,87,88,89,88,84,81,78,77,77,76,76,76,76,75,74,72,70,69,70,72,74,74,74,74,75,78,79,79,78,79,83,86,88,88,88,88,91,95,94,89,86,85,87,90,93,96,98,101,103,102,101,100,99,98,94,89,81,82,116,164,190,198,200,202,205,207,209,211,212,213,214,214,215,216,217,217,217,217,217,218,218,218,218,218,218,218,218,218,218,218,218,218,218,218,218,218,219,219,218,218,218,218,218,218,218,218
206,206,206,206,206,206,206,206,206,206,206,207,207,207,207,207,207,208,208,208,208,208,209,209,209,209,209,210,210,210,210,211,211,211,212,212,212,212,212,212,212,212,212,211,210,209,209,208,207,206,205,204,202,187,142,90,72,75,76,74,72,70,69,68,66,66,65,65,66,66,66,65,65,65,65,67,69,72,74,76,77,78,78,76,74,73,74,75,76,79,81,82,84,85,86,88,89,86,83,81,77,76,77,76,75,75,74,73,73,73,72,71,70,72,74,74,74,73,74,75,76,75,75,79,83,87,90,91,89,88,92,97,95,90,87,87,88,89,91,94,97,101,103,103,101,101,101,100,97,91,84,79,95,141,181,196,199,201,204,206,208,210,211,212,213,213,215,216,216,217,217,217,217,218,218,218,218,218,218,218,218,218,218,218,218,218,218,218,218,218,219,219,219,219,219,219,218,218,218,218
206,206,206,206,206,206,206,207,207,207,207,207,207,207,207,208,208,208,208,208,208,209,209,210,210,210,210,210,210,210,211,211,211,211,212,212,212,212,212,212,212,212,212,211,210,210,209,208,207,206,206,205,201,174,118,77,71,75,75,74,71,70,69,68,66,66,65,66,66,65,65,64,64,65,66,68,70,72,74,77,78,79,78,76,74,73,73,74,76,79,80,80,82,83,84,86,85,83,83,82,79,79,79,78,75,75,73,72,73,76,76,72,70,73,76,76,74,73,72,73,73,73,74,78,81,86,91,92,89,88,92,94,92,89,89,89,88,87,90,94,98,101,103,103,101,101,102,102,99,93,87,79,80,114,167,194,198,200,203,205,207,209,210,211,212,213,214,215,216,217,217,217,217,218,218,218,218,218,218,218,218,218,218,218,218,218,218,218,218,218,219,219,219,219,219,219,218,218,218,218
206,206,206,207,207,207,207,207,207,207,207,207,207,207,207,208,208,208,208,208,209,209,209,210,210,210,210,210,210,211,211,211,211,212,212,212,212,212,212,212,213,213,212,211,210,210,209,208,207,206,206,205,196,158,99,70,71,75,75,73,71,69,68,68,66,65,65,66,66,65,64,64,64,65,67,69,72,74,75,78,80,80,78,76,74,73,74,75,76,78,78,78,79,80,81,82,81,81,83,82,81,82,84,82,80,78,74,72,73,76,75,71,69,73,78,77,75,72,71,74,75,73,74,76,79,84,90,90,87,87,89,89,87,87,86,87,87,87,89,94,99,101,102,102,101,101,102,103,102,95,88,80,72,95,154,192,198,200,202,204,207,209,210,211,211,212,213,214,215,216,217,217,218,218,218,218,218,218,219,219,218,218,218,218,218,218,219,219,219,219,219,219,219,219,219,219,219,218,218,218
207,207,207,207,207,208,208,208,208,208,208,207,207,207,208,208,208,208,208,208,209,209,209,210,210,210,210,211,211,211,211,211,212,212,212,213,213,213,213,213,213,213,212,211,210,210,209,208,207,206,206,204,188,139,85,67,72,74,74,72,70,69,68,68,66,65,65,65,66,65,64,64,65,66,68,71,73,75,77,79,81,81,79,76,75,74,74,76,76,76,76,76,77,78,79,80,80,81,82,82,82,84,86,85,83,80,76,73,72,73,71,68,68,73,77,76,73,71,72,75,76,74,74,76,79,83,86,86,84,85,86,85,84,84,84,84,87,89,91,95,100,101,101,101,101,102,103,105,104,98,89,82,74,90,148,190,198,200,202,204,206,208,209,210,210,211,212,213,214,215,216,217,217,218,218,219,219,219,219,219,218,218,218,218,219,219,219,219,219,219,219,219,219,219,219,219,219,219,219,219
207,207,207,207,208,208,208,208,208,208,208,208,208,208,208,208,208,208,209,209,209,209,210,210,211,211,211,211,211,211,211,212,212,212,212,213,213,213,213,213,213,213,212,212,211,210,209,208,207,206,205,202,178,121,75,67,72,74,74,72,70,68,68,67,66,65,64,65,65,65,64,64,66,67,69,72,73,75,77,79,80,81,80,78,77,76,76,77,77,76,75,75,75,77,78,79,80,80,81,82,83,84,85,84,82,79,76,73,71,71,70,69,71,74,75,72,70,70,73,75,75,75,76,78,80,82,83,83,84,86,86,85,84,85,85,86,88,89,91,95,99,101,102,100,100,101,103,106,106,101,92,86,78,92,145,187,197,199,201,203,205,207,208,209,210,211,212,212,213,214,215,216,217,217,218,218,219,219,219,219,218,218,219,219,219,219,219,219,219,219,219,219,219,219,219,219,219,219,219,219
208,208,208,208,208,208,208,208,208,208,208,208,208,208,208,208,208,208,209,209,210,210,210,210,211,211,211,211,211,212,212,212,212,212,213,213,213,213,213,213,213,213,212,212,211,210,209,208,207,206,205,200,166,105,70,68,73,74,73,72,70,68,67,66,65,64,64,65,65,65,64,64,66,68,70,73,75,76,76,75,78,81,82,81,79,78,78,78,78,76,75,74,75,77,78,78,79,80,81,82,84,84,83,82,80,78,76,73,72,73,73,75,76,76,76,72,70,72,75,76,75,77,79,81,82,82,82,82,84,86,86,85,86,89,90,89,89,90,91,94,98,100,102,101,100,100,102,105,107,104,96,89,82,90,135,181,196,198,200,202,204,206,207,208,209,210,211,212,213,214,214,215,216,217,217,218,218,219,219,218,218,219,219,219,219,219,219,219,219,219,219,219,219,219,219,219,219,219,219,219
208,208,208,208,208,208,208,208,208,208,208,208,209,209,208,208,208,208,209,210,210,210,210,211,211,211,211,212,212,212,212,212,213,213,213,213,214,214,214,214,213,213,213,212,211,210,209,208,207,206,204,194,152,93,68,71,73,73,73,71,69,67,66,65,65,64,64,65,66,65,64,64,65,67,70,74,76,76,75,73,78,83,85,84,81,79,78,78,78,77,76,74,75,77,79,78,79,80,81,82,84,84,83,82,81,79,77,75,75,76,78,80,80,80,79,76,75,75,77,77,76,78,80,82,82,82,81,81,82,84,85,86,87,90,92,93,93,92,92,94,97,100,102,103,103,102,102,105,107,105,100,94,84,84,120,170,193,196,199,201,204,205,207,208,209,210,211,211,212,213,214,215,216,216,217,218,218,219,219,219,218,219,219,219,219,219,219,219,219,219,219,219,220,220,220,220,219,219,219,219
208,208,208,208,208,208,208,208,209,209,208,209,209,209,209,208,208,208,209,210,210,210,211,211,211,211,212,212,212,212,212,213,213,213,213,214,214,214,214,214,214,214,213,212,211,210,209,208,207,206,203,186,136,83,69,73,73,73,72,71,69,67,66,65,65,65,65,66,66,66,65,64,64,65,68,71,74,75,75,77,81,86,87,86,82,79,78,79,81,80,77,75,75,78,80,79,78,78,80,81,82,82,83,83,82,81,79,79,80,81,82,83,82,82,82,80,78,78,78,78,78,79,80,81,82,82,81,80,79,81,84,87,89,91,93,96,97,95,94,94,97,100,102,104,106,104,103,106,108,107,104,99,90,82,108,160,189,194,197,200,203,205,207,208,209,210,211,211,212,213,213,214,215,216,217,218,218,218,219,219,219,219,219,219,219,219,219,220,219,219,220,220,220,220,220,220,219,219,219,219
208,208,208,208,209,208,208,208,209,209,209,209,209,209,209,209,209,209,209,210,210,210,211,211,211,212,212,212,212,212,213,213,213,213,213,214,214,214,214,214,214,214,213,212,211,210,209,208,207,206,203,180,126,79,71,74,74,74,73,71,69,67,66,66,66,66,67,67,67,66,65,65,65,65,67,69,72,73,76,80,84,86,87,86,83,80,79,82,84,84,81,77,76,77,79,79,78,78,78,79,79,80,80,82,82,83,83,84,85,85,84,82,82,84,84,82,79,77,77,79,80,80,80,81,82,81,80,79,80,81,84,88,91,92,95,100,100,97,95,95,96,98,100,103,106,106,106,108,109,109,107,105,99,87,101,152,185,192,195,198,201,204,206,207,208,209,210,211,212,213,213,214,215,216,217,218,218,218,219,219,219,219,219,219,219,219,220,220,220,220,220,220,220,220,220,220,219,219,219,219
208,208,209,209,209,208,208,209,209,209,209,209,209,209,209,209,209,209,210,210,210,211,211,211,212,212,212,212,212,212,213,213,213,214,214,214,215,215,215,214,214,214,213,212,211,210,209,208,207,206,203,178,123,80,73,75,74,74,73,71,69,67,66,66,66,67,68,68,68,68,68,67,68,69,70,72,74,75,77,81,84,85,85,86,85,82,82,85,88,88,85,80,77,77,78,79,79,78,77,77,76,77,78,80,81,83,86,87,87,86,83,82,81,83,83,81,79,77,77,79,80,80,81,83,83,81,80,80,81,83,86,89,92,94,98,103,102,98,96,95,94,95,97,101,104,107,109,110,111,111,110,109,104,89,95,144,181,190,194,197,200,203,205,206,207,209,210,211,212,212,213,214,214,215,216,217,218,218,219,219,218,219,219,219,219,219,220,220,220,220,220,220,220,220,220,220,219,219,219,219
209,209,209,209,209,209,209,209,209,209,209,209,209,210,209,209,209,210,210,210,211,211,211,212,212,212,212,213,213,213,213,213,214,214,214,215,215,215,215,215,215,214,214,213,211,210,209,208,207,206,202,174,118,80,75,75,74,74,73,70,68,66,65,65,66,68,69,70,70,70,71,71,72,73,75,77,78,80,81,84,85,85,84,85,86,86,87,90,91,91,88,83,79,78,79,81,82,80,80,78,76,76,78,79,80,81,83,85,85,84,82,81,81,81,80,79,78,77,77,78,78,79,82,84,84,82,81,82,83,85,89,92,94,95,98,102,101,96,94,93,93,94,96,98,102,106,109,111,113,113,113,112,107,89,92,140,179,189,192,196,198,201,203,205,206,208,210,211,211,212,213,213,214,215,216,217,217,218,218,218,218,219,219,219,219,219,219,220,220,220,220,220,220,220,220,220,219,219,219,219
209,209,209,209,209,209,209,209,209,209,209,210,210,210,209,209,209,210,211,211,211,212,212,212,212,213,213,213,214,213,213,214,214,214,215,215,215,215,215,215,215,215,214,213,212,210,209,208,207,205,202,172,114,80,77,76,74,74,72,69,67,65,64,64,66,68,70,71,71,72,72,73,74,75,77,79,80,82,84,86,86,85,83,83,85,89,92,93,92,91,90,86,82,80,81,83,81,78,80,80,77,77,79,80,81,81,81,81,82,81,80,81,82,80,79,78,78,78,79,79,78,79,81,83,84,83,82,83,85,88,92,95,96,97,97,98,98,94,90,89,90,93,95,97,100,103,107,111,115,115,115,114,109,90,90,137,178,188,191,194,196,198,201,203,205,207,209,210,211,212,212,213,214,215,215,216,217,218,218,219,219,219,219,219,219,219,219,220,220,220,220,220,220,220,220,220,220,219,219,220
209,209,209,209,209,209,209,209,209,210,210,210,210,210,209,209,209,210,211,212,212,212,212,212,213,213,213,214,214,214,214,214,214,215,215,215,215,216,216,215,215,215,214,213,212,211,209,208,206,205,202,172,114,82,78,76,75,74,72,69,66,64,63,63,65,67,68,69,69,70,70,71,72,74,76,79,80,81,82,84,85,84,82,81,84,88,91,91,91,92,93,91,86,83,84,84,79,74,77,80,77,76,80,83,83,83,82,82,81,80,80,82,83,82,80,79,79,80,81,81,80,80,81,82,83,83,82,83,86,90,94,96,97,98,97,97,97,94,88,85,86,91,94,95,97,100,104,110,115,117,116,116,112,93,88,131,173,186,189,192,195,197,200,202,204,206,208,210,211,211,212,212,213,214,215,216,216,217,218,219,219,219,219,220,219,219,220,220,220,220,220,220,220,220,220,220,220,220,220,220
209,210,210,209,209,210,210,210,210,210,210,211,211,211,210,210,210,211,212,212,212,212,212,213,213,214,214,214,214,214,214,214,215,215,215,215,216,216,216,216,215,215,215,214,212,211,209,208,207,205,200,168,111,82,79,77,75,74,71,68,65,62,60,60,62,63,64,64,65,65,64,66,68,72,74,77,79,79,80,82,84,84,82,82,84,88,89,89,90,93,97,95,89,86,87,87,83,78,79,81,79,78,82,85,85,84,84,84,85,83,83,86,86,84,82,81,81,83,84,83,82,82,82,83,84,83,83,84,87,90,94,95,95,96,96,95,94,91,86,84,86,90,92,94,97,99,103,108,114,117,118,117,113,96,91,131,171,184,188,191,194,196,198,201,203,205,207,209,210,211,211,212,213,214,214,215,216,217,218,218,218,219,219,220,220,220,220,220,220,220,220,220,220,220,220,220,220,220,220,220
209,210,210,210,210,210,210,210,210,211,211,211,211,211,211,211,211,212,212,212,212,213,213,213,214,214,214,214,214,214,214,215,215,215,215,215,216,216,216,216,216,216,215,214,213,211,210,208,207,205,197,160,105,80,79,77,76,75,70,66,63,60,57,56,57,58,59,59,59,59,59,61,64,69,72,74,76,77,79,81,83,83,83,85,88,91,92,93,95,97,99,96,91,88,88,89,88,84,83,83,82,82,84,87,86,85,86,87,88,88,88,89,89,87,86,86,87,88,87,85,83,83,83,84,84,84,84,87,89,89,91,93,92,93,92,91,89,85,83,84,88,91,92,95,97,99,103,108,114,117,118,117,114,99,97,135,172,183,187,190,192,195,197,200,202,204,206,208,209,211,211,211,212,213,214,215,215,216,217,218,218,219,219,219,220,220,220,220,220,220,220,220,220,220,220,220,220,219,220,220
210,210,210,210,210,210,210,211,211,211,211,211,211,211,212,212,212,212,212,213,213,213,213,214,214,214,214,215,215,215,215,215,216,216,216,216,216,216,216,216,216,216,215,214,213,212,210,209,207,205,197,161,108,82,79,78,78,75,70,65,61,56,54,53,55,56,57,56,56,55,56,58,62,66,68,70,72,74,75,77,80,82,84,88,92,95,98,101,103,104,102,99,94,92,90,90,90,88,87,86,85,83,83,85,85,86,88,90,91,92,92,92,93,93,94,94,95,94,90,86,84,83,84,85,85,85,85,88,88,87,90,91,89,88,89,89,86,84,83,83,89,94,96,96,98,100,103,108,113,117,117,117,114,101,101,137,171,182,186,189,191,193,196,198,200,203,205,207,208,210,210,211,212,213,214,214,215,216,217,218,218,219,219,220,220,220,220,220,220,220,220,220,220,220,220,220,220,220,220,220
210,210,210,210,210,211,211,211,211,211,211,211,211,211,212,212,212,213,213,213,213,213,213,214,214,214,214,215,215,215,215,216,216,216,216,216,217,217,217,217,217,217,216,214,213,212,210,209,207,205,199,171,120,87,79,79,79,75,69,64,59,55,53,53,54,55,55,54,54,54,55,57,60,62,63,65,68,70,72,74,78,81,85,90,93,97,102,106,108,108,106,103,101,98,95,92,91,91,91,89,86,82,81,83,84,86,91,93,94,96,97,97,98,100,101,101,101,98,92,88,86,84,84,85,85,84,83,81,79,81,86,87,85,85,87,89,90,88,86,86,90,96,98,99,99,101,104,108,113,116,117,116,115,105,106,139,170,180,185,188,190,192,194,197,199,202,204,206,207,209,210,211,212,213,214,214,215,216,217,217,218,219,219,220,220,220,220,220,220,220,220,220,220,220,220,220,220,220,220,220
210,210,211,211,211,211,211,212,212,212,212,212,212,211,212,212,212,213,213,213,213,213,214,214,214,215,215,215,215,215,215,216,216,216,216,216,217,217,217,217,217,217,216,215,214,212,210,208,207,205,201,178,129,91,81,80,79,74,68,63,59,56,54,54,54,54,53,51,51,54,55,56,57,58,59,62,65,68,69,72,77,80,84,89,93,97,103,106,107,107,106,105,104,102,99,95,92,93,92,89,83,80,81,85,87,89,93,96,98,101,101,102,104,105,104,106,105,98,91,87,86,85,85,85,83,80,77,72,68,70,77,80,82,83,86,90,93,92,90,91,92,96,99,101,102,103,106,110,113,116,116,116,115,107,109,140,171,180,184,186,189,191,193,195,198,200,202,204,206,208,209,210,212,213,214,214,215,216,216,217,217,218,219,220,220,220,220,220,220,220,221,220,221,221,220,220,220,220,220,220
211,211,211,211,211,211,211,212,212,212,212,212,212,212,212,213,213,213,214,214,214,214,214,214,215,215,215,216,216,216,216,216,216,216,217,217,217,217,217,217,217,217,216,215,214,212,210,209,207,205,202,178,127,91,82,82,78,73,68,64,60,57,56,56,56,55,53,50,51,55,56,55,54,55,56,60,64,67,67,69,75,79,82,86,90,94,99,101,102,102,103,103,102,98,95,94,93,94,93,89,83,79,82,87,90,92,94,96,99,102,103,104,106,105,104,105,103,95,88,86,85,83,83,82,79,75,72,66,62,66,73,77,80,82,85,89,93,92,92,95,96,96,98,102,104,105,108,112,114,115,115,114,115,106,105,138,171,181,183,186,188,191,192,194,196,199,201,203,205,207,208,210,211,212,213,214,215,215,216,216,217,218,219,220,220,220,220,220,221,221,221,221,221,221,221,221,221,220,220,220
211,211,211,212,212,212,212,212,212,212,212,213,213,213,213,213,213,213,214,214,214,215,215,215,215,215,216,216,216,216,216,216,216,217,217,217,217,217,217,217,217,217,216,215,214,213,211,209,207,205,200,173,122,88,82,83,78,72,68,65,62,59,59,60,60,58,56,55,57,60,60,57,54,53,54,58,62,64,64,66,71,75,78,82,86,90,93,92,92,95,98,98,95,90,89,91,93,95,94,90,86,82,83,87,90,92,93,93,96,98,97,98,99,98,98,98,95,89,84,82,81,79,78,77,75,71,69,67,67,71,77,81,82,83,85,89,92,91,91,94,95,95,98,103,106,107,111,114,115,115,114,114,114,105,102,134,170,180,183,185,187,190,192,193,195,198,200,203,205,206,208,209,210,212,212,214,214,215,215,216,217,218,219,220,220,220,220,221,221,221,221,221,221,221,221,221,221,221,220,220
211,211,212,212,212,212,213,212,213,213,213,213,213,213,213,213,213,214,214,214,215,215,215,215,216,216,216,216,216,216,217,217,217,217,218,218,218,217,217,217,218,218,217,216,214,213,211,209,207,205,199,172,124,89,82,83,78,72,69,66,64,63,63,64,64,63,62,62,64,65,64,61,58,55,54,55,58,60,61,62,66,70,74,78,82,85,86,85,84,86,89,88,85,83,83,87,92,94,94,93,90,87,86,87,89,90,89,87,88,88,87,86,86,85,86,86,83,79,76,74,74,74,74,75,75,74,73,74,75,78,81,84,86,86,89,93,94,91,90,91,92,95,99,103,105,109,114,116,116,115,114,113,114,106,105,137,170,179,181,184,186,189,191,193,194,197,199,202,204,206,207,209,210,211,212,213,214,214,215,216,217,217,218,219,220,220,221,221,221,221,221,221,221,221,221,221,221,221,220,220
211,211,212,212,212,213,213,213,213,213,213,213,213,213,213,214,214,214,215,215,215,215,215,216,216,216,216,216,217,217,217,217,217,217,218,218,218,218,218,218,218,218,217,216,215,213,210,208,206,204,199,178,134,93,82,83,78,73,70,68,67,67,68,68,69,69,68,67,68,68,68,66,62,58,55,54,55,57,59,60,61,64,68,72,75,78,78,78,78,79,79,78,77,77,79,82,88,93,96,95,92,90,88,87,87,86,83,80,78,78,77,76,75,73,73,73,72,69,67,66,68,70,72,75,78,78,78,79,79,80,82,85,87,88,92,97,97,94,93,93,93,96,99,101,105,110,114,117,118,116,113,112,113,110,116,147,172,175,172,172,177,184,190,192,194,196,199,201,203,205,206,208,209,210,211,212,213,214,215,216,217,217,218,219,220,220,221,221,221,221,221,221,221,221,221,221,221,221,220,220
212,212,212,212,213,213,213,213,213,213,213,213,213,213,214,214,214,215,215,215,215,215,216,216,216,216,216,217,217,217,217,217,217,217,218,218,218,218,218,218,219,218,217,216,215,213,210,208,203,193,184,171,136,95,82,82,77,72,71,70,70,70,70,71,72,72,73,72,72,71,70,69,67,64,60,58,57,58,59,59,58,59,62,66,69,71,71,70,70,70,72,72,72,72,74,77,83,89,94,95,92,90,89,88,86,83,80,77,75,73,70,69,68,67,66,67,66,63,62,63,66,69,71,74,77,78,78,79,81,82,84,86,87,89,92,95,96,96,97,98,98,99,102,104,107,111,113,116,118,117,113,110,112,114,128,156,165,150,134,129,138,159,180,191,194,196,198,201,202,204,206,207,208,210,211,212,213,214,215,216,216,217,218,219,220,220,220,221,221,221,221,221,221,221,221,221,221,221,220,220
212,212,212,212,213,213,213,213,213,213,214,214,214,214,214,214,214,215,215,215,215,216,216,216,216,216,216,217,217,218,218,218,218,218,218,218,218,218,218,219,219,219,217,216,215,213,210,202,180,151,132,125,109,88,81,81,76,73,71,71,71,72,71,71,72,73,74,75,75,74,74,74,73,71,68,66,64,62,61,59,57,58,61,64,66,67,67,66,64,63,65,66,66,66,67,71,76,82,89,92,91,90,89,89,86,83,80,78,76,73,68,66,66,65,64,64,63,62,62,63,67,71,73,75,77,79,80,83,86,87,88,88,89,90,92,93,95,98,99,100,102,103,106,109,110,111,112,114,117,116,111,109,111,115,131,146,132,98,76,75,88,116,153,181,193,196,198,200,202,204,205,206,207,208,210,211,212,214,214,215,216,217,218,219,219,220,220,220,221,221,221,221,221,221,221,221,221,221,220,220
212,212,213,213,213,214,214,214,214,214,214,214,214,214,214,214,214,215,215,215,216,216,216,216,217,217,217,217,218,218,218,218,218,218,218,219,219,219,219,219,219,219,218,217,215,213,207,181,135,94,73,66,68,76,80,79,76,74,73,72,72,71,70,70,71,73,75,76,77,78,78,79,81,80,78,78,76,72,68,64,62,61,62,63,64,65,65,64,62,60,60,59,58,58,60,64,69,76,82,86,87,87,86,85,84,83,80,79,78,74,68,67,66,65,65,64,64,64,64,66,70,74,78,80,83,86,87,89,90,90,89,88,88,90,91,93,95,96,97,99,103,107,109,112,111,109,110,112,115,113,108,107,110,114,117,106,76,53,48,58,74,94,124,163,188,195,197,199,201,203,204,205,207,208,209,210,212,213,214,215,216,217,218,218,219,220,220,221,221,221,221,221,221,221,221,221,221,221,220,220
212,213,213,213,213,214,214,214,214,214,214,214,214,214,214,214,215,215,215,216,216,216,216,217,217,217,217,217,218,218,218,218,218,218,219,219,219,219,219,219,219,219,218,217,215,213,199,155,99,65,51,43,49,68,79,79,77,76,75,74,72,70,69,70,72,74,75,76,79,80,81,83,86,86,86,87,87,84,79,75,71,68,66,65,65,65,65,63,61,59,58,55,51,51,54,59,64,71,78,80,80,80,80,79,78,78,78,78,77,72,68,66,66,66,67,66,66,67,70,73,76,79,82,84,85,85,83,81,79,78,76,73,73,74,76,79,83,86,89,95,103,109,112,113,111,108,108,110,112,110,106,106,109,111,96,62,40,42,55,72,84,85,99,142,182,195,197,199,200,202,203,205,206,207,208,210,211,212,214,215,216,217,218,218,219,220,220,221,221,221,221,221,221,221,221,221,221,221,221,221
213,213,213,214,214,214,214,214,215,215,215,214,214,214,214,215,215,215,216,216,216,217,217,217,217,217,217,217,218,218,218,218,218,218,219,219,219,219,219,219,219,219,219,218,216,213,193,140,87,63,53,44,49,67,78,78,77,77,76,75,72,69,70,72,74,76,75,76,78,79,79,80,82,84,85,86,86,85,84,81,79,76,73,71,70,68,67,64,61,59,58,55,51,50,52,56,61,68,75,77,74,74,74,72,71,72,73,73,71,68,65,64,64,64,66,66,67,72,76,78,80,80,79,75,69,64,61,59,56,54,51,47,46,48,52,56,62,66,70,78,90,101,109,113,112,108,108,110,110,107,105,106,110,110,86,48,38,54,74,87,78,60,72,127,178,195,197,198,200,201,202,204,205,206,208,209,210,212,214,215,216,217,217,218,219,220,221,221,221,221,221,221,221,221,221,221,221,221,221,221
213,213,214,214,214,214,214,214,215,215,215,214,214,214,215,215,216,216,216,217,217,217,217,217,217,217,218,218,218,218,218,218,218,219,219,219,219,219,219,219,220,220,219,218,216,214,198,146,86,61,55,47,51,68,77,77,77,77,76,75,72,71,71,74,75,75,73,71,69,67,65,65,66,68,69,70,71,70,71,72,73,74,75,75,74,72,69,65,61,60,59,56,53,51,52,55,60,65,70,71,70,69,69,67,65,65,66,65,64,62,61,62,62,61,62,63,67,73,78,78,75,69,61,52,46,45,48,50,49,48,43,38,38,41,46,52,55,56,58,60,66,77,94,108,111,109,108,110,109,106,105,106,109,111,91,57,51,73,89,83,56,36,61,125,178,196,197,199,200,201,202,203,204,205,207,209,210,211,213,214,216,217,217,218,219,220,221,221,221,221,221,221,221,221,221,221,221,221,221,221
213,213,214,214,214,214,214,214,215,215,215,215,215,215,216,216,216,216,217,217,217,217,217,217,217,218,218,218,218,218,219,219,219,219,219,219,219,219,220,220,220,220,219,218,216,214,206,162,90,55,54,51,54,68,76,75,75,76,76,75,73,71,71,73,73,68,61,55,50,46,46,48,51,54,56,56,56,54,51,51,54,58,63,68,71,71,70,66,62,60,58,56,54,53,53,54,57,59,61,63,65,67,67,66,63,60,60,60,59,58,58,60,59,59,59,61,65,70,72,70,62,50,39,34,34,42,51,55,56,55,50,45,42,45,52,58,61,63,66,66,61,59,72,93,106,109,108,108,108,105,104,105,108,111,98,71,69,86,85,62,36,29,65,132,181,195,197,199,200,201,202,203,203,204,206,208,209,211,212,214,215,216,217,218,219,220,221,222,222,221,221,221,222,222,221,221,221,221,221,221
213,213,214,214,214,214,214,215,215,215,216,216,216,216,216,216,216,217,217,217,217,217,218,218,218,218,218,218,219,219,219,219,219,219,219,219,220,220,220,220,220,220,219,218,216,214,211,175,100,52,49,52,58,69,74,73,73,74,75,75,73,71,69,68,65,55,44,38,37,39,44,47,51,55,57,56,55,52,45,40,37,39,43,49,57,63,66,64,62,59,57,55,54,54,54,54,53,53,54,59,65,69,70,69,66,64,62,61,59,58,58,58,57,57,58,59,60,62,62,57,46,34,29,30,34,42,50,55,59,63,60,53,48,47,52,58,62,67,75,80,75,62,58,74,96,106,106,106,107,105,104,104,106,111,102,83,84,86,65,42,29,33,75,141,184,195,197,198,200,201,202,202,203,204,206,207,208,210,212,213,215,216,217,218,219,220,221,222,222,221,221,222,222,222,222,222,222,222,222,221
213,213,214,214,214,214,215,215,215,215,216,216,216,216,216,216,217,217,217,217,218,218,218,218,218,218,218,219,219,219,219,220,219,219,219,219,220,220,220,220,220,220,219,218,216,214,212,180,110,56,43,49,60,69,72,71,71,72,74,75,74,70,66,60,50,40,36,36,40,45,50,53,56,59,61,60,59,56,50,42,36,32,32,35,41,49,56,58,58,57,56,54,54,54,55,54,52,52,54,60,68,73,75,75,75,74,72,69,65,63,60,58,56,55,54,54,55,56,53,45,35,30,30,31,34,38,42,47,56,64,64,58,52,51,55,61,65,72,81,86,84,75,62,61,82,100,104,104,105,104,103,103,104,109,104,91,90,76,47,32,29,40,89,153,188,195,197,198,200,201,201,202,203,204,205,207,208,209,211,213,214,216,217,218,219,220,221,221,221,221,222,222,221,221,221,222,222,222,222,222
213,214,214,214,214,214,215,215,216,215,216,216,216,216,217,217,217,217,217,218,218,218,218,218,218,218,219,219,219,219,220,220,220,220,220,220,220,220,220,221,221,220,219,218,216,215,212,184,118,61,40,46,59,68,70,68,69,70,72,74,74,69,59,46,37,36,39,42,45,48,51,55,58,61,62,61,59,56,52,46,40,35,33,31,32,36,44,50,53,54,53,53,53,53,53,53,52,53,57,64,71,76,79,80,81,81,80,78,74,68,62,59,57,55,51,50,51,50,43,35,30,29,29,29,30,31,30,31,38,44,43,40,39,40,47,56,64,77,92,96,91,86,76,64,72,93,102,101,101,100,101,102,103,107,103,96,94,71,38,26,28,49,103,164,191,195,197,198,199,200,201,202,202,203,205,206,207,208,210,212,214,215,216,217,219,220,221,221,221,221,222,222,221,221,221,222,222,222,222,222
214,214,214,215,215,215,215,216,216,216,216,216,216,217,217,217,217,217,218,218,218,219,219,219,219,219,220,220,220,220,220,220,220,220,220,220,220,220,221,221,221,220,220,218,217,215,213,188,126,65,39,44,57,67,69,67,67,68,70,72,72,62,47,37,37,42,44,44,45,47,50,55,61,66,68,66,64,59,53,48,42,38,34,32,31,31,35,42,48,51,52,52,52,52,51,51,52,54,59,66,72,77,80,80,81,82,83,83,79,70,61,57,57,56,53,52,50,45,36,30,27,26,29,36,42,37,23,15,21,34,33,22,17,19,28,43,54,64,81,93,94,93,88,78,77,90,100,100,98,98,98,100,103,106,103,101,99,71,34,22,27,59,119,172,193,195,197,198,199,200,201,202,202,202,204,205,207,208,210,212,213,215,216,218,219,220,221,221,222,222,221,222,222,221,221,222,222,222,222,222
214,215,215,215,215,215,215,216,216,216,216,216,216,217,218,218,218,218,218,218,219,219,219,219,219,220,220,220,220,220,221,221,221,220,220,220,221,221,221,221,221,221,220,219,217,216,214,193,135,69,37,41,55,67,69,66,65,65,66,68,66,53,40,40,46,47,46,45,45,46,49,53,60,66,67,66,63,57,49,42,38,35,32,31,31,31,31,35,42,49,52,53,52,50,49,49,52,55,60,65,70,75,78,79,79,81,84,85,80,68,57,53,55,58,58,57,52,42,33,27,26,31,46,68,79,62,29,12,18,43,51,26,15,25,40,61,69,62,57,62,75,85,87,85,86,93,99,100,99,98,98,100,102,105,105,106,104,72,32,19,29,70,134,179,193,195,197,198,198,199,200,201,201,202,203,205,206,207,209,211,213,215,216,218,219,220,221,221,222,222,221,222,222,222,222,222,222,222,222,222
215,215,215,216,216,216,216,216,216,216,217,217,217,217,218,218,218,218,219,219,219,219,219,219,220,220,220,220,220,220,221,221,221,221,221,221,221,221,221,221,221,221,220,219,218,216,214,196,142,73,36,37,53,68,69,64,64,63,63,64,61,49,44,50,54,52,49,47,45,45,44,43,44,45,44,48,50,41,30,26,27,33,37,35,31,30,30,33,39,47,52,53,52,48,45,46,50,54,59,64,68,74,78,79,79,80,82,83,79,66,53,47,50,58,61,57,50,41,36,33,38,55,80,106,115,85,36,13,15,37,47,26,25,48,70,98,113,99,66,39,40,58,72,79,86,94,100,101,100,98,98,100,102,105,106,108,105,74,32,18,31,80,146,185,194,195,196,197,198,198,199,200,201,202,203,204,205,207,208,211,213,214,216,217,219,220,221,221,221,221,221,222,222,222,222,222,222,222,222,221
215,215,215,216,216,216,216,216,216,217,217,217,217,218,218,218,218,219,219,219,219,219,219,219,219,220,220,220,221,221,221,221,221,221,221,221,221,221,222,222,221,221,221,220,218,217,214,200,150,77,35,35,52,69,69,63,63,63,62,62,57,49,47,54,59,57,52,47,42,40,36,28,22,19,17,28,39,26,12,11,23,50,66,59,44,35,35,38,40,44,50,53,50,44,40,43,47,52,57,61,66,71,76,77,77,77,78,79,76,66,53,44,44,53,57,49,38,35,40,46,56,74,95,119,130,99,45,15,12,21,23,16,23,44,74,118,146,133,87,41,30,45,61,72,82,93,100,101,100,98,98,100,103,106,105,104,103,77,35,18,38,93,158,189,194,195,196,197,198,198,198,199,200,201,203,204,205,206,208,210,212,214,215,217,218,220,221,221,221,221,222,222,222,222,222,222,222,222,222,221
215,215,215,216,216,216,216,216,217,217,217,217,218,218,218,218,219,219,220,220,219,219,219,219,219,220,220,221,221,221,221,221,221,221,221,221,221,222,222,222,221,221,221,220,219,217,215,204,159,84,37,33,49,67,68,62,62,63,62,60,55,49,46,49,53,52,46,38,35,40,42,33,20,13,10,17,24,15,7,9,34,78,100,85,60,44,42,44,39,36,44,50,48,41,38,40,45,50,56,60,64,69,74,75,74,75,75,76,74,66,56,45,40,46,50,41,32,33,39,44,51,60,72,94,115,104,61,24,13,15,14,12,18,38,81,131,146,120,78,53,54,62,70,77,85,93,99,101,100,98,97,100,103,106,104,96,96,78,39,22,48,107,167,191,194,195,196,197,198,198,198,199,200,201,202,204,205,206,208,210,212,213,215,217,218,220,221,221,221,222,222,222,222,222,222,222,222,222,222,222
215,215,215,216,216,217,217,217,217,217,217,218,218,218,218,219,219,219,220,220,220,220,220,219,220,221,221,221,221,221,221,221,222,222,221,221,222,222,222,222,222,222,221,220,219,217,215,209,170,95,44,33,46,64,67,63,63,63,63,60,55,50,46,43,41,37,30,24,32,54,74,69,41,21,15,15,13,9,8,16,47,87,97,76,51,40,40,42,37,36,41,46,45,41,38,39,44,50,57,62,65,68,72,73,74,75,76,76,74,69,60,49,40,41,44,42,41,45,47,44,44,47,54,65,79,84,66,35,20,18,17,17,25,51,92,117,108,84,72,77,84,88,90,90,91,93,96,98,100,98,98,100,103,107,102,88,83,74,43,28,59,121,173,192,194,195,196,196,197,198,198,199,200,200,202,203,205,206,208,210,212,213,215,216,218,219,221,221,222,222,222,222,222,222,222,222,222,222,222,222
215,215,216,216,217,217,217,217,218,218,218,218,218,218,218,219,219,220,220,220,220,220,220,220,220,221,221,221,221,221,222,222,222,222,221,222,222,222,222,222,222,222,221,220,219,217,214,211,180,112,55,36,46,63,66,63,63,64,63,61,58,53,49,44,39,33,25,20,30,60,93,100,73,38,21,17,13,11,12,23,49,69,66,52,40,36,40,44,46,48,47,46,45,41,38,41,46,53,59,64,66,69,72,73,74,75,77,78,78,72,65,54,45,41,42,44,50,56,58,55,53,57,63,67,68,70,64,46,35,31,27,27,37,56,74,78,71,73,89,102,101,99,100,97,93,91,92,95,98,98,98,100,104,107,101,82,73,69,47,35,70,135,180,192,193,195,196,196,197,198,198,199,199,200,201,203,204,206,208,210,212,213,214,216,217,219,221,221,222,222,222,222,222,223,222,222,222,222,222,222
215,216,216,216,217,217,217,218,218,218,218,218,218,219,219,219,220,220,220,220,220,220,220,220,221,221,221,221,221,221,221,222,222,222,221,222,222,222,222,222,222,222,222,220,219,217,215,212,190,131,68,41,47,63,66,64,64,64,64,62,60,57,54,51,49,45,38,32,33,47,70,86,78,51,28,21,20,23,27,35,48,56,56,50,44,43,45,50,56,56,51,47,45,41,41,45,51,57,61,64,66,69,72,73,74,76,78,81,80,77,72,64,53,46,44,45,52,58,61,60,57,58,64,71,76,78,74,62,54,51,45,41,44,54,61,66,72,83,100,109,105,101,100,96,92,89,89,92,96,96,97,100,104,107,101,80,66,64,52,43,80,147,185,192,193,194,195,197,197,198,198,199,199,200,201,202,204,206,208,210,212,213,214,216,217,219,220,221,222,222,222,222,222,223,222,222,222,222,222,222
216,216,216,217,217,217,218,218,218,218,218,218,219,219,219,219,220,220,220,220,220,220,220,221,221,221,221,221,221,221,221,222,222,222,222,222,222,222,222,222,222,222,221,220,219,217,215,213,199,149,80,44,50,64,67,64,64,65,64,63,62,60,59,59,59,57,53,49,45,43,46,52,55,49,42,41,44,49,55,61,64,65,62,55,49,46,48,54,59,56,50,47,45,44,45,48,53,58,62,65,67,70,73,74,75,78,82,85,84,82,81,77,65,54,48,46,50,57,62,62,60,58,59,61,64,68,69,64,62,60,56,49,50,59,70,80,89,96,104,107,104,99,96,92,89,88,88,91,93,94,96,100,104,107,100,77,59,60,56,51,91,157,189,192,193,194,195,197,198,198,198,199,199,200,201,202,204,206,208,210,211,213,214,216,217,219,221,221,222,222,222,222,223,223,222,222,223,223,223,223
216,216,216,217,217,217,218,218,218,218,218,218,219,219,219,219,219,220,220,220,220,220,220,220,221,221,221,221,221,221,221,222,222,222,222,222,222,222,222,222,222,222,221,220,219,218,216,214,207,163,88,47,52,65,67,65,65,65,65,65,64,62,61,61,61,61,60,58,54,50,47,45,47,51,56,61,64,67,74,78,74,66,58,52,49,50,54,59,59,54,50,47,45,47,48,49,52,58,63,68,70,72,74,75,76,80,85,89,89,86,86,88,79,66,55,47,48,54,60,64,66,67,64,59,55,54,54,55,56,56,54,52,56,66,77,88,99,108,111,109,102,95,91,90,88,86,88,90,92,94,97,101,105,107,100,75,54,56,57,58,102,165,190,192,193,194,196,197,198,198,198,198,199,200,200,202,204,205,208,210,211,212,214,216,217,219,221,222,222,222,222,222,223,223,222,223,223,223,223,223
216,216,216,217,218,218,218,218,218,219,219,219,219,219,219,219,220,220,220,220,220,220,220,220,220,221,221,221,221,221,221,221,222,222,222,222,222,222,222,222,223,222,222,221,220,218,216,214,210,170,93,48,52,65,68,66,65,66,66,66,65,64,61,60,60,61,61,60,58,56,55,53,54,55,56,58,60,62,65,67,64,58,55,53,55,60,64,61,56,52,50,47,47,49,49,48,52,58,65,72,75,75,76,77,77,80,84,89,91,86,85,89,87,77,65,56,52,54,58,62,67,71,72,69,64,58,56,58,57,56,56,58,63,70,77,86,97,105,108,105,99,93,89,88,87,85,87,90,93,96,98,102,106,109,101,75,52,54,56,62,110,169,191,192,194,195,196,197,198,198,198,199,199,200,200,202,204,205,208,210,211,212,214,216,217,219,221,222,222,222,222,222,223,223,223,223,223,223,223,223
216,217,217,217,218,218,218,218,219,219,219,219,219,219,219,220,220,221,221,221,221,220,221,221,221,221,221,221,222,221,221,221,222,222,222,222,222,222,222,222,223,222,222,221,220,218,216,214,211,171,93,46,50,64,68,66,66,67,67,67,66,64,61,59,58,59,60,59,59,58,57,56,57,56,54,52,53,54,55,56,58,60,61,63,67,70,67,59,54,52,50,49,49,50,48,48,52,59,67,74,78,78,79,79,78,80,83,87,89,84,80,83,86,82,76,70,64,61,61,63,66,71,74,76,74,70,68,67,65,64,64,64,67,72,78,84,91,96,97,96,94,92,90,88,86,85,88,92,95,98,101,103,107,110,102,76,54,54,53,63,116,172,191,192,194,195,196,196,197,197,198,199,199,200,200,202,203,205,207,209,211,212,214,216,217,219,221,222,222,222,222,222,222,223,223,223,223,223,223,223
217,217,217,218,218,218,218,218,219,219,219,219,219,220,220,220,220,221,221,221,221,220,221,221,221,221,221,222,222,222,222,222,222,222,222,222,222,222,222,222,223,222,222,221,220,218,217,214,207,164,85,40,45,62,68,66,66,67,68,67,66,64,61,59,58,58,58,58,58,58,57,58,59,59,56,54,55,57,60,62,64,66,71,75,77,73,66,60,56,52,51,51,51,49,47,49,55,63,71,77,80,81,81,80,81,82,85,86,85,82,77,76,80,83,83,80,74,70,68,67,68,69,73,76,77,78,77,75,74,72,71,70,72,76,80,84,89,91,91,91,93,95,93,90,87,87,90,93,98,101,103,105,108,110,103,79,61,57,47,59,115,169,189,192,194,195,196,196,197,197,198,199,200,200,201,201,202,204,206,209,211,212,214,216,217,219,220,222,222,222,222,222,222,223,223,223,223,223,223,223
217,217,217,218,218,218,219,219,219,219,219,219,220,220,220,220,220,221,221,221,221,220,221,221,221,221,222,222,222,222,222,222,222,222,222,223,222,222,222,222,223,222,222,221,220,218,217,213,198,146,71,32,40,60,69,67,67,68,68,68,67,65,62,60,59,58,58,57,56,56,56,58,59,59,58,59,61,64,67,70,73,76,80,81,78,72,67,64,60,56,54,53,51,47,46,52,59,67,74,79,81,81,81,82,84,85,86,85,84,81,76,71,74,82,86,85,81,77,74,73,72,70,71,75,77,80,82,81,80,79,78,79,79,80,82,85,87,90,91,92,96,98,96,92,90,90,91,94,100,104,105,107,110,111,103,82,67,56,39,53,109,164,188,193,194,195,196,196,197,198,198,199,200,200,200,201,202,204,206,209,211,212,214,215,217,219,220,221,222,222,222,222,222,223,223,223,223,223,223,223
217,217,218,218,218,219,219,219,219,219,219,219,220,220,220,220,220,221,221,221,221,221,221,221,221,222,222,222,222,222,222,222,223,223,223,223,223,222,222,222,222,222,222,221,220,219,217,211,186,127,59,30,40,59,69,69,68,69,69,68,67,66,64,63,62,61,60,58,57,56,56,58,59,60,62,64,68,72,75,79,82,83,82,77,73,72,70,67,63,60,57,54,49,44,47,55,63,70,76,81,82,83,84,85,87,87,86,86,85,81,76,71,71,79,87,88,86,83,81,80,77,74,72,74,76,78,80,81,81,81,82,84,85,85,87,89,90,93,96,96,97,98,97,93,92,92,92,96,102,107,109,110,112,111,102,83,64,45,32,52,107,162,188,193,194,195,196,196,197,198,198,199,199,200,200,201,202,204,207,209,211,212,213,215,217,219,220,221,222,222,222,222,222,222,223,223,223,223,223,223
218,218,218,218,218,219,219,219,219,220,219,219,220,220,221,221,221,221,221,221,221,221,221,221,221,222,222,222,222,222,222,222,223,223,223,223,223,222,222,222,222,222,222,221,220,219,217,208,176,116,62,42,47,61,70,71,71,71,71,70,69,68,66,66,66,65,63,61,59,58,59,60,63,65,66,69,73,78,82,84,84,82,79,74,73,74,73,70,65,62,58,53,46,44,51,59,66,73,79,83,85,86,87,89,90,89,89,89,87,84,81,77,73,77,87,91,91,88,87,86,84,81,77,76,76,75,76,78,79,80,81,84,87,88,90,92,94,97,100,101,100,98,97,94,93,93,94,98,105,110,113,115,115,112,101,81,58,38,33,59,111,162,186,193,194,196,196,196,197,198,198,198,199,200,200,201,202,204,206,209,211,212,214,215,217,218,220,221,222,222,222,222,223,223,223,223,223,223,223,223
218,218,218,218,219,219,219,219,219,220,220,220,220,220,221,221,221,221,221,221,222,222,221,221,221,222,222,222,222,222,222,222,223,223,223,223,223,223,222,222,222,222,222,221,220,219,218,206,167,109,69,54,53,63,71,72,73,73,73,73,72,70,70,69,68,68,67,64,62,62,63,65,68,70,72,74,77,79,80,81,80,78,77,76,77,79,78,74,68,63,57,50,44,47,57,66,73,80,84,86,89,90,90,92,93,94,94,93,89,87,85,83,77,78,87,95,98,96,92,90,89,87,84,80,77,75,74,75,77,77,78,80,83,87,90,92,95,98,101,102,100,97,95,93,93,95,97,100,106,112,116,118,117,113,103,83,61,48,48,72,118,162,185,192,195,196,196,196,197,198,198,199,199,200,200,201,202,203,206,209,211,212,214,215,217,218,220,221,222,222,222,223,223,223,223,223,223,223,223,223
218,218,218,218,219,219,219,219,219,220,220,220,220,220,221,221,221,221,221,221,222,222,222,222,222,222,222,222,222,222,222,222,223,223,223,223,223,223,223,222,223,223,222,221,220,220,218,207,165,103,67,55,51,63,73,74,75,76,76,76,75,74,72,72,71,70,69,67,66,66,67,70,73,74,74,75,74,73,74,76,76,76,78,79,81,82,81,76,70,63,55,48,46,53,64,73,82,88,90,92,92,93,94,96,98,99,98,96,93,90,89,87,82,80,86,95,100,100,96,93,91,91,89,85,80,76,74,74,76,77,76,76,79,83,88,91,94,96,98,98,96,94,93,92,94,98,102,104,107,113,118,120,118,114,105,85,67,63,68,87,126,164,185,193,195,196,196,196,197,198,198,199,199,200,200,201,202,203,206,209,211,212,213,215,217,218,220,221,222,222,222,223,223,223,223,223,223,223,223,223
218,218,218,218,219,219,219,219,219,220,220,220,220,221,221,221,221,221,221,221,222,222,222,222,222,222,222,222,222,222,223,223,223,223,223,223,223,223,223,223,223,223,222,221,220,220,218,208,164,99,64,52,49,63,75,76,76,77,78,79,79,78,76,74,73,71,70,69,69,69,70,72,73,72,70,68,67,68,72,74,76,77,80,82,85,84,80,76,69,60,51,47,51,60,69,76,87,94,96,96,97,97,98,100,101,101,101,100,98,96,95,92,87,82,85,93,98,99,96,94,94,94,92,89,85,80,76,75,76,77,76,75,76,79,83,86,88,89,91,92,93,94,94,96,99,103,108,110,111,115,119,121,119,114,105,85,68,70,79,96,133,169,188,193,195,196,196,196,197,198,198,199,199,199,200,201,202,203,206,209,210,211,213,215,217,219,220,221,222,222,223,223,223,223,223,223,223,223,223,223
218,218,218,218,219,219,219,220,220,220,220,220,220,221,221,221,221,221,221,222,222,222,222,222,222,222,222,222,222,222,222,222,223,223,223,223,223,223,223,223,223,222,222,221,221,220,218,208,164,99,64,51,47,62,75,77,77,78,80,81,82,81,79,76,74,72,71,70,69,68,68,67,66,66,65,63,64,67,71,73,76,80,83,86,88,84,79,74,66,56,48,49,57,66,72,81,91,97,100,102,103,102,102,104,105,105,104,104,103,102,100,96,89,84,84,90,96,96,94,94,96,96,94,92,88,84,81,79,79,79,78,76,76,78,80,81,82,84,86,89,92,95,98,101,106,110,113,115,115,116,119,121,119,114,103,80,64,70,82,100,139,175,191,194,195,195,196,196,197,197,198,199,199,199,200,201,202,203,206,209,210,211,213,215,217,218,220,221,222,222,223,223,223,223,223,223,223,223,223,222
218,218,218,219,219,219,219,220,220,220,220,220,221,221,221,221,221,221,221,222,222,222,222,222,222,222,222,222,222,222,222,222,222,223,223,223,223,223,223,223,222,222,222,222,221,220,218,211,170,103,64,50,46,60,74,77,79,79,80,82,84,83,80,77,75,73,72,70,69,67,66,63,61,62,64,66,67,71,73,73,77,83,86,89,88,84,79,74,63,52,47,52,61,70,78,88,97,101,104,107,108,108,108,109,109,109,108,109,108,108,105,98,91,84,82,87,92,92,92,94,96,97,97,95,91,88,85,84,84,83,81,78,78,81,82,81,82,85,89,91,92,96,100,106,113,117,119,120,118,117,119,120,119,114,99,72,58,69,83,103,144,180,193,194,195,195,196,196,197,197,198,198,199,199,201,202,202,203,205,208,210,211,213,215,216,218,220,221,222,222,223,223,223,223,223,223,223,223,223,222
218,218,218,219,219,219,220,220,220,220,220,220,221,221,221,221,221,221,221,222,222,222,222,222,222,222,222,222,222,222,222,222,222,223,223,223,223,223,223,222,222,222,222,221,220,219,218,215,181,114,69,50,44,58,72,77,79,80,81,82,83,83,81,78,76,74,73,71,70,69,68,66,66,67,70,72,74,75,76,75,79,85,88,88,86,84,81,72,58,49,48,54,64,74,84,95,101,104,108,112,115,115,114,113,113,112,112,113,113,113,110,102,93,84,78,82,87,88,89,92,95,97,97,96,94,91,89,88,86,85,85,84,83,85,85,83,83,87,92,94,93,96,101,109,116,120,122,122,120,118,118,120,119,114,97,70,57,70,86,111,154,185,194,194,195,195,196,196,196,197,197,198,198,199,200,201,202,202,205,208,210,211,212,214,216,218,220,221,222,223,223,223,223,223,223,223,223,223,223,222
218,218,218,219,219,220,220,220,220,220,220,220,221,221,221,221,221,221,222,222,222,222,222,222,222,222,222,222,222,222,223,222,222,223,223,223,223,223,223,222,222,222,222,221,220,219,218,217,195,139,84,53,42,55,71,77,79,80,81,83,83,82,81,80,78,77,75,73,73,74,75,75,75,74,75,77,77,78,78,78,81,86,89,89,88,86,83,70,54,47,51,58,68,78,89,99,104,108,114,119,122,121,120,117,115,114,115,116,117,118,115,107,96,85,78,77,80,83,85,89,94,95,95,95,95,94,92,91,88,87,88,88,88,88,88,88,87,89,93,95,94,96,102,110,116,120,122,122,120,118,118,119,118,113,97,71,62,76,94,125,167,190,194,195,195,195,195,196,196,197,197,197,198,199,200,201,202,203,205,208,210,211,212,214,216,218,220,221,222,222,223,223,223,223,223,223,223,223,223,222
218,218,219,219,219,220,220,220,220,220,221,221,221,221,221,222,222,222,222,222,222,222,222,222,222,222,222,222,222,222,223,222,222,223,223,223,223,223,222,222,222,222,222,221,220,220,219,218,209,172,112,63,42,51,68,76,78,79,82,83,83,82,82,81,81,81,79,76,77,79,80,78,78,78,79,80,80,81,82,83,86,91,93,93,92,90,82,67,52,51,58,66,73,82,92,100,105,111,120,127,128,127,125,121,118,117,118,119,120,120,119,115,104,92,82,76,76,78,78,81,89,93,94,94,94,95,94,93,91,90,91,90,90,90,92,92,93,94,95,96,96,98,104,111,116,120,122,121,119,118,118,119,118,112,95,72,67,84,110,145,179,193,194,195,195,195,195,196,196,197,197,197,198,199,200,201,202,203,205,208,210,211,212,214,216,218,220,221,222,222,222,223,223,223,223,223,223,223,223,222
218,218,219,219,219,220,220,220,220,221,221,221,221,222,222,222,222,222,222,222,222,222,222,222,222,222,222,222,222,222,222,222,222,222,223,223,223,223,222,222,222,222,222,221,221,220,219,218,215,198,150,87,48,48,64,74,77,79,82,84,84,84,83,81,81,82,80,78,80,83,82,78,77,80,82,83,83,85,87,89,92,96,96,95,93,89,78,63,54,58,67,74,80,86,94,101,107,114,124,133,136,135,132,127,123,121,122,122,122,123,124,124,116,104,92,83,79,77,71,71,80,89,92,92,93,94,96,96,94,94,94,92,91,92,93,94,95,96,97,98,99,100,104,109,114,119,120,118,118,118,118,118,117,111,94,72,72,98,133,168,188,194,195,195,195,195,195,196,196,197,197,197,198,199,200,200,201,203,205,208,210,211,213,215,216,218,220,221,222,222,222,223,223,223,223,223,223,223,223,223
219,219,219,220,220,220,220,220,220,221,221,221,221,222,222,222,222,222,222,222,222,222,222,222,222,222,222,222,222,222,222,222,222,222,223,223,223,223,222,222,222,222,221,221,221,220,219,218,216,210,180,120,64,49,62,73,76,78,81,84,85,85,83,81,80,79,78,79,81,83,82,80,80,83,86,87,86,88,91,93,94,96,97,94,92,84,70,60,61,68,74,80,85,89,95,102,110,116,126,136,142,145,143,137,131,127,126,125,124,123,126,130,127,116,104,95,89,83,72,65,72,83,89,91,92,94,96,97,97,97,97,96,96,96,95,95,94,96,98,99,100,101,103,106,112,117,118,117,117,118,117,117,116,109,92,76,88,126,162,185,193,194,194,195,195,195,195,196,196,196,197,198,198,199,200,200,201,203,206,208,210,211,213,215,216,218,220,221,222,222,222,223,223,223,223,223,223,223,223,223
219,219,219,220,220,220,220,220,220,221,221,221,221,222,222,222,222,222,222,222,222,222,222,222,222,222,222,222,222,222,222,222,222,222,223,222,222,222,222,222,222,221,221,221,220,220,219,218,216,213,195,142,78,50,59,71,74,76,79,83,85,84,83,80,78,77,76,78,79,80,82,83,85,88,90,89,90,92,94,95,95,96,98,95,89,76,64,62,69,76,80,85,90,93,96,103,110,117,126,135,142,148,152,148,140,134,130,127,125,123,126,132,132,124,113,105,101,94,82,68,66,75,84,90,93,96,97,97,98,100,100,99,100,99,97,96,96,97,99,99,99,101,102,104,109,113,114,115,116,116,116,116,115,108,92,89,120,161,184,192,194,194,194,194,194,195,195,196,196,196,197,198,199,199,200,200,201,203,206,208,210,211,213,215,216,218,220,221,222,222,222,223,223,223,223,223,224,224,223,223
219,219,219,220,220,220,220,220,220,221,221,221,221,222,222,222,222,222,222,222,222,222,222,222,222,222,222,222,222,222,222,222,222,222,222,222,222,222,222,222,221,221,221,221,220,220,219,218,216,215,204,158,87,51,57,69,73,75,78,82,84,84,82,79,76,74,74,76,77,79,83,86,87,89,91,92,94,95,96,97,95,95,96,93,84,70,63,69,77,81,86,91,95,96,98,102,107,114,122,129,135,142,148,148,142,135,131,126,123,121,121,126,130,126,117,113,112,108,98,80,66,67,79,89,94,98,100,100,100,101,102,102,101,100,98,97,95,95,97,99,99,101,103,106,108,108,110,112,112,113,113,114,113,106,91,99,141,179,191,193,193,194,194,194,195,195,196,196,196,196,197,198,198,199,200,200,202,204,206,208,210,211,212,215,216,218,220,221,222,222,222,223,223,223,223,223,224,224,223,223
219,219,219,219,219,220,220,220,221,221,221,221,221,222,222,221,221,222,222,222,222,222,222,222,222,222,222,222,222,222,222,222,222,222,222,222,221,221,222,221,221,221,221,221,220,220,219,218,216,215,210,173,101,54,53,65,72,76,77,78,80,82,80,77,75,73,73,75,76,78,83,87,87,88,91,96,98,98,98,99,97,94,92,88,77,67,69,77,82,84,89,95,97,96,96,98,103,110,116,122,126,131,135,137,135,130,125,121,117,116,114,116,122,123,120,120,122,121,113,97,76,68,76,85,93,100,105,104,103,103,103,102,101,101,99,96,94,92,94,98,99,100,103,106,107,107,108,110,111,111,113,113,111,103,88,99,144,181,191,192,193,194,195,195,195,195,195,196,196,196,197,198,198,199,200,201,202,204,205,208,210,211,212,215,217,219,220,221,221,222,222,223,223,223,223,223,223,223,223,223
219,219,219,220,220,220,220,221,221,221,222,222,222,222,222,222,222,222,222,222,222,222,222,222,222,222,222,222,222,222,222,222,222,222,222,222,221,221,221,221,221,221,220,220,220,219,219,218,216,215,211,183,115,57,47,60,71,76,76,75,77,80,78,75,73,72,73,75,76,78,84,87,88,91,95,100,101,100,100,101,99,94,89,83,73,70,76,82,84,86,90,94,94,93,92,95,99,104,109,114,119,122,124,125,124,121,116,112,110,111,110,112,115,116,117,120,125,127,124,113,91,74,74,81,90,100,105,105,103,103,103,101,100,100,99,96,93,92,93,98,101,101,102,104,107,109,110,112,112,112,113,113,110,100,83,94,142,180,190,192,193,194,195,195,196,196,196,196,196,196,197,198,198,199,200,201,202,204,206,208,210,211,212,215,217,219,220,221,221,222,222,223,223,223,223,223,223,223,223,223
219,219,220,220,220,220,221,221,221,222,222,222,222,222,222,222,222,222,222,222,222,222,222,222,222,222,222,222,222,222,222,222,222,221,221,221,221,221,221,221,221,220,220,220,220,219,219,218,217,215,213,191,130,67,46,57,69,74,74,74,77,79,77,74,72,71,73,76,77,79,84,88,90,95,100,101,103,103,102,101,99,95,90,83,75,75,82,85,86,86,87,87,86,85,87,92,96,98,101,107,113,116,117,117,116,113,108,105,106,108,107,103,99,98,101,108,116,122,125,121,104,82,74,79,87,96,100,102,103,104,104,103,102,101,99,97,96,95,96,100,103,105,105,103,106,110,112,111,112,113,113,112,109,97,78,90,143,180,190,192,194,194,195,195,196,196,196,196,196,196,197,198,198,199,200,201,202,204,206,208,210,211,213,215,217,219,220,221,222,222,222,223,223,223,224,224,223,223,223,223
219,220,220,220,220,221,221,221,221,222,222,222,222,222,222,222,222,222,222,222,222,222,222,222,222,222,222,222,222,222,222,222,222,222,222,221,221,221,221,221,221,220,220,220,220,219,219,218,217,215,214,202,157,92,54,56,67,72,72,74,77,79,77,74,72,71,73,75,77,80,85,89,92,97,100,100,103,106,104,100,97,94,90,85,79,79,84,86,83,78,73,66,62,63,70,81,89,94,97,103,108,110,110,110,110,108,103,102,104,102,91,78,65,61,68,81,94,106,115,118,108,88,77,79,86,92,97,101,106,108,107,106,107,106,103,101,101,102,102,102,104,107,107,105,105,110,111,110,110,110,111,110,106,93,76,92,146,183,191,193,194,195,195,195,196,196,196,195,196,196,197,197,198,199,200,201,202,204,206,208,210,212,214,216,217,219,220,221,222,222,222,222,223,223,224,224,224,223,223,223
220,220,220,220,220,221,221,221,221,221,222,222,222,222,222,222,222,222,222,222,222,222,222,222,222,222,222,222,222,222,222,222,222,222,222,221,221,221,221,221,221,220,220,220,220,219,219,218,217,216,214,207,177,117,66,57,65,69,72,73,76,77,76,74,72,70,72,74,77,81,86,90,93,95,97,98,102,106,105,100,95,91,89,86,81,79,82,80,71,58,48,38,33,36,45,55,69,83,93,99,102,103,103,104,104,103,101,98,92,76,56,41,29,26,35,49,63,78,93,104,103,90,79,80,85,91,97,102,105,107,108,108,109,110,109,107,108,110,108,106,106,107,108,107,106,110,111,109,107,108,109,108,101,87,77,100,152,185,192,193,194,195,196,195,196,196,196,196,196,196,197,198,198,199,200,201,202,203,206,208,210,212,214,216,217,219,220,222,222,222,222,222,223,223,223,224,224,223,223,223
220,220,220,220,220,221,221,221,221,221,222,222,223,222,222,222,222,222,222,222,222,222,222,222,223,222,222,222,222,222,222,221,221,222,221,221,221,221,221,221,221,220,220,220,219,219,218,218,217,216,214,209,187,135,79,59,62,66,70,73,74,76,76,74,72,70,72,73,75,81,86,90,93,93,94,97,103,106,105,101,96,90,88,86,81,76,75,68,51,37,30,27,24,25,27,27,36,56,78,90,93,92,93,95,95,95,94,88,67,38,20,16,15,18,26,34,41,53,71,89,94,86,78,79,83,89,94,98,101,104,107,108,109,111,112,111,113,113,113,113,112,110,111,108,106,110,111,108,106,106,108,105,93,78,77,109,159,187,192,194,194,196,196,196,196,196,196,196,196,196,197,198,198,199,200,201,202,203,206,208,210,212,214,216,217,219,220,222,222,222,222,222,223,223,223,223,223,223,223,224
220,220,220,221,221,221,221,221,221,222,222,222,222,222,222,222,222,222,222,222,222,222,222,222,222,222,222,222,222,222,221,221,221,221,221,221,221,221,221,221,220,220,220,220,219,219,219,218,217,216,215,211,197,154,95,63,58,62,69,72,73,75,76,74,71,71,72,73,74,79,83,89,93,92,93,98,103,105,103,101,97,90,88,88,83,74,66,55,41,33,32,30,26,23,19,16,21,41,62,75,80,82,81,81,83,83,83,77,56,28,16,18,25,33,41,46,47,51,63,78,84,78,76,79,83,88,92,95,99,103,105,106,108,108,108,108,110,112,116,120,118,115,113,108,106,108,110,107,105,105,106,99,83,68,74,113,164,189,193,194,195,195,196,196,196,196,196,196,196,197,197,198,198,199,200,201,202,203,206,208,210,212,214,216,218,219,220,222,222,222,222,222,223,223,223,223,223,223,223,224
220,220,220,221,221,221,221,221,221,222,222,222,222,222,222,222,222,222,222,222,222,222,222,222,222,222,222,222,222,221,221,221,221,221,221,221,221,221,221,221,220,220,220,220,219,219,219,218,217,216,215,212,204,170,112,69,54,56,65,69,71,73,75,74,71,71,71,71,74,77,80,86,90,91,93,97,101,102,102,101,96,91,89,89,84,72,60,51,45,50,56,51,43,37,32,31,41,58,68,67,69,74,73,72,73,72,72,74,68,54,44,46,54,63,70,72,70,66,68,74,73,71,75,79,83,87,90,94,98,100,101,102,104,104,103,102,104,109,116,121,121,117,113,108,106,108,109,107,104,103,102,93,73,63,77,119,167,190,193,194,195,195,195,196,196,196,196,196,196,196,197,198,198,199,200,201,202,204,206,209,210,212,214,216,217,219,220,222,222,222,222,222,223,223,223,223,223,223,223,223
220,220,220,220,221,221,221,221,221,222,222,222,222,222,222,222,222,222,222,222,222,222,222,222,222,222,222,222,221,221,221,221,221,221,221,221,221,221,221,220,220,220,220,220,220,219,219,218,217,216,215,213,206,181,127,73,49,48,55,64,67,70,73,74,72,71,69,70,74,76,78,83,87,89,91,93,96,99,100,98,93,89,88,87,81,70,59,54,54,66,79,76,68,62,57,59,70,84,84,70,63,66,69,69,66,60,58,65,73,76,76,79,85,89,90,88,83,77,72,68,64,68,75,80,82,84,86,90,93,95,97,99,101,102,100,99,101,106,112,117,118,116,112,108,106,106,107,105,102,98,97,86,66,63,88,132,173,191,194,194,195,195,195,196,196,196,196,196,196,196,197,198,199,199,200,201,202,204,206,209,210,212,214,215,217,219,220,221,222,222,222,222,223,223,223,223,223,223,223,223
219,219,220,220,221,221,221,221,221,222,222,222,222,222,222,222,221,221,222,222,222,222,222,222,222,222,222,222,222,222,222,221,221,221,221,221,221,221,221,220,220,220,220,220,219,219,219,218,217,216,215,213,209,192,141,77,43,38,44,58,65,67,71,74,74,72,71,72,75,77,79,80,83,87,89,90,92,94,95,93,89,86,85,82,75,66,58,55,57,66,74,76,72,68,67,70,77,82,79,67,57,58,63,65,58,47,43,48,58,68,76,82,88,88,83,77,73,69,64,61,62,69,76,80,83,84,83,83,86,91,95,97,98,99,99,99,100,103,107,113,115,114,111,105,101,103,104,101,97,93,88,77,64,65,94,142,180,192,194,194,195,195,195,196,196,196,196,196,196,197,197,198,199,200,200,201,202,203,206,208,210,212,214,215,217,219,220,221,222,222,222,223,223,223,223,223,224,224,223,223
219,219,220,220,221,221,221,221,221,222,222,222,222,222,222,222,221,221,221,221,222,222,222,221,222,222,222,222,222,222,222,221,221,221,221,221,221,221,220,220,220,220,220,220,219,219,219,218,217,216,215,214,210,199,155,83,40,35,39,52,62,65,68,73,75,74,73,73,76,78,78,75,76,82,86,89,91,91,90,88,87,85,81,77,72,65,58,52,52,56,57,57,58,57,56,56,58,59,59,55,50,51,56,58,53,46,42,43,46,50,55,60,65,68,64,58,55,56,60,65,69,74,78,80,82,82,80,80,82,87,90,92,94,94,95,98,99,102,107,112,113,114,112,104,98,100,99,95,93,88,76,64,60,65,96,147,181,191,193,195,195,195,195,196,196,196,196,196,196,197,197,198,199,200,200,201,202,203,206,208,210,212,213,215,217,219,220,221,222,222,223,223,223,223,223,223,224,224,223,223
219,219,220,220,220,220,221,221,221,222,222,222,222,222,222,222,221,221,221,222,222,222,222,221,221,222,222,222,222,222,221,221,221,221,221,221,221,220,220,220,220,220,220,219,219,219,219,218,217,216,215,213,210,204,169,98,47,36,37,46,57,62,66,70,73,73,72,72,74,76,75,70,70,78,86,89,90,89,86,84,83,81,78,75,73,69,62,54,49,47,46,46,47,47,44,43,44,47,51,51,49,50,53,55,54,53,52,50,48,46,48,50,52,55,54,54,56,60,66,73,77,79,80,80,80,79,79,80,82,84,84,84,88,87,90,96,100,104,108,111,113,114,113,104,97,97,96,91,91,84,66,53,54,68,107,155,181,189,193,194,195,195,195,196,196,196,196,196,197,197,197,198,198,199,200,201,202,204,206,209,211,212,214,216,217,219,220,221,222,222,223,223,223,223,223,223,223,224,223,223
219,219,219,220,220,220,221,221,222,222,222,222,221,221,222,221,221,221,222,222,222,222,222,222,221,222,222,222,222,221,221,221,221,221,221,220,220,220,220,220,220,219,219,219,219,219,219,218,218,217,215,214,212,208,183,118,56,34,34,42,54,60,65,69,69,68,69,71,73,74,72,67,67,76,85,86,85,83,80,79,78,76,75,74,74,71,67,60,54,49,47,46,47,46,44,43,45,49,53,54,53,54,56,57,57,57,57,56,54,54,54,54,55,56,56,59,64,68,72,75,77,80,81,80,79,78,80,82,83,82,80,80,85,86,88,92,96,102,107,110,112,111,107,101,97,96,92,88,89,79,58,45,50,77,124,166,183,190,193,194,195,195,195,196,196,196,196,197,197,197,197,198,198,199,200,201,203,204,207,209,211,212,214,216,218,219,220,221,222,222,222,223,223,223,223,223,223,223,223,223
219,219,219,219,220,220,221,221,221,222,222,222,221,221,221,221,221,221,222,222,222,222,222,222,222,222,222,222,221,221,221,221,221,220,220,220,220,220,220,220,219,219,219,219,219,219,219,218,218,217,216,214,213,211,194,137,65,32,30,37,49,57,62,67,68,66,67,70,72,74,72,68,67,75,81,82,81,78,76,76,76,74,73,73,73,71,68,63,58,54,51,50,48,47,48,48,49,50,53,58,61,61,61,61,58,57,58,56,56,59,61,61,61,60,60,59,62,65,68,70,72,76,79,80,79,79,81,83,83,82,80,81,84,87,87,87,90,97,104,109,111,108,102,98,95,94,89,86,86,73,51,40,50,87,140,176,188,192,193,194,195,196,195,196,197,197,197,197,197,197,197,198,198,199,200,202,203,205,207,209,211,213,214,216,217,219,220,221,222,223,222,222,223,223,223,223,223,223,223,223
219,219,219,219,220,220,220,220,221,221,222,222,221,221,221,221,221,221,222,222,222,221,221,221,222,221,221,222,221,221,221,221,221,220,220,220,220,220,220,219,219,219,219,219,219,219,218,218,218,217,216,215,214,212,201,152,78,35,27,30,41,51,55,61,65,65,65,67,68,72,74,70,68,72,76,76,76,75,75,75,73,71,71,71,71,70,69,64,57,52,51,50,47,46,51,54,51,48,53,62,66,66,64,64,60,56,56,54,53,57,62,65,65,64,62,59,60,60,61,62,64,71,75,75,74,75,77,78,78,79,81,83,84,83,83,84,88,94,100,107,112,109,105,99,94,91,88,86,82,66,46,37,51,95,152,183,191,193,194,195,196,195,195,196,197,197,196,197,197,197,198,198,199,200,201,202,203,205,207,209,211,213,214,215,217,219,220,221,222,223,223,222,223,223,223,223,223,223,223,223
219,219,219,219,220,220,220,220,220,221,221,221,221,221,221,221,221,221,221,221,221,221,221,221,221,221,221,221,221,221,221,221,221,220,220,220,220,220,219,219,219,219,219,219,219,218,218,218,218,217,216,215,214,213,205,166,94,41,24,24,34,45,49,55,62,62,61,61,62,68,74,72,66,67,69,68,69,70,70,70,68,67,68,68,67,67,68,64,55,49,49,48,45,46,52,54,51,51,57,65,68,66,61,60,60,55,52,52,52,54,59,61,59,61,63,62,62,60,58,56,57,67,76,72,65,64,69,72,69,70,78,85,83,80,81,85,87,89,93,101,108,108,106,101,94,92,90,85,75,57,41,36,53,102,159,187,193,194,195,196,196,196,196,196,196,196,196,197,197,197,198,198,199,200,201,202,203,205,207,209,211,213,214,216,218,219,220,221,222,223,223,223,223,223,223,223,223,223,223,223
219,219,219,219,220,220,220,220,220,221,221,221,222,221,221,221,221,221,221,221,222,221,221,221,221,221,221,221,221,221,221,221,220,220,220,220,220,219,219,219,219,219,218,218,218,218,218,218,218,217,217,215,214,213,208,179,113,50,24,22,32,43,47,52,59,60,57,57,58,64,70,66,60,61,63,63,62,61,61,63,64,63,63,62,60,61,63,61,54,47,46,43,42,46,48,47,49,55,58,61,66,65,57,56,59,55,51,50,53,56,56,51,48,53,61,63,63,63,62,59,58,67,78,73,61,56,60,65,61,59,71,82,84,80,79,82,83,82,83,91,101,105,104,101,94,92,89,82,67,48,38,36,57,111,165,190,194,195,196,196,196,196,196,196,196,196,197,197,197,198,198,198,199,200,201,202,203,205,208,209,211,213,215,216,218,219,220,221,222,222,222,223,223,223,223,223,223,223,223,223
219,219,219,219,220,220,220,220,220,221,221,221,221,221,221,221,221,221,221,221,221,221,221,221,221,221,221,221,221,221,221,220,220,220,220,220,220,219,219,219,219,219,219,218,218,218,218,218,218,217,216,215,214,212,209,191,132,59,27,26,33,44,50,54,59,60,58,58,59,62,63,59,56,58,60,59,56,51,50,54,58,59,60,56,53,56,59,60,55,47,41,38,39,42,42,41,47,52,49,49,57,60,54,54,59,57,52,47,51,58,57,50,46,48,53,59,62,63,65,64,60,66,76,72,59,52,55,60,55,53,62,74,78,75,72,73,74,74,76,83,94,105,108,103,95,92,87,75,57,42,36,39,69,126,173,191,194,195,195,196,196,196,196,196,196,196,197,197,197,198,198,198,199,200,201,202,203,206,208,210,211,213,215,216,218,219,220,221,222,222,222,222,223,223,223,223,223,223,223,223
219,219,219,220,220,220,220,220,221,221,221,221,221,221,221,221,221,221,221,221,221,221,221,221,220,220,220,220,220,221,220,220,220,220,220,220,220,219,219,219,219,219,219,218,218,218,218,218,217,217,216,215,213,212,210,199,149,74,36,31,32,42,51,55,57,59,61,61,61,61,58,55,56,58,57,55,51,45,43,48,55,59,58,53,51,55,60,61,59,48,36,31,34,36,36,41,47,46,37,38,48,50,47,49,53,55,49,40,46,58,60,56,51,47,49,60,67,63,63,63,59,63,74,72,58,51,57,62,56,52,58,64,68,68,66,66,66,66,70,76,87,102,111,104,97,93,82,66,50,39,37,50,93,149,182,193,194,195,195,196,196,196,196,196,196,196,197,197,197,197,198,198,199,200,201,202,203,206,208,210,211,213,215,216,218,219,220,221,222,222,222,222,222,223,223,223,223,223,223,223
219,219,219,220,220,220,220,220,221,221,221,221,221,221,221,220,220,221,221,221,221,221,221,220,220,220,220,220,220,221,220,219,219,219,219,220,219,219,219,219,219,219,219,218,218,218,218,217,216,216,215,214,213,211,209,203,166,97,48,34,31,39,49,53,53,56,61,60,59,58,56,53,53,55,55,54,48,43,42,49,58,60,57,54,54,58,58,57,59,51,35,28,30,31,35,42,47,42,33,37,47,44,42,44,46,48,44,35,41,53,57,53,49,48,50,64,69,57,54,58,57,62,71,70,59,55,65,71,62,51,54,61,63,66,67,66,64,63,66,71,80,94,102,97,93,90,76,58,45,39,39,60,112,165,189,194,195,195,195,196,197,196,196,196,196,196,196,197,197,197,198,198,199,200,201,202,203,205,208,209,211,213,215,216,218,219,220,221,222,222,222,222,222,222,223,223,223,223,223,223
218,219,219,220,220,220,220,220,220,220,220,220,220,220,220,220,220,221,221,221,221,221,221,221,220,220,220,220,220,220,220,219,219,219,219,219,219,219,219,219,218,218,218,217,217,217,216,216,215,215,214,213,212,210,208,204,178,115,56,35,31,36,46,50,51,56,61,60,58,58,56,52,51,53,53,51,46,42,44,54,60,56,53,54,57,58,51,47,54,52,37,31,31,33,37,40,44,41,35,41,49,43,39,41,41,41,38,33,35,44,49,45,42,46,52,63,62,46,44,50,53,58,65,64,58,57,66,73,63,50,52,62,63,63,69,68,64,63,64,68,78,87,89,86,87,86,73,56,42,36,40,67,122,169,190,194,195,195,196,196,196,196,196,196,196,196,197,197,198,198,198,198,199,200,201,202,204,206,208,209,211,213,215,217,218,219,220,221,222,222,222,222,222,222,223,223,223,223,223,223
218,218,219,219,220,220,220,220,220,220,220,220,220,220,220,220,220,221,221,221,221,220,221,221,221,220,220,220,220,220,220,219,219,219,219,219,219,218,218,218,218,218,217,216,216,215,215,215,215,214,213,212,211,209,207,204,187,132,67,37,30,34,42,50,57,62,63,60,58,58,55,56,58,54,48,48,47,43,49,59,58,50,48,53,57,55,42,36,46,47,36,31,31,36,41,40,44,45,44,48,51,45,37,35,36,36,37,36,36,43,48,45,43,48,57,61,53,40,38,45,50,52,57,58,55,54,61,64,58,51,55,64,63,61,67,65,61,60,60,67,79,87,86,83,84,82,73,60,44,39,47,77,128,172,190,194,195,196,196,196,196,196,196,196,196,197,197,197,198,198,198,198,199,200,201,202,204,206,208,210,212,213,215,217,218,219,220,221,222,222,222,222,222,222,223,223,223,223,223,223
218,218,218,218,219,220,220,220,220,220,220,220,220,220,220,220,220,220,220,220,220,220,220,220,220,220,220,220,220,220,220,219,219,219,219,218,218,218,218,218,217,217,216,215,215,215,214,214,214,213,212,211,210,208,206,204,195,154,86,42,31,34,41,49,59,65,60,53,54,54,56,65,67,54,49,57,55,48,52,59,55,46,48,56,58,52,37,31,40,43,36,32,35,42,46,49,54,59,60,60,59,54,44,39,40,42,50,55,55,57,61,61,60,62,67,63,49,37,37,44,48,50,53,58,57,54,55,56,54,57,66,71,69,67,68,62,57,56,57,65,77,85,85,84,81,73,66,59,49,48,60,89,137,176,190,193,195,196,196,196,196,196,196,196,196,196,197,198,198,198,198,199,200,201,201,202,204,206,208,210,212,213,215,217,218,220,221,221,222,222,222,222,222,222,222,223,223,223,223,223
218,218,218,218,219,219,219,220,220,220,220,219,219,219,220,219,219,219,219,219,219,219,219,220,219,219,219,219,219,219,219,219,219,219,218,218,218,217,217,216,216,215,215,214,214,214,214,213,213,212,211,210,208,207,205,203,197,168,107,53,33,33,37,43,52,59,53,46,48,50,57,71,67,52,53,64,59,50,54,57,51,43,46,55,58,50,35,31,39,40,37,39,46,55,60,67,75,81,82,81,79,75,65,59,62,67,77,85,85,84,85,87,86,84,82,74,58,46,45,49,50,48,52,64,67,58,53,53,53,63,77,76,73,74,71,61,56,55,56,63,72,75,77,79,75,64,56,50,48,58,74,108,154,183,192,194,195,196,196,196,196,196,196,196,196,196,197,197,198,198,199,200,200,201,202,203,205,206,208,210,212,213,215,217,219,220,221,222,222,222,222,222,222,222,222,222,223,223,223,223
218,218,218,218,219,219,219,219,219,219,219,219,219,219,219,219,219,219,219,219,219,219,219,219,219,219,219,219,218,218,218,218,218,218,217,217,217,216,215,215,215,214,214,213,213,213,212,212,211,210,209,208,206,205,203,200,196,177,128,69,36,30,33,36,42,51,50,44,45,49,57,67,63,54,56,60,53,50,57,58,49,42,41,48,56,49,36,35,39,42,46,53,64,73,80,87,92,96,100,101,103,103,95,92,96,101,106,107,105,103,102,102,101,100,98,92,81,72,69,67,61,54,55,70,74,63,53,52,54,66,80,76,69,71,70,66,61,58,57,62,70,69,68,72,67,54,47,44,47,63,86,129,172,190,194,195,196,196,196,196,196,196,196,196,196,196,197,197,198,199,199,200,200,201,202,203,205,207,208,210,212,214,215,217,218,219,220,221,222,222,222,222,222,222,222,223,223,223,223,223
218,218,218,218,219,219,219,219,219,219,219,220,219,219,219,219,219,219,219,218,218,218,218,219,219,219,218,218,218,217,217,217,217,216,216,216,215,215,214,214,213,213,212,212,212,211,210,209,208,207,206,205,203,202,200,198,195,185,149,88,42,32,36,35,35,44,49,47,46,50,55,58,60,61,60,54,47,53,62,59,51,45,40,44,52,49,42,43,47,55,64,73,80,85,89,92,92,94,97,102,109,115,117,119,122,122,117,111,106,104,101,100,100,102,104,103,99,98,98,94,85,73,69,75,71,59,52,52,55,66,78,73,66,68,71,71,67,63,59,63,73,72,68,71,62,45,40,42,51,66,91,137,180,194,195,195,196,196,196,196,197,197,196,197,197,197,197,197,198,199,200,200,200,201,202,204,205,207,208,210,212,214,215,217,218,219,220,221,221,222,222,222,222,222,222,223,223,223,223,224
218,218,218,218,219,218,218,218,218,219,219,219,219,219,219,219,219,218,218,218,218,218,218,218,218,218,217,217,217,216,216,216,216,215,215,215,214,213,213,213,212,211,211,210,210,208,207,206,205,204,203,202,200,198,197,195,193,187,161,105,54,39,40,35,32,39,48,50,49,50,52,52,56,65,62,52,50,58,66,60,51,43,39,45,49,48,51,57,64,74,83,86,87,86,87,86,84,84,85,89,95,104,114,122,123,118,111,104,101,100,100,100,100,102,103,103,103,105,109,111,108,100,92,84,71,57,49,49,52,62,73,72,68,73,75,69,65,63,61,67,77,74,70,74,66,46,38,42,55,73,101,147,184,194,194,195,196,196,196,197,197,197,197,197,197,197,197,197,198,199,200,201,201,202,203,204,205,207,209,211,213,214,215,217,218,220,220,221,221,222,222,222,222,222,222,222,222,223,223,223
217,217,218,218,218,218,218,218,218,218,218,218,218,218,218,218,218,218,218,218,217,217,217,217,217,216,216,216,215,215,215,215,214,214,214,213,213,212,211,211,210,209,208,207,206,205,204,203,202,201,200,198,197,195,193,192,190,187,168,118,66,46,40,33,31,36,44,49,50,51,50,48,53,61,56,50,53,61,68,62,46,35,35,43,48,53,64,74,82,87,89,88,86,85,86,86,83,81,81,81,83,90,100,109,112,109,105,102,100,100,102,104,105,104,103,102,102,104,106,108,111,112,109,98,82,64,53,47,46,56,69,70,68,76,76,66,60,58,58,68,80,76,70,77,72,52,41,44,56,81,125,168,189,193,193,194,195,196,196,196,197,197,197,197,197,198,197,198,198,199,200,201,202,202,203,204,206,208,210,212,213,214,216,217,219,220,220,221,221,222,222,222,222,222,222,222,222,223,223,223
216,216,216,217,217,217,217,217,217,217,217,217,217,217,217,217,217,217,217,217,216,216,216,216,216,215,215,215,214,214,214,214,214,213,213,212,211,210,209,208,207,206,205,204,203,202,201,200,199,198,196,195,193,191,190,189,187,185,172,128,74,49,41,35,32,33,38,43,49,55,51,44,51,59,50,45,50,56,65,60,41,29,34,44,52,63,77,86,88,87,85,84,85,87,88,88,86,83,81,79,78,82,91,98,103,104,102,99,97,97,98,101,102,102,101,101,103,105,105,103,103,106,110,107,95,75,60,48,42,49,62,67,66,71,72,62,54,50,53,65,78,78,75,81,71,53,48,48,54,88,144,181,190,191,192,193,194,195,195,196,196,196,197,197,197,198,198,198,198,199,200,201,202,203,203,204,206,208,210,212,213,214,216,218,219,220,220,220,221,222,222,222,222,222,222,222,222,223,223,223
216,216,216,216,216,216,216,216,216,216,216,216,216,216,216,216,216,216,216,216,216,215,215,215,215,214,214,214,213,213,212,212,212,211,211,210,208,207,206,205,204,202,201,200,199,198,196,196,195,194,192,191,189,188,186,185,183,181,172,137,86,57,47,40,34,31,35,41,47,53,48,42,52,63,54,44,44,49,57,52,37,32,41,52,59,72,84,87,85,82,81,82,83,86,88,88,86,82,79,75,72,76,83,90,96,98,96,92,89,87,87,89,91,93,95,97,98,100,101,102,100,98,101,104,97,82,67,50,40,44,51,56,62,67,66,57,48,45,50,60,69,69,74,78,62,48,51,49,50,87,145,180,189,190,191,192,193,193,194,195,196,196,196,196,197,198,198,198,198,199,200,201,202,203,204,204,206,208,210,212,214,215,216,218,219,220,220,221,221,222,222,222,222,222,222,222,222,223,223,223
215,215,215,215,215,215,215,215,215,215,216,216,216,216,215,215,215,215,215,215,214,214,214,214,213,213,213,213,212,211,210,209,209,208,207,206,205,203,203,201,199,198,197,196,195,194,193,192,191,190,188,186,185,184,182,182,180,177,173,149,104,69,52,42,34,32,37,42,46,48,47,47,57,65,58,48,43,44,47,43,37,41,54,63,68,78,85,84,80,77,76,78,80,82,83,83,82,78,74,70,68,70,76,81,85,87,86,82,78,76,75,75,77,80,83,85,87,89,91,95,96,93,91,93,89,81,69,53,43,42,41,45,57,67,64,54,49,49,49,55,58,59,64,64,51,45,51,49,56,92,142,176,185,187,189,191,192,192,193,194,194,195,195,196,197,198,198,198,198,199,200,201,202,203,204,205,206,208,210,212,214,215,216,218,219,220,221,221,221,222,222,222,222,222,222,222,222,223,223,223
214,214,214,214,215,215,214,215,215,214,214,215,215,215,214,214,214,214,214,214,214,213,213,212,211,211,211,211,210,208,207,206,205,204,203,202,201,200,199,197,195,194,193,192,191,190,189,188,187,185,184,182,181,180,178,178,176,174,171,156,119,77,50,38,34,33,37,42,41,44,53,56,62,67,59,50,43,38,37,39,42,52,64,71,76,81,82,78,76,73,71,72,75,75,74,73,72,70,66,62,61,64,68,70,73,75,75,72,69,67,65,64,65,67,68,71,74,77,79,82,84,82,78,76,73,69,62,53,47,44,39,41,57,69,64,53,52,56,53,51,50,53,58,57,49,45,48,53,77,118,155,175,181,184,187,189,190,191,192,193,193,194,195,195,196,197,197,197,198,199,200,201,202,203,204,205,207,209,211,213,214,216,217,218,219,220,220,221,221,222,222,222,222,222,222,222,223,223,223,223
214,213,214,214,214,214,214,214,214,213,213,213,213,213,213,213,212,212,212,212,212,212,211,210,209,209,208,208,207,205,204,203,202,201,199,198,197,196,194,192,191,190,189,187,186,186,185,184,182,180,179,178,176,175,174,173,171,169,167,157,125,78,44,35,35,33,36,39,35,42,59,62,63,66,60,50,40,34,35,40,49,59,66,71,75,77,74,70,70,69,67,67,67,65,63,63,63,62,57,53,55,61,65,64,64,66,65,63,63,64,62,60,60,60,60,63,67,68,69,69,67,64,59,54,50,49,49,49,48,48,43,43,56,65,59,52,53,56,55,53,51,51,56,61,55,46,45,61,101,143,166,176,180,183,185,187,189,190,191,191,192,193,193,194,195,196,196,197,198,199,200,201,202,204,205,206,208,210,211,213,214,216,217,218,219,220,220,221,221,221,221,222,222,222,222,222,223,223,223,223
213,213,213,213,213,213,213,213,212,212,212,212,212,212,212,211,211,210,210,210,210,209,208,207,206,205,204,204,203,202,200,198,197,196,195,194,193,191,189,188,186,185,184,182,181,180,179,178,176,175,173,171,168,166,162,158,157,160,161,149,114,70,42,35,33,31,34,38,36,44,62,66,63,60,56,49,38,33,39,46,53,58,59,61,62,61,58,57,59,61,60,58,56,53,54,58,60,61,57,52,57,66,69,64,61,61,59,58,61,64,62,61,62,63,64,67,68,68,66,61,55,48,41,37,38,40,44,44,44,46,47,44,46,51,49,45,45,47,51,56,55,52,53,61,60,50,50,73,116,152,167,173,178,181,182,184,186,187,188,189,190,191,192,192,193,194,195,196,197,198,200,201,202,204,205,206,208,210,212,213,214,216,217,218,219,220,220,220,221,221,221,222,222,222,222,223,223,223,223,223
212,212,211,212,212,211,211,211,211,211,211,211,211,210,210,209,209,208,208,208,207,206,205,204,202,201,201,200,199,197,195,194,193,192,191,189,188,186,184,183,181,180,179,177,175,174,172,170,168,167,165,160,153,147,145,144,145,150,145,122,90,64,49,38,31,32,39,43,41,49,65,69,60,52,49,45,38,35,42,51,53,50,46,44,43,41,41,44,47,49,49,47,46,47,53,59,60,61,58,55,59,68,70,64,60,60,60,60,63,65,65,65,67,70,72,76,76,73,69,62,52,43,40,45,52,55,55,50,44,45,47,43,38,40,43,37,33,36,46,54,53,51,54,60,60,55,63,93,131,157,168,171,175,178,179,181,182,184,185,186,187,188,189,190,192,193,194,195,196,198,199,201,202,204,205,206,209,211,212,213,215,216,217,218,219,220,220,220,221,221,222,222,222,222,222,222,223,223,223,223
210,210,210,210,210,210,209,209,209,209,209,209,208,208,208,207,207,206,205,205,204,203,201,200,199,198,197,196,194,192,191,189,188,187,186,184,183,181,179,179,177,175,173,169,166,163,160,159,158,158,154,146,137,136,142,148,152,146,120,89,76,72,59,40,32,38,48,50,49,52,58,63,57,47,45,43,36,34,40,46,46,42,40,37,34,31,32,37,42,44,46,47,47,53,62,65,62,60,59,59,62,67,69,67,64,65,66,68,69,70,72,74,75,77,80,83,83,79,74,66,56,53,60,70,77,77,72,63,52,47,46,43,37,36,38,35,33,39,49,54,49,48,54,57,54,57,76,110,145,163,168,171,173,175,176,178,179,180,182,183,184,185,187,188,189,191,192,194,195,197,198,200,202,204,205,207,209,212,213,214,215,216,217,218,219,220,220,220,221,221,221,222,222,222,222,222,222,222,222,223
209,209,209,208,208,208,208,208,207,207,206,206,206,205,204,204,204,203,202,201,200,199,197,196,195,194,193,191,189,187,186,184,183,182,180,179,178,176,174,173,171,168,165,161,155,150,147,148,152,153,145,135,134,144,153,159,159,136,92,68,75,80,64,39,33,40,48,52,53,53,47,48,51,45,44,43,36,33,36,38,40,42,45,45,42,38,36,38,42,46,51,54,56,65,74,73,68,65,66,68,72,75,76,73,72,75,76,76,78,78,81,84,84,85,87,87,85,81,76,72,71,76,86,93,93,87,80,71,59,48,43,41,36,33,32,33,37,46,55,56,51,50,53,50,45,57,88,126,155,165,167,168,170,172,173,174,176,177,179,180,181,183,184,186,187,188,190,192,193,195,197,199,202,203,205,207,210,212,213,214,215,217,218,218,219,220,220,220,221,222,222,222,222,222,222,222,222,222,222,222
207,207,207,206,206,206,206,205,205,205,204,204,203,202,201,201,200,200,198,197,196,195,193,192,190,190,188,186,184,182,181,180,178,177,175,172,170,168,165,163,160,158,158,156,150,144,143,146,151,150,139,132,142,156,160,162,157,123,73,57,68,74,62,39,34,39,45,48,50,52,41,37,44,44,42,39,36,37,37,38,41,47,53,55,55,53,51,49,49,51,56,58,61,70,77,77,76,76,76,79,83,86,84,78,77,82,86,87,88,88,88,91,90,91,92,90,86,82,80,84,92,99,103,102,95,85,77,71,62,49,40,35,32,29,27,28,35,43,52,57,55,52,53,48,46,64,104,142,161,163,164,165,167,169,170,172,173,174,176,177,178,180,181,182,184,186,187,189,191,193,195,198,200,202,204,207,209,212,213,214,215,216,217,218,219,220,220,220,221,222,222,222,222,222,222,222,222,222,222,222
205,205,204,204,204,203,203,202,202,202,202,202,201,200,199,198,197,196,194,193,192,191,190,188,186,185,183,181,179,177,175,173,171,169,166,162,159,157,155,153,152,152,154,154,150,145,144,148,151,147,136,135,150,161,162,163,155,114,63,47,57,67,62,42,37,44,49,48,48,48,37,34,42,44,39,34,36,40,38,39,44,51,57,61,63,66,66,64,61,59,60,61,64,71,76,79,81,82,84,87,91,92,88,81,80,88,94,97,98,97,96,96,95,94,93,92,89,87,92,102,110,111,106,99,91,82,76,71,63,51,40,35,31,26,24,26,32,37,46,56,53,43,43,49,57,80,119,150,160,160,161,162,164,166,167,169,170,171,172,173,174,176,177,179,181,182,184,185,187,189,192,194,197,200,202,205,208,210,212,213,214,215,216,217,218,219,219,220,220,221,221,221,222,222,222,222,222,222,222,222
203,202,202,201,201,200,200,200,199,199,199,199,198,197,196,195,194,192,191,190,189,187,186,183,181,179,177,174,172,170,167,165,161,158,155,152,150,150,150,149,149,149,151,151,149,146,147,150,150,144,134,138,154,163,164,164,154,111,60,42,51,64,66,54,48,51,51,52,53,47,37,37,46,49,41,34,36,38,37,39,44,49,56,63,67,71,74,73,70,67,66,67,70,74,77,80,83,85,89,93,95,96,93,87,87,94,101,104,105,104,103,103,101,98,96,95,96,101,108,114,114,108,101,95,90,83,76,70,61,52,46,44,40,30,23,25,31,35,42,48,44,36,37,48,66,95,130,154,159,157,158,161,162,163,164,165,166,168,169,170,171,173,174,176,178,179,181,182,183,186,188,190,192,195,199,202,206,208,209,211,213,214,214,216,217,218,218,219,219,220,220,221,221,222,222,222,222,222,222,222
200,200,199,199,199,198,197,197,197,196,196,196,194,193,192,191,189,188,187,186,184,183,180,178,175,172,168,165,163,160,158,156,155,153,150,147,146,147,148,148,148,148,149,149,147,147,149,151,151,143,134,142,158,164,164,166,156,114,61,42,48,61,69,69,65,58,54,56,56,47,41,44,50,51,44,37,35,37,40,43,44,46,54,62,68,72,74,75,74,75,75,75,77,78,80,83,86,89,94,96,98,100,99,95,95,101,107,110,110,108,108,108,106,104,102,104,108,113,114,109,102,98,95,93,90,85,80,74,65,57,51,52,50,37,25,24,31,37,40,41,41,41,47,59,77,107,140,163,167,162,160,163,166,165,163,162,163,164,165,167,168,170,171,173,174,176,178,179,180,182,184,186,188,191,195,198,202,204,206,209,211,212,214,215,216,217,218,218,219,219,220,220,221,221,222,222,221,221,221,221
197,197,197,197,197,196,195,195,195,194,194,193,191,190,189,187,186,184,183,182,179,177,174,170,167,163,159,156,154,152,151,151,153,153,149,144,143,145,148,149,149,149,148,148,147,147,150,152,151,143,135,145,161,166,166,167,161,122,65,41,47,58,68,76,76,67,60,60,58,50,47,51,49,46,45,40,37,40,44,46,44,45,53,62,68,70,72,73,75,79,81,81,82,82,83,86,88,92,98,100,101,107,108,104,104,108,111,113,112,109,109,110,109,108,109,109,110,108,102,94,89,88,89,90,90,87,86,82,74,66,58,53,50,40,30,30,41,47,44,46,48,51,64,78,92,115,143,166,177,174,169,169,171,172,170,165,162,161,162,163,165,166,167,169,172,173,175,176,177,179,181,183,185,188,191,194,197,200,202,205,208,210,212,214,216,216,217,218,218,219,219,220,220,220,221,221,221,221,221,221
195,195,194,194,194,193,193,192,192,192,191,190,188,187,185,184,182,181,179,176,171,167,163,159,157,155,153,152,150,149,149,150,153,154,149,143,141,145,149,151,151,150,148,147,146,147,150,152,152,145,137,145,162,167,167,168,165,132,74,42,45,55,63,76,84,75,66,67,66,57,54,57,53,48,48,44,41,43,44,42,40,44,52,61,66,69,69,69,72,78,81,83,84,84,84,86,89,94,99,102,103,109,111,109,108,108,107,109,108,106,106,107,107,106,104,100,95,90,86,82,81,83,87,89,88,87,87,85,80,74,64,52,47,41,35,39,52,56,52,54,57,62,73,86,102,123,142,159,176,181,176,173,174,175,176,173,167,162,160,162,163,163,164,166,168,170,172,173,174,176,178,180,182,185,188,191,193,195,197,200,203,206,210,212,214,215,216,217,217,218,219,219,219,219,220,220,220,221,220,220
193,192,192,191,190,190,190,189,189,188,187,186,185,183,182,180,178,174,169,162,156,153,151,150,150,152,153,152,150,148,148,150,154,156,150,142,140,144,149,152,152,151,148,147,146,147,150,153,154,148,139,144,161,169,169,169,168,143,88,47,43,54,60,74,89,79,68,76,77,67,65,67,62,56,54,54,53,50,45,37,34,41,51,58,63,66,67,66,68,72,76,79,81,82,83,85,87,91,95,99,99,101,103,102,101,99,97,98,98,98,98,97,95,93,88,82,78,75,74,75,79,83,86,88,86,84,83,81,80,78,66,52,48,48,44,42,50,55,54,56,63,71,76,92,122,145,147,149,167,180,180,176,173,173,176,177,173,167,164,164,166,165,165,164,165,167,168,170,170,172,175,178,179,182,184,187,189,191,193,195,198,202,205,208,211,212,214,215,216,217,218,218,219,219,219,219,220,220,220,220
190,190,189,188,188,187,186,186,185,184,183,183,181,179,176,174,170,164,154,145,141,141,144,147,150,152,154,154,150,148,148,151,156,158,152,142,139,144,149,152,153,151,149,146,146,147,150,155,157,151,141,143,161,171,171,171,170,155,108,57,43,53,59,71,86,78,68,83,86,77,82,81,66,55,60,72,73,66,52,35,30,39,49,56,61,64,66,66,66,67,69,70,72,75,78,81,83,85,88,90,90,88,86,86,85,83,81,80,81,82,82,81,79,75,70,70,72,70,70,74,78,80,83,83,81,78,76,76,78,79,68,53,51,56,53,47,49,55,56,60,70,80,89,111,146,165,155,145,160,179,183,179,172,170,173,175,175,172,170,170,171,172,170,168,166,165,165,166,167,170,172,175,177,179,182,184,186,188,190,192,194,198,201,204,206,208,210,212,214,215,216,217,217,218,218,218,219,219,219,219
188,188,187,186,185,184,184,183,182,180,178,175,172,168,164,162,161,156,144,134,132,136,142,147,150,151,154,154,151,149,149,153,158,160,153,143,140,144,150,153,153,152,149,146,145,147,152,158,160,155,144,143,160,172,173,173,172,165,129,72,46,53,59,66,81,82,75,87,89,85,97,95,73,60,72,88,86,75,62,44,37,42,48,54,59,61,64,67,67,67,66,63,63,68,72,74,74,73,75,77,76,71,68,66,65,65,64,61,60,63,64,64,64,61,59,65,72,72,72,75,75,76,79,80,78,75,72,74,78,77,68,57,56,60,57,55,62,70,70,71,80,94,111,136,163,172,158,145,158,177,184,179,170,168,171,173,174,174,173,173,175,175,174,173,170,167,164,164,165,167,169,171,174,176,179,181,183,185,187,189,191,194,197,200,202,203,205,208,210,211,212,214,215,216,217,217,217,218,218,218
186,185,184,183,181,180,179,177,173,169,165,160,155,152,150,152,156,153,140,129,128,133,141,146,149,150,153,154,153,150,151,154,160,162,154,144,142,146,151,153,154,153,150,146,145,147,153,159,162,159,148,143,157,172,176,176,175,171,147,94,54,52,57,62,77,88,88,94,93,91,102,102,83,74,87,94,84,77,69,52,42,44,48,52,56,58,61,65,67,69,69,66,64,67,70,68,64,60,60,63,60,55,54,54,54,56,57,54,52,54,55,56,59,60,61,65,71,73,73,73,72,72,77,78,76,75,74,79,82,73,65,64,65,64,64,71,79,86,85,83,93,110,132,156,174,177,162,148,157,176,183,177,170,168,171,173,173,173,173,173,176,176,173,173,174,172,168,166,166,167,167,168,171,173,175,178,180,182,184,186,188,191,194,196,198,200,201,203,205,207,208,210,212,213,214,215,216,216,216,217
181,180,178,176,173,170,167,162,156,151,149,146,144,142,142,147,155,152,138,127,125,131,138,145,148,150,152,154,154,152,152,156,162,164,156,146,144,148,152,154,155,154,151,146,145,148,153,160,164,163,155,146,153,171,179,178,177,174,161,119,68,51,56,59,68,83,97,105,105,101,104,105,92,85,92,90,84,78,62,42,35,40,44,49,55,58,61,62,66,71,74,71,68,68,69,67,63,60,59,61,58,55,56,56,57,60,62,60,58,59,58,59,63,65,67,69,72,74,73,71,69,70,76,77,74,75,78,85,86,74,67,77,82,76,80,92,93,94,98,100,110,127,149,171,180,180,168,153,158,175,182,176,169,169,171,172,172,172,173,174,176,177,173,169,172,177,177,173,172,171,171,170,170,171,172,174,177,179,181,183,185,188,191,194,195,196,198,200,201,203,205,206,208,209,211,212,213,213,214,215
170,169,165,162,158,156,152,147,142,140,140,140,138,137,138,145,154,150,135,125,124,129,136,143,147,149,152,154,154,152,153,157,163,165,158,149,146,149,153,155,156,155,151,146,146,148,153,160,166,167,161,150,150,167,180,181,179,176,171,143,90,57,56,58,59,69,87,104,113,114,114,114,106,94,90,91,90,76,54,43,42,44,44,49,57,62,62,62,65,72,75,72,68,67,68,69,70,69,67,67,66,66,65,66,66,67,69,69,67,66,64,63,64,66,67,70,73,75,73,70,69,72,77,78,71,70,76,82,84,77,76,90,103,100,100,109,108,107,116,121,125,142,165,180,184,183,172,156,158,173,180,175,170,170,171,172,171,171,173,176,178,179,176,169,167,176,183,182,180,179,178,177,175,172,171,171,173,175,177,179,181,184,188,191,193,194,195,197,199,201,202,203,204,205,206,208,209,210,211,212
157,156,152,149,147,145,144,140,138,138,138,137,135,135,137,145,154,148,133,123,123,128,134,141,145,148,150,153,154,154,154,157,163,166,160,151,148,151,155,157,158,156,151,145,145,149,153,159,165,168,166,156,149,161,178,182,180,178,176,162,119,72,56,58,57,59,67,82,102,116,120,122,118,104,92,96,95,78,67,65,61,56,54,57,60,60,58,60,64,69,72,70,67,67,70,72,74,74,73,72,72,74,75,75,74,73,74,75,73,72,70,68,67,67,69,70,72,74,74,73,72,74,77,75,65,60,69,78,84,82,79,89,108,113,110,112,118,126,136,135,132,149,174,185,187,185,173,157,159,173,179,175,171,171,171,171,171,172,174,177,179,181,179,171,164,170,182,185,182,182,183,183,181,178,173,170,170,171,172,174,176,179,184,187,189,191,193,194,196,198,199,200,201,202,204,205,206,207,208,208
150,148,146,144,142,142,141,138,137,137,137,136,134,135,137,146,154,148,132,123,122,126,133,139,144,146,149,152,154,155,155,158,162,166,162,153,150,153,157,160,160,158,151,144,144,148,153,158,164,168,170,162,150,155,173,183,182,180,178,174,148,98,62,57,58,57,58,64,79,99,116,123,118,102,91,97,100,92,88,76,61,57,65,72,65,53,51,55,61,66,69,67,65,68,71,74,74,74,73,73,74,77,79,80,80,78,78,77,76,75,73,72,73,74,75,73,72,74,77,76,75,73,72,71,62,56,62,71,81,83,74,80,102,112,106,103,116,134,140,131,126,149,177,189,191,188,173,155,159,175,180,175,173,172,171,170,171,173,175,176,180,183,182,175,165,167,179,185,181,181,185,186,185,184,179,173,170,169,170,171,173,176,179,182,184,187,189,191,193,195,196,198,199,200,202,203,203,204,205,205
147,146,144,143,141,141,140,138,137,137,137,135,135,135,137,146,155,148,131,122,122,126,132,138,142,145,148,151,154,156,157,158,162,166,164,156,152,154,159,162,163,160,152,144,144,149,153,157,162,168,172,167,153,150,166,181,184,182,180,178,168,130,80,58,58,57,57,58,62,74,100,121,115,97,90,98,109,108,92,66,53,62,76,82,70,51,46,52,60,65,65,64,64,68,72,73,73,73,72,73,75,78,81,82,82,82,82,82,80,78,76,76,77,79,79,75,73,77,82,80,74,68,66,66,65,65,68,67,74,81,77,84,107,117,106,99,114,131,125,107,110,147,180,191,195,191,173,154,159,177,182,175,172,173,171,170,171,173,175,176,180,184,185,180,169,165,175,184,181,179,185,187,185,185,184,179,172,168,167,167,169,172,175,177,179,182,184,186,189,191,193,195,196,197,199,200,201,201,202,203
145,145,144,143,141,141,140,138,137,138,137,136,135,135,138,147,156,147,131,122,121,125,131,136,141,144,147,151,154,156,157,159,162,167,166,158,154,155,159,163,165,162,153,144,143,148,153,157,161,167,173,171,159,149,158,176,185,185,182,181,178,158,110,68,57,57,56,54,52,60,86,117,121,106,98,104,116,112,87,62,60,78,88,84,70,55,50,55,61,62,61,61,64,69,73,73,72,72,73,73,74,76,79,82,82,82,85,87,86,84,80,79,80,80,79,76,76,79,84,82,72,64,62,64,67,78,86,79,78,88,98,108,122,123,107,102,116,123,107,88,104,151,183,193,198,193,172,154,161,180,184,177,172,172,171,170,171,173,175,177,181,184,186,184,173,164,170,181,182,180,186,187,184,183,184,182,178,172,167,164,164,167,171,174,177,178,179,181,183,186,188,190,192,194,196,198,198,198,199,200
145,144,144,143,142,141,140,138,138,138,137,136,136,136,138,149,156,147,130,121,121,125,131,136,140,143,147,151,154,157,158,159,162,167,168,160,155,156,159,163,167,164,154,144,142,148,154,158,161,166,174,174,164,152,152,170,184,187,185,183,182,175,144,92,60,55,56,54,54,62,81,108,122,120,113,114,117,105,86,74,76,89,95,85,70,62,61,63,61,57,57,59,64,69,72,71,69,70,72,72,73,74,75,78,80,80,84,87,86,85,84,84,85,84,83,82,80,80,83,82,73,66,67,72,77,88,102,100,96,107,123,132,136,127,110,108,114,109,90,82,116,162,186,195,199,192,170,154,166,184,186,179,173,171,170,170,172,174,176,178,182,185,187,186,177,165,165,176,183,182,186,187,183,182,184,184,182,179,173,167,162,161,163,167,172,176,178,179,179,181,183,185,187,189,192,194,195,196,197,198
145,145,144,143,142,141,140,139,138,138,138,136,136,137,140,150,157,146,128,120,120,126,131,136,139,143,147,151,155,157,158,160,162,167,169,163,157,156,159,163,168,166,155,144,142,148,154,158,161,165,173,176,168,155,149,162,180,188,188,185,183,182,169,127,78,56,55,56,57,63,74,89,105,117,121,122,116,97,84,83,86,93,96,86,73,68,70,69,59,53,55,58,62,66,68,68,66,67,69,68,70,73,74,76,76,75,77,80,80,80,81,85,89,90,89,87,82,78,79,80,77,72,75,87,93,97,110,116,116,125,136,140,140,133,115,107,107,95,76,85,133,173,188,197,201,190,166,156,174,189,188,182,174,170,170,171,173,176,178,180,183,185,186,187,181,168,162,170,182,185,187,188,184,183,184,183,181,182,180,175,168,161,157,155,159,167,174,177,178,178,179,180,182,184,187,190,191,192,194,195
146,146,144,143,142,141,140,139,139,139,138,137,137,138,142,152,157,145,127,119,120,126,132,136,139,143,147,151,155,158,159,161,163,168,171,166,159,157,159,163,168,167,157,145,142,146,153,158,162,166,172,176,169,158,148,153,171,186,189,187,184,183,181,160,114,71,55,54,56,61,68,73,82,101,118,125,120,102,88,89,92,93,91,81,76,74,75,70,57,52,56,58,57,60,65,67,66,65,65,64,65,70,75,76,73,69,69,70,70,68,72,80,86,88,87,85,78,71,74,80,81,77,76,91,101,100,112,121,120,123,134,141,143,135,109,92,92,82,73,100,151,181,192,201,201,184,160,161,184,195,189,183,177,170,169,171,174,177,179,181,183,185,187,188,185,174,162,164,176,185,188,188,185,184,184,182,178,179,181,180,173,165,157,151,150,154,162,170,174,176,178,178,178,179,181,184,186,187,189,190
147,147,146,144,142,141,141,140,140,139,139,138,138,139,145,155,157,143,126,119,121,126,132,136,140,143,147,151,155,158,160,162,164,168,172,170,163,158,159,163,168,168,158,146,140,144,152,159,163,165,171,175,171,160,150,148,160,179,189,189,187,185,185,179,151,103,65,52,54,60,65,68,72,84,106,118,120,114,106,102,97,93,89,81,80,80,75,67,58,56,58,58,57,59,62,64,65,65,63,63,65,70,76,75,71,67,64,62,61,59,62,69,77,78,76,75,69,65,71,80,85,82,75,86,102,102,106,116,114,112,128,143,145,131,100,81,79,72,79,122,167,186,197,205,199,175,155,167,193,199,187,182,178,172,169,171,176,179,180,181,184,186,187,189,188,179,165,160,169,182,188,187,184,183,183,180,175,175,180,179,173,166,159,154,150,148,151,160,167,173,176,177,176,175,176,177,179,180,182,184
149,148,147,145,143,142,141,141,141,140,140,139,139,141,148,158,157,141,125,119,122,127,133,137,141,144,148,151,154,157,160,162,164,168,173,174,168,162,160,163,168,168,159,146,139,142,150,158,163,165,170,175,174,163,152,148,153,169,185,191,190,188,186,185,175,143,96,62,52,53,56,62,66,72,84,94,103,112,115,109,97,90,86,78,78,80,74,67,62,60,58,57,59,59,57,55,58,64,66,66,69,73,75,72,68,66,63,58,56,56,55,58,66,69,65,62,58,59,68,79,87,87,79,87,103,105,103,111,113,116,132,142,136,116,92,78,71,68,94,145,179,191,201,206,193,166,154,173,199,199,183,178,179,173,169,171,176,179,181,182,184,186,188,189,190,183,168,158,163,179,188,187,183,182,183,179,171,170,176,176,171,164,158,155,152,149,149,154,161,166,170,172,174,172,170,168,167,168,170,171
150,150,149,146,143,142,142,143,142,141,140,140,140,142,151,160,155,138,124,119,122,128,134,138,142,145,148,151,154,157,160,162,164,167,173,176,173,167,163,164,169,169,159,146,138,140,149,158,163,166,170,176,175,165,155,151,151,160,177,189,192,190,188,186,184,172,139,93,62,52,50,53,58,60,64,71,81,93,101,100,95,89,79,68,72,81,73,68,67,61,57,56,57,57,51,46,52,64,70,69,72,74,69,65,64,64,61,57,56,55,50,50,58,63,59,53,51,57,66,75,85,86,84,92,104,107,105,112,117,123,134,132,116,96,80,72,64,74,118,165,186,195,204,203,183,158,157,181,202,197,180,175,177,174,170,172,176,180,181,182,184,186,188,190,191,185,170,157,158,174,187,187,182,180,180,176,169,167,172,174,168,161,156,153,152,150,150,153,158,160,162,165,170,172,169,164,158,156,155,155
151,151,150,148,144,142,144,145,144,142,141,141,142,145,154,162,154,136,123,120,123,129,135,139,142,146,149,151,154,156,159,162,164,166,172,176,176,171,166,167,170,170,160,147,138,139,148,157,164,168,172,176,176,166,156,153,153,156,167,182,191,192,190,188,186,184,171,138,94,63,51,49,50,53,59,64,64,73,81,88,96,91,79,67,75,87,76,70,70,65,62,59,58,57,50,46,54,66,70,69,71,70,63,59,59,58,57,59,60,56,50,50,55,56,56,54,53,62,71,73,77,82,86,92,98,103,106,115,122,128,132,120,99,81,71,63,64,95,147,179,190,198,205,197,172,152,160,187,204,195,179,174,175,173,173,175,177,180,181,182,184,187,188,190,192,187,172,158,155,168,185,187,182,178,176,174,169,167,170,171,167,159,154,151,150,149,150,152,156,157,157,158,163,169,170,167,162,156,151,149
152,152,151,148,145,143,144,147,146,142,141,142,143,148,159,164,152,134,123,120,124,130,136,140,143,146,150,152,154,156,159,162,164,166,171,176,178,175,171,169,171,170,162,149,139,138,146,157,164,168,173,177,176,167,157,153,154,155,160,173,186,192,192,190,188,186,184,171,138,94,62,50,48,53,61,58,54,64,73,84,98,96,84,76,83,94,86,77,77,75,70,64,59,56,54,56,60,65,67,67,67,65,62,59,55,54,54,62,69,61,55,60,60,53,55,62,63,68,77,76,76,82,84,89,94,96,102,117,128,133,129,108,86,73,63,58,78,128,171,187,194,201,204,188,161,150,164,191,204,193,179,174,173,173,176,177,177,178,180,182,185,188,189,191,192,188,174,159,153,163,181,188,183,177,174,172,170,167,168,168,165,158,154,152,150,148,148,150,154,156,156,155,157,162,166,168,166,161,156,154
153,153,152,149,145,143,144,147,146,144,142,143,145,151,162,165,150,132,122,120,124,131,137,140,143,147,150,153,154,156,160,163,164,167,170,175,178,178,174,172,172,171,164,152,141,138,145,155,162,168,173,178,177,169,158,153,154,156,158,164,177,189,193,192,191,188,187,185,171,138,94,64,52,56,60,56,55,68,78,86,96,96,93,92,94,96,89,83,84,81,73,65,56,50,56,63,63,64,65,63,62,63,65,62,58,56,53,62,77,68,61,71,69,58,62,71,72,71,77,81,85,85,80,86,97,96,100,121,135,132,115,90,73,64,55,67,110,159,184,192,198,204,199,177,154,152,168,193,204,193,180,174,171,173,177,178,176,177,179,182,185,189,191,192,192,188,175,161,153,158,175,187,184,177,173,172,170,167,166,166,163,159,154,152,150,148,148,149,152,154,154,154,154,158,161,164,165,163,160,159
154,153,152,149,145,143,144,146,146,145,144,145,147,154,164,164,147,130,122,120,124,132,138,141,144,147,151,153,155,156,160,163,165,167,169,173,177,179,177,175,174,172,165,153,142,138,143,153,161,168,174,179,178,170,159,153,153,157,159,161,168,182,191,193,193,192,190,189,185,171,140,100,69,58,60,58,58,67,79,86,88,87,94,102,100,93,89,88,86,81,77,71,58,52,58,62,60,64,63,56,58,66,68,64,62,58,51,60,76,67,61,72,72,66,70,75,75,72,75,86,95,89,82,87,98,101,106,125,133,122,97,74,62,54,60,98,148,178,190,196,202,203,189,165,152,156,172,195,204,193,181,174,170,172,176,178,176,176,178,181,185,190,193,194,193,188,176,162,154,154,168,184,185,177,173,172,170,167,165,164,162,159,155,152,149,148,148,149,151,153,153,152,153,154,157,160,162,162,161,160
154,154,153,149,145,143,144,146,147,147,147,147,150,158,167,162,144,128,121,120,125,133,139,142,145,148,151,153,154,156,159,162,165,166,168,171,176,179,180,179,177,173,166,154,144,138,142,152,161,168,175,179,178,171,160,153,152,156,160,162,164,173,186,192,195,194,193,192,190,185,174,147,109,76,60,56,55,60,70,80,81,81,89,99,100,96,96,95,90,88,88,81,69,64,65,62,57,63,60,51,61,74,68,59,60,55,49,58,69,63,59,67,67,67,72,77,78,76,75,85,97,98,94,92,99,108,115,122,122,108,85,64,53,58,90,139,174,188,196,202,204,197,176,157,154,160,175,196,204,193,181,173,169,170,176,178,177,175,176,180,186,191,194,195,194,189,177,164,155,152,161,179,185,178,173,172,170,166,164,161,160,158,156,153,150,148,149,149,151,153,153,152,152,152,154,156,158,160,160,159
155,154,153,150,145,143,144,146,148,149,149,149,153,162,169,161,142,127,121,121,126,133,140,144,146,149,151,152,154,156,158,161,164,165,167,170,174,179,182,181,180,175,166,155,145,139,142,150,160,167,175,180,179,172,162,154,151,154,159,163,165,167,176,186,193,195,195,195,193,189,187,179,156,121,85,62,54,54,60,69,78,89,97,101,103,105,108,103,97,100,101,92,79,72,68,62,58,64,60,54,68,76,65,57,59,56,52,57,62,59,60,64,64,67,76,84,84,79,77,80,95,106,102,95,102,115,115,108,102,89,71,55,55,87,135,171,187,195,202,205,200,184,162,154,156,162,176,198,204,193,180,172,167,169,175,179,179,176,175,179,185,191,195,196,194,188,176,164,156,151,157,175,185,180,174,172,169,165,162,160,158,157,155,153,150,149,148,148,150,152,153,152,152,151,152,152,155,158,159,159
156,155,154,150,146,143,144,146,148,149,150,151,157,166,170,158,140,126,121,122,127,134,142,145,147,149,151,152,154,155,157,160,162,164,166,169,173,179,182,183,181,176,167,156,145,140,142,149,158,166,174,181,181,173,163,154,149,151,158,164,167,167,168,175,186,193,196,197,195,192,190,189,183,167,136,100,72,58,55,60,71,85,95,101,101,107,118,115,102,101,106,98,86,76,68,62,60,67,65,61,69,69,61,59,64,68,64,62,60,62,65,65,68,76,84,89,84,80,79,83,101,116,112,107,107,108,100,85,77,67,55,55,84,133,171,188,194,201,206,204,190,168,154,155,158,163,178,199,205,194,180,172,166,168,174,179,180,176,175,178,185,192,196,196,194,188,176,165,156,151,155,171,184,181,175,172,168,164,160,158,156,155,154,152,151,149,148,148,150,152,153,153,152,152,151,151,152,156,158,159
157,156,154,150,145,143,144,146,148,150,150,153,160,169,170,157,138,126,122,123,128,136,143,146,148,150,151,152,154,155,156,159,161,163,165,167,172,178,183,185,183,177,168,156,146,140,141,147,156,164,173,181,183,176,165,154,148,149,156,162,167,169,168,168,176,187,194,197,197,195,192,191,190,187,177,154,120,87,66,59,62,65,73,86,92,98,118,124,106,95,101,98,92,88,79,65,59,67,71,69,69,64,58,57,66,76,72,63,60,67,74,73,71,76,81,79,75,77,80,91,113,128,128,119,102,88,76,64,56,50,55,86,133,170,187,194,199,205,206,196,176,157,153,157,161,165,180,200,206,194,180,170,165,167,174,180,180,176,174,178,185,192,196,196,194,186,175,164,155,150,153,167,182,182,175,171,168,163,159,157,154,153,152,152,152,150,148,148,150,152,153,153,152,152,151,151,152,154,157,158
158,156,154,150,145,142,144,147,149,150,151,154,161,171,170,155,138,126,122,123,129,138,144,147,149,151,152,153,154,154,156,158,160,163,164,166,170,176,183,186,185,179,169,157,147,141,141,146,154,163,171,180,183,178,168,157,149,148,153,160,165,169,171,170,170,176,187,195,198,197,195,194,192,191,190,184,168,140,107,81,66,56,57,72,82,84,103,118,110,98,98,94,91,96,91,72,60,66,68,66,68,68,60,52,60,69,64,58,59,65,78,82,72,63,63,65,68,73,80,100,123,131,124,104,80,65,57,49,46,58,92,138,173,188,194,199,205,207,200,182,162,153,154,160,164,169,183,202,206,194,179,170,166,167,173,179,178,175,174,179,185,191,195,197,194,185,173,163,155,151,151,162,178,182,176,171,167,162,159,157,154,153,152,153,152,150,148,148,150,151,152,153,152,151,151,151,152,153,155,156
158,157,154,150,145,142,144,147,149,150,152,155,164,172,169,153,136,126,122,124,131,139,145,148,150,151,152,153,154,154,156,158,160,162,163,165,169,175,183,187,187,181,170,157,148,142,141,145,153,162,170,179,184,181,173,162,152,148,150,158,163,167,172,174,172,171,177,188,196,198,197,197,195,194,193,191,187,179,160,132,101,75,62,66,71,71,85,101,107,106,101,92,91,101,101,88,76,69,60,54,61,69,64,53,54,58,54,53,54,62,78,87,77,64,65,73,78,76,83,103,116,114,101,81,60,50,46,48,67,104,149,179,192,196,200,205,208,203,187,167,156,154,157,162,168,173,186,203,207,194,179,170,166,167,172,177,177,174,175,180,184,189,194,196,194,185,173,163,156,151,150,158,175,183,178,171,167,162,159,156,154,153,152,152,152,151,149,148,149,150,151,152,152,152,152,152,152,152,153,154
159,158,154,150,145,142,144,147,149,150,153,158,167,174,168,151,135,125,122,125,132,141,147,150,152,152,152,153,154,155,156,158,160,162,163,165,168,174,182,188,189,183,171,159,149,143,141,144,151,161,171,180,185,183,177,167,157,149,149,156,161,165,171,176,177,174,173,177,187,195,198,199,198,197,195,193,191,190,188,177,154,124,97,79,65,62,73,84,94,100,97,90,92,104,110,107,94,75,63,57,61,68,64,56,58,63,62,58,58,70,84,90,86,81,89,99,97,87,84,89,88,84,78,64,49,44,55,84,125,163,187,196,199,203,206,208,205,192,173,161,157,157,160,166,170,176,188,205,208,194,179,170,167,167,171,176,176,176,177,181,184,188,193,196,194,185,173,163,156,152,150,156,171,183,180,172,167,163,159,156,155,153,152,152,152,151,150,149,149,150,151,151,152,152,152,152,152,153,153,154
160,158,154,149,145,143,144,147,150,151,155,161,171,176,166,148,133,124,123,126,134,143,149,152,153,153,153,153,154,155,156,157,159,161,163,164,167,173,180,187,190,184,172,160,150,144,142,143,150,161,172,180,184,184,178,170,160,151,148,153,159,164,170,175,179,179,177,174,176,184,193,198,200,199,198,196,194,192,192,191,185,171,150,123,93,76,69,69,78,86,84,78,79,93,104,103,93,81,72,67,68,67,65,68,77,80,79,76,74,80,86,90,93,93,100,103,94,82,72,66,61,59,58,52,52,71,106,147,178,193,198,201,204,207,210,207,195,178,165,162,161,160,163,168,173,179,192,207,208,194,179,171,168,167,171,175,176,176,178,181,183,187,192,196,195,185,173,163,157,153,151,154,166,181,181,173,168,164,160,157,155,153,152,152,152,150,150,150,150,150,151,151,152,153,153,153,153,154,154,154
160,158,154,149,145,143,145,148,150,153,156,164,173,176,164,146,132,124,123,127,135,144,150,153,153,153,153,153,154,155,156,157,159,161,163,165,167,171,178,186,189,185,174,161,152,146,142,143,149,160,171,179,184,184,179,171,162,154,149,151,157,162,167,173,177,179,180,178,175,174,181,192,198,200,200,199,196,194,193,192,191,190,184,170,149,125,100,81,76,79,74,64,66,79,86,83,82,84,81,72,66,63,68,85,98,95,89,89,86,84,86,89,93,91,85,76,64,56,51,46,44,50,61,74,99,136,168,189,198,200,202,205,208,211,210,199,182,168,165,165,162,161,165,170,175,181,195,209,208,193,179,172,168,167,170,174,176,176,177,179,181,185,192,198,196,186,173,164,158,153,151,152,162,177,182,175,168,165,161,157,155,153,152,152,152,151,151,151,151,151,151,152,152,153,153,154,154,154,154,154
161,159,154,149,145,143,144,148,151,153,157,165,174,174,161,144,130,124,124,128,137,145,151,153,153,153,153,153,154,155,156,157,158,161,163,165,167,171,177,185,190,187,177,164,154,147,143,143,149,159,170,179,185,185,180,173,164,156,150,150,155,160,164,169,174,178,179,181,181,176,173,180,190,198,201,200,198,196,194,193,192,193,192,190,184,173,156,135,115,101,88,71,67,74,79,78,77,80,80,75,71,66,71,90,104,100,88,84,82,82,83,81,79,71,58,49,43,40,40,47,61,83,112,140,166,188,199,201,202,204,207,210,212,212,203,186,172,169,169,166,162,162,165,170,176,184,198,211,208,193,180,173,168,166,169,174,177,176,175,177,180,186,193,198,196,185,173,164,158,154,151,151,158,174,183,178,169,165,161,158,155,153,152,152,152,152,152,152,152,152,152,152,151,152,154,154,154,155,154,154
161,159,154,149,145,142,144,148,151,154,158,167,175,172,158,142,130,124,124,129,138,146,151,153,153,154,154,154,154,155,156,157,158,160,163,166,168,171,177,185,191,189,180,166,156,148,143,143,150,160,170,179,186,186,182,174,166,159,152,150,153,158,162,167,173,177,178,180,185,185,180,175,178,187,196,199,200,199,197,195,194,195,195,194,192,191,188,181,169,155,138,117,101,96,94,89,82,74,66,68,77,76,74,84,94,89,76,66,62,66,70,64,56,49,40,38,43,54,71,97,126,154,177,192,201,204,205,206,206,208,212,214,212,205,189,175,172,173,171,166,163,163,166,170,176,186,201,211,209,194,182,174,168,166,168,173,176,174,172,175,180,187,193,198,195,184,172,164,158,154,151,151,157,171,183,180,171,166,161,158,156,154,152,152,152,153,152,152,152,152,152,152,151,152,154,154,155,156,155,154
162,159,154,149,145,142,143,147,151,155,161,169,176,171,156,140,129,124,125,131,140,147,151,153,153,154,154,154,154,155,156,157,158,160,164,167,169,171,177,185,191,190,181,168,157,149,144,144,150,160,170,179,186,188,184,177,168,161,154,151,153,157,161,166,171,176,178,180,183,188,189,184,177,177,184,192,198,200,199,197,197,198,198,197,195,194,193,193,193,190,182,172,161,151,140,126,116,102,86,81,89,88,81,82,83,71,58,50,44,48,56,57,56,59,61,71,91,116,145,171,190,201,205,206,206,208,209,209,210,212,214,212,203,189,178,175,176,175,171,166,164,164,166,170,177,187,201,211,209,196,183,175,169,166,168,173,174,171,170,174,180,187,193,197,195,184,172,164,159,154,151,151,155,167,180,181,173,166,162,159,156,154,153,152,152,153,152,152,153,153,152,152,152,153,154,155,155,156,155,155
162,159,154,149,144,142,143,146,151,156,164,172,177,170,155,140,129,125,126,132,141,148,152,153,154,154,155,155,154,154,156,157,158,160,164,167,168,170,175,183,190,191,183,170,159,152,146,144,149,158,169,178,186,189,186,179,170,162,156,152,153,157,161,164,168,173,177,179,181,185,190,191,187,180,177,181,187,194,199,199,200,201,201,200,198,198,196,196,196,196,196,195,194,190,184,176,170,163,149,139,133,125,117,114,109,95,84,80,76,78,86,94,104,118,133,151,170,187,201,209,212,211,208,207,208,210,211,212,213,214,212,202,187,178,178,181,179,174,170,167,165,165,167,171,177,187,200,210,209,196,183,175,169,166,167,171,172,168,167,172,180,187,193,197,195,185,173,165,160,155,152,151,154,162,176,182,175,167,163,160,157,155,153,152,152,152,152,152,153,153,153,153,153,154,155,156,156,156,156,156
162,159,153,148,144,142,144,147,152,158,166,174,177,169,154,140,130,125,127,135,144,150,153,154,154,156,157,157,155,154,156,157,158,160,163,166,168,170,173,181,190,192,185,173,163,154,148,145,149,157,168,178,186,189,187,181,172,164,157,153,154,157,160,162,165,170,175,177,178,181,185,190,192,190,185,179,176,180,188,195,200,202,202,201,201,200,199,199,199,199,198,198,199,198,198,198,198,196,191,186,180,173,171,171,167,159,155,154,152,154,159,165,175,187,197,206,211,213,214,214,214,213,211,210,211,212,213,214,213,209,199,185,178,180,184,183,179,174,170,168,166,165,167,171,177,186,198,210,210,197,184,174,169,166,167,170,169,165,165,171,180,188,193,197,195,185,173,166,160,155,152,151,152,158,171,182,178,170,164,161,158,155,153,152,151,151,152,152,153,153,154,154,154,154,155,156,156,157,157,157
162,159,153,148,144,143,145,149,154,159,167,176,178,168,154,140,130,126,128,136,146,151,154,155,156,158,159,159,157,155,155,156,158,160,163,166,168,170,174,181,189,193,188,176,166,157,150,146,149,157,167,177,185,190,188,183,175,166,159,155,155,158,160,162,164,168,172,174,175,177,181,186,190,194,194,189,181,176,176,181,190,197,200,201,202,201,200,201,201,201,200,200,200,200,200,200,201,201,200,198,196,195,197,200,199,196,196,197,196,198,203,205,209,214,216,216,216,215,215,215,215,214,214,214,214,215,214,211,204,194,184,180,183,188,187,183,179,174,170,168,166,165,167,172,177,185,197,210,210,198,184,175,168,166,167,168,167,163,164,171,181,187,192,197,195,184,172,166,160,156,152,150,151,155,167,181,181,172,166,162,158,155,154,152,152,152,153,153,154,154,155,155,154,154,155,156,157,158,159,159
163,159,153,147,144,143,145,150,155,161,169,177,178,168,154,141,131,127,130,138,147,152,155,156,157,159,161,162,159,156,155,156,157,159,162,165,168,170,174,181,189,194,189,177,167,159,151,146,149,157,166,175,184,189,189,185,177,168,162,158,157,159,161,163,164,166,170,172,173,175,178,182,186,192,196,197,193,186,180,177,178,183,189,194,198,200,201,202,202,202,201,201,201,202,203,203,203,203,203,202,200,199,201,203,204,202,201,202,202,204,208,209,212,216,216,216,217,217,217,217,216,217,216,216,216,212,205,196,187,182,183,187,193,194,188,182,178,174,170,168,166,165,167,171,177,185,197,210,210,198,185,176,169,166,166,167,165,162,164,172,181,187,192,196,195,184,172,166,161,156,153,150,150,153,164,179,183,175,167,163,159,156,154,153,153,152,153,154,155,155,155,155,155,155,156,156,157,158,159,159
163,159,152,147,144,143,146,151,157,163,171,179,179,168,154,141,131,127,130,139,148,153,156,156,157,159,162,163,162,158,155,155,157,159,161,164,168,171,174,180,188,193,189,179,169,161,153,147,148,156,165,173,181,187,189,186,179,171,165,161,159,159,162,165,166,167,169,172,172,174,176,178,182,187,193,197,197,196,193,188,182,177,176,180,185,190,194,199,202,203,202,202,203,204,205,206,205,205,206,206,203,202,204,205,206,204,203,203,204,206,208,210,214,216,216,217,219,219,218,218,218,218,218,215,208,199,189,182,181,186,193,196,198,195,187,181,177,172,169,167,166,166,168,171,177,185,197,209,210,198,185,175,170,167,166,166,164,162,164,171,179,185,191,196,195,185,173,166,161,157,153,151,151,153,160,174,183,177,169,164,160,157,155,154,153,153,153,154,155,155,155,155,155,156,156,157,157,158,158,158
163,159,153,148,145,144,147,152,158,165,173,181,179,167,153,141,132,128,131,140,149,155,157,157,157,159,163,165,164,160,156,154,156,159,161,164,167,171,174,180,188,193,191,182,171,163,154,147,148,156,164,172,179,186,190,188,182,174,169,164,161,160,163,166,168,168,170,172,172,172,173,175,177,182,188,192,195,197,198,198,193,185,179,176,175,177,181,187,192,195,198,200,203,204,206,206,206,206,207,208,206,205,207,207,208,207,206,206,206,208,209,211,215,216,216,218,219,218,217,217,216,212,208,202,195,188,183,182,187,194,200,201,200,193,184,179,176,172,169,167,166,167,169,172,177,185,197,209,210,199,185,175,170,167,166,166,163,162,164,170,177,183,191,197,195,185,173,166,162,158,154,151,151,153,157,170,183,180,171,166,161,158,156,154,154,154,153,154,155,156,156,156,156,156,156,157,157,158,157,157
163,160,153,148,146,145,148,153,159,166,175,182,180,167,153,141,132,129,134,142,151,157,158,157,158,160,163,166,166,162,157,155,156,159,161,163,167,170,174,180,187,193,192,184,174,166,157,149,149,156,164,172,179,187,191,189,183,177,171,166,163,163,164,167,169,169,169,170,171,171,171,171,173,176,180,185,189,194,197,198,198,194,189,184,180,177,176,176,178,181,185,188,192,195,198,200,201,204,206,207,207,207,207,207,208,208,208,209,209,210,210,210,213,214,214,216,215,212,209,206,202,198,194,194,194,191,188,187,191,198,203,204,199,190,182,178,176,173,170,168,166,167,170,174,178,185,197,208,209,199,185,175,170,167,166,165,163,161,163,168,174,182,191,197,194,184,174,167,163,159,155,152,151,152,156,166,181,183,175,168,163,159,156,155,154,154,154,154,155,156,156,157,157,157,157,157,158,158,158,157
163,160,153,148,146,146,149,154,161,168,176,183,179,167,153,142,133,130,136,145,154,158,159,158,158,160,163,166,166,163,158,156,156,158,161,164,166,170,173,178,187,194,194,185,175,168,160,151,150,156,164,171,178,185,191,190,185,180,174,167,164,164,165,167,169,170,168,168,170,171,170,170,171,173,176,180,184,190,194,197,199,198,194,191,188,184,180,179,178,177,177,177,178,181,182,184,186,190,193,196,198,200,200,200,201,203,203,203,204,205,205,203,203,201,201,202,200,196,193,191,191,194,199,203,202,194,187,187,192,200,205,204,197,188,182,178,176,173,170,167,166,167,171,174,179,185,196,208,209,198,185,176,171,167,166,165,162,161,163,167,173,182,192,196,193,184,174,167,164,160,155,152,151,152,154,163,178,184,177,170,164,160,158,156,155,154,154,154,155,155,156,157,157,157,157,158,158,159,159,159
162,159,154,149,146,147,150,156,163,170,178,183,179,166,154,142,133,131,137,146,155,160,160,159,159,160,162,165,166,164,160,157,156,158,161,164,166,169,172,178,186,195,195,186,176,169,162,154,152,158,164,171,177,184,190,191,187,182,177,171,166,164,165,168,170,171,170,170,170,172,171,170,171,173,175,177,181,186,191,196,200,200,197,194,192,188,186,185,184,183,182,182,182,182,180,178,177,179,179,180,182,185,186,186,187,189,189,189,190,190,190,188,188,187,187,188,189,190,192,196,201,208,213,212,202,189,184,186,194,202,205,201,193,185,180,178,175,172,169,166,166,168,171,175,179,185,195,206,208,198,184,176,171,168,166,165,162,161,162,166,172,181,191,196,193,184,174,168,165,161,156,152,151,151,152,160,174,184,180,171,165,161,159,157,156,155,154,154,155,155,156,156,157,158,158,158,158,159,159,159
162,159,154,149,147,147,151,158,165,172,178,183,178,166,154,143,134,132,138,148,157,161,161,160,160,160,162,164,165,164,162,159,157,158,161,164,166,168,172,177,186,194,196,188,178,172,165,156,154,159,165,171,177,183,189,190,187,182,179,175,170,167,166,168,171,172,173,172,172,173,172,171,171,172,174,175,178,182,187,192,197,200,199,197,195,192,188,186,186,187,189,191,192,192,192,190,190,188,185,182,182,183,182,182,182,182,182,184,186,187,187,188,190,192,194,198,202,204,208,212,216,218,216,208,194,184,183,187,195,202,204,197,188,182,179,177,174,171,168,167,167,170,172,174,178,184,194,205,208,198,184,176,171,169,166,164,162,161,162,165,170,179,190,196,194,184,174,169,166,161,156,153,152,151,152,158,171,184,183,173,166,162,159,158,157,156,155,155,156,157,157,157,158,158,158,158,159,159,159,158
161,159,154,150,148,149,153,160,167,173,180,183,178,167,154,144,135,133,139,149,158,161,160,160,160,161,163,164,164,164,164,161,158,159,162,164,166,168,171,177,186,194,196,190,180,174,167,158,154,159,165,170,175,180,187,190,187,182,180,177,174,170,168,169,172,173,174,174,174,174,173,171,171,172,173,175,176,179,183,188,193,198,199,199,198,194,190,187,187,189,192,193,194,196,199,202,202,200,198,196,195,194,192,192,192,192,193,195,198,199,200,201,204,206,209,212,215,217,218,220,220,218,212,200,188,182,183,188,195,202,201,194,186,181,178,176,172,170,168,168,168,171,173,174,176,181,191,203,207,199,185,177,172,169,166,164,162,161,162,164,169,178,190,197,194,184,174,170,167,162,157,154,152,152,153,157,168,182,185,176,168,163,160,159,158,157,156,157,158,158,158,158,158,159,159,159,159,159,159,159
161,159,154,151,149,150,155,162,169,175,181,183,178,167,155,144,136,135,142,152,158,160,160,160,160,161,163,165,165,164,164,163,161,161,163,165,167,168,171,177,185,194,198,192,183,176,169,160,156,159,165,170,173,178,185,190,189,184,181,179,177,174,171,171,173,174,175,175,176,176,175,174,173,173,175,177,178,179,181,185,191,196,198,199,199,197,192,189,189,191,193,193,193,194,197,200,202,202,203,202,201,201,200,201,202,202,202,204,205,206,207,209,210,212,215,216,217,220,221,221,220,214,203,192,183,180,182,187,196,201,198,191,185,181,178,175,172,170,169,169,170,172,173,174,175,179,189,201,207,199,186,178,174,169,166,164,162,161,161,163,168,177,190,197,194,183,174,169,166,162,158,154,153,152,153,156,164,178,185,179,170,164,161,160,159,158,158,158,159,158,158,158,158,159,160,160,159,159,159,160
161,159,155,152,150,151,156,163,170,177,182,184,178,168,155,144,137,137,144,154,160,160,160,160,160,162,164,166,166,165,165,164,163,162,164,166,167,168,170,176,184,194,198,194,185,177,170,162,157,161,167,170,173,177,184,191,192,187,182,180,178,176,174,173,174,175,175,176,176,178,179,179,177,177,178,180,180,180,180,182,188,193,197,198,200,199,196,192,191,192,194,194,193,192,194,196,198,199,201,202,201,202,202,204,204,205,204,204,205,206,207,210,212,215,217,218,219,221,221,220,216,207,196,185,179,178,181,188,197,201,197,189,184,180,177,175,172,170,170,171,171,172,173,174,175,178,188,200,206,199,186,179,174,170,166,163,162,161,161,162,167,177,189,197,194,182,173,169,166,162,158,155,153,153,153,155,161,173,184,182,172,166,163,161,160,159,159,159,159,159,158,158,159,160,161,160,160,159,159,159
162,160,156,152,150,151,156,163,171,178,184,184,177,167,155,144,138,139,147,157,161,161,160,161,162,163,165,167,167,165,164,164,164,164,165,166,167,168,170,175,184,193,198,195,186,178,172,164,160,162,168,171,173,176,183,190,193,190,184,181,179,178,176,174,175,176,176,176,176,178,181,182,182,180,180,182,182,182,181,181,185,190,195,198,200,201,198,194,192,192,194,194,194,194,195,195,195,196,198,199,201,202,204,204,205,205,206,206,207,208,209,211,214,217,219,219,220,221,220,216,210,200,190,182,179,180,184,191,199,202,198,190,184,181,178,175,173,171,171,171,172,172,174,175,176,179,187,200,206,199,187,179,175,170,166,163,161,161,161,162,165,175,189,197,194,183,174,169,166,163,159,156,153,153,153,154,158,169,181,184,175,168,164,162,161,161,160,160,159,159,159,159,159,160,160,160,160,160,160,159
163,161,157,154,151,152,156,163,171,179,184,183,175,166,156,145,139,141,150,159,163,162,160,161,163,164,165,166,166,165,164,164,164,164,166,167,167,168,170,175,183,191,197,195,187,180,174,167,162,165,169,172,173,175,182,190,194,191,186,182,180,179,177,176,176,178,178,178,177,178,181,184,184,183,182,182,182,183,182,182,185,189,193,196,199,201,200,197,194,194,195,194,195,197,198,197,196,196,196,197,200,202,203,204,204,205,206,208,209,210,212,213,215,218,219,219,219,218,215,210,202,193,186,182,181,183,188,194,200,202,198,191,186,182,179,176,173,172,172,172,172,173,175,175,176,178,187,199,206,199,187,179,175,170,166,162,161,160,161,161,165,174,188,198,195,185,176,171,166,163,161,157,154,153,154,154,157,165,179,186,178,169,165,164,162,162,161,160,160,160,160,160,160,160,160,161,160,160,160,160
163,161,158,154,152,153,157,163,171,179,185,182,175,166,156,146,141,143,153,161,163,162,160,161,164,165,166,167,167,166,165,165,165,166,167,168,168,168,171,175,181,189,196,196,189,182,177,170,164,166,171,173,174,176,181,189,194,193,187,183,181,180,178,178,178,179,180,180,179,180,182,185,186,185,183,181,180,182,183,184,186,188,191,194,198,200,201,200,198,198,197,195,196,198,199,198,196,197,197,197,198,200,202,203,204,204,206,208,209,211,213,214,215,216,217,218,217,214,210,204,196,189,184,182,183,185,190,196,200,200,195,190,187,183,179,176,173,172,172,172,173,174,175,175,175,178,186,197,204,199,187,178,174,171,167,163,161,161,161,161,164,173,188,199,196,186,178,172,167,164,162,159,156,154,154,154,156,162,176,187,182,171,167,165,164,163,162,162,161,161,161,160,160,161,161,160,160,160,160,160
162,161,158,155,152,153,157,163,171,180,185,182,174,166,156,146,141,144,154,162,163,162,160,161,164,166,166,167,167,166,166,166,166,167,168,169,169,169,171,175,181,188,196,196,190,183,178,171,165,167,171,174,175,176,181,189,194,194,188,184,182,180,179,179,180,180,181,181,181,182,183,185,186,186,184,181,180,181,183,185,186,188,189,193,197,200,201,201,200,200,198,196,196,199,199,197,196,196,197,197,197,198,201,202,204,205,206,207,209,211,213,214,215,215,216,217,216,212,207,201,194,188,184,182,183,185,190,196,200,199,193,189,187,183,178,176,173,172,172,172,173,175,176,175,175,178,185,196,204,199,186,178,174,171,167,164,162,162,162,161,164,173,188,199,196,186,178,173,168,165,163,160,157,155,154,154,156,160,174,186,184,173,168,166,165,164,163,162,162,162,161,161,161,161,161,160,160,160,160,160
