164,161,158,155,152,152,156,163,170,181,189,183,174,166,156,145,140,141,157,165,164,162,161,160,166,167,168,168,168,167,167,167,167,169,168,171,169,169,171,176,181,188,199,201,190,184,180,174,161,168,172,175,178,175,181,189,197,197,188,185,183,184,180,181,180,181,181,181,182,182,184,184,186,186,183,182,180,181,183,185,186,187,185,190,197,197,202,200,202,201,199,198,197,201,199,193,191,195,195,197,195,199,202,203,203,206,208,208,207,212,214,215,216,213,214,218,216,208,205,202,192,190,182,182,184,184,193,197,202,197,191,185,186,182,177,176,172,172,173,172,174,176,174,176,174,177,182,194,209,202,185,177,174,172,167,165,163,163,162,160,161,168,189,202,199,184,177,173,168,168,165,161,157,155,153,156,155,156,166,192,190,169,168,167,166,164,163,162,163,162,162,162,161,161,160,160,159,160,160,159
164,161,159,154,151,153,156,163,170,179,187,184,174,167,156,146,138,141,153,164,163,161,160,159,165,165,165,166,167,165,164,165,164,165,166,168,168,168,169,175,180,187,197,198,186,182,178,171,159,168,171,174,174,173,180,190,196,194,186,182,181,177,177,179,178,179,181,180,179,181,183,185,187,186,184,180,176,182,184,184,187,189,191,195,199,201,203,202,199,198,198,193,192,200,201,201,198,199,199,197,196,198,200,202,204,204,202,208,209,212,213,213,214,217,215,219,218,214,209,204,192,188,183,182,183,183,188,196,202,204,194,191,189,186,176,178,172,172,171,173,171,175,177,175,174,177,185,198,209,200,183,177,175,170,167,164,159,162,162,161,164,171,190,204,199,183,179,172,167,163,160,159,156,154,154,153,156,159,176,197,182,169,167,165,165,163,162,162,160,161,161,160,160,163,162,160,161,160,160,160
165,161,158,153,150,151,156,163,171,180,186,185,174,166,156,144,137,140,150,162,164,162,160,161,164,162,165,167,167,165,164,164,163,165,166,168,166,168,169,175,183,192,201,199,185,179,175,167,159,166,170,172,173,173,182,191,196,192,185,182,181,180,177,175,176,179,179,178,176,176,179,186,185,184,182,184,184,185,182,181,183,189,193,197,198,203,199,196,192,194,195,193,197,198,197,196,194,197,195,195,201,206,205,205,204,203,209,210,209,209,213,214,215,221,219,219,219,221,215,212,201,189,184,181,182,183,188,196,201,204,201,190,184,184,178,179,171,172,174,171,172,172,176,175,176,176,186,201,211,202,185,179,175,170,166,161,159,160,159,161,162,171,190,202,199,182,177,171,165,163,163,158,153,153,153,154,156,162,178,197,174,166,165,164,161,162,161,161,159,160,160,159,160,158,160,161,161,161,161,159
164,160,157,152,149,149,154,163,170,179,186,187,176,168,156,142,135,137,146,160,163,160,160,161,163,162,166,167,168,164,164,165,164,162,165,167,167,167,168,174,183,194,200,197,184,177,173,163,156,161,169,172,173,175,182,192,196,191,182,180,178,178,176,173,173,175,176,175,176,178,182,184,182,179,179,182,183,182,180,179,182,191,194,198,201,203,200,194,190,192,193,196,193,191,198,195,193,193,198,197,200,202,203,205,204,206,207,205,208,207,209,211,214,217,220,221,220,223,220,218,213,202,189,179,177,179,183,192,200,204,200,188,184,180,177,174,173,171,171,170,172,172,173,176,176,177,184,200,211,201,184,179,175,171,165,163,161,162,161,163,162,175,188,201,197,181,171,168,166,163,159,154,152,153,155,152,157,167,185,188,174,168,164,162,159,162,160,159,160,158,159,159,159,160,160,160,160,158,161,158
163,159,155,151,149,150,156,163,172,177,181,187,180,168,155,143,135,135,143,157,161,160,160,161,160,160,165,167,167,164,165,165,163,162,164,165,166,168,169,175,184,195,201,196,184,177,171,161,153,162,167,171,172,175,184,193,194,186,181,179,180,177,175,174,175,175,175,176,176,177,182,180,177,178,179,181,180,180,178,181,186,196,197,199,201,201,195,193,191,193,194,195,192,190,189,196,199,198,204,203,202,202,202,204,206,205,204,201,204,204,207,208,213,215,219,217,217,222,222,222,218,207,194,184,176,176,179,185,198,205,198,186,181,181,176,175,172,170,170,172,172,172,173,175,175,176,188,202,212,201,182,179,174,169,165,163,162,161,161,162,164,177,191,201,197,181,170,169,167,163,158,154,152,152,153,153,159,169,193,181,171,165,162,161,159,160,158,158,160,158,158,159,158,162,161,162,160,158,159,158
164,158,154,150,148,149,154,162,169,176,181,186,179,168,155,143,135,132,140,153,160,160,159,160,159,159,164,166,165,164,165,164,161,160,164,166,166,169,171,175,185,195,201,193,182,176,171,157,152,160,165,170,172,177,185,194,190,183,180,179,177,173,170,170,172,174,174,176,176,179,173,172,171,173,173,177,178,178,180,185,194,198,197,198,199,197,191,188,188,191,193,193,192,195,197,201,204,202,205,203,201,201,200,202,203,201,206,205,206,207,206,210,210,211,216,214,217,220,222,222,223,216,203,191,182,179,182,184,197,202,199,190,187,181,179,176,170,169,169,167,171,172,173,174,174,176,186,201,212,201,183,179,174,169,166,163,162,160,160,163,166,175,191,201,196,181,172,169,166,162,157,154,153,152,153,153,164,179,194,178,169,164,160,161,159,158,158,158,160,159,158,157,158,160,159,160,158,158,161,160
164,159,154,149,147,147,153,160,168,173,180,185,181,166,153,144,133,130,138,150,159,162,160,160,160,160,163,164,164,163,165,161,156,158,161,165,166,169,170,177,186,196,200,191,179,175,171,155,152,159,163,170,176,178,189,192,184,181,180,178,175,171,167,169,174,174,176,174,172,174,173,170,170,169,174,173,175,177,183,187,190,198,201,200,199,196,190,186,186,188,194,192,195,197,203,206,207,201,201,199,201,200,194,197,197,196,196,201,205,206,207,208,210,209,213,215,217,219,220,219,221,222,213,201,186,180,184,186,196,204,204,195,182,179,179,176,171,168,169,167,167,172,173,173,176,178,192,205,213,200,182,175,172,169,166,165,163,161,162,164,169,177,193,201,196,185,172,170,168,163,157,153,152,151,154,155,165,185,192,172,167,162,159,158,158,157,155,157,158,157,158,158,157,159,159,159,159,159,159,158
164,159,154,148,147,146,150,157,165,171,178,185,182,164,155,143,132,129,137,148,158,163,160,160,160,160,162,164,165,165,163,159,155,158,161,164,165,168,170,177,185,196,198,188,174,171,168,153,151,160,166,171,178,182,191,193,185,183,179,176,169,167,163,169,170,170,174,173,171,173,173,171,171,173,176,174,177,182,186,193,199,203,200,197,196,191,186,185,185,186,190,193,194,196,194,194,196,193,190,179,176,179,177,174,173,174,172,173,176,177,177,178,188,192,197,203,210,212,211,218,219,222,219,213,190,179,183,186,195,204,207,198,187,179,178,179,175,171,168,166,167,169,172,174,180,183,194,206,212,198,183,174,171,169,166,165,161,161,161,163,169,176,190,198,196,184,172,169,167,162,155,153,153,150,152,154,169,192,184,172,166,161,159,158,156,155,155,156,155,159,156,157,158,159,159,158,158,160,158,157
165,159,154,148,146,146,148,157,162,170,178,185,183,164,154,141,131,129,137,146,157,162,160,159,159,159,162,165,167,165,160,156,154,157,161,164,165,169,173,176,186,198,199,186,174,169,164,150,150,158,164,171,178,182,193,193,187,185,177,171,164,162,164,167,171,172,170,168,171,172,173,168,170,173,176,176,181,186,191,198,202,202,196,191,193,189,187,189,186,185,184,184,185,184,175,166,161,165,161,167,171,181,177,183,182,189,186,187,188,185,190,179,180,171,169,172,170,175,185,196,205,211,219,216,207,185,182,184,195,202,208,200,194,183,180,178,175,172,170,165,164,170,172,174,177,185,192,208,214,197,182,174,172,167,166,165,162,160,161,167,171,182,192,197,196,183,172,167,164,161,154,151,150,150,151,155,175,193,177,170,163,161,160,157,156,155,154,154,154,154,155,156,157,158,157,158,158,159,161,159
167,160,152,147,145,146,147,154,160,168,177,186,184,165,154,141,131,127,136,145,155,160,159,158,157,159,163,166,168,163,158,155,155,159,162,164,166,170,173,176,187,196,198,186,173,169,162,147,147,157,162,172,176,185,193,191,183,181,174,164,163,163,166,168,169,170,167,166,170,170,171,169,171,171,176,179,184,189,194,196,199,200,196,191,190,183,179,181,178,177,169,165,163,170,173,184,186,197,202,203,209,205,207,207,204,213,205,209,207,212,214,205,215,207,209,212,204,196,186,174,176,184,204,210,210,193,186,182,193,202,206,207,198,189,181,180,177,173,171,167,164,166,169,176,178,184,196,212,213,198,183,176,171,166,165,166,163,159,164,168,171,183,194,198,195,184,171,168,164,162,155,152,151,152,152,160,180,190,174,171,163,158,158,157,154,154,154,154,155,155,156,157,157,157,158,158,158,159,159,159
167,159,153,148,146,144,147,152,159,165,174,184,185,164,154,140,131,127,132,143,152,158,159,157,157,160,163,166,168,161,156,154,155,159,161,162,167,170,174,179,188,195,195,184,173,166,158,147,149,156,166,173,180,190,193,190,183,177,171,165,162,164,164,166,169,169,168,170,171,170,168,171,172,173,180,183,188,195,198,200,199,194,190,185,183,179,172,168,165,170,184,191,202,200,209,201,210,203,211,206,211,204,211,205,208,209,207,214,207,210,212,207,217,212,215,220,219,215,219,213,211,191,176,175,197,198,195,184,192,196,206,206,200,190,177,177,176,172,170,170,165,167,171,174,178,183,196,212,213,200,183,174,170,166,166,164,162,160,161,166,174,180,192,199,198,184,172,166,163,158,154,150,152,152,154,162,188,186,173,169,163,158,155,156,153,156,154,153,155,156,156,158,156,157,156,156,158,158,157,156
167,159,153,147,145,142,147,152,158,165,173,183,185,165,152,140,130,126,129,140,150,157,158,156,157,158,164,165,167,160,154,153,155,159,161,163,168,171,174,179,188,194,193,183,170,163,155,143,144,156,164,170,177,187,192,191,183,172,170,165,160,159,161,167,170,168,170,173,173,173,173,175,176,181,189,195,195,199,200,199,198,187,180,172,164,162,178,187,202,202,206,201,205,204,206,206,205,206,207,209,208,201,212,205,210,209,205,209,204,210,209,207,220,216,214,221,220,218,216,217,220,219,217,209,184,171,179,184,192,194,204,202,204,194,182,180,179,171,170,166,166,167,169,171,177,184,196,214,212,200,183,172,170,166,166,168,162,162,162,172,176,183,191,199,199,185,172,166,162,157,155,150,151,153,155,165,194,179,170,165,160,158,156,154,153,154,152,155,156,156,155,156,156,156,156,156,158,157,157,157
168,159,151,147,143,142,146,151,157,163,171,180,185,167,154,141,129,126,128,139,149,153,156,156,156,159,162,164,162,158,155,153,157,159,161,164,168,170,174,180,188,197,191,176,168,161,153,143,148,157,164,174,181,186,191,186,180,169,165,161,157,158,163,166,166,166,168,174,171,173,177,178,183,187,195,199,200,197,195,196,186,167,161,174,187,199,199,204,201,204,200,205,202,207,204,211,203,208,205,210,202,201,205,205,206,205,199,204,200,208,208,209,215,219,214,218,220,222,217,218,220,219,220,219,217,204,181,163,177,187,199,191,200,198,185,179,176,171,168,168,164,165,166,170,176,184,196,213,214,198,184,174,170,166,165,168,165,160,161,172,181,185,191,197,200,186,169,166,161,156,154,149,151,152,155,175,192,174,168,164,160,156,154,154,153,153,152,155,155,155,155,155,155,155,157,157,157,158,158,157
166,159,153,147,143,142,145,148,154,161,167,177,184,167,154,142,130,125,128,138,148,152,156,156,156,160,163,163,160,156,154,156,158,159,161,165,169,170,174,180,189,198,192,176,167,160,151,143,149,156,166,176,185,191,191,185,178,168,161,156,157,158,161,162,162,165,170,172,171,174,178,181,185,193,197,199,197,190,182,163,160,180,198,200,202,199,202,201,204,202,203,197,202,203,204,201,204,202,203,204,197,198,200,204,204,203,199,204,200,204,211,207,210,219,215,215,215,218,218,217,215,218,214,217,218,215,213,206,177,163,188,187,198,198,187,183,179,175,168,170,166,165,167,171,177,182,196,214,215,197,184,176,168,165,166,168,165,160,162,171,183,187,191,197,198,184,170,167,161,155,154,149,150,151,161,185,188,172,168,162,159,154,154,153,153,152,154,155,155,155,156,155,155,155,155,156,157,159,159,159
165,159,152,147,143,142,145,149,155,158,167,176,183,168,153,138,128,124,127,136,148,153,155,156,155,159,160,159,157,154,154,157,157,160,163,167,168,170,172,180,190,197,190,174,167,158,149,143,149,156,167,177,187,191,189,184,176,164,158,153,155,159,160,162,162,167,174,174,174,176,180,186,190,196,198,194,183,163,162,178,200,203,202,202,202,202,198,204,201,201,198,201,199,200,197,198,204,199,203,196,199,194,200,204,201,199,199,205,199,200,211,206,210,219,216,218,215,215,214,216,213,215,214,213,214,217,216,213,214,197,167,171,185,191,187,182,179,175,170,168,167,164,166,171,178,183,196,214,216,196,184,174,166,164,166,169,167,162,162,172,181,189,191,199,199,184,169,166,159,155,152,149,151,151,162,189,182,171,165,162,157,156,153,153,151,151,153,154,153,154,155,155,154,154,155,156,156,158,159,160
167,159,153,149,143,141,143,146,152,157,166,175,183,171,153,139,128,124,125,134,144,150,153,154,154,155,156,157,155,153,157,157,159,160,163,166,167,170,171,180,192,195,187,172,163,153,148,143,148,157,167,179,187,192,187,181,171,164,156,152,152,158,159,163,165,169,177,178,177,180,184,191,194,196,190,171,159,176,196,200,203,204,202,202,201,201,201,197,201,199,199,199,199,199,198,202,199,201,193,194,194,187,187,200,190,183,183,184,179,183,191,192,203,211,213,216,215,214,213,213,216,213,208,212,212,211,211,215,216,215,210,175,164,185,190,184,179,173,169,169,166,164,167,173,175,184,197,213,215,195,182,174,168,166,166,172,172,164,162,170,180,189,193,199,197,186,170,167,159,155,153,149,153,153,171,191,176,169,164,161,157,155,153,151,151,150,152,151,154,153,153,154,154,154,155,157,156,157,158,157
165,159,154,149,143,141,142,145,150,155,164,172,180,173,154,139,127,124,125,132,143,149,151,153,153,154,155,156,154,153,156,157,158,159,164,168,168,169,172,183,192,193,184,169,158,151,146,141,148,158,169,179,186,192,187,182,168,162,154,151,153,158,160,164,166,171,179,181,180,185,193,196,192,182,159,177,194,202,202,199,199,202,202,200,199,198,196,196,197,196,196,196,197,197,197,195,189,192,172,158,139,113,109,85,100,60,51,49,43,42,52,61,81,116,141,181,203,211,214,213,214,211,208,206,206,213,210,212,213,215,216,212,183,158,182,184,181,174,168,166,164,165,165,171,174,188,198,213,214,195,182,174,168,165,165,170,174,165,166,172,179,188,193,197,199,187,170,167,159,155,151,148,154,159,177,189,173,166,162,160,157,154,153,152,153,153,151,152,152,153,153,152,153,154,155,156,155,156,155,155
164,159,154,150,144,142,142,148,151,153,160,169,180,174,155,140,127,122,122,129,139,148,152,154,153,154,155,154,154,155,157,157,159,160,164,167,169,171,176,187,193,193,182,166,156,148,143,140,150,160,170,180,187,190,185,178,167,163,153,151,151,157,161,167,171,178,181,177,183,191,195,190,168,160,188,199,200,201,200,198,195,199,199,196,195,193,193,193,193,195,192,191,186,171,148,110,102,80,56,30,75,83,62,72,85,55,44,47,28,31,59,55,41,42,24,30,62,110,170,202,211,210,205,206,205,207,208,210,211,210,216,216,211,191,162,176,179,177,171,167,164,164,164,172,175,187,203,214,214,195,181,176,167,166,169,174,177,170,168,172,183,187,191,199,199,184,169,163,158,154,150,151,153,163,188,183,171,167,161,159,157,154,152,151,152,153,152,152,153,153,152,152,152,153,155,155,155,156,155,154
163,159,153,150,143,141,142,149,151,154,156,166,177,177,156,141,127,123,123,129,139,148,152,153,153,154,154,153,154,155,157,157,157,160,163,166,168,171,177,186,193,193,181,165,156,147,142,141,151,160,169,181,187,187,183,174,166,160,151,148,153,158,163,165,173,178,179,176,187,191,184,160,170,196,199,201,200,200,197,194,193,195,194,194,192,191,190,192,189,178,154,109,73,66,75,76,80,60,58,61,104,78,73,91,97,103,77,73,49,81,73,58,42,52,39,34,33,28,31,76,130,186,204,205,206,206,207,206,207,208,213,215,214,213,192,158,173,177,171,163,163,164,163,171,175,183,205,215,214,192,179,175,167,165,166,174,180,174,171,174,178,188,194,199,197,184,169,163,158,154,150,152,154,168,195,177,170,166,161,157,156,153,153,152,153,154,152,153,152,153,153,151,150,152,154,154,155,157,155,154
163,159,155,149,144,142,144,149,151,153,156,164,176,181,160,143,128,123,123,126,137,146,153,153,153,153,153,153,154,154,155,157,158,160,164,166,167,169,175,186,191,190,179,163,153,146,143,141,147,158,171,180,187,186,181,172,165,155,149,147,155,161,163,169,175,178,178,181,191,176,155,180,197,201,202,202,197,196,194,193,193,191,193,192,189,189,180,155,103,67,66,48,61,77,90,83,77,85,95,78,72,58,60,91,111,114,81,84,92,80,94,85,89,68,44,43,44,44,40,35,30,45,101,161,191,202,200,200,201,204,208,211,214,216,211,187,157,170,174,165,159,163,164,171,175,180,196,216,212,191,178,174,166,165,168,173,179,175,172,180,178,186,192,201,201,186,172,164,158,154,150,149,154,174,193,175,168,166,160,157,155,153,152,152,152,152,152,151,152,151,152,152,151,152,154,154,154,155,154,154
162,158,156,149,145,143,145,147,152,152,156,162,175,182,163,146,129,122,122,125,134,145,152,153,153,154,153,153,154,154,156,157,159,161,164,164,166,170,178,187,191,187,173,159,150,145,142,140,149,161,171,179,185,184,180,171,162,154,146,148,160,163,166,175,177,179,179,186,169,159,184,196,199,202,200,200,197,192,192,191,190,194,190,184,174,132,78,39,51,90,85,56,53,88,68,67,66,92,89,64,57,57,62,99,115,90,83,103,93,71,95,78,110,103,97,77,43,44,39,42,43,39,54,31,76,160,194,200,199,198,200,204,207,212,213,207,181,155,167,168,159,159,166,171,176,179,194,217,213,192,176,173,169,166,169,175,178,177,176,182,178,184,191,201,198,186,171,164,157,152,151,150,156,182,187,172,168,166,160,158,155,153,153,151,152,150,152,151,150,151,151,152,151,153,154,154,154,154,154,155
161,158,155,148,144,142,143,148,150,150,155,160,173,183,168,148,130,122,122,125,133,144,150,152,154,154,152,153,155,155,156,157,159,161,164,164,166,172,180,188,193,186,172,159,150,143,141,141,149,161,172,183,186,184,179,171,161,150,143,154,159,162,171,178,180,181,183,168,166,192,195,203,201,199,198,198,193,192,193,194,189,186,171,130,64,45,67,63,90,89,64,89,57,99,116,124,96,91,53,73,81,78,61,58,73,94,80,89,60,101,74,94,90,88,98,126,107,102,80,62,59,55,56,51,33,33,94,174,199,197,198,202,204,207,212,210,199,177,153,167,163,158,163,168,173,176,190,212,214,193,176,171,167,165,171,177,174,177,178,182,182,187,192,197,198,186,171,163,155,153,150,153,162,190,182,172,167,164,161,156,154,153,152,153,152,149,149,152,149,150,151,152,151,154,152,153,153,154,154,154
160,159,155,150,145,141,143,149,149,149,153,154,167,180,171,150,133,123,122,123,132,142,149,149,153,152,151,153,155,155,156,158,160,162,163,164,167,175,183,190,192,185,171,158,148,142,141,141,151,161,171,183,186,186,180,168,159,147,145,159,162,164,170,176,178,179,162,171,192,199,198,199,198,196,197,192,190,190,192,192,176,129,69,66,48,62,79,79,88,101,109,97,94,127,103,124,104,57,81,51,50,69,59,52,49,63,48,62,34,75,92,95,90,81,100,117,101,92,77,102,77,80,85,66,45,39,34,53,138,189,196,198,199,204,207,211,211,194,172,149,159,157,159,167,170,173,183,212,212,194,176,169,166,166,170,180,176,175,177,182,183,188,193,196,197,185,172,163,156,152,148,152,170,193,180,170,167,162,159,156,155,153,152,151,154,151,150,150,148,150,151,151,152,153,151,151,152,154,153,154
159,158,155,150,144,141,142,149,149,149,152,152,162,176,173,152,135,123,122,122,129,141,146,148,150,151,153,153,154,154,155,158,160,162,164,164,169,174,184,189,189,182,170,156,146,141,140,143,153,162,168,180,185,183,175,160,150,144,148,159,164,168,172,176,177,158,173,195,199,200,196,199,195,194,192,191,187,190,183,144,81,52,56,57,96,43,92,98,122,120,103,85,71,115,96,91,69,82,41,31,56,77,80,46,48,63,43,54,47,59,64,99,77,48,55,54,89,57,77,116,133,122,101,79,54,50,43,35,33,92,175,191,192,197,200,205,213,210,188,162,149,154,154,163,170,172,181,210,213,193,176,169,166,165,170,181,177,173,173,180,184,189,196,197,196,185,171,163,154,151,149,153,178,190,174,171,167,161,158,156,155,152,153,152,152,151,149,147,149,150,151,152,151,151,152,152,152,151,153,154
159,156,154,150,144,141,143,148,148,150,152,152,160,173,176,154,137,124,121,122,129,138,145,147,150,151,153,153,154,154,155,157,161,163,164,164,170,175,184,186,186,181,169,157,145,140,139,144,155,164,169,181,186,180,167,155,147,146,151,163,163,168,174,175,160,173,194,196,201,196,197,193,193,191,190,191,187,162,89,55,58,55,52,62,100,62,111,125,115,82,93,113,72,102,100,64,36,70,74,83,76,74,57,39,57,86,46,67,63,58,81,100,60,53,56,57,60,77,72,102,133,139,129,104,68,57,61,50,40,34,67,164,186,189,193,196,207,212,207,182,153,151,153,160,164,169,175,211,211,193,176,169,164,164,174,181,179,172,173,179,185,191,196,198,196,187,171,162,154,150,148,154,185,186,172,171,169,161,158,158,154,151,154,152,154,150,148,146,151,151,154,152,153,150,152,151,151,152,155,157
158,155,154,151,144,141,143,147,148,150,150,152,159,171,177,156,137,123,121,121,128,137,145,147,148,149,151,151,154,155,155,159,161,163,164,166,172,179,185,185,185,177,169,156,144,139,139,146,157,162,173,184,187,176,164,154,146,147,156,165,167,173,170,158,172,194,196,198,199,194,192,190,189,189,189,180,119,58,55,56,66,54,48,102,87,92,130,147,106,64,129,70,112,95,85,66,53,72,81,54,76,49,60,57,61,101,80,62,46,76,90,59,80,80,97,83,62,89,73,77,120,132,150,139,119,80,80,50,60,44,36,56,154,182,189,193,197,207,210,205,175,147,153,160,160,162,174,207,210,195,177,171,163,164,177,180,184,175,172,176,185,194,197,197,195,189,173,164,153,150,148,167,191,182,172,171,169,163,159,156,154,152,152,152,153,150,147,148,150,152,154,154,152,152,150,150,152,153,157,160
157,155,155,152,145,143,144,146,148,150,149,149,155,166,177,159,138,123,120,121,125,134,143,145,148,149,151,152,154,155,156,160,163,164,166,168,173,179,184,183,183,177,168,155,144,138,140,149,158,166,173,184,182,174,162,152,145,151,158,164,168,170,157,174,191,194,197,198,196,191,190,190,189,187,155,79,51,54,53,51,62,104,111,110,93,108,123,122,88,111,109,115,75,62,55,59,56,73,68,52,85,63,59,66,58,75,55,72,65,48,71,52,69,82,82,107,89,74,86,85,94,136,78,115,97,120,111,73,82,62,55,36,58,156,183,193,193,201,209,208,199,161,144,155,159,159,173,206,210,194,179,172,163,165,177,179,182,177,173,177,184,194,195,198,193,192,174,166,154,151,148,173,190,180,177,172,168,164,160,157,155,155,153,152,151,149,148,147,149,152,154,153,152,152,151,150,152,155,160,159
155,154,154,150,144,143,144,147,148,149,149,149,153,161,176,163,140,126,119,119,125,133,142,143,146,149,151,152,154,156,158,161,164,165,167,170,174,180,182,182,180,177,168,155,143,138,139,152,160,169,175,184,179,173,163,152,149,154,158,165,168,159,176,191,195,197,196,195,193,189,188,188,177,125,53,53,53,52,50,79,78,102,98,105,115,101,123,89,103,103,113,86,78,92,63,82,37,79,56,36,72,101,55,49,62,55,41,57,56,62,56,72,57,63,63,94,83,77,77,62,86,114,112,77,95,130,125,102,118,81,79,50,35,63,154,181,188,194,205,206,205,191,151,153,158,158,172,204,212,187,179,173,165,166,176,180,180,174,172,182,182,194,195,197,194,192,174,165,155,150,148,181,190,178,173,172,170,165,162,160,158,157,156,153,150,149,148,146,149,154,153,152,151,151,151,151,153,158,160,158
154,154,154,150,143,142,144,147,148,148,147,147,147,155,174,168,142,125,120,119,123,134,141,142,144,148,152,153,154,155,158,163,165,166,168,170,176,181,182,179,178,174,166,154,142,136,139,153,161,166,177,180,179,171,160,150,153,155,160,166,155,171,192,194,196,195,192,193,192,185,182,169,98,50,53,53,53,55,76,81,81,59,80,86,100,85,101,98,83,90,81,96,51,66,65,68,37,73,64,40,58,79,76,47,62,54,38,57,80,60,47,77,58,67,74,74,76,82,72,84,120,88,104,92,107,104,114,134,120,123,80,67,50,43,68,160,183,186,195,205,206,206,177,142,157,158,171,201,212,192,181,173,166,169,178,179,178,174,174,180,185,193,194,195,195,193,176,163,152,150,152,189,189,177,172,172,169,167,163,161,159,159,156,154,150,147,150,149,150,155,152,151,151,152,152,156,159,160,162,157
154,153,153,149,144,142,144,147,146,145,144,145,145,153,166,171,145,127,120,118,123,133,139,141,143,148,151,154,155,156,160,164,165,167,169,172,177,180,177,174,174,173,168,153,141,135,141,155,162,167,174,180,181,171,157,150,154,156,161,160,158,191,193,194,194,192,190,189,186,183,161,83,52,53,72,64,58,66,80,94,89,82,101,125,110,82,83,89,91,68,75,78,55,49,46,77,44,78,58,56,43,77,66,66,72,64,52,44,106,57,51,80,80,63,82,70,78,63,70,84,108,75,79,73,95,106,89,142,132,132,86,67,67,49,38,84,170,186,188,195,204,208,198,156,146,154,169,198,214,189,180,175,168,171,177,179,174,175,178,180,185,192,193,194,193,193,175,161,154,148,165,191,185,175,171,174,170,167,164,165,161,160,155,152,148,147,149,149,151,153,152,152,152,154,157,160,162,163,160,159
153,153,154,149,144,142,144,148,146,143,141,142,145,148,163,174,150,129,121,119,124,132,138,140,143,147,150,154,154,156,160,164,164,166,171,176,180,180,174,171,172,172,165,151,139,134,144,155,163,167,174,178,181,168,157,151,153,158,160,153,183,191,194,192,191,187,186,187,185,156,72,51,51,53,68,39,54,78,87,81,101,109,86,92,91,106,96,65,99,88,70,62,47,41,53,80,55,70,63,75,58,60,68,68,48,59,50,45,104,64,57,89,76,38,64,74,86,62,88,73,89,101,66,86,123,89,87,122,151,132,127,77,70,70,48,42,109,174,189,191,198,207,207,180,140,153,164,196,217,188,178,175,170,171,178,180,173,177,179,181,185,189,190,193,193,190,176,157,152,149,182,193,186,176,170,174,171,167,165,167,164,159,153,153,149,148,148,148,152,154,155,152,153,158,162,163,166,164,161,159
152,152,153,148,145,142,144,149,147,141,141,142,143,146,158,175,152,131,121,118,123,131,136,140,142,146,151,151,155,154,159,162,164,165,171,176,180,177,170,168,171,173,165,148,136,135,147,159,165,168,174,178,180,167,155,152,152,158,150,176,191,194,194,190,189,186,185,184,159,70,51,50,45,48,67,66,31,61,64,68,120,82,93,58,79,102,95,75,79,68,83,65,65,65,46,60,55,70,59,65,68,65,60,58,50,53,53,62,82,53,50,53,71,44,49,66,58,61,92,74,65,80,83,89,80,91,96,119,132,125,156,106,86,71,69,50,48,142,185,188,192,203,209,199,149,144,155,196,217,189,177,173,172,172,178,180,176,178,181,181,186,188,188,190,192,194,174,156,151,154,191,188,185,174,173,173,170,166,168,169,167,156,153,152,150,147,148,147,155,157,157,156,155,161,166,168,169,163,159,153
151,150,151,148,144,141,144,146,145,141,140,141,141,144,150,172,156,132,122,117,123,129,136,140,142,145,151,150,154,156,160,162,164,165,172,177,180,170,164,165,172,173,162,144,135,136,148,157,166,167,173,177,180,167,153,154,154,153,159,190,192,192,190,188,185,186,183,159,72,54,51,45,44,51,57,81,52,81,82,78,113,84,91,58,74,113,47,64,79,58,62,56,48,68,43,44,49,78,69,78,63,83,52,62,57,58,52,60,55,59,45,49,48,55,57,53,47,61,81,59,83,78,94,92,98,114,104,114,124,122,138,112,102,73,71,65,51,73,166,185,187,198,206,209,169,139,158,189,217,193,175,172,177,172,171,175,177,181,182,180,185,187,188,191,193,191,170,155,150,165,195,187,181,176,176,174,168,165,171,174,168,157,153,151,148,149,149,152,158,157,156,155,160,174,174,174,164,153,146,144
150,150,150,146,143,141,142,143,142,141,140,140,140,141,146,168,158,136,121,116,122,128,135,139,142,145,149,151,154,157,159,162,163,165,174,179,176,166,162,162,171,172,160,143,135,138,150,158,164,166,168,176,180,165,151,152,149,148,187,192,194,191,187,186,184,183,162,68,52,51,46,52,61,62,44,61,78,90,105,94,97,83,79,45,52,97,68,75,69,53,57,53,56,60,45,39,40,67,76,63,73,82,61,62,67,70,65,54,58,58,48,40,63,70,61,46,50,49,71,61,103,80,80,88,118,105,97,127,112,119,143,138,118,88,73,78,60,50,122,179,185,196,205,211,189,143,153,178,217,200,172,173,183,171,169,171,175,180,182,182,184,187,188,189,193,192,167,153,151,175,193,186,182,178,183,178,167,162,174,177,168,161,155,149,153,151,151,153,159,159,159,164,172,177,168,157,149,151,151,152
149,149,147,145,143,141,141,141,141,141,140,140,139,140,145,162,164,140,122,117,121,128,133,137,141,144,148,150,154,157,161,162,164,167,175,178,167,158,159,161,169,171,161,143,137,140,151,159,165,164,167,178,178,162,149,150,142,173,189,191,192,188,185,185,184,166,72,49,50,47,53,60,69,66,101,84,109,113,137,113,100,84,99,87,84,84,65,71,58,72,48,61,58,65,57,56,59,64,67,62,72,73,87,74,64,62,68,52,51,59,53,56,67,69,56,62,54,55,63,88,82,107,67,87,100,121,84,109,115,115,138,149,138,126,90,78,79,59,68,165,183,190,204,209,204,162,139,169,212,204,176,172,187,170,169,170,177,180,181,182,184,186,188,189,192,188,166,155,155,186,190,188,182,181,185,183,168,165,179,177,169,164,157,158,157,147,146,151,161,165,170,176,174,169,167,168,166,169,172,175
147,147,146,144,142,142,141,139,139,139,139,138,138,138,143,154,167,142,123,117,119,127,133,136,140,142,147,151,155,158,160,161,164,167,175,172,161,156,159,161,170,172,159,144,137,143,153,159,165,164,170,179,172,160,147,145,150,188,190,190,188,185,184,187,174,88,50,50,49,71,69,72,79,58,119,125,135,121,108,105,104,77,109,58,91,84,78,65,43,64,56,67,51,60,61,66,67,70,57,64,63,64,76,76,72,70,63,62,62,54,58,68,80,81,75,84,73,59,78,82,78,94,59,74,127,82,105,129,115,74,129,155,150,152,82,75,80,70,56,127,181,182,197,210,206,178,135,166,202,208,181,184,182,167,169,169,178,179,180,180,184,186,186,188,192,182,162,155,164,189,188,189,182,182,184,183,171,174,185,180,175,168,160,154,148,145,149,157,167,176,179,177,176,176,176,179,181,182,183,188
146,146,144,143,142,140,140,139,139,139,139,136,136,138,141,149,168,143,124,118,118,126,132,135,139,142,147,152,155,158,159,161,163,167,174,166,157,157,159,162,168,170,157,143,139,147,154,158,162,163,173,180,169,157,146,138,180,190,191,188,182,181,186,182,114,47,54,55,57,53,73,62,65,112,127,128,125,99,66,84,98,93,96,62,83,62,83,83,54,41,58,56,49,60,62,77,60,68,59,66,58,72,78,77,73,62,64,68,76,62,70,86,88,91,84,87,76,64,64,84,84,79,62,102,107,87,128,117,126,130,137,138,129,156,99,73,104,84,60,78,173,180,191,205,206,192,149,151,193,204,182,190,175,167,169,171,174,178,179,181,184,186,186,189,190,173,158,157,179,187,187,190,185,183,184,183,175,179,182,181,175,166,158,147,145,147,156,174,179,175,177,178,178,177,180,186,185,187,188,191
146,144,144,143,141,140,140,138,138,138,137,136,136,136,138,148,167,146,125,118,118,126,132,136,139,142,147,151,156,157,159,159,161,167,175,161,154,156,159,162,170,170,154,141,140,149,154,158,161,163,176,181,168,157,141,160,189,190,188,184,182,183,183,139,47,53,56,58,59,56,75,81,114,115,125,115,128,78,85,84,83,85,114,95,70,69,64,78,50,60,53,62,64,72,63,70,62,68,74,65,71,78,71,75,78,75,83,82,77,84,82,86,92,95,96,96,87,81,88,80,76,73,79,89,117,77,122,123,115,139,138,153,134,150,115,119,115,92,72,55,150,182,185,199,203,200,165,137,179,194,186,185,172,169,170,172,172,177,178,180,181,188,184,189,187,163,158,162,196,179,189,189,184,182,188,184,181,182,185,179,171,159,152,148,155,171,184,180,176,178,179,179,181,184,186,191,191,193,195,197
146,145,143,143,142,141,141,138,137,139,138,136,136,135,136,146,166,148,126,119,119,126,131,136,140,143,147,151,155,157,158,158,161,166,175,157,154,155,159,162,169,168,154,141,139,149,154,158,160,162,176,178,164,155,135,180,187,187,185,183,183,183,169,66,50,58,57,53,51,71,82,118,136,131,122,109,137,96,99,69,83,95,100,74,70,60,69,66,61,48,56,56,63,71,75,73,67,66,74,72,73,72,71,78,82,80,81,93,84,91,82,86,86,80,79,77,79,77,76,87,74,55,68,64,75,75,125,95,92,97,135,137,140,135,83,115,111,122,86,56,112,175,185,196,202,197,173,136,170,186,194,174,172,171,169,170,172,174,175,178,181,186,186,189,180,160,160,177,193,173,190,189,180,180,185,183,183,186,174,164,157,157,163,171,179,180,178,176,178,181,183,185,186,189,193,195,195,195,197,198
145,144,143,143,141,140,140,137,137,138,137,135,136,135,135,144,165,148,128,120,120,125,131,136,142,144,148,150,155,156,157,158,162,167,170,154,153,155,160,162,167,165,153,141,141,150,153,158,161,166,178,174,160,140,151,184,186,186,181,180,180,178,103,50,60,57,57,53,41,47,62,138,129,96,89,83,126,126,80,38,48,82,105,89,71,44,43,46,74,65,60,60,64,70,75,71,75,73,78,72,75,76,82,86,82,78,90,92,88,89,78,78,79,80,79,74,78,76,95,87,67,61,54,67,52,83,98,67,75,78,105,106,127,135,104,92,121,131,113,86,75,168,188,192,200,198,178,138,160,183,189,174,171,172,171,168,171,174,175,177,181,184,187,189,170,160,163,193,179,175,190,190,182,184,184,184,182,166,161,158,162,168,174,175,175,175,178,180,183,185,188,192,192,193,196,199,197,198,200,201
148,146,144,143,140,141,141,137,136,137,137,135,134,135,136,143,163,150,128,120,121,124,132,138,143,145,147,151,155,156,157,158,162,168,167,152,151,154,159,163,164,162,152,140,143,150,152,157,162,168,175,170,154,132,175,184,185,183,179,178,179,148,50,52,61,56,55,59,64,63,94,147,96,89,88,104,121,112,105,61,38,69,59,94,78,44,44,50,56,65,69,60,62,68,75,73,73,72,66,72,74,77,83,78,85,84,82,79,78,76,73,76,78,80,86,71,70,77,85,83,73,70,65,60,82,57,73,53,68,87,65,61,111,126,113,80,115,150,114,96,72,159,185,191,198,196,179,139,156,184,186,169,172,175,172,169,171,172,177,173,181,185,186,186,164,163,170,197,174,175,187,188,184,186,186,180,169,166,171,168,172,173,173,177,178,183,183,186,190,192,192,195,197,198,199,201,201,201,201,203
150,148,145,144,141,141,141,138,136,138,137,135,134,134,136,142,162,150,127,121,121,126,132,139,145,146,148,152,155,155,155,157,161,171,163,150,150,152,159,160,160,160,151,140,143,149,152,158,164,168,173,164,145,145,183,185,182,179,177,177,171,81,50,60,60,56,58,63,66,107,133,118,128,112,65,99,97,79,109,85,45,49,64,96,56,47,46,54,62,62,73,67,63,68,71,74,75,75,74,74,74,79,80,82,82,75,80,77,73,76,74,72,74,76,77,75,69,75,75,76,75,75,70,82,51,43,56,70,79,104,52,74,106,108,96,97,104,138,156,161,120,153,182,192,191,190,180,143,155,182,182,173,174,174,169,169,171,172,178,172,182,182,185,176,159,162,180,192,175,182,187,186,185,189,182,171,169,166,169,171,171,175,180,181,184,187,191,192,192,196,196,198,200,199,203,203,203,203,205,207
156,152,150,147,144,143,143,139,135,138,139,136,135,134,135,141,162,151,129,121,122,128,134,141,146,148,150,154,155,153,152,156,162,170,161,148,148,150,156,158,158,158,151,144,145,149,152,158,167,169,170,160,133,165,183,183,181,177,177,176,130,43,55,60,57,55,55,63,112,127,113,123,126,108,95,106,111,65,56,81,83,69,47,51,60,67,58,60,65,72,72,70,64,68,70,74,77,75,76,74,69,80,75,77,76,73,71,79,75,74,70,68,65,65,66,69,71,74,75,72,73,74,77,76,65,53,77,85,95,81,86,81,116,127,112,117,131,137,134,140,110,147,183,185,187,187,180,147,155,179,178,176,169,170,171,172,170,170,174,176,181,179,184,170,160,164,193,184,181,185,185,182,185,180,169,167,171,172,172,174,174,179,183,189,189,191,194,193,197,199,199,200,202,201,204,205,206,206,208,207
175,170,165,160,155,153,152,142,138,140,140,139,137,135,136,142,159,154,132,121,122,127,137,145,148,149,152,154,154,152,152,156,163,170,157,146,145,150,154,155,156,156,152,144,145,148,153,160,169,168,164,150,134,178,182,181,179,175,175,166,69,46,61,57,53,59,99,126,123,124,114,130,107,90,82,74,108,73,39,24,27,42,37,45,61,64,65,63,63,74,78,74,68,65,67,65,73,72,68,65,68,65,65,63,66,65,72,74,61,71,63,62,62,62,66,67,76,75,77,65,70,69,83,89,69,69,72,75,73,78,61,108,113,114,90,125,100,91,121,136,126,148,173,182,185,184,178,149,154,177,184,177,166,170,172,172,170,171,171,178,180,177,182,166,160,178,187,184,184,179,179,179,173,169,168,171,173,174,175,181,179,185,188,193,192,193,196,197,199,201,202,203,204,204,205,209,209,210,211,213
183,183,182,180,177,172,169,164,151,143,144,144,144,143,141,145,158,158,136,124,124,130,138,146,147,150,152,156,155,150,151,156,162,169,154,145,142,147,153,154,155,155,151,146,144,147,152,160,167,164,158,139,147,178,179,178,178,174,167,139,34,51,59,56,65,86,105,107,103,89,93,102,86,68,115,86,73,96,69,28,27,36,42,48,56,55,60,61,61,73,78,74,67,70,69,67,61,58,52,68,55,54,56,57,60,62,61,59,57,63,54,56,73,69,74,70,77,74,74,67,69,64,72,77,63,86,75,105,101,77,51,83,84,57,61,119,87,87,108,74,118,118,146,184,181,182,175,142,154,179,187,172,167,169,172,172,172,171,177,171,178,178,173,163,171,186,179,171,168,172,168,168,167,172,173,174,177,179,183,185,184,189,191,195,196,196,198,199,201,202,205,207,208,209,211,213,213,214,214,216
186,185,184,183,182,182,182,182,179,176,167,158,148,145,145,148,157,159,138,126,126,133,142,148,149,150,152,155,153,150,150,154,160,168,154,142,140,146,152,154,154,153,151,145,143,146,152,160,164,158,152,128,164,176,177,176,175,174,167,86,36,57,58,52,83,103,79,96,97,83,115,114,87,63,103,103,76,63,87,64,43,56,50,52,58,56,60,65,70,71,69,65,59,69,75,68,57,54,46,60,51,42,48,48,38,56,55,54,44,51,52,53,54,55,58,63,65,73,74,73,78,67,82,85,75,81,67,69,89,61,63,59,63,70,62,63,74,104,80,81,91,112,129,154,181,179,168,132,158,181,186,179,168,167,171,173,173,173,173,170,175,178,169,174,180,169,164,163,165,165,165,167,171,172,175,177,181,182,184,186,187,190,194,196,198,199,201,203,206,206,207,210,211,214,215,215,216,216,217,217
189,188,187,185,185,184,183,183,182,181,181,180,178,173,164,159,159,159,141,130,129,135,143,149,150,151,154,156,151,147,149,152,157,165,154,139,137,144,151,153,154,152,150,146,144,146,152,160,164,157,146,126,170,174,171,173,172,172,152,44,39,58,58,64,75,104,40,107,88,60,121,97,72,43,59,110,93,81,65,31,38,38,46,55,63,59,66,69,68,66,64,60,55,67,65,77,75,78,80,82,81,78,65,68,66,61,58,51,49,60,57,59,66,56,49,61,84,71,73,78,73,73,79,78,75,74,66,73,83,77,82,48,55,65,43,58,61,80,66,77,64,98,116,136,179,174,165,127,162,180,187,183,164,167,171,174,174,175,172,175,178,177,173,177,170,166,163,163,164,167,170,171,173,177,179,182,183,185,187,189,192,193,197,200,201,203,205,208,211,211,214,214,215,216,216,218,217,218,218,217
190,190,189,188,188,187,186,186,185,184,183,183,182,181,180,177,172,165,150,140,136,138,142,146,150,152,155,156,149,147,148,150,155,163,153,139,137,144,150,153,153,151,149,146,145,146,149,155,158,152,140,132,171,172,170,171,170,168,112,36,36,60,56,67,95,75,46,91,110,60,91,87,55,49,53,77,77,70,57,21,17,40,49,55,62,65,66,64,67,63,69,68,71,77,79,84,85,84,86,91,91,88,85,86,87,85,85,86,89,88,86,83,78,75,71,65,78,62,65,76,81,79,82,84,79,79,75,74,74,85,70,40,49,65,65,42,32,57,37,60,77,81,72,100,152,176,164,122,165,182,185,184,167,168,173,175,176,174,173,171,171,175,174,167,164,164,164,166,167,169,173,175,176,180,181,184,186,187,191,192,194,198,201,204,207,209,209,212,215,215,216,217,218,218,219,219,218,219,219,220
193,193,191,191,190,190,190,189,188,187,186,186,184,183,181,182,178,177,172,165,157,149,150,145,150,152,153,153,149,148,148,149,153,159,150,138,138,144,150,154,153,152,148,146,146,146,150,152,156,151,134,135,170,169,168,170,170,163,73,38,37,61,56,58,126,76,65,80,79,58,70,58,80,58,60,50,50,44,46,41,31,43,53,58,63,67,67,66,67,71,78,81,87,83,82,84,87,91,96,103,99,102,106,103,105,101,96,96,97,95,99,99,95,94,85,78,69,75,71,69,78,85,90,93,89,85,82,85,72,86,67,48,48,47,40,38,47,63,53,57,45,86,70,75,135,161,150,133,170,187,177,177,173,174,176,180,177,165,158,162,167,161,162,160,164,167,168,170,170,172,175,178,179,181,184,187,190,191,193,193,197,201,205,208,211,213,215,215,216,217,218,219,219,218,219,219,220,220,220,219
195,195,194,194,194,193,192,193,193,195,192,190,189,187,186,184,182,182,181,177,175,170,164,159,152,152,152,151,150,148,149,149,152,158,150,140,140,146,149,152,151,150,148,147,146,147,150,151,154,148,129,144,169,167,167,168,169,155,48,39,39,62,53,86,82,68,62,66,82,44,52,55,51,30,63,27,46,37,45,37,38,38,55,61,68,70,68,67,69,83,82,84,83,84,84,88,89,95,102,106,102,112,123,107,117,109,106,114,112,108,109,110,110,113,112,105,93,90,85,83,79,80,85,85,89,85,85,95,79,82,64,51,41,43,29,35,73,64,46,67,62,56,78,85,85,105,142,156,185,185,174,171,174,175,181,177,166,161,160,160,163,161,164,166,170,169,172,174,173,175,179,180,182,185,188,192,193,193,196,200,203,207,210,213,216,215,216,217,217,218,219,219,219,219,220,219,221,220,221,220
198,197,197,197,198,197,195,195,194,194,193,193,191,190,188,186,186,184,184,183,179,177,176,173,170,165,155,153,152,150,150,151,151,156,149,143,142,145,147,149,149,148,149,148,146,147,150,152,152,147,124,145,167,165,165,167,169,141,38,41,42,61,67,81,82,72,65,46,65,43,48,58,50,35,48,48,31,47,45,57,46,44,54,63,72,68,74,74,73,83,80,84,83,83,82,88,86,91,101,97,99,110,111,100,105,111,114,120,113,107,110,112,109,107,109,116,121,109,103,87,85,86,89,93,90,90,88,88,71,67,56,51,55,41,30,27,31,59,31,43,52,38,72,91,96,127,143,171,191,177,170,170,172,179,169,163,157,159,161,162,166,166,168,168,172,174,174,177,178,179,182,182,187,187,191,194,198,200,203,205,208,211,214,214,216,217,217,218,218,219,219,220,221,220,221,221,222,221,221,221
200,199,199,200,199,198,196,196,197,196,197,196,194,193,193,191,189,187,186,185,185,183,180,176,176,173,170,167,163,160,155,154,153,153,150,146,146,146,149,148,147,148,149,149,145,147,150,152,152,147,124,141,164,164,164,166,168,121,39,41,48,58,82,63,82,40,51,60,61,41,36,37,59,58,44,29,28,34,38,43,40,43,52,62,69,71,76,75,74,78,75,76,76,80,79,84,87,85,100,95,98,100,100,93,91,103,105,109,110,109,108,110,107,106,103,102,105,125,125,111,103,95,96,93,91,83,80,71,65,60,41,58,62,38,17,20,27,38,40,40,33,46,38,56,64,102,144,178,165,153,153,163,166,160,160,159,163,164,166,166,170,169,170,174,175,175,179,178,180,181,185,186,188,190,195,198,202,204,206,210,211,212,213,216,216,217,218,218,219,219,220,220,220,221,222,222,221,221,221,221
203,203,202,201,201,200,200,200,200,199,199,199,198,196,196,195,194,192,192,191,189,188,187,184,181,179,177,175,173,170,170,166,159,154,151,149,149,148,150,149,148,148,150,153,148,146,147,150,152,147,128,132,161,163,163,164,165,118,37,42,45,66,71,51,35,64,46,48,69,49,33,37,39,64,37,36,44,38,35,34,47,46,56,65,69,74,77,75,72,66,63,66,67,77,73,81,86,82,87,94,96,94,97,85,86,92,107,105,107,106,102,106,100,101,87,95,94,97,113,126,119,109,100,94,90,85,73,71,55,47,51,41,47,25,22,24,39,26,42,50,46,27,29,44,55,103,128,157,155,157,160,158,163,161,164,166,166,169,169,170,170,173,174,175,177,179,181,182,183,186,187,191,191,194,200,202,207,210,209,211,213,214,214,216,217,218,218,219,219,221,220,221,221,222,222,221,222,222,222,222
205,205,204,203,204,204,203,202,202,201,203,202,201,200,199,199,198,195,193,192,192,191,189,188,187,186,184,181,179,177,175,174,173,173,170,161,157,153,152,151,150,151,155,158,151,144,142,147,153,148,136,122,160,163,163,164,165,126,36,47,47,78,72,26,30,45,61,44,31,56,24,27,46,38,37,20,33,45,37,38,48,52,62,62,62,68,70,67,63,56,61,60,61,70,77,75,82,82,84,89,92,94,91,73,76,84,99,94,101,97,92,98,92,94,94,93,87,79,86,100,120,120,107,97,92,79,75,76,68,53,37,25,31,20,23,23,35,37,42,72,56,34,28,63,58,69,129,161,157,158,162,161,163,166,168,169,170,171,172,173,174,176,177,179,182,182,185,185,187,189,192,195,197,201,203,205,208,211,212,212,214,215,215,217,219,219,220,220,219,221,221,221,222,222,222,222,221,222,222,223
207,207,207,206,206,206,205,205,206,205,205,204,203,202,200,199,201,200,199,197,197,196,193,191,190,189,189,185,184,182,182,180,178,177,175,175,172,170,168,162,157,156,158,158,150,142,140,145,155,153,141,116,149,159,159,161,163,139,43,59,76,65,72,22,48,22,44,52,41,74,38,24,56,37,48,46,33,45,36,38,38,49,52,58,57,56,53,47,49,46,58,58,60,72,82,79,80,81,73,81,84,90,90,74,76,87,88,86,92,87,86,95,88,94,95,89,88,80,78,81,90,104,111,107,98,80,74,70,65,49,34,36,31,29,28,23,32,40,48,61,59,60,75,43,30,55,102,160,171,162,164,165,167,169,170,172,173,174,176,178,178,180,181,182,185,185,187,188,191,193,195,198,201,203,204,207,210,212,214,214,216,216,219,218,219,220,220,220,221,223,222,222,222,222,221,222,222,222,222,222
209,209,209,208,208,209,209,208,208,206,206,206,206,205,205,205,204,203,202,201,200,199,197,196,195,194,193,191,190,187,186,184,183,182,180,179,179,176,175,177,174,169,163,158,151,144,143,142,149,158,149,130,119,155,159,161,162,153,74,49,87,95,83,14,36,40,48,56,50,60,36,38,66,36,46,51,26,31,30,37,36,42,47,47,42,34,31,31,37,44,56,55,54,66,86,67,67,60,68,70,71,75,80,76,70,76,78,72,77,77,78,91,81,86,90,83,87,83,70,72,71,72,90,101,97,95,83,74,59,42,43,47,38,34,30,30,41,57,64,55,45,38,50,45,36,49,82,120,161,167,167,169,171,172,172,174,176,177,178,181,180,183,185,185,188,188,190,192,194,196,197,200,202,203,205,206,211,212,214,214,215,217,218,218,220,220,220,220,221,222,221,221,222,222,222,221,222,222,222,223
210,210,210,210,210,209,209,209,209,210,209,209,208,208,208,207,207,206,205,205,204,203,202,200,199,197,198,197,194,192,191,189,188,187,185,185,183,181,177,179,177,176,176,171,170,166,161,160,156,152,152,146,131,115,136,155,162,160,134,63,75,75,64,42,24,45,57,59,44,61,48,82,61,34,48,43,37,30,43,49,45,38,34,32,27,23,29,38,50,38,45,46,45,47,69,68,64,53,52,53,59,62,66,64,63,66,62,69,71,67,75,73,76,74,81,85,89,78,80,65,45,48,56,73,82,81,78,72,51,49,48,46,32,28,45,39,31,30,52,63,47,48,58,71,55,54,76,109,159,167,169,170,173,175,175,179,179,180,181,184,183,185,187,189,189,190,194,194,195,196,199,200,202,204,204,206,210,212,213,213,215,217,217,218,220,220,220,220,221,221,221,222,221,222,222,222,222,222,222,223
212,212,211,212,212,211,211,211,211,211,211,211,211,211,210,210,209,209,208,208,207,206,205,204,202,201,201,200,199,197,195,194,193,193,191,189,188,186,184,183,181,180,178,176,175,174,174,173,171,172,168,163,157,146,138,127,125,140,158,131,74,51,45,43,22,29,30,48,34,40,85,73,54,53,50,42,41,31,45,58,59,50,44,40,41,36,37,39,41,45,48,36,46,35,47,60,55,65,69,51,61,72,74,63,54,57,58,60,61,65,61,61,68,70,71,80,77,68,73,64,56,33,30,43,54,54,52,47,33,43,48,47,32,43,51,25,26,26,35,58,42,50,46,62,61,50,54,93,135,157,173,170,176,178,178,181,182,184,185,186,187,188,190,190,192,193,194,195,197,198,200,200,202,205,204,206,209,210,212,214,214,216,216,218,219,220,220,221,220,221,222,222,221,222,222,222,223,223,223,223
213,213,212,213,213,213,213,213,212,212,212,212,212,212,211,211,210,210,209,210,210,209,209,208,206,205,203,204,203,202,200,197,197,195,196,194,195,191,190,188,185,186,183,182,182,180,178,177,173,173,173,171,171,171,169,164,163,163,166,162,139,55,42,25,40,22,34,37,38,29,74,55,76,55,55,55,34,27,38,45,56,60,60,64,67,63,59,58,60,65,67,59,59,51,53,60,57,67,54,43,56,73,78,62,65,64,55,53,58,73,58,63,58,65,62,66,68,66,65,53,50,50,33,22,25,29,40,46,36,50,50,44,37,44,49,43,50,50,58,64,69,58,48,60,72,48,36,66,114,169,160,171,178,181,183,184,187,187,189,188,190,191,191,193,193,194,196,197,197,198,200,202,202,204,205,206,208,210,212,212,215,216,217,218,220,220,220,220,221,221,221,222,222,223,223,223,223,223,223,222
214,213,214,214,214,214,214,214,214,213,213,213,213,214,213,213,213,212,211,213,212,212,212,210,209,210,208,209,207,205,206,204,202,202,199,198,196,196,194,192,191,190,190,187,186,187,186,185,183,182,180,179,176,174,174,174,173,170,167,164,135,74,31,32,43,34,36,42,35,16,90,53,59,74,67,50,37,28,41,34,46,66,67,74,81,82,77,71,71,72,66,65,73,64,62,61,59,59,55,48,51,56,60,59,59,65,66,62,64,61,59,59,57,56,53,59,64,66,69,71,66,65,62,54,49,45,47,47,54,51,47,33,68,88,48,55,60,51,54,48,44,39,53,78,57,36,49,37,113,152,174,181,183,185,185,187,189,191,191,192,192,194,193,194,194,196,196,197,198,198,201,201,201,204,205,205,208,210,211,212,214,216,217,218,219,220,220,221,221,221,221,222,223,222,222,222,223,222,224,223
214,214,214,214,215,215,214,215,215,214,214,215,215,215,215,214,214,214,214,214,214,213,213,212,211,211,212,211,210,208,207,205,206,204,202,203,201,201,200,197,195,193,193,192,191,191,190,188,187,184,183,182,182,180,178,179,176,174,172,168,119,79,45,37,29,28,36,45,40,44,60,52,65,79,46,49,52,33,25,43,40,54,69,74,74,87,81,76,75,73,70,70,78,75,75,73,74,70,66,63,60,64,69,70,72,74,74,71,66,66,66,60,63,66,66,68,74,75,77,82,86,83,80,79,79,72,68,55,47,43,37,25,63,62,89,36,45,79,45,61,41,62,61,48,44,40,59,40,76,127,167,174,178,180,188,189,191,191,192,192,194,194,195,195,197,197,198,197,198,198,200,201,202,203,205,205,206,209,211,213,215,215,217,218,219,220,220,221,221,222,222,222,222,222,222,222,223,223,223,222
215,215,215,215,216,215,215,215,215,216,216,216,216,216,215,214,214,214,215,215,214,214,214,213,214,214,213,213,213,212,210,210,208,209,208,207,204,202,203,202,199,198,196,196,195,192,192,192,192,191,188,186,185,184,182,182,180,176,176,173,94,64,57,40,36,29,42,45,50,45,39,47,51,70,63,49,40,41,61,34,32,36,56,69,60,87,88,85,83,76,76,79,79,85,85,86,83,81,75,70,67,69,77,82,88,88,90,82,77,73,74,71,77,82,83,88,88,89,92,96,104,95,90,93,95,76,83,44,39,42,40,37,59,72,57,54,51,47,33,61,54,52,57,70,46,38,58,46,33,71,133,186,188,188,190,191,192,192,193,193,195,194,196,196,196,199,197,198,198,199,200,201,202,202,203,205,205,209,210,212,215,215,216,218,219,220,221,221,222,222,222,223,222,222,222,222,222,223,223,223
216,216,216,216,216,216,216,217,216,216,216,216,216,216,216,217,216,216,216,216,216,215,215,215,215,214,215,214,213,213,213,213,212,212,211,210,209,207,206,206,203,202,201,200,199,198,196,196,196,194,193,191,189,188,186,185,185,178,182,139,70,56,44,47,35,25,31,38,42,61,52,30,48,89,42,39,46,38,69,53,33,26,37,59,52,70,89,89,81,80,82,81,85,87,90,88,88,83,78,77,68,74,83,90,98,100,96,92,91,89,87,90,92,91,99,99,99,102,103,106,103,92,101,106,109,77,77,44,33,51,45,58,61,68,72,58,41,40,55,60,74,69,69,109,51,30,64,55,35,80,165,188,189,189,190,192,193,193,194,195,196,196,196,196,197,197,198,198,199,199,201,201,202,204,204,205,205,208,209,212,213,216,217,217,219,220,221,220,221,222,222,222,222,222,223,222,222,223,222,223
216,216,216,216,217,217,217,217,217,217,217,217,216,217,217,217,217,217,217,217,216,217,216,216,216,215,215,215,214,214,213,214,214,213,213,212,211,210,209,208,208,206,204,203,203,202,201,200,199,198,196,195,193,191,190,189,188,185,184,139,49,47,36,30,33,29,42,40,49,63,61,30,45,71,35,46,50,53,67,76,37,21,28,45,48,64,84,92,93,89,83,84,83,87,91,89,88,82,81,81,73,83,92,99,104,105,104,98,98,96,99,106,106,103,101,102,101,111,107,101,94,102,116,113,104,71,52,58,27,46,63,81,62,72,71,56,59,39,53,55,91,85,71,88,84,51,47,49,44,76,166,189,190,191,192,193,194,195,195,196,197,196,197,197,198,198,197,199,198,198,201,201,202,203,203,203,206,208,209,212,213,214,216,218,218,220,220,220,221,222,222,222,222,222,223,222,222,223,222,223
217,218,218,218,218,218,217,218,217,218,218,218,219,218,218,219,218,218,218,218,217,217,217,217,217,216,216,216,215,215,215,215,214,214,214,213,213,211,211,211,210,209,209,208,207,205,204,203,202,202,200,198,197,195,192,192,192,186,183,128,49,53,41,28,31,31,47,50,54,46,41,62,43,67,55,43,62,61,78,63,38,33,30,46,45,46,65,75,87,95,90,87,86,84,87,87,84,80,82,83,81,90,94,109,111,109,108,102,102,103,104,107,107,107,104,104,103,103,103,104,116,126,117,100,86,58,55,50,33,71,66,83,40,94,88,64,60,67,54,69,89,77,52,77,84,42,40,41,60,67,129,190,192,193,193,195,195,196,196,196,197,197,197,196,197,198,197,197,199,199,201,202,203,203,203,205,206,208,209,213,213,214,215,218,219,220,221,221,221,222,222,222,221,222,222,223,222,223,223,223
217,218,218,219,219,218,219,219,218,219,219,220,219,219,219,219,219,218,219,218,217,219,218,218,218,218,217,217,217,216,216,216,216,215,215,215,214,214,213,213,213,211,211,210,210,208,208,205,205,204,203,202,200,199,197,196,194,190,175,100,34,38,47,35,27,39,51,55,46,49,55,44,50,82,73,47,49,51,77,54,64,44,33,51,55,39,49,54,61,77,93,93,89,82,84,82,78,80,78,81,87,97,114,132,126,114,105,98,98,99,99,101,99,101,104,101,98,102,111,125,117,104,91,84,63,56,37,47,53,52,76,73,75,74,76,57,69,57,65,59,90,71,65,93,67,42,32,37,51,82,76,141,195,195,195,194,196,197,197,197,197,197,196,198,197,198,197,197,198,199,200,201,200,201,203,204,204,207,209,211,213,214,215,217,218,220,220,220,221,222,222,222,222,222,223,222,222,223,223,223
217,218,218,218,219,219,219,219,219,219,219,220,220,219,220,219,219,218,219,219,217,218,218,219,219,219,219,218,218,217,217,217,216,216,216,216,215,215,214,214,213,212,213,212,213,211,210,209,207,207,206,205,203,202,200,198,195,195,168,86,30,24,43,38,26,47,51,47,43,52,63,54,63,56,59,52,35,54,72,55,42,54,35,38,56,53,38,48,37,52,64,73,87,91,98,94,96,95,101,107,122,134,130,129,132,143,123,116,104,102,95,93,93,98,104,107,106,112,108,101,88,63,61,83,73,48,56,56,59,64,102,62,59,64,72,85,67,72,56,55,79,82,56,74,62,30,36,52,41,73,70,143,195,195,195,195,196,196,196,196,197,197,196,197,196,197,196,198,198,199,201,200,200,200,202,204,205,207,208,210,212,214,215,216,218,219,220,221,221,222,222,222,222,222,222,223,223,223,224,224
218,218,219,218,219,219,218,220,219,220,219,219,219,219,219,219,219,219,219,219,219,219,219,219,219,219,219,218,219,218,218,218,218,218,217,217,217,216,215,215,215,214,214,213,213,213,213,214,212,211,210,207,207,205,203,201,197,184,135,50,30,21,33,26,36,60,50,40,43,50,42,85,63,52,51,73,47,44,55,72,48,32,46,33,72,48,27,33,38,38,43,44,69,69,83,96,100,102,112,108,104,110,88,86,96,102,113,112,115,114,112,112,113,110,108,100,83,64,64,61,52,56,35,78,88,69,49,48,48,54,94,71,67,65,68,61,63,53,54,62,73,63,57,80,67,53,45,43,30,74,76,141,184,195,194,196,196,196,196,197,196,197,196,196,196,197,196,198,198,198,200,200,201,201,202,203,206,207,208,210,211,214,215,217,219,219,221,221,222,222,222,222,222,222,222,223,223,224,223,223
218,218,218,218,219,219,219,220,219,220,219,219,219,219,220,219,219,219,219,219,219,219,219,220,219,219,219,219,219,219,219,219,219,219,218,218,218,218,217,216,216,215,215,215,214,214,213,213,213,212,211,211,208,207,205,203,201,186,105,34,38,31,43,44,51,66,50,35,46,53,46,94,57,45,43,83,59,47,59,46,53,38,36,72,50,65,20,28,46,38,33,36,42,65,51,65,74,85,81,80,76,81,59,56,61,59,77,91,88,82,84,93,87,83,76,69,53,36,35,60,37,56,38,75,66,62,37,66,47,64,96,74,75,90,85,49,51,54,54,61,73,72,78,80,83,63,56,47,43,65,65,95,168,184,195,194,196,195,195,196,196,196,196,196,196,197,196,197,198,198,198,199,201,201,201,203,205,206,208,211,212,213,216,217,219,219,221,222,222,222,221,222,222,222,222,222,223,223,223,222
218,218,219,217,219,220,220,220,220,220,220,221,219,220,220,220,220,220,220,221,220,220,220,220,220,220,220,220,220,220,220,219,219,219,219,218,218,218,218,218,217,217,216,215,215,215,214,214,214,213,213,211,210,208,206,204,203,184,66,36,25,34,39,49,62,74,63,51,59,58,40,77,82,63,26,81,54,46,46,76,55,46,46,69,50,63,34,21,40,53,31,32,28,35,46,44,51,58,56,60,48,60,32,30,38,30,45,60,45,54,59,57,59,54,75,71,38,32,33,42,49,53,48,64,53,45,64,51,52,51,69,66,82,41,76,56,64,55,53,65,82,93,86,89,80,72,57,72,46,38,69,69,137,187,187,192,196,196,196,194,196,196,197,196,196,196,197,198,198,197,199,199,200,201,201,202,203,207,207,211,212,213,215,217,219,220,221,222,221,222,222,222,222,222,223,222,223,223,223,223
218,218,219,219,220,220,220,220,220,220,220,220,220,220,220,220,220,221,221,221,221,220,221,221,221,221,221,220,220,220,220,219,219,219,219,219,219,218,218,219,219,219,217,216,216,215,215,215,215,214,214,212,210,209,208,204,201,135,34,43,21,33,43,47,64,62,68,57,59,61,56,48,50,60,39,34,46,36,46,66,58,44,42,48,58,59,37,21,57,44,31,29,30,36,51,30,42,47,36,55,49,47,31,31,37,29,37,30,23,42,49,38,35,44,56,56,66,30,39,41,57,42,59,53,59,45,66,59,63,41,54,64,66,49,85,55,61,58,58,59,83,90,91,73,91,88,78,70,33,41,36,71,133,182,194,194,195,196,196,196,197,196,197,195,197,197,196,198,198,198,197,198,198,200,202,202,204,206,209,209,212,213,215,217,218,219,220,221,222,222,221,222,222,222,223,223,223,223,223,223
218,219,219,220,220,219,220,220,220,220,220,220,220,220,220,220,220,221,221,221,221,221,221,221,220,220,220,220,220,221,220,219,219,219,219,219,219,219,219,219,218,218,219,217,217,216,217,216,215,215,214,214,212,210,208,205,196,117,37,40,26,34,50,50,45,49,65,62,57,60,58,53,48,53,58,61,45,44,40,52,73,50,55,55,59,60,60,33,63,65,29,38,32,28,41,34,48,43,23,35,64,37,35,50,41,46,33,32,33,43,51,42,38,43,51,63,74,28,41,55,47,59,71,65,57,51,69,87,73,37,54,61,72,45,83,64,72,58,69,67,80,85,82,80,84,92,66,55,31,35,27,51,130,171,194,194,194,196,196,196,197,196,197,197,196,197,196,197,198,198,198,199,199,200,202,201,204,205,208,208,212,213,215,217,218,219,221,221,222,222,223,223,222,222,223,223,223,223,223,223
218,219,219,219,220,220,220,220,221,221,221,221,221,221,221,220,220,221,221,221,221,221,221,220,220,220,220,220,221,221,220,219,219,219,219,220,219,219,219,219,218,219,219,218,218,218,218,217,216,216,215,215,213,211,210,207,192,87,36,36,22,41,52,53,52,51,66,54,57,56,53,54,48,56,51,57,44,44,38,44,64,65,58,55,51,59,63,52,64,58,28,24,24,33,25,54,47,46,25,37,54,41,37,50,34,52,56,19,49,47,72,43,53,53,40,67,91,42,61,59,55,64,75,75,59,53,70,82,61,44,51,68,57,77,65,67,65,60,69,64,74,95,109,101,87,100,71,57,43,45,43,41,119,187,195,194,195,195,195,196,197,196,196,196,196,196,197,196,198,196,198,197,199,200,201,202,203,205,208,209,211,213,215,216,218,219,220,222,222,222,222,222,221,222,223,223,223,224,223,223
219,219,220,220,220,220,219,220,221,221,221,221,221,221,221,221,221,221,221,221,221,221,221,221,220,220,220,220,220,221,220,220,220,220,220,220,220,219,219,219,219,219,219,218,219,218,218,218,218,217,216,215,213,212,210,207,172,36,36,38,23,42,56,55,61,59,68,62,66,64,57,53,60,67,49,59,50,44,35,47,52,57,61,49,44,56,62,65,70,41,31,27,33,40,29,44,43,57,24,26,48,52,38,49,55,58,50,28,41,71,58,71,55,41,50,55,83,60,66,68,55,56,78,82,48,41,52,64,53,49,65,58,61,66,61,63,64,60,64,82,81,108,124,111,91,108,79,70,47,28,39,36,95,159,189,193,195,194,195,197,197,196,196,196,195,197,196,197,197,198,198,199,198,201,201,201,203,206,208,210,211,213,215,216,218,219,220,222,222,222,221,222,222,223,223,223,223,223,223,223
219,219,219,219,220,220,220,220,220,221,221,221,221,222,221,221,221,221,221,221,221,221,221,221,221,220,221,221,220,221,220,221,220,220,220,220,220,219,219,219,219,219,219,218,219,218,218,218,217,218,217,215,214,213,210,204,151,30,18,22,31,50,52,53,61,59,57,54,57,65,59,60,45,58,64,60,56,48,48,56,58,58,61,56,50,57,55,61,50,51,42,41,37,50,40,32,49,56,47,49,57,72,50,60,64,61,57,48,48,62,59,38,46,44,49,54,53,59,66,71,58,61,87,65,63,54,52,62,54,44,55,78,87,79,66,76,73,76,78,84,89,114,100,108,84,94,88,77,58,34,37,27,45,131,181,194,195,195,195,197,195,196,195,196,196,196,197,197,197,197,198,197,198,200,201,202,203,206,207,210,211,213,215,216,218,219,221,221,222,222,222,222,223,223,222,223,223,223,223,223
219,219,219,219,220,220,220,220,221,221,221,222,222,221,221,221,221,221,221,222,222,222,221,221,221,222,221,221,221,221,221,221,220,220,220,220,220,219,219,219,219,218,218,218,218,218,218,218,218,217,217,215,214,213,211,202,101,42,22,19,29,50,38,46,65,58,53,58,53,60,81,64,58,60,57,65,61,63,59,63,70,57,66,63,55,62,62,63,54,40,49,39,36,47,54,45,44,65,60,67,64,77,49,48,65,46,53,42,61,55,57,46,39,47,75,68,67,66,64,61,51,68,89,83,53,50,54,74,58,50,79,88,86,80,83,83,86,81,77,81,109,105,101,106,91,91,91,83,71,43,41,31,44,109,181,193,193,195,195,197,195,198,195,196,196,196,197,197,197,198,198,198,199,200,201,202,203,206,207,210,211,213,215,217,218,219,220,221,222,223,221,223,223,223,223,223,223,223,223,223
219,219,218,219,220,220,220,220,220,221,221,221,221,222,221,221,221,221,221,221,221,221,221,221,222,221,221,222,221,221,221,221,221,220,220,220,220,220,219,220,219,219,219,219,219,218,218,218,218,217,217,215,214,213,211,185,83,24,22,18,28,49,48,54,67,61,62,59,59,66,80,82,61,71,71,64,68,71,73,71,66,67,69,68,71,66,74,65,57,45,52,52,49,38,59,54,53,44,56,72,63,72,55,58,71,49,53,52,51,46,63,68,57,66,64,55,68,59,53,53,47,68,77,71,56,65,69,75,69,63,80,87,84,73,81,91,87,89,97,104,113,102,108,102,93,96,94,84,87,44,41,28,47,89,175,193,192,195,195,197,196,196,195,196,196,197,195,197,197,197,198,198,199,200,201,202,203,205,208,209,211,213,213,215,218,219,221,221,222,223,223,223,223,223,223,223,224,224,223,224
219,219,219,219,220,220,220,220,221,221,222,222,221,221,221,221,221,221,222,221,222,221,221,221,222,221,221,222,221,221,221,221,221,220,220,220,220,220,220,219,219,219,219,219,219,219,218,218,218,217,216,215,214,212,210,178,46,34,29,22,42,58,47,60,69,62,67,67,68,71,74,67,69,69,79,78,77,75,75,79,72,73,71,70,73,67,71,66,55,51,51,48,49,38,54,59,56,42,47,67,68,71,59,79,54,54,62,54,49,60,59,77,62,70,61,58,59,54,60,64,60,73,73,74,79,79,74,83,73,90,78,88,84,80,82,75,88,97,94,110,117,115,110,101,86,89,85,83,90,70,46,28,45,86,172,184,193,193,194,195,196,195,194,197,197,197,196,197,197,197,198,198,199,200,201,202,204,205,207,209,211,213,214,215,217,219,221,221,222,223,222,222,223,223,223,223,223,223,224,223
219,219,219,219,220,220,221,221,221,222,222,222,221,221,221,221,221,221,222,223,223,222,222,221,222,222,222,222,221,221,221,221,221,220,220,220,221,220,220,219,220,219,219,219,219,219,219,218,218,217,216,214,213,212,207,151,38,30,21,41,55,55,68,72,71,62,68,74,73,79,76,65,62,79,83,79,87,78,71,78,76,73,74,73,73,72,67,65,58,57,52,50,50,48,50,43,46,51,50,62,59,66,58,62,52,58,59,56,50,73,58,61,61,60,63,55,63,63,73,73,72,79,82,82,80,78,83,89,81,84,77,78,83,93,92,86,84,96,109,107,113,102,93,94,97,100,87,80,94,74,45,35,44,74,154,182,192,193,193,193,196,196,195,197,197,197,197,197,198,197,197,198,198,199,201,201,203,204,207,210,212,213,214,216,217,219,220,222,222,223,223,222,223,223,223,223,223,223,223,223
219,219,219,220,220,220,221,221,222,222,222,222,221,222,221,222,221,221,221,222,222,222,222,222,221,221,222,221,222,221,221,221,221,221,221,220,221,220,220,220,219,219,219,220,219,219,219,218,218,217,215,214,212,212,202,125,31,36,31,38,58,57,68,65,70,66,68,68,72,73,69,69,62,75,92,85,80,79,79,78,78,75,75,74,76,72,70,61,55,50,50,49,47,47,46,41,50,53,53,53,52,50,54,63,57,59,54,63,53,51,56,51,57,53,54,59,69,72,73,74,76,80,81,79,81,75,79,84,83,83,79,76,90,86,82,97,95,103,105,112,112,117,106,105,93,97,94,83,95,88,54,36,47,68,128,178,180,193,194,193,195,196,195,195,197,195,196,197,197,197,197,198,198,198,200,201,203,204,207,209,211,212,214,216,218,219,220,221,223,222,222,223,223,223,223,223,223,224,223,223
219,219,220,220,220,220,221,221,221,222,222,222,221,222,222,222,221,221,222,222,222,222,221,221,221,222,222,222,222,222,221,221,220,221,221,220,221,220,220,220,220,220,220,219,219,219,219,218,218,216,215,213,211,207,190,78,31,52,27,46,59,64,63,71,74,73,73,73,74,79,78,65,63,78,88,91,95,97,86,86,83,80,78,75,73,69,64,53,44,36,35,35,45,43,39,34,38,40,55,54,46,49,51,52,53,56,56,54,46,45,47,47,50,55,53,55,58,63,68,82,80,84,81,80,80,74,79,79,80,88,82,80,88,81,84,102,102,108,112,115,108,120,116,110,90,100,97,88,92,90,62,50,52,55,99,169,178,187,193,195,195,194,195,196,195,196,196,196,197,197,197,197,198,199,201,201,202,204,207,209,211,212,214,215,218,219,221,221,222,222,223,223,223,223,223,223,223,224,223,223
219,219,219,220,221,221,221,221,221,221,222,222,222,222,222,222,221,221,221,221,221,222,222,221,222,222,223,221,222,222,222,221,221,221,221,221,221,221,220,220,220,221,220,220,219,219,219,218,217,216,215,214,212,196,190,53,27,31,31,58,65,62,66,74,77,78,74,71,77,79,81,73,74,86,82,87,92,86,89,86,92,88,81,77,71,67,53,48,47,67,64,58,54,58,55,54,52,49,50,47,46,46,58,59,50,44,35,40,40,41,43,51,52,63,58,41,40,41,51,66,65,71,77,80,81,86,80,78,80,87,89,90,101,93,95,101,92,102,100,114,114,109,117,101,92,104,99,94,89,94,75,58,61,64,66,163,191,191,194,195,195,195,195,196,196,196,195,196,196,197,197,198,199,200,200,201,202,202,206,208,211,212,213,215,217,219,220,222,222,222,223,223,223,223,223,223,224,224,223,223
220,219,220,220,221,221,221,221,221,222,222,222,222,222,221,222,221,221,222,222,221,222,222,221,222,222,222,222,222,222,222,221,221,221,221,221,221,221,221,220,220,220,220,220,219,219,219,218,217,217,215,214,212,208,150,54,45,36,34,62,69,66,72,77,76,69,71,70,76,78,78,85,81,90,90,87,93,93,98,90,85,83,85,82,72,62,58,56,61,65,56,85,74,74,75,80,91,97,90,75,55,55,66,71,60,38,30,41,52,73,85,94,106,101,90,84,82,78,63,51,61,72,77,80,88,84,82,81,85,90,100,100,97,100,103,95,102,104,105,115,115,112,115,100,100,100,108,101,99,92,88,84,57,62,90,146,190,193,194,194,195,194,195,196,195,196,196,197,196,197,197,198,198,199,201,201,202,203,206,208,210,212,213,216,217,219,220,221,222,222,222,223,223,223,223,223,224,224,223,224
219,220,220,220,221,221,221,220,221,221,222,222,222,222,222,222,222,222,222,222,222,223,222,222,222,222,222,221,221,221,221,221,222,221,221,221,221,221,221,220,221,221,220,220,220,219,219,218,217,217,215,213,208,190,128,62,44,46,58,66,65,67,75,74,72,70,67,68,75,76,76,82,85,90,93,90,97,99,104,102,94,88,92,90,86,71,58,54,51,67,127,83,82,68,58,59,73,97,97,70,54,70,69,69,72,62,58,71,87,91,88,90,94,97,94,96,87,80,79,74,52,63,79,79,79,81,86,89,95,93,95,97,103,100,101,98,101,103,113,113,122,114,114,108,108,110,104,108,101,98,99,98,53,49,93,129,189,192,194,195,194,195,195,195,196,197,196,197,195,197,197,198,199,200,200,202,201,204,206,209,210,212,214,215,217,219,220,222,222,222,223,222,222,223,223,223,223,224,223,223
220,220,220,221,221,221,221,221,221,222,222,222,222,222,221,222,222,222,222,222,222,223,222,222,222,223,222,222,222,221,221,222,221,221,221,221,221,221,221,221,220,220,221,220,219,219,219,218,217,216,215,213,207,192,100,66,47,54,69,71,70,73,76,72,70,73,71,69,73,78,76,87,95,88,92,99,102,103,104,97,101,88,88,91,90,71,57,46,42,46,53,41,34,34,34,24,34,64,72,54,68,79,72,68,72,73,72,79,77,49,37,38,51,68,78,84,76,67,62,79,80,64,77,79,86,88,91,97,103,101,100,101,105,105,102,97,100,111,117,126,125,118,115,105,107,105,112,110,102,103,104,98,69,55,65,103,182,190,193,195,195,195,195,196,197,197,196,196,196,196,197,198,198,198,199,201,202,204,206,210,211,211,214,216,217,219,220,222,223,222,222,223,223,223,223,223,223,223,223,224
220,220,220,221,221,221,221,221,222,222,222,221,223,222,221,222,222,222,223,222,223,222,222,222,223,222,222,222,222,222,221,221,221,222,221,221,221,221,221,221,220,221,220,220,219,219,219,218,217,216,215,214,209,174,69,61,55,63,71,74,74,76,78,77,69,69,74,76,72,80,82,89,100,86,96,96,107,105,100,106,97,88,85,89,85,71,68,55,34,24,29,27,21,11,5,4,5,23,52,77,79,80,79,77,82,79,80,79,49,10,6,11,17,24,31,36,40,50,53,80,88,72,77,76,83,92,92,92,97,107,108,106,110,107,109,108,113,112,114,127,118,110,117,106,102,109,110,105,103,106,107,103,83,61,65,99,188,190,194,194,194,196,196,196,196,196,196,196,197,197,197,198,199,199,201,200,201,203,206,209,209,212,214,216,218,219,221,222,222,222,222,222,223,223,223,224,223,224,223,224
220,220,220,220,220,220,221,221,221,221,222,223,223,223,222,222,222,222,223,222,223,222,222,222,223,222,222,222,222,222,222,221,221,222,221,221,221,221,221,221,221,220,219,220,219,219,218,218,217,216,214,213,185,143,55,60,58,67,71,70,73,76,74,76,72,68,72,72,71,83,88,90,95,89,95,94,104,108,107,100,97,88,90,89,79,73,80,72,46,23,25,30,25,39,36,24,15,57,88,97,94,92,92,99,100,97,99,94,69,11,2,9,13,15,29,31,29,35,66,93,100,85,76,78,80,86,92,98,103,97,111,107,112,111,116,110,119,112,116,111,118,107,117,109,103,114,113,108,106,106,109,110,98,70,70,107,172,190,193,194,194,196,196,196,196,196,196,195,196,196,197,198,198,199,200,201,201,203,206,208,209,212,214,216,217,219,220,222,223,222,222,223,222,223,223,223,223,223,223,224
219,220,220,220,221,221,221,221,221,221,222,222,222,222,222,222,222,222,222,223,222,222,222,223,223,222,222,222,222,222,222,222,222,222,221,222,221,221,221,221,220,221,220,220,220,219,219,218,217,216,214,213,199,121,37,63,66,71,72,76,77,78,74,75,71,69,73,75,77,82,84,92,93,97,95,97,101,110,102,104,94,89,87,87,81,76,86,86,77,61,43,22,15,15,35,50,83,94,96,100,104,105,104,106,102,104,101,102,103,95,54,41,10,10,14,42,62,81,98,104,109,91,76,80,87,93,101,106,104,109,110,106,106,112,115,104,109,113,108,103,102,100,107,108,102,112,110,108,107,105,110,108,106,90,75,72,168,188,193,194,193,197,196,195,195,196,196,195,197,196,197,198,198,199,201,201,202,202,206,209,209,213,214,216,217,219,220,222,222,222,222,222,223,223,223,224,224,223,223,224
218,220,220,220,220,221,221,221,221,222,222,222,222,222,222,222,222,222,222,222,222,222,222,222,222,222,222,222,222,222,223,222,222,222,222,221,221,221,221,221,221,220,220,220,219,219,219,218,217,215,214,214,173,88,38,58,67,73,73,69,78,80,78,76,71,70,73,77,75,80,84,90,91,99,104,100,101,110,109,93,96,98,90,88,76,79,88,86,86,83,82,75,68,70,77,91,92,93,94,103,110,111,108,109,111,109,102,96,110,110,99,84,63,60,71,87,98,110,120,123,118,84,71,81,81,93,94,98,113,112,108,104,114,105,100,97,100,102,107,98,106,113,113,100,104,109,114,109,109,111,111,109,110,97,65,64,172,188,192,193,193,195,195,195,196,195,197,194,196,196,197,197,197,199,201,200,202,204,205,209,210,211,214,217,217,219,220,222,222,222,223,222,223,223,224,224,224,223,223,223
219,219,220,221,220,220,221,221,221,222,222,222,221,222,221,222,222,222,222,221,222,222,222,222,222,222,222,222,222,222,221,222,221,221,221,221,221,221,221,221,221,220,220,220,220,219,219,218,217,215,214,212,119,36,35,58,72,77,71,73,81,81,77,73,71,70,73,76,78,75,88,87,86,99,102,101,104,103,101,103,104,91,90,90,67,73,85,86,85,87,87,91,89,87,88,94,97,97,99,105,114,114,117,117,117,113,105,101,103,106,111,107,110,102,104,112,118,127,129,130,111,73,70,80,85,100,94,103,98,102,104,103,100,99,97,100,93,94,92,102,102,104,107,100,108,113,112,109,113,114,116,113,111,102,75,62,156,182,191,192,194,195,195,195,196,196,196,195,196,197,197,198,198,199,200,200,202,205,205,210,210,211,213,215,217,219,220,221,222,222,222,223,223,223,224,224,223,223,223,223
219,219,219,220,220,220,221,221,221,222,221,222,222,222,222,221,222,221,222,221,222,222,223,222,222,222,222,221,222,222,222,222,221,222,222,222,221,221,221,221,221,221,220,220,220,219,219,218,216,215,211,201,112,36,44,62,73,78,78,70,75,81,78,74,74,72,72,78,75,76,84,89,87,89,94,103,102,101,92,106,96,99,85,83,67,67,77,85,85,86,89,97,96,93,90,92,99,105,109,116,120,124,124,127,123,122,115,113,109,112,111,112,116,119,122,123,131,131,126,120,91,65,77,80,87,107,109,109,101,105,104,95,100,98,100,94,93,91,88,100,101,101,100,99,107,109,111,115,113,109,114,115,110,102,84,61,166,184,192,192,194,193,195,195,196,195,196,195,197,195,196,198,199,199,200,201,203,204,204,209,211,210,212,215,217,219,220,221,221,222,223,223,223,222,223,223,223,223,223,223
219,219,219,219,219,219,220,220,221,221,221,221,221,222,221,222,221,221,222,222,222,222,222,222,222,222,222,222,222,222,222,222,222,222,222,222,221,221,222,221,221,221,221,221,220,220,220,218,216,215,214,208,89,39,56,66,74,76,77,79,79,84,79,78,75,71,72,75,76,77,84,87,86,86,90,97,100,95,104,99,98,91,90,92,80,55,69,78,82,84,89,99,97,97,96,99,102,111,115,123,124,129,133,132,139,127,128,121,114,118,106,110,121,126,117,121,125,124,117,100,71,57,78,86,90,101,106,107,103,104,106,102,102,106,101,95,93,90,92,98,99,98,101,114,107,105,105,107,114,110,114,114,112,109,82,85,149,187,192,192,193,194,195,195,196,195,195,196,197,196,197,197,198,199,200,200,202,203,205,208,211,211,212,215,216,219,220,221,221,222,222,223,222,223,223,223,223,223,224,223
218,219,219,220,220,219,220,220,220,221,221,221,221,222,221,221,222,222,222,222,222,222,222,222,222,223,223,222,222,222,222,222,222,222,222,222,222,222,222,222,221,221,221,221,220,220,220,218,216,216,215,172,50,39,59,73,73,74,78,84,86,86,84,79,75,74,73,77,76,77,85,89,87,90,88,89,98,92,96,97,93,95,99,95,89,66,58,71,80,80,85,92,98,96,97,104,105,116,119,133,134,143,152,160,146,137,131,129,123,126,122,128,137,131,113,113,113,108,101,83,52,62,81,91,98,99,103,97,98,101,103,103,100,100,96,97,95,97,97,104,93,105,101,108,105,107,108,114,108,111,112,112,115,109,90,78,163,189,192,192,194,193,195,194,194,195,196,196,196,196,197,198,199,199,199,201,202,204,205,208,210,210,212,215,216,219,220,221,222,222,223,223,223,223,223,223,224,224,223,223
219,219,219,220,220,220,220,220,221,221,221,221,221,222,222,222,222,222,222,222,222,222,222,222,222,222,222,222,222,222,222,222,222,223,223,222,222,222,222,222,222,221,221,221,220,220,219,218,216,215,204,153,75,40,62,74,73,75,78,82,86,84,82,81,79,76,76,77,81,79,80,84,85,91,99,87,87,95,92,98,92,99,103,95,92,77,51,59,71,77,81,84,92,92,95,102,112,118,127,138,142,152,163,150,139,135,134,127,126,120,125,136,136,126,113,105,101,95,87,56,63,77,85,89,92,94,98,93,100,101,98,101,99,103,94,101,95,97,100,98,99,103,101,99,114,114,116,114,119,120,116,116,118,110,93,73,124,185,191,194,194,194,194,194,195,194,196,195,196,196,197,198,198,200,199,200,201,203,206,208,210,211,213,215,216,218,220,221,223,221,223,222,224,223,223,223,224,224,223,223
219,219,219,220,220,220,220,220,220,221,221,221,221,222,222,222,222,222,222,222,222,223,222,222,223,222,222,222,222,222,222,222,222,222,223,223,223,223,222,222,222,222,221,221,221,220,219,218,216,215,201,127,45,37,67,74,76,78,82,86,86,85,82,81,79,79,78,78,81,85,83,78,76,82,84,89,83,90,89,95,93,92,97,92,91,92,71,54,59,70,73,79,85,88,93,105,110,117,123,139,145,148,144,135,132,124,125,122,125,122,124,135,130,116,103,96,90,82,70,52,73,85,90,90,92,93,99,97,99,96,98,95,96,99,94,93,92,94,101,100,99,100,105,104,111,117,121,114,119,117,116,117,118,110,98,59,67,117,174,192,194,194,195,194,195,195,195,196,196,196,197,198,198,200,199,200,201,202,206,208,210,211,213,215,216,219,220,221,223,222,223,222,223,223,223,223,223,224,223,223
218,218,219,219,219,220,220,220,220,221,221,221,221,222,222,222,222,222,222,222,222,222,222,222,222,222,222,222,222,222,222,222,222,222,223,223,223,223,222,222,222,222,222,221,221,219,219,218,216,214,166,63,35,43,69,76,77,79,82,84,83,87,85,79,80,85,80,78,81,85,86,74,77,79,82,85,83,84,90,87,95,103,100,93,95,93,78,61,46,59,68,75,81,88,94,102,104,114,123,140,134,135,132,125,120,122,122,123,123,123,127,131,116,107,91,81,74,80,66,65,82,91,95,92,92,94,96,95,94,94,95,91,89,89,95,94,95,98,95,100,100,98,104,109,115,120,122,114,117,118,118,119,120,112,100,64,61,100,118,183,192,194,195,195,195,196,195,196,196,197,198,197,198,199,201,200,202,202,206,208,210,211,213,215,216,219,220,220,222,222,222,223,223,223,223,223,223,223,223,222
218,218,219,219,219,220,220,220,220,220,221,221,221,221,221,222,221,222,222,222,222,221,221,222,222,222,222,222,222,222,223,223,222,223,223,223,223,223,222,222,222,221,222,222,220,220,219,218,216,196,86,62,26,54,71,77,78,78,82,84,82,82,83,83,81,84,82,74,77,78,82,76,79,78,79,79,80,81,81,81,86,87,94,96,93,92,87,71,42,50,56,69,70,82,92,102,103,110,122,131,126,127,126,118,116,116,118,118,119,121,117,115,102,90,78,71,67,81,74,79,95,92,96,92,94,95,94,96,91,89,91,89,90,90,92,94,94,96,97,94,97,95,106,113,116,121,125,122,120,117,117,120,119,112,104,61,59,86,103,141,192,194,194,195,194,195,195,195,197,197,197,197,197,200,200,200,202,203,205,208,212,210,212,214,216,219,220,222,222,222,222,223,223,223,224,223,223,224,223,222
218,218,218,219,219,220,220,220,220,220,220,220,221,221,221,221,222,221,222,222,222,222,222,222,222,221,222,222,222,223,223,222,222,223,223,223,223,223,223,222,222,222,222,221,220,219,218,217,217,131,68,58,24,61,73,77,80,80,82,83,83,78,81,79,78,76,75,71,74,75,78,79,82,77,74,80,75,77,76,76,80,86,88,89,83,88,86,73,48,44,48,55,67,77,93,101,104,108,114,119,124,121,121,118,116,114,116,117,118,121,116,110,95,84,75,74,84,86,86,89,97,94,95,92,100,94,93,92,84,84,91,89,89,89,89,88,87,83,94,97,94,93,102,110,118,120,122,124,118,117,118,119,121,113,106,64,56,78,91,107,184,193,194,195,195,195,195,196,196,197,197,198,197,199,200,201,202,202,204,208,212,210,212,214,216,219,219,221,222,222,223,222,223,223,223,224,222,223,223,222
218,219,218,219,219,219,220,219,220,220,220,220,221,221,221,221,221,221,221,222,222,222,222,222,222,222,222,222,222,222,222,222,222,223,223,223,223,223,223,222,222,222,222,221,220,219,218,217,208,84,63,53,29,64,74,78,80,80,79,83,85,84,84,77,74,74,73,71,69,66,65,61,61,63,71,75,76,74,83,72,78,88,86,90,84,82,82,75,55,46,45,54,67,70,84,97,104,104,105,113,116,115,113,114,112,111,112,112,112,114,112,99,92,84,70,84,88,86,88,94,94,99,100,97,94,90,87,88,87,85,86,82,83,83,85,77,85,84,97,93,93,94,100,112,116,121,123,124,121,118,117,120,122,114,106,63,43,74,82,97,162,194,194,194,196,195,196,196,196,197,197,198,198,199,201,201,201,202,205,208,210,210,213,214,216,219,220,221,222,223,223,223,223,223,223,223,223,223,223,222
217,218,218,219,219,219,219,220,220,220,220,220,221,221,220,221,221,221,221,221,222,221,222,222,222,222,222,222,222,222,222,222,222,223,223,223,223,223,223,223,222,223,222,222,221,220,219,217,191,75,64,53,31,67,75,78,79,80,80,82,84,84,79,75,75,74,71,70,69,66,66,61,59,59,62,64,66,72,72,70,73,89,85,91,92,82,81,77,64,51,45,49,64,70,76,91,99,99,106,106,107,108,105,110,110,109,109,110,108,107,109,95,93,84,79,90,92,93,91,94,94,97,97,97,90,86,86,86,85,84,81,76,79,80,91,80,83,82,93,89,92,96,101,106,116,121,122,121,118,115,119,120,121,113,106,66,39,75,83,92,143,188,194,194,195,195,196,196,197,197,198,199,199,199,201,202,202,201,206,208,210,211,213,215,216,218,219,221,222,223,222,223,223,223,224,223,223,223,223,222
217,218,218,218,219,219,219,220,220,220,220,220,220,221,221,221,221,221,221,222,222,222,222,222,222,222,222,222,222,222,222,223,222,223,223,223,223,223,223,223,223,222,222,222,220,220,219,215,183,73,64,54,33,71,77,76,76,79,79,81,83,84,80,77,74,73,70,70,69,68,69,67,63,66,65,59,59,64,73,74,71,86,79,89,92,86,73,76,66,54,45,45,58,67,71,76,94,98,101,105,106,102,103,104,105,105,103,104,104,102,103,93,91,82,79,93,96,99,90,96,98,97,95,91,89,86,82,77,78,79,78,74,73,76,75,77,80,80,83,88,90,95,98,101,106,106,108,117,117,115,121,122,121,113,108,85,52,74,81,88,140,188,192,194,195,195,196,196,197,197,197,199,199,199,200,202,202,202,206,210,210,211,213,215,217,218,220,221,222,222,223,224,223,224,223,223,223,224,223,222
217,218,218,218,219,219,219,219,219,219,220,221,220,221,221,221,221,221,221,221,222,223,222,222,223,222,222,222,222,223,223,223,223,223,223,223,223,223,223,223,223,223,222,221,220,220,218,213,181,72,63,53,35,71,77,77,76,78,79,80,81,76,74,76,72,71,69,69,72,69,70,75,77,75,71,67,67,67,71,77,76,77,78,80,86,86,79,79,70,62,50,42,50,62,71,72,89,95,94,93,96,95,95,100,100,100,101,100,99,96,95,98,86,80,83,94,99,102,96,93,94,94,92,89,85,78,74,73,75,78,75,74,78,77,84,89,87,89,88,93,95,93,94,94,100,104,112,110,109,115,121,122,119,114,108,92,52,77,79,88,138,175,189,195,195,196,195,196,197,198,198,199,199,199,200,200,202,203,206,210,210,210,214,215,217,219,220,221,222,222,222,223,223,223,223,223,223,223,223,222
217,218,218,218,219,219,219,219,220,220,220,220,221,220,221,221,221,221,221,221,222,222,221,222,222,222,222,222,222,222,222,222,223,223,223,223,223,223,223,222,223,223,222,221,221,220,218,216,188,80,64,59,36,71,74,74,75,76,75,75,75,74,72,73,70,71,70,67,66,66,67,73,76,74,76,79,74,72,72,75,74,74,79,83,76,86,82,76,69,68,54,49,38,52,67,74,84,93,92,95,93,93,94,98,99,101,100,97,91,89,87,86,83,76,87,95,104,99,98,92,91,91,90,87,81,76,72,73,77,78,76,75,77,83,92,92,96,100,102,98,95,91,92,90,88,99,102,103,105,113,120,121,118,115,108,89,57,73,65,85,123,166,189,194,195,196,197,195,197,198,198,199,199,200,200,201,202,203,206,209,211,212,213,216,217,218,221,222,222,222,223,223,223,223,223,223,223,224,223,223
217,218,218,218,219,219,220,219,219,220,220,219,220,220,221,220,221,221,221,221,222,222,221,221,221,222,221,222,222,222,222,222,223,223,223,223,223,223,222,222,222,223,222,221,220,219,218,214,165,102,64,64,46,67,73,72,73,74,73,73,73,70,69,70,68,68,68,64,61,61,61,62,67,72,74,78,83,79,81,83,78,80,72,75,79,79,80,75,69,63,55,53,39,44,61,65,72,80,79,86,88,90,89,90,94,92,96,93,87,87,85,87,77,71,90,97,106,97,93,90,89,89,86,77,76,72,74,73,76,76,75,78,84,85,90,91,95,96,102,105,101,99,96,94,93,95,95,97,108,110,118,121,116,115,107,84,58,44,39,64,121,175,186,194,195,196,196,196,198,198,198,199,199,200,200,201,202,202,207,209,211,212,213,216,217,218,220,221,222,222,222,223,223,224,223,223,223,223,223,224
217,218,218,218,218,218,219,219,219,220,219,219,220,220,221,220,221,221,221,221,221,222,221,221,221,222,222,222,222,222,222,222,222,223,223,223,223,222,222,222,223,222,222,221,220,219,218,215,189,121,42,37,48,62,72,70,71,71,71,70,69,67,66,67,66,65,63,60,60,59,59,62,64,65,62,62,70,86,86,86,85,82,85,66,71,75,74,69,64,61,59,56,44,38,50,59,63,73,80,83,85,86,88,90,89,90,86,92,88,84,81,82,65,75,89,92,85,86,85,89,86,81,74,74,77,74,75,78,80,81,82,86,93,89,91,94,95,98,102,102,101,99,98,95,92,93,94,98,107,110,114,116,116,112,104,78,55,22,23,45,111,167,190,193,194,196,196,196,197,197,198,198,199,200,201,201,201,203,207,209,211,212,214,215,217,218,220,220,222,222,222,222,223,223,223,223,223,223,223,224
217,218,217,218,218,219,219,219,220,219,220,219,220,220,221,221,220,221,221,221,220,221,220,221,221,222,222,222,222,222,222,223,223,223,223,223,223,223,222,222,223,222,222,221,220,219,218,214,198,125,34,18,28,68,71,68,68,69,68,68,67,65,63,62,63,61,60,58,56,54,54,55,58,60,66,70,67,66,74,84,89,84,83,76,70,69,71,65,63,63,57,56,50,41,44,57,64,69,78,83,82,81,84,85,87,87,81,83,85,81,72,70,62,81,89,89,90,82,82,81,76,73,70,76,75,78,80,81,82,83,79,83,85,83,89,89,90,94,98,95,96,96,98,90,92,92,90,94,103,108,109,107,113,112,108,80,71,45,16,43,103,182,194,193,194,195,197,195,198,198,198,199,199,199,200,201,202,204,207,209,211,212,213,215,218,219,220,222,222,222,223,222,222,222,222,223,223,223,223,223
217,217,217,218,218,219,219,218,219,219,219,219,220,220,220,220,220,221,221,221,221,220,221,221,221,221,222,222,222,222,222,222,222,222,222,223,222,222,222,222,223,222,222,221,220,218,217,216,203,172,44,24,33,66,70,67,66,68,68,68,68,65,62,59,58,57,57,56,56,54,57,58,59,56,53,53,65,72,64,64,69,80,85,84,83,71,68,66,62,55,53,54,53,48,41,54,59,68,73,78,82,79,80,81,84,87,91,87,81,86,75,68,71,86,88,86,81,76,74,73,71,69,67,76,77,78,90,83,78,82,82,83,82,80,81,82,85,87,89,91,98,103,98,94,89,90,93,92,101,104,105,107,111,113,110,81,60,82,18,38,107,170,190,193,194,195,196,196,197,198,198,198,200,201,200,201,200,204,206,209,211,211,214,215,217,219,221,221,222,222,223,222,223,223,223,222,223,223,223,223
217,217,217,218,217,218,218,218,219,219,218,219,220,219,220,220,220,221,220,221,221,220,221,221,221,221,221,222,222,222,222,221,222,222,223,222,222,222,222,223,223,223,222,221,220,218,217,215,212,202,62,30,39,71,70,64,66,68,68,67,65,64,60,57,58,56,58,57,57,58,57,58,63,62,59,53,51,48,60,77,61,57,71,82,82,75,60,59,54,51,48,52,51,53,42,49,52,63,75,78,81,82,81,81,80,80,84,85,85,83,75,73,78,86,85,80,75,71,66,67,68,68,71,78,77,83,74,77,80,73,65,67,69,76,81,84,91,91,88,88,91,96,92,88,85,84,92,91,100,102,103,103,109,111,110,81,40,77,33,43,120,189,190,192,193,196,195,196,197,197,197,199,200,201,200,202,202,203,206,209,210,213,214,216,218,219,220,222,222,222,222,222,222,222,223,223,223,223,223,223
216,217,217,217,218,218,219,219,218,219,219,219,219,219,219,220,220,221,221,221,221,220,221,221,220,221,221,221,222,221,221,221,222,222,222,222,222,222,222,222,223,222,222,221,219,218,216,214,213,201,67,36,47,73,67,63,66,67,66,67,66,64,61,58,58,59,60,60,61,60,58,56,56,57,51,50,55,59,50,41,55,73,57,53,71,75,74,53,53,53,48,50,48,53,48,46,51,56,66,72,82,77,82,79,76,80,83,87,90,88,73,84,92,82,78,74,65,62,59,63,62,71,79,82,75,69,73,64,56,60,69,65,63,74,75,85,94,94,97,95,92,93,89,89,87,83,89,92,94,99,101,102,108,111,108,79,36,60,58,41,119,190,190,193,193,196,195,197,197,197,198,199,199,200,200,202,203,205,207,210,210,213,214,216,217,219,221,222,222,222,222,222,222,223,223,222,223,223,223,223
216,216,216,217,218,217,218,218,219,219,219,218,219,220,219,219,220,220,221,220,220,221,220,220,220,221,221,221,221,221,221,221,222,222,222,222,222,222,222,222,223,223,222,221,220,218,216,214,213,206,70,39,49,71,69,66,65,66,66,67,66,65,61,59,60,62,62,60,58,55,55,54,52,55,51,53,48,54,58,67,59,43,54,62,41,64,70,62,52,53,48,47,43,49,51,45,51,58,66,75,76,72,74,77,77,80,81,91,96,86,80,97,94,77,66,51,47,51,54,61,70,75,68,68,71,52,49,64,66,58,53,59,66,72,74,80,92,103,112,104,100,91,88,88,88,82,85,92,92,96,98,100,107,109,110,76,37,54,69,36,108,190,190,193,193,195,195,197,198,198,198,199,199,200,199,202,204,205,208,210,210,212,214,215,217,219,221,221,222,222,222,222,223,223,223,222,223,223,223,223
216,216,216,217,218,217,218,218,218,218,219,218,219,219,219,219,219,220,220,220,220,220,221,220,221,220,221,221,221,221,221,222,222,221,222,222,222,222,222,223,222,222,221,220,220,217,216,214,212,191,59,39,50,71,66,65,65,65,65,65,64,62,61,61,62,63,62,59,55,54,51,47,51,56,68,80,85,81,89,103,84,72,51,37,58,36,54,66,61,54,50,48,42,50,49,48,52,58,62,70,69,74,74,75,75,80,88,94,90,85,83,100,79,65,54,41,42,52,64,66,65,69,76,56,43,54,46,46,40,46,48,46,50,67,79,95,116,123,123,112,107,90,91,89,87,86,89,89,92,92,96,102,106,107,109,74,43,54,71,35,93,189,191,192,193,195,194,199,198,198,198,198,199,200,200,202,203,205,208,210,211,212,214,216,218,219,221,222,222,222,222,222,223,223,222,223,223,223,223,222
215,216,216,217,217,217,218,218,218,218,218,218,219,219,219,219,220,219,220,220,220,220,220,221,221,221,221,221,221,221,221,222,222,221,222,222,222,222,222,222,222,222,221,220,219,217,215,213,212,164,62,36,47,73,65,64,64,65,65,63,61,60,59,62,62,59,57,56,49,39,30,29,32,38,34,36,39,50,52,61,69,76,76,66,39,54,40,52,65,55,50,46,44,43,43,49,52,59,61,64,65,68,73,75,75,78,82,84,86,84,84,83,61,51,46,44,53,61,63,66,58,63,38,59,58,56,71,68,79,73,69,47,47,68,70,83,76,87,95,105,104,99,96,93,88,88,86,91,95,93,96,100,104,106,108,74,50,61,65,35,72,184,191,192,193,195,194,199,198,197,198,199,199,200,200,203,204,205,208,210,212,212,214,216,217,219,221,221,222,222,222,223,223,223,222,222,223,223,223,223
215,216,216,216,217,217,217,217,218,218,218,218,219,218,219,219,220,220,220,220,220,220,220,220,221,221,222,221,221,221,221,222,222,222,221,221,222,222,222,222,222,222,222,221,219,218,214,212,210,127,59,31,41,72,65,64,63,65,64,63,60,56,54,51,49,51,34,30,24,32,67,106,122,62,19,12,11,18,21,27,34,41,51,54,48,45,45,51,54,64,46,48,49,36,41,47,52,60,62,65,67,68,73,72,71,75,78,80,81,70,74,61,50,46,44,41,52,60,56,64,45,47,67,83,89,112,102,64,51,50,48,42,39,44,52,67,84,90,100,121,101,100,104,94,92,90,87,92,96,97,95,101,104,108,109,80,57,73,56,27,61,169,191,192,193,194,195,197,197,198,198,199,198,199,200,202,204,206,207,209,212,213,214,216,217,219,221,221,222,222,222,222,222,223,222,222,222,223,222,222
215,215,216,216,217,217,217,218,218,218,218,218,218,218,219,218,220,220,219,219,220,220,220,219,221,221,221,221,221,221,222,222,222,222,221,222,222,222,222,222,222,222,222,220,219,217,214,212,210,92,49,27,42,74,64,63,63,65,64,62,58,53,50,43,32,30,18,12,20,70,127,131,71,24,19,23,12,10,9,13,68,78,44,34,30,30,41,47,52,56,52,44,48,40,35,39,44,53,60,63,68,67,74,72,74,75,76,79,83,75,64,55,42,38,42,44,52,57,67,58,69,70,81,72,60,41,39,37,33,33,20,20,37,69,70,48,38,56,111,116,102,96,109,95,94,89,91,94,100,98,98,100,103,107,110,75,62,84,42,18,56,148,191,192,193,195,196,196,197,198,197,199,200,200,202,203,204,206,208,209,212,213,214,216,217,219,221,221,222,222,222,222,222,223,223,222,222,222,222,222
215,215,215,216,216,217,217,217,217,217,217,217,218,218,218,219,219,219,220,220,220,220,220,219,220,221,221,221,221,222,221,221,222,222,221,221,222,221,222,222,222,222,221,220,219,217,215,212,199,71,35,28,40,75,64,62,63,63,63,60,55,49,46,41,37,30,24,12,30,61,80,91,24,21,9,22,8,7,5,10,33,118,129,82,41,31,33,37,22,23,34,43,44,42,35,38,41,50,56,65,66,65,74,72,76,77,76,75,74,68,61,48,36,36,48,39,42,55,55,35,24,30,35,40,58,97,99,29,13,15,15,16,18,43,130,158,121,55,47,79,94,92,100,96,92,92,96,97,103,97,97,100,104,106,113,77,82,92,30,17,50,123,189,192,194,196,196,196,198,198,199,199,200,200,202,203,205,206,208,210,212,213,214,217,217,220,221,221,222,222,222,222,222,223,222,222,222,223,221,222
215,215,215,216,216,217,216,216,216,217,217,218,217,218,218,219,219,219,220,220,219,219,219,219,219,220,220,221,221,221,221,221,221,221,221,221,221,222,222,222,221,221,221,220,219,217,215,212,177,65,22,34,37,85,63,61,62,63,63,60,54,47,41,43,65,60,55,44,26,28,36,13,9,15,9,6,27,6,7,7,14,101,116,108,71,58,46,67,42,30,47,59,49,39,35,43,44,51,54,59,62,70,75,74,72,72,75,73,75,67,54,47,33,46,56,34,24,16,23,36,57,56,60,102,142,136,50,11,8,19,15,11,10,19,58,154,170,144,65,31,61,64,58,71,85,96,101,103,101,96,96,99,105,105,112,85,100,100,22,13,39,98,189,191,194,196,195,197,198,198,198,200,200,200,202,204,205,206,209,210,211,214,215,217,218,220,221,221,221,222,221,222,222,222,223,222,222,222,222,222
214,215,215,216,216,216,217,216,217,217,217,217,217,218,217,218,218,219,219,219,219,219,219,219,219,220,220,220,221,221,221,220,220,221,221,221,221,221,222,221,221,222,221,220,218,217,214,211,162,63,20,38,43,87,64,63,63,63,62,62,60,47,50,57,65,57,53,49,46,43,34,23,14,9,5,8,94,9,7,5,6,56,73,58,31,24,27,31,35,50,48,56,49,43,35,42,46,51,56,62,64,71,78,78,77,78,77,81,81,67,50,41,35,58,66,49,34,29,65,62,62,102,109,135,146,111,21,10,8,22,9,6,16,49,44,124,159,158,114,26,10,28,61,73,76,94,100,103,99,97,98,99,104,104,109,100,118,89,17,14,24,87,180,191,194,195,197,197,198,198,198,199,200,201,203,204,205,206,209,210,212,214,215,217,219,220,221,221,221,221,222,222,222,222,222,222,222,222,221,221
215,215,215,216,216,215,216,217,216,216,217,216,217,217,218,218,218,218,219,219,219,219,220,219,220,220,220,220,220,220,221,221,221,221,221,221,221,221,221,222,222,221,220,220,218,217,214,212,148,62,18,43,45,78,67,64,63,63,62,64,68,42,39,59,56,50,49,46,45,46,47,47,47,48,43,46,32,34,27,25,22,23,24,26,28,29,33,32,38,49,53,54,53,49,43,47,50,56,61,65,68,75,80,81,78,80,80,84,82,65,50,45,47,61,66,54,65,40,23,15,24,46,86,114,136,95,17,15,8,22,97,6,19,93,80,122,126,116,64,13,23,60,70,77,85,97,100,101,100,98,98,99,102,104,109,101,121,75,15,18,16,65,163,192,194,195,197,197,198,198,199,200,201,201,203,204,206,206,208,211,213,214,216,217,218,220,221,221,221,221,221,222,222,222,222,222,221,222,222,221
214,215,215,215,215,215,215,216,216,216,216,217,216,217,218,218,218,218,218,219,218,219,219,219,219,220,220,220,220,220,221,220,221,220,220,220,221,221,220,221,221,221,220,219,217,216,214,213,132,61,20,47,48,77,67,65,65,65,65,66,72,49,27,35,51,46,44,45,44,46,48,53,68,79,79,82,77,74,54,48,42,40,35,30,34,33,28,31,39,52,54,53,53,51,49,48,52,55,59,64,69,75,77,78,77,82,87,89,82,68,53,49,58,60,60,62,51,37,40,32,23,19,33,70,96,82,18,13,7,59,101,8,14,7,18,69,63,33,25,55,90,99,95,86,93,92,103,101,99,99,99,101,102,104,110,96,128,73,17,22,16,64,142,191,193,195,197,197,199,198,200,201,202,202,203,204,206,207,209,211,213,215,216,218,219,220,221,221,222,222,221,221,222,222,222,222,222,222,222,221
213,214,214,215,215,214,215,216,216,216,216,216,216,217,217,217,217,217,218,218,218,219,219,219,219,219,220,220,220,220,221,221,220,220,220,220,220,220,221,221,221,220,220,219,216,215,213,211,117,62,21,52,52,74,68,66,66,69,71,73,79,65,47,22,39,44,45,43,45,47,50,55,58,65,65,62,61,55,51,49,42,39,33,32,33,26,30,46,51,51,51,52,52,51,52,49,53,53,57,69,73,78,83,81,80,81,82,83,83,72,60,59,58,55,49,49,52,50,25,28,27,25,25,23,23,30,11,6,8,34,11,5,6,7,7,19,40,59,101,117,100,93,95,83,63,87,105,97,97,96,95,100,102,106,110,85,121,72,18,23,16,51,118,191,193,195,197,199,199,199,201,202,201,202,203,206,207,208,210,212,213,215,216,218,218,219,220,222,222,222,221,222,222,221,221,222,221,222,222,222
213,214,214,214,214,214,215,215,216,215,215,216,216,216,217,217,217,217,218,217,218,219,218,218,218,218,219,220,219,219,220,220,220,220,219,220,220,220,220,221,221,220,220,218,216,215,213,209,102,58,25,51,54,74,69,68,69,71,72,75,76,71,63,48,21,36,42,43,46,47,51,56,57,61,63,61,59,56,52,50,39,34,34,30,26,33,44,51,52,53,52,52,53,52,54,52,52,52,56,67,72,77,79,82,84,85,85,79,75,72,62,58,58,58,48,49,49,53,49,27,31,33,26,33,31,31,33,31,36,38,31,44,45,47,62,78,76,85,106,100,82,89,86,47,59,105,102,100,101,100,101,103,102,106,112,82,106,74,21,35,17,40,90,187,193,195,197,198,200,200,201,202,203,203,205,206,207,208,210,212,214,215,216,217,219,220,221,222,221,221,222,221,221,221,221,222,222,222,222,222
213,213,214,214,214,215,215,215,215,215,216,216,216,216,216,216,217,217,217,217,218,218,218,218,218,218,218,219,219,219,219,220,219,219,219,219,220,220,220,220,220,220,219,218,216,214,212,209,92,51,30,55,56,76,72,70,70,72,73,76,74,70,67,64,53,30,28,39,44,47,51,55,54,61,62,61,61,59,52,42,34,31,30,29,38,49,58,57,58,61,56,56,53,52,58,54,53,53,52,58,68,76,75,79,74,75,73,69,64,61,61,58,55,54,54,53,54,56,53,49,26,30,30,34,32,38,45,45,67,88,95,67,60,51,54,59,58,67,72,83,84,82,59,41,87,108,102,105,107,104,104,105,103,108,116,76,101,84,28,35,29,30,80,172,193,195,197,198,199,201,201,202,203,204,205,207,208,209,211,213,214,216,217,217,219,219,221,221,221,221,222,222,221,221,221,222,222,222,222,221
213,213,214,213,214,214,214,214,216,215,216,216,216,216,216,216,217,216,217,217,217,217,218,217,218,218,218,218,219,219,219,219,219,219,219,220,219,220,220,220,220,220,220,218,217,214,212,209,79,38,49,59,49,76,74,73,72,75,74,76,74,70,68,70,69,63,35,24,26,36,47,50,54,58,60,57,57,53,45,35,29,31,34,47,57,67,71,68,63,58,56,55,54,56,55,53,51,50,50,57,65,69,70,66,64,61,60,60,56,58,58,57,56,57,59,60,61,63,63,58,49,23,27,30,33,45,50,57,53,50,48,46,42,43,49,58,60,66,77,88,87,61,38,71,104,109,105,106,109,105,103,103,103,111,119,65,89,104,58,31,30,17,58,155,192,194,197,199,200,201,202,202,203,204,206,207,208,210,212,214,214,216,217,218,219,220,221,222,222,222,221,222,222,222,222,222,221,221,222,221
213,213,214,214,214,214,214,214,215,215,215,215,215,215,216,216,216,216,217,217,217,217,217,218,217,218,218,218,218,218,219,219,219,219,219,219,220,219,220,220,220,220,219,218,216,214,212,199,50,43,66,49,44,77,76,74,75,77,76,75,73,71,71,74,74,70,65,64,49,33,34,33,39,46,47,50,50,44,39,42,52,60,69,73,76,74,70,65,61,60,61,55,53,52,53,53,60,59,59,61,63,65,68,67,63,54,56,57,57,57,56,61,60,58,59,62,63,72,74,73,62,50,27,25,28,46,60,61,63,69,60,47,42,47,53,67,66,70,70,74,57,33,71,99,111,112,108,106,110,104,103,108,105,114,114,52,67,95,108,54,28,16,51,141,193,195,197,199,199,201,201,203,204,204,206,208,209,211,212,214,216,216,217,218,219,220,221,222,221,221,221,221,222,221,221,222,221,222,221,221
212,213,214,213,214,213,214,214,215,215,215,214,214,214,215,216,215,216,216,217,217,217,217,217,217,217,218,217,218,219,218,218,218,219,219,219,219,219,219,219,219,220,219,218,216,214,211,146,66,72,55,45,41,76,76,77,77,77,77,74,73,71,72,74,78,77,74,73,74,77,71,71,70,68,68,70,70,73,78,80,81,80,79,79,76,73,70,66,61,59,60,57,54,51,52,54,60,65,73,75,69,69,67,64,65,66,67,68,63,61,60,63,62,59,59,62,65,79,79,81,79,74,65,53,36,29,42,46,45,40,35,33,38,40,48,51,50,46,43,41,49,78,100,114,115,105,109,114,111,103,104,108,107,116,105,36,46,73,100,105,46,17,44,128,194,196,198,199,200,201,201,203,203,204,207,209,210,211,214,214,216,217,217,217,219,220,221,221,222,221,221,221,221,222,221,221,221,221,221,221
213,213,213,214,214,214,214,215,215,215,215,214,214,214,214,215,215,215,215,216,216,217,217,217,217,217,217,217,217,218,218,218,218,219,218,219,219,219,220,220,219,220,219,218,216,213,210,126,76,62,50,44,38,76,79,80,77,77,77,75,72,65,71,71,75,77,75,75,80,82,80,84,86,90,90,94,93,91,87,85,81,75,74,73,70,69,67,65,59,59,59,55,50,48,51,54,60,68,78,80,73,72,75,74,67,71,73,73,69,67,67,64,63,64,69,66,64,74,78,81,82,85,83,80,75,66,55,49,44,46,44,32,31,32,37,41,54,65,73,82,103,109,112,116,114,105,106,111,111,107,103,107,109,114,97,24,32,52,76,99,102,38,40,127,193,195,197,198,199,201,203,204,205,206,208,209,211,211,214,215,216,217,217,218,219,221,221,221,221,221,221,221,221,221,221,221,221,221,221,221
212,213,213,213,213,214,214,214,214,214,215,214,214,214,214,214,215,215,215,216,216,216,216,217,217,217,217,217,218,218,218,218,218,218,219,219,220,219,219,219,219,219,218,218,215,213,210,157,75,61,50,44,35,79,79,79,77,76,76,74,74,67,68,68,71,74,75,76,79,81,81,83,89,88,87,91,91,86,82,77,72,71,64,62,62,64,64,63,60,60,58,53,47,48,53,59,63,72,78,79,76,83,78,78,77,81,79,80,84,73,67,66,66,65,70,68,65,66,69,73,77,80,85,90,90,94,94,90,91,87,87,81,85,87,86,89,92,89,92,96,106,113,112,113,110,107,109,109,112,112,103,105,109,113,107,25,28,38,50,68,94,103,95,141,194,194,197,199,200,202,203,204,206,207,209,210,211,212,214,215,216,217,218,218,219,220,220,221,221,221,221,221,221,222,221,221,221,221,220,221
212,212,213,213,213,214,214,214,214,214,214,214,214,214,214,214,214,215,214,215,216,216,216,216,217,217,217,217,218,218,218,218,218,218,218,219,219,218,219,219,219,219,218,217,215,213,211,204,119,65,50,39,45,79,80,81,74,74,72,71,73,73,70,70,71,73,75,76,78,78,79,80,83,82,77,77,77,72,63,61,58,57,61,64,65,65,67,64,62,57,59,59,56,58,58,63,68,72,82,87,89,87,91,86,86,85,80,78,80,73,66,68,69,63,65,63,64,64,63,64,66,71,78,80,83,88,88,91,92,92,92,89,90,92,94,93,98,98,100,97,104,106,109,115,112,106,109,113,115,116,105,105,110,114,121,136,46,34,42,51,70,88,104,174,193,195,197,200,201,203,204,206,207,208,208,211,212,213,214,215,215,217,217,219,219,220,220,221,221,221,221,221,221,221,222,221,221,221,220,221
212,212,212,212,213,213,213,213,213,213,214,214,213,214,214,214,214,215,215,215,216,215,216,216,216,216,216,217,218,217,218,217,218,218,218,218,219,218,218,218,219,219,217,216,215,213,211,207,203,162,126,140,134,77,83,83,75,72,71,70,71,73,69,70,71,72,75,76,75,74,73,72,71,72,68,68,61,60,59,59,57,58,60,66,65,68,66,64,64,61,64,66,67,67,68,68,78,82,93,93,92,90,87,93,85,84,79,78,78,76,67,64,65,63,62,62,62,61,60,63,68,74,73,71,74,76,78,84,87,89,89,88,89,90,92,91,96,99,99,99,103,101,106,109,110,112,114,114,117,122,110,108,111,113,126,174,159,85,46,52,62,89,166,192,194,195,199,199,202,204,205,206,207,208,210,211,212,214,215,215,216,216,218,219,219,220,220,220,221,221,221,221,221,221,221,221,221,221,220,221
211,212,212,212,213,213,213,213,213,213,213,213,213,213,214,214,214,215,215,215,215,215,216,216,216,216,216,217,217,217,217,217,217,217,217,218,218,218,218,219,219,219,217,216,215,213,210,208,206,201,200,198,147,80,83,84,74,71,71,70,69,72,71,73,73,73,74,74,71,70,70,70,68,64,56,55,54,58,59,60,53,57,60,64,67,71,69,70,68,69,73,74,71,71,75,77,85,86,98,98,91,90,89,90,85,82,79,76,72,72,66,69,68,67,67,68,67,62,58,64,64,69,70,74,78,78,73,77,77,79,84,85,88,87,91,93,93,97,97,103,100,100,104,103,109,113,112,115,117,120,110,109,112,115,119,169,176,167,147,134,147,178,189,193,194,196,199,201,202,204,206,207,209,210,210,212,213,214,214,216,217,217,218,219,220,220,220,221,221,221,221,221,221,221,221,220,221,221,220,219
211,211,212,212,212,212,213,213,213,213,213,213,213,213,213,214,214,214,215,215,215,215,215,216,216,216,216,216,217,217,217,217,217,217,218,218,218,218,218,218,218,218,217,216,215,213,210,209,206,204,201,188,138,76,82,87,79,74,69,67,67,68,68,69,69,70,71,64,70,68,69,67,62,59,54,53,55,57,58,59,63,65,67,74,75,77,79,78,80,81,78,75,75,78,78,81,88,93,100,96,93,91,89,84,89,83,84,76,75,78,76,76,74,69,69,70,70,69,62,63,65,67,72,75,82,82,83,83,81,78,81,86,87,87,92,104,104,91,95,94,87,93,98,96,100,109,115,118,120,116,113,112,113,115,92,162,175,180,178,182,184,188,190,193,194,195,199,201,203,204,206,208,209,210,212,212,214,214,214,216,217,217,218,219,220,221,221,221,221,221,221,221,221,221,221,221,221,221,220,220
211,211,212,212,212,213,213,212,213,213,213,213,213,213,213,213,213,214,214,215,214,215,215,215,216,216,216,216,217,216,217,217,217,217,218,217,218,217,217,217,218,218,217,216,214,213,211,208,207,205,203,180,115,79,81,88,77,71,67,67,64,63,63,64,65,63,59,62,65,65,65,62,57,53,53,55,56,59,61,62,64,70,76,78,86,86,89,87,81,85,91,88,83,81,83,85,95,96,92,92,91,87,85,88,90,91,92,86,90,90,85,85,86,85,88,88,83,79,79,75,74,76,74,74,73,73,70,73,78,81,81,87,88,87,87,94,96,88,86,87,92,95,104,107,106,110,116,118,117,115,113,113,114,115,78,141,176,179,181,185,186,189,191,193,194,196,199,203,204,206,207,209,210,211,212,212,214,214,215,216,216,217,218,219,220,220,221,221,221,221,221,221,221,221,221,221,221,221,220,220
211,211,211,212,212,212,212,212,212,213,212,213,213,213,213,213,213,213,214,214,214,215,215,215,215,215,216,216,215,216,216,216,216,217,218,217,217,217,217,217,217,217,216,215,214,213,211,209,207,206,204,188,103,80,82,86,77,71,69,65,61,58,58,59,59,59,55,54,59,61,61,56,52,52,52,59,64,66,66,64,69,82,70,85,84,90,91,90,88,94,101,102,99,88,88,91,94,95,95,91,86,77,82,88,90,93,96,92,98,100,97,98,101,100,97,100,98,90,82,84,82,79,76,78,73,66,67,66,61,72,78,83,81,81,84,86,91,90,90,97,96,93,89,105,106,107,111,114,114,114,114,113,114,115,74,138,179,180,183,186,187,191,192,193,195,198,201,203,205,207,208,210,210,212,212,214,215,214,215,216,217,218,219,220,220,220,220,221,220,221,221,221,221,220,221,221,221,221,220,220
211,211,210,211,211,211,211,212,212,212,212,212,213,212,212,213,213,213,214,214,214,214,214,214,215,215,215,216,215,216,215,216,216,216,217,217,216,216,217,217,217,217,217,215,214,213,210,209,207,206,202,200,119,83,82,83,80,70,66,64,59,56,56,57,56,56,54,42,46,55,56,52,52,54,56,60,64,68,66,64,83,77,82,89,88,95,105,104,105,106,101,104,102,95,97,95,93,92,99,86,84,75,83,89,90,91,94,95,101,105,107,108,111,108,104,110,108,96,86,84,87,84,83,84,81,74,76,64,57,59,75,73,81,82,84,90,96,94,91,100,96,99,99,104,105,101,108,113,115,115,116,113,115,116,77,151,178,181,184,186,187,191,192,194,197,198,201,203,205,207,208,209,211,212,213,214,215,216,216,216,217,218,219,220,220,219,220,221,221,221,221,220,221,221,221,221,221,221,219,220
210,210,211,211,211,211,211,212,212,212,212,211,211,211,211,212,212,213,213,213,213,213,213,214,214,215,215,215,216,215,215,216,216,216,216,216,217,217,217,217,217,217,216,215,214,211,210,208,207,205,202,197,120,85,80,78,82,75,69,62,59,55,54,54,53,52,54,48,52,54,56,55,59,59,58,59,66,68,69,73,78,79,84,91,92,98,103,104,107,107,105,105,109,107,101,95,92,92,93,87,81,77,80,89,89,89,96,95,99,102,102,98,108,105,102,109,107,98,89,88,89,84,86,88,85,75,77,70,64,65,74,76,83,82,85,90,97,90,89,90,91,93,99,101,104,103,108,108,114,116,117,115,115,115,88,152,175,181,183,186,190,192,193,195,198,200,202,205,206,208,209,210,212,213,214,214,215,216,216,217,217,219,219,220,220,219,220,220,220,220,221,220,221,221,220,221,220,220,220,220
210,211,210,210,210,211,211,211,211,211,211,211,212,211,212,211,212,213,213,213,213,214,213,214,214,214,214,215,215,215,215,216,216,216,216,216,217,217,217,217,217,217,216,214,213,212,210,209,207,206,203,189,112,81,79,77,82,74,70,64,59,53,52,51,54,56,56,56,54,53,55,56,59,63,61,66,68,69,71,71,77,82,84,92,94,96,105,110,112,111,109,104,100,99,97,92,90,93,94,93,89,82,76,83,75,84,93,93,95,96,97,95,98,102,102,103,101,104,91,86,85,83,84,84,87,85,86,82,77,82,96,92,84,84,84,92,91,89,92,82,88,97,102,98,97,101,103,108,114,116,117,117,116,112,85,149,173,180,185,188,190,192,194,197,199,203,204,206,208,209,209,211,212,213,214,215,215,217,217,217,217,219,219,220,220,220,220,220,220,220,221,220,220,220,220,220,220,220,220,220
209,210,210,210,210,210,210,211,211,211,211,211,211,211,212,212,212,212,212,213,213,213,213,214,214,215,214,215,215,215,215,215,216,216,216,216,216,216,216,216,216,217,215,214,213,212,209,209,208,205,203,170,84,80,78,77,80,75,69,65,60,56,51,52,55,57,57,55,55,55,55,58,61,67,70,70,73,76,74,78,80,82,83,88,93,95,97,103,104,104,102,97,93,90,86,88,91,87,85,85,86,83,81,90,86,85,92,88,89,93,94,91,93,92,93,95,95,98,91,87,85,83,83,86,85,87,83,92,97,84,90,93,86,88,91,87,83,81,79,76,92,98,96,95,97,101,102,107,113,118,117,117,116,107,69,146,178,183,186,189,191,193,196,198,200,203,205,206,208,210,210,211,212,212,214,214,215,217,217,218,218,219,219,220,220,220,220,220,221,220,220,220,221,220,220,220,220,219,220,220
209,209,210,209,210,210,210,210,210,211,211,211,211,211,211,211,211,212,212,212,212,213,213,213,213,214,214,215,214,214,214,215,215,215,215,215,216,216,216,215,216,216,215,214,213,212,210,208,208,205,204,173,75,81,80,76,77,76,70,66,64,59,58,55,56,55,58,59,59,59,55,60,62,70,71,72,77,78,79,82,85,84,82,85,88,93,91,91,94,95,102,95,91,86,88,92,92,83,83,81,84,82,83,90,87,84,84,86,91,88,86,89,88,87,86,84,87,87,85,84,83,82,82,86,84,83,82,86,91,81,94,95,89,99,87,94,88,83,86,84,90,89,91,97,98,98,102,108,114,119,118,117,116,106,70,154,178,184,187,189,192,195,197,200,202,204,206,208,210,211,211,211,212,214,214,215,215,216,217,218,218,219,219,219,219,220,220,221,220,220,220,220,220,220,221,220,220,218,220,219
209,210,210,209,209,210,210,210,210,210,210,211,211,211,211,210,211,211,212,212,212,212,212,213,213,214,214,214,214,214,214,214,215,215,215,215,216,216,216,216,215,216,215,214,212,211,209,208,207,205,203,192,91,80,81,76,74,75,72,67,65,63,60,58,64,64,64,63,65,66,63,67,68,72,75,77,80,79,78,84,83,85,81,81,81,89,87,87,88,90,102,98,88,85,88,87,84,77,81,81,81,74,82,89,82,85,85,84,88,81,80,90,86,83,80,77,78,83,85,83,83,82,82,84,84,83,83,83,87,93,95,94,93,95,97,98,94,91,87,75,91,90,87,94,96,98,102,107,115,118,118,117,116,106,57,140,177,186,188,191,194,196,198,201,203,205,207,209,210,212,211,211,213,214,214,215,216,217,218,219,218,219,219,220,220,220,220,220,220,220,220,220,220,220,220,220,221,219,220,220
209,209,210,209,209,209,209,209,209,210,210,210,210,210,209,208,209,210,212,212,212,212,212,212,213,213,213,214,214,214,214,214,214,215,215,215,215,216,216,215,215,215,214,214,212,211,209,208,206,205,204,202,94,79,80,76,74,75,73,68,66,64,63,62,66,68,70,71,70,72,71,71,73,75,76,80,80,81,80,85,84,84,83,79,83,89,92,90,92,92,92,93,86,83,83,88,76,60,73,82,75,73,80,84,83,84,80,80,82,76,77,82,83,82,80,83,79,80,81,83,79,80,80,81,83,83,81,83,83,92,94,101,97,103,97,95,102,98,88,84,82,88,99,95,96,101,103,110,116,117,117,115,115,100,52,137,182,186,189,192,195,198,200,202,204,206,208,210,211,211,212,212,213,214,215,216,216,217,218,219,218,219,219,220,219,219,220,220,220,219,220,220,220,220,219,220,220,220,219,220
209,209,209,209,208,209,209,209,209,209,209,210,210,210,209,208,208,211,211,211,211,212,212,212,213,213,213,213,214,213,213,214,214,215,214,215,215,215,215,215,215,215,214,213,212,210,209,208,207,205,205,192,86,75,77,75,74,74,73,68,67,65,64,64,66,69,71,71,71,73,73,74,74,75,77,79,81,82,85,89,88,85,82,81,86,90,94,98,91,90,91,86,81,79,77,86,84,80,85,86,74,78,80,80,81,81,80,80,80,82,80,79,83,81,76,76,76,78,79,78,77,79,80,84,82,83,82,84,87,85,95,94,96,95,97,93,98,92,86,88,90,96,96,95,100,102,106,112,116,116,115,114,114,97,54,161,185,188,190,194,195,197,201,203,205,207,209,210,211,212,213,213,214,215,215,216,216,218,219,219,219,219,219,220,219,219,219,219,220,220,220,219,220,220,220,220,219,219,219,220
209,209,209,209,209,209,209,209,210,210,209,209,209,210,210,209,209,209,210,210,211,211,211,212,211,212,212,213,213,213,213,213,214,214,214,215,215,215,215,215,215,215,214,213,211,210,209,207,207,206,204,196,102,71,80,75,73,74,74,69,68,67,64,65,67,68,69,70,70,70,71,71,73,73,77,79,80,81,82,83,85,86,84,84,89,85,86,92,93,92,90,81,78,79,77,81,83,80,78,80,74,77,76,79,78,81,81,87,86,85,81,82,80,80,78,79,78,76,77,77,78,79,81,88,87,83,81,82,81,85,87,92,94,95,96,110,104,95,96,94,92,92,95,98,103,107,110,112,114,114,112,112,111,92,59,157,185,189,193,197,199,201,204,205,206,208,210,211,211,212,213,213,213,215,216,217,217,219,218,218,218,219,219,219,219,219,220,219,220,220,220,220,220,220,220,220,220,219,220,219
208,208,209,209,209,208,208,208,209,209,209,209,209,209,209,208,209,209,210,210,210,211,211,211,212,212,212,212,212,212,213,213,213,214,213,214,215,215,215,214,214,214,213,212,211,210,209,208,207,206,205,197,119,65,75,75,75,75,73,71,69,68,66,65,66,66,67,68,68,68,68,66,68,68,70,72,73,73,76,81,84,84,84,86,86,81,79,85,87,90,86,77,78,76,78,80,80,78,76,75,75,76,77,80,79,84,89,91,88,86,83,81,81,83,86,82,78,77,76,80,80,81,80,82,84,79,77,80,81,84,87,89,92,94,95,107,104,98,95,94,95,95,96,101,104,108,109,111,110,112,110,109,109,92,61,160,185,188,194,197,200,203,206,206,207,208,210,211,211,213,213,214,215,215,216,217,218,218,219,219,218,219,219,219,219,219,220,220,220,220,220,220,220,220,220,219,219,219,219,219
208,208,208,208,209,208,208,209,209,209,209,210,209,209,209,209,209,209,209,210,210,210,211,211,211,212,212,213,213,212,213,213,213,213,213,214,214,214,214,214,214,214,214,212,212,210,209,208,207,206,205,193,120,57,76,75,74,74,73,71,69,67,67,66,66,66,67,68,67,66,64,64,64,64,65,67,70,73,73,80,84,87,88,85,85,79,78,83,84,85,80,78,74,75,78,76,77,78,78,79,77,80,80,82,84,83,83,83,87,88,85,81,81,86,85,83,78,77,74,81,80,81,79,80,82,81,81,79,78,80,84,86,93,92,94,102,100,97,95,97,94,97,99,103,107,106,105,108,108,111,107,106,104,91,71,176,190,191,195,198,201,204,206,207,208,210,211,211,212,213,213,214,215,216,217,218,218,218,219,219,218,219,219,219,219,219,220,220,220,220,220,220,220,220,220,220,220,219,220,219
208,208,208,208,209,208,208,208,209,209,208,208,209,209,209,208,208,208,209,210,210,210,211,211,211,211,212,212,212,212,212,212,213,213,213,214,214,214,214,214,213,214,213,213,211,210,209,208,207,206,204,198,141,57,70,74,72,73,72,71,69,67,65,65,65,65,65,66,66,66,65,64,64,64,66,73,73,76,77,78,84,88,88,87,81,77,77,79,82,82,75,74,70,83,83,84,78,75,79,84,83,84,83,84,84,80,78,79,80,81,83,85,81,83,83,82,79,79,78,79,77,77,81,79,83,82,79,81,78,80,84,86,90,89,93,97,98,97,92,93,97,102,107,104,110,102,101,105,110,107,104,101,89,70,89,177,191,194,197,200,203,205,207,209,209,210,211,211,212,213,213,214,216,216,217,218,218,218,219,218,219,219,219,219,219,219,219,220,219,219,220,220,220,219,220,220,219,219,219,219
208,208,208,208,208,208,208,208,208,208,208,208,209,209,208,208,208,208,209,210,210,210,210,211,211,211,211,212,211,213,212,213,213,213,213,213,214,214,214,214,213,213,213,212,212,210,209,208,207,205,204,202,171,66,67,73,73,73,73,71,69,67,66,65,65,64,64,65,66,65,64,64,66,66,70,75,79,77,76,61,77,83,85,86,82,79,78,77,77,76,74,75,74,77,77,76,77,82,80,84,82,84,83,83,79,78,77,73,73,74,79,84,81,81,79,76,75,75,80,77,76,76,85,81,82,83,82,81,79,83,86,86,86,91,93,92,93,92,90,93,99,98,98,102,105,101,100,105,108,106,102,91,89,64,107,191,193,197,199,202,204,205,207,209,209,210,211,211,212,214,213,215,215,216,217,218,219,219,219,219,218,219,219,219,219,219,219,219,219,219,219,219,220,220,220,220,219,219,219,219
208,208,208,207,208,208,208,208,208,208,208,208,209,208,208,208,208,208,209,209,210,210,210,210,211,211,211,211,211,212,212,212,212,212,212,213,213,213,213,214,213,213,212,212,211,210,209,208,207,206,205,203,193,81,61,69,74,74,74,72,70,67,67,66,65,64,64,65,65,65,64,64,66,68,71,74,74,75,78,74,78,82,82,81,79,77,78,81,78,77,76,75,74,78,78,78,81,82,78,83,86,84,82,82,80,78,75,73,71,75,71,74,77,76,76,70,67,68,76,76,75,77,78,83,84,82,82,80,88,89,86,86,83,93,91,90,89,89,90,94,98,100,107,103,96,99,101,106,108,104,97,84,91,66,147,193,196,198,201,202,204,206,207,208,209,210,210,212,212,214,214,215,216,217,217,218,218,218,219,218,218,219,219,219,219,219,219,219,219,219,218,219,219,219,219,219,220,218,219,219
207,207,207,207,208,208,208,208,208,208,207,208,208,208,208,208,208,208,209,209,209,209,210,210,211,211,211,211,211,211,211,212,212,212,213,213,213,213,213,213,213,213,212,212,211,210,209,208,207,206,205,204,196,114,58,66,74,75,74,72,70,68,68,67,66,64,64,64,66,65,63,63,66,68,69,72,72,74,80,79,81,81,80,77,77,74,75,76,79,74,75,73,73,78,78,77,79,80,82,82,83,85,84,84,83,79,75,72,70,70,69,67,70,72,78,69,67,69,76,75,73,75,76,77,80,81,82,79,86,85,86,85,85,85,84,83,88,87,90,95,99,101,103,98,99,101,103,106,110,103,93,84,85,60,166,192,199,199,201,203,205,207,208,209,210,211,212,212,213,214,215,216,217,217,217,219,219,219,219,219,218,218,219,218,219,219,220,219,219,219,219,219,219,220,219,218,219,218,219,219
207,207,207,207,208,207,208,207,208,208,208,207,207,207,208,208,208,208,208,208,209,209,209,210,210,210,210,211,211,211,211,211,212,212,212,213,213,213,212,213,213,213,212,212,210,209,209,208,207,206,206,205,200,145,63,66,73,75,74,73,70,69,68,68,67,64,66,65,66,66,64,64,65,64,68,71,73,75,77,79,83,81,80,75,76,74,74,75,77,74,76,76,78,79,79,80,81,79,84,81,81,84,90,87,85,81,77,72,71,73,71,65,67,71,81,75,77,69,69,78,78,73,74,75,79,84,90,86,79,84,86,83,79,82,81,82,89,91,91,96,102,102,102,100,101,103,101,106,107,98,86,81,79,57,169,197,198,200,202,203,206,208,209,210,210,211,213,213,215,216,216,217,217,218,218,219,219,219,218,219,218,219,218,219,219,219,219,219,220,219,219,219,219,219,219,219,219,219,219,219
206,206,206,207,207,207,207,207,207,207,207,207,206,207,207,208,208,208,208,208,209,209,209,210,210,210,210,211,210,211,211,211,211,212,212,212,212,212,213,212,213,213,212,211,210,210,209,208,207,206,206,205,203,180,75,64,73,75,75,73,71,69,68,68,66,65,66,65,66,66,64,63,64,65,67,69,73,74,76,76,81,81,79,74,71,72,73,75,77,79,80,76,79,79,80,81,80,79,88,82,83,82,89,82,81,79,73,71,74,78,79,70,66,72,83,74,78,71,69,74,77,71,73,75,78,82,92,91,89,87,91,88,89,89,87,85,89,84,86,94,100,100,102,102,100,100,104,103,103,96,86,82,68,55,174,196,198,201,202,204,207,209,210,211,211,212,213,214,215,216,217,217,218,218,218,219,218,218,219,219,218,218,218,218,218,218,219,219,219,219,219,219,219,219,219,219,219,218,218,218
206,206,206,206,206,206,206,207,207,207,207,207,207,207,207,208,208,208,208,208,208,209,209,210,210,210,210,209,210,211,210,211,211,211,212,212,213,212,212,212,212,212,212,211,210,210,208,208,207,206,206,205,203,196,103,61,74,76,76,74,71,69,69,68,66,65,65,66,67,65,64,63,64,64,65,66,71,69,74,78,78,78,77,77,75,72,74,74,75,80,80,79,85,85,84,87,85,80,80,83,77,76,80,75,73,73,73,70,71,81,80,71,70,72,80,76,76,73,73,72,72,72,74,80,81,82,99,91,85,87,92,97,89,87,92,91,89,85,90,95,98,100,106,104,101,100,102,102,100,94,85,85,63,103,185,196,198,200,203,204,208,210,210,212,212,213,214,215,216,217,217,217,217,218,218,218,218,218,218,219,218,217,218,219,219,218,218,218,218,218,219,219,219,219,219,219,218,218,218,219
206,206,205,206,206,206,205,206,206,206,206,206,207,206,207,207,207,208,208,208,208,208,209,209,209,209,209,210,210,210,211,210,211,211,212,212,212,212,212,212,212,213,212,211,210,209,209,208,207,206,205,205,203,198,153,64,71,76,77,74,72,70,69,68,66,66,66,65,65,66,66,66,65,64,65,67,70,72,75,75,76,79,81,75,72,71,74,74,75,79,81,80,85,85,82,93,92,89,83,84,75,75,78,75,73,75,74,74,71,70,70,74,68,73,74,74,72,71,74,76,75,73,73,81,84,87,92,92,94,85,93,101,100,90,84,87,89,88,91,93,97,99,106,101,100,101,101,101,98,89,85,78,69,155,191,197,198,201,204,206,208,210,211,212,212,213,215,216,216,217,217,217,217,218,218,218,219,218,218,218,218,218,218,218,218,218,218,219,219,218,218,219,218,219,219,219,218,219,218,219
205,205,205,205,205,205,205,206,206,206,206,207,207,206,207,207,207,207,207,208,208,208,208,208,209,209,209,209,210,210,210,210,212,212,211,211,212,212,212,212,213,212,211,211,211,210,208,208,207,206,205,204,203,202,190,90,69,78,78,75,73,71,69,68,67,65,65,65,66,66,67,67,66,65,65,65,68,72,75,75,76,75,77,75,75,78,75,77,75,81,82,84,85,87,87,84,90,86,84,78,74,77,77,77,77,77,76,76,75,71,70,66,69,73,74,72,77,74,73,78,81,82,75,75,83,86,87,88,85,87,88,99,94,90,84,83,87,90,96,95,97,101,105,103,101,101,98,99,95,88,84,65,107,180,191,199,200,202,205,207,209,210,212,213,214,214,215,216,217,217,218,217,217,218,218,218,218,218,218,219,218,217,218,218,218,217,219,218,218,219,219,219,218,218,218,219,217,218,218,218
205,205,205,205,205,205,205,206,206,206,205,206,206,206,206,207,207,207,207,207,207,208,208,208,209,209,209,209,209,210,210,210,211,211,211,211,211,212,212,212,212,212,212,212,211,210,209,208,207,206,205,205,203,202,195,123,66,77,78,76,72,72,71,69,67,67,67,67,66,66,67,67,68,68,67,66,70,74,76,77,76,76,77,78,77,78,78,80,79,83,86,85,88,87,90,90,91,88,88,83,82,79,78,76,75,76,76,78,76,74,75,64,70,72,75,76,74,73,78,81,80,86,85,83,84,87,84,86,87,86,90,92,90,87,87,85,84,89,93,101,100,100,103,102,100,98,97,97,93,89,85,60,160,187,198,200,202,203,208,209,211,212,213,215,215,215,216,217,217,217,217,217,217,218,218,218,218,218,218,218,218,218,218,218,217,218,218,218,218,218,219,218,219,218,218,218,217,218,219,218
205,205,205,205,206,205,205,205,205,206,205,206,206,206,207,206,207,207,207,207,207,207,208,208,208,208,209,209,209,209,209,210,210,211,211,211,211,211,211,211,211,212,212,211,210,209,208,208,207,206,206,204,204,202,199,171,79,74,80,76,73,71,71,70,68,67,67,66,67,66,68,68,70,72,69,70,71,74,75,75,77,77,77,80,81,80,79,80,79,84,85,87,92,93,94,94,88,90,90,86,87,83,82,81,81,83,82,80,77,80,78,72,70,67,75,77,72,72,76,77,87,89,92,97,88,80,83,86,91,88,88,87,86,85,87,88,88,88,93,101,102,100,100,98,97,96,96,95,92,91,73,92,189,195,195,200,202,204,209,209,211,213,215,215,216,216,217,216,217,217,217,217,217,218,217,217,217,217,218,218,217,218,218,218,218,218,218,218,218,218,218,218,218,218,218,218,217,218,218,218
205,204,204,205,205,206,204,205,205,205,205,206,205,206,206,206,206,206,207,207,207,207,207,208,207,208,208,209,209,209,209,210,210,210,210,210,211,211,210,211,211,211,211,211,211,210,209,208,207,207,205,204,203,202,198,184,137,70,79,78,73,72,71,70,68,67,66,66,72,73,71,70,75,77,70,71,72,74,76,77,79,79,80,82,85,79,79,79,80,81,84,85,85,83,86,89,83,86,91,87,85,83,83,80,85,83,83,83,82,83,82,84,79,77,76,79,80,81,90,82,80,84,79,86,84,81,82,84,85,90,87,87,86,87,89,90,87,88,87,88,98,98,97,96,95,94,95,93,90,87,51,137,195,197,199,203,204,206,209,211,212,214,215,216,217,216,217,217,216,217,217,217,217,218,218,217,217,218,218,217,217,218,218,218,217,217,218,218,218,218,218,218,217,217,218,218,217,218,218,218
204,204,204,204,205,205,205,205,205,205,205,206,205,205,206,206,206,206,206,207,207,207,207,207,207,208,208,209,209,209,209,209,211,210,210,210,210,211,210,211,211,211,211,210,210,209,209,208,208,206,205,205,203,202,200,196,176,88,76,82,75,74,72,70,68,67,67,67,73,72,74,73,79,81,72,71,71,73,74,78,78,81,80,82,85,79,82,80,81,84,85,85,85,86,87,88,84,85,89,86,86,83,82,78,82,80,83,85,85,84,87,87,85,79,78,89,82,91,90,90,83,81,76,82,83,79,84,85,86,86,87,88,88,88,84,84,84,87,87,98,92,94,93,94,92,94,93,93,91,69,91,181,198,200,202,205,206,208,210,212,214,215,216,216,216,217,216,216,217,216,217,217,217,218,218,218,218,218,218,217,217,218,217,217,217,218,218,218,218,218,218,217,217,217,218,218,217,217,217,217
204,204,204,204,204,205,205,205,205,205,204,205,205,206,205,206,206,206,206,207,206,207,207,207,208,207,208,208,209,209,210,210,210,210,210,210,210,210,210,210,211,211,210,210,210,209,209,208,208,207,206,206,203,203,201,199,197,141,71,83,81,75,73,71,68,67,66,67,70,70,72,70,74,74,72,71,71,73,75,77,77,80,81,83,82,78,81,82,80,79,85,83,85,84,84,86,85,84,88,83,82,82,79,77,78,79,78,77,82,86,88,87,83,81,78,83,90,95,95,96,93,86,86,88,83,83,87,86,91,87,88,87,89,90,86,86,87,87,92,90,91,91,91,93,90,91,91,90,82,62,161,196,199,201,204,207,208,210,211,212,214,215,216,217,217,217,216,216,217,217,217,217,217,217,218,218,218,218,218,217,217,218,217,218,217,217,217,217,217,217,217,217,217,217,217,218,217,217,217,217
204,204,204,204,205,204,204,204,205,205,205,205,205,205,205,205,205,205,206,207,207,206,207,207,207,207,208,208,208,209,209,210,209,209,209,209,210,210,210,210,211,211,210,211,210,210,210,209,208,207,206,206,205,204,202,200,198,175,102,82,83,77,75,71,70,67,68,68,68,68,70,70,74,75,72,69,71,72,74,74,74,78,81,84,78,78,79,78,79,71,68,80,81,82,82,83,85,83,87,80,78,78,76,78,77,80,84,80,85,86,84,86,83,81,80,90,90,91,92,94,94,94,93,87,83,83,86,86,90,90,87,87,89,91,89,88,88,88,89,88,89,88,88,89,88,88,88,91,63,106,188,199,201,204,205,208,209,210,212,213,214,215,216,217,217,217,216,217,217,217,217,217,217,218,217,218,217,218,217,217,218,218,217,217,217,217,217,217,218,217,217,217,217,217,218,217,217,217,217,217
204,204,204,205,203,204,204,204,204,205,205,205,204,205,205,205,204,205,205,206,206,206,207,207,207,207,207,208,208,208,208,209,209,209,209,210,210,210,210,210,211,210,210,211,211,210,209,208,208,207,207,205,205,204,203,201,200,194,144,80,84,82,77,72,70,68,69,70,68,67,68,69,71,72,71,69,69,73,75,75,76,79,78,86,81,78,78,81,78,79,73,80,79,81,79,82,80,79,78,78,77,74,76,83,81,82,83,84,82,79,80,84,82,76,78,82,82,82,90,98,97,90,86,84,83,83,85,85,92,91,89,88,90,92,89,87,87,87,87,88,88,88,89,87,86,85,89,79,57,164,195,199,203,205,207,209,210,212,213,213,215,216,216,217,217,217,216,217,216,217,217,218,217,217,217,217,217,217,217,217,217,217,217,217,217,217,217,217,217,216,217,217,217,217,217,217,217,216,217,217
204,203,204,203,203,203,204,204,204,204,203,204,205,204,205,205,205,204,205,206,205,206,206,206,207,207,207,207,208,208,208,209,209,209,209,209,209,209,209,209,210,210,210,211,210,210,209,209,207,207,206,206,204,204,204,201,200,197,155,106,83,84,78,73,71,70,70,71,68,66,68,71,72,73,72,70,71,75,76,75,75,81,74,82,78,78,77,82,79,82,83,81,82,81,81,81,79,76,73,78,79,76,77,83,82,80,86,86,82,75,73,77,76,74,74,76,78,80,84,92,93,86,83,82,83,83,85,85,87,92,89,90,91,90,87,86,86,86,86,86,86,86,88,87,87,85,90,58,118,180,197,201,204,205,208,210,211,212,213,214,215,215,216,217,217,217,217,216,217,217,218,217,217,217,217,217,217,217,217,216,217,217,217,217,217,216,217,217,217,217,217,217,217,217,217,217,216,217,217,217
203,204,203,203,203,203,204,203,204,204,204,204,204,204,205,205,204,205,205,205,205,206,206,206,207,206,207,207,207,208,208,209,208,209,209,210,209,209,210,210,210,210,210,210,210,209,209,208,208,207,207,206,205,204,204,201,200,199,190,161,90,84,79,75,72,72,71,72,68,66,68,69,72,72,70,71,74,73,76,75,77,80,77,80,80,79,78,82,78,78,80,80,79,80,81,81,79,77,72,72,75,73,73,75,76,80,87,84,82,74,71,71,76,75,72,74,74,79,88,81,82,82,80,80,83,82,87,88,92,93,91,90,90,89,86,85,85,85,86,86,86,86,87,86,86,90,70,89,180,200,199,202,205,208,209,209,211,213,214,214,215,216,216,216,217,216,216,216,216,217,217,217,217,217,217,217,217,217,217,217,217,217,217,217,217,217,217,217,217,216,216,216,217,217,217,216,217,217,216,217
203,203,203,203,203,203,203,203,203,203,203,203,203,204,204,204,205,205,205,205,205,206,206,207,206,206,207,207,207,208,208,208,208,208,209,209,208,209,209,210,210,210,210,210,209,209,209,208,208,207,207,206,205,204,204,202,200,200,199,193,129,81,83,79,74,73,73,71,70,67,68,68,70,71,69,71,74,75,74,73,77,77,75,74,75,76,77,79,78,77,77,77,77,78,74,74,69,68,69,72,70,68,69,70,73,75,85,80,76,74,82,74,73,74,73,74,75,74,75,75,77,77,79,80,83,83,83,82,88,90,89,89,87,87,85,84,85,84,85,88,87,86,85,85,86,83,68,146,194,204,204,206,207,208,210,211,212,214,214,214,215,215,217,216,216,217,216,216,216,216,217,217,217,217,217,217,217,217,217,217,217,217,216,217,217,217,216,217,216,216,216,216,216,217,217,216,216,217,216,217
203,203,203,203,202,203,203,203,203,203,203,203,204,204,204,204,204,205,205,205,205,206,206,206,206,206,207,207,207,208,208,208,208,208,208,208,209,209,209,209,210,210,210,210,210,209,209,208,207,207,207,206,204,205,204,202,201,200,198,197,183,130,86,80,77,75,75,72,69,68,69,68,69,70,68,70,71,74,73,72,74,73,75,73,74,76,78,77,76,75,76,75,74,74,72,71,69,66,67,68,69,66,68,69,71,74,80,73,75,74,73,72,74,73,72,71,70,70,71,74,74,75,77,76,78,79,81,83,87,87,86,88,86,86,85,85,87,85,86,87,86,85,85,84,88,57,129,190,195,204,205,207,208,210,211,211,212,213,214,215,215,216,216,216,216,216,216,216,216,216,217,216,217,217,217,217,217,217,216,216,216,216,216,216,216,216,216,216,217,217,217,216,216,216,217,216,216,217,217,217
202,202,202,203,202,202,203,202,203,203,203,203,204,203,204,204,204,204,205,205,205,206,206,206,206,206,206,206,207,207,208,207,208,208,208,209,208,208,209,209,210,210,210,210,209,209,209,208,208,207,207,206,206,204,203,202,201,200,199,198,197,173,117,86,79,78,76,74,71,70,69,69,69,69,68,71,70,73,72,72,72,72,73,74,72,73,72,72,72,72,71,70,71,71,71,69,67,67,65,65,66,64,64,69,70,71,74,68,68,70,70,69,70,72,70,69,71,71,71,73,73,75,76,74,75,77,78,81,83,83,86,85,86,86,86,86,88,87,85,86,86,85,85,89,73,101,180,196,200,203,206,207,207,209,210,212,213,214,214,214,215,215,216,215,216,216,216,216,215,216,216,215,216,217,217,217,216,217,216,216,216,216,216,216,216,216,216,216,217,217,216,216,216,216,216,216,216,216,216,217
202,202,202,202,202,203,203,202,203,202,203,203,203,204,204,205,204,204,204,205,205,205,205,206,206,206,206,206,206,207,207,207,207,208,208,208,208,209,208,209,210,209,209,210,209,209,208,208,207,207,206,206,205,204,203,202,201,201,198,198,196,189,164,107,84,78,75,73,74,73,71,69,68,69,69,69,69,70,71,70,69,69,71,70,70,71,72,70,70,68,69,70,70,69,67,66,65,66,66,65,65,64,64,68,69,70,70,67,63,64,67,66,67,70,69,69,70,71,70,72,73,74,75,75,73,75,78,80,82,83,85,84,84,85,85,86,87,86,85,86,85,87,90,80,78,162,198,201,202,203,206,208,208,209,211,211,213,214,213,214,215,215,216,215,215,216,216,216,215,216,216,216,216,216,216,216,216,216,215,216,216,216,216,215,216,217,215,216,216,217,216,216,216,216,217,215,216,216,216,217
201,202,202,202,202,202,202,202,202,202,203,203,203,203,202,204,204,204,204,205,205,205,206,206,206,206,206,206,206,207,207,207,208,208,208,208,208,208,208,209,209,209,209,209,209,208,208,208,207,207,206,206,205,205,204,203,201,200,199,198,197,197,194,169,98,81,77,75,76,74,71,68,68,68,69,69,69,69,69,68,67,67,68,67,69,68,68,70,68,69,69,69,69,68,67,67,64,64,63,63,64,65,64,65,67,68,68,66,64,65,67,66,67,69,69,70,70,70,70,72,73,75,75,74,74,75,76,77,79,81,81,82,82,84,85,86,86,86,85,85,85,91,90,68,146,179,199,203,204,205,207,208,209,210,211,212,213,214,213,215,214,214,215,215,215,215,216,215,216,216,216,216,216,216,216,216,216,216,215,217,216,216,216,216,216,216,216,217,216,215,216,216,216,216,216,216,216,216,216,216
201,202,201,202,202,202,202,202,202,203,202,202,203,203,203,204,204,204,204,204,205,205,205,205,205,206,206,206,206,207,207,207,207,208,207,208,208,209,209,208,209,208,209,209,209,209,208,208,208,206,206,206,206,205,205,203,202,201,200,199,199,198,198,193,150,91,81,77,76,75,72,70,68,68,68,69,69,68,69,67,64,65,66,67,65,63,60,64,67,67,68,67,67,67,65,66,64,63,62,63,65,63,64,64,67,66,65,65,67,67,66,65,66,67,69,67,68,69,70,70,73,73,73,72,74,73,74,76,78,79,79,82,84,85,87,88,87,87,86,85,89,94,82,136,181,196,201,204,205,206,207,208,209,210,211,212,213,213,213,214,216,215,215,215,215,215,215,215,215,216,216,216,216,216,216,217,216,216,216,216,216,216,217,216,216,217,216,216,215,215,215,216,216,215,216,215,215,216,215,215
201,201,201,202,202,201,202,202,202,202,202,202,202,203,204,204,203,204,204,205,204,205,205,205,205,205,206,206,206,207,207,207,207,208,207,208,208,208,208,208,208,209,209,209,209,208,207,208,207,207,207,206,206,205,204,204,203,202,201,200,199,199,199,197,190,141,89,81,76,75,73,70,69,69,69,68,67,66,66,65,64,65,65,66,63,61,59,61,63,65,65,64,63,64,62,64,63,62,60,60,63,63,64,63,64,66,65,65,67,67,65,62,64,65,67,67,67,67,69,69,70,71,71,71,73,71,73,75,77,78,80,83,85,86,89,90,88,89,88,88,100,83,133,173,197,200,202,204,205,206,208,207,209,210,211,213,213,213,213,214,215,215,216,215,215,215,215,215,215,215,216,216,216,216,215,216,215,216,215,216,216,216,216,216,216,216,215,216,216,215,216,215,216,215,215,215,215,216,215,215
201,201,201,202,201,202,201,202,201,201,201,202,203,203,203,203,203,203,203,204,205,205,205,205,205,205,206,206,206,207,207,207,207,207,207,208,208,209,208,208,209,209,209,209,209,208,208,208,208,207,207,206,206,206,205,204,203,203,201,200,199,199,198,197,197,185,131,86,78,75,74,72,71,70,69,68,67,66,67,64,63,63,62,63,62,61,61,61,61,61,62,61,60,62,62,63,61,60,58,59,61,62,62,63,65,64,64,63,63,64,63,61,64,64,65,66,66,67,67,67,68,69,70,71,72,72,73,75,76,79,81,83,85,88,89,89,90,90,91,97,93,142,185,198,200,201,202,205,205,207,208,208,209,211,211,212,213,213,214,214,215,215,215,215,215,215,215,216,215,215,215,215,216,215,216,216,215,215,215,215,216,216,215,215,215,216,215,215,215,215,215,215,216,215,214,215,215,216,215,215
200,201,201,201,202,201,201,202,201,201,202,202,202,203,202,203,203,203,203,204,204,204,205,205,205,205,206,206,205,206,207,207,206,208,208,208,208,208,208,208,209,210,209,208,208,208,208,207,208,207,206,206,206,206,205,205,203,203,202,200,200,199,200,199,198,197,189,125,82,76,75,73,72,71,70,69,67,65,65,63,63,62,62,60,60,61,62,62,63,64,61,60,58,61,60,60,61,60,60,59,60,62,62,61,61,62,63,62,61,60,60,60,65,65,64,64,64,65,67,67,68,69,70,71,72,73,73,74,77,78,81,85,87,90,88,89,90,90,99,104,150,182,198,200,201,202,204,205,206,207,208,210,210,211,212,212,213,213,214,214,214,214,215,214,215,215,215,215,215,215,215,214,215,215,216,215,215,215,215,215,215,215,216,215,215,216,216,215,215,216,215,215,215,215,215,215,215,215,215,215
201,200,200,201,202,201,202,200,201,201,201,202,202,203,203,203,203,203,203,204,204,204,205,204,205,205,206,206,206,206,206,207,206,207,207,208,208,208,208,208,209,209,209,209,208,208,208,208,208,207,208,206,206,206,206,205,204,204,203,201,201,200,200,199,199,198,198,190,123,81,77,74,73,72,70,69,67,66,64,63,61,61,59,59,59,59,59,60,60,62,62,60,59,59,60,59,60,59,57,59,60,61,60,61,61,62,63,62,64,61,61,61,64,65,64,65,66,65,66,67,68,69,70,71,73,72,75,75,77,80,82,86,87,89,90,90,88,95,120,158,184,200,201,201,202,203,205,206,207,208,209,210,210,211,212,212,213,213,213,214,214,214,215,215,214,214,215,215,214,215,214,215,214,215,215,215,215,215,215,215,215,215,215,215,215,215,215,215,215,215,215,215,215,215,215,215,215,215,215,214
200,200,200,201,201,201,201,201,201,201,201,201,201,202,203,203,202,203,203,204,204,204,204,205,205,205,206,206,205,206,206,206,206,207,207,208,208,208,208,208,208,209,209,208,208,208,208,208,207,207,207,206,206,206,205,204,204,203,203,202,201,200,200,199,198,198,198,198,189,121,81,77,74,72,71,69,67,65,63,62,62,61,59,58,58,56,55,56,56,58,58,58,58,58,58,58,58,58,58,57,59,61,61,61,63,63,63,63,64,62,61,61,64,65,64,64,66,65,67,67,68,69,70,71,72,73,75,77,77,80,83,87,90,90,93,90,97,120,158,191,197,200,201,202,203,204,205,207,207,209,209,210,210,211,211,212,213,213,214,215,214,215,215,214,215,214,215,214,214,215,214,214,214,214,215,215,215,214,215,215,215,215,215,214,215,214,215,215,214,214,215,215,215,215,214,214,214,214,215,215
200,200,200,200,201,201,201,201,201,201,201,201,201,202,202,202,203,203,203,203,204,204,204,205,205,204,205,205,205,205,205,206,207,207,206,207,207,208,208,208,209,209,209,208,209,208,208,207,207,207,207,207,206,206,206,206,204,204,203,202,202,201,200,200,199,199,199,198,198,190,115,81,75,73,71,70,67,66,63,62,62,61,58,58,57,52,52,52,52,53,53,54,56,57,57,56,58,57,57,57,60,61,61,63,63,63,64,63,64,62,62,63,65,65,64,64,66,66,67,66,69,69,70,71,71,72,74,76,78,80,84,89,92,95,95,100,145,177,193,201,201,200,201,203,203,204,205,207,208,209,210,210,211,211,212,212,213,213,213,213,214,214,214,215,215,214,214,214,214,214,214,214,214,214,215,214,214,214,214,214,215,215,215,215,215,215,215,214,214,215,215,214,214,215,214,214,215,215,215,214
200,200,200,201,201,200,201,200,201,201,201,201,201,201,203,202,203,203,203,203,204,204,204,204,205,204,205,205,205,205,205,207,206,207,207,207,208,208,208,208,209,208,209,208,208,208,207,208,208,207,207,207,207,207,206,206,205,204,204,203,203,201,201,200,199,199,199,198,198,198,188,117,79,74,73,71,68,67,64,63,61,60,59,59,57,53,50,50,51,51,52,53,55,56,56,56,58,57,59,61,60,62,62,62,63,63,64,63,60,61,61,63,65,64,63,65,65,66,67,67,69,69,70,71,72,72,73,77,81,84,88,93,95,102,106,154,192,196,199,201,202,202,203,204,204,205,206,207,208,209,210,210,211,212,212,212,213,213,213,213,214,214,214,214,214,214,214,214,214,214,214,215,214,214,215,215,214,214,214,214,215,215,215,215,215,214,214,215,215,215,214,215,214,215,214,214,215,215,215,214
200,200,200,200,200,199,200,200,201,200,201,200,201,202,202,201,202,202,203,203,204,204,204,204,205,205,205,205,206,206,206,206,206,206,207,207,207,207,208,208,208,208,209,208,208,208,208,208,207,208,207,207,207,207,206,206,206,204,204,203,202,202,201,200,199,199,199,199,198,198,198,189,118,78,73,73,70,68,64,63,63,60,60,59,58,56,53,52,51,52,52,54,56,55,56,57,57,57,57,58,60,61,62,62,63,64,63,62,60,60,61,64,65,64,64,66,66,67,68,69,68,69,70,71,72,73,74,78,84,87,90,97,108,117,160,193,197,199,200,201,202,202,204,204,204,205,206,207,209,209,210,210,211,212,212,212,212,213,213,214,214,214,214,214,214,214,215,214,214,214,214,214,214,214,214,214,213,214,214,214,214,214,214,215,214,214,214,214,214,215,215,215,215,215,215,215,214,214,215,214
199,199,200,200,200,200,200,200,200,201,200,201,201,202,202,201,202,202,203,203,204,204,204,204,204,204,205,205,205,206,206,207,206,206,207,207,207,208,208,208,208,208,208,208,208,208,208,208,208,207,208,208,207,207,207,206,206,205,204,203,203,202,202,201,200,199,199,199,198,199,198,198,185,127,77,71,71,70,65,63,64,62,61,59,59,55,53,53,53,53,53,54,55,57,58,59,58,58,57,59,59,60,62,62,62,62,62,63,61,62,63,63,63,65,65,67,67,67,69,70,70,71,71,71,73,76,78,83,87,91,99,111,133,177,195,197,199,201,200,201,202,203,204,205,205,207,207,208,209,209,211,211,211,212,212,213,212,213,213,213,213,214,214,214,214,214,214,214,214,214,214,214,214,214,214,214,214,213,214,214,214,215,214,215,215,214,215,214,215,214,214,215,214,214,214,214,213,215,214,214
199,199,199,199,200,201,199,200,201,201,201,201,201,202,202,201,202,202,203,203,203,203,203,205,204,205,205,205,205,205,206,206,206,206,207,207,206,207,207,208,208,208,208,209,209,208,208,208,207,207,207,207,207,207,207,206,205,205,205,203,203,203,202,202,201,200,199,199,199,199,199,198,197,194,133,81,76,71,69,65,65,63,61,59,59,56,54,53,53,53,55,55,55,56,57,58,59,60,59,59,60,60,62,61,62,61,62,64,62,62,62,62,63,65,65,67,66,69,70,71,70,71,71,71,75,78,83,88,92,100,117,138,175,199,200,200,200,200,201,202,203,204,204,206,206,207,208,209,209,209,210,211,211,212,212,213,212,213,213,214,214,214,214,214,214,214,214,214,214,214,214,214,214,214,214,213,213,214,214,214,214,214,215,214,215,214,214,214,214,214,214,214,214,214,214,214,213,215,214,214
200,199,199,201,200,200,200,200,200,201,200,201,201,202,202,202,201,202,202,202,203,203,204,204,204,204,205,205,205,206,205,206,206,206,207,207,207,207,208,208,208,208,208,208,209,208,209,208,208,207,208,208,208,207,207,207,207,206,205,204,204,203,203,202,201,200,200,199,199,199,199,199,198,198,196,149,88,80,72,68,66,64,62,61,59,58,56,55,55,55,54,56,55,56,58,59,60,60,60,60,60,61,62,62,61,61,62,64,62,62,63,62,64,66,66,67,67,68,69,71,69,70,72,75,79,85,90,97,107,122,151,194,199,198,200,201,201,201,203,203,203,204,205,206,206,207,208,209,209,210,211,211,212,212,212,212,212,213,213,214,213,213,213,214,214,214,213,214,214,214,214,214,214,214,214,214,214,213,214,214,214,214,214,214,215,213,214,214,214,214,214,214,214,213,214,214,213,214,214,214
200,199,200,199,199,201,200,199,201,200,201,201,201,202,202,202,202,202,202,203,203,203,203,204,204,204,205,205,205,205,206,206,206,206,207,207,208,207,208,207,208,208,208,208,208,209,208,208,208,208,208,208,207,207,207,207,207,206,205,205,204,204,204,202,201,200,200,200,200,200,199,199,199,199,198,197,162,97,84,72,66,64,63,61,58,59,56,57,56,55,55,56,58,57,57,59,59,60,60,60,60,61,62,62,62,62,63,63,63,61,63,62,65,65,67,67,67,69,70,70,70,72,78,82,88,95,102,117,127,165,195,199,199,200,200,201,201,201,202,203,203,205,205,206,207,208,209,209,209,210,210,211,212,212,212,213,213,213,213,213,213,213,214,213,214,214,214,213,214,214,214,214,214,214,214,214,214,214,214,214,214,213,214,214,214,213,214,213,213,214,213,214,214,214,213,214,213,213,213,214
200,199,199,200,200,200,200,200,201,201,201,201,201,201,202,201,201,201,202,202,204,204,204,204,204,204,204,205,204,205,205,206,206,207,206,207,207,207,207,208,208,208,209,208,208,208,208,208,208,208,208,208,208,208,208,207,207,207,206,205,204,204,204,203,202,202,200,200,200,200,199,199,199,199,199,199,198,174,111,85,80,70,64,63,60,59,57,56,56,56,55,56,56,56,57,58,59,60,61,60,61,62,62,62,62,63,63,63,62,62,63,63,65,65,66,67,68,70,70,70,70,75,85,91,98,109,123,141,181,198,199,199,199,200,201,202,201,202,203,204,204,205,205,207,207,208,209,209,209,210,211,211,212,212,212,213,213,213,213,212,213,213,213,213,213,213,214,214,213,214,213,213,213,214,214,213,213,213,214,214,214,213,214,214,214,213,213,213,213,214,214,214,214,213,213,214,213,214,213,213
200,200,200,199,199,200,199,199,201,201,200,201,201,202,201,201,201,202,203,203,203,204,204,204,204,204,205,205,204,205,206,206,206,207,207,207,207,207,207,207,208,208,208,208,208,208,208,208,208,208,208,208,208,208,208,207,207,206,206,206,205,205,204,203,203,202,202,201,201,200,199,199,199,199,199,200,198,198,184,125,93,85,72,68,64,63,60,56,56,57,57,57,56,56,57,58,59,59,61,60,61,61,62,62,62,63,63,63,62,62,63,64,64,65,67,67,68,69,69,71,76,88,96,106,114,127,155,189,198,199,200,200,200,200,201,202,202,203,203,204,205,205,206,207,207,208,209,209,209,210,211,212,212,212,212,213,212,213,213,213,212,212,213,213,213,213,213,214,213,213,213,213,213,213,214,213,213,213,213,213,213,213,214,214,214,213,214,213,213,213,213,213,213,214,213,213,213,214,213,214
198,200,199,199,199,199,200,200,200,201,200,200,201,201,201,200,202,202,203,203,203,203,204,204,204,204,204,205,205,206,206,206,206,206,206,207,207,207,207,207,208,208,208,208,208,208,208,208,208,208,208,208,207,208,207,207,207,206,207,206,205,205,204,204,204,203,202,201,201,201,200,201,200,199,199,199,199,199,197,194,143,101,90,80,73,70,66,63,59,57,57,57,57,56,56,56,58,59,60,61,62,62,63,63,64,64,63,62,63,62,64,65,65,67,67,68,68,69,72,80,93,104,113,122,134,174,198,199,200,200,200,200,201,201,202,202,202,203,204,205,205,206,207,207,208,208,209,210,210,210,211,211,212,212,212,212,212,213,213,212,213,213,214,213,213,213,213,213,213,213,213,213,213,213,213,213,213,213,213,214,213,213,213,214,214,213,213,213,212,213,213,213,213,213,213,213,213,212,212,213
200,199,199,199,200,200,199,200,200,201,200,201,201,201,201,202,202,202,202,203,203,203,203,204,203,204,204,205,205,205,206,206,206,206,206,207,207,207,207,207,207,208,207,208,208,208,208,208,208,208,208,208,208,208,207,207,207,207,206,206,205,205,205,204,204,203,203,202,202,201,200,201,200,199,200,200,199,200,199,198,196,164,116,99,87,80,76,72,68,63,60,59,58,56,56,56,57,58,59,61,61,62,63,63,63,64,63,63,63,62,64,63,66,67,69,70,72,82,94,98,112,119,125,148,183,198,199,200,200,200,201,201,201,202,202,203,203,203,204,205,206,206,206,207,208,209,209,210,211,211,210,211,211,212,212,213,212,212,213,213,212,213,213,213,213,213,213,213,213,213,213,213,213,213,213,213,212,213,213,213,213,213,213,213,214,212,213,213,213,212,213,213,212,212,213,212,213,213,213,213
199,199,199,200,200,200,200,200,200,200,201,201,202,201,201,201,202,202,202,203,203,203,204,203,203,204,204,205,205,206,206,206,206,207,206,207,207,207,207,208,207,208,207,208,208,209,208,208,208,208,208,208,208,208,208,207,207,207,207,206,205,205,205,204,204,204,203,203,202,203,202,201,200,200,200,200,199,199,200,199,199,198,183,132,105,94,87,82,76,73,69,64,60,58,57,56,57,57,59,60,60,60,61,61,62,62,62,63,63,62,63,64,68,71,74,78,86,100,111,117,124,133,168,194,195,199,200,201,201,200,202,202,202,203,203,203,203,204,204,205,206,206,206,208,208,209,209,210,211,211,210,211,211,211,211,212,212,212,213,212,213,213,213,213,213,213,212,213,212,212,213,213,213,213,213,212,213,213,213,213,213,213,213,213,213,212,213,213,212,213,213,213,212,213,212,212,212,213,213,213
199,199,199,200,200,200,200,200,200,200,200,201,201,201,201,202,202,202,203,203,203,204,203,204,204,204,204,204,205,205,206,206,206,206,207,206,206,207,207,207,207,207,208,208,208,208,208,208,209,208,208,208,208,208,208,207,208,207,207,206,207,206,204,205,204,204,203,203,202,202,202,201,201,200,200,200,201,200,200,199,198,198,198,192,156,113,99,91,86,83,78,75,69,65,61,60,60,59,60,59,59,61,61,62,61,60,61,62,61,62,66,69,74,79,87,95,104,111,119,126,151,188,197,198,198,199,200,200,201,201,201,201,202,203,203,203,204,205,205,205,206,207,207,208,208,209,209,211,210,211,211,211,211,212,211,212,212,212,212,212,212,212,212,212,213,213,212,212,213,213,213,212,212,213,213,212,214,213,212,213,213,213,213,213,213,213,213,213,213,213,213,213,213,212,212,212,212,213,213,214
200,199,199,199,200,200,200,200,201,200,200,201,202,201,202,201,202,202,203,204,203,204,204,204,204,205,205,205,204,205,206,205,206,206,206,207,206,207,207,207,208,208,207,208,208,208,208,208,208,208,208,208,208,208,208,207,207,207,207,207,207,207,205,205,205,204,203,203,203,202,202,203,202,201,201,201,200,200,200,200,200,199,199,197,195,182,137,111,101,97,90,89,85,78,74,70,69,65,65,62,63,63,63,61,61,60,63,65,68,72,80,85,95,102,108,111,119,127,145,178,200,198,199,200,199,200,200,200,200,201,202,201,202,203,204,204,204,205,205,205,207,206,207,208,208,209,210,210,210,211,210,211,211,211,212,212,212,212,212,212,212,213,213,213,213,212,212,212,213,212,213,212,212,213,213,213,213,212,213,213,212,212,212,213,213,213,213,213,213,213,213,212,212,212,212,212,214,213,214,213
199,199,199,200,199,199,200,200,200,201,200,201,201,202,202,202,202,202,202,203,203,203,204,204,204,204,205,205,205,205,206,206,206,206,206,207,207,207,207,207,208,208,208,208,207,208,208,207,208,207,208,208,208,208,208,208,208,207,207,207,207,206,206,205,205,205,205,203,203,203,203,203,202,202,201,201,201,200,200,200,200,199,199,198,197,197,195,176,140,117,100,97,95,90,86,80,76,75,74,73,71,71,73,74,75,76,79,87,90,95,101,104,106,112,119,125,143,174,192,198,199,200,200,200,201,201,201,201,201,202,202,201,203,204,205,205,206,205,205,206,206,207,208,208,209,209,211,210,211,211,211,211,211,211,211,211,211,212,212,211,212,212,212,213,213,213,213,212,212,213,213,212,212,213,212,212,213,212,212,212,212,212,212,213,213,212,212,212,213,213,211,212,213,213,212,212,213,213,213,213
199,199,199,199,200,200,200,200,200,201,200,201,201,202,202,202,202,202,203,203,203,204,204,204,204,205,204,204,206,204,206,206,206,206,207,207,207,207,207,207,208,208,207,208,207,208,208,207,208,207,208,208,208,208,208,207,207,208,207,207,207,207,206,206,205,205,205,204,203,203,203,202,203,202,202,202,202,201,200,200,200,200,199,199,199,199,198,198,188,180,152,123,107,103,101,98,97,93,89,90,91,91,92,93,95,95,97,102,102,108,114,117,124,135,159,181,194,198,198,199,199,199,199,200,200,200,201,202,202,202,203,203,204,203,205,205,205,205,205,207,207,207,208,208,209,209,210,210,211,211,211,210,211,211,212,211,212,212,212,211,212,212,212,212,212,212,213,212,213,213,212,213,212,212,212,212,212,212,212,212,212,212,212,212,212,212,212,212,213,213,213,212,212,212,212,212,213,212,213,213
198,199,199,200,200,200,200,200,201,200,201,201,201,201,202,201,202,202,203,203,203,203,204,204,205,204,205,205,205,205,205,206,207,206,206,206,207,206,207,207,207,207,207,208,208,208,208,208,207,208,207,208,209,208,208,208,208,207,207,207,207,207,207,206,206,206,205,205,203,204,204,203,203,203,202,202,202,201,200,201,200,199,199,199,199,199,198,198,197,197,193,185,163,148,129,114,110,112,111,112,112,109,107,105,104,105,108,112,120,126,139,160,180,190,196,198,198,198,199,200,200,200,201,200,201,201,201,203,202,203,203,203,203,204,205,205,206,205,206,208,207,208,208,209,209,209,211,210,210,211,212,211,211,211,211,211,211,212,211,211,212,212,212,211,212,211,212,212,212,212,212,212,212,211,212,212,212,212,212,212,212,211,213,212,212,212,212,212,212,212,213,212,212,212,212,212,212,213,213,213
199,199,199,200,199,200,200,200,199,200,200,201,201,201,202,202,203,202,203,203,203,203,203,204,204,205,204,205,206,205,206,206,206,206,206,206,207,207,206,207,207,207,207,207,207,207,208,208,208,208,208,208,209,208,209,208,208,208,207,208,207,207,207,207,206,206,206,205,205,204,204,203,203,203,204,203,203,202,201,201,200,200,200,200,200,199,199,198,198,198,197,198,195,192,188,179,158,154,141,136,134,135,130,129,132,143,146,163,179,187,192,194,197,197,197,199,198,199,200,200,200,200,201,200,202,201,202,202,202,203,204,203,204,205,205,205,206,206,206,207,207,207,208,209,210,209,210,210,211,211,211,211,211,211,211,212,211,211,211,211,212,212,212,211,211,211,211,212,212,212,212,212,212,212,212,212,212,212,212,211,211,212,212,212,212,212,212,212,212,212,212,212,212,211,211,212,212,212,213,212
200,200,199,199,200,200,199,200,201,200,201,201,201,202,203,202,203,203,203,203,203,204,204,204,205,205,205,205,205,205,205,206,206,206,206,206,207,206,206,207,207,207,207,207,207,207,207,208,208,208,208,208,208,208,208,208,208,208,208,208,207,208,207,206,206,205,206,205,205,205,204,204,203,204,203,203,202,202,202,201,201,200,201,201,200,200,199,199,199,198,199,198,198,198,195,192,192,191,186,186,184,186,183,181,182,183,186,194,195,197,198,198,199,198,199,199,199,199,200,200,201,201,201,201,202,202,202,202,202,204,204,204,204,205,205,205,206,206,206,207,207,207,208,209,209,210,210,210,211,211,211,210,210,211,211,212,211,211,211,211,212,212,212,212,211,211,211,212,211,211,211,212,211,211,212,211,212,211,211,211,212,212,212,212,211,212,212,212,212,213,212,212,211,211,212,211,211,212,212,212
199,200,198,200,200,200,199,200,200,200,200,200,201,202,201,203,203,203,203,203,203,204,204,205,204,205,205,204,205,205,206,205,206,206,205,206,206,206,206,207,206,206,207,207,207,207,208,208,208,208,208,208,208,208,208,208,207,208,208,208,208,208,207,207,206,206,205,205,204,205,204,204,204,203,204,203,203,203,202,201,201,201,200,201,201,201,199,199,198,198,200,198,198,198,198,197,198,196,196,197,196,197,196,196,197,197,196,197,197,197,198,198,199,200,199,199,199,200,201,202,202,201,202,201,202,202,202,203,203,204,205,205,205,205,206,206,206,206,206,207,208,208,209,209,210,210,210,210,211,211,211,210,211,210,211,211,211,211,211,211,211,212,212,212,212,211,211,211,211,211,211,212,211,211,211,212,211,212,211,212,212,212,212,212,212,213,212,211,212,212,212,212,211,211,211,211,212,212,211,212
200,200,199,199,200,199,200,200,200,200,201,201,202,202,203,203,202,203,203,203,203,203,204,204,204,205,205,204,205,205,206,205,205,206,206,205,205,207,205,206,207,207,206,207,207,207,207,208,207,207,207,208,208,208,208,208,208,208,208,208,207,208,207,207,206,206,205,205,205,205,204,204,203,204,203,203,202,203,202,201,201,201,201,201,201,200,200,200,199,199,199,198,198,198,198,198,199,198,197,198,197,197,198,198,198,198,197,198,198,198,199,198,199,199,199,200,200,201,201,202,201,202,201,201,202,202,203,203,203,204,205,205,205,205,206,206,206,206,207,207,207,209,209,209,209,210,210,209,211,210,210,210,210,211,211,212,211,211,211,211,212,211,212,211,212,211,211,212,211,211,211,211,211,211,212,211,212,212,211,211,212,213,212,212,213,212,212,212,212,212,212,212,211,212,211,211,211,212,212,212
200,199,199,200,200,199,199,200,201,201,201,200,201,201,203,202,202,203,202,202,203,203,204,204,205,205,205,205,205,205,205,205,205,205,206,205,206,206,206,206,206,207,207,207,207,206,207,207,208,207,208,208,207,208,208,208,208,207,207,207,207,208,208,207,206,206,206,205,206,205,205,204,205,204,203,203,203,203,202,201,202,201,202,202,201,201,201,200,199,199,199,200,199,199,198,199,199,198,199,198,198,198,198,198,198,198,199,199,200,199,199,200,199,200,200,200,200,201,201,202,203,202,202,202,203,203,203,204,203,204,206,204,206,205,206,206,206,207,206,207,207,209,208,209,210,209,210,210,210,210,210,210,210,210,211,211,211,211,211,212,211,212,212,211,211,211,211,211,211,211,211,211,211,211,211,211,211,212,212,211,212,212,212,212,212,211,212,212,212,212,211,212,211,211,211,211,211,212,212,211
199,200,200,199,199,200,199,200,201,201,201,200,201,201,202,202,203,203,203,203,203,203,204,205,204,205,205,204,205,205,205,205,205,205,205,206,206,205,206,206,206,206,206,206,207,206,207,207,207,207,208,207,208,208,208,208,208,207,208,207,207,207,207,208,207,206,206,206,205,205,205,204,204,204,203,202,203,203,202,202,202,202,201,202,201,202,201,201,201,200,200,199,199,199,199,199,199,199,199,198,199,198,199,199,198,198,199,199,200,199,200,201,200,200,200,200,201,202,202,202,202,203,203,203,203,203,204,203,204,204,205,205,205,205,205,206,206,206,207,207,207,209,209,209,209,209,210,209,210,210,210,210,209,210,210,211,210,211,211,211,211,211,211,211,211,211,212,211,211,211,211,211,211,211,211,211,211,211,211,211,212,211,212,211,211,212,211,211,211,212,211,211,211,212,212,211,211,211,210,211
200,200,199,200,199,200,200,201,201,201,200,201,201,201,202,203,203,204,203,204,204,204,203,204,204,205,204,204,204,205,205,205,205,205,205,206,206,206,206,206,206,207,206,206,207,207,207,207,207,207,208,208,208,208,208,207,208,208,207,207,207,207,208,207,207,206,206,206,205,205,205,205,205,204,203,202,203,203,203,202,202,203,202,202,202,202,201,201,201,200,200,200,199,199,199,199,200,199,200,199,199,199,199,199,199,199,200,201,199,200,200,200,200,201,200,201,202,202,202,202,203,203,203,203,204,204,204,204,204,204,205,205,205,205,206,207,206,206,207,207,208,209,209,209,209,210,210,209,210,210,211,210,210,210,210,210,210,210,210,210,211,210,211,211,211,211,210,211,211,211,211,211,211,211,210,211,211,211,211,211,211,211,212,211,211,211,211,211,211,211,211,211,211,212,211,210,212,211,210,212
199,200,200,200,199,200,200,201,200,200,201,201,202,202,202,202,203,203,203,203,204,203,204,204,203,204,204,204,205,205,204,204,204,205,206,205,206,206,206,206,206,207,206,206,207,207,207,208,207,208,207,208,207,207,208,207,207,207,207,208,207,208,208,207,206,206,206,206,206,206,206,205,205,204,204,204,203,203,203,203,202,203,202,202,202,201,202,201,201,201,200,201,200,200,200,200,200,200,200,199,200,200,200,200,200,200,200,201,201,200,200,200,200,201,201,201,202,203,202,201,202,203,203,203,204,203,204,204,204,205,205,206,206,206,207,206,206,207,207,207,208,209,208,208,209,209,210,210,209,210,210,209,210,209,210,210,210,211,210,210,210,210,210,210,211,211,210,211,210,211,211,211,210,211,211,212,211,211,211,211,212,211,211,210,211,211,211,211,211,210,211,211,211,211,210,211,211,211,211,211
199,199,199,200,199,199,200,201,201,201,201,201,201,201,202,201,202,203,202,203,202,203,203,203,204,204,204,204,205,205,205,204,204,204,205,205,206,206,205,205,206,206,206,206,207,207,207,206,207,207,208,207,207,208,208,207,207,208,207,207,207,207,208,207,207,207,206,206,206,206,206,206,205,205,205,205,204,203,203,203,203,203,203,203,202,202,202,201,202,201,201,201,201,201,201,201,201,200,200,200,200,201,199,200,201,200,201,200,201,201,201,201,200,201,200,201,202,203,203,202,203,204,204,204,204,204,204,204,205,205,206,206,206,206,206,206,206,206,207,207,208,209,209,209,209,209,209,209,210,210,210,209,209,209,210,210,211,211,211,210,211,210,210,210,210,210,210,210,210,211,210,211,210,209,210,210,210,210,211,211,210,211,211,210,211,210,211,210,211,210,211,211,211,211,210,211,211,211,211,210
199,200,200,200,200,200,200,200,201,201,201,202,201,202,201,202,202,202,202,202,204,203,203,203,204,204,204,204,204,205,204,204,204,204,205,205,205,205,206,206,206,206,206,206,207,207,207,207,207,207,207,208,208,208,207,207,208,207,207,207,207,207,207,207,207,206,206,206,206,206,206,206,205,205,204,205,204,203,204,203,203,203,202,203,203,203,202,202,202,202,201,201,201,201,201,201,201,201,200,201,201,201,201,200,200,200,201,201,201,201,200,200,201,201,202,202,203,203,203,202,203,204,203,203,204,204,204,204,205,205,206,206,206,206,207,206,206,206,207,207,208,208,208,209,209,209,209,210,210,210,209,210,209,210,210,210,210,211,210,210,210,209,210,210,210,210,211,210,211,211,211,210,210,211,210,211,210,210,210,210,211,210,210,210,210,210,211,211,210,210,211,211,210,211,210,211,212,211,211,211
