211,211,211,212,211,210,211,210,211,211,210,210,211,211,210,210,210,210,210,211,210,210,210,210,211,210,211,210,210,211,211,211,210,211,210,210,210,210,209,210,210,210,211,210,210,210,210,209,210,209,210,210,210,209,209,209,209,208,208,208,207,207,206,206,206,207,206,206,206,206,205,205,204,204,204,204,203,203,204,203,202,203,203,203,202,202,201,201,200,200,201,201,201,201,200,200,200,201,201,201,201,200,201,201,201,201,201,201,201,201,202,202,202,202,203,203,203,202,203,203,203,204,203,204,205,204,205,205,206,206,206,206,206,206,206,207,207,207,207,207,207,207,207,208,207,207,208,208,208,207,207,207,207,207,207,207,206,206,206,206,206,206,205,205,205,205,204,204,204,204,205,204,204,204,204,204,203,203,203,204,202,202,202,202,202,201,202,201,202,201,201,201,200,200,200,200,200,200,200,199
210,211,211,211,211,210,211,211,211,211,210,211,210,211,210,211,210,211,211,210,211,211,210,210,210,210,209,210,211,210,211,210,210,210,210,210,210,210,210,211,210,211,211,211,210,210,209,209,209,210,210,210,209,209,209,209,209,209,209,208,207,207,206,206,206,206,206,206,206,206,205,205,204,204,204,204,204,204,204,203,202,203,203,202,201,200,201,200,201,201,201,201,200,201,200,201,200,199,201,200,200,200,200,201,201,201,201,201,201,201,201,202,201,202,202,202,203,203,203,203,203,203,203,204,205,205,205,205,206,206,206,206,206,206,207,207,207,208,207,207,207,207,208,207,207,208,208,207,207,208,207,207,206,207,207,207,206,206,206,206,205,205,206,206,205,205,204,204,204,205,205,205,204,204,204,204,203,203,203,202,203,202,203,202,201,202,201,201,201,201,201,201,201,200,199,199,200,199,199,199
211,211,211,211,211,210,211,211,211,211,210,211,211,211,211,211,210,211,211,212,211,211,211,211,212,211,211,210,211,211,211,210,211,210,211,211,210,210,210,210,210,210,211,210,210,210,209,210,209,210,210,209,210,210,209,209,208,208,209,208,207,207,207,206,206,207,206,206,206,205,205,204,204,204,203,204,203,203,203,202,201,202,203,202,201,201,201,200,200,200,200,201,201,200,200,200,200,200,200,200,199,200,200,200,200,200,200,200,201,200,201,201,201,202,201,202,202,202,203,202,203,203,203,203,204,204,204,205,205,206,206,206,206,206,206,206,207,208,208,207,208,207,207,207,207,208,207,207,208,207,208,207,208,207,207,207,206,206,207,206,206,206,206,206,205,206,205,204,204,204,205,205,204,204,204,203,204,204,203,204,203,203,203,203,202,202,202,202,201,201,200,200,201,200,200,199,200,200,200,199
212,210,211,212,210,211,212,211,211,211,211,211,211,211,211,211,211,212,211,211,211,211,211,211,211,210,211,211,211,211,211,211,211,210,211,211,211,211,210,211,210,210,210,210,210,210,210,210,210,211,210,210,209,210,210,209,209,209,209,208,207,207,206,206,207,206,205,205,205,205,204,204,204,204,204,204,203,203,203,203,202,202,202,202,201,200,201,200,200,200,200,199,201,200,199,199,199,199,199,199,199,200,199,200,199,199,199,199,200,200,200,201,201,201,202,202,202,202,203,202,202,203,203,203,202,203,204,205,205,205,205,205,206,206,206,207,207,208,207,207,207,207,208,208,207,208,208,208,208,208,207,207,207,207,207,207,206,206,207,206,206,206,206,206,206,205,205,205,205,205,205,204,204,204,205,204,204,203,204,204,204,203,204,203,203,202,201,201,201,200,201,201,201,200,200,199,200,199,200,200
211,210,211,211,211,212,212,211,211,211,212,211,211,211,212,211,211,212,211,212,211,211,211,211,211,211,211,211,211,211,211,211,211,212,211,211,211,211,211,211,211,211,211,210,211,210,210,209,210,210,210,210,209,210,209,209,209,209,209,207,207,207,206,206,206,205,205,205,205,205,204,204,203,204,203,203,203,203,203,202,202,202,202,201,200,200,200,200,201,200,199,200,199,199,198,198,199,199,198,199,198,199,199,199,199,199,199,199,199,200,200,201,201,201,202,201,202,201,202,202,202,202,203,203,202,203,204,204,204,205,205,205,206,206,206,207,208,207,207,207,207,208,207,208,208,208,208,208,207,208,207,207,207,207,206,207,206,206,206,206,206,206,205,206,206,205,205,205,205,205,205,205,204,205,205,204,205,204,203,203,203,203,203,203,202,202,201,201,200,201,201,201,200,199,200,199,199,200,200,199
211,212,212,211,211,211,211,211,212,211,212,212,212,212,211,212,212,212,212,212,211,212,212,211,211,211,211,211,211,211,211,211,211,211,211,211,211,212,212,211,212,211,211,211,211,211,210,210,210,210,210,210,210,210,209,210,209,208,209,207,207,206,207,206,206,206,205,206,204,206,204,203,204,203,203,203,202,202,202,203,202,201,201,200,200,200,200,199,200,199,199,200,199,199,198,198,198,198,198,198,198,199,198,199,199,198,199,199,200,199,199,199,200,201,201,201,202,202,201,202,201,202,203,203,203,203,204,205,204,205,205,206,205,206,206,206,207,208,208,207,207,207,207,208,208,208,208,207,208,208,207,208,207,207,206,207,207,207,207,206,206,206,206,206,205,206,205,205,205,205,205,205,205,205,205,205,204,204,203,203,202,202,203,202,202,203,201,201,200,201,201,201,200,199,199,200,200,199,199,200
212,212,212,211,211,211,212,211,212,212,212,212,212,212,212,213,212,212,213,212,211,211,212,212,211,212,211,211,211,211,211,211,212,211,211,212,211,212,211,212,211,211,211,211,212,211,211,210,210,210,210,211,209,210,210,209,209,209,209,207,207,207,206,206,206,206,205,205,205,205,204,203,203,203,202,202,201,201,202,201,202,201,201,200,200,199,199,199,198,199,198,198,198,197,198,198,198,198,197,197,198,197,198,199,198,198,198,198,198,199,199,199,200,200,200,201,201,201,201,201,201,202,203,202,203,203,204,203,204,204,205,205,205,205,206,206,207,207,208,207,208,208,208,208,208,208,208,208,208,207,207,207,208,207,207,207,207,206,207,207,206,205,207,205,205,206,206,205,205,206,205,205,204,205,205,204,204,204,203,203,203,203,203,202,203,203,202,202,201,201,200,200,200,200,199,200,199,199,200,200
212,211,212,212,211,211,211,211,212,212,212,212,211,212,213,212,212,212,212,212,212,211,212,211,212,211,211,211,212,211,211,211,211,211,211,212,212,212,212,211,211,211,211,211,211,211,210,211,210,211,211,211,210,210,210,210,209,209,208,208,207,206,206,206,206,206,205,205,205,205,204,203,203,202,202,202,201,202,201,202,202,201,200,199,199,199,200,199,198,198,197,197,197,196,197,197,196,196,197,196,197,196,196,198,197,198,198,198,198,200,198,198,199,199,201,201,201,200,201,201,201,202,203,203,203,204,203,204,204,204,205,204,205,205,206,206,207,207,208,208,208,208,208,207,208,208,208,208,208,208,208,208,208,208,207,207,207,207,206,206,207,206,206,206,206,205,206,206,205,206,205,205,204,205,205,204,205,204,204,203,203,203,203,203,203,201,202,201,200,200,200,200,200,199,200,200,200,198,200,199
212,212,212,211,211,212,211,211,212,212,213,212,212,212,212,211,212,212,212,212,211,211,211,212,211,212,211,211,212,211,211,211,212,211,211,211,212,212,212,212,211,211,211,211,212,211,211,210,210,211,211,211,210,210,210,209,209,208,207,207,207,206,206,206,205,205,205,204,204,204,204,202,202,202,202,202,201,201,201,201,200,200,199,199,199,199,198,199,198,198,197,195,194,186,183,182,181,183,186,184,186,186,191,192,192,195,198,198,198,199,198,199,199,199,200,200,201,201,200,201,201,202,202,202,203,203,204,203,204,204,205,205,205,206,205,206,206,207,208,207,208,208,208,208,208,208,208,208,208,208,208,208,208,207,207,207,207,207,207,207,207,206,206,207,206,206,206,206,206,205,205,205,205,205,205,205,204,204,204,203,203,203,203,203,202,203,202,201,201,201,200,201,200,199,200,200,199,199,200,200
212,213,212,212,212,211,211,212,212,212,212,212,212,212,212,212,212,212,212,211,211,212,212,212,212,212,212,212,212,212,212,212,212,211,211,211,211,212,212,212,211,211,211,211,212,211,211,211,211,211,211,211,210,210,209,210,209,208,207,207,207,206,206,206,205,205,205,204,203,204,203,202,202,202,201,202,200,201,200,200,200,200,199,198,199,197,197,197,194,192,187,179,163,146,143,132,129,130,135,134,136,141,154,158,179,188,192,195,198,197,198,198,198,199,199,200,200,200,200,200,201,201,202,203,203,204,203,203,203,204,204,205,205,206,206,206,207,207,207,207,208,207,208,208,208,209,208,209,208,208,208,208,208,208,207,207,207,207,207,207,207,206,207,207,206,206,206,206,206,206,205,206,205,204,205,204,204,203,203,203,203,203,202,203,202,202,201,201,201,200,200,199,200,200,200,199,200,199,199,199
213,213,213,212,212,212,212,212,212,213,212,212,212,212,212,212,212,213,211,212,212,212,212,212,212,212,211,212,212,212,212,212,212,212,211,212,211,212,212,212,211,211,212,211,211,211,211,211,211,212,211,210,210,211,209,209,209,208,208,207,208,206,205,206,205,205,204,203,203,203,203,202,203,201,201,201,200,201,200,200,200,199,198,198,198,196,190,180,160,139,126,120,112,108,105,104,105,107,109,112,112,111,112,110,114,129,148,163,185,193,197,197,198,198,199,199,199,199,199,200,201,200,201,202,202,202,203,203,203,204,204,203,205,205,206,206,206,207,207,207,207,207,207,208,208,208,208,209,208,207,208,207,208,208,208,208,208,207,207,207,207,207,206,207,206,206,206,207,206,205,205,205,205,205,204,205,204,204,203,203,203,203,202,202,201,202,201,201,201,201,200,201,200,200,200,200,200,199,199,198
213,213,212,213,212,212,212,212,212,213,213,213,212,212,212,212,212,212,212,212,212,212,212,212,212,212,212,212,213,212,213,213,212,213,212,212,212,212,212,212,211,212,212,212,211,212,211,211,210,211,211,211,210,210,209,209,208,208,207,207,207,205,205,205,205,205,203,204,203,203,202,202,202,201,200,200,200,199,199,199,199,198,198,194,181,159,135,124,117,114,108,102,102,97,95,95,93,92,91,91,90,89,93,97,98,101,103,107,123,152,180,188,198,198,199,199,199,199,200,200,200,200,201,202,202,202,202,203,202,203,203,203,204,205,205,205,206,206,207,207,207,207,208,207,207,208,208,208,208,208,207,208,207,208,208,207,208,207,208,208,207,207,207,207,207,207,206,206,206,206,204,206,204,204,205,204,204,204,204,203,203,203,202,202,202,202,202,201,201,200,201,200,200,200,200,200,199,199,199,199
213,213,213,213,212,212,213,213,212,211,213,213,212,212,212,213,213,212,212,212,212,212,212,213,212,212,213,212,212,213,213,212,212,213,213,213,213,212,212,212,211,212,212,211,211,211,211,211,211,211,211,211,210,211,209,209,208,208,207,206,206,205,205,206,205,205,204,203,201,202,202,201,201,201,201,201,200,200,200,199,198,192,174,143,125,119,112,106,104,101,95,90,87,79,76,75,74,73,71,71,73,74,75,76,80,86,90,95,97,100,117,140,176,195,197,197,198,199,199,200,200,200,200,201,201,201,202,202,203,203,203,203,203,205,205,205,205,206,206,207,207,207,207,208,208,208,208,208,208,208,207,208,207,208,208,207,208,208,208,208,207,207,207,207,207,206,206,206,206,206,205,205,205,205,204,204,204,204,203,203,203,202,202,202,202,202,202,201,201,200,201,200,200,200,199,199,200,199,199,199
213,214,213,214,212,212,212,212,212,213,213,213,213,213,213,213,213,212,212,212,213,213,212,213,213,213,213,212,212,213,212,213,212,212,212,213,213,213,213,212,212,212,212,212,212,212,211,211,211,210,211,210,210,210,209,208,208,207,206,207,205,205,205,204,204,204,203,202,201,202,201,200,200,200,200,199,200,199,198,200,178,145,127,119,111,108,102,95,85,80,72,68,65,63,60,61,61,63,63,63,62,65,65,69,70,74,78,85,89,90,97,101,111,137,182,195,197,199,199,200,200,200,200,200,201,201,201,202,203,202,202,203,203,203,204,205,205,205,207,207,207,207,207,207,207,208,208,208,208,208,208,208,208,208,208,208,208,207,208,208,207,207,207,206,207,206,206,206,205,206,205,204,205,205,205,204,204,204,204,203,204,203,202,202,201,202,201,202,201,200,200,201,200,200,200,200,199,199,199,200
214,213,213,212,212,212,212,213,213,213,213,213,213,213,213,213,213,213,213,213,213,212,213,214,212,213,213,212,212,213,213,213,212,212,213,213,212,212,212,212,212,212,212,212,212,211,212,211,211,211,211,210,211,209,209,208,208,207,207,206,205,205,205,204,203,203,203,202,201,201,201,201,200,200,199,198,198,197,188,151,126,119,111,104,95,87,79,74,69,66,62,61,62,61,60,61,62,61,61,59,59,60,59,60,60,61,65,69,75,78,83,86,91,99,113,156,192,198,198,198,199,200,200,201,200,200,200,201,201,202,202,202,203,203,204,204,205,204,206,207,206,207,207,208,207,208,208,208,208,208,208,209,208,208,208,208,208,208,207,207,207,207,207,206,206,207,206,206,206,206,205,205,204,204,204,204,204,203,204,203,203,203,202,202,202,201,201,201,201,200,200,200,200,200,200,200,200,199,199,199
213,213,213,212,212,212,213,212,213,213,213,212,213,213,212,213,213,213,213,213,213,213,213,213,212,213,213,213,213,213,212,212,213,212,213,213,213,213,213,213,212,213,212,212,212,211,211,211,211,210,211,211,210,209,209,208,208,206,206,206,205,204,204,203,203,203,203,202,202,202,200,201,201,200,199,195,194,168,133,124,117,111,100,86,78,74,71,68,64,63,62,63,63,62,62,62,61,61,60,60,60,59,57,57,56,57,58,60,64,69,73,76,82,87,94,105,132,183,198,199,199,200,199,199,200,200,200,200,201,202,203,202,203,203,204,204,204,205,205,205,206,207,207,207,207,208,208,208,208,208,208,208,208,208,209,208,208,207,208,207,208,207,207,207,207,206,207,206,206,206,206,205,205,204,204,203,203,204,203,203,203,202,202,202,201,201,201,202,201,201,200,200,200,200,200,200,200,199,199,199
213,213,213,213,212,213,212,212,213,213,212,213,213,213,212,214,213,213,213,213,213,213,213,212,213,213,213,213,213,213,213,213,213,213,213,213,213,213,213,212,213,213,212,212,213,212,212,211,211,210,211,211,210,209,209,208,207,206,206,206,205,204,203,203,203,202,202,201,201,201,200,200,200,199,198,183,148,125,119,112,98,94,82,72,70,69,67,66,63,64,62,63,63,63,64,63,63,63,62,61,61,59,58,57,56,56,56,58,59,60,63,68,72,76,80,87,99,116,164,196,198,199,200,199,200,200,199,200,201,200,201,202,202,203,203,204,204,205,205,205,206,206,207,207,207,207,208,208,208,208,208,208,208,208,208,208,208,207,208,207,207,207,207,207,207,206,206,206,206,206,205,205,205,204,204,203,204,203,203,203,203,202,202,202,202,201,201,201,201,200,201,200,200,199,200,200,199,199,199,200
213,212,212,213,213,213,213,213,213,213,213,212,213,213,213,214,214,213,213,213,214,213,213,213,213,213,213,213,213,213,213,213,213,213,213,213,213,214,213,213,212,213,213,212,212,212,212,212,211,211,210,210,210,209,208,208,207,207,206,205,205,204,203,202,202,202,201,201,200,200,200,200,199,198,174,134,122,113,104,93,80,72,69,68,68,67,67,65,65,64,62,63,62,63,64,64,63,63,62,62,61,60,59,58,56,56,56,57,57,57,57,59,63,66,70,73,80,90,101,143,194,197,199,199,199,199,199,200,201,200,201,201,201,202,203,204,204,204,205,205,206,207,206,207,207,207,208,207,208,208,208,208,208,208,208,208,208,208,208,208,207,207,207,207,207,206,206,206,206,206,206,205,205,204,204,204,204,204,203,203,203,203,202,202,200,201,201,201,200,200,201,200,200,200,199,199,199,199,200,198
214,213,214,213,213,213,214,213,213,213,213,213,213,214,213,214,214,214,213,213,213,213,213,213,213,214,213,213,213,213,213,213,214,213,213,213,213,213,212,212,213,213,213,212,213,212,212,212,212,211,210,209,209,209,208,207,207,206,205,205,204,203,203,202,202,201,200,200,200,200,199,198,189,155,127,114,106,96,88,76,71,69,69,68,67,67,65,64,64,63,62,62,63,63,63,62,62,62,61,61,60,61,59,59,58,57,56,56,57,57,57,56,56,60,63,64,68,72,85,93,125,184,198,198,200,199,199,199,199,199,200,201,201,202,202,203,203,204,205,205,206,206,206,207,207,208,208,208,208,208,208,208,208,208,208,208,208,208,208,208,207,207,207,207,207,207,207,206,206,206,205,204,205,205,204,204,204,204,204,203,203,203,202,201,201,201,202,201,201,200,201,201,199,199,200,199,199,200,200,200
213,213,214,213,214,213,213,214,214,214,214,213,213,213,213,214,214,214,213,214,214,214,213,213,213,214,214,213,213,213,214,213,214,214,213,213,213,213,213,213,212,213,213,213,213,212,212,212,211,211,210,209,209,209,208,207,207,205,205,204,204,203,202,201,202,201,200,199,199,199,198,181,141,123,109,98,91,85,75,70,70,70,70,68,67,66,65,65,63,63,62,62,63,63,63,62,62,62,62,61,60,61,60,59,58,57,56,56,56,55,56,56,56,57,59,60,63,64,70,80,85,111,174,198,199,199,199,199,199,199,200,200,200,200,202,202,203,204,204,204,205,206,207,207,207,208,208,208,208,208,208,208,208,208,208,208,208,209,208,208,208,207,207,207,207,206,207,206,206,205,205,204,205,204,204,204,204,204,204,204,202,202,201,201,201,202,201,201,201,201,201,201,200,200,200,200,200,199,199,200
214,213,213,213,214,213,214,214,214,213,214,213,213,214,213,214,214,214,213,214,214,214,214,214,214,214,214,214,214,214,214,214,213,214,214,214,213,214,213,213,213,213,213,213,213,212,212,212,211,210,210,209,209,209,208,207,206,205,205,203,203,202,201,201,201,200,200,199,199,195,165,127,117,102,95,88,82,78,72,70,70,70,69,67,67,67,65,65,62,63,61,63,63,63,62,62,62,62,61,60,60,60,60,59,59,57,57,58,56,55,55,56,57,56,59,58,61,63,64,66,72,84,97,162,197,198,199,199,199,199,200,200,200,200,200,201,202,204,204,204,205,205,206,207,207,207,207,207,208,208,208,208,208,208,209,208,208,208,208,208,207,208,207,208,207,207,206,206,206,206,205,205,205,205,204,204,204,203,203,203,203,202,202,202,202,202,202,201,201,201,200,201,199,200,201,199,199,200,199,200
214,214,214,213,214,214,213,214,214,214,214,214,214,214,213,215,214,214,214,214,214,214,213,214,214,214,214,214,214,214,214,214,214,213,214,214,214,213,213,213,214,213,213,212,212,212,212,212,211,211,210,209,209,208,207,206,206,205,204,203,203,203,201,201,201,200,198,199,194,151,122,107,97,90,85,79,75,72,70,69,71,69,68,67,67,66,66,64,62,63,62,62,64,62,61,61,62,62,61,60,60,60,60,60,59,58,56,55,56,54,55,55,55,56,58,59,61,62,64,66,68,72,80,88,149,196,198,198,199,199,199,199,199,200,200,201,202,203,203,204,204,205,206,207,207,207,207,208,208,208,207,208,208,209,208,209,208,208,208,208,208,208,207,207,207,207,206,206,206,205,206,205,205,205,204,204,204,204,203,203,202,202,202,201,202,202,202,201,201,200,201,200,200,200,200,200,201,199,199,200
214,214,215,213,214,214,214,214,214,214,214,214,214,214,214,215,214,215,214,214,214,214,214,213,213,214,214,214,214,214,214,214,214,214,214,214,214,214,214,214,214,213,213,212,213,212,212,211,211,210,209,209,209,208,207,206,206,204,204,203,202,201,200,200,200,200,199,175,138,117,100,92,88,83,78,75,71,71,71,70,71,70,69,66,67,65,65,63,62,62,62,62,64,62,61,62,61,62,60,60,59,59,60,59,58,57,56,55,55,55,53,53,53,54,56,59,59,61,63,65,65,69,71,76,81,133,194,197,198,199,199,199,199,199,200,201,202,202,203,203,203,205,205,205,206,207,207,207,207,207,207,207,208,208,208,209,209,208,208,208,208,207,207,206,207,207,206,206,206,206,205,205,205,205,205,204,205,203,203,203,203,203,202,202,201,202,202,201,201,201,201,201,200,199,201,200,199,199,199,199
214,214,215,213,214,214,214,214,215,214,214,215,214,215,214,215,215,214,215,214,214,214,213,214,214,214,214,214,214,214,214,214,214,214,214,214,214,214,214,213,213,213,213,212,213,212,212,211,211,211,209,209,208,207,207,205,205,204,203,202,201,200,201,199,197,195,177,133,111,99,91,87,83,78,76,73,71,71,71,70,70,69,67,67,67,65,65,63,63,63,62,61,63,62,62,62,62,62,60,59,59,57,58,58,59,58,57,55,54,53,53,53,53,53,55,59,59,61,62,64,63,65,70,71,71,77,127,185,198,198,199,198,199,199,199,200,201,202,202,203,203,204,205,206,206,207,207,207,208,208,207,208,208,208,208,208,208,208,208,208,208,208,208,207,207,207,206,206,207,206,206,205,205,205,204,204,204,204,204,204,203,203,202,202,201,202,202,201,201,200,201,200,200,200,200,200,200,200,199,199
214,215,214,214,215,215,215,215,215,215,215,214,214,214,214,214,215,214,214,214,214,214,214,213,214,214,214,214,214,214,214,214,214,215,214,214,214,214,214,214,214,213,213,212,212,212,212,211,210,210,209,209,207,206,205,204,204,204,202,202,201,200,199,197,193,160,117,108,97,90,87,84,78,74,73,72,71,70,69,68,69,68,67,66,66,64,64,65,64,61,60,60,62,63,64,63,62,62,61,60,58,57,57,57,57,56,55,56,54,52,52,51,52,53,56,58,59,60,60,63,63,64,68,70,73,73,78,118,189,198,198,198,199,199,199,199,200,201,202,202,203,204,204,206,206,206,207,207,207,207,208,207,208,208,208,208,208,209,208,208,208,208,207,207,207,207,206,206,206,206,206,206,205,205,205,205,204,204,204,204,203,203,202,202,201,202,202,201,200,201,200,201,200,200,199,200,200,200,200,200
214,215,215,215,214,214,215,214,215,214,215,215,215,214,214,215,215,215,215,215,214,214,214,214,215,215,214,214,215,214,214,214,214,214,214,214,214,214,214,214,213,213,213,213,212,212,212,211,210,210,209,208,207,206,205,204,204,203,202,202,201,199,196,192,154,106,102,95,93,88,84,81,77,73,72,72,71,70,69,69,67,67,66,65,65,63,64,65,63,61,61,60,63,64,63,63,62,62,62,60,61,59,57,58,56,56,56,55,53,52,51,51,50,50,53,57,59,59,60,61,63,64,67,68,71,73,74,79,117,188,198,198,198,199,199,199,200,201,201,203,203,204,204,205,206,206,207,207,207,207,207,208,208,207,208,208,208,209,208,209,208,208,208,208,207,207,207,206,207,205,205,205,205,205,204,205,204,204,204,204,203,203,203,203,202,203,201,201,201,201,201,201,200,201,200,201,201,200,200,200
214,215,215,215,214,214,215,214,214,215,215,214,214,215,215,215,215,215,215,215,214,214,214,214,214,215,214,214,214,214,214,214,214,214,214,215,215,214,214,214,213,213,213,213,212,212,211,211,210,210,209,208,207,205,204,203,203,201,200,201,201,193,177,145,100,95,95,92,89,84,80,78,76,74,72,71,71,70,69,69,66,67,66,66,64,64,65,65,63,62,62,64,63,64,63,63,63,61,61,60,57,57,57,58,56,57,57,56,54,53,53,52,52,52,52,57,58,58,61,62,62,63,66,67,70,71,73,75,81,115,190,198,198,199,199,199,200,200,201,202,202,203,204,204,206,206,206,206,207,207,207,207,207,208,208,209,208,209,209,209,208,208,208,207,207,206,207,207,206,205,205,205,205,205,204,205,205,204,204,204,203,203,203,203,202,202,202,201,201,201,201,201,201,201,201,201,200,200,200,200
215,215,214,214,214,214,215,215,215,215,214,214,215,215,214,215,214,215,215,215,215,215,214,215,215,215,214,214,214,214,215,214,214,215,214,215,214,215,215,214,215,214,213,213,212,211,211,210,210,209,209,207,207,205,204,203,202,201,200,197,191,158,120,97,90,93,90,90,87,83,80,77,77,75,73,72,71,70,69,68,67,67,65,66,64,64,65,64,61,61,62,64,63,63,63,63,61,61,61,59,57,58,58,58,58,58,58,58,58,58,58,56,56,55,56,58,58,59,61,62,62,63,65,67,69,71,72,74,77,81,121,189,198,198,198,198,199,200,200,201,202,203,203,204,204,205,206,206,206,207,207,207,208,208,208,208,208,209,209,208,208,208,208,208,208,207,207,206,206,206,206,205,206,206,205,205,205,204,204,204,204,203,203,202,203,203,202,201,201,201,201,201,201,201,201,201,201,200,200,200
214,215,215,215,215,215,215,215,215,215,215,215,215,215,215,215,215,215,215,215,215,215,215,215,215,215,215,214,215,214,215,214,215,215,214,214,215,215,214,214,214,213,213,213,212,212,211,210,210,209,208,207,206,205,203,202,201,201,200,184,158,120,95,88,90,90,89,87,86,82,80,77,75,75,72,73,71,70,69,68,67,66,65,66,65,64,65,64,61,61,61,64,62,63,62,61,61,60,61,60,59,57,59,60,59,60,59,59,60,62,62,60,60,59,59,59,59,59,61,61,63,64,66,67,69,70,72,73,74,77,81,123,190,198,198,199,199,200,200,201,201,203,204,204,205,206,206,206,206,208,207,208,208,208,208,208,209,209,209,209,208,208,208,208,208,207,207,206,207,206,206,206,206,206,205,205,204,205,204,204,204,203,203,203,203,203,203,202,202,201,201,201,200,202,201,202,201,200,200,201
215,215,215,215,215,215,215,215,215,215,216,215,215,216,216,215,215,216,215,215,215,215,215,215,215,216,215,215,214,215,215,215,215,215,215,215,214,215,214,214,214,214,213,213,212,212,211,210,210,208,207,206,205,204,202,201,200,198,182,150,104,99,90,90,89,88,90,87,85,81,78,77,74,73,73,72,71,70,69,68,67,67,65,64,64,64,65,65,60,60,60,61,62,63,62,61,61,62,62,60,59,60,60,61,60,60,61,58,60,61,64,63,62,62,61,60,60,62,62,63,63,65,65,67,69,70,71,72,73,75,76,82,125,189,197,198,199,200,199,200,200,202,203,203,205,205,206,206,206,206,207,208,207,208,208,208,208,209,210,209,208,208,208,208,208,208,208,206,207,207,206,205,206,206,205,205,205,205,204,204,204,203,203,203,203,202,203,202,202,202,201,201,202,201,201,202,201,201,201,200
215,215,216,215,215,214,215,216,215,215,215,215,215,215,216,215,215,215,216,216,215,215,215,215,216,216,215,216,215,215,215,215,216,215,215,215,215,215,215,215,214,214,213,213,212,211,211,209,208,208,207,205,205,202,201,200,198,185,142,93,97,91,90,90,89,89,88,85,83,81,79,76,75,73,72,72,71,70,69,68,67,67,67,66,66,65,64,64,61,63,64,63,63,64,64,65,63,62,62,61,59,58,60,61,63,62,62,60,61,62,61,61,61,61,61,62,63,62,63,63,64,67,66,67,68,69,70,71,72,74,75,78,86,131,185,197,197,198,199,199,200,201,203,203,204,205,206,206,206,207,207,208,208,208,208,209,209,209,209,209,208,208,209,208,208,207,207,207,207,207,207,206,206,206,205,205,205,205,205,205,204,203,203,203,203,203,203,203,202,201,201,201,202,201,202,201,202,201,201,201
215,215,216,215,215,215,215,216,215,216,215,216,216,215,216,216,216,216,216,216,216,215,216,215,216,215,216,216,216,216,215,215,215,215,215,215,215,216,215,215,214,213,213,213,213,211,210,209,207,208,206,205,204,202,200,197,173,133,83,100,88,88,89,88,90,89,86,85,83,80,78,77,75,73,71,73,71,71,71,70,69,69,67,67,67,67,65,64,62,65,67,67,65,65,66,64,63,64,63,63,60,60,62,63,64,62,64,63,64,65,65,63,61,59,61,63,66,65,65,64,65,66,66,67,68,69,69,69,70,73,75,76,81,89,141,190,197,199,199,199,200,201,202,203,204,204,205,206,206,207,207,207,208,207,208,209,209,209,209,208,208,208,208,208,208,207,208,207,207,207,207,206,206,206,205,205,205,205,205,204,205,204,204,203,204,204,203,202,202,202,202,202,202,202,201,202,202,201,201,201
215,215,216,215,215,216,215,216,216,215,215,215,216,216,217,216,216,217,216,216,216,216,216,216,217,216,216,216,216,216,216,215,215,215,215,215,215,215,215,216,214,213,213,213,212,211,210,209,208,207,206,205,204,201,196,181,136,82,94,89,85,86,87,87,88,87,85,84,82,79,79,78,76,74,73,74,72,73,73,73,70,70,69,68,67,69,67,66,65,66,67,67,65,65,66,67,64,64,63,65,63,62,63,64,66,65,67,67,67,68,67,67,64,60,63,65,67,66,65,64,67,69,68,69,69,68,68,68,70,72,75,76,77,81,91,150,193,198,198,199,199,200,201,202,203,205,205,206,206,206,206,208,208,208,209,209,209,209,208,209,208,209,209,208,208,207,208,207,207,207,207,206,206,206,206,205,205,205,205,205,204,204,204,204,204,203,203,203,202,202,203,202,202,202,202,202,202,201,202,201
216,216,216,216,216,216,216,216,216,216,215,216,217,216,216,216,216,216,216,216,217,215,216,216,216,216,216,216,216,216,216,216,215,216,215,215,215,215,214,214,215,213,214,213,212,211,210,209,208,207,205,204,203,199,179,146,68,90,91,85,85,85,86,86,86,85,84,82,82,81,81,79,77,76,75,74,74,75,75,73,72,70,70,70,70,69,69,67,66,67,65,64,66,68,68,67,65,64,65,64,63,63,64,64,67,67,68,69,69,69,69,68,70,68,68,69,67,68,67,67,68,69,69,69,69,69,68,68,68,71,74,76,75,77,81,98,169,194,197,197,198,199,200,201,203,204,205,205,206,206,207,207,208,208,208,209,209,209,209,209,209,208,208,208,208,208,208,208,207,207,207,206,206,206,206,206,206,206,205,205,205,204,204,204,204,202,203,203,203,203,202,202,202,202,202,202,202,202,202,201
217,216,216,216,215,217,216,216,216,216,217,216,216,215,217,216,215,216,216,216,216,215,216,216,216,216,216,216,216,216,216,215,216,216,216,215,215,216,215,215,214,213,214,213,211,211,209,208,208,206,203,202,201,198,162,78,80,90,87,85,86,85,86,87,86,85,85,84,84,85,83,82,80,78,75,73,75,75,74,73,72,70,71,70,69,69,70,67,66,67,64,63,67,70,70,69,68,64,64,65,65,66,66,65,66,67,69,70,70,69,68,70,70,72,71,70,70,71,69,69,70,71,70,69,69,69,69,68,69,71,73,74,73,75,78,84,107,164,189,196,198,198,201,201,202,203,204,205,206,206,207,207,208,208,209,209,210,209,209,210,209,208,209,208,208,208,208,207,207,207,207,206,206,206,206,206,206,205,205,205,205,204,204,204,205,204,204,203,203,203,202,203,202,203,203,202,202,202,202,202
217,216,216,216,216,216,216,216,216,216,217,217,216,216,216,216,216,216,216,216,216,216,217,216,217,217,217,216,215,216,216,215,216,216,216,216,215,216,215,215,214,214,214,213,212,210,209,207,207,206,203,200,196,180,101,73,89,85,85,86,86,85,87,88,86,86,86,86,85,86,83,83,81,78,77,75,74,76,75,73,73,71,71,71,69,70,72,70,69,70,70,68,68,74,71,70,69,64,64,66,65,65,67,67,69,71,71,71,70,71,72,72,72,72,73,72,74,73,72,72,72,72,73,70,71,68,69,69,69,69,70,71,74,76,78,79,86,117,173,197,198,199,200,201,202,203,204,206,206,207,207,208,208,209,209,209,210,210,210,210,209,209,208,208,209,208,208,208,207,208,207,207,206,206,206,206,206,206,206,205,205,205,204,204,204,204,203,204,203,203,203,203,202,203,202,202,203,202,202,202
217,217,217,216,216,217,216,216,216,217,217,217,216,216,216,216,216,216,216,216,216,216,217,217,217,217,217,217,216,217,216,216,216,216,216,216,216,216,216,215,215,214,213,212,211,211,210,208,207,205,204,195,190,129,57,88,84,85,85,86,87,86,85,87,85,85,86,86,88,86,87,87,83,81,79,78,76,77,75,74,74,71,70,70,71,72,73,74,72,73,74,75,73,80,74,71,69,68,66,69,68,67,66,69,71,72,74,74,75,76,75,76,77,78,76,74,73,75,73,74,72,73,74,71,70,68,70,69,68,69,68,69,72,75,75,77,80,86,130,183,197,198,200,201,202,204,205,204,206,207,207,207,208,209,209,210,210,210,210,210,209,209,209,209,208,208,208,208,208,208,208,207,207,207,206,206,206,206,206,205,205,205,205,204,204,204,204,204,203,203,203,203,203,203,203,202,203,203,203,203
217,216,217,216,216,217,217,216,216,216,216,216,217,216,217,217,217,216,217,217,217,217,217,217,217,217,217,217,217,217,216,216,216,216,217,216,216,217,215,215,214,214,214,212,211,210,208,207,206,204,204,194,146,68,83,86,85,85,86,87,88,85,84,85,84,85,87,87,89,89,90,88,82,83,83,83,80,79,77,77,75,75,74,75,74,73,74,73,74,82,74,76,80,85,75,73,70,69,68,70,72,69,68,69,74,74,78,77,77,77,77,78,79,77,76,75,74,75,77,77,73,74,75,74,71,69,71,70,68,68,67,70,71,73,73,74,79,83,81,129,193,199,200,200,202,204,204,205,206,207,207,208,208,209,209,209,210,210,210,210,210,209,209,208,209,209,208,208,208,208,208,207,207,207,206,206,207,206,206,205,205,205,205,205,204,204,204,203,203,203,203,203,203,203,203,203,203,203,203,203
217,216,217,217,216,217,217,217,216,216,216,217,217,217,217,217,217,217,217,217,217,217,217,217,217,217,217,217,217,217,217,216,216,216,216,217,216,216,216,215,214,214,213,211,209,209,208,205,202,199,200,180,89,70,90,86,86,87,86,86,86,86,85,85,85,86,89,90,90,91,93,92,88,87,82,83,80,80,82,82,81,88,79,74,74,72,75,76,71,71,74,82,84,87,80,76,75,73,73,75,72,72,77,79,81,81,80,79,80,80,78,78,82,78,79,80,80,77,80,77,75,76,73,74,71,70,72,72,69,68,66,68,72,71,72,72,75,79,84,90,161,190,199,200,201,204,204,205,206,207,207,208,208,209,209,210,210,210,210,210,210,210,209,209,210,209,209,208,209,208,208,207,207,207,206,207,206,206,206,205,205,205,205,204,205,205,204,204,204,204,204,204,203,204,203,203,203,203,204,203
217,217,217,216,217,217,217,217,217,217,217,217,217,217,216,217,217,217,217,217,216,217,217,217,217,217,217,217,217,218,217,217,216,217,217,217,217,216,215,215,214,213,212,211,210,208,205,204,201,197,180,118,58,90,85,87,87,88,86,86,86,86,86,86,86,87,90,91,90,89,92,87,85,85,83,83,82,83,86,93,92,84,80,78,76,74,74,76,77,73,75,82,86,86,80,82,83,77,76,79,78,73,76,79,81,81,81,82,81,83,82,79,82,77,78,78,82,74,81,75,75,76,75,71,70,72,73,72,71,68,66,68,71,70,70,71,73,78,84,83,106,155,197,200,201,204,204,204,206,206,207,207,209,209,210,210,211,210,210,210,209,209,209,209,209,209,209,209,209,208,208,208,207,207,207,207,206,206,206,205,206,205,204,205,205,205,204,205,204,203,204,204,204,204,203,203,203,204,203,204
217,217,216,217,217,217,217,217,217,217,216,217,217,217,217,217,217,217,217,217,217,217,217,217,217,217,217,217,218,217,217,216,217,216,217,217,217,216,216,215,213,213,212,210,209,207,205,203,199,195,164,57,79,89,85,86,87,89,88,88,88,87,87,87,87,89,92,90,88,89,91,92,85,85,83,83,84,86,90,97,98,90,82,82,82,78,76,82,84,80,79,82,84,83,82,81,83,76,74,77,78,78,79,80,82,79,81,79,80,73,79,78,81,78,78,81,86,78,79,76,75,75,73,69,69,71,72,71,69,68,67,68,70,69,68,70,72,77,82,84,80,144,194,200,201,203,204,205,205,207,207,208,208,209,210,211,211,210,210,211,210,210,210,210,210,209,209,209,209,208,208,208,208,207,207,207,207,207,206,206,206,205,205,204,205,205,205,204,205,205,205,204,204,204,204,203,205,204,204,204
217,217,217,217,217,218,217,217,217,217,217,218,217,217,217,217,217,217,218,218,217,217,218,217,218,217,218,217,217,217,217,217,217,216,217,217,217,216,215,214,213,212,210,209,208,205,204,201,199,188,106,63,91,88,88,88,89,88,88,89,88,89,88,88,88,89,91,89,87,87,90,90,86,86,83,83,87,93,94,94,94,92,91,90,90,80,81,83,86,84,86,85,80,84,80,77,78,76,78,78,80,87,83,85,83,82,82,81,80,68,71,79,78,79,78,78,84,81,78,74,74,74,72,71,69,72,75,74,70,70,68,68,68,68,67,70,71,75,77,83,82,102,175,198,200,202,204,205,206,206,207,208,209,210,210,210,211,210,211,211,210,210,210,210,209,209,209,209,210,209,209,208,208,208,207,207,207,207,206,207,207,206,205,205,205,205,205,205,205,205,205,205,204,204,204,205,204,204,204,204
217,217,217,217,218,217,217,217,217,217,217,217,217,217,217,217,218,217,218,217,217,218,218,218,218,218,217,217,217,217,217,217,216,216,217,217,217,216,215,214,212,211,210,208,207,204,201,199,196,161,62,82,90,91,91,90,93,91,91,91,90,92,87,87,86,86,90,89,87,88,87,91,86,87,83,83,88,86,86,93,96,95,95,90,83,78,81,83,87,88,86,82,77,78,79,78,77,79,82,82,83,88,84,85,86,84,84,85,83,85,79,80,82,81,78,82,83,81,80,77,77,75,73,71,71,72,74,74,70,72,70,70,67,66,67,68,71,73,75,81,83,71,141,197,199,201,203,203,206,206,207,208,208,209,209,210,210,210,211,211,210,210,210,210,210,210,210,210,210,210,209,209,208,208,207,208,207,207,207,206,207,206,206,206,206,205,206,205,205,204,205,205,205,205,205,204,204,204,204,204
217,217,217,217,218,218,217,217,217,218,218,218,218,218,218,217,217,217,218,217,217,218,218,218,218,218,218,217,217,217,216,217,216,216,217,216,216,216,215,214,212,210,208,206,205,202,200,198,181,91,69,91,93,93,94,92,94,93,94,92,98,87,87,84,84,84,88,88,88,87,86,86,85,84,79,83,82,76,81,83,90,90,91,82,89,78,79,85,87,87,84,85,85,83,80,82,78,82,83,86,86,89,85,84,88,87,86,85,85,85,84,81,80,82,79,85,82,80,81,78,78,74,73,71,71,72,81,79,73,74,72,73,67,67,67,68,70,72,74,75,82,76,88,176,196,200,202,203,205,205,206,208,208,209,209,210,210,211,211,211,211,210,211,210,210,210,210,211,209,209,209,209,209,208,208,207,207,207,207,207,207,206,206,206,206,206,205,205,206,205,205,205,205,205,205,205,204,204,204,204
218,218,218,217,218,218,217,217,218,218,218,218,218,218,217,217,218,218,218,217,217,218,218,217,217,218,218,217,217,217,217,216,217,217,216,217,216,215,214,212,211,209,206,204,203,199,197,195,137,51,87,90,93,95,94,95,96,97,98,98,88,87,88,87,90,89,87,86,87,87,90,85,84,82,81,84,86,79,84,80,82,90,81,80,79,76,77,79,84,82,83,82,83,83,83,85,80,83,83,85,87,91,86,83,89,86,83,85,85,84,81,80,79,79,79,85,82,80,79,79,77,76,74,72,71,70,77,75,70,71,73,72,66,66,67,68,70,71,72,73,78,79,70,137,184,198,202,203,204,205,207,207,208,209,210,211,211,211,211,211,211,210,211,211,210,210,210,210,210,209,209,209,209,208,208,207,208,207,207,207,207,207,206,206,206,206,206,205,206,205,205,205,205,204,206,205,205,204,204,205
218,218,218,217,218,218,218,218,218,218,218,218,218,218,218,218,218,218,218,217,218,218,217,217,217,217,218,217,217,217,217,217,216,217,216,216,215,215,213,211,209,209,204,202,200,195,195,189,92,73,91,92,95,96,96,97,98,100,100,102,101,93,88,88,88,87,85,86,87,88,88,91,86,83,80,88,97,92,89,87,77,76,72,72,77,75,67,70,72,78,80,77,80,82,83,81,81,82,83,87,86,90,90,88,94,94,93,92,87,85,84,79,80,79,80,81,80,77,77,77,75,75,74,71,70,69,72,70,68,68,66,67,66,67,67,68,70,71,71,73,76,80,74,79,171,199,202,204,204,206,206,207,208,208,209,210,211,212,212,211,211,211,211,211,211,211,211,210,210,209,209,209,209,209,208,208,208,208,207,207,207,207,207,207,206,207,206,206,206,205,206,205,205,205,205,206,205,205,205,205
218,219,218,217,218,218,218,219,218,219,218,218,218,218,218,217,218,218,218,218,218,218,218,218,218,218,218,217,217,217,217,217,217,216,215,215,215,213,212,211,209,208,203,202,200,198,187,160,60,85,89,93,97,97,98,100,102,103,100,100,101,93,89,84,85,87,87,90,92,90,86,87,86,84,87,84,83,85,86,80,81,78,73,74,76,75,72,70,64,75,74,76,78,76,76,75,76,78,79,82,83,88,88,91,90,90,87,88,85,86,83,79,80,78,78,77,78,77,76,76,77,76,74,70,66,67,68,68,67,67,66,66,67,67,67,67,69,71,72,72,76,78,77,66,123,195,202,203,205,205,206,207,208,209,210,211,212,212,212,212,212,212,212,211,211,211,211,211,210,210,210,209,209,209,209,209,208,208,208,207,207,207,207,207,207,206,206,206,206,205,206,206,206,205,205,205,205,205,205,205
218,218,218,217,219,218,218,218,219,219,219,218,218,219,217,218,218,218,217,218,219,218,218,218,218,218,218,217,217,218,217,217,216,215,214,214,213,212,210,209,207,205,202,200,199,191,180,107,65,84,88,95,99,98,101,101,103,105,101,97,95,96,90,87,83,84,90,94,99,88,87,85,88,87,86,83,75,75,82,81,78,73,74,77,72,74,73,69,66,70,71,75,76,76,77,77,77,77,77,74,78,84,86,90,84,87,87,85,84,82,81,75,77,75,78,75,75,77,75,76,75,75,72,68,65,65,65,66,67,67,66,66,65,65,65,67,68,69,71,73,75,78,78,69,90,190,202,203,204,205,206,207,208,208,210,211,211,211,212,213,212,212,212,212,211,211,212,212,210,210,210,210,209,209,209,209,208,208,208,208,208,207,207,207,207,207,206,207,207,206,206,206,206,205,205,205,205,205,205,205
219,218,219,218,219,219,219,218,219,218,218,219,219,218,218,218,218,218,218,218,218,218,218,219,218,218,218,217,217,217,217,216,216,215,213,212,212,211,210,208,206,204,201,198,197,191,155,69,78,85,89,98,101,101,101,100,101,106,99,97,93,91,88,89,87,84,90,100,101,93,85,94,92,92,87,84,81,73,73,75,76,74,71,72,74,74,73,68,74,70,70,71,74,74,75,73,75,78,75,75,84,83,89,92,93,82,85,85,80,81,79,75,74,74,71,72,75,81,79,76,75,75,72,70,67,65,64,65,66,66,66,65,65,66,66,66,68,69,70,72,74,77,76,71,64,153,198,203,205,205,206,207,208,209,209,210,211,212,213,212,212,212,212,212,212,212,211,211,210,211,210,210,210,209,209,209,209,209,208,208,208,208,208,207,207,207,206,207,206,206,206,206,206,205,206,206,206,205,206,206
219,218,218,218,219,219,219,219,219,219,218,218,218,218,218,219,219,218,217,218,219,218,218,218,218,218,218,217,217,217,217,216,215,214,213,212,212,210,210,208,204,203,200,198,196,185,103,63,85,85,94,100,102,102,100,101,104,106,100,98,95,90,85,89,91,92,87,89,97,92,87,85,91,99,82,81,80,74,72,72,72,73,73,76,76,80,72,70,71,80,81,71,70,73,73,73,75,80,76,77,83,80,80,85,87,84,85,85,79,80,80,75,74,74,72,75,77,77,78,78,78,74,69,71,66,65,64,64,63,64,65,67,66,65,65,66,68,69,69,71,74,76,76,74,61,103,196,203,205,206,206,207,208,208,210,210,211,212,212,212,212,212,212,213,212,212,211,211,211,210,211,210,209,210,210,210,210,209,209,208,208,208,208,208,208,207,207,207,207,207,207,207,207,206,206,206,206,206,206,206
218,218,218,219,219,219,219,219,219,219,219,219,219,219,218,218,218,218,218,218,219,219,218,218,219,218,218,218,217,217,216,215,214,213,212,211,211,210,209,207,204,202,201,198,196,174,55,68,82,86,96,103,103,104,100,100,102,102,100,100,94,86,84,89,85,87,89,89,88,91,87,89,91,92,82,78,75,73,71,77,74,69,71,78,74,83,72,66,70,79,78,74,71,73,79,81,82,89,82,83,82,88,79,80,81,80,79,79,76,80,79,77,75,73,72,71,74,79,81,81,76,76,74,73,69,67,65,64,63,64,66,66,65,66,65,66,68,68,69,71,73,75,75,73,64,75,180,203,205,206,206,207,208,209,210,210,211,212,213,213,212,213,212,212,212,212,212,211,211,211,211,210,211,210,210,210,210,209,209,209,208,208,208,208,208,207,207,206,207,207,207,207,207,207,207,207,207,206,206,206
219,219,219,219,219,219,219,219,219,219,219,220,219,219,219,219,219,218,219,218,219,218,219,219,219,218,218,217,217,216,216,215,213,213,211,210,210,209,208,206,203,202,200,198,197,169,57,79,81,86,98,107,106,101,103,101,100,102,102,102,96,91,91,89,82,81,82,79,83,86,84,79,86,90,84,79,75,74,73,78,78,69,69,77,75,81,71,67,65,71,73,71,72,77,81,85,87,90,84,81,81,84,79,81,80,79,79,78,76,76,74,77,75,74,74,76,75,80,81,83,79,77,75,73,71,68,64,65,64,64,66,66,65,66,64,67,68,68,69,70,73,74,75,73,66,63,145,200,205,206,206,207,208,209,209,210,212,212,213,213,213,212,213,213,213,212,212,212,211,211,211,211,211,210,210,210,210,209,209,209,208,208,208,208,208,208,207,207,207,208,208,208,207,208,207,208,207,207,207,207
219,219,218,219,218,219,220,219,219,219,219,219,219,220,219,219,218,219,218,218,219,219,219,219,219,217,217,217,216,215,214,213,212,212,211,210,209,208,207,205,203,201,199,199,192,166,60,85,84,93,103,110,106,103,101,99,98,103,101,99,95,90,87,88,83,84,85,85,85,86,85,86,79,82,81,80,77,76,75,73,75,76,69,67,69,78,72,70,67,69,70,70,72,75,79,83,84,84,85,83,82,82,80,79,77,78,78,73,73,75,74,79,76,75,74,77,77,80,81,81,79,80,74,72,72,69,68,66,63,63,65,66,64,64,64,66,67,68,68,70,72,74,75,74,66,58,114,196,204,205,206,207,208,209,210,211,212,212,213,213,213,213,213,213,213,213,212,212,212,211,211,211,211,211,211,211,210,210,209,209,209,209,208,208,208,208,208,208,208,207,208,208,208,208,208,208,207,207,207,207
219,219,218,220,219,219,219,219,219,218,219,219,219,219,219,219,219,219,219,218,218,219,218,218,218,217,217,216,215,214,214,212,212,210,210,209,208,207,206,204,202,201,198,196,193,147,66,91,84,97,104,108,106,101,99,96,103,107,100,98,94,90,89,89,90,91,93,83,86,86,89,88,80,82,82,84,83,78,77,75,76,76,68,67,70,76,76,77,74,71,75,71,73,75,78,80,82,82,84,86,83,78,82,81,78,78,78,74,75,76,77,78,81,78,77,79,81,82,82,78,74,78,75,74,74,71,68,66,64,64,65,65,65,64,64,65,66,67,67,70,72,74,74,74,69,61,81,193,203,205,206,207,208,209,210,211,212,212,213,213,214,213,213,213,213,212,212,212,212,212,212,211,211,211,211,211,210,210,210,210,209,209,208,208,208,208,208,209,208,208,208,208,208,208,208,208,207,208,208,208
219,219,219,219,220,220,220,220,219,219,219,219,219,219,219,219,219,219,219,218,219,219,219,219,218,217,216,215,215,213,214,212,211,211,210,209,209,207,205,204,202,199,197,193,191,107,64,89,91,102,106,108,105,100,101,105,102,98,98,99,93,90,92,93,92,93,91,86,86,86,83,79,81,82,83,82,81,85,76,76,77,80,75,75,76,79,81,81,84,79,74,73,73,77,78,79,83,83,84,82,84,80,82,77,76,77,77,74,75,74,76,77,77,78,79,82,86,85,83,77,61,76,77,79,75,70,66,66,64,64,65,66,65,64,64,65,65,66,67,69,71,73,73,73,73,67,66,171,202,204,205,207,208,209,210,212,212,213,213,213,214,214,214,214,213,213,213,213,213,212,213,211,212,211,211,211,211,210,210,210,210,209,208,208,208,208,209,209,208,208,208,208,208,208,208,208,208,208,208,208
219,219,219,219,220,220,219,220,220,220,219,219,220,219,219,219,219,219,219,219,218,219,218,218,218,217,216,216,214,213,213,212,211,211,210,209,209,207,205,203,200,197,194,191,177,89,70,89,101,104,107,110,105,101,102,110,104,107,102,97,93,92,97,98,97,93,89,90,86,84,80,78,81,79,82,83,79,81,77,77,79,78,79,79,82,83,83,81,85,83,81,80,79,78,80,84,84,83,84,83,84,79,75,78,84,83,83,70,74,75,82,82,79,77,77,81,87,88,88,84,78,77,76,73,73,66,64,64,64,65,66,66,66,65,65,65,65,65,67,69,71,72,73,72,74,70,57,141,198,204,206,207,208,209,210,211,213,213,214,213,214,214,214,214,214,213,213,213,212,212,212,212,212,212,211,211,211,211,210,210,210,209,208,208,208,209,209,209,208,208,209,209,208,208,208,209,208,208,208,208
219,220,219,220,220,220,220,220,220,220,220,220,220,220,219,219,219,219,219,218,219,219,218,218,218,217,216,215,214,213,213,212,211,211,210,208,207,206,204,201,198,195,191,190,176,71,91,104,106,107,111,108,108,105,106,107,103,99,97,94,97,95,97,100,102,94,92,93,86,84,80,78,79,81,81,82,80,79,81,80,81,74,77,78,83,85,86,81,81,85,88,87,83,83,83,84,82,80,80,77,79,78,78,77,76,78,75,74,78,80,85,84,83,78,79,85,85,88,87,84,80,73,73,70,67,65,64,64,64,64,66,67,68,67,66,66,66,67,67,69,71,73,74,74,75,76,57,120,193,205,206,207,208,209,210,212,212,214,214,214,214,214,214,214,214,213,213,213,213,213,212,213,213,212,212,211,211,211,210,210,210,209,209,209,209,209,209,209,210,209,209,209,209,208,208,209,208,208,208,208
219,219,219,219,219,220,220,220,220,220,220,220,220,220,219,219,219,219,219,218,219,219,218,218,217,216,215,215,214,213,213,211,211,210,208,207,206,206,203,200,197,194,188,185,160,61,92,109,109,110,112,110,111,109,108,104,101,96,95,95,94,95,98,104,107,95,94,92,89,87,84,81,80,77,79,84,82,80,81,80,80,76,77,78,82,86,83,81,81,83,86,88,91,89,84,79,80,77,76,75,75,76,78,80,80,78,76,78,77,86,90,87,85,79,81,86,86,84,84,84,81,76,73,73,72,70,68,68,66,68,68,68,68,67,66,66,65,66,68,69,71,73,75,75,75,75,65,119,197,205,206,207,208,209,210,211,212,213,214,214,214,215,215,215,214,213,214,213,213,213,212,212,212,212,212,212,211,211,211,210,210,210,209,209,208,209,209,209,209,209,209,209,208,208,208,209,209,209,208,208
219,220,219,220,220,220,220,220,220,220,220,220,219,220,219,219,219,219,219,218,218,218,219,217,217,216,215,213,213,213,212,211,211,210,208,206,205,204,201,199,197,193,189,185,157,59,92,111,112,112,114,114,112,110,107,103,98,95,92,92,94,96,95,104,110,96,95,94,92,87,85,81,82,81,83,87,88,81,79,78,77,77,76,78,79,78,80,80,82,81,85,86,87,81,81,78,79,76,77,74,80,78,80,83,81,77,79,78,81,90,92,93,92,86,85,89,84,84,86,85,83,82,81,80,79,77,73,73,71,71,70,70,70,69,68,67,65,64,67,68,69,74,74,73,75,80,71,102,196,204,206,207,207,209,210,211,213,214,215,215,215,215,215,215,215,214,214,214,213,213,213,213,213,212,212,211,212,211,211,211,210,210,209,209,209,210,210,209,209,209,210,210,209,209,209,209,209,209,209,209
220,219,219,219,220,220,220,220,219,220,220,220,219,219,219,219,220,219,219,219,219,219,218,216,216,215,215,214,213,213,212,211,210,209,207,205,203,201,197,195,194,190,188,185,161,54,97,114,114,115,116,116,112,106,102,100,95,96,96,90,88,86,92,98,93,97,95,96,94,95,85,87,84,82,83,82,84,80,79,77,78,79,78,76,76,76,81,83,79,80,82,80,80,80,81,81,80,80,78,74,86,85,80,84,86,77,79,81,86,91,90,91,98,94,90,86,81,82,85,88,89,85,82,81,79,77,75,74,74,73,73,71,71,71,69,66,64,64,65,67,68,73,74,74,75,77,75,86,192,205,205,207,208,209,210,212,213,214,215,215,215,215,215,215,215,214,215,214,214,213,213,214,213,213,213,213,212,212,212,211,211,211,211,208,208,209,210,210,210,209,209,209,209,209,209,208,209,209,209,209
220,219,220,220,220,219,220,220,220,220,219,220,220,220,219,219,220,219,219,218,219,218,217,216,216,215,214,213,212,212,211,211,210,208,206,204,202,200,198,195,192,189,186,182,137,52,100,115,115,117,117,116,110,103,101,96,95,99,88,82,84,88,98,102,95,97,103,97,101,94,92,83,83,81,83,83,81,80,80,79,83,81,80,79,83,80,82,83,82,77,76,82,80,80,84,83,84,80,73,75,82,73,60,76,88,83,83,86,93,92,92,92,90,92,89,83,79,83,84,84,85,80,81,80,80,76,75,73,71,71,72,70,71,70,68,66,62,63,64,66,68,73,75,74,76,80,79,94,202,204,205,206,208,209,211,212,214,214,215,215,215,216,216,215,215,215,215,214,214,214,214,214,214,213,213,213,212,212,212,212,212,212,210,209,208,209,210,210,210,210,210,209,209,209,209,209,209,210,209,209
220,220,219,221,220,220,220,220,220,220,220,220,220,220,220,220,220,219,219,218,219,218,217,216,215,214,214,213,211,211,212,210,209,207,205,203,201,198,196,194,191,188,186,177,140,57,106,116,117,118,118,115,107,102,98,96,94,87,90,91,75,87,91,94,98,97,95,93,94,95,93,87,83,83,83,84,84,82,82,83,83,85,83,78,77,80,83,86,90,80,81,88,84,85,85,82,89,82,74,81,81,81,77,84,87,88,85,88,98,102,90,88,87,87,89,81,81,81,85,83,84,78,79,80,77,75,72,68,67,63,66,65,63,64,64,64,58,60,63,65,67,72,75,74,76,81,80,91,192,203,205,207,208,209,211,212,214,215,216,215,216,216,216,216,215,215,215,215,214,214,214,214,214,214,214,213,213,212,212,212,212,212,211,211,210,211,211,211,211,210,210,210,210,210,210,209,209,210,210,209
219,220,218,220,220,221,220,220,220,220,220,220,221,220,220,219,219,219,219,218,218,217,216,215,215,214,214,212,211,211,211,210,208,206,204,202,200,197,195,192,189,187,184,178,154,70,106,116,117,118,119,114,108,102,98,98,97,91,89,90,84,86,83,88,94,87,99,89,95,94,81,91,86,82,83,84,86,82,82,83,84,85,87,87,84,86,87,88,89,86,88,91,86,84,84,87,90,83,82,84,81,83,83,92,92,88,86,91,95,102,95,94,91,91,93,88,85,82,84,85,82,79,78,77,72,71,70,62,60,55,59,59,59,58,55,56,55,58,59,64,66,70,76,77,76,80,81,75,173,204,205,208,208,210,212,213,214,215,216,216,215,216,216,216,215,215,215,215,215,214,214,214,215,214,214,213,213,213,213,212,212,212,212,211,211,211,211,211,211,211,211,210,210,210,210,210,209,210,209,209
220,220,219,220,220,220,220,221,220,220,220,221,220,220,220,220,220,219,219,218,218,217,217,215,214,214,212,212,211,210,210,208,206,205,203,200,198,196,193,191,189,186,183,178,146,69,107,116,117,117,118,113,107,102,101,97,95,96,98,92,76,79,81,83,87,91,88,86,93,90,84,97,92,83,87,85,86,83,83,85,87,91,98,95,95,93,92,93,91,94,93,89,88,92,85,86,90,81,83,86,85,85,87,91,88,86,90,93,97,102,104,104,103,97,95,93,88,83,82,80,78,74,76,73,70,70,67,61,58,55,55,55,55,57,57,55,52,51,56,60,65,69,75,80,77,78,80,84,170,203,205,208,209,209,212,213,214,215,217,216,216,216,216,216,216,216,216,216,215,215,215,215,215,214,215,214,214,213,213,213,213,212,212,212,212,212,211,211,211,211,211,211,211,210,210,210,210,210,210,209
220,220,220,220,220,220,220,220,220,221,220,220,220,220,220,220,220,219,219,217,217,217,217,215,215,214,213,212,211,209,209,208,206,204,203,199,197,194,192,190,188,185,180,173,149,85,112,116,117,117,116,114,108,103,101,97,98,102,97,88,82,92,89,91,92,84,84,84,92,96,82,77,82,86,85,87,84,84,83,85,86,91,104,101,103,102,102,98,95,97,96,95,93,93,84,75,83,76,82,89,93,94,93,90,92,97,99,100,104,109,111,112,110,105,96,94,92,84,82,77,71,71,69,68,66,61,63,59,56,55,53,54,56,56,56,54,51,52,53,59,64,70,74,82,77,79,81,112,189,203,206,207,209,210,212,213,214,216,217,217,217,217,217,217,216,216,216,216,216,215,215,215,215,214,214,214,214,213,214,213,213,213,213,212,211,212,211,212,211,211,211,211,211,211,211,210,210,210,211,210
220,220,220,220,221,220,221,221,220,221,220,220,220,220,219,220,220,219,219,217,217,216,216,215,214,214,213,212,210,209,208,206,205,202,200,198,195,193,192,190,186,183,181,175,152,88,115,115,115,117,116,114,108,108,103,104,101,99,93,91,90,89,90,97,90,85,82,83,76,74,65,64,70,77,75,85,88,86,84,89,88,89,98,107,109,102,105,108,98,102,102,99,95,96,89,89,89,80,77,81,87,93,92,92,95,101,107,109,105,105,107,107,104,103,98,92,91,84,79,78,73,69,68,66,59,58,59,59,55,56,54,52,48,54,52,53,54,54,55,59,62,69,75,82,78,80,85,120,197,202,205,207,208,210,211,214,215,216,217,217,217,217,217,217,216,216,216,216,216,215,215,216,215,215,215,214,214,213,213,213,213,213,213,212,212,211,211,211,211,212,212,212,212,211,211,211,211,211,210,210
220,219,221,221,221,221,221,221,220,221,221,221,221,220,219,220,220,219,218,217,216,216,216,215,214,213,212,211,209,208,207,205,203,201,198,197,194,192,191,187,186,184,181,178,151,77,116,115,113,116,115,115,113,108,101,105,104,99,99,96,100,91,94,96,90,84,82,81,73,75,59,57,64,76,74,81,84,83,84,87,84,86,96,108,110,104,108,111,108,107,105,101,95,94,91,90,89,83,75,84,86,99,92,93,95,97,95,102,104,101,106,105,104,105,95,88,89,82,77,83,64,66,68,64,60,56,54,52,52,56,55,46,42,54,56,56,57,56,56,59,64,66,70,80,83,82,83,119,200,202,206,207,209,210,213,214,215,217,217,217,217,217,216,216,217,217,216,216,216,215,216,215,216,215,215,215,214,214,214,214,214,214,213,213,213,212,212,213,212,212,212,212,212,211,211,211,211,210,211,211
220,220,221,221,221,221,220,221,221,221,221,220,221,220,220,220,220,219,218,217,216,215,214,215,214,212,212,210,210,208,207,205,203,201,198,195,193,192,191,187,186,183,180,179,138,74,115,114,113,114,114,114,114,111,107,106,105,89,93,96,97,90,90,91,86,84,81,81,83,78,72,61,66,67,66,73,78,76,79,82,84,82,90,98,100,97,100,101,98,97,100,98,92,96,93,90,88,82,77,86,91,95,95,94,91,88,88,99,102,101,94,88,90,91,90,84,85,70,82,69,64,66,66,64,59,52,52,52,56,61,61,59,54,55,59,59,59,58,58,61,65,69,71,77,86,82,80,103,188,204,206,207,209,211,213,214,215,216,217,217,217,217,217,217,217,218,217,216,216,216,216,215,216,216,215,215,215,215,215,214,214,214,213,213,213,213,213,213,213,212,213,212,212,212,212,212,212,211,211,211
220,220,221,221,221,221,221,221,221,221,221,221,221,221,220,220,219,218,217,216,216,215,214,214,212,212,211,210,209,207,206,204,203,199,196,194,193,191,189,186,185,181,179,176,141,78,115,114,113,113,115,117,118,116,110,106,107,104,95,92,87,86,88,96,94,87,87,88,87,81,81,78,73,70,73,73,74,74,76,74,75,79,79,83,88,88,85,86,85,85,90,90,86,92,91,90,88,85,87,91,92,92,96,95,85,83,81,83,88,91,85,81,87,89,86,86,78,76,70,64,62,61,59,56,55,53,53,57,62,65,65,65,62,59,63,65,64,63,63,64,67,67,71,77,88,81,79,115,180,203,205,207,208,211,213,214,216,217,218,218,217,217,217,218,217,218,217,217,217,217,216,217,216,216,216,216,215,215,215,214,215,214,214,213,213,213,213,213,213,213,213,213,212,213,213,212,212,212,211,211
220,220,221,221,221,221,221,221,221,221,221,221,221,221,221,220,219,218,217,217,216,214,214,214,212,212,210,209,208,206,204,203,201,199,195,194,193,190,188,184,182,178,180,175,162,92,115,113,112,113,116,120,118,115,109,100,96,98,93,87,94,95,91,104,104,92,87,87,86,81,78,81,83,83,82,82,75,72,67,65,63,62,69,70,70,69,69,74,76,76,78,75,76,84,83,89,84,89,91,93,96,100,93,88,81,78,78,75,75,78,81,80,78,79,77,75,74,67,65,63,59,58,57,55,53,54,59,62,67,69,68,70,64,71,70,69,69,68,68,67,67,69,74,79,87,82,76,138,188,201,204,206,209,210,213,215,216,217,218,218,218,218,218,218,218,218,217,217,217,217,217,217,216,216,216,216,216,215,215,215,215,215,214,214,214,213,213,213,213,213,213,213,213,213,212,212,212,212,211,211
219,220,221,221,220,221,221,221,221,221,221,221,221,220,220,220,219,218,217,217,216,214,214,213,212,210,210,209,207,206,204,202,201,199,196,194,193,189,178,147,134,147,167,176,169,119,115,112,109,110,120,117,115,112,113,109,103,104,100,100,103,97,97,93,93,91,87,88,85,84,79,77,77,73,78,78,74,70,69,64,64,58,62,67,68,67,67,68,69,66,72,72,76,79,82,85,90,89,90,91,98,98,86,85,77,75,71,71,74,73,69,68,70,69,71,67,64,60,57,53,60,59,58,54,55,56,64,68,70,70,70,71,74,74,73,73,73,71,72,69,70,71,71,74,84,83,80,147,198,200,201,206,208,210,213,215,216,217,219,219,219,218,218,218,218,217,217,217,217,217,217,217,217,216,216,216,216,216,215,215,215,215,215,214,214,214,213,213,213,213,213,213,213,213,213,213,212,212,212,211
221,220,221,221,221,221,221,221,221,221,221,221,220,220,220,219,219,218,216,216,215,215,214,212,211,210,208,207,206,205,204,202,199,199,195,194,192,166,89,62,52,46,85,159,174,126,113,111,108,110,122,117,114,114,112,110,109,106,101,103,99,99,99,96,91,92,90,89,88,89,89,87,84,78,76,74,71,73,74,68,63,60,61,62,62,62,63,65,64,67,76,78,78,79,84,85,93,87,90,92,93,93,82,78,68,68,67,67,66,64,61,64,64,66,68,65,66,60,58,57,59,59,60,61,68,68,72,71,72,73,74,75,76,75,72,71,70,69,73,71,70,71,72,75,83,83,77,134,140,126,162,203,207,211,213,215,216,217,219,219,218,218,218,219,218,218,218,218,217,218,217,218,217,216,216,216,216,216,215,216,215,215,215,214,214,214,214,213,214,214,213,213,213,213,213,213,212,212,212,212
221,220,221,221,221,222,221,221,221,221,221,221,221,220,220,219,219,217,217,215,215,214,213,212,211,208,208,207,206,204,203,201,200,197,195,193,174,104,88,70,51,42,34,46,136,121,114,110,105,105,116,115,113,109,106,112,115,109,106,104,97,100,98,98,93,94,92,90,89,92,92,92,91,88,88,83,80,78,71,66,64,63,64,64,63,65,63,69,68,66,73,80,78,80,85,86,86,91,87,89,87,82,72,68,63,58,58,56,59,59,57,62,64,67,65,65,64,61,57,58,61,63,72,77,77,77,82,83,80,79,78,78,76,75,73,71,70,70,73,73,71,72,74,74,81,80,79,45,39,50,65,119,204,211,213,215,217,218,219,219,219,219,218,219,219,218,218,218,218,218,218,218,217,217,217,217,216,216,216,216,215,214,215,214,214,214,214,214,214,214,214,214,214,214,214,213,213,213,212,212
221,220,221,221,221,221,222,221,221,221,221,221,221,220,220,219,218,218,217,216,215,214,212,211,210,209,207,206,204,203,202,200,199,197,194,194,141,95,103,94,68,50,38,28,25,107,113,109,105,103,112,112,109,109,107,110,113,112,113,106,96,92,89,92,89,86,87,85,81,87,87,91,90,94,94,90,90,85,80,77,73,69,66,65,68,70,65,66,66,67,73,84,80,79,81,77,78,78,83,76,79,78,72,63,59,53,48,47,53,58,60,60,63,64,64,62,62,64,71,72,77,82,86,91,91,87,88,89,83,81,81,79,76,75,74,71,68,68,67,74,74,76,76,77,79,79,79,35,44,50,61,75,157,210,213,215,218,218,219,219,219,219,219,220,219,219,218,218,218,218,218,218,217,217,217,217,217,216,216,216,216,215,215,215,214,214,214,214,214,215,214,214,214,214,214,213,213,213,213,212
221,221,221,221,221,221,221,221,221,221,221,221,221,221,221,219,218,217,217,216,215,214,211,211,209,208,206,205,204,203,201,199,198,197,195,193,127,40,38,102,99,76,52,32,24,97,114,109,107,103,107,111,111,106,105,114,116,112,109,103,82,73,65,54,41,37,32,31,32,44,46,44,49,55,66,75,80,83,85,82,81,78,74,64,66,69,64,63,64,67,67,69,73,73,71,67,74,75,72,73,80,78,68,60,54,51,48,50,55,59,59,59,65,67,69,70,73,74,75,81,85,87,91,93,94,90,90,86,84,80,82,80,75,75,77,75,71,71,65,72,75,77,77,77,80,79,76,38,44,50,62,76,126,210,213,216,218,219,220,219,220,220,219,219,219,218,219,218,218,218,218,217,217,217,217,217,217,217,217,216,216,215,215,215,215,214,214,214,214,215,215,215,215,214,214,214,214,213,213,213
221,221,221,221,221,221,222,221,221,221,221,222,221,221,220,219,217,217,217,216,214,214,211,210,209,207,204,203,203,201,201,200,199,198,196,194,128,44,17,46,105,100,73,46,36,105,116,107,108,104,103,111,114,109,105,115,114,100,78,49,41,43,46,50,51,48,40,38,33,35,40,45,46,42,29,36,53,65,74,79,81,79,79,65,62,59,59,62,63,60,61,63,68,67,66,65,64,67,69,69,75,73,65,60,54,52,51,54,57,60,59,61,66,70,73,76,79,79,80,81,80,78,73,70,70,68,68,70,71,71,77,74,73,74,77,78,74,72,71,73,74,77,77,77,77,76,76,41,45,55,72,66,146,211,214,216,218,219,220,219,219,219,219,219,219,219,219,218,218,218,219,218,217,218,217,217,217,217,217,217,217,216,216,215,216,215,214,214,214,215,215,215,214,214,213,214,213,214,213,212
221,221,222,221,222,221,221,222,221,221,221,221,222,221,220,219,218,217,216,216,214,212,211,209,208,206,204,204,203,201,201,199,199,197,195,193,141,51,16,28,54,108,95,67,52,114,114,105,108,103,104,110,106,108,112,111,99,71,33,57,74,70,70,66,67,53,47,42,47,60,69,63,61,60,46,28,25,27,50,62,73,74,72,63,62,59,58,60,61,56,57,57,57,56,54,63,67,68,65,63,61,59,59,60,53,53,52,53,55,61,60,61,65,70,74,76,73,69,60,52,42,39,44,50,50,47,46,39,33,34,33,49,64,65,70,74,74,71,71,73,75,76,77,75,74,76,77,44,49,66,43,50,199,212,214,216,218,219,220,220,220,220,219,220,219,219,219,219,219,219,218,218,218,218,218,217,218,217,217,217,217,217,216,216,216,216,215,215,215,215,215,215,214,214,214,214,214,214,213,213
221,222,221,221,222,222,222,222,222,221,222,222,222,221,220,219,218,217,216,214,214,212,210,208,207,206,204,203,202,202,201,200,199,197,194,192,155,58,17,30,31,58,104,89,65,119,111,103,103,103,105,109,106,105,109,104,71,38,61,87,88,77,66,60,58,49,43,42,46,48,50,53,57,50,45,33,30,27,23,49,58,63,63,61,60,59,57,56,57,58,58,56,60,60,61,64,66,70,69,65,57,50,50,51,53,55,56,54,55,56,58,63,68,71,67,57,47,34,31,29,35,45,53,57,57,60,58,54,50,47,36,26,24,35,63,69,70,68,70,74,76,74,75,72,73,74,76,49,59,49,38,79,209,212,214,217,218,220,220,220,220,220,220,219,220,219,219,219,219,219,219,219,218,218,218,218,217,218,217,217,217,217,216,217,216,216,216,216,216,216,215,216,214,214,214,214,213,214,213,213
221,222,222,222,222,221,221,221,222,222,221,221,221,221,219,219,217,217,216,214,213,211,209,208,207,205,204,203,202,201,201,199,198,197,195,193,172,80,30,29,35,28,84,101,76,116,108,103,105,104,104,107,105,102,108,87,41,59,82,84,83,72,67,58,59,54,51,60,67,95,88,67,45,45,38,32,34,30,30,26,49,53,56,54,53,54,54,55,58,61,61,64,69,73,75,74,79,75,76,68,58,52,53,53,54,58,52,53,56,56,61,58,57,58,49,38,29,30,31,34,42,52,59,61,61,62,61,54,55,51,47,44,39,28,30,53,64,67,70,74,76,73,72,70,70,72,76,56,55,30,51,92,209,212,214,216,218,219,220,220,220,220,220,220,219,219,219,219,220,219,219,219,219,218,218,218,218,218,218,218,217,217,217,217,216,216,216,216,216,216,215,215,215,215,215,214,214,214,213,213
222,222,222,222,222,221,221,221,221,222,221,221,222,221,220,219,217,216,215,214,212,210,208,207,206,205,203,203,202,201,200,200,198,197,195,193,187,90,40,17,35,21,74,106,82,112,106,102,103,101,100,101,100,102,105,59,47,86,89,82,100,106,85,76,78,62,47,45,44,31,38,36,31,33,31,31,33,26,33,31,27,49,53,49,49,48,58,58,58,62,72,75,79,85,85,84,82,79,77,72,67,56,52,52,52,54,52,53,52,52,53,52,51,44,33,26,30,34,34,39,50,52,56,59,61,63,61,57,56,51,47,46,43,42,36,21,48,63,71,76,75,72,71,69,68,69,74,54,51,25,58,102,209,213,215,216,218,220,220,221,221,220,220,220,220,219,220,220,220,220,219,219,220,219,218,218,218,218,219,218,217,218,217,217,217,217,216,216,216,215,215,216,215,215,214,214,214,214,214,213
222,222,222,221,222,221,221,222,222,221,222,222,222,220,219,218,218,216,215,213,212,210,208,207,206,203,202,201,202,201,199,199,199,197,195,193,191,118,51,16,23,18,72,121,85,110,106,102,100,95,96,97,97,105,87,63,83,95,93,100,117,101,59,40,19,7,7,6,5,11,34,8,6,11,30,23,23,25,25,27,28,25,50,52,49,49,55,58,59,60,72,83,83,82,81,80,81,83,78,73,69,57,53,53,49,52,51,52,52,51,51,51,46,30,26,33,32,33,39,42,49,51,55,61,62,65,65,58,55,50,47,45,43,45,44,39,22,47,65,79,73,71,69,66,66,68,74,52,52,21,62,117,211,213,215,216,219,220,220,221,221,221,220,220,220,220,220,220,221,221,220,220,220,220,219,219,219,219,219,218,218,218,217,217,217,217,217,216,216,216,216,216,216,215,214,215,215,214,214,213
221,222,222,222,222,222,222,222,221,221,222,222,221,221,220,219,218,216,215,213,211,209,207,206,204,203,202,202,201,200,198,199,197,197,195,193,191,142,64,16,22,17,73,128,96,110,104,102,101,99,99,99,101,103,92,93,86,95,99,90,55,25,33,63,69,18,7,14,8,101,59,7,13,18,82,96,70,33,19,23,32,40,37,51,62,60,60,58,49,53,68,82,89,87,82,77,78,77,75,69,64,59,55,52,48,49,51,53,53,54,52,39,31,28,33,34,30,35,40,42,48,54,74,77,82,79,79,68,53,48,46,44,45,44,46,51,35,27,49,72,66,65,65,65,65,67,77,48,47,20,61,132,213,214,216,217,219,220,221,221,221,220,221,221,220,220,220,221,220,221,220,220,220,220,220,219,219,219,219,218,219,218,218,218,218,218,217,216,217,216,216,216,216,215,215,215,215,215,215,214
221,222,222,221,222,222,222,222,222,221,221,221,221,221,220,218,217,216,214,213,211,208,206,206,204,203,201,201,200,199,198,198,197,197,195,194,192,163,65,16,18,15,75,121,101,109,104,102,99,98,98,100,101,100,97,85,77,70,60,23,13,64,116,126,122,80,93,19,6,97,22,8,15,17,95,136,114,86,46,24,15,23,40,65,54,66,61,47,45,50,65,82,84,80,80,78,81,80,75,68,65,61,56,50,47,43,49,53,54,53,49,38,32,33,29,28,26,24,23,22,25,27,34,32,46,43,48,47,47,47,46,45,46,49,50,56,59,39,42,68,64,62,63,63,64,67,78,45,43,18,62,148,212,214,217,218,220,220,221,222,222,221,221,221,221,221,221,221,221,221,220,220,220,220,220,220,219,220,219,219,219,219,218,218,218,218,217,217,216,217,216,216,217,216,215,216,216,215,215,215
221,221,222,222,222,222,222,222,222,222,221,221,221,221,220,219,217,215,214,212,210,209,206,205,204,203,201,200,199,198,198,198,197,197,195,194,191,180,87,24,14,17,89,118,100,109,104,104,99,98,97,99,103,100,94,76,73,61,28,10,26,114,158,159,124,44,49,16,6,9,22,8,10,21,111,146,135,109,102,62,62,65,29,34,49,66,58,35,41,50,67,81,81,77,78,77,78,78,71,64,62,56,51,46,42,35,43,49,56,48,50,35,31,27,24,31,58,73,56,6,5,7,9,94,8,5,9,14,23,34,43,46,49,53,57,65,57,50,47,60,62,62,63,63,63,64,87,43,38,20,63,162,211,214,217,218,220,221,222,221,221,222,221,221,221,221,221,220,220,221,221,221,220,220,220,219,219,219,219,219,219,219,219,218,218,217,218,217,217,217,217,217,216,217,216,216,216,215,215,214
222,222,222,222,222,223,222,222,222,221,222,221,221,221,220,218,217,215,214,211,210,209,206,205,204,202,200,200,200,198,198,198,197,195,196,194,191,189,98,39,13,22,100,100,85,112,105,105,99,96,96,101,103,101,96,85,71,58,64,61,31,65,144,170,154,58,19,10,11,15,19,8,11,50,136,142,102,60,56,57,36,23,16,24,34,56,46,33,47,54,67,75,73,75,72,72,74,75,70,62,59,54,51,44,43,35,39,49,59,47,30,42,67,46,58,71,108,116,101,14,7,7,6,27,6,9,15,9,13,36,28,26,44,55,60,65,43,41,47,54,60,63,63,62,61,63,85,37,34,22,65,177,212,215,217,219,220,221,221,221,222,222,222,221,221,221,221,221,221,221,221,221,221,220,220,219,219,219,219,219,220,220,219,219,219,218,218,217,218,217,217,216,216,216,217,216,216,215,215,215
222,221,223,222,222,222,223,222,222,222,222,222,221,221,220,217,217,214,213,212,210,208,206,205,203,202,200,200,199,199,198,198,196,196,196,194,192,189,123,50,17,30,92,82,77,113,106,104,100,97,97,103,97,96,92,92,96,100,92,94,79,47,55,121,158,130,43,18,16,15,15,13,29,99,97,58,40,35,30,24,35,55,55,42,39,48,36,36,48,61,68,74,75,76,77,76,72,74,65,66,65,56,50,41,38,35,42,44,43,34,23,22,37,33,31,41,82,129,118,33,10,5,7,8,22,9,21,24,91,80,61,30,12,24,30,37,41,46,49,55,60,63,63,63,62,64,75,40,28,35,71,199,212,215,217,219,220,221,222,222,222,222,221,222,221,221,222,222,221,221,222,221,221,221,221,220,219,220,220,220,220,220,219,219,219,218,218,218,217,217,217,217,217,217,217,216,216,215,215,215
222,222,222,222,222,223,223,222,222,222,222,222,221,221,219,217,216,214,213,212,209,208,206,204,203,202,200,200,199,197,198,197,196,196,195,193,192,191,148,56,18,42,84,62,75,110,107,103,100,98,98,100,94,91,89,94,95,109,96,102,116,111,56,38,48,70,69,37,20,20,33,33,37,39,41,60,72,81,70,69,58,67,57,52,44,42,38,42,55,64,75,83,79,76,75,74,72,74,67,68,63,60,53,44,39,35,40,48,44,52,56,52,47,41,30,30,34,44,78,68,13,9,10,12,23,19,24,71,131,127,70,20,12,18,30,32,43,50,53,58,62,64,65,63,63,64,74,42,27,49,92,210,212,214,217,219,220,222,222,222,222,222,222,222,222,221,222,222,222,222,221,221,221,221,221,221,219,220,220,220,219,219,220,220,218,219,218,218,218,218,218,218,218,217,217,217,216,216,215,215
222,222,223,222,222,222,223,222,222,222,222,222,221,221,219,217,216,214,213,212,209,207,206,204,202,200,199,198,199,198,198,197,197,195,194,193,192,191,169,61,27,56,73,57,80,109,108,104,101,95,97,96,92,87,90,92,94,104,100,101,121,100,90,84,67,52,44,39,42,48,50,51,64,102,112,89,83,67,47,45,64,56,60,52,41,44,46,50,61,74,70,81,80,78,75,71,72,73,68,67,65,62,60,52,47,41,36,49,48,46,64,54,51,45,45,48,54,51,41,34,27,21,18,11,12,19,62,122,106,67,32,24,30,34,51,49,51,54,56,60,63,64,65,63,64,65,72,41,31,59,127,210,212,214,218,219,221,222,222,222,222,222,222,222,221,221,222,222,222,221,221,221,221,222,221,221,220,220,220,220,220,220,220,220,219,219,218,219,218,218,218,218,217,217,217,217,216,216,216,215
223,223,223,223,222,222,223,223,223,222,222,222,221,221,219,217,216,214,212,212,210,208,205,204,203,200,200,199,199,198,197,198,199,194,195,193,192,191,184,72,35,65,61,50,74,108,106,104,100,96,93,95,91,86,88,88,93,96,99,104,105,95,87,76,83,70,68,47,47,69,73,79,68,71,56,58,59,38,63,58,66,63,61,53,44,46,51,61,83,84,84,86,84,82,78,75,75,73,68,65,64,61,59,52,49,43,43,44,46,50,55,65,52,40,54,39,66,76,76,69,61,52,50,39,36,34,38,32,29,30,39,49,56,57,59,62,62,59,60,61,63,65,65,64,64,65,73,47,36,62,164,212,213,215,217,219,220,221,222,222,222,222,222,222,222,222,221,222,222,221,221,221,221,221,221,221,221,220,220,220,220,220,219,220,219,219,219,219,218,218,218,218,218,218,217,217,217,216,216,215
222,223,223,223,223,222,223,223,222,222,222,222,222,221,219,218,216,214,212,211,210,208,205,203,202,200,200,199,198,198,198,198,199,194,195,193,192,191,189,93,35,71,54,43,74,109,107,106,102,96,92,92,89,89,86,87,89,91,90,107,112,123,123,116,95,79,67,50,46,48,46,40,46,46,54,43,56,76,69,65,66,64,52,42,41,54,65,79,100,83,85,90,94,88,80,75,75,74,74,69,70,62,58,52,48,49,50,42,48,50,54,61,66,54,36,58,37,51,72,84,103,89,81,85,80,68,56,51,47,51,54,55,59,62,63,62,61,61,62,64,65,65,65,65,65,66,71,50,39,59,191,212,214,216,217,220,220,221,222,222,223,222,222,222,222,222,221,222,222,221,221,221,221,221,220,221,220,221,220,220,220,220,220,219,219,219,219,219,218,219,218,218,218,218,217,218,217,216,216,216
223,223,223,223,222,223,223,223,222,222,222,222,221,221,219,217,215,214,212,210,210,208,205,204,202,199,200,199,199,198,198,198,197,195,195,193,193,190,190,108,36,69,54,37,76,110,109,107,100,98,96,92,92,85,82,88,88,88,91,100,104,112,103,92,80,74,72,66,59,53,58,66,64,49,52,71,68,68,75,70,61,54,51,47,51,66,77,94,97,80,86,96,91,81,80,77,77,74,72,76,75,66,58,51,45,51,49,43,47,48,53,52,62,70,64,41,62,54,43,59,67,58,54,48,53,51,55,52,54,55,55,58,60,62,62,60,59,61,65,66,67,66,66,65,66,69,71,49,39,70,206,213,214,216,218,220,221,222,223,223,222,222,222,222,222,222,222,222,221,221,221,221,221,221,221,220,220,220,221,220,220,221,220,220,219,219,220,219,218,219,219,219,218,218,217,218,217,216,216,216
223,223,223,223,222,223,223,222,222,222,222,222,222,221,219,217,216,214,213,210,210,207,205,203,202,200,200,199,199,198,197,197,197,195,196,193,193,190,190,119,41,58,60,36,79,108,111,108,102,101,99,94,92,89,83,87,89,89,93,92,95,97,94,94,85,75,74,63,65,69,60,56,64,73,69,75,82,79,71,62,63,59,62,65,74,78,82,92,84,73,88,90,87,83,80,76,79,82,77,82,72,66,56,51,46,48,53,48,50,48,53,53,53,74,75,71,53,57,73,55,41,50,59,55,50,51,57,56,56,58,60,61,60,60,59,58,58,61,64,66,67,66,67,66,63,67,73,47,36,67,201,213,214,216,218,219,221,222,222,223,222,222,222,222,222,222,222,222,221,221,221,222,221,221,221,220,221,221,220,221,221,221,221,220,220,219,219,219,219,219,219,218,219,219,218,218,217,217,217,216
223,223,223,223,223,223,222,222,222,222,222,222,222,220,219,218,216,214,213,210,209,206,203,202,202,200,201,200,199,197,197,197,196,195,196,193,192,190,189,120,43,33,77,40,81,110,111,109,103,103,102,100,91,92,84,85,88,92,96,91,88,88,91,91,84,81,76,69,67,65,73,80,77,74,83,77,78,71,68,68,67,66,71,75,80,85,86,78,73,75,83,85,85,84,80,80,81,81,82,81,78,75,63,52,49,42,53,51,52,48,51,54,59,60,75,82,82,71,57,61,77,60,48,51,53,59,62,63,58,57,58,57,57,58,56,58,57,60,64,65,67,68,68,66,64,70,71,39,30,62,202,212,215,217,218,220,221,222,223,223,223,222,222,222,222,223,222,222,221,222,222,222,222,221,221,221,221,221,220,221,221,220,221,220,220,220,219,220,219,218,219,219,218,218,218,217,218,217,217,217
223,223,223,223,222,223,223,223,222,223,222,222,221,221,219,217,215,214,211,211,209,206,204,200,201,200,201,200,198,198,198,197,196,196,195,194,193,190,170,107,38,18,82,60,81,110,113,111,107,105,104,101,92,93,90,89,94,98,103,98,91,89,87,85,82,81,80,82,83,82,82,78,83,90,78,77,76,67,69,71,73,74,76,81,86,88,86,71,68,75,86,81,87,91,87,84,81,80,79,82,78,73,68,59,54,41,48,53,54,53,55,62,66,68,71,83,84,85,80,69,64,64,72,65,53,53,56,59,58,57,54,56,56,57,57,58,59,62,65,68,68,68,68,66,67,70,66,33,24,44,172,203,216,217,218,220,221,222,222,223,222,222,222,222,223,222,222,222,222,222,222,222,222,222,221,221,221,221,220,221,221,221,221,220,220,220,220,220,219,219,219,219,218,219,219,218,218,217,217,217
223,223,223,223,223,222,222,222,222,223,222,222,222,220,219,218,215,213,212,211,209,207,204,202,201,200,199,199,199,198,198,198,195,197,195,194,193,194,182,103,43,16,45,71,80,108,112,113,107,109,108,103,94,90,92,92,90,98,96,96,95,98,94,90,89,89,83,85,83,79,83,82,81,80,78,75,76,70,73,76,81,82,82,90,89,89,81,62,70,72,81,85,83,81,87,87,85,84,81,82,83,78,69,64,57,44,41,50,56,57,63,63,65,71,69,70,76,83,84,89,84,74,66,67,70,66,60,58,55,54,54,56,58,60,61,63,62,63,65,67,68,68,69,68,68,71,68,28,18,34,125,198,214,218,219,220,221,222,222,223,222,222,223,223,223,223,223,223,223,222,222,222,222,222,222,221,221,220,221,220,221,221,221,220,221,221,220,220,219,220,219,220,219,219,219,218,218,217,218,217
224,223,223,223,223,223,223,223,222,222,222,222,220,220,218,217,215,214,212,211,209,207,203,201,201,201,200,199,198,198,197,197,196,196,196,194,193,190,167,111,45,23,22,55,78,104,112,116,116,114,110,107,98,94,93,92,95,98,99,101,102,102,98,95,94,91,89,93,86,82,81,80,78,75,74,77,74,74,81,86,89,85,86,85,92,89,75,65,82,81,84,88,92,86,90,89,90,88,86,85,83,80,73,63,59,50,38,44,56,59,61,64,69,74,75,71,66,85,82,85,86,86,86,70,62,62,65,64,62,59,59,60,60,63,65,66,67,66,67,69,70,71,71,71,70,72,62,48,37,42,121,189,215,218,219,220,221,222,222,223,222,222,222,223,223,223,223,222,222,222,222,222,222,222,222,221,221,221,222,221,221,221,221,221,220,221,220,220,219,219,220,219,219,219,218,218,218,218,218,217
224,223,223,223,223,223,224,223,223,222,222,222,221,220,218,217,216,213,212,211,209,207,202,202,201,200,200,199,199,198,198,198,196,196,196,195,194,186,175,121,64,39,44,58,84,107,115,116,121,118,110,108,97,95,95,93,94,96,99,101,105,102,96,95,91,90,85,84,78,75,76,76,73,74,72,76,77,86,89,89,90,93,97,106,97,90,71,77,87,85,87,87,93,96,92,94,90,89,90,88,86,79,80,72,65,61,44,39,53,55,63,69,75,80,79,79,75,72,80,78,83,81,79,83,78,74,72,67,62,61,61,61,64,68,68,68,70,69,70,73,73,73,74,73,72,73,67,46,64,64,102,165,214,218,219,220,221,222,223,222,222,222,223,223,223,223,223,223,222,222,222,222,222,221,222,221,221,221,222,222,221,221,221,221,220,221,220,220,219,220,220,219,219,220,219,219,218,218,218,217
223,223,224,223,223,223,223,223,223,223,222,222,222,221,218,217,216,213,212,211,209,206,203,202,201,200,200,199,199,198,198,197,195,197,196,195,194,189,166,123,85,65,73,57,89,108,115,118,121,120,113,105,103,102,99,88,90,92,91,95,98,102,100,96,92,92,83,77,75,76,78,77,73,72,76,81,87,90,91,91,92,98,99,104,95,87,76,83,86,87,89,91,97,100,101,99,98,94,93,93,95,92,93,84,74,67,52,38,49,54,68,69,76,82,86,76,83,79,74,74,75,72,72,74,79,76,74,76,73,67,66,66,67,70,71,70,73,72,74,75,75,75,76,75,74,74,71,36,59,64,80,188,216,218,220,221,221,222,223,223,222,223,223,223,223,223,223,223,222,222,222,222,222,222,222,222,222,221,222,222,221,221,221,221,221,221,220,221,220,220,220,220,219,219,219,219,218,218,218,217
222,223,223,223,223,223,223,223,223,222,222,222,221,220,219,217,215,214,210,210,210,206,203,202,200,200,199,199,199,198,198,197,196,195,196,195,195,189,175,138,88,79,77,52,92,108,114,119,122,121,115,109,110,112,104,100,94,94,93,95,93,88,89,87,89,84,77,78,74,75,78,75,73,74,78,85,89,92,94,94,93,96,102,99,94,83,80,86,98,95,96,99,100,101,100,100,100,95,95,96,93,94,95,89,72,71,62,50,42,50,62,70,79,79,86,86,80,78,77,76,77,71,67,67,67,71,75,77,75,70,69,72,69,69,71,72,76,74,76,81,80,79,78,76,77,77,71,35,53,63,72,181,213,218,220,220,221,222,223,223,223,223,223,223,223,223,223,223,223,223,223,222,222,222,222,223,222,222,223,222,221,221,221,221,221,221,221,220,221,220,219,219,219,219,219,219,218,218,218,217
222,223,224,223,223,223,224,223,224,223,222,222,221,220,218,217,215,213,211,210,210,206,202,202,202,200,199,199,199,197,197,197,196,196,195,195,194,192,188,140,88,81,74,52,85,108,113,121,122,121,115,117,117,108,106,106,101,98,95,90,88,83,80,80,77,75,76,73,74,78,79,78,77,82,86,89,91,95,97,98,96,90,99,96,93,79,82,91,93,103,102,104,104,103,105,105,104,103,102,106,105,101,98,94,76,71,67,58,45,45,54,66,76,73,86,92,89,79,86,71,74,73,64,59,59,65,66,63,67,69,68,69,70,70,73,74,77,80,84,83,81,79,79,76,76,77,71,33,54,64,73,183,215,219,220,220,222,222,222,223,223,223,223,223,223,223,223,222,223,222,222,222,222,222,222,222,222,222,222,222,222,221,221,221,221,221,221,220,220,220,220,220,220,219,219,219,218,218,218,217
222,223,223,223,223,224,223,223,223,222,223,222,221,219,218,216,215,213,211,210,208,206,201,202,202,201,199,199,199,198,197,197,196,196,195,195,194,194,188,143,92,83,75,39,66,106,113,121,120,119,115,118,121,122,121,116,106,101,96,92,89,93,82,83,80,91,80,79,76,81,84,85,86,86,86,90,97,97,97,94,94,91,93,92,90,79,84,93,95,109,107,108,110,109,109,110,110,105,108,107,106,106,99,99,91,76,70,64,49,45,51,64,77,81,82,92,91,85,89,73,70,72,72,66,64,62,59,59,61,66,66,69,70,71,74,75,75,79,84,84,82,80,80,79,78,75,67,31,53,64,75,191,217,219,220,221,222,222,223,222,223,223,223,223,223,223,223,222,222,222,222,222,222,222,222,222,222,222,221,222,221,221,221,221,221,220,221,221,220,220,220,220,220,219,219,219,219,218,218,217
222,223,223,223,223,223,223,223,223,223,223,222,221,220,219,216,214,213,210,210,208,205,202,201,201,201,199,198,198,197,197,196,196,196,195,196,194,194,194,162,97,82,74,43,63,106,114,122,120,117,118,121,124,123,121,116,112,100,94,93,93,97,84,85,77,85,83,83,82,86,85,87,88,87,90,94,97,100,99,94,94,88,86,88,84,70,84,92,99,112,114,112,112,112,111,112,114,113,115,116,113,105,104,104,97,84,70,67,54,45,46,55,75,82,82,84,90,86,88,78,72,83,74,76,75,71,63,61,61,65,66,69,71,73,74,74,77,84,84,85,83,79,80,80,78,74,64,29,53,63,84,208,217,218,219,220,221,222,222,222,222,223,223,223,223,223,223,222,222,222,222,222,222,222,222,222,222,222,222,222,222,221,221,221,221,221,221,221,220,220,220,220,219,220,219,219,219,218,219,218
222,223,223,222,224,223,223,223,222,223,222,222,221,219,219,216,214,212,210,212,208,204,202,202,201,200,199,197,198,197,197,196,196,195,195,195,195,194,193,184,107,91,78,56,64,106,113,121,119,118,117,118,124,122,120,118,110,102,93,94,97,94,83,87,88,89,89,89,89,91,84,84,92,93,94,100,92,95,94,97,89,86,86,84,74,75,84,95,110,116,121,118,117,116,114,116,118,121,121,124,119,114,108,104,101,93,77,67,55,48,44,48,73,86,88,83,89,88,86,80,76,76,77,75,80,74,77,82,79,78,75,74,71,75,76,78,79,81,78,83,83,82,80,80,77,73,61,24,58,68,131,217,217,218,219,220,221,222,222,222,222,223,223,223,223,223,223,222,222,223,223,222,222,222,221,222,222,222,222,222,222,222,221,222,221,221,221,221,220,220,220,220,220,220,220,219,219,218,218,218
222,223,224,223,223,224,223,223,223,222,222,222,222,220,219,216,214,212,210,212,208,205,203,202,200,200,200,197,197,197,197,197,195,195,195,194,195,194,194,192,141,103,86,59,61,104,112,119,120,117,117,120,122,125,121,116,113,106,95,97,94,97,96,94,94,92,90,90,89,91,89,91,96,94,95,94,92,96,92,95,79,74,81,67,71,78,90,102,115,117,121,119,118,118,116,116,118,126,127,126,131,122,110,103,102,92,82,70,69,56,50,42,71,87,92,93,96,94,87,86,81,81,81,80,79,79,78,79,76,82,78,77,74,82,84,81,83,83,82,82,84,82,78,78,77,71,54,26,62,86,196,216,218,219,220,220,222,222,221,222,222,222,223,223,223,223,223,222,223,223,222,222,222,222,222,222,222,221,221,222,222,222,222,221,222,221,221,221,221,221,220,220,220,220,220,219,219,219,218,218
222,223,223,223,223,223,223,223,223,222,222,222,220,220,219,216,215,213,211,210,208,206,202,202,200,201,199,198,197,198,197,196,196,195,196,195,195,195,194,192,183,118,100,61,64,100,112,120,119,118,118,117,114,122,120,115,109,104,98,100,100,95,98,95,94,95,89,89,91,95,94,94,95,96,94,92,92,95,91,82,65,66,80,74,81,91,107,116,131,127,123,123,123,122,122,120,125,132,135,134,140,123,114,104,102,94,88,81,75,68,59,46,61,78,93,95,93,100,103,95,87,90,84,83,85,82,79,77,74,86,85,81,78,80,85,80,79,85,87,83,84,82,79,77,76,69,43,35,63,166,214,216,218,219,219,221,221,222,222,222,222,222,223,223,223,223,222,222,222,222,222,222,222,222,222,222,222,222,222,222,222,222,222,222,222,222,222,221,221,221,221,220,220,220,220,219,219,219,218,218
223,223,224,223,223,223,223,223,222,223,222,223,221,220,219,216,215,213,211,210,208,206,202,201,200,199,200,198,198,197,196,196,196,195,195,195,194,195,194,194,192,174,117,67,59,98,110,118,117,116,117,119,114,121,117,111,104,105,100,99,100,101,94,92,93,94,99,96,95,98,96,99,97,99,93,92,90,90,85,73,52,70,82,90,96,103,116,130,135,124,122,125,122,125,124,132,135,144,148,145,139,123,117,110,105,93,88,85,79,73,70,59,54,71,92,91,92,97,92,93,95,89,90,83,89,84,82,76,78,83,85,81,78,78,79,79,81,82,85,86,86,82,78,76,74,67,37,45,127,201,215,216,218,219,220,221,221,221,222,222,222,222,223,223,223,223,222,222,222,222,222,222,222,222,222,223,222,222,223,222,222,222,222,222,222,222,222,221,221,221,221,220,220,220,220,220,220,219,219,219
223,223,224,224,223,223,223,224,222,223,221,223,221,220,218,216,215,213,211,210,208,206,203,201,200,199,200,198,198,197,196,196,195,196,194,195,194,194,194,194,194,191,185,124,73,93,110,118,116,116,120,119,114,116,114,114,99,101,103,99,98,100,97,95,101,94,103,99,101,98,101,100,93,98,94,92,89,85,77,63,56,87,95,101,105,113,126,136,136,125,120,126,127,134,135,139,150,163,152,142,138,127,118,112,102,95,92,92,84,81,77,71,59,51,77,92,95,103,99,92,98,92,95,87,87,99,91,85,84,80,79,81,77,76,76,79,81,82,84,86,82,78,75,73,74,62,40,75,153,204,215,216,218,219,220,220,221,221,221,222,222,222,222,222,222,223,223,222,222,222,222,222,222,222,222,222,222,222,222,222,222,222,222,222,222,222,222,221,221,221,221,221,220,220,220,220,220,219,219,219
223,223,224,224,223,223,223,223,223,223,222,222,221,220,219,216,215,212,210,210,208,205,204,202,201,199,199,199,198,197,196,196,196,196,195,194,194,195,193,194,192,192,189,163,78,90,109,115,112,112,111,108,114,108,107,105,108,101,105,93,104,97,97,95,97,96,100,100,103,103,101,98,97,103,99,98,91,81,62,52,83,101,108,113,113,113,131,137,128,122,126,123,129,131,137,146,160,152,143,134,133,119,116,105,104,97,96,98,92,85,80,80,71,58,66,89,95,99,95,93,97,96,92,98,89,88,90,87,89,85,77,76,77,73,74,75,79,84,86,86,84,78,74,73,73,59,39,50,172,215,216,216,218,220,220,220,221,221,221,221,222,222,222,222,222,222,222,222,222,222,222,222,222,223,223,222,222,222,222,222,222,222,222,222,221,221,222,221,221,221,221,220,220,220,219,220,220,219,219,218
223,224,223,223,223,223,223,222,223,222,222,221,221,220,219,216,215,212,211,211,208,205,203,202,200,200,199,198,197,197,196,197,196,195,195,196,195,195,194,193,192,192,187,149,85,82,109,112,114,114,110,114,107,105,105,107,114,101,98,99,98,92,90,93,95,101,106,102,102,106,104,103,107,106,101,90,86,78,57,71,100,117,124,125,121,117,126,121,110,106,118,114,121,128,127,139,132,133,129,124,123,115,111,102,99,96,97,97,99,89,84,82,78,69,55,80,92,90,91,98,99,104,95,100,97,90,86,86,87,84,77,76,75,72,71,75,78,79,84,79,79,77,76,74,66,56,39,89,208,214,215,216,218,220,220,220,221,221,221,221,221,222,221,221,222,222,222,222,222,222,222,222,222,222,222,222,222,222,222,222,222,222,221,221,222,221,222,221,221,221,221,221,220,220,219,219,219,219,219,219
223,223,223,223,223,223,222,223,223,223,222,221,221,220,219,217,215,212,210,211,209,204,204,203,201,200,199,199,198,196,195,197,195,196,195,196,195,195,193,194,192,192,184,166,61,84,102,110,115,114,109,113,115,111,109,107,99,100,101,101,100,88,91,93,94,100,98,100,95,104,105,101,109,109,107,87,80,77,65,91,120,126,131,131,123,122,119,116,112,111,112,109,113,115,122,123,127,124,124,120,116,109,105,99,92,90,93,96,97,89,86,85,85,77,67,67,83,85,99,96,106,92,101,102,103,94,89,87,89,84,76,75,78,72,72,74,74,78,81,75,70,78,78,73,62,44,36,112,201,211,215,216,218,219,219,220,220,220,221,221,221,221,221,221,222,222,222,221,222,222,222,222,221,222,222,222,222,223,222,222,221,222,221,222,221,222,222,222,222,221,222,221,221,221,220,220,220,219,219,219
223,223,223,223,224,224,223,223,223,222,222,222,221,220,219,217,215,213,211,210,210,205,205,202,200,200,199,198,198,197,197,196,195,196,196,196,195,195,195,194,192,191,182,156,62,75,102,111,113,116,114,113,109,112,113,108,100,107,104,102,102,92,94,93,100,97,99,100,103,104,102,98,103,94,100,85,80,70,73,111,130,129,127,118,112,104,102,110,107,111,106,103,101,105,113,117,117,117,114,114,105,99,97,97,94,88,87,89,91,87,87,85,86,85,73,67,90,90,91,104,103,101,103,104,101,102,99,86,87,88,75,78,76,73,70,71,73,77,81,81,73,71,77,72,58,35,36,119,212,214,215,217,218,219,219,220,220,220,220,221,221,221,221,221,221,221,221,221,222,221,222,222,222,222,222,222,222,222,222,222,221,222,222,222,222,221,222,221,222,222,222,221,221,221,220,220,221,220,219,219
223,223,223,224,224,224,223,223,222,223,222,222,222,220,219,217,217,214,211,210,209,205,204,202,200,201,199,197,197,197,196,196,194,197,195,196,195,195,195,193,193,192,188,172,64,65,97,110,109,111,111,109,109,114,109,104,100,113,113,106,98,107,102,100,97,100,105,114,104,108,112,113,98,94,93,81,81,71,84,118,123,120,110,98,87,71,60,63,84,99,110,110,96,102,109,111,109,108,111,110,103,94,93,92,91,77,70,68,75,82,83,86,86,88,79,76,88,90,98,96,93,109,110,101,100,104,99,91,90,84,80,75,77,73,70,71,76,78,80,78,69,73,73,67,58,38,88,173,214,214,215,217,218,219,219,219,220,220,220,221,221,221,221,221,221,222,222,222,222,223,222,222,222,222,222,222,222,222,222,222,222,222,222,222,222,222,222,222,222,222,222,221,221,221,221,220,220,220,220,218
224,223,223,224,224,223,223,223,222,222,222,222,222,220,219,217,216,214,213,209,209,206,202,202,201,201,199,198,198,197,196,197,195,196,196,195,195,196,197,193,194,193,188,168,72,75,90,106,108,110,105,107,108,110,112,102,108,107,100,102,103,108,113,109,104,115,112,106,106,110,109,104,106,101,93,87,80,76,91,109,104,98,81,62,42,14,10,10,41,54,95,103,102,101,104,102,106,104,105,104,100,96,94,83,50,35,15,15,22,43,61,77,86,86,76,81,87,87,89,94,104,102,110,101,97,95,97,93,92,84,82,77,75,73,69,71,75,74,78,77,76,72,71,66,63,37,121,199,213,214,216,217,218,219,219,220,220,220,221,220,221,221,221,221,222,221,222,222,222,222,222,222,222,222,222,223,223,222,222,222,223,222,222,222,222,222,222,222,222,222,221,221,221,221,221,221,220,220,220,219
224,223,223,223,223,223,223,222,223,222,222,223,222,220,219,217,216,214,212,209,208,206,203,201,201,200,199,198,198,197,196,196,195,196,196,196,196,196,196,194,194,193,190,172,107,70,70,98,110,109,106,106,108,113,114,103,109,117,107,118,111,116,112,119,110,116,111,112,107,111,97,103,98,92,86,80,78,76,85,100,93,66,35,29,31,29,15,13,9,2,11,69,94,99,97,100,99,92,92,94,97,88,57,15,24,36,39,25,30,25,23,46,72,80,73,79,89,90,88,97,100,107,108,104,94,95,89,95,90,88,83,71,72,72,68,72,76,74,76,73,70,71,67,58,60,55,143,185,213,214,216,217,218,218,219,219,220,219,220,221,221,221,221,221,221,221,222,221,221,222,222,222,222,222,222,223,222,222,222,223,222,223,222,222,222,222,223,223,223,222,221,221,221,221,220,220,220,220,220,220
224,223,224,223,224,223,223,223,222,222,222,222,222,221,219,218,216,214,212,209,209,206,203,201,200,201,199,199,198,197,197,197,196,196,196,196,196,196,196,194,194,194,190,188,99,65,61,83,103,107,106,103,105,110,109,102,106,117,110,118,127,114,112,113,108,109,107,110,106,108,107,97,92,92,92,83,76,77,72,88,80,53,50,40,36,31,24,17,11,6,10,49,79,80,79,82,77,79,80,79,77,52,23,5,4,5,11,21,27,29,24,34,55,68,71,85,89,85,88,97,106,100,105,107,96,96,86,100,89,82,80,72,76,74,69,69,77,78,76,74,74,71,63,55,61,69,174,209,214,215,216,217,218,219,219,219,220,220,221,220,221,221,221,221,221,221,222,221,221,221,222,222,222,222,222,223,222,222,222,223,222,223,222,222,222,221,222,223,221,222,222,222,221,221,221,221,221,220,220,220
224,223,223,223,223,223,223,223,223,222,222,223,222,220,219,217,216,214,211,211,210,206,204,202,201,199,198,198,198,197,196,196,196,196,197,197,196,195,195,195,195,193,190,182,103,65,55,69,98,104,103,102,110,112,105,107,105,115,118,125,126,117,111,100,97,102,105,105,101,100,101,103,97,91,88,86,79,77,64,80,79,62,67,76,84,78,68,51,38,37,49,77,79,72,73,72,68,72,79,68,54,72,64,34,24,34,34,34,41,53,46,42,46,57,71,90,91,88,88,101,97,104,103,102,99,92,88,95,87,76,78,73,69,71,73,70,72,76,73,70,71,69,54,47,66,100,192,207,213,215,216,217,218,219,219,219,220,221,220,220,221,221,221,221,221,221,221,221,222,221,221,222,222,222,223,222,222,222,223,222,222,222,222,222,222,221,222,222,222,222,222,221,221,221,221,221,221,220,220,220
223,223,224,223,223,223,223,222,222,223,222,222,222,220,219,217,215,214,212,210,209,206,204,201,202,200,200,199,198,197,197,195,197,196,197,196,195,195,195,194,195,194,192,189,129,93,49,53,98,99,98,101,108,104,110,108,108,114,114,122,113,113,103,101,98,101,100,103,97,95,93,95,89,86,81,79,79,79,63,52,74,79,80,87,96,94,97,94,90,88,91,87,71,58,62,72,69,69,70,54,70,97,97,73,59,58,68,82,83,127,67,51,54,58,71,86,90,92,88,94,102,104,99,97,90,93,90,85,82,76,76,75,68,67,70,72,74,75,67,65,66,58,46,44,62,128,190,208,213,215,217,217,218,219,219,220,220,220,221,221,220,221,221,221,221,221,221,222,221,221,221,221,221,222,222,222,222,222,223,222,222,222,222,222,222,222,222,222,222,222,221,221,220,221,221,221,220,220,220,219
224,223,224,224,223,223,223,223,223,222,222,222,221,220,219,217,216,213,212,210,208,206,203,202,201,201,199,198,198,197,197,196,197,196,196,195,196,195,194,195,194,194,193,190,146,90,62,57,84,88,92,99,101,108,100,100,100,115,112,115,115,105,104,102,95,103,100,97,100,100,90,85,81,82,84,88,80,77,72,61,51,63,78,82,84,90,101,106,94,85,73,52,41,30,38,60,71,66,55,55,75,90,97,91,80,75,74,74,85,56,65,61,56,58,62,72,82,85,83,85,90,98,93,93,87,90,90,81,85,78,78,76,70,71,69,76,77,72,66,69,62,34,36,45,54,150,208,212,214,215,217,217,218,219,219,219,220,220,220,220,220,221,221,221,221,221,221,221,221,222,222,222,222,222,222,222,221,222,222,221,222,222,221,221,222,221,222,222,222,222,222,221,221,221,221,221,220,220,219,220
223,223,224,224,223,223,223,223,223,223,222,222,222,220,219,217,215,213,212,211,208,206,202,202,201,200,200,199,198,197,197,196,196,195,196,196,196,195,195,195,195,194,191,191,163,66,64,61,58,75,94,89,94,99,104,92,101,117,109,114,114,100,102,92,101,95,93,101,90,89,87,80,78,80,86,81,80,77,71,65,66,51,41,40,41,58,63,52,51,43,41,40,40,35,44,50,59,58,46,46,47,50,49,52,54,55,58,54,58,64,67,47,48,53,67,71,77,81,88,92,86,89,86,92,87,82,86,74,73,81,79,77,71,74,78,77,74,66,62,65,58,31,31,27,53,190,196,212,214,215,216,217,218,219,219,219,220,220,221,220,220,220,221,221,221,221,221,221,221,222,222,222,221,223,222,222,221,222,222,221,221,221,221,221,222,222,222,222,222,222,221,221,221,221,221,221,220,219,219,219
223,223,224,223,223,223,223,223,223,223,222,222,221,221,219,218,215,214,212,211,209,207,204,202,201,201,199,198,197,197,197,197,196,196,196,195,196,195,194,195,195,193,187,178,169,99,55,52,50,62,90,92,88,97,100,90,110,116,120,108,115,112,108,102,102,84,81,88,80,82,88,80,79,79,74,80,80,81,84,80,82,68,63,58,55,53,55,50,47,47,45,46,54,56,56,53,52,51,49,46,54,55,40,38,34,39,43,45,35,35,36,44,53,64,69,73,75,78,80,83,86,86,97,95,91,88,78,63,65,78,79,74,73,73,73,74,71,63,64,59,46,27,52,31,78,190,207,211,213,215,216,218,218,219,219,219,219,220,220,220,220,220,220,221,220,221,221,220,221,221,222,222,222,222,222,221,221,221,222,222,222,222,221,221,222,222,222,221,222,222,222,221,221,221,220,220,220,220,219,219
223,223,224,223,223,223,223,223,223,222,222,223,221,220,219,218,216,214,212,211,209,207,204,203,201,200,198,198,198,197,197,197,197,196,195,197,195,195,196,195,193,194,193,180,178,128,68,47,36,54,88,95,83,94,97,93,105,106,117,112,112,105,103,95,97,82,86,90,76,79,83,83,84,79,75,81,79,81,80,76,74,73,72,69,59,54,53,57,51,56,51,53,63,54,59,57,63,54,50,52,53,53,53,50,41,46,47,47,49,50,50,55,61,70,72,76,74,75,75,78,78,79,79,80,85,92,75,62,69,69,73,72,68,68,66,70,65,68,57,58,38,31,36,31,125,202,212,212,214,215,217,218,218,219,219,219,220,219,219,219,220,220,220,221,220,221,221,221,221,221,221,222,221,222,221,221,222,222,222,222,222,221,221,221,222,221,222,221,222,222,222,222,221,221,220,220,220,219,219,219
223,223,223,223,223,223,223,223,222,223,223,222,222,220,219,217,216,214,213,212,210,207,204,203,201,201,199,198,198,197,197,198,197,197,197,197,197,195,196,196,193,193,193,192,182,154,74,44,35,45,74,94,80,87,100,97,94,93,102,113,107,109,96,84,86,92,93,83,78,77,84,81,89,83,78,80,82,82,79,72,73,73,63,63,55,63,60,61,61,58,73,50,56,59,58,52,62,58,66,59,62,50,51,46,43,50,48,50,50,52,57,58,65,67,72,73,73,74,73,76,78,71,78,87,79,83,79,62,65,76,79,73,74,68,62,71,72,68,55,55,41,21,30,38,151,207,212,213,214,216,217,218,218,219,219,219,219,219,219,220,219,220,220,221,220,220,220,221,221,221,221,221,222,222,222,222,221,222,222,223,223,222,221,221,221,221,221,221,222,222,222,221,221,221,220,220,219,219,219,219
223,224,223,223,223,223,223,223,222,222,223,222,221,221,219,217,215,214,213,211,209,207,205,204,202,201,200,199,198,198,197,197,197,196,197,197,197,194,195,196,195,194,193,193,184,172,86,45,28,46,70,90,83,85,89,86,101,110,115,117,110,94,97,88,75,82,80,84,88,78,90,73,83,74,79,79,74,73,73,60,64,60,54,59,58,61,70,62,77,59,60,49,54,62,54,54,79,59,71,68,67,47,42,56,59,54,38,49,48,51,51,55,66,71,67,73,70,71,73,72,79,75,75,77,78,79,69,69,67,74,71,68,67,67,62,69,60,47,58,42,22,29,34,46,178,210,212,214,215,216,217,218,218,218,219,219,219,219,219,219,219,220,220,220,220,220,220,221,221,221,221,221,222,221,221,222,221,221,221,222,221,222,221,221,221,221,221,221,222,222,221,221,220,220,220,220,219,219,219,219
224,223,224,224,223,223,223,223,223,223,223,222,221,221,219,218,215,213,213,211,209,208,205,203,202,201,200,199,198,198,197,197,197,195,197,196,196,195,196,196,197,195,195,192,193,175,89,47,28,41,44,87,84,94,96,93,102,108,102,113,104,97,89,87,91,81,73,84,87,80,63,69,75,69,65,56,71,77,68,47,53,53,59,68,55,64,66,57,68,63,46,51,52,53,49,71,58,55,72,63,72,56,44,53,54,59,38,49,52,52,45,57,65,74,66,71,68,69,67,66,71,73,71,68,64,71,71,61,82,80,66,59,59,62,61,67,54,48,49,28,18,22,24,83,185,211,213,214,215,217,217,218,218,218,218,219,219,219,219,219,220,219,220,220,220,220,220,221,221,221,221,221,222,221,221,222,221,221,221,221,221,221,221,221,221,221,222,221,221,221,221,220,220,220,220,220,219,218,219,219
223,223,223,223,223,223,223,223,223,221,223,222,221,220,219,218,217,215,213,211,210,207,206,203,202,201,200,199,198,198,198,197,197,197,196,196,196,195,198,195,197,195,195,193,193,181,109,44,31,41,43,71,83,91,91,91,106,101,105,109,81,77,81,86,83,83,80,86,88,79,50,58,74,54,50,53,83,89,68,51,61,64,66,67,68,75,47,39,46,57,55,61,42,53,46,65,48,49,77,64,67,60,65,44,45,54,47,36,39,49,40,54,63,62,62,55,63,66,57,70,63,59,63,61,65,57,60,58,64,81,60,53,58,53,58,65,46,38,50,29,19,22,42,101,202,211,213,214,215,217,217,218,218,218,218,218,218,218,218,219,219,219,219,220,220,220,220,220,221,221,221,221,221,221,222,221,221,221,222,222,222,221,221,221,221,221,221,222,222,221,221,221,220,220,220,220,219,219,219,219
223,223,223,223,223,222,223,223,222,222,222,222,221,221,219,218,216,215,213,211,210,207,206,203,202,201,200,198,197,198,197,197,197,197,196,196,196,195,196,195,197,195,195,195,194,181,131,45,27,37,34,58,77,88,94,84,108,100,114,89,84,78,76,73,76,66,79,87,78,55,44,54,62,52,54,63,65,87,61,58,71,66,59,53,54,49,44,46,38,59,62,48,48,57,61,64,60,50,72,57,49,47,56,49,32,40,50,37,41,42,51,50,61,55,57,50,56,61,58,58,56,48,48,56,60,64,58,45,60,59,65,57,54,57,59,61,53,52,50,31,22,18,30,151,204,210,213,214,215,217,218,217,218,218,218,219,218,219,219,219,219,219,219,220,220,220,220,220,221,220,221,220,221,221,220,221,221,221,221,221,221,221,221,221,221,221,222,221,221,221,221,220,220,220,220,220,219,219,219,219
223,223,223,223,223,223,223,222,222,221,222,222,222,220,219,218,216,215,213,211,210,208,206,203,201,201,201,198,199,198,198,197,197,196,197,195,196,196,196,197,197,195,194,195,193,189,159,95,36,39,28,47,70,79,108,91,111,124,108,81,82,64,60,64,63,61,66,61,58,65,49,53,64,52,41,48,82,78,56,55,68,66,60,83,55,50,41,55,71,58,71,41,28,50,58,55,49,38,52,48,26,24,57,43,44,29,40,33,27,31,41,70,65,62,56,44,49,61,57,52,47,35,44,50,59,49,67,60,53,57,64,66,62,68,59,61,55,56,42,23,38,36,36,172,207,210,212,213,215,216,217,218,218,218,218,219,218,219,219,219,219,219,219,220,220,220,220,220,220,220,221,220,220,220,220,220,221,221,221,221,221,221,221,221,221,221,221,221,221,221,221,221,220,219,220,220,220,220,219,219
223,223,224,223,223,223,222,221,222,222,222,222,222,220,219,218,216,215,213,211,209,208,205,203,202,201,200,199,197,198,196,198,196,197,196,196,196,196,196,197,196,195,195,195,194,195,187,119,41,43,45,43,57,71,100,87,101,109,95,74,64,69,60,65,67,65,77,57,68,51,44,61,82,70,53,59,75,75,64,55,59,61,42,91,67,40,53,53,43,72,47,49,19,56,52,34,50,37,41,54,37,25,46,47,54,25,33,24,24,28,58,64,52,63,59,51,55,58,65,64,44,38,44,44,57,51,56,48,54,53,56,57,54,66,51,52,53,52,41,22,36,36,87,192,207,210,211,213,215,215,216,216,217,218,218,218,218,219,219,218,219,219,219,219,220,219,219,219,219,220,221,221,220,220,220,220,220,221,221,221,221,221,221,220,220,221,221,221,221,221,221,221,220,220,220,220,219,219,219,218
223,223,223,223,223,223,222,222,223,223,222,222,221,221,219,218,217,215,213,212,208,208,205,204,201,202,200,199,199,198,198,198,197,196,197,196,197,197,196,197,196,196,196,194,194,194,171,130,51,27,35,31,55,66,92,84,80,82,85,80,67,69,58,72,64,83,45,72,61,54,37,73,87,69,51,57,65,71,59,47,55,41,28,74,63,51,43,38,42,51,43,33,32,33,46,41,50,35,37,64,35,23,43,48,34,41,28,32,38,29,65,63,33,60,60,59,55,55,50,73,52,40,44,45,61,58,53,48,53,58,60,57,62,65,49,45,50,50,34,26,40,37,117,196,205,208,210,212,214,214,215,215,216,217,216,217,217,219,218,218,219,219,219,219,219,219,219,219,219,220,221,220,220,220,220,220,221,221,221,221,221,221,221,220,220,220,220,220,220,220,220,220,220,220,219,220,220,219,219,218
223,223,223,223,223,223,222,222,222,221,222,222,221,220,219,218,217,215,213,212,209,209,206,204,202,202,200,198,198,197,198,198,198,196,197,197,195,197,196,197,196,196,196,195,194,194,182,133,71,36,41,33,70,78,88,91,73,91,90,83,59,58,58,61,55,85,49,66,64,54,41,63,59,66,45,59,53,59,42,57,41,39,30,66,56,56,44,35,38,49,42,23,30,37,29,37,31,31,47,49,55,36,47,42,30,51,36,30,29,31,44,57,21,37,59,58,48,42,44,58,66,46,36,46,34,39,60,50,48,56,61,59,57,68,62,64,47,43,33,21,43,34,135,201,204,208,209,210,212,214,214,215,215,215,215,216,216,217,219,219,219,218,218,219,219,219,219,219,219,220,220,220,220,221,221,221,221,221,220,221,221,221,221,220,220,220,220,220,220,220,220,220,220,220,220,220,219,219,218,218
223,223,223,223,222,223,222,222,222,222,222,221,222,221,220,219,217,215,213,212,211,207,207,203,202,201,201,200,199,199,197,198,198,197,196,196,196,197,196,196,194,196,196,196,192,187,187,137,69,69,38,46,72,57,72,80,89,86,93,82,65,53,55,64,56,76,41,82,66,69,51,52,51,64,45,53,64,48,53,49,42,33,32,38,71,75,54,59,57,59,54,45,60,45,30,38,30,32,60,48,60,56,58,51,44,46,35,28,32,31,53,40,21,34,63,50,69,46,46,55,76,46,46,54,81,26,63,82,77,40,58,59,51,63,74,62,49,39,34,25,36,66,184,203,204,206,208,210,211,213,213,214,214,214,215,215,215,216,217,217,218,218,218,218,218,219,219,219,219,220,220,220,220,220,220,220,220,220,220,220,221,220,220,220,220,220,220,219,221,220,220,220,220,220,220,219,217,219,218,218
222,223,223,223,222,222,222,222,222,221,222,222,222,221,219,219,217,216,213,212,211,208,206,205,203,201,201,201,199,198,198,198,197,196,197,196,196,196,196,196,196,195,195,196,194,195,184,168,95,65,65,43,47,56,63,83,80,78,72,73,61,54,54,51,49,85,90,75,74,96,64,47,66,37,62,66,75,38,56,37,60,35,36,53,69,76,83,87,93,84,82,88,91,77,59,61,56,59,81,76,80,81,85,74,65,51,65,42,36,33,38,46,28,20,65,50,72,36,38,53,46,59,47,59,83,43,45,57,94,46,53,46,35,50,66,51,44,43,31,38,34,105,186,201,203,205,207,208,211,211,212,213,213,213,214,214,215,215,215,216,216,217,218,218,218,218,219,219,219,219,219,219,219,219,219,219,220,219,219,219,219,219,219,219,219,220,219,219,219,219,220,219,220,219,219,219,218,218,218,218
223,223,224,223,223,222,222,222,222,222,222,222,221,221,219,219,217,215,214,211,210,208,207,206,203,202,201,201,200,200,198,198,198,196,197,196,196,196,197,196,197,196,196,196,196,194,195,184,141,76,74,30,43,45,53,67,80,57,63,73,62,54,53,63,61,68,65,67,71,94,54,48,48,49,69,88,78,35,56,52,61,64,64,83,100,108,110,113,112,112,114,115,112,113,102,96,86,88,110,104,108,112,102,100,96,83,69,69,44,43,38,38,33,27,48,72,33,46,32,48,72,55,44,47,73,51,52,63,85,42,50,43,40,50,60,36,26,33,21,30,50,135,184,197,201,203,205,207,207,210,211,212,214,213,213,213,213,214,214,215,215,215,216,217,217,217,218,218,218,218,218,219,218,219,219,219,219,219,219,219,219,219,219,219,219,219,219,219,219,219,220,219,220,218,219,219,218,219,218,218
224,224,223,223,223,222,222,222,222,222,222,221,221,220,219,218,216,215,214,212,210,208,207,205,204,202,200,200,200,201,199,198,198,196,197,196,197,196,197,197,196,196,196,196,195,195,195,195,143,70,73,41,52,36,30,62,74,56,82,79,55,56,72,67,85,72,64,59,62,102,64,59,56,56,48,73,83,61,63,88,101,108,112,106,107,104,98,93,93,95,102,104,116,123,143,132,129,130,134,122,107,101,95,96,94,98,91,87,73,64,52,37,48,38,53,56,38,35,54,42,55,72,54,35,52,59,56,63,54,63,52,43,47,51,47,26,38,43,24,30,86,168,195,195,198,200,202,203,205,206,207,207,209,210,211,213,212,213,212,213,214,214,215,215,216,216,216,216,217,217,217,218,218,219,219,219,219,218,218,217,219,219,218,219,219,220,219,220,220,219,219,219,219,219,219,219,218,218,218,217
223,223,223,222,222,223,222,222,222,222,222,221,220,220,220,218,217,215,214,213,211,209,207,204,204,203,201,200,201,200,199,198,197,197,198,197,198,196,197,197,197,197,197,196,194,195,195,195,141,76,82,51,37,32,42,67,93,65,71,90,59,65,57,69,57,76,74,75,73,76,52,53,47,37,56,63,84,91,104,117,125,111,102,98,101,104,101,99,101,99,99,98,98,105,114,126,132,114,97,87,81,78,80,78,82,84,82,89,93,93,77,61,54,49,39,55,51,33,44,64,54,77,51,49,47,73,82,50,44,55,49,46,55,51,39,27,35,47,38,34,100,175,190,194,196,197,199,200,202,203,204,205,205,208,208,210,210,211,211,213,213,213,214,214,215,215,215,216,216,216,216,217,217,217,218,218,218,218,219,217,218,219,218,219,219,219,219,219,220,219,219,218,219,219,218,219,219,218,218,217
223,223,223,222,223,222,222,221,222,222,222,221,221,221,220,219,218,215,214,213,213,209,208,206,205,203,203,203,202,201,199,199,197,197,198,197,196,197,197,197,196,196,196,195,195,193,193,192,190,129,67,60,41,40,42,84,77,52,77,89,69,54,67,60,64,88,94,40,83,66,71,33,50,55,58,86,100,117,126,116,104,103,103,103,104,104,107,107,107,104,103,102,102,108,109,111,109,94,90,81,83,82,80,84,87,87,84,86,87,90,95,87,75,65,46,45,46,30,33,38,63,78,61,62,43,55,67,43,62,41,46,54,50,47,31,31,28,41,53,49,128,183,186,192,192,192,195,197,198,200,202,202,203,204,205,207,208,209,209,210,211,211,211,213,213,214,214,214,215,215,215,215,216,216,216,217,217,217,217,217,218,218,218,218,219,218,218,219,218,218,218,217,218,217,218,218,218,218,218,217
223,222,223,222,222,223,222,222,222,222,222,221,220,220,220,218,218,216,214,213,212,209,208,206,203,203,203,202,201,201,198,198,199,197,198,198,197,197,196,197,196,195,195,194,193,192,191,190,189,166,76,44,49,47,51,84,88,71,85,91,55,53,39,59,56,71,72,62,81,63,46,27,58,52,71,104,113,116,102,94,101,107,111,101,102,101,103,106,106,99,96,98,98,104,105,104,99,92,83,73,81,81,82,88,89,91,87,83,84,83,89,93,92,84,64,48,45,28,21,37,76,67,53,50,46,35,71,45,30,61,63,49,40,42,29,33,30,36,47,49,139,184,185,188,189,190,191,193,195,196,198,199,200,201,202,203,203,204,206,208,208,209,210,211,212,213,213,214,214,213,214,214,215,215,215,216,216,216,217,216,217,217,217,217,217,217,217,216,217,217,217,217,217,217,217,217,216,216,216,216
223,222,223,222,222,223,222,222,222,222,222,221,220,221,220,219,217,217,216,213,212,209,208,205,205,204,204,202,201,201,199,199,198,198,197,197,196,196,196,196,195,194,193,193,192,190,189,189,188,165,80,35,55,64,30,51,109,69,69,74,60,55,40,41,58,72,68,61,58,45,51,33,44,77,77,109,106,101,92,103,106,103,102,99,99,99,91,92,90,87,89,91,92,96,100,98,90,83,74,68,77,78,83,88,88,90,87,85,81,82,80,81,89,89,70,52,59,37,26,33,53,69,38,46,39,42,89,48,30,52,61,42,38,31,25,35,47,44,56,70,139,182,178,185,185,186,188,189,191,193,194,196,196,196,198,199,200,201,202,203,206,206,207,209,210,211,212,212,213,213,213,213,214,215,214,215,215,215,215,216,216,216,216,216,217,216,216,216,216,216,216,216,217,216,216,216,216,216,216,216
223,223,223,222,222,222,222,222,223,222,222,222,221,221,220,219,218,216,215,215,212,210,209,205,205,203,202,202,201,200,199,198,198,197,199,196,196,196,194,195,193,193,192,192,191,190,188,188,186,133,71,33,46,58,38,46,70,57,52,54,61,33,47,51,54,57,72,59,37,40,42,39,44,83,76,95,93,90,95,104,96,92,89,88,88,83,82,77,71,74,73,77,82,90,88,88,82,77,69,67,70,75,81,83,86,85,85,79,79,76,76,83,85,88,87,60,69,56,36,32,34,61,41,40,49,63,70,51,47,39,45,50,45,42,29,36,40,57,64,94,173,176,176,180,182,182,184,185,186,188,191,192,192,192,192,195,196,196,198,199,202,203,202,204,207,208,209,208,210,210,212,213,213,213,214,214,213,214,214,214,215,215,214,214,214,215,216,216,216,216,216,215,215,215,215,216,215,215,215,215
222,223,223,223,222,222,222,222,222,222,222,221,221,220,220,219,218,217,215,215,213,211,209,206,205,205,203,202,201,200,198,198,197,198,197,197,195,195,194,194,192,192,191,191,189,188,180,178,174,167,127,76,40,59,40,44,48,61,62,41,61,45,79,45,36,89,62,63,25,37,43,47,55,68,72,79,79,80,83,86,82,77,75,74,68,66,66,63,60,66,66,66,71,74,74,72,70,69,64,60,63,66,70,74,73,75,75,78,70,70,73,75,76,81,87,74,74,69,54,40,43,25,33,52,49,46,79,65,52,60,44,40,45,36,28,29,37,45,79,119,168,172,174,176,179,178,180,182,182,183,184,187,188,190,191,191,192,193,193,195,197,200,201,201,203,202,204,206,205,207,208,210,211,212,211,211,212,213,213,214,214,214,214,214,214,215,215,215,215,214,214,215,215,214,215,215,214,214,214,214
223,224,222,223,222,222,222,223,222,221,221,221,221,220,220,219,218,217,216,214,212,211,210,208,205,205,204,201,201,201,198,198,197,196,196,194,194,193,194,192,192,191,191,189,187,185,185,183,181,174,152,113,37,49,36,57,78,53,39,44,48,54,51,60,55,48,88,68,33,47,51,54,47,47,45,49,54,62,65,66,71,69,66,64,59,53,56,57,59,59,61,64,62,66,65,59,59,60,56,51,48,55,59,59,61,62,64,73,65,66,72,71,71,77,82,81,74,67,66,46,34,41,28,37,50,67,74,59,53,90,16,35,42,36,34,43,32,31,74,135,164,167,170,173,174,174,174,176,179,180,182,183,185,186,187,186,187,190,190,191,192,194,196,196,198,199,202,202,204,206,205,207,209,208,210,209,210,212,212,212,213,211,212,213,213,213,214,213,213,213,213,214,214,214,214,214,214,214,213,214
222,223,223,223,223,223,223,222,222,221,221,221,220,220,220,220,218,217,216,215,212,212,210,208,206,205,204,202,202,200,198,197,197,196,194,193,193,191,191,190,188,189,187,187,184,183,181,178,171,160,169,114,66,36,48,72,60,48,58,69,64,58,50,50,43,49,44,37,44,50,50,36,46,40,29,25,22,33,50,50,53,65,66,68,66,62,65,58,63,58,73,58,53,55,64,65,62,78,73,56,43,54,67,57,60,53,51,59,59,67,65,60,58,59,63,67,64,60,60,56,45,38,27,34,55,55,55,76,55,74,29,38,37,34,22,40,25,42,55,139,162,166,163,163,164,169,171,171,171,173,173,173,177,178,180,182,182,183,186,185,188,190,191,195,194,196,195,197,197,200,202,203,204,203,205,206,208,209,209,210,210,209,210,210,211,211,212,212,212,212,212,212,213,213,213,213,213,212,213,213
223,223,223,223,222,222,222,221,222,222,221,220,221,220,220,219,218,216,216,214,214,212,210,209,206,204,205,202,200,200,198,197,195,194,193,192,190,190,188,187,186,185,184,182,181,178,178,176,170,173,157,135,93,54,50,61,62,46,50,42,58,35,26,26,25,51,43,32,47,48,43,33,47,52,54,54,43,30,33,56,64,73,68,77,80,71,70,68,61,61,65,61,60,58,57,54,63,74,72,61,51,69,65,55,60,47,35,46,36,48,45,41,39,37,36,41,40,44,50,59,58,45,31,41,42,50,53,54,73,85,40,34,48,30,29,22,43,45,51,74,131,158,140,125,127,138,146,157,163,168,172,171,173,174,174,175,176,178,180,181,183,184,186,188,189,191,193,193,194,195,197,199,200,201,201,202,204,205,206,207,208,208,209,209,210,210,211,211,211,211,211,211,211,211,211,212,212,211,212,212
223,222,222,222,222,222,222,221,222,221,221,221,220,220,220,220,218,217,217,215,213,213,212,210,206,204,204,202,200,199,196,195,194,194,190,189,189,187,185,183,184,181,180,179,179,175,175,173,170,169,167,159,109,76,54,55,71,58,48,47,63,52,30,31,39,45,28,32,46,48,49,51,72,78,81,82,73,56,48,45,65,80,78,89,85,81,74,76,73,75,67,71,69,62,66,63,64,66,62,59,53,52,53,64,68,69,47,45,46,45,38,50,38,29,23,27,32,34,38,45,49,43,30,37,43,48,34,61,82,48,61,44,59,57,45,24,42,64,75,75,63,134,160,162,155,136,115,131,146,152,152,156,160,161,166,170,171,176,176,177,179,177,181,183,185,185,187,188,189,191,192,194,197,198,197,199,200,202,203,204,205,205,206,207,207,208,208,208,209,209,210,209,209,209,209,210,210,210,210,210
223,222,222,222,221,222,222,222,221,221,222,221,220,220,220,220,218,218,217,215,214,214,212,211,206,205,203,202,200,197,196,194,192,190,188,188,185,185,183,180,181,178,177,176,174,172,172,171,169,167,167,161,120,82,49,36,45,50,38,45,55,64,57,41,30,30,34,38,47,43,42,59,74,83,95,97,101,90,72,71,72,70,83,87,83,90,86,81,91,78,77,77,72,78,76,70,76,80,75,71,70,68,60,67,67,86,66,54,55,56,44,37,31,31,34,42,47,47,42,36,37,30,31,26,51,46,36,66,38,36,60,50,56,48,40,36,14,83,95,87,49,74,153,162,161,159,155,119,130,149,158,149,142,143,144,151,158,163,169,174,177,175,176,179,179,180,182,183,184,186,187,190,191,193,194,195,196,197,199,200,201,202,203,204,205,205,205,206,206,206,206,208,208,209,209,208,208,209,209,209
222,222,222,222,222,221,222,222,222,222,223,221,220,220,220,219,218,219,216,216,214,214,212,210,207,204,203,201,198,195,193,191,188,187,185,185,182,181,180,178,178,176,174,173,172,170,169,167,165,164,162,171,160,102,55,30,43,75,60,59,61,48,40,32,23,28,29,31,36,34,49,65,70,74,80,98,107,111,104,90,81,78,80,88,89,95,94,88,95,86,87,92,86,88,87,76,74,90,90,84,81,73,81,80,79,82,72,60,58,58,46,49,47,53,56,57,58,52,49,38,38,36,45,33,46,48,37,56,24,38,74,41,52,44,22,48,22,72,65,76,59,43,139,163,161,159,159,149,116,141,153,155,145,140,142,150,158,158,156,157,162,168,170,172,175,175,177,178,180,182,182,184,185,189,189,190,191,193,196,197,197,199,200,201,199,200,202,203,204,205,205,206,205,205,206,206,206,207,207,207
223,222,222,221,222,222,222,222,221,221,221,219,220,220,219,219,217,215,215,214,212,212,211,208,205,203,201,197,195,192,189,187,185,185,182,182,179,177,176,174,173,172,171,170,169,168,166,163,161,162,158,157,161,129,69,58,63,28,34,56,72,42,37,35,23,23,20,31,25,37,53,68,76,75,79,92,97,107,120,120,100,86,79,87,93,94,94,92,98,92,97,101,94,99,84,76,73,91,94,92,89,84,82,82,75,77,70,61,60,61,56,63,67,70,68,62,62,62,52,48,38,37,45,33,20,37,38,46,27,24,56,31,44,61,45,30,26,72,78,47,47,36,126,165,164,163,163,160,122,136,148,153,147,142,144,151,158,155,151,150,151,152,153,157,161,170,173,173,174,175,177,179,181,184,186,187,188,189,191,192,192,193,195,198,199,199,200,201,202,203,201,202,202,203,204,204,203,204,205,205
222,222,222,222,221,222,222,221,221,220,221,219,219,218,218,217,216,214,214,213,211,209,210,207,202,200,194,191,191,187,186,183,182,181,179,177,175,174,173,170,170,169,169,166,166,164,161,163,158,160,157,155,157,128,103,55,44,29,27,46,50,42,26,39,24,22,25,47,41,51,47,55,71,73,85,90,94,100,109,119,126,113,97,94,95,87,101,100,106,102,106,107,105,107,92,86,85,97,94,96,94,87,82,86,81,73,77,67,66,63,66,72,75,77,74,69,65,56,46,47,34,35,38,44,36,37,64,39,37,33,49,69,48,46,64,35,51,71,66,45,42,37,118,165,164,163,163,161,132,128,147,152,150,147,146,148,153,150,148,148,149,150,148,149,149,151,154,159,166,170,170,173,175,177,179,181,184,187,188,189,191,192,192,194,195,196,196,198,199,199,199,200,200,200,200,201,201,202,203,203
221,221,221,221,222,222,221,220,220,220,219,219,218,218,217,216,216,213,212,211,210,206,204,202,198,195,190,188,186,185,181,180,178,179,175,175,174,170,169,170,166,166,164,163,159,160,160,166,163,153,153,165,178,144,102,64,56,38,46,33,40,40,38,27,20,17,38,62,58,41,60,65,71,80,83,91,93,96,95,103,111,125,125,105,102,103,106,107,110,108,109,110,109,105,103,91,93,100,100,98,95,100,85,87,84,79,80,76,76,75,78,74,75,76,71,69,62,52,43,40,43,38,34,28,29,44,58,59,37,36,41,61,60,51,40,82,63,82,58,48,41,39,121,168,166,164,164,164,141,124,147,152,152,150,147,145,149,149,148,147,148,149,146,146,146,150,153,153,154,155,160,163,167,170,173,176,176,180,183,185,185,186,187,189,191,193,193,194,196,197,196,197,196,196,198,199,200,199,199,200
221,221,221,222,221,221,220,221,220,219,219,218,218,217,217,216,214,214,211,208,205,203,200,198,194,191,187,187,182,182,179,178,177,174,174,172,168,168,166,166,162,161,159,157,163,169,179,172,170,170,177,191,171,143,127,96,91,72,38,52,43,31,59,31,27,30,41,55,51,56,67,71,88,88,90,90,93,89,86,85,87,103,109,121,116,109,107,109,112,110,107,113,120,114,111,105,100,111,110,99,97,101,91,86,88,82,83,83,84,80,83,73,74,74,68,72,63,54,44,46,57,45,47,31,48,48,35,50,58,48,43,65,46,65,72,82,81,67,61,42,41,38,141,169,167,165,165,167,145,124,147,152,152,150,147,146,148,149,148,149,149,147,145,142,143,149,156,151,151,150,150,152,153,155,165,170,173,176,177,179,183,184,184,186,186,188,190,191,193,193,194,194,195,195,197,198,197,197,197,198
220,221,220,221,219,220,219,219,219,219,218,217,217,216,215,216,213,210,207,203,200,196,193,193,192,188,185,182,180,179,175,173,174,172,169,170,166,164,161,163,160,160,161,166,177,181,175,174,171,174,185,185,156,142,105,85,85,78,56,62,67,46,64,73,35,29,43,41,51,64,82,79,95,85,85,89,85,85,80,79,83,85,90,93,105,112,113,110,110,109,108,112,114,106,109,117,107,123,112,102,106,102,95,89,88,84,84,83,84,82,83,69,67,68,70,68,61,55,38,38,37,45,37,46,27,63,30,51,55,52,44,82,66,62,68,82,86,53,62,39,39,48,155,169,168,167,167,169,144,129,148,154,151,150,147,146,147,148,150,151,152,149,146,140,140,150,158,152,149,149,148,150,151,152,152,152,159,164,170,175,177,181,182,182,184,186,187,189,190,192,195,193,193,192,193,194,194,194,195,195
219,220,220,220,219,219,218,219,219,218,217,216,215,215,213,211,208,205,201,197,193,193,191,190,187,184,181,179,178,175,172,170,170,168,167,164,160,162,161,167,162,158,165,177,180,176,174,173,177,177,187,170,133,150,161,135,75,70,86,45,57,53,63,47,38,40,47,48,48,67,86,72,85,82,85,89,93,90,85,78,69,71,75,69,78,85,94,95,99,99,95,97,96,96,101,105,103,106,102,99,103,96,91,87,84,82,83,87,81,78,71,67,66,67,67,63,58,53,43,31,41,46,44,50,50,60,58,80,58,70,58,79,80,65,76,126,58,56,61,37,38,73,163,170,170,168,169,170,135,134,151,156,152,150,146,146,146,148,152,153,154,150,144,138,138,150,159,153,149,148,148,149,153,153,152,150,145,150,149,157,165,172,177,178,182,181,183,184,186,186,187,188,189,190,190,190,191,191,193,193
220,219,219,218,219,219,218,218,217,216,215,215,212,209,209,207,204,201,198,194,192,191,187,186,184,181,180,176,175,173,169,167,166,164,164,164,167,174,175,171,171,173,174,176,175,173,168,167,184,185,182,165,122,164,176,152,100,72,81,77,60,37,57,32,42,65,65,49,40,70,85,74,74,75,79,79,84,82,79,81,76,65,62,78,65,71,75,78,83,86,88,89,86,85,85,87,86,85,88,91,91,86,84,85,84,79,77,71,68,69,63,67,64,66,65,62,55,49,40,17,21,57,70,77,77,53,49,55,87,91,60,110,91,46,75,95,67,56,60,36,36,112,168,170,171,170,172,171,132,140,152,158,155,149,146,145,146,149,151,153,153,150,144,137,139,153,163,155,150,148,147,149,156,155,152,150,146,142,138,136,140,150,165,172,177,180,181,182,183,183,184,185,186,186,187,188,188,189,190,190
217,218,218,217,218,216,216,215,214,214,211,211,208,205,203,201,200,197,193,192,189,187,185,183,182,179,177,173,171,170,167,164,163,163,166,170,177,173,177,178,175,172,175,174,174,171,167,164,183,187,180,162,127,165,174,179,136,116,98,64,77,66,80,61,58,43,65,55,48,82,77,83,73,66,74,75,78,79,73,73,78,73,71,84,61,49,56,66,59,57,60,49,51,58,61,66,68,65,78,81,82,80,78,75,77,65,67,55,60,64,66,68,69,66,59,63,55,46,38,38,31,65,81,93,110,59,43,72,97,121,60,88,107,40,104,75,64,58,58,39,44,152,172,172,173,171,174,170,126,146,157,164,160,152,146,144,146,150,152,154,153,151,144,137,139,154,165,157,152,149,147,151,156,154,151,150,149,143,135,129,130,141,159,159,159,164,173,178,180,181,181,182,183,183,184,185,185,187,188,189
217,217,216,216,215,215,214,211,210,207,206,206,203,201,199,198,196,194,190,187,186,184,182,181,177,175,172,171,167,165,165,165,163,164,169,180,174,169,178,175,170,173,173,173,173,171,167,168,179,186,181,158,132,168,179,181,154,129,112,91,81,80,104,74,63,62,70,63,59,63,61,89,69,67,81,75,85,82,67,78,73,74,73,65,63,58,55,54,53,52,51,44,54,55,56,38,48,48,42,51,60,46,54,57,68,75,69,59,65,69,71,70,65,60,56,58,52,50,56,43,64,87,63,76,103,103,63,87,114,115,83,97,96,79,103,83,52,58,57,36,86,167,174,175,176,177,176,164,128,152,158,164,160,152,146,143,145,151,153,154,154,152,146,140,142,154,168,160,154,150,150,153,155,152,150,149,148,142,133,126,126,138,159,157,148,145,145,148,158,167,176,179,182,182,182,182,183,184,185,186
216,214,214,213,213,211,209,208,207,205,202,201,199,198,196,196,195,191,189,184,185,183,179,177,174,173,172,167,168,168,172,168,171,179,186,171,163,173,178,178,171,177,171,172,172,172,169,167,172,187,179,154,142,175,182,181,184,146,118,118,74,108,87,87,119,61,57,84,83,51,77,101,105,75,86,63,77,72,64,69,67,74,74,77,70,74,69,73,56,54,63,57,59,61,62,60,57,56,54,55,68,52,58,61,67,69,70,67,74,78,73,61,61,60,55,56,48,42,36,27,28,69,96,73,86,115,68,86,102,93,89,103,107,105,86,65,56,59,51,34,139,167,174,178,178,179,178,147,139,158,164,167,160,152,147,144,146,151,155,155,154,153,147,142,145,154,169,162,156,151,150,155,156,152,150,147,146,138,130,124,124,136,158,158,145,141,143,144,144,144,143,151,164,169,172,177,180,182,183,183
213,211,210,209,209,205,204,204,203,202,201,199,197,196,193,192,193,188,185,179,181,175,174,173,171,168,169,173,179,179,179,184,184,187,178,160,166,182,177,180,178,171,171,170,172,172,170,166,177,184,177,154,149,178,184,185,182,173,148,126,136,121,91,100,125,90,114,113,108,61,78,73,75,72,69,69,89,83,69,70,65,77,75,76,67,66,62,62,62,63,71,61,74,72,65,66,63,65,65,68,65,68,72,73,65,67,65,68,74,78,74,63,63,65,64,61,45,37,42,27,24,39,73,108,74,82,90,107,130,114,124,123,126,99,59,53,57,61,46,69,166,175,175,179,181,182,178,134,150,164,168,169,160,153,148,145,144,152,156,156,155,154,150,145,146,157,170,163,156,152,152,154,154,152,149,148,145,137,127,122,121,132,154,159,142,136,135,137,139,140,140,138,142,152,153,155,160,165,170,175
207,208,206,206,205,204,201,202,200,199,199,197,193,194,191,189,189,183,179,174,174,172,172,171,167,169,180,185,182,185,185,181,184,193,164,160,170,184,179,181,176,174,170,170,172,171,170,169,176,178,179,155,147,180,187,187,185,183,147,110,140,134,137,131,117,112,127,116,81,86,81,95,85,77,53,65,76,77,74,73,72,75,74,71,69,66,65,65,68,70,74,75,79,71,73,76,77,75,80,69,74,76,75,77,74,70,68,64,70,72,72,65,60,58,67,60,51,47,69,83,81,56,65,111,106,95,108,126,123,113,127,112,63,55,55,57,60,55,43,130,176,177,177,181,183,183,165,133,160,170,169,167,158,152,149,145,144,151,158,158,158,156,150,148,148,161,170,162,156,152,153,155,154,150,148,146,141,134,128,122,121,129,151,162,141,135,134,135,136,139,138,135,139,143,143,144,147,150,152,156
207,205,203,203,203,203,199,200,198,196,196,192,192,191,187,184,181,180,175,171,171,169,166,169,171,182,189,185,186,187,182,175,192,180,162,159,176,185,182,182,172,178,172,171,169,169,174,174,173,182,182,155,143,180,190,191,192,182,153,120,161,156,138,104,97,96,108,106,74,52,104,79,70,56,43,51,82,70,75,75,76,75,75,69,75,77,76,74,72,74,76,73,77,80,75,82,82,80,79,74,74,74,75,75,74,71,68,63,67,73,62,62,54,46,47,56,96,64,49,45,85,109,79,97,99,65,112,128,118,133,107,66,63,58,56,60,60,50,81,171,177,177,179,182,185,183,145,145,164,173,168,164,158,152,149,143,140,151,160,160,160,159,152,150,150,163,171,161,157,155,155,155,152,148,146,145,139,132,126,121,121,127,150,162,142,136,134,134,135,137,138,136,138,141,141,141,144,145,148,150
203,201,201,201,201,199,198,197,195,192,192,190,186,183,183,178,177,173,173,172,168,171,166,169,180,186,186,184,188,187,175,174,197,170,163,164,186,186,185,181,173,177,172,171,169,172,175,172,169,186,184,156,139,179,196,198,191,185,159,72,96,114,150,115,80,113,126,111,61,65,87,68,53,73,57,82,60,65,70,73,83,85,77,70,71,86,80,78,76,73,76,78,79,82,84,85,78,83,77,74,72,66,72,73,73,75,68,62,60,69,65,56,50,44,44,78,94,59,69,38,61,105,112,121,104,88,89,96,147,94,63,64,59,55,56,61,52,50,148,179,178,179,183,185,184,175,132,154,170,175,168,162,157,152,150,143,140,152,162,164,163,159,154,151,152,167,168,162,158,157,156,155,151,147,145,143,138,132,124,121,120,128,150,163,143,136,135,134,135,137,137,136,137,141,141,140,143,144,146,148
201,200,198,197,199,196,193,192,192,188,185,183,180,178,175,175,175,174,168,162,158,161,166,182,184,184,184,182,190,190,175,179,193,163,160,170,189,187,184,181,177,175,174,171,168,171,172,171,174,189,183,160,138,178,198,200,192,188,168,75,86,113,131,121,92,104,135,127,106,105,78,75,67,98,83,52,67,54,61,67,87,95,76,78,74,79,80,79,78,78,89,88,92,90,78,82,86,82,76,75,72,78,73,75,71,75,70,64,60,60,65,74,46,43,44,71,89,105,82,48,38,80,126,126,83,89,96,129,138,62,47,41,53,57,57,60,50,103,178,180,180,181,186,186,184,151,140,160,174,178,166,161,158,153,150,141,141,153,165,167,162,160,155,153,154,170,167,162,158,157,156,155,150,148,144,142,136,131,125,120,120,128,148,165,144,135,135,136,135,137,138,137,137,140,140,141,143,143,144,145
198,197,195,195,195,193,189,186,185,183,181,178,176,178,180,179,171,163,157,157,164,174,186,183,183,185,180,180,189,190,173,193,177,160,160,180,189,186,186,181,178,175,174,172,170,169,171,172,174,194,186,170,136,173,197,202,196,185,175,112,56,86,122,111,115,83,135,140,137,135,97,92,95,125,75,75,64,68,55,74,87,76,77,79,77,79,80,86,86,82,91,84,93,81,80,82,78,71,72,73,72,74,66,67,73,75,71,63,56,56,48,61,66,69,60,70,74,100,95,83,69,99,96,137,109,122,131,136,118,82,71,51,53,57,58,50,66,169,183,183,183,185,187,187,180,135,155,164,178,176,162,160,158,154,149,139,141,154,168,169,162,159,155,154,157,175,166,161,158,158,157,155,151,147,143,140,136,131,126,119,119,126,148,166,146,136,135,136,136,138,139,137,138,141,141,142,143,143,145,146
197,195,193,191,191,186,184,181,179,179,178,176,180,184,171,155,148,152,159,171,179,185,182,181,184,188,182,184,189,189,179,196,162,158,163,187,189,184,188,181,180,178,177,172,172,170,169,172,185,186,194,179,137,165,200,203,199,185,182,150,55,72,92,115,119,115,150,134,153,138,139,115,123,122,77,117,89,79,73,76,80,88,81,87,96,96,95,92,86,82,84,77,82,83,75,78,75,71,78,71,65,74,68,62,70,63,72,64,62,53,60,50,78,64,69,70,95,114,85,83,84,85,78,128,115,125,115,114,81,75,56,59,58,56,53,47,139,183,183,182,184,188,190,189,160,141,157,168,181,176,163,161,158,154,149,140,141,154,170,170,162,159,156,154,161,175,167,161,159,159,157,156,151,147,142,139,136,132,126,118,118,125,146,167,148,138,136,136,136,137,138,138,138,140,140,141,143,144,144,146
191,188,187,185,186,180,177,178,178,177,175,179,174,156,147,145,147,158,166,175,181,182,179,175,183,184,183,185,190,187,187,179,157,158,173,190,189,186,186,184,181,179,178,174,171,169,167,175,190,182,204,193,151,149,192,206,205,191,180,173,78,60,84,104,73,99,156,129,138,137,130,126,117,128,87,107,102,62,79,84,84,64,64,76,87,84,91,88,86,70,62,76,68,64,62,73,77,78,72,58,66,59,68,60,77,62,60,49,56,58,41,54,83,83,62,83,62,96,93,98,84,66,99,125,128,127,112,65,62,73,53,57,55,54,47,114,182,186,181,182,188,191,190,180,138,146,157,169,180,173,163,162,158,154,147,139,143,157,170,168,162,159,157,157,166,174,167,163,161,159,158,155,152,147,142,139,135,132,126,118,118,124,143,168,149,141,138,136,136,139,139,139,139,140,140,142,143,144,146,146
188,183,182,181,179,176,176,176,177,179,176,167,157,149,145,148,154,160,168,175,180,185,174,171,183,184,182,182,189,188,189,164,155,162,182,192,188,186,186,184,180,180,179,178,169,169,167,182,184,181,208,202,166,135,178,206,210,197,182,181,127,56,70,80,75,82,152,150,155,129,74,115,129,105,82,127,74,59,94,78,82,78,59,73,84,75,81,80,68,58,54,62,62,63,70,72,76,76,64,63,64,57,70,67,66,61,60,51,67,56,64,43,65,78,84,91,58,109,77,104,105,108,121,135,125,119,58,79,72,69,71,49,50,50,88,174,187,184,185,188,190,190,188,150,145,147,160,172,179,170,164,165,159,153,143,137,144,159,172,170,161,159,156,161,172,175,167,164,161,160,158,155,151,147,142,140,136,133,127,119,117,123,142,167,154,143,138,138,138,139,139,139,139,141,142,142,144,146,147,147
175,172,169,166,168,167,169,174,176,170,165,161,151,146,147,157,158,157,164,169,177,179,165,168,183,185,181,182,188,190,186,155,155,166,188,192,189,188,186,184,182,181,180,177,170,169,170,187,172,176,204,212,169,139,162,204,209,204,190,183,165,68,59,79,78,90,126,138,149,138,115,115,109,84,121,100,87,67,107,82,88,63,55,54,62,56,69,67,56,53,59,51,52,68,62,64,74,87,73,72,62,67,64,59,56,57,65,58,61,48,72,58,71,65,84,84,87,99,84,100,113,137,113,109,84,101,66,69,60,53,47,50,49,72,166,184,185,185,188,192,191,189,173,142,150,149,162,178,178,167,164,165,159,151,140,137,143,161,171,169,161,159,158,167,178,175,167,164,162,161,157,154,150,148,144,141,137,133,128,121,117,122,140,164,162,145,140,139,140,140,141,141,141,141,141,143,145,147,149,149
152,151,151,149,157,168,177,172,164,159,159,159,153,151,151,153,149,155,161,168,177,174,162,167,178,183,178,182,186,193,175,151,153,167,192,193,189,188,187,184,182,182,180,175,171,169,171,183,173,172,200,217,178,153,143,189,211,205,196,185,179,122,50,60,78,73,88,118,138,143,119,112,127,97,105,118,88,80,80,103,61,71,49,50,46,61,70,63,40,48,58,58,54,65,70,67,62,61,82,73,63,76,67,40,39,45,60,56,53,57,53,69,75,68,97,52,45,79,83,97,94,105,90,78,61,44,62,61,52,46,51,52,68,162,183,184,186,187,191,194,192,187,148,149,152,151,165,180,176,168,166,164,158,150,138,135,143,160,172,171,162,162,166,176,179,174,165,163,162,159,157,154,151,149,145,142,139,135,128,122,116,121,136,158,168,146,141,140,140,140,141,142,143,142,141,143,146,150,150,150
144,146,153,164,174,174,174,160,155,156,157,158,152,149,149,148,151,153,157,168,174,171,165,168,174,176,176,181,187,195,165,150,155,170,191,193,191,188,187,185,180,182,181,177,175,171,172,177,172,175,193,217,189,158,139,169,209,206,198,187,185,166,73,51,65,71,73,102,112,138,122,124,114,104,114,98,92,94,78,83,59,81,61,47,53,57,55,48,49,45,59,55,60,52,58,57,62,52,83,63,78,69,78,49,44,43,68,48,56,62,58,79,64,47,113,74,58,91,84,113,78,82,81,52,81,57,51,44,45,51,54,72,159,183,186,185,188,190,192,192,190,159,153,154,154,153,167,180,177,173,167,166,157,148,136,135,144,162,173,172,165,164,170,180,177,172,165,164,162,160,156,154,150,151,145,142,140,136,129,123,117,122,132,156,172,150,144,141,141,140,141,145,146,144,141,144,148,151,150,151
153,159,163,169,168,166,161,155,156,157,157,155,147,148,147,150,152,153,156,167,169,168,166,170,173,173,174,185,188,191,154,151,156,174,194,192,190,188,188,186,181,181,178,176,180,178,172,172,173,177,189,217,196,155,144,149,199,209,203,192,188,185,142,48,50,69,71,86,106,156,125,132,119,96,91,80,89,83,80,65,74,92,61,58,66,49,44,71,53,50,53,82,62,53,53,50,58,60,65,68,65,59,70,55,60,46,65,65,65,83,68,79,75,95,102,79,58,93,82,120,68,64,61,31,66,67,48,45,50,51,70,159,184,185,186,189,190,194,194,191,176,150,158,152,152,155,167,180,178,174,168,165,159,147,135,136,148,165,173,171,168,170,177,180,176,171,165,164,162,159,154,155,151,151,146,142,140,136,131,123,118,121,131,152,175,158,146,143,142,141,141,147,149,144,142,145,148,153,152,152
159,161,164,166,163,162,158,153,152,155,154,152,148,148,148,149,153,153,159,164,167,165,167,171,174,170,176,186,193,182,149,152,157,176,190,193,193,190,189,185,181,179,177,173,180,178,171,170,175,178,188,217,196,164,153,140,180,207,207,198,191,189,174,109,42,48,70,70,77,127,132,151,122,87,89,123,86,66,101,89,73,88,62,86,74,64,38,76,89,57,64,104,45,50,59,48,68,68,60,58,75,63,70,55,80,53,41,47,62,70,88,99,65,96,106,91,92,86,109,101,81,87,78,54,39,68,53,51,51,72,156,185,187,186,187,191,192,194,191,183,153,160,158,153,151,157,168,181,178,174,167,163,155,144,134,139,151,165,172,172,171,174,180,180,176,171,166,164,164,160,156,154,154,150,147,143,140,138,132,124,119,121,129,150,174,163,148,145,142,141,143,146,148,144,142,144,149,154,153,153
159,160,163,162,160,157,154,152,152,152,153,151,149,149,147,148,152,155,160,161,165,164,167,170,174,171,175,185,191,165,148,154,161,175,193,193,194,193,192,185,180,178,175,174,179,177,171,168,175,180,189,214,198,169,154,146,156,198,208,204,195,188,186,170,84,38,49,67,67,86,132,132,142,89,106,95,73,79,75,108,84,70,63,78,70,82,63,80,80,51,57,106,44,52,64,72,66,66,77,43,56,58,78,44,77,46,49,55,78,75,68,91,89,83,82,110,125,101,82,89,94,80,66,58,64,72,53,52,83,161,183,186,189,190,192,194,194,193,191,158,160,161,156,154,150,157,171,181,180,174,167,162,155,141,135,141,153,168,173,174,174,177,180,177,172,169,167,165,164,160,156,155,154,151,148,143,141,139,133,123,118,120,127,145,171,166,153,145,145,144,145,146,147,144,142,144,149,153,153,154
157,162,160,159,156,152,152,151,151,152,155,150,149,150,147,150,154,156,159,159,161,163,167,169,172,172,177,189,189,152,150,152,163,176,193,195,195,194,193,185,180,174,174,178,179,178,169,166,173,181,192,212,201,171,158,157,142,177,206,206,205,195,186,183,160,68,43,50,67,80,123,120,134,114,104,107,92,104,88,120,84,72,82,76,74,74,67,58,77,47,60,80,57,38,54,62,47,76,79,58,40,64,73,37,68,65,66,51,96,81,90,83,98,101,85,100,86,80,59,81,81,76,55,53,53,53,50,98,169,182,185,192,193,192,195,196,194,192,171,155,166,160,155,153,150,160,171,179,180,177,166,161,153,139,136,142,154,166,174,178,179,182,181,176,170,168,166,165,163,158,155,154,153,152,148,144,142,141,134,123,119,120,125,142,168,174,155,147,147,147,148,148,147,144,142,143,150,154,154,154
158,160,158,153,151,151,151,151,152,153,154,149,146,148,149,150,153,156,157,158,160,162,165,170,172,173,178,190,181,148,150,155,165,174,192,194,197,195,194,182,182,172,174,180,180,176,166,165,173,179,187,212,204,172,158,158,153,151,191,205,206,205,194,188,181,154,63,35,50,79,81,118,102,125,130,95,77,112,114,86,62,77,77,83,94,63,63,57,72,56,62,56,57,41,55,62,49,55,101,72,36,56,79,37,82,63,92,78,86,113,103,103,89,123,101,115,105,98,102,78,79,50,52,53,53,53,125,177,188,188,189,193,195,196,197,195,191,176,159,168,165,158,154,149,152,163,173,179,184,175,169,160,152,139,138,143,155,168,177,180,182,182,180,174,170,167,165,164,161,158,156,154,152,151,149,146,143,142,133,125,119,119,126,140,163,176,161,153,149,149,149,148,147,144,143,144,150,154,154,155
159,160,155,152,150,151,152,152,153,154,152,149,147,148,149,151,152,153,155,155,157,160,164,168,172,177,180,190,173,148,151,154,166,174,192,193,198,195,194,184,177,173,177,182,179,177,165,163,172,179,194,210,206,173,159,159,155,144,161,199,208,209,201,193,193,183,156,58,36,55,62,82,73,111,120,97,115,78,136,94,85,86,74,89,107,82,82,69,52,71,48,65,72,55,75,58,66,59,63,85,52,68,73,56,59,55,62,75,115,109,111,88,122,123,108,93,110,111,104,62,51,53,54,51,79,155,187,189,190,190,191,196,198,197,194,191,174,157,170,168,164,158,151,145,152,162,174,182,184,173,166,158,149,140,138,144,155,168,177,183,183,184,179,173,168,166,164,163,160,156,155,154,152,151,149,148,145,143,134,125,121,120,123,138,159,177,166,155,149,149,150,148,146,144,143,145,152,155,155,157
160,157,153,152,150,150,152,152,154,154,152,150,148,147,150,153,152,152,152,154,156,159,163,169,171,172,182,191,167,148,150,153,164,173,189,195,197,197,194,185,176,172,175,184,180,177,164,163,171,177,195,210,207,174,162,160,160,153,147,175,205,210,207,197,193,189,182,154,56,36,44,60,50,80,80,119,139,150,132,120,77,73,89,62,83,97,80,80,59,90,76,46,62,80,101,61,57,60,49,76,54,81,72,53,66,85,95,112,70,129,64,106,147,130,92,87,102,48,54,66,56,55,58,119,180,189,189,189,190,192,194,199,198,196,194,172,158,170,173,167,165,156,147,146,154,164,176,187,184,173,162,157,146,139,139,144,156,169,177,185,185,185,179,172,166,164,163,161,159,155,155,154,151,151,149,148,147,145,137,128,121,121,123,137,156,177,171,159,152,150,150,148,147,143,141,144,151,154,155,158
157,155,152,151,151,152,150,153,152,154,151,151,146,148,150,154,152,154,151,154,158,158,161,169,171,172,186,185,154,148,150,154,162,171,187,196,198,196,191,185,179,173,172,179,181,174,164,164,169,176,193,211,211,175,169,164,160,153,151,153,182,207,212,207,196,193,189,186,164,67,34,40,50,61,57,68,104,129,139,133,102,72,77,60,57,56,53,60,100,81,58,63,67,46,86,57,39,57,74,76,83,74,70,36,64,100,102,72,113,93,82,115,125,111,62,100,62,52,55,58,55,89,162,187,191,190,191,193,193,197,196,201,196,194,173,160,175,174,168,163,163,151,146,147,155,167,180,186,181,169,164,155,144,139,140,145,157,169,181,186,186,184,175,170,164,164,163,161,157,155,154,154,153,153,151,150,147,145,138,129,122,121,124,137,154,176,173,160,152,152,150,148,148,143,141,144,150,154,156,159
154,153,151,152,152,152,151,151,152,151,150,149,147,149,151,152,152,153,152,155,156,158,161,167,171,174,190,178,153,149,151,154,163,171,185,196,197,196,189,184,180,173,173,177,181,170,165,166,169,176,193,213,210,181,172,170,163,154,154,149,162,188,210,213,205,200,197,192,191,175,92,33,35,43,50,54,79,101,122,133,116,77,57,89,54,55,48,77,99,64,59,47,54,43,63,48,46,80,77,56,31,41,82,69,91,96,115,71,85,103,120,122,98,92,43,96,57,56,52,81,144,183,190,187,191,192,194,195,199,196,200,199,195,173,158,177,176,172,168,164,159,148,144,150,160,175,183,185,180,168,162,153,143,140,141,146,156,170,182,189,189,184,174,169,164,164,162,160,158,155,154,154,153,153,151,150,148,146,141,129,122,122,123,135,152,173,176,162,152,152,149,149,149,142,141,144,150,155,158,159
154,153,154,152,151,151,153,152,151,151,150,148,150,150,151,154,151,152,153,155,156,159,162,167,170,180,193,170,152,148,152,156,163,172,185,197,196,193,188,183,182,177,175,176,180,170,166,166,169,176,194,212,212,183,173,170,167,159,157,159,149,172,194,211,211,207,204,199,198,196,189,138,53,34,39,45,66,85,80,77,102,77,92,101,117,100,81,90,95,92,75,34,62,48,63,49,52,59,69,50,51,81,57,104,124,103,127,94,97,109,101,88,79,79,62,48,66,69,129,176,192,192,190,190,192,197,196,198,199,198,199,192,171,162,179,178,176,170,164,162,159,145,147,159,168,180,186,186,183,171,161,151,141,141,142,148,158,171,185,192,190,183,175,167,164,163,162,160,158,156,155,155,153,151,152,153,149,149,142,132,123,122,123,133,150,171,180,167,154,153,149,149,149,143,141,145,150,155,159,160
154,154,154,153,153,152,154,151,152,151,150,149,152,149,149,152,153,152,153,154,156,161,164,167,172,182,190,162,153,150,153,155,163,171,186,198,197,192,187,182,182,178,177,174,177,171,165,167,171,176,193,214,212,190,176,173,168,163,158,163,167,153,177,199,210,212,207,204,202,198,197,199,174,94,33,33,51,56,55,59,62,80,102,107,126,98,88,90,94,74,101,60,89,80,94,73,58,61,78,81,73,53,91,96,124,116,99,57,89,64,89,90,63,67,45,64,130,171,186,189,194,193,192,193,198,198,199,201,203,195,192,166,168,183,181,180,178,171,162,159,154,143,150,161,171,179,184,186,183,172,161,149,141,141,143,150,159,172,186,193,188,180,172,166,164,164,161,159,157,156,155,155,153,152,154,154,152,150,144,133,125,122,122,130,148,168,183,173,160,155,150,150,148,143,142,144,148,155,158,161
155,154,154,154,154,154,153,151,152,151,151,150,151,152,150,152,151,153,153,155,158,160,166,168,172,187,182,156,150,151,152,157,164,171,186,198,201,191,184,178,182,176,177,178,175,169,166,169,173,176,192,213,217,194,179,176,171,166,159,159,168,167,155,181,207,213,212,207,204,200,198,199,200,194,160,76,31,54,39,43,42,39,44,43,77,97,103,110,78,95,71,93,103,83,90,115,99,62,57,57,64,89,92,66,67,68,88,53,56,85,90,51,39,78,132,174,184,190,194,190,191,192,192,197,200,200,202,199,196,184,159,169,186,179,179,177,175,166,163,160,148,146,154,162,171,180,184,185,179,171,161,149,140,142,145,150,159,173,187,191,187,178,170,166,164,164,161,159,157,156,154,154,153,153,154,153,153,152,145,134,125,122,122,129,146,163,182,175,162,156,152,152,147,145,143,145,149,156,158,162
154,154,155,154,154,154,152,151,152,152,151,152,151,152,152,152,152,152,153,155,157,160,166,168,175,193,174,154,149,150,154,158,164,172,186,201,201,192,186,178,180,172,175,179,173,168,165,166,174,178,191,212,216,196,180,175,171,164,163,159,165,174,170,157,187,211,216,214,211,208,204,201,200,200,202,191,161,101,45,30,35,40,44,44,43,44,68,89,85,94,80,92,84,81,114,111,91,60,58,72,78,95,85,77,83,90,77,61,48,66,67,103,155,180,189,189,192,193,191,193,193,194,196,197,202,202,201,197,180,155,176,191,181,178,178,175,169,163,161,155,147,149,155,165,172,181,186,187,180,171,158,147,141,143,146,153,163,179,190,191,186,175,169,167,166,164,160,158,157,155,154,154,153,153,153,153,153,153,146,137,126,123,123,128,143,160,181,176,164,156,153,151,149,144,142,144,149,155,159,163
154,155,157,155,154,154,152,150,151,153,153,152,153,152,154,153,152,153,153,156,157,161,166,170,177,195,168,154,152,150,154,158,163,169,184,197,199,194,188,178,174,171,174,180,174,166,165,167,175,179,192,214,215,205,183,175,171,163,164,163,163,171,177,173,158,192,213,214,215,213,208,207,206,207,206,206,205,204,186,130,76,31,28,33,34,39,52,42,58,73,81,49,73,77,103,97,91,73,78,104,61,58,60,80,76,75,66,73,109,154,178,189,192,190,191,192,194,194,195,193,194,197,200,200,201,199,196,170,160,184,191,187,176,179,178,173,165,163,158,153,148,151,160,166,174,183,187,187,181,169,160,151,141,142,147,156,165,181,193,193,186,177,171,168,166,163,160,157,157,157,155,154,153,154,154,153,153,152,148,139,129,123,123,127,141,156,177,177,166,156,154,151,149,142,141,143,150,153,159,163
154,155,156,155,155,155,153,152,152,152,153,153,152,152,153,152,151,152,154,157,159,161,167,171,183,188,163,153,151,150,154,158,163,169,184,199,199,191,187,183,172,168,170,177,174,169,166,167,176,181,195,214,214,203,187,175,172,164,164,164,167,171,177,179,176,162,191,211,216,216,210,211,210,208,207,205,206,205,210,211,202,170,110,62,30,24,42,41,55,59,31,28,47,44,55,85,72,62,83,75,30,56,80,102,110,148,171,186,191,192,195,193,193,193,193,195,196,199,199,195,198,200,201,200,199,188,160,168,190,195,191,183,177,181,178,171,167,161,157,151,151,153,163,167,178,185,190,187,180,170,160,150,140,143,148,156,166,182,193,193,187,176,171,169,167,164,160,159,157,157,155,154,154,155,154,153,154,152,148,139,129,122,122,127,140,155,174,180,169,160,153,151,148,142,142,144,150,154,159,164
155,155,156,155,156,155,154,153,152,153,153,152,152,151,153,153,152,153,154,157,160,162,166,173,189,177,159,154,148,151,155,159,167,170,187,199,197,193,188,179,172,166,165,174,170,165,165,168,174,182,195,214,213,198,188,174,171,165,165,164,166,168,174,181,184,182,158,183,212,216,215,213,212,210,213,206,206,208,211,214,213,214,211,203,181,141,116,81,61,52,42,43,49,51,60,100,85,109,113,139,158,172,192,189,195,197,197,197,196,196,196,197,196,196,198,199,200,202,202,199,199,202,202,194,177,159,182,192,196,193,185,180,181,179,171,166,164,160,158,153,151,154,162,168,182,187,192,186,179,169,158,148,141,146,151,158,169,184,193,192,183,172,169,168,168,164,159,158,157,156,153,154,156,155,154,153,153,151,149,143,132,125,124,127,139,154,173,180,172,164,155,150,145,142,141,143,149,154,159,165
157,158,157,156,157,155,154,154,154,153,153,154,151,152,150,151,151,153,155,157,161,164,169,176,191,171,153,153,149,153,155,159,167,170,186,197,199,193,189,180,170,162,164,172,172,166,166,168,174,182,195,215,213,197,184,175,173,167,164,166,169,169,173,179,184,190,185,164,175,210,215,216,215,211,211,212,212,208,213,216,213,213,214,215,216,213,211,203,192,191,183,179,184,183,183,190,200,187,187,194,194,193,201,199,202,198,199,199,199,199,199,201,197,201,201,201,202,202,204,203,200,196,176,159,171,190,196,194,191,184,180,177,178,177,169,165,163,159,158,152,152,156,164,171,181,187,192,187,179,167,157,148,143,148,153,163,172,187,195,192,180,171,170,167,166,163,160,159,157,157,153,155,157,156,155,154,154,153,150,144,134,125,124,128,139,153,171,183,175,166,157,152,146,143,141,143,149,153,159,167
160,159,158,156,156,155,154,154,155,155,154,153,154,153,151,151,153,153,156,157,162,165,171,182,189,162,151,151,149,152,155,159,166,169,184,199,199,191,189,181,172,162,162,167,169,166,164,166,174,184,196,216,214,196,183,178,171,166,164,167,168,170,175,179,182,187,191,185,171,167,197,214,213,216,217,214,213,214,215,213,216,214,215,215,218,216,219,210,206,211,200,199,205,199,199,201,204,200,194,199,196,203,199,204,198,197,200,199,201,198,201,201,204,198,202,202,202,202,203,200,178,162,163,183,194,198,196,190,186,180,176,174,174,174,167,162,162,160,159,155,153,158,164,176,184,189,191,187,177,167,156,149,143,149,158,167,174,190,197,190,180,172,170,168,167,163,160,157,157,154,154,157,159,160,159,155,156,155,153,148,136,127,124,128,138,153,168,183,176,167,158,155,149,145,142,143,147,152,159,165
159,159,159,157,156,155,155,155,155,156,155,155,155,154,152,153,153,154,154,159,162,168,172,188,185,161,151,150,149,154,155,161,167,170,184,198,197,191,187,183,171,162,160,165,168,166,165,168,176,184,197,215,214,196,182,177,171,167,165,166,170,168,175,179,183,187,198,198,187,188,163,177,206,213,215,218,217,214,218,215,217,218,218,215,215,215,219,210,207,211,204,200,204,199,203,204,204,200,198,197,204,203,202,204,201,204,203,202,197,203,202,204,201,202,199,202,200,198,180,160,163,182,190,197,199,197,193,185,181,178,174,171,172,170,165,162,162,161,158,157,156,161,168,178,185,191,191,185,176,166,156,149,143,151,160,167,176,192,198,189,180,174,170,169,165,161,159,158,156,154,156,160,163,163,160,156,156,156,152,148,138,128,125,130,142,154,167,184,177,167,161,154,148,145,142,143,147,153,159,166
157,158,158,157,157,157,155,155,155,155,155,155,155,152,153,153,154,154,156,160,164,168,174,192,175,155,152,151,149,154,156,161,166,169,186,200,197,191,185,181,172,161,160,165,168,165,166,170,174,184,198,214,213,196,184,176,170,166,165,164,168,168,171,176,179,185,198,200,191,199,187,177,163,181,204,217,219,220,219,220,218,217,222,220,218,214,219,215,209,208,208,200,204,199,205,206,205,205,201,202,210,205,208,203,211,204,207,202,205,200,204,201,204,199,199,187,174,161,167,186,196,195,197,200,199,195,187,183,178,177,173,171,174,168,166,166,166,163,158,157,161,165,169,180,186,191,186,181,174,164,157,148,143,153,161,168,176,191,197,188,180,174,170,168,164,161,159,157,153,155,158,162,164,162,159,156,156,156,153,149,139,128,126,129,141,154,167,185,180,171,163,157,151,146,142,143,147,151,159,168
157,157,157,158,156,156,156,156,156,155,156,156,155,152,154,153,154,156,158,160,165,170,179,194,165,155,153,151,150,155,157,162,166,172,185,199,199,191,183,176,172,162,162,162,168,166,166,170,172,183,200,212,214,196,184,177,171,169,167,166,166,170,171,179,180,182,194,204,202,204,194,192,184,179,171,184,209,217,219,220,217,216,218,220,221,214,216,220,207,209,210,204,209,205,209,210,205,212,201,208,209,207,206,205,206,206,204,205,201,206,202,202,187,178,162,164,172,180,187,198,199,200,199,195,195,189,181,176,175,173,173,173,173,170,168,170,167,161,159,160,165,170,172,183,191,192,187,177,170,164,156,144,143,155,163,170,183,193,194,188,179,174,171,168,163,161,159,155,153,154,160,167,165,164,158,157,156,158,157,150,140,129,126,130,140,152,165,185,183,173,165,158,152,147,142,145,147,153,159,167
156,157,158,158,156,156,157,156,158,156,156,155,153,154,156,153,156,155,158,163,169,173,186,188,162,154,152,152,150,154,158,163,166,172,184,198,199,192,180,174,166,161,160,162,164,166,166,170,174,183,200,213,212,196,183,178,174,171,167,165,170,170,172,176,177,177,190,200,206,206,196,192,184,195,198,197,175,176,191,211,213,219,215,219,220,215,212,217,207,212,210,207,214,207,209,208,205,211,204,211,206,211,203,210,201,209,200,202,191,184,170,165,168,172,179,183,185,190,194,199,200,198,195,188,183,180,173,172,171,168,170,171,170,168,169,169,166,164,164,162,165,171,177,183,190,193,190,180,173,166,156,149,147,158,166,173,184,195,195,188,179,174,170,167,162,161,159,155,154,156,161,168,166,163,160,157,157,159,158,152,143,132,127,131,140,154,164,185,184,174,165,159,152,147,144,146,148,153,159,167
159,159,159,158,158,158,157,157,157,156,155,155,154,154,154,154,157,158,158,163,171,174,190,180,160,152,152,151,152,155,162,164,168,171,184,195,198,194,183,171,168,164,159,163,166,165,166,171,176,183,198,213,212,196,184,178,176,169,166,164,167,171,173,177,180,181,189,198,207,206,202,193,182,186,193,210,210,204,184,176,174,186,196,204,212,209,207,215,205,214,212,207,209,205,213,204,207,207,205,209,203,202,197,186,184,173,170,163,165,169,177,178,181,179,183,190,191,196,200,199,196,194,189,184,179,176,171,171,169,171,170,170,166,167,170,169,168,166,163,163,164,174,181,183,191,193,185,176,172,162,157,147,147,162,169,173,186,198,196,187,176,173,170,166,164,162,159,155,155,158,163,168,166,163,159,157,158,159,160,155,145,136,127,131,141,154,165,184,186,177,168,160,154,147,146,145,147,152,160,167
159,161,159,158,158,157,158,157,156,155,154,154,154,154,155,156,157,160,161,163,170,177,193,175,155,151,150,150,151,154,161,164,167,172,183,196,197,192,182,171,167,161,160,162,165,166,167,172,174,182,197,214,208,192,185,177,174,172,170,164,165,170,172,175,178,180,183,194,200,208,202,195,184,182,185,207,216,219,211,205,196,185,175,170,172,169,171,180,179,190,185,188,187,186,189,182,183,177,181,171,167,161,165,161,166,175,184,185,184,184,185,186,189,187,189,193,191,196,202,202,198,191,186,181,176,176,173,170,168,173,172,171,168,170,172,171,167,164,162,164,171,177,185,187,193,193,182,178,171,164,158,150,150,164,169,174,186,199,198,186,176,173,169,165,164,161,157,154,156,160,165,167,165,162,159,159,159,160,162,157,146,137,129,131,141,154,164,183,185,178,170,162,157,148,146,146,148,154,159,165
157,158,160,158,158,159,159,158,157,156,159,155,156,155,155,156,158,159,161,166,172,184,192,169,154,152,150,153,153,155,162,167,169,172,184,196,198,190,176,169,163,161,161,161,165,166,169,171,174,183,198,212,206,194,183,180,174,172,169,167,166,168,171,175,179,178,179,187,198,207,204,195,186,183,179,190,213,219,222,219,218,211,212,210,203,197,192,188,178,177,177,176,173,172,174,173,174,177,179,176,179,190,193,196,194,194,196,194,193,190,186,185,185,186,191,196,197,200,203,199,193,186,182,177,174,176,173,171,171,173,173,171,173,174,170,170,169,163,167,169,176,179,183,185,193,191,182,178,171,166,160,151,153,168,171,174,188,198,196,185,177,170,168,165,164,161,158,155,159,163,165,165,164,162,160,160,160,160,163,158,148,137,129,132,143,155,164,182,185,178,171,165,157,150,146,147,148,154,159,164
158,159,159,159,159,159,159,157,158,158,157,158,157,155,157,158,158,159,162,167,172,192,185,165,155,154,151,152,153,157,163,168,170,172,185,196,201,193,177,169,164,162,161,163,165,166,169,172,175,182,200,213,205,192,178,176,173,173,172,167,167,169,168,171,176,179,179,182,195,204,204,196,186,184,180,186,201,213,222,221,219,220,219,217,215,213,209,210,208,207,206,205,201,196,196,197,197,194,200,201,199,201,201,207,206,203,197,195,192,194,188,186,186,190,196,199,200,201,198,190,187,183,177,175,173,174,169,170,170,173,174,172,174,176,174,174,169,167,171,175,178,180,181,184,192,189,178,176,170,163,159,152,155,171,175,179,191,200,196,186,177,170,169,166,165,161,158,156,161,165,163,164,164,163,160,160,160,160,162,159,150,138,130,133,144,153,166,181,185,180,173,168,160,153,147,147,149,154,159,164
160,161,158,158,160,159,160,158,157,158,159,160,158,158,158,159,161,160,164,169,178,194,179,164,153,153,152,153,154,157,162,166,169,172,181,196,201,191,175,166,163,160,160,162,163,166,169,174,179,183,201,212,201,186,176,174,174,173,172,171,167,169,169,170,176,179,181,187,190,199,202,197,184,182,179,182,191,203,216,223,222,222,220,217,214,216,211,210,210,206,207,206,205,206,201,203,202,200,201,201,203,205,202,204,201,197,195,192,193,193,191,188,188,191,197,199,198,197,198,194,185,180,178,178,177,173,173,171,172,173,179,176,176,174,174,172,170,170,173,177,179,180,183,190,194,185,177,172,170,165,160,152,157,171,176,182,193,201,195,185,175,171,169,166,166,164,160,161,164,165,164,165,166,164,159,159,160,159,160,160,153,140,132,135,143,155,168,179,186,181,176,169,162,154,149,148,150,154,158,164
158,159,158,160,162,161,162,158,159,158,158,160,158,158,160,159,161,162,165,171,181,193,169,159,153,153,152,152,154,158,163,167,169,170,181,197,201,191,177,164,162,161,161,162,163,165,169,174,179,182,201,212,202,188,176,175,175,173,172,172,172,170,170,172,175,176,181,181,186,198,205,198,185,179,176,176,184,194,207,218,222,222,222,217,217,219,215,213,208,207,204,204,201,204,205,206,204,202,202,202,203,204,198,199,196,189,190,192,195,194,193,191,193,195,201,201,199,197,196,186,181,178,180,180,181,179,178,177,180,182,177,176,176,175,175,175,174,175,177,180,179,181,186,194,193,184,175,172,171,167,162,153,161,171,177,184,196,201,195,184,175,169,168,166,165,164,162,163,165,165,164,167,167,165,160,160,161,160,160,161,157,143,135,135,143,155,168,180,187,181,177,172,163,156,150,149,151,155,159,163
158,161,158,160,160,160,160,159,159,159,158,160,159,160,162,159,162,164,168,174,188,185,167,157,152,155,153,152,154,159,163,166,168,171,181,197,201,188,175,162,163,161,162,161,163,165,171,175,179,184,201,211,200,184,177,176,176,173,172,172,170,171,171,173,174,177,180,184,188,200,204,200,192,183,179,177,179,189,202,213,218,220,223,220,221,220,217,214,211,209,207,208,205,207,206,204,205,203,202,200,197,198,193,193,195,198,191,193,196,193,192,190,194,200,203,201,198,194,191,182,179,180,182,183,182,179,179,182,184,182,178,176,175,176,175,173,173,176,178,178,180,182,191,196,192,182,175,173,172,169,161,156,163,173,177,184,197,200,194,183,174,168,167,167,167,165,162,164,165,164,164,168,167,166,162,163,161,160,160,163,160,146,137,135,142,156,168,176,187,186,179,170,163,154,149,149,152,157,160,164
159,161,161,161,161,160,158,160,159,160,160,159,161,161,162,161,164,165,166,174,197,178,162,156,154,153,153,153,158,163,163,165,171,177,182,199,202,190,171,162,161,159,160,159,161,166,170,175,179,185,202,211,201,186,176,176,175,176,172,172,171,174,172,171,179,178,184,184,190,201,204,201,196,188,183,182,181,184,189,201,212,215,221,219,219,219,221,215,214,213,209,209,210,209,203,204,205,205,206,201,195,195,197,194,196,197,198,197,193,195,194,192,196,199,203,198,197,193,189,183,181,182,185,184,184,182,184,185,186,179,176,176,178,179,179,176,175,177,180,181,182,185,192,196,191,182,173,173,172,170,166,159,167,175,179,185,199,201,192,183,175,169,168,166,168,166,165,163,164,164,165,167,167,165,162,164,161,160,162,164,162,150,140,137,144,156,166,174,185,186,180,171,163,156,151,150,153,158,161,165
160,160,160,161,160,162,163,160,160,161,161,160,162,162,163,165,165,167,169,182,197,176,159,156,153,154,154,156,159,160,163,167,172,179,183,199,204,190,171,164,161,162,162,159,164,167,170,175,177,183,200,209,198,185,177,174,175,177,175,171,173,171,172,172,178,176,186,189,191,194,204,202,196,188,183,183,182,183,188,192,204,209,214,218,219,215,217,214,213,213,212,209,208,202,204,204,202,200,198,196,197,199,199,198,201,201,200,192,193,198,198,199,202,203,201,199,195,191,189,187,184,184,182,176,180,184,186,187,185,183,181,179,180,181,179,178,179,177,177,181,182,186,194,196,190,180,173,174,174,171,168,159,171,178,182,186,198,197,187,180,175,169,168,168,168,166,165,164,165,164,165,167,166,165,165,165,159,160,161,163,164,153,141,138,146,156,167,174,184,187,179,170,163,156,153,151,154,159,161,164
159,160,160,159,160,160,161,161,162,162,162,163,162,163,164,166,167,168,169,190,192,166,156,155,156,153,155,157,161,165,168,168,173,177,184,199,202,189,168,161,160,162,163,163,165,167,172,174,177,185,202,209,194,182,177,174,176,174,176,174,172,173,172,172,176,177,182,186,185,191,197,202,197,193,184,184,182,182,190,192,202,205,208,216,218,214,213,216,215,214,212,207,208,208,206,203,203,202,199,195,197,195,195,191,193,199,201,197,198,199,201,202,200,202,197,197,190,185,187,186,185,183,181,180,182,183,186,186,184,184,182,182,181,181,181,180,181,180,184,183,185,188,197,197,189,181,175,178,175,172,168,161,174,180,184,190,201,199,188,181,176,171,169,169,171,168,169,167,167,167,167,168,168,168,167,166,160,161,162,164,165,157,141,140,145,156,166,174,183,189,181,170,163,156,152,152,155,158,161,164
