199,199,200,200,200,200,200,200,201,201,201,201,201,201,202,202,202,202,202,203,203,203,203,203,204,204,204,204,205,205,204,204,204,204,205,205,205,206,206,206,206,206,206,206,207,207,207,207,207,207,207,207,208,208,208,207,207,207,207,207,207,207,207,207,207,206,206,206,206,206,206,206,205,205,205,204,204,203,203,203,203,203,203,203,202,202,202,202,202,201,201,201,201,201,201,201,201,200,200,200,200,200,200,200,200,200,201,201,201,201,201,201,201,201,201,202,202,203,203,203,203,203,204,204,204,204,204,204,205,205,206,206,206,206,206,206,206,206,207,207,208,208,209,209,209,209,209,210,210,210,210,209,209,210,210,210,210,211,211,210,210,210,210,210,210,210,210,210,210,211,211,210,210,210,210,210,210,210,210,211,211,211,210,210,210,210,211,211,210,211,211,211,211,211,211,211,211,211,211,211
199,199,200,200,200,200,200,200,201,201,201,201,201,201,202,202,202,202,203,203,203,203,203,203,204,204,204,204,205,205,205,204,204,205,205,205,206,206,206,206,206,206,206,206,207,207,207,207,207,207,207,207,208,208,208,207,207,207,207,207,207,207,207,207,207,206,206,206,206,206,206,206,205,205,204,204,204,203,203,203,203,203,203,202,202,202,202,202,201,201,201,201,201,201,201,201,201,200,200,200,200,200,200,200,200,200,200,201,201,201,201,200,201,201,201,201,202,203,202,202,203,203,203,204,204,204,204,204,205,205,206,206,206,206,206,206,206,206,207,207,208,208,209,209,209,209,209,210,210,210,210,209,209,210,210,210,210,211,210,210,210,210,210,210,210,210,210,210,210,211,211,211,210,210,210,210,210,210,211,211,211,211,211,210,210,211,211,211,211,211,211,211,211,211,211,211,211,211,211,211
200,200,200,200,200,200,200,200,201,201,201,201,201,202,202,202,203,203,203,203,203,203,203,204,204,204,204,204,205,205,205,204,204,205,205,205,206,206,206,206,206,206,206,206,207,207,207,207,207,207,208,208,208,208,208,207,207,207,207,207,207,207,207,207,207,206,206,206,206,206,206,205,205,204,204,204,203,203,203,203,203,203,202,202,202,202,202,201,201,201,201,200,200,200,200,200,200,200,200,200,200,200,200,200,200,200,200,200,200,200,200,200,200,201,201,201,202,202,202,202,203,203,203,203,204,204,204,204,204,205,205,206,206,206,206,206,206,206,207,207,208,208,209,209,209,209,209,210,210,210,210,210,210,210,210,210,210,210,210,210,210,210,210,210,211,211,210,211,211,211,211,211,211,211,211,211,211,211,211,211,211,211,211,211,211,211,211,211,211,211,211,211,211,211,211,211,211,211,211,211
200,200,200,200,200,200,200,200,201,201,201,201,201,201,202,202,203,203,203,203,203,204,204,204,204,204,204,204,205,205,205,205,205,205,205,206,206,206,206,206,206,206,206,206,207,207,207,207,207,207,208,208,208,208,208,208,208,207,207,207,207,207,207,207,207,206,206,206,206,205,205,205,205,204,203,203,203,203,203,202,202,202,202,202,202,202,201,201,201,200,200,200,200,199,199,199,200,199,199,199,199,199,199,199,199,199,200,200,200,200,200,200,200,200,201,201,201,202,202,202,202,203,203,203,203,204,204,204,204,204,205,205,205,206,206,206,206,206,207,207,208,208,209,209,209,209,210,210,210,210,210,210,210,210,210,210,210,210,210,210,211,211,211,211,211,211,211,211,211,211,211,211,211,211,211,211,211,211,211,211,211,211,211,211,211,211,211,211,211,211,211,211,211,211,211,211,211,211,211,211
200,200,200,199,199,200,200,200,201,201,201,201,201,201,202,202,203,203,203,203,203,203,204,204,204,205,205,205,205,205,205,205,205,205,205,206,206,206,206,206,206,206,206,206,207,207,207,207,207,207,208,208,208,208,208,208,208,208,207,207,207,207,207,207,207,206,206,206,205,205,205,205,204,204,203,203,203,203,202,202,202,202,202,202,202,201,201,201,200,200,200,199,199,199,199,199,199,199,199,199,199,199,199,199,199,199,199,199,200,200,200,200,200,200,200,200,201,201,202,202,202,203,203,203,203,203,204,204,204,204,205,205,205,205,206,206,206,206,207,207,208,208,209,209,209,209,210,210,210,210,210,210,210,210,210,210,211,211,211,211,211,211,211,211,211,211,211,211,211,211,211,211,211,211,211,211,211,211,211,211,211,212,212,211,211,211,211,211,211,211,211,211,211,211,211,211,211,211,211,211
200,200,199,199,200,199,200,200,200,201,201,201,201,202,202,202,203,203,203,203,203,203,204,204,205,205,205,205,205,205,205,205,205,205,205,206,206,206,206,206,206,206,207,207,207,207,207,207,207,207,208,208,208,208,208,208,208,208,207,207,207,207,207,207,207,206,206,205,205,205,205,204,204,204,203,203,203,203,202,202,202,201,201,201,201,201,201,200,200,199,199,199,199,199,199,199,199,198,198,198,198,198,198,198,198,198,198,199,199,199,199,199,200,200,200,200,200,201,201,202,202,202,202,202,203,203,203,203,204,204,205,205,205,205,206,206,206,206,207,207,208,208,209,209,209,210,210,210,210,210,210,210,210,210,211,211,211,211,211,211,211,211,211,211,211,211,211,211,211,211,211,211,211,211,211,211,211,211,211,211,212,212,212,212,212,212,212,212,212,212,212,211,211,211,211,211,211,211,211,211
200,199,199,199,200,200,200,200,200,200,201,201,201,202,202,202,203,203,203,203,203,203,204,204,205,205,205,205,205,205,205,205,205,206,206,206,206,206,206,206,206,207,207,207,207,207,207,207,208,208,208,208,208,208,208,208,208,208,208,208,208,208,207,207,206,206,205,205,205,205,204,204,204,204,203,203,203,202,202,201,201,201,201,201,201,201,200,200,199,199,199,199,198,198,198,198,198,197,197,197,197,197,197,197,197,197,197,198,198,198,199,199,199,199,199,200,200,201,201,202,202,202,202,202,202,202,203,203,203,204,205,205,205,205,206,206,206,206,207,207,208,208,209,209,209,210,210,210,210,210,210,210,210,211,211,211,211,211,211,211,211,212,212,212,211,211,211,211,211,211,211,211,211,211,211,211,211,212,211,212,212,212,212,212,212,212,212,212,212,212,212,212,211,211,211,211,211,212,212,212
200,199,199,199,200,200,200,200,200,200,200,201,201,202,202,203,203,203,203,203,203,204,204,204,205,205,205,205,205,205,205,206,206,206,206,206,206,206,206,206,207,207,207,207,207,207,207,208,208,208,208,208,208,208,208,208,208,208,208,208,208,208,207,207,206,206,205,205,205,205,204,204,204,204,203,203,203,202,202,201,201,201,201,201,201,200,200,199,199,199,199,198,198,197,196,195,194,193,191,190,190,190,189,189,190,190,192,194,196,197,198,198,199,199,199,199,200,200,201,201,201,201,201,201,202,202,202,203,203,204,204,205,205,205,205,206,206,206,206,207,207,208,209,209,209,210,210,210,211,211,211,210,210,211,211,211,211,211,211,211,211,212,212,212,211,211,211,211,211,211,211,211,211,211,211,211,212,212,211,212,212,212,212,212,212,212,212,212,212,212,212,212,211,211,211,211,211,212,212,212
199,199,199,199,200,200,200,200,200,200,200,201,201,202,202,202,203,203,203,203,203,204,204,204,204,205,205,205,205,205,205,206,206,206,206,206,206,206,206,207,207,207,207,207,207,207,208,208,208,208,208,208,208,208,208,208,208,208,208,208,208,207,207,207,206,206,205,205,205,204,204,204,203,203,203,203,203,202,202,201,201,200,200,200,200,200,199,199,198,198,198,197,195,193,189,185,181,178,175,173,172,171,170,169,170,173,176,181,186,190,193,195,197,198,198,199,199,199,200,201,201,201,201,201,202,202,202,202,203,203,204,204,204,205,205,206,206,206,206,207,207,208,208,209,209,210,210,210,211,211,211,211,211,211,211,211,211,211,211,211,212,212,212,212,211,211,211,211,211,211,211,212,211,211,212,212,212,212,211,211,212,212,212,212,212,212,212,212,212,212,212,212,211,211,211,211,212,212,212,212
199,199,199,199,200,200,200,200,200,200,201,201,201,201,202,202,202,203,203,203,203,203,204,204,204,205,205,205,205,205,206,206,206,206,206,206,206,207,207,207,207,207,207,207,207,207,208,208,208,208,208,208,208,208,208,208,208,208,208,207,207,207,207,206,206,206,205,205,205,204,204,203,203,203,203,203,202,202,201,201,200,200,200,200,200,199,199,198,197,196,193,189,183,177,170,162,156,150,147,144,143,141,140,139,141,144,149,156,163,170,176,182,187,192,195,197,198,199,199,200,200,200,201,201,201,201,202,202,203,203,203,204,204,204,205,205,206,206,206,207,207,208,208,209,209,210,210,210,211,211,211,211,211,211,211,211,211,211,211,211,212,212,212,212,211,211,211,212,212,212,212,212,212,212,212,212,212,212,212,212,212,212,212,212,212,212,212,212,212,212,212,212,212,212,212,212,212,212,212,212
199,199,199,199,200,200,200,200,200,200,201,201,201,201,202,202,202,202,203,203,203,203,204,204,204,204,205,205,205,205,206,206,206,206,206,206,207,207,207,207,207,207,207,207,208,208,208,208,208,208,208,208,208,208,208,208,208,207,207,207,207,207,207,206,206,206,205,205,204,204,203,203,203,203,203,202,202,201,201,200,200,200,199,199,199,199,198,195,192,186,178,167,157,147,138,130,124,120,117,115,114,113,112,112,113,115,120,126,133,140,148,157,166,174,182,188,193,196,198,199,200,200,200,200,201,201,201,202,202,203,203,203,204,204,205,205,205,206,206,207,207,208,208,209,209,209,210,210,211,211,211,211,211,211,211,211,211,211,211,211,212,212,212,212,212,212,212,212,212,212,212,212,212,212,212,212,212,212,212,212,212,212,212,212,212,212,212,212,212,212,212,212,212,212,212,212,212,213,213,213
199,199,199,199,200,200,200,200,200,200,201,201,201,202,202,202,202,202,203,203,203,203,204,204,204,204,205,205,205,205,206,206,206,206,206,207,207,207,207,207,207,208,208,208,208,208,208,208,208,208,208,208,208,208,208,208,208,207,207,207,207,207,206,206,205,205,205,204,203,203,203,203,203,202,202,202,201,201,200,200,200,199,199,199,198,196,192,185,174,162,149,136,124,115,108,102,98,95,93,92,92,92,92,92,93,94,97,102,107,113,120,128,136,146,157,168,178,186,193,197,199,199,200,200,200,201,201,202,202,202,203,203,203,204,205,205,205,205,206,206,207,207,208,208,209,209,210,210,211,211,211,211,211,211,211,211,212,212,212,212,212,212,212,212,212,212,212,212,212,212,212,212,212,212,212,212,212,212,212,212,212,212,212,212,212,212,212,212,212,213,212,212,212,212,212,212,212,213,213,213
199,199,199,199,200,200,200,200,200,200,201,201,201,202,202,202,202,202,203,203,203,204,204,204,204,204,205,205,205,205,206,206,206,206,206,207,207,207,207,207,208,208,208,208,208,208,208,208,208,208,208,208,208,208,208,208,207,207,207,207,207,206,206,205,205,205,204,204,203,203,203,203,202,202,201,201,201,200,200,200,200,199,198,197,193,186,174,160,145,130,117,107,99,93,88,84,81,79,77,76,76,76,76,77,77,79,81,85,88,93,99,104,111,119,129,140,152,165,177,187,194,198,199,200,200,200,201,201,201,202,202,202,203,204,204,205,205,205,205,206,206,207,208,208,209,209,210,210,211,211,211,211,211,211,211,211,212,212,212,212,212,212,212,212,213,213,212,212,212,213,213,212,212,212,212,212,212,212,212,212,212,212,212,212,213,212,212,213,213,213,212,212,212,212,212,212,213,213,213,213
199,199,199,199,200,200,200,200,200,200,200,201,201,201,202,202,202,202,203,203,203,204,204,204,204,204,205,205,205,205,206,206,206,206,206,207,207,207,207,207,207,208,208,208,208,208,208,208,208,208,208,208,208,208,208,208,207,207,207,207,207,206,205,205,205,204,204,203,203,202,202,202,202,201,201,201,200,200,200,200,199,198,196,189,178,162,144,127,113,102,94,88,83,79,75,72,69,68,67,66,66,66,66,67,67,67,69,71,74,78,82,87,93,99,106,115,125,138,152,167,180,190,195,198,199,200,200,200,201,201,201,202,202,203,204,204,204,205,205,206,206,207,207,208,208,209,210,210,210,211,211,211,211,211,211,212,212,212,212,212,212,212,213,213,213,213,212,212,212,213,213,212,212,213,213,213,213,213,213,212,212,212,213,213,213,213,213,213,213,213,213,212,212,212,212,212,213,213,213,213
199,199,199,200,200,200,200,200,200,200,200,201,201,201,201,202,202,202,203,203,203,203,204,204,204,204,204,205,205,205,206,206,206,206,206,207,207,207,207,207,207,208,208,208,208,208,208,208,208,208,208,208,208,208,208,207,207,207,207,207,206,206,205,205,204,204,203,203,202,202,202,202,201,201,200,200,200,200,200,199,198,194,185,170,151,131,113,100,91,85,80,76,72,68,65,63,62,62,61,61,61,62,62,62,62,62,63,64,66,68,71,75,79,84,90,96,105,115,127,141,157,172,184,192,196,199,200,200,201,201,201,202,202,203,203,204,204,204,205,205,206,206,207,208,208,209,210,210,210,211,211,211,211,211,212,212,212,212,212,212,212,212,213,213,213,213,212,212,213,213,213,213,213,213,213,213,213,213,213,213,213,213,213,213,213,213,213,213,213,213,213,213,212,212,212,212,213,213,213,213
199,199,199,200,200,200,200,200,200,200,201,201,201,201,201,201,202,202,202,203,203,203,203,204,204,204,204,205,205,205,206,206,206,206,206,207,207,207,207,207,207,207,208,208,208,208,208,208,208,208,208,208,208,208,208,207,207,207,207,206,206,205,205,204,204,204,203,203,202,202,201,201,200,200,200,200,200,200,199,197,191,180,162,141,119,103,91,83,78,74,70,67,63,61,59,58,58,59,59,60,61,61,62,62,62,62,62,63,63,64,65,67,70,74,78,83,90,98,108,118,131,146,162,177,188,195,199,200,200,201,201,201,202,202,203,203,203,204,204,205,206,206,207,207,208,209,209,210,210,211,211,211,211,211,212,212,212,212,212,212,213,213,213,213,213,213,213,213,213,213,213,213,213,213,213,213,213,213,213,213,213,213,213,213,213,213,213,213,213,213,213,213,213,212,212,212,212,213,213,213
199,199,199,199,200,200,200,200,200,200,201,201,201,201,201,201,202,202,202,203,203,203,203,204,204,204,204,205,205,205,206,206,206,206,206,207,207,207,207,207,207,208,208,208,208,208,208,208,208,208,208,208,208,208,207,207,207,207,206,206,205,205,205,204,204,203,203,202,202,201,201,201,200,200,200,200,199,199,196,188,174,153,130,110,94,84,77,73,69,65,63,61,59,58,57,57,57,58,59,60,61,61,62,62,63,63,63,63,63,63,64,65,67,69,71,74,78,85,92,101,111,123,137,153,170,184,194,198,200,200,201,201,201,202,202,203,203,203,204,205,206,206,207,207,208,209,209,210,210,211,211,211,211,212,212,212,212,212,213,213,213,213,213,213,213,213,213,213,213,213,213,213,213,213,213,213,213,213,213,213,213,213,213,213,213,213,213,213,213,213,213,213,213,213,213,213,213,213,213,213
199,199,199,199,199,200,200,200,200,200,201,201,201,201,201,201,202,202,203,203,203,203,204,204,204,204,204,205,205,205,206,206,206,206,207,207,207,207,207,207,208,208,208,208,208,208,208,208,208,208,208,208,208,208,207,207,207,207,206,206,205,205,204,204,203,203,202,202,201,201,200,200,200,199,199,199,198,194,184,167,144,120,100,86,77,72,68,65,62,60,59,58,57,57,57,57,58,59,60,61,61,62,62,63,63,63,63,63,63,63,63,64,65,67,68,69,71,75,79,86,94,104,115,129,145,164,180,191,197,199,200,200,201,201,202,202,203,203,204,205,205,206,206,207,208,208,209,210,210,210,211,211,212,212,212,212,212,213,213,213,213,213,213,213,213,213,213,213,213,213,213,213,213,213,213,213,213,213,213,213,213,213,213,214,213,213,213,213,213,213,213,213,213,213,213,213,213,213,213,213
200,200,199,199,199,200,200,200,200,201,201,201,201,201,201,201,201,202,202,203,203,204,204,204,204,204,204,205,205,205,206,206,206,206,207,207,207,207,207,207,208,208,208,208,208,208,208,208,208,208,208,208,208,208,208,207,207,206,206,206,205,205,204,203,203,202,202,201,201,200,200,199,199,199,199,198,193,181,160,135,111,92,80,72,67,64,62,59,58,57,57,57,56,56,57,58,58,59,60,61,61,62,62,62,63,63,63,63,62,63,63,64,65,66,67,68,69,70,72,76,82,90,98,108,121,138,156,174,187,195,198,200,200,201,201,202,202,203,203,204,205,205,206,207,207,208,209,209,210,210,211,211,212,212,212,212,213,213,213,213,213,213,213,213,213,213,213,213,213,213,213,213,213,213,213,213,213,213,213,213,213,213,214,214,214,213,213,213,213,213,213,213,213,213,213,213,213,213,213,213
200,200,199,200,200,200,200,200,200,201,201,201,201,201,201,201,201,202,202,203,203,204,204,204,204,204,204,205,205,205,206,206,206,206,207,207,207,207,207,208,208,208,208,208,208,208,208,208,208,208,208,208,208,208,207,207,207,206,206,205,205,204,204,203,202,201,201,200,200,200,199,199,199,199,197,191,177,154,127,103,86,75,69,65,62,60,58,57,56,56,56,56,56,57,57,58,59,60,60,60,61,61,62,62,62,63,63,63,62,62,63,64,64,65,66,67,68,69,70,72,75,80,87,94,103,115,130,148,167,182,192,197,199,200,201,201,202,202,203,204,204,205,206,206,207,208,209,209,209,210,211,211,212,212,212,213,213,213,213,213,213,213,213,213,213,213,214,214,214,213,213,213,213,214,214,213,213,213,214,214,214,214,214,214,214,213,213,213,213,213,214,214,214,213,213,213,213,213,213,213
199,199,199,200,200,200,200,200,200,201,201,201,201,202,202,202,202,202,202,203,203,203,204,204,204,204,205,205,205,205,206,206,206,206,207,207,207,207,207,208,208,208,208,208,208,208,208,208,208,208,208,208,208,207,207,207,207,206,205,205,204,204,203,202,201,201,200,200,200,199,199,199,198,196,189,172,148,120,97,81,72,67,64,62,60,58,57,56,56,55,55,56,56,57,57,58,59,60,60,60,61,61,62,62,62,62,63,63,62,62,63,63,64,65,66,67,68,69,70,70,71,74,79,84,90,98,108,122,140,159,177,190,196,199,200,201,201,202,202,203,204,204,205,206,207,208,208,209,209,210,211,211,212,212,212,213,213,213,213,213,213,213,213,213,214,214,214,214,214,214,214,214,214,214,214,214,214,214,214,214,214,214,214,214,214,214,213,213,214,214,214,214,214,214,214,214,213,213,213,214
199,199,199,200,200,200,200,200,200,201,201,201,201,202,202,202,202,202,202,203,203,203,204,204,204,204,205,205,205,205,206,206,206,206,207,207,207,207,208,208,208,208,208,208,208,208,208,208,208,208,208,208,207,207,207,207,206,206,205,204,204,203,203,202,201,200,200,199,199,199,199,198,195,186,168,142,114,92,79,71,67,64,62,61,59,57,56,55,55,55,55,55,56,57,57,58,59,60,60,60,60,61,61,62,62,62,62,63,62,62,62,63,64,65,66,67,67,68,69,70,71,72,74,77,82,87,94,103,115,132,153,172,186,195,199,200,201,201,202,203,203,204,205,206,206,207,208,209,209,210,210,211,212,212,212,212,213,213,213,213,213,213,214,214,214,214,214,214,214,214,214,214,214,214,214,214,214,214,214,214,214,214,214,214,214,214,214,214,214,214,214,214,214,214,214,214,214,214,214,214
199,199,199,200,200,200,200,200,200,201,201,201,201,202,202,202,202,202,203,203,203,203,204,204,204,205,205,205,205,205,206,206,206,206,207,207,207,207,208,208,208,208,208,208,208,208,208,208,208,207,207,207,207,207,207,206,206,205,204,204,203,203,202,201,201,200,199,199,199,199,198,194,184,164,136,108,88,76,70,67,65,63,61,60,58,57,55,54,54,54,54,55,56,56,57,58,59,59,59,59,60,61,61,62,62,62,62,62,62,62,62,63,64,65,66,66,67,68,69,70,70,71,72,74,76,80,85,91,98,110,126,146,167,183,193,198,200,201,201,202,203,204,204,205,206,207,208,208,209,210,210,211,211,212,212,212,213,213,213,213,214,214,214,214,214,214,214,214,214,214,214,214,214,214,214,214,214,214,214,214,214,214,214,214,214,214,214,214,214,214,214,214,214,214,214,214,214,214,214,214
199,199,200,200,200,200,200,200,200,201,201,201,201,202,202,202,202,202,203,203,203,204,204,204,204,205,205,205,205,206,206,206,206,206,207,207,207,207,208,208,208,208,208,208,208,208,208,208,208,207,207,207,207,207,207,206,206,205,204,203,203,202,202,201,200,200,199,199,199,198,194,183,161,132,104,85,75,70,67,65,63,62,61,59,58,56,54,53,53,53,53,54,55,56,57,58,58,58,58,59,60,61,61,62,62,62,62,62,62,62,62,63,64,64,65,66,67,68,69,69,70,70,71,72,74,76,80,84,89,96,106,121,141,161,179,191,197,199,201,201,202,203,204,205,205,206,207,208,209,209,210,211,211,212,212,212,212,213,213,213,214,214,214,214,214,214,214,214,214,214,214,214,214,214,214,214,214,214,214,214,214,214,214,215,214,214,214,214,214,214,214,214,214,214,214,214,214,214,214,214
200,200,200,200,200,200,200,200,201,201,201,201,201,202,202,202,202,202,203,203,204,204,204,204,204,205,205,205,205,206,206,206,206,206,207,207,207,208,208,208,208,208,208,208,208,208,208,208,208,207,207,207,207,207,206,206,205,205,204,203,202,202,201,200,200,199,199,199,198,194,183,160,130,102,84,74,70,68,65,64,62,61,60,59,57,55,53,52,52,52,53,54,55,56,57,57,57,58,58,59,60,61,62,62,63,63,63,62,61,61,62,63,64,64,65,65,66,67,68,69,69,70,70,71,72,74,76,80,84,88,95,104,117,134,155,174,189,196,199,201,202,203,203,204,205,205,206,207,208,209,210,210,211,212,212,212,213,213,213,213,214,214,214,214,214,214,214,214,214,214,214,214,214,214,214,214,214,214,214,214,214,214,215,215,215,214,214,214,214,215,215,215,215,215,214,214,214,214,214,214
200,200,200,200,200,200,200,201,201,201,201,201,201,202,202,202,202,203,203,203,204,204,204,204,205,205,205,205,205,205,206,206,206,207,207,207,207,208,208,208,208,209,208,208,208,208,208,208,207,207,207,207,207,206,206,206,205,204,204,203,202,201,201,200,199,199,199,198,194,183,160,130,102,83,75,71,69,67,64,63,62,61,59,58,57,54,53,52,52,52,53,54,55,56,56,57,57,58,58,59,60,61,62,62,63,63,63,63,62,61,62,63,64,64,64,65,66,66,67,68,69,69,70,71,72,73,75,78,81,84,89,94,101,111,127,149,170,185,194,199,201,202,203,203,204,205,206,207,208,209,210,210,211,211,212,212,213,213,213,213,214,214,214,214,214,214,214,214,214,214,214,214,214,214,214,214,214,214,214,214,215,215,215,215,215,214,214,214,215,215,215,215,215,215,214,214,215,215,215,215
200,200,200,201,201,201,201,201,201,201,201,201,201,202,202,202,203,203,203,203,204,204,204,205,205,205,205,205,205,205,206,206,206,207,207,207,208,208,208,208,208,209,209,208,208,208,208,208,207,207,207,207,206,206,206,205,205,204,203,202,202,201,200,200,199,199,198,194,184,161,131,102,84,75,72,70,68,66,64,63,62,60,59,58,57,55,53,53,53,54,55,55,56,57,57,57,57,58,58,59,60,61,61,62,63,63,63,63,62,62,62,63,64,64,64,65,65,66,67,67,68,69,70,71,72,73,74,77,79,82,85,89,93,98,106,121,142,162,179,191,198,200,202,203,203,204,205,207,208,209,210,210,211,211,212,212,213,213,213,214,214,214,214,214,214,214,214,214,214,214,214,214,214,214,215,215,214,214,214,214,215,215,215,215,215,215,215,215,215,215,215,215,215,215,214,214,215,215,215,215
200,200,200,201,201,201,201,201,201,201,201,201,202,202,202,203,203,203,203,204,204,204,204,205,205,205,205,206,206,206,206,206,206,207,207,207,208,208,208,208,209,209,209,208,208,208,208,208,207,207,207,206,206,206,205,205,204,204,203,202,201,201,200,199,199,198,195,184,162,132,103,85,76,73,71,69,67,65,64,63,62,61,59,58,57,56,56,56,57,57,57,58,58,58,58,58,58,58,58,58,60,61,61,62,62,63,63,63,63,62,62,62,64,64,64,65,65,66,66,67,68,69,70,71,72,73,74,76,78,80,84,87,90,92,95,101,115,133,155,175,189,197,200,202,203,204,205,206,207,208,209,210,210,211,212,212,213,213,213,214,214,214,215,215,214,214,214,214,214,214,214,214,214,214,215,215,215,215,215,215,215,215,215,215,215,215,215,215,215,215,215,215,215,215,215,214,215,215,215,215
200,200,201,201,201,201,201,201,201,201,201,202,202,202,203,203,203,203,203,204,204,204,204,205,205,205,206,206,206,206,206,206,207,207,207,208,208,208,208,208,209,209,209,209,208,208,208,208,208,207,207,206,206,206,205,205,204,203,202,201,201,200,200,199,198,194,184,163,133,104,85,77,73,72,70,69,67,66,64,63,62,61,60,59,59,59,59,59,60,60,60,59,59,59,59,59,59,59,59,59,60,61,61,61,62,62,63,63,62,62,61,62,63,64,64,65,65,66,66,67,68,69,70,71,72,73,74,76,77,80,82,85,88,89,90,92,98,110,129,151,172,187,196,200,202,203,204,206,207,208,209,210,210,211,212,212,213,213,214,214,214,214,215,215,215,215,215,215,215,215,215,214,215,215,215,215,215,215,215,215,215,215,215,215,215,215,215,215,215,215,215,215,215,215,215,215,215,215,215,215
201,201,201,201,201,201,201,201,201,201,201,202,202,203,203,203,203,203,203,204,204,204,205,205,205,205,206,206,206,206,207,207,207,207,208,208,208,208,208,208,209,209,209,209,208,208,208,208,208,207,207,206,206,206,205,204,204,203,202,201,200,200,199,198,195,184,164,134,105,86,77,74,72,71,70,68,67,66,65,64,63,62,61,61,60,60,60,61,61,62,61,60,60,60,61,61,60,60,59,59,60,61,62,62,62,63,63,63,62,62,62,62,63,64,65,65,65,66,67,67,68,69,70,71,72,73,74,75,77,79,82,84,87,88,89,90,91,97,107,124,145,168,186,196,200,202,204,205,206,207,208,209,210,211,212,212,213,213,214,214,214,215,215,215,215,215,215,215,215,215,215,215,215,215,215,215,215,215,215,215,215,215,215,215,215,215,215,215,215,215,215,215,215,215,215,215,215,215,215,215
201,201,201,201,202,202,202,202,201,201,202,202,202,203,203,203,203,203,204,204,204,205,205,205,205,205,206,206,206,206,207,207,207,207,208,208,208,208,208,208,209,209,209,209,209,208,208,208,207,207,207,206,206,205,205,204,203,202,201,200,200,199,198,195,186,165,136,107,88,78,74,72,71,70,69,68,67,66,65,64,64,63,63,63,62,61,61,61,62,63,63,62,62,62,62,62,61,61,60,60,61,62,62,63,63,64,64,64,64,63,63,63,64,65,65,66,66,67,67,68,69,70,70,71,72,73,73,75,77,79,81,83,86,87,88,89,90,91,95,104,119,141,165,184,195,200,203,204,206,207,208,209,209,210,211,212,213,213,214,214,215,215,215,215,215,215,215,215,215,215,215,215,215,215,216,216,215,215,215,215,216,216,216,215,216,216,215,215,215,215,215,215,215,215,215,215,215,215,215,215
201,201,201,202,202,202,202,202,202,202,202,202,203,203,203,203,204,204,204,204,205,205,205,205,205,205,206,206,206,207,207,207,207,207,208,208,208,208,208,208,209,209,209,209,209,208,208,208,207,207,207,206,206,205,205,204,203,202,201,200,199,198,196,188,168,139,110,90,79,75,73,71,70,69,69,68,68,67,66,65,65,64,65,64,63,62,62,62,64,64,65,64,64,64,64,63,63,62,61,61,62,63,63,64,65,65,65,65,65,65,64,64,65,66,66,67,67,68,68,69,70,71,71,72,72,73,74,75,77,79,81,83,85,86,88,88,89,89,90,93,100,114,137,162,183,195,201,204,205,206,207,208,209,210,211,212,213,213,214,214,215,215,215,215,215,215,215,215,215,215,216,216,216,216,216,216,216,216,216,216,216,216,216,216,216,216,216,216,215,215,215,215,215,215,215,215,215,215,215,215
201,201,202,202,202,202,202,202,202,202,202,202,203,203,203,204,204,204,204,204,205,205,205,205,205,206,206,206,206,207,207,207,207,208,208,208,208,208,208,208,209,209,209,209,209,208,208,208,207,207,206,206,206,205,204,203,202,201,200,199,198,196,190,173,144,114,92,81,76,74,72,70,69,69,69,69,68,68,68,67,66,66,66,66,65,64,64,65,66,67,67,67,66,66,65,65,64,63,62,63,63,64,64,65,66,66,66,66,66,66,66,65,66,67,68,68,68,69,70,71,72,72,73,73,73,74,75,76,78,79,81,82,84,85,87,87,87,87,87,88,91,97,111,135,163,185,197,202,205,206,207,208,209,210,211,212,213,213,214,214,215,215,215,215,215,215,215,215,215,216,216,216,216,216,216,216,216,216,216,216,216,216,216,216,216,216,216,216,216,215,216,216,216,216,215,215,215,216,216,215
202,202,202,202,202,202,202,202,202,202,203,203,203,203,203,204,204,204,204,205,205,205,205,206,206,206,206,206,206,207,207,207,207,208,208,208,208,208,208,209,209,209,209,209,209,209,208,208,207,207,206,206,205,205,204,203,202,200,199,198,196,190,175,150,119,94,81,77,75,73,71,70,69,68,69,69,69,69,69,68,68,68,68,68,68,67,67,68,68,68,68,68,68,68,67,66,65,64,64,64,64,64,65,66,67,68,67,66,66,66,66,66,67,68,69,69,69,70,70,71,73,74,74,74,74,75,76,78,79,81,82,83,84,85,86,86,87,86,86,86,87,89,94,109,137,168,190,200,203,205,206,208,209,210,211,212,213,213,214,214,215,215,215,215,215,215,215,215,216,216,216,216,216,216,216,216,216,216,216,216,216,216,216,216,216,216,216,216,216,216,216,216,216,216,216,216,216,216,216,216
202,202,202,202,202,202,202,202,202,203,203,203,203,203,204,204,204,204,204,205,205,205,206,206,206,206,206,206,206,207,207,207,208,208,208,208,208,208,209,209,209,209,209,209,209,209,208,208,207,207,206,206,205,204,203,202,201,200,199,197,191,177,153,124,98,83,77,75,73,72,71,69,69,69,69,69,70,70,70,70,70,70,70,70,70,70,71,70,70,70,70,70,70,69,68,67,66,65,65,65,65,65,65,67,68,69,69,68,67,67,67,68,68,69,70,70,70,70,71,72,73,74,75,75,75,76,78,79,81,83,83,84,84,85,85,86,86,86,86,86,86,87,87,93,113,145,177,195,201,204,206,207,208,209,211,212,213,213,214,214,215,215,215,215,215,216,216,216,216,216,216,216,216,216,216,216,216,216,216,216,216,216,216,216,216,216,216,216,216,216,216,216,216,216,216,216,216,216,216,216
202,202,202,202,202,203,203,203,203,203,203,203,203,204,204,204,204,204,205,205,205,206,206,206,206,206,206,206,207,207,207,208,208,208,208,208,208,209,209,209,210,210,210,210,209,209,209,208,208,207,207,206,205,204,203,202,201,200,198,194,181,157,127,101,86,78,75,73,72,70,70,69,69,69,69,70,71,72,72,72,72,72,72,72,73,73,73,73,73,72,72,72,72,71,70,69,67,67,66,66,66,66,66,68,70,72,72,71,70,70,70,70,70,71,71,70,71,71,72,73,74,75,75,76,76,77,79,81,83,84,85,85,85,86,86,86,86,86,86,86,86,86,86,86,95,121,155,183,197,203,205,207,208,209,210,212,213,213,214,214,215,215,216,216,216,216,216,216,216,216,216,216,216,217,217,217,216,216,216,216,216,216,216,216,216,216,216,216,216,217,216,216,216,216,216,216,216,216,216,217
203,203,203,203,203,203,203,203,203,203,203,203,204,204,204,204,204,205,205,205,205,206,206,206,206,206,206,207,207,208,208,208,208,208,208,208,209,209,209,209,210,210,210,210,209,209,209,208,208,207,207,206,205,204,203,202,201,199,196,185,162,132,105,87,79,76,74,72,70,69,69,69,69,69,70,70,72,73,73,73,74,74,74,74,74,75,76,76,75,75,75,74,74,74,73,71,69,68,68,68,68,67,68,70,72,74,76,75,74,73,73,72,72,72,72,72,72,72,73,74,75,76,77,77,78,80,81,83,85,87,87,87,87,86,86,86,86,86,86,86,86,86,85,85,87,100,130,164,189,200,204,206,208,209,210,211,212,213,214,214,215,215,216,216,216,216,216,216,216,216,216,216,217,217,217,217,217,217,216,216,216,216,216,216,216,216,216,216,217,217,216,216,216,216,216,216,216,216,217,217
203,203,203,203,203,203,203,203,203,203,203,203,204,204,204,204,205,205,205,205,205,206,206,206,206,206,207,207,207,208,208,208,208,208,209,209,209,209,209,210,210,210,210,210,210,209,209,208,208,207,207,206,205,204,203,202,200,197,189,169,138,108,89,80,76,74,73,71,69,68,68,69,70,70,70,71,72,74,74,74,75,76,76,76,76,77,77,78,78,77,77,77,77,77,76,74,72,71,70,70,70,70,70,72,74,77,80,79,77,75,74,74,74,73,73,73,74,75,76,77,78,78,79,80,81,82,83,85,87,89,89,88,88,87,86,85,85,85,86,86,86,86,86,85,84,88,107,140,174,194,202,205,207,208,210,211,212,213,214,214,215,216,216,216,216,216,216,216,216,216,217,217,217,217,217,217,217,217,217,217,217,217,217,217,217,217,217,217,217,216,216,216,216,217,217,216,216,217,217,217
203,203,203,203,203,203,203,204,204,204,204,204,204,204,204,205,205,205,205,205,205,206,206,206,206,207,207,207,207,208,208,208,209,209,209,209,209,209,209,210,210,210,210,210,210,209,209,208,208,207,207,206,205,204,203,202,199,192,175,146,115,92,81,76,73,72,71,70,69,68,68,69,71,71,71,71,73,74,75,75,76,77,78,78,78,78,78,79,79,79,79,79,79,79,79,78,76,74,73,73,73,73,74,75,77,80,82,82,79,77,75,75,75,74,74,75,76,79,81,83,83,82,81,81,82,83,85,86,89,90,90,90,89,88,87,86,85,85,86,86,86,86,86,86,85,85,92,116,152,182,197,202,205,207,209,210,211,213,214,214,215,216,216,216,217,216,216,216,216,217,217,217,217,217,217,217,217,217,217,217,217,217,217,217,217,217,217,217,217,216,216,216,217,217,217,217,217,217,217,217
204,204,204,203,203,203,204,204,204,204,204,204,204,205,205,205,205,205,205,205,206,206,206,206,207,207,207,207,208,208,208,209,209,209,209,209,209,209,210,210,210,210,210,210,210,210,209,208,208,207,206,206,205,204,203,201,197,183,156,123,98,84,78,74,72,71,70,70,68,68,68,70,71,72,71,71,72,73,75,75,77,78,79,79,79,79,79,79,79,79,79,80,80,80,80,80,79,77,76,76,76,76,77,78,80,82,83,83,81,78,77,77,77,76,76,77,79,82,86,88,88,86,84,83,83,84,85,87,89,90,90,90,90,89,88,87,86,86,86,87,87,87,87,87,86,85,85,97,126,163,189,200,204,206,208,209,211,212,213,214,215,215,216,217,217,217,216,216,217,217,217,217,217,217,217,217,217,217,217,217,217,217,217,217,217,217,217,217,217,217,217,217,217,217,217,217,217,217,217,217
204,204,204,204,204,204,204,204,204,204,205,205,205,205,205,205,205,205,205,206,206,206,207,207,207,207,207,208,208,208,209,209,209,209,209,209,210,210,210,210,210,210,210,210,210,210,209,208,208,207,206,206,205,204,202,200,193,172,138,106,88,81,77,73,71,69,69,69,68,68,69,70,72,72,71,71,71,73,74,75,76,78,80,81,80,79,79,79,79,78,78,79,80,81,81,81,81,80,79,78,78,77,78,79,80,81,83,83,82,81,80,81,80,79,79,81,83,86,89,92,92,90,87,85,84,84,85,87,89,90,89,89,90,90,89,87,87,87,87,88,88,88,88,88,87,87,85,87,105,142,177,196,202,205,207,208,210,211,212,213,214,215,216,217,217,217,217,217,217,217,217,217,217,217,217,217,217,217,217,217,217,217,217,217,217,217,217,217,217,217,217,217,217,217,217,217,217,217,217,217
204,204,204,204,204,204,204,204,205,205,205,205,205,205,205,205,205,205,206,206,206,207,207,207,207,207,208,208,208,209,209,209,209,209,209,210,210,210,210,210,211,211,210,210,210,210,209,209,208,207,206,205,204,203,202,198,185,156,120,94,82,78,75,72,70,68,68,68,69,69,70,71,72,73,72,71,71,73,74,75,77,78,80,81,81,79,79,79,79,77,78,80,81,82,83,83,83,83,82,81,80,78,78,79,79,80,81,82,83,83,84,84,82,81,81,84,87,89,92,93,93,90,88,86,84,84,85,87,88,89,88,88,89,89,88,87,87,88,88,89,89,89,89,89,89,88,87,85,93,122,161,188,199,203,205,207,209,210,212,213,214,215,216,217,217,217,217,217,217,217,217,217,217,217,217,217,218,217,217,217,217,217,217,217,217,217,217,217,217,217,217,217,217,217,217,217,217,217,217,217
204,204,204,204,204,205,205,205,205,205,205,205,205,205,205,206,206,206,206,207,207,207,207,207,207,208,208,208,209,209,209,210,210,210,210,210,210,210,210,210,211,211,211,210,210,210,209,208,208,207,206,205,204,202,200,193,172,137,103,85,79,76,73,71,69,68,67,68,69,70,71,72,74,74,73,71,72,73,74,76,77,79,81,82,81,80,80,80,80,80,80,82,83,84,84,85,85,85,85,84,82,81,79,79,79,80,81,82,83,85,85,85,83,81,81,84,88,90,92,92,90,88,86,85,84,84,85,86,88,88,88,88,88,88,87,87,87,88,89,90,91,91,91,91,91,91,90,87,87,104,140,175,194,201,204,206,208,209,211,212,214,215,216,216,217,217,216,216,217,217,217,217,217,217,218,218,218,218,218,217,217,217,217,217,217,217,217,217,217,217,217,217,217,217,217,217,217,217,217,217
204,204,204,204,205,205,205,205,205,205,205,205,205,206,206,206,206,206,206,207,207,207,207,207,207,208,208,209,209,209,209,210,210,210,210,210,210,210,210,211,211,211,211,210,210,209,209,208,207,207,206,205,203,201,197,183,153,116,90,80,77,74,72,70,69,67,67,68,70,71,72,73,74,75,73,72,72,73,75,77,78,79,81,82,82,81,80,80,81,82,83,84,85,85,86,86,86,86,87,86,84,82,81,80,80,81,82,82,83,84,85,84,82,80,80,82,85,87,89,88,86,84,84,84,83,83,84,85,87,87,87,88,88,87,87,86,87,88,90,92,93,94,94,94,93,93,92,90,87,92,118,156,185,198,202,204,206,208,210,212,213,214,215,216,216,217,216,216,217,217,217,217,217,218,218,218,218,218,218,217,217,218,218,217,217,217,218,218,218,218,218,217,217,217,218,218,217,217,217,217
204,204,204,205,205,205,205,205,205,205,205,205,206,206,206,206,206,206,207,207,207,207,207,208,208,208,208,209,209,209,209,210,210,210,210,210,211,211,211,211,211,211,211,211,210,210,209,208,207,206,205,204,203,200,191,168,132,99,82,77,75,73,71,70,68,67,67,68,69,70,71,72,73,73,72,71,72,73,75,77,78,79,80,81,81,81,80,80,81,82,84,85,86,87,88,88,87,87,88,87,85,83,82,81,81,82,82,82,82,82,81,80,78,77,77,79,80,82,84,84,84,84,84,85,84,83,83,85,87,87,88,87,87,87,87,87,87,88,91,94,96,97,97,96,95,95,94,92,88,87,100,135,172,193,199,202,204,206,209,211,212,214,215,216,216,216,216,217,217,217,217,217,217,218,218,218,218,218,218,217,217,218,218,218,218,218,218,218,218,218,218,218,218,218,218,218,218,218,218,218
205,205,205,205,205,205,205,205,205,205,206,206,206,206,206,206,207,207,207,207,207,207,208,208,208,208,209,209,209,209,210,210,210,211,211,211,211,211,211,211,211,212,211,211,210,210,209,208,207,206,205,204,203,199,183,150,112,86,78,76,74,72,71,69,68,67,67,67,68,68,69,69,70,71,70,70,71,73,75,76,77,78,78,79,80,80,79,79,80,82,84,86,88,89,90,89,89,88,87,86,84,82,81,80,80,80,80,80,79,78,77,75,73,74,75,76,76,77,79,81,83,85,86,86,85,84,84,86,87,88,88,88,88,87,87,87,87,89,92,96,98,99,99,98,97,96,96,94,91,86,91,117,157,185,196,200,203,205,208,210,211,213,214,215,216,216,216,217,217,217,217,217,217,218,218,217,217,218,218,218,218,218,218,218,218,218,218,218,218,218,218,218,218,218,218,218,218,218,218,218
205,205,205,205,205,205,205,205,206,206,206,206,206,206,206,207,207,207,207,207,207,208,208,208,208,209,209,209,209,210,210,210,211,211,211,211,211,212,212,212,212,212,212,211,211,210,209,208,207,206,205,204,203,195,172,132,96,79,77,75,73,72,70,69,68,67,66,66,66,67,67,68,68,68,68,68,70,73,75,76,76,77,77,78,78,78,78,78,80,82,84,86,87,88,89,89,89,88,86,84,81,80,79,78,78,78,78,77,76,75,73,71,71,72,74,75,75,75,77,79,82,83,84,84,85,85,85,86,87,88,89,91,90,88,87,86,87,90,93,97,99,100,101,101,99,98,97,96,93,87,86,103,139,173,192,198,201,204,206,209,210,212,213,214,215,215,216,216,217,217,217,217,217,218,218,218,218,218,218,218,218,218,218,218,218,218,218,218,218,218,218,218,218,218,218,218,218,218,218,218
205,205,205,205,205,205,205,206,206,206,206,206,206,206,207,207,207,207,207,208,208,208,208,209,209,209,209,209,210,210,210,210,211,211,211,211,212,212,212,212,212,212,212,211,210,210,209,208,207,206,205,204,201,189,157,115,85,76,76,75,73,71,70,68,67,66,66,66,66,66,66,66,66,66,66,67,69,72,74,76,76,77,77,76,76,76,76,77,78,80,82,84,85,86,87,88,89,87,84,81,79,78,77,77,76,76,76,75,74,73,71,70,70,72,74,74,74,74,75,77,79,79,80,81,83,86,87,88,88,88,91,93,93,89,87,86,87,90,93,96,98,101,102,102,101,100,99,97,94,89,84,92,120,158,184,196,200,203,205,207,209,211,212,213,214,214,215,216,217,217,217,217,217,218,218,218,218,218,218,218,218,218,218,218,218,218,218,218,218,218,219,219,218,218,218,218,218,218,218,218
206,206,206,206,206,206,206,206,206,206,206,207,207,207,207,207,207,208,208,208,208,208,209,209,209,209,209,210,210,210,210,211,211,211,212,212,212,212,212,212,212,212,212,211,210,210,209,208,207,206,205,204,199,179,140,99,78,75,75,74,72,70,69,68,67,66,66,66,66,66,66,65,65,65,66,67,69,72,74,76,77,77,77,76,75,74,74,75,77,79,81,82,84,85,86,87,87,86,83,81,78,77,77,76,75,75,74,74,73,73,72,71,71,72,74,75,74,74,74,75,76,76,77,79,82,86,89,90,89,89,92,94,93,90,88,87,88,89,92,95,98,100,102,102,101,101,100,99,96,91,85,85,103,139,174,192,199,201,204,206,208,210,211,212,213,214,215,216,216,217,217,217,217,218,218,218,218,218,218,218,218,218,218,218,218,218,218,218,218,218,219,219,219,219,219,219,218,218,218,218
206,206,206,206,206,206,206,207,207,207,207,207,207,207,207,207,208,208,208,208,208,209,209,209,210,210,210,210,210,210,211,211,211,211,212,212,212,212,212,212,212,212,212,211,210,209,209,208,207,206,205,204,195,167,123,87,74,74,75,74,72,70,69,68,66,66,65,66,66,65,65,64,64,65,66,68,70,72,75,77,78,78,78,76,74,73,74,75,76,78,79,80,82,83,84,85,85,84,83,81,80,79,79,78,77,75,74,73,73,75,74,72,71,73,75,76,74,73,73,74,74,74,75,78,81,86,89,90,89,89,91,92,91,89,88,88,88,88,90,94,98,101,102,102,101,101,101,101,98,93,86,82,90,120,161,188,198,201,203,205,207,209,210,211,212,213,214,215,216,216,217,217,217,218,218,218,218,218,218,218,218,218,218,218,218,218,218,218,219,219,219,219,219,219,219,219,218,218,218,218
206,206,206,207,207,207,207,207,207,207,207,207,207,207,207,208,208,208,208,208,209,209,209,210,210,210,210,210,211,211,211,211,211,212,212,212,212,212,212,212,213,212,212,211,210,210,209,208,207,206,205,202,188,153,107,78,72,74,74,73,71,69,68,67,66,66,65,66,66,65,64,64,64,65,67,69,71,74,76,78,79,79,78,76,74,73,74,75,76,77,78,78,79,81,81,82,82,82,82,82,82,82,83,82,80,77,75,73,73,74,74,71,70,73,76,76,74,73,72,74,74,74,75,77,80,84,88,89,87,87,88,89,88,87,86,87,87,88,90,94,98,101,102,102,101,101,102,103,100,95,88,81,82,107,150,184,197,200,202,204,207,208,210,211,211,212,213,214,215,216,217,217,217,218,218,218,218,218,219,218,218,218,218,218,218,219,219,219,219,219,219,219,219,219,219,219,219,218,218,218
207,207,207,207,207,207,207,208,208,208,207,207,207,207,208,208,208,208,208,209,209,209,209,210,210,210,210,211,211,211,211,211,212,212,212,213,213,213,213,213,213,213,212,211,211,210,209,208,207,206,205,200,179,138,95,73,71,74,74,72,71,69,68,67,66,65,65,65,65,65,64,64,65,66,68,70,73,75,77,79,80,80,79,77,75,74,75,76,76,76,76,76,77,78,79,80,80,81,82,82,83,84,85,84,82,79,76,73,73,73,72,70,70,73,75,75,73,72,73,74,75,75,75,77,80,83,85,86,85,86,86,86,85,85,85,86,87,89,91,95,99,101,101,101,101,101,103,104,103,97,90,82,81,102,145,181,196,200,202,204,206,208,209,210,211,211,212,213,214,215,216,217,217,218,218,218,219,219,219,219,218,218,218,219,219,219,219,219,219,219,219,219,219,219,219,219,219,219,219,219
207,207,207,207,208,208,208,208,208,208,208,208,208,208,208,208,208,208,209,209,209,209,210,210,210,211,211,211,211,211,211,212,212,212,212,213,213,213,213,213,213,213,212,212,211,210,209,208,207,206,205,197,169,124,85,71,72,74,73,72,70,69,68,67,66,65,65,65,65,65,64,64,65,67,69,72,73,75,77,78,80,80,80,78,77,76,76,77,77,76,75,75,76,77,78,79,80,81,81,82,83,84,84,84,82,79,76,73,72,72,71,71,72,74,75,73,71,71,73,75,75,76,77,78,80,82,83,83,84,85,86,85,85,85,86,87,88,89,91,95,98,101,101,101,100,101,103,105,105,100,93,86,83,101,141,178,195,199,201,203,205,207,208,209,210,211,212,212,213,214,215,216,217,217,218,218,219,219,219,219,218,218,219,219,219,219,219,219,219,219,219,219,219,219,219,219,219,219,219,219
208,208,208,208,208,208,208,208,208,208,208,208,208,208,208,208,208,208,209,209,210,210,210,210,211,211,211,211,211,212,212,212,212,212,213,213,213,213,213,213,213,213,212,212,211,210,209,208,207,206,203,192,159,112,79,70,72,73,73,72,70,68,67,66,65,65,64,65,65,65,64,65,66,68,70,73,74,75,76,76,78,81,82,81,79,78,77,78,77,76,75,75,75,77,78,78,79,80,81,82,83,84,83,82,81,78,76,74,73,73,74,75,76,76,76,73,72,73,75,76,76,77,79,80,81,82,82,82,84,85,86,86,86,88,89,89,90,90,92,94,98,100,102,101,101,101,103,105,106,102,96,89,85,98,134,172,192,198,200,202,204,206,207,208,209,210,211,212,213,214,214,215,216,217,217,218,218,219,219,219,218,219,219,219,219,219,219,219,219,219,219,219,219,219,219,219,219,219,219,219
208,208,208,208,208,208,208,208,208,208,208,208,209,209,208,208,208,208,209,209,210,210,210,211,211,211,211,212,212,212,212,212,213,213,213,213,214,214,214,214,213,213,213,212,211,210,209,208,207,206,202,185,147,102,75,71,72,73,72,71,69,68,66,66,65,65,65,65,65,65,65,65,65,67,70,72,75,75,75,76,79,82,84,83,81,79,78,78,78,77,76,75,75,77,78,79,79,79,81,82,83,83,83,82,81,79,77,76,76,77,78,79,80,80,78,76,75,75,76,77,77,78,80,81,82,82,81,81,82,83,85,86,88,90,92,93,93,92,93,94,97,100,102,103,103,102,103,105,106,104,100,93,87,94,124,163,188,196,199,201,203,205,207,208,209,210,211,211,212,213,214,215,216,216,217,218,218,219,219,219,219,219,219,219,219,219,219,219,219,219,219,219,220,220,220,219,219,219,219,219
208,208,208,208,208,208,208,208,209,209,209,209,209,209,209,208,208,209,209,210,210,210,211,211,211,211,212,212,212,212,212,213,213,213,213,214,214,214,214,214,214,213,213,212,211,210,209,208,207,205,200,178,136,94,74,72,73,73,72,71,69,67,66,66,65,65,66,66,66,66,65,65,65,66,68,71,73,75,75,77,81,84,86,85,82,80,79,80,81,80,78,76,76,77,79,79,78,79,80,81,82,82,82,82,82,81,80,80,80,81,82,82,82,82,81,80,78,77,78,78,78,79,80,81,82,81,81,80,80,82,84,87,89,91,94,96,96,95,94,95,97,99,102,103,104,104,104,106,107,107,104,98,91,92,116,155,183,194,197,200,202,205,206,208,209,210,211,211,212,213,214,214,215,216,217,218,218,218,219,219,219,219,219,219,219,219,219,219,219,219,220,220,220,220,220,220,219,219,219,219
208,208,208,208,208,208,208,208,209,209,209,209,209,209,209,209,209,209,209,210,210,210,211,211,211,212,212,212,212,212,213,213,213,213,213,214,214,214,214,214,214,214,213,212,211,210,209,208,207,205,198,173,129,90,74,73,74,73,72,71,69,67,66,66,66,66,67,67,67,66,66,65,66,66,68,70,73,74,76,79,83,85,86,85,83,81,80,82,84,83,81,78,76,77,78,79,78,78,78,79,79,80,80,81,82,82,83,84,84,84,83,82,82,83,83,81,79,78,78,78,79,80,80,81,82,81,80,80,80,82,85,88,90,93,96,99,99,97,95,95,96,98,100,103,105,106,106,108,109,109,107,104,97,93,110,148,179,191,195,198,201,204,206,207,208,209,210,211,212,213,213,214,215,216,217,217,218,218,219,219,219,219,219,219,219,219,220,220,220,220,220,220,220,220,220,220,219,219,219,219
208,208,209,209,209,209,208,209,209,209,209,209,209,209,209,209,209,209,210,210,210,211,211,211,212,212,212,212,213,213,213,213,213,214,214,214,215,215,215,214,214,214,213,212,211,210,209,208,207,205,197,170,125,89,75,74,74,74,73,71,69,67,66,66,66,67,68,68,68,68,68,68,68,69,71,73,74,76,78,81,84,85,85,85,84,83,83,85,87,87,84,80,78,78,78,79,79,79,78,78,77,78,79,80,81,83,84,86,86,85,83,82,82,82,82,81,79,77,77,78,79,80,81,82,82,81,80,80,81,84,86,89,92,94,97,101,101,98,95,94,95,96,98,101,104,106,108,110,111,111,110,108,101,94,106,142,175,189,194,197,200,202,205,206,207,209,210,211,212,212,213,214,215,215,216,217,218,218,219,219,219,219,219,219,219,219,220,220,220,220,220,220,220,220,220,220,219,219,219,219
209,209,209,209,209,209,209,209,209,209,209,209,209,209,209,209,209,210,210,210,211,211,211,212,212,212,212,213,213,213,213,213,214,214,214,215,215,215,215,215,215,214,214,213,211,210,209,208,207,205,196,167,123,88,77,75,74,74,72,70,68,66,65,65,66,68,69,69,70,70,70,71,71,73,74,76,78,79,81,83,85,85,84,85,85,86,87,89,90,90,87,83,80,79,79,80,80,80,79,78,77,77,78,79,80,82,83,84,84,83,82,81,81,81,80,79,78,78,78,78,79,80,81,83,83,82,81,82,83,86,89,92,94,95,98,100,100,97,94,92,93,94,96,99,102,105,108,111,113,113,113,111,104,94,104,138,172,187,192,195,198,201,203,205,206,208,209,210,211,212,213,213,214,215,216,217,217,218,218,219,219,219,219,219,219,219,219,220,220,220,220,220,220,220,220,220,219,219,219,219
209,209,209,209,209,209,209,209,209,209,210,210,210,210,209,209,209,210,211,211,211,212,212,212,212,213,213,213,213,213,213,214,214,214,215,215,215,215,215,215,215,215,214,213,212,210,209,208,207,205,196,166,121,88,77,76,75,74,72,69,67,65,64,65,66,68,69,70,70,71,71,72,73,74,76,78,80,81,83,84,85,84,83,84,85,88,90,91,92,91,90,86,83,81,81,82,80,79,79,79,78,77,79,80,81,82,82,82,82,81,81,81,81,81,79,79,78,78,79,79,79,80,81,83,83,83,82,83,85,88,91,94,96,96,97,98,98,95,91,89,90,92,95,97,100,103,107,111,114,115,115,113,106,95,102,135,169,186,191,194,196,199,201,203,205,207,209,210,211,212,212,213,214,215,215,216,217,218,218,219,219,219,219,219,219,219,219,220,220,220,220,220,220,220,220,220,220,219,219,219
209,209,209,209,209,209,209,209,209,210,210,210,210,210,210,209,210,210,211,212,212,212,212,212,213,213,213,214,214,214,214,214,214,215,215,215,215,216,216,215,215,215,214,213,212,211,209,208,207,205,195,164,120,89,78,76,75,74,72,69,66,64,63,63,64,66,67,68,69,69,69,70,72,74,76,78,80,81,82,84,85,84,83,83,85,88,90,91,91,92,92,90,87,84,84,83,80,78,78,79,78,78,80,82,83,83,82,82,82,81,81,82,83,82,80,79,79,80,81,81,80,81,81,82,83,83,83,84,86,90,93,95,96,97,97,97,96,93,89,87,88,91,93,96,98,101,105,110,114,116,116,115,108,97,101,132,166,184,189,192,195,197,200,202,204,206,208,209,211,211,212,212,213,214,215,216,216,217,218,218,219,219,219,219,219,219,220,220,220,220,220,220,220,220,220,220,220,220,220,220
209,209,209,209,209,210,210,210,210,210,210,211,211,211,210,210,210,211,212,212,212,212,212,213,213,214,214,214,214,214,214,214,215,215,215,215,216,216,216,216,215,215,215,214,212,211,210,208,207,204,193,161,117,88,79,77,75,74,71,68,65,62,60,60,61,63,64,64,65,65,65,66,69,71,74,76,78,79,81,82,84,83,83,83,85,88,90,91,92,94,95,94,90,87,86,86,83,80,80,80,80,80,82,84,85,84,84,84,84,84,84,85,85,84,83,82,82,83,83,83,82,82,82,83,83,83,83,85,87,90,93,94,95,95,95,95,93,90,86,85,87,90,92,95,97,100,104,109,113,116,117,116,110,99,103,132,165,182,188,191,193,196,198,201,203,205,207,209,210,211,211,212,213,214,214,215,216,217,218,218,218,219,219,219,220,220,220,220,220,220,220,220,220,220,220,220,220,220,220,220
209,210,210,210,210,210,210,210,210,211,211,211,211,211,211,211,211,212,212,212,212,213,213,213,214,214,214,214,214,214,214,215,215,215,215,216,216,216,216,216,216,216,215,214,213,211,210,208,207,204,191,157,115,87,79,78,76,74,71,67,63,60,57,57,58,59,59,60,60,60,60,62,65,68,71,73,75,77,78,80,82,83,84,85,88,91,93,94,96,98,98,96,92,89,88,88,87,84,83,83,82,82,83,85,86,85,86,87,88,88,88,89,89,88,87,87,87,88,87,85,84,83,83,84,84,84,85,86,88,89,91,92,92,92,92,91,89,87,84,85,88,91,93,95,97,100,103,108,113,116,117,116,111,102,107,134,165,181,187,190,192,195,197,199,202,204,206,208,209,210,211,211,212,213,214,215,216,216,217,218,218,219,219,219,220,220,220,220,220,220,220,220,220,220,220,220,220,220,220,220
210,210,210,210,210,210,210,211,211,211,211,211,211,211,211,212,212,212,212,213,213,213,213,214,214,214,214,215,215,215,215,215,216,216,216,216,216,216,216,216,216,216,215,214,213,212,210,209,207,204,191,158,117,89,80,78,77,74,70,65,61,57,55,54,55,56,57,57,56,56,57,59,62,65,68,70,72,74,75,78,80,82,84,88,91,94,97,100,102,103,102,99,95,93,91,90,89,88,87,86,84,83,83,84,85,86,88,90,91,92,92,93,93,93,94,94,94,93,90,87,85,84,84,85,85,84,85,85,86,87,89,90,89,89,89,89,88,86,84,85,89,93,96,97,98,100,104,108,113,116,117,116,112,105,110,137,165,180,186,189,191,193,196,198,201,203,205,207,208,209,210,211,212,213,214,215,215,216,217,218,218,219,219,220,220,220,220,220,220,220,220,220,220,220,220,220,220,220,220,220
210,210,210,210,210,211,211,211,211,211,211,211,211,211,212,212,212,212,213,213,213,213,213,214,214,214,215,215,215,215,215,216,216,216,216,216,216,217,217,217,217,216,216,214,213,212,210,209,207,204,193,165,124,93,81,79,78,74,69,64,60,56,54,53,54,55,55,54,54,54,55,57,59,62,64,66,68,70,72,75,78,81,85,89,93,97,101,104,106,106,105,102,100,97,95,93,91,91,90,88,85,82,82,84,85,87,90,93,95,96,97,97,98,99,100,100,100,97,92,88,86,84,84,85,84,83,82,80,79,81,84,86,86,86,87,89,89,88,87,87,90,95,97,99,100,102,105,109,113,115,116,116,113,107,114,138,165,179,184,187,190,192,194,197,199,202,204,206,207,209,210,211,212,213,214,214,215,216,217,217,218,219,219,220,220,220,220,220,220,220,220,220,220,220,220,220,220,220,220,220
210,210,211,211,211,211,211,211,212,212,212,212,212,212,212,212,212,213,213,213,213,213,214,214,214,215,215,215,215,215,215,216,216,216,216,216,217,217,217,217,217,217,216,215,213,212,210,209,207,205,196,170,130,97,83,80,78,74,69,64,59,56,55,54,54,54,53,52,52,54,55,56,57,58,60,62,65,68,70,72,76,80,84,88,92,97,101,104,106,106,105,104,102,100,97,94,93,92,92,88,84,81,82,85,87,89,92,95,98,100,101,102,103,103,104,104,102,97,91,88,86,85,84,84,82,80,76,73,71,73,77,81,82,84,86,89,91,91,90,91,93,96,98,100,102,104,106,110,113,115,116,115,113,109,115,139,165,179,184,187,189,191,193,196,198,200,202,204,206,208,209,210,211,213,213,214,215,216,216,217,217,218,219,220,220,220,220,220,220,220,221,221,221,221,221,220,220,220,220,220
211,211,211,211,211,211,212,212,212,212,212,212,212,212,212,212,213,213,213,214,214,214,214,214,215,215,215,215,216,216,216,216,216,216,217,217,217,217,217,217,217,217,216,215,214,212,210,209,207,205,196,170,130,97,84,81,78,73,68,64,60,58,57,57,56,55,54,52,53,55,56,56,55,55,57,60,63,66,67,70,74,78,82,86,90,94,98,100,101,102,102,102,100,97,95,94,93,93,92,89,84,82,83,86,89,91,93,95,98,100,101,102,103,103,103,103,100,95,89,85,84,83,82,81,79,75,72,68,66,69,74,78,81,83,86,89,92,92,92,93,95,96,99,102,104,106,108,112,114,115,115,115,112,108,114,138,165,179,183,186,188,191,192,194,197,199,201,203,205,207,208,210,211,212,213,214,215,215,216,216,217,218,219,220,220,220,220,220,221,221,221,221,221,221,221,221,221,220,220,220
211,211,211,212,212,212,212,212,212,212,213,213,213,213,213,213,213,213,214,214,214,214,215,215,215,215,216,216,216,216,216,216,216,217,217,217,217,217,217,217,217,217,216,215,214,213,211,209,207,204,195,168,128,96,84,81,78,73,68,65,62,60,60,60,60,59,57,56,57,59,59,57,55,54,55,58,61,63,64,67,71,75,78,82,86,90,92,93,93,95,96,96,94,91,90,91,93,94,93,90,86,84,84,87,90,91,92,93,95,96,96,97,97,97,96,96,93,88,84,81,80,79,78,77,76,73,71,69,69,72,77,80,83,84,87,90,92,92,92,93,94,96,98,102,105,108,111,114,115,115,114,114,112,107,112,136,164,178,183,185,187,190,192,194,195,198,200,203,205,206,208,209,210,211,212,213,214,215,215,216,217,218,219,219,220,220,220,221,221,221,221,221,221,221,221,221,221,221,220,220
211,211,212,212,212,212,212,213,213,213,213,213,213,213,213,213,213,214,214,214,215,215,215,215,216,216,216,216,216,216,217,217,217,217,217,218,217,217,217,217,218,217,217,216,214,213,211,209,207,204,194,168,129,97,84,82,78,73,69,66,65,64,63,64,64,63,62,62,63,64,63,61,58,56,55,56,58,60,61,63,66,70,74,78,81,84,85,85,85,87,88,87,86,84,84,87,91,93,94,92,89,87,86,87,89,89,88,88,88,88,87,87,86,86,86,85,83,79,76,75,74,74,75,75,75,74,74,73,74,77,80,83,85,86,89,92,93,92,91,92,93,95,99,102,105,109,113,115,116,115,114,113,112,109,115,139,164,177,180,182,184,188,191,193,195,197,199,202,204,206,207,209,210,211,212,213,214,214,215,216,217,217,218,219,220,220,221,221,221,221,221,221,221,221,221,221,221,221,220,220
211,211,212,212,212,213,213,213,213,213,213,213,213,213,213,214,214,214,215,215,215,215,215,216,216,216,216,216,217,217,217,217,217,217,218,218,218,218,218,218,218,218,217,216,214,213,211,208,205,201,192,169,133,100,85,81,78,73,70,68,67,67,67,68,68,68,68,67,68,68,67,65,62,59,57,56,57,58,59,60,62,65,68,72,75,77,78,78,78,79,79,79,78,78,79,83,87,92,94,94,92,89,88,88,87,86,84,81,80,79,78,77,76,75,75,74,73,70,68,68,69,71,73,75,76,77,77,78,79,80,82,85,87,88,91,94,95,94,94,94,95,97,100,103,106,110,114,116,117,116,114,113,112,112,122,145,164,168,166,166,171,179,187,191,194,196,199,201,203,205,206,208,209,210,211,212,213,214,215,216,217,217,218,219,220,220,221,221,221,221,221,221,221,221,221,221,221,221,220,220
212,212,212,212,213,213,213,213,213,213,213,213,213,213,214,214,214,215,215,215,215,215,216,216,216,216,216,217,217,217,217,217,217,217,218,218,218,218,218,218,218,218,217,216,215,213,210,205,197,186,174,157,128,99,85,81,77,73,71,70,70,70,70,70,71,72,72,72,71,71,70,69,67,64,61,59,59,59,59,59,59,61,63,67,70,71,72,71,71,71,72,72,72,72,74,77,82,88,92,94,92,90,89,88,86,84,81,78,76,74,72,70,69,68,68,67,66,65,63,64,67,69,72,75,77,78,79,80,81,83,85,86,88,89,92,94,96,96,97,97,98,100,102,105,107,110,113,115,117,116,113,111,112,116,129,147,153,143,132,129,138,155,173,187,193,196,198,200,202,204,206,207,208,209,211,212,213,214,215,216,216,217,218,219,220,220,220,221,221,221,221,221,221,221,221,221,221,221,220,220
212,212,212,213,213,213,213,213,213,213,214,214,214,214,214,214,214,215,215,215,215,216,216,216,216,216,217,217,217,217,218,218,218,218,218,218,218,218,218,219,219,218,217,216,215,213,207,195,173,150,132,120,105,90,82,80,77,73,72,71,71,71,71,71,72,73,74,74,74,74,74,74,73,71,69,67,65,64,62,60,59,60,62,64,66,67,67,66,65,65,65,65,65,66,68,71,76,82,88,90,90,89,88,87,85,83,80,78,76,73,70,67,66,66,65,65,64,63,63,64,68,71,74,76,78,80,82,84,85,86,87,88,89,90,92,93,95,97,98,100,101,103,106,108,109,111,112,114,116,115,112,110,111,117,127,132,123,102,88,87,100,123,151,176,190,195,198,200,202,203,205,206,207,209,210,211,212,213,214,215,216,217,218,219,219,220,220,221,221,221,221,221,221,221,221,221,221,221,220,220
212,212,213,213,213,213,214,214,214,214,214,214,214,214,214,214,214,215,215,215,216,216,216,216,217,217,217,217,218,218,218,218,218,218,218,219,219,219,219,219,219,219,218,217,215,212,201,176,139,105,85,77,75,77,79,79,77,74,73,72,72,71,70,70,72,73,75,76,77,77,78,79,80,79,78,77,75,72,69,66,63,63,63,64,65,66,65,64,62,61,60,59,58,59,61,65,70,76,82,85,86,86,85,84,83,82,80,79,77,73,69,67,66,65,65,65,64,64,65,67,71,74,78,80,82,83,85,85,86,86,85,85,85,86,88,90,92,94,96,99,103,106,109,110,110,110,111,112,114,112,109,108,110,113,112,102,82,65,60,67,81,100,127,159,183,194,197,199,201,203,204,205,207,208,209,210,212,213,214,215,216,217,218,218,219,220,220,221,221,221,221,221,221,221,221,221,221,221,221,220
213,213,213,213,213,214,214,214,214,214,214,214,214,214,214,214,215,215,215,216,216,216,216,217,217,217,217,217,218,218,218,218,218,218,219,219,219,219,219,219,219,219,218,217,215,210,192,155,110,76,59,52,57,68,77,78,77,76,75,73,72,70,70,71,72,74,75,76,78,79,80,82,83,84,84,84,83,81,77,74,71,69,67,66,66,66,65,63,61,60,58,56,53,53,55,60,65,71,77,80,80,80,80,79,78,78,77,77,75,71,68,66,65,65,66,66,66,68,70,73,75,78,80,81,80,80,79,77,76,75,73,71,71,72,74,77,80,84,87,92,99,106,110,112,111,109,109,111,111,110,107,107,109,108,94,71,53,51,59,71,78,85,105,142,176,192,197,199,200,202,203,205,206,207,208,210,211,212,214,215,216,217,218,218,219,220,220,221,221,221,221,221,221,221,221,221,221,221,221,221
213,213,213,213,214,214,214,214,215,215,215,214,214,214,214,215,215,215,216,216,216,217,217,217,217,217,217,217,218,218,218,218,218,218,219,219,219,219,219,219,219,219,219,217,216,209,187,144,97,67,54,48,53,66,75,78,77,77,76,74,72,70,70,72,74,75,75,75,76,76,76,77,79,80,81,82,82,81,79,77,75,74,72,71,70,68,67,64,61,59,58,55,52,51,53,57,62,68,73,75,75,74,74,73,72,72,72,72,70,68,65,64,64,64,65,65,67,71,74,77,77,77,75,71,68,65,63,62,60,58,55,52,51,53,57,61,65,69,73,79,87,97,105,110,111,109,109,110,110,108,106,107,109,105,86,60,48,57,71,78,73,68,86,129,171,192,197,199,200,201,202,204,205,206,208,209,211,212,213,215,216,217,217,218,219,220,221,221,221,221,221,221,221,221,221,221,221,221,221,221
213,213,213,214,214,214,214,214,215,215,215,215,214,215,215,215,216,216,216,216,217,217,217,217,217,217,217,218,218,218,218,218,218,219,219,219,219,219,219,219,220,219,219,218,216,210,190,146,96,66,54,50,54,66,74,77,77,76,76,74,73,71,71,73,74,73,71,68,67,65,64,65,66,68,69,71,71,70,69,69,70,71,71,72,72,71,68,65,62,60,58,56,53,52,53,55,59,64,68,70,70,70,69,68,66,66,66,65,64,63,62,62,62,61,62,64,67,72,75,75,72,67,60,54,50,50,52,53,53,51,47,43,42,44,49,54,58,61,63,66,71,80,92,103,109,109,109,109,109,106,105,106,109,105,88,65,59,70,80,75,58,50,74,125,170,192,197,199,200,201,202,203,204,205,207,208,210,211,213,214,216,216,217,218,219,220,221,221,221,221,221,221,221,221,221,221,221,221,221,221
213,213,214,214,214,214,214,214,215,215,215,215,215,215,216,216,216,216,217,217,217,217,217,217,217,218,218,218,218,218,219,219,219,219,219,219,219,219,220,220,220,220,219,218,216,212,197,155,100,64,53,52,57,67,74,75,75,75,75,75,73,71,71,71,70,66,60,55,52,50,51,52,55,57,59,60,59,57,55,54,55,57,61,65,68,69,68,65,62,60,58,56,54,53,53,55,57,59,61,64,66,68,68,67,65,63,62,61,60,59,59,59,59,59,60,61,65,68,70,67,60,51,43,38,39,43,49,53,55,54,51,46,44,46,51,56,60,63,66,67,66,67,76,91,103,107,108,108,107,106,105,106,108,107,94,77,72,79,77,61,43,42,74,128,172,192,197,199,200,201,202,203,204,205,206,208,209,211,212,214,215,216,217,218,219,220,221,221,221,221,221,221,221,221,221,221,221,221,221,221
213,213,214,214,214,214,214,215,215,215,215,216,216,216,216,216,216,217,217,217,217,217,218,218,218,218,218,218,219,219,219,219,219,219,219,219,220,220,220,220,220,220,219,218,216,214,202,164,107,64,51,52,59,67,72,73,73,74,75,74,73,71,69,67,62,55,47,43,42,43,46,49,52,55,57,57,56,53,48,44,42,42,46,50,56,61,63,63,61,59,57,55,54,54,54,54,54,55,56,60,65,69,70,69,68,66,64,62,61,60,59,58,58,57,57,58,60,62,61,56,47,38,33,32,35,41,48,53,57,60,58,53,49,49,53,58,63,68,73,76,73,66,66,77,93,103,106,106,106,105,104,105,107,107,99,87,82,79,65,46,35,44,82,136,176,193,197,198,200,201,202,202,203,204,206,207,209,210,212,213,215,216,217,218,219,220,221,221,221,221,221,222,222,222,222,222,222,222,221,221
213,213,214,214,214,214,215,215,215,215,216,216,216,216,216,216,217,217,217,217,218,218,218,218,218,218,218,219,219,219,219,219,219,219,219,219,220,220,220,220,220,220,219,218,216,214,204,170,114,66,48,50,59,67,71,71,71,72,73,74,73,70,65,58,51,44,40,39,41,44,48,52,55,58,60,59,58,54,49,43,38,35,36,38,43,49,54,57,57,57,56,54,54,54,54,53,53,53,56,61,67,72,74,75,74,73,71,69,66,63,61,58,57,56,55,55,55,55,52,45,37,32,30,31,33,37,41,46,52,57,57,52,49,49,53,59,65,73,81,85,82,74,67,69,83,97,103,104,104,103,103,103,105,106,101,93,87,73,52,36,33,50,93,146,181,194,197,198,199,200,201,202,203,204,205,207,208,209,211,213,214,215,217,218,219,220,221,221,221,221,222,222,221,221,221,222,222,222,222,222
214,214,214,214,214,215,215,215,215,216,216,216,216,216,217,217,217,217,217,218,218,218,218,218,218,219,219,219,219,220,220,220,220,220,220,220,220,220,220,221,220,220,219,218,216,215,206,175,120,70,47,48,58,66,69,69,69,70,72,73,72,66,57,48,42,39,40,41,44,47,50,54,58,61,63,62,60,56,52,46,40,36,33,33,34,39,44,49,52,54,54,53,53,53,53,53,53,54,58,64,70,75,78,79,79,79,79,76,73,67,62,59,57,55,53,52,51,49,44,37,31,29,30,32,34,34,32,33,38,44,45,41,38,39,45,54,63,73,84,90,89,84,76,71,78,91,100,102,101,101,101,102,104,105,102,97,89,69,44,30,33,58,105,155,185,194,197,198,199,200,201,202,202,203,205,206,207,209,210,212,214,215,216,217,219,220,221,221,221,221,222,221,221,221,221,222,222,222,222,222
214,214,214,215,215,215,215,216,216,216,216,216,216,217,217,217,217,218,218,218,218,219,219,219,219,219,219,220,220,220,220,220,220,220,220,220,220,220,221,221,221,220,220,218,217,215,207,179,126,74,46,46,56,65,68,68,67,68,70,71,69,60,49,42,40,41,43,44,45,47,50,55,60,64,66,65,62,57,52,46,41,37,34,32,31,33,37,42,47,51,52,52,52,52,51,51,52,55,59,65,71,76,79,80,81,82,82,81,77,69,62,58,57,56,54,53,50,45,38,31,28,29,34,42,45,40,28,22,27,36,37,29,24,27,37,49,59,68,77,84,88,88,84,79,81,90,98,100,99,99,99,101,103,105,104,101,93,69,40,27,34,66,117,164,188,195,197,198,199,200,200,201,202,203,204,205,207,208,210,212,213,215,216,217,219,220,221,221,222,222,221,221,222,221,222,222,222,222,222,222
214,215,215,215,215,215,215,216,216,216,216,216,217,217,217,218,218,218,218,218,219,219,219,219,219,220,220,220,220,220,221,221,221,220,220,220,221,221,221,221,221,221,220,219,217,216,209,183,133,77,46,43,55,65,68,66,65,66,67,67,64,54,45,43,45,46,46,45,45,46,48,52,56,60,61,61,59,53,46,40,37,35,34,32,31,31,33,37,43,48,52,52,52,50,49,49,51,55,60,65,70,75,78,79,80,81,83,83,78,68,59,54,55,57,57,55,50,43,35,31,31,38,51,67,72,58,33,18,22,35,39,29,23,30,46,63,72,71,67,66,72,79,82,82,85,92,98,100,99,98,99,100,102,104,105,104,96,70,39,25,37,75,129,171,190,195,197,198,198,199,200,201,201,202,203,205,206,207,209,211,213,215,216,217,219,220,221,221,221,221,221,222,222,222,222,222,222,222,222,222
215,215,215,215,216,216,216,216,216,216,217,217,217,217,218,218,218,218,219,219,219,219,219,219,219,220,220,220,220,220,221,221,221,221,221,221,221,221,221,221,221,221,220,219,218,216,210,187,138,81,46,41,53,65,68,65,64,64,64,64,59,51,46,49,52,51,49,46,45,44,43,42,43,43,44,47,47,41,32,28,30,37,41,39,35,32,32,35,40,46,51,52,51,48,46,47,50,54,59,63,68,73,77,78,79,80,81,81,76,66,56,50,51,56,58,54,47,41,37,36,42,55,76,96,101,78,42,19,19,31,36,28,27,42,66,90,103,94,70,52,50,61,72,79,85,93,98,100,99,99,99,100,102,104,105,106,97,71,39,25,41,85,139,177,192,195,196,197,198,198,199,200,201,202,203,204,206,207,209,211,213,214,216,217,219,220,221,221,221,221,221,222,222,222,222,222,222,222,222,222
215,215,215,216,216,216,216,216,216,217,217,217,217,217,218,218,218,219,219,219,219,219,219,219,219,220,220,220,221,221,221,221,221,221,221,221,221,221,221,221,221,221,221,220,218,216,211,191,145,85,46,39,51,64,67,65,63,63,62,61,56,50,48,51,55,54,50,45,42,41,38,33,28,24,25,30,33,27,18,18,30,50,62,58,46,38,36,38,40,44,48,51,49,45,42,43,47,52,57,62,66,71,75,77,77,77,78,78,74,66,55,47,46,51,54,49,41,38,39,43,52,67,86,107,113,91,52,23,17,22,24,21,26,46,77,111,128,115,81,51,43,52,65,75,84,92,98,100,100,98,98,100,103,105,105,103,96,72,41,28,47,96,149,182,193,195,196,197,198,198,199,199,200,201,203,204,205,207,208,210,212,214,215,217,218,220,221,221,221,221,222,222,222,222,222,222,222,222,222,222
215,215,215,216,216,216,217,217,217,217,217,217,218,218,218,218,219,219,219,219,219,219,219,219,220,220,220,221,221,221,221,221,221,221,221,221,221,222,222,222,222,221,221,220,218,217,213,196,152,92,49,39,50,63,66,64,63,63,62,60,55,50,48,49,50,48,43,38,38,43,45,39,27,18,16,19,21,16,11,16,38,68,83,74,56,44,41,40,39,40,44,48,47,42,40,41,45,51,56,61,65,69,73,75,75,75,76,76,73,66,56,47,44,46,47,43,38,37,41,45,51,61,75,92,103,91,60,30,18,17,17,17,25,47,83,117,128,111,82,62,58,64,72,79,86,93,97,100,99,98,98,100,103,105,102,98,90,72,44,33,57,107,157,185,193,195,196,197,198,198,199,199,200,201,202,204,205,207,208,210,212,213,215,217,218,220,221,221,221,222,222,222,222,222,222,222,222,222,222,222
215,215,215,216,216,217,217,217,217,217,217,218,218,218,218,219,219,219,220,220,220,220,220,220,220,220,221,221,221,221,221,221,221,221,221,221,222,222,222,222,222,222,221,220,219,217,214,200,161,102,55,40,48,61,65,64,63,63,62,60,56,51,47,45,43,39,33,30,36,52,66,63,45,27,18,16,15,12,11,21,46,74,83,71,53,43,41,41,40,40,43,46,45,41,39,41,45,51,57,62,65,69,72,73,74,75,76,76,74,68,60,50,44,43,44,43,42,45,47,47,49,53,62,73,82,80,62,39,25,21,19,20,30,52,82,104,104,92,81,78,81,84,87,89,90,93,95,98,99,98,98,100,103,105,100,91,82,69,47,40,67,119,165,188,193,195,196,197,197,198,198,199,200,201,202,203,205,206,208,210,212,213,215,216,218,219,220,221,222,222,222,222,222,222,222,222,222,222,222,222
215,215,216,216,217,217,217,217,218,218,218,218,218,218,219,219,219,220,220,220,220,220,220,220,220,221,221,221,221,221,221,222,222,222,221,222,222,222,222,222,222,222,221,220,219,217,214,204,171,115,65,44,48,60,65,64,63,64,63,61,57,53,50,46,42,36,30,27,36,56,78,82,65,41,24,18,15,14,17,28,48,65,67,57,46,41,42,44,46,47,46,46,44,41,40,42,47,53,59,63,66,69,71,73,74,75,77,78,76,72,65,55,47,43,43,45,48,53,55,54,53,55,61,67,72,73,64,49,38,33,30,30,38,55,72,81,81,81,88,95,97,97,97,95,93,92,93,95,97,98,98,100,104,105,98,85,75,65,50,47,77,130,171,189,193,195,196,196,197,198,198,199,199,200,201,203,204,206,208,210,211,213,214,216,217,219,220,221,222,222,222,222,222,222,222,222,222,222,222,222
215,216,216,216,217,217,217,218,218,218,218,218,218,219,219,219,219,220,220,220,220,220,220,220,221,221,221,221,221,221,221,222,222,222,222,222,222,222,222,222,222,222,221,220,219,217,215,207,181,130,77,49,50,60,65,65,64,64,64,62,60,57,54,51,48,44,39,35,38,51,68,76,68,49,33,26,25,27,31,40,51,59,58,52,46,43,45,49,53,53,50,47,45,42,42,45,50,56,61,64,67,69,71,73,74,76,79,80,80,77,72,64,55,48,45,46,51,56,59,59,58,59,63,67,71,72,68,60,52,48,44,41,45,55,65,72,77,85,97,104,103,101,98,95,92,90,90,93,95,96,98,100,104,105,97,82,69,62,53,54,87,140,177,191,193,194,196,197,197,198,198,199,199,200,201,202,204,206,208,210,211,213,214,216,217,219,220,221,222,222,222,222,222,223,222,222,222,222,222,222
216,216,216,217,217,217,218,218,218,218,218,218,219,219,219,219,219,220,220,220,220,220,220,220,221,221,221,221,221,221,221,222,222,222,222,222,222,222,222,222,222,222,221,220,219,217,215,210,190,143,87,54,52,61,66,65,64,65,64,63,62,60,58,57,57,55,51,48,45,47,52,57,57,50,44,42,44,48,53,58,62,62,59,53,49,47,50,54,56,55,51,47,45,44,45,48,52,57,62,65,68,70,72,74,75,78,82,84,84,82,80,75,66,56,50,48,51,56,60,61,61,61,62,63,65,66,65,62,59,56,52,49,52,60,69,78,87,96,103,106,103,99,96,93,90,88,89,91,93,95,97,101,104,104,96,79,64,59,55,62,97,148,181,191,193,194,196,197,198,198,198,199,199,200,201,202,204,206,208,210,211,213,214,216,217,219,220,221,222,222,222,222,223,223,222,222,223,223,223,223
216,216,216,217,217,218,218,218,218,218,218,219,219,219,219,219,220,220,220,220,220,220,220,220,221,221,221,221,221,221,221,222,222,222,222,222,222,222,222,222,222,222,221,220,219,217,216,212,197,154,95,58,54,62,66,66,65,65,65,65,63,62,61,60,60,60,59,56,53,50,49,49,50,52,53,55,58,62,66,69,68,64,58,54,51,52,55,57,57,54,50,47,46,46,47,49,53,58,63,68,70,72,74,75,77,80,84,87,87,86,85,83,77,66,56,51,51,55,60,63,64,65,64,62,60,59,58,58,58,57,55,54,58,66,75,86,95,103,107,106,102,96,92,90,88,87,88,90,93,95,97,101,105,105,96,77,61,56,57,68,106,155,184,192,193,194,196,197,198,198,198,199,199,200,201,202,204,206,208,210,211,212,214,216,217,219,220,221,222,222,222,222,223,223,223,223,223,223,223,223
216,216,217,217,217,218,218,218,218,219,219,219,219,219,219,219,220,220,220,220,220,220,220,220,221,221,221,221,221,221,221,221,222,222,222,222,222,222,222,222,222,222,222,221,219,218,216,213,200,160,100,59,54,62,67,66,66,66,66,66,65,63,61,60,60,61,60,59,57,55,53,53,53,54,56,57,59,62,64,66,64,61,58,56,57,60,61,60,56,53,50,48,47,48,48,49,52,58,65,71,74,75,76,77,78,80,84,88,89,86,85,86,83,75,66,59,55,56,59,63,67,69,70,68,64,61,59,59,59,58,58,59,63,70,77,86,95,102,105,103,98,94,91,89,87,86,88,91,93,96,99,102,106,106,96,76,59,55,57,72,112,159,186,192,193,195,196,197,197,198,198,199,199,200,201,202,203,205,207,209,211,212,214,216,217,219,220,221,222,222,222,222,223,223,223,223,223,223,223,223
217,217,217,217,218,218,218,218,219,219,219,219,219,219,219,220,220,220,221,221,221,221,221,221,221,221,221,221,221,221,221,221,222,222,222,222,222,222,222,222,223,222,222,221,219,218,216,214,201,160,99,57,52,61,67,66,66,66,67,66,65,64,61,59,59,59,59,59,58,57,57,56,56,56,55,54,55,57,59,60,61,61,62,64,66,67,65,60,55,52,50,49,49,49,48,49,53,60,67,73,77,78,78,79,79,81,84,87,87,84,82,83,83,81,75,69,65,62,62,64,67,70,73,73,72,69,67,66,65,64,64,65,68,73,78,85,91,96,97,97,95,93,91,89,87,87,89,92,95,98,101,104,107,107,97,77,60,54,55,72,115,161,186,192,194,195,196,196,197,198,198,199,199,200,201,202,203,205,207,209,211,212,214,216,217,219,220,221,222,222,222,222,222,223,223,223,223,223,223,223
217,217,217,217,218,218,218,219,219,219,219,219,219,220,220,220,220,221,221,221,221,221,221,221,221,221,221,222,222,222,222,222,222,222,222,222,222,222,222,222,223,222,222,221,220,218,216,213,197,153,92,52,48,59,66,67,66,67,67,67,66,64,61,59,58,58,58,58,58,57,57,58,58,58,56,55,56,58,60,63,65,67,71,73,74,71,67,61,57,54,52,51,50,49,48,50,56,63,70,76,79,80,80,81,81,83,84,86,85,82,79,78,80,82,81,78,74,70,68,68,69,70,73,75,76,76,76,75,73,72,71,71,73,76,80,84,88,91,92,93,94,94,93,90,88,88,90,93,97,101,103,105,108,108,99,80,64,55,52,69,113,160,185,192,194,195,196,196,197,197,198,199,200,200,201,201,203,204,206,209,211,212,214,216,217,219,220,221,222,222,222,222,222,223,223,223,223,223,223,223
217,217,217,218,218,218,219,219,219,219,219,219,220,220,220,220,220,221,221,221,221,221,221,221,221,221,222,222,222,222,222,222,222,222,222,223,222,222,222,222,223,222,222,221,220,218,216,210,188,140,81,45,44,58,66,68,67,68,68,68,66,64,62,61,59,59,58,57,57,56,57,58,59,59,59,59,61,64,67,70,73,75,77,78,76,72,68,64,60,57,54,53,50,48,48,52,59,66,73,78,80,81,82,83,84,85,85,85,84,81,77,74,76,81,84,84,81,77,75,73,72,71,72,75,77,79,80,80,79,78,78,78,79,81,83,86,88,90,92,93,95,96,95,92,90,90,92,95,100,103,106,108,110,109,99,83,66,52,46,64,110,157,184,192,194,195,196,196,197,198,198,199,199,200,201,201,202,204,206,209,211,212,214,215,217,219,220,221,222,222,222,222,222,223,223,223,223,223,223,223
217,217,218,218,218,219,219,219,219,219,219,219,220,220,220,220,221,221,221,221,221,221,221,221,221,222,222,222,222,222,222,222,222,223,223,223,223,222,222,222,222,222,222,221,220,219,216,206,178,127,72,43,44,58,67,69,69,69,69,69,67,66,64,63,62,61,60,59,57,57,57,58,60,61,62,64,68,71,75,78,80,81,80,77,75,72,70,67,63,60,57,53,49,47,49,55,63,70,76,80,82,83,84,85,86,87,87,86,85,82,77,74,74,79,85,87,86,83,81,80,77,75,74,75,76,78,79,80,80,80,81,82,84,85,87,89,91,93,95,97,97,98,96,94,92,92,93,97,102,106,109,111,112,109,99,82,64,47,42,63,109,155,183,192,194,195,196,196,197,198,198,199,199,200,200,201,202,204,206,209,211,212,214,215,217,219,220,221,222,222,222,222,222,223,223,223,223,223,223,223
218,218,218,218,218,219,219,219,219,219,219,220,220,220,220,221,221,221,221,221,221,221,221,221,221,222,222,222,222,222,222,222,223,223,223,223,223,223,222,222,222,222,222,221,220,219,216,203,169,118,71,48,49,60,68,71,71,71,71,70,69,68,67,66,65,64,63,61,60,59,59,61,63,65,67,69,73,76,80,81,82,81,79,76,74,74,73,70,66,62,57,52,48,47,52,60,67,74,79,83,85,86,87,89,89,90,89,88,87,84,81,77,75,79,86,90,91,89,87,85,83,81,78,77,76,76,77,78,79,80,81,83,85,87,89,91,94,96,99,99,99,98,96,94,93,93,95,99,104,109,112,114,114,110,99,82,61,45,44,67,112,156,182,192,194,195,196,196,197,198,198,199,199,200,200,201,202,204,206,209,211,212,214,215,217,218,220,221,222,222,222,222,223,223,223,223,223,223,223,223
218,218,218,218,219,219,219,219,219,220,220,220,220,220,221,221,221,221,221,221,221,222,221,221,222,222,222,222,222,222,222,222,223,223,223,223,223,223,222,222,222,222,222,221,220,219,215,200,163,114,73,55,54,62,69,72,73,73,73,73,72,71,70,69,68,67,66,64,63,62,63,65,68,70,71,73,75,77,79,80,80,79,78,77,77,78,77,73,68,62,57,51,47,50,57,66,73,79,84,87,88,89,91,92,93,94,94,92,90,87,85,82,79,80,86,93,95,94,92,90,88,86,83,80,78,76,75,75,77,78,78,80,83,86,89,92,95,97,99,100,99,97,95,94,94,95,98,101,106,111,115,117,116,111,100,83,64,52,55,78,118,157,182,191,194,196,196,196,197,198,198,199,199,200,200,201,202,204,206,209,211,212,214,215,217,218,220,221,222,222,222,223,223,223,223,223,223,223,223,223
218,218,218,218,219,219,219,219,219,220,220,220,220,221,221,221,221,221,221,221,222,222,222,222,222,222,222,222,222,222,222,222,223,223,223,223,223,223,223,223,223,222,222,221,220,219,215,199,160,110,73,56,55,63,71,74,75,75,76,76,75,74,73,72,71,70,68,67,66,66,67,69,71,72,73,73,73,74,75,76,77,77,78,79,81,81,79,75,69,62,55,49,49,54,63,72,80,86,90,91,92,93,94,96,97,98,98,96,93,91,89,87,83,82,87,93,98,98,95,93,91,90,88,85,81,77,75,75,76,77,77,77,80,83,87,90,93,95,97,97,96,95,94,94,95,99,102,105,108,113,117,119,117,112,102,85,69,63,69,91,126,160,182,192,195,196,196,196,197,198,198,199,199,200,200,201,202,204,206,209,210,212,213,215,217,218,220,221,222,222,222,223,223,223,223,223,223,223,223,223
218,218,218,218,219,219,219,219,220,220,220,220,220,221,221,221,221,221,221,221,222,222,222,222,222,222,222,222,222,222,222,223,223,223,223,223,223,223,223,223,223,223,222,221,220,219,216,199,159,107,70,55,53,62,72,76,76,77,78,79,79,77,76,74,73,71,70,69,68,68,69,70,71,71,70,69,69,70,72,74,76,78,80,82,84,83,80,75,68,60,53,49,52,60,68,77,86,92,95,97,97,97,98,100,101,101,101,100,98,96,94,91,87,84,86,92,97,98,96,94,94,93,91,88,84,80,77,76,77,77,77,76,77,80,83,86,88,90,91,93,94,94,95,97,100,104,107,109,112,115,118,120,118,113,102,85,71,70,79,100,132,165,185,192,195,195,196,196,197,198,198,199,199,200,200,201,202,204,206,209,210,212,213,215,217,218,220,221,222,222,223,223,223,223,223,223,223,223,223,223
218,218,218,218,219,219,219,219,220,220,220,220,220,221,221,221,221,221,221,221,222,222,222,222,222,222,222,222,222,222,222,222,223,223,223,223,223,223,223,223,223,222,222,221,221,220,216,200,160,107,70,53,52,62,72,76,77,78,79,81,81,80,78,76,74,72,71,70,69,68,68,67,67,67,66,65,66,68,71,74,77,80,83,86,86,84,79,74,66,57,51,51,57,65,73,82,90,97,100,102,102,102,103,104,105,105,105,104,103,102,99,95,89,85,85,90,94,95,94,94,95,95,94,91,88,84,81,80,80,79,78,77,77,79,81,82,84,86,88,90,92,95,98,101,106,110,113,114,115,117,119,120,118,112,99,81,69,71,83,105,138,170,187,193,195,195,196,196,197,197,198,199,199,199,200,201,202,203,206,208,210,211,213,215,217,218,220,221,222,222,223,223,223,223,223,223,223,223,223,223
218,218,218,219,219,219,219,220,220,220,220,220,221,221,221,221,221,221,221,222,222,222,222,222,222,222,222,222,222,222,222,222,222,223,223,223,223,223,223,223,222,222,222,221,221,220,217,203,165,111,71,53,50,60,71,77,78,79,80,82,83,82,80,77,75,73,72,70,69,68,67,65,64,64,66,67,68,71,73,74,78,82,86,87,87,84,79,72,63,54,50,53,61,70,78,88,95,101,104,107,108,108,108,109,109,109,108,108,108,107,104,98,91,85,83,86,90,92,92,93,95,96,96,94,91,88,85,84,83,82,81,80,80,81,82,82,83,85,88,91,93,96,100,106,111,115,118,119,118,118,119,120,118,111,97,77,65,70,85,109,144,174,190,194,195,195,196,196,197,197,198,198,199,199,200,201,202,203,205,208,210,211,213,215,216,218,220,221,222,222,223,223,223,223,223,223,223,223,223,223
218,218,218,219,219,219,220,220,220,220,220,220,221,221,221,221,221,221,221,222,222,222,222,222,222,222,222,222,222,222,222,222,222,223,223,223,223,223,223,222,222,222,222,221,220,219,218,207,174,122,78,54,49,58,70,76,79,80,81,82,83,82,81,78,76,75,73,72,70,70,69,68,67,68,70,72,73,74,75,76,79,84,87,88,87,84,80,71,59,51,50,56,64,74,84,93,100,105,109,112,114,114,114,113,112,112,112,112,113,112,109,102,93,85,81,82,86,88,89,92,94,96,96,95,93,91,89,87,86,85,84,84,84,84,85,84,85,87,91,93,94,97,102,109,115,119,121,121,120,118,118,119,118,111,95,75,65,72,89,117,152,180,192,194,195,195,196,196,196,197,197,198,198,199,200,201,202,203,205,208,210,211,213,214,216,218,220,221,222,222,223,223,223,223,223,223,223,223,223,223
218,218,218,219,219,220,220,220,220,220,220,221,221,221,221,221,221,221,222,222,222,222,222,222,222,222,222,222,222,222,222,222,222,223,223,223,223,223,223,222,222,222,222,221,220,219,218,212,187,141,93,60,49,56,68,76,79,80,81,82,83,82,81,80,78,77,76,74,74,74,74,74,73,74,75,76,77,78,78,79,82,86,89,89,88,86,80,69,57,51,53,60,68,78,88,97,103,108,114,119,121,121,119,117,116,115,115,116,117,116,114,107,97,87,81,79,81,83,85,88,92,95,95,95,94,93,92,90,88,88,88,87,87,88,88,88,88,90,93,95,95,98,103,110,116,120,122,121,120,118,118,119,117,110,94,75,68,78,99,129,162,185,193,195,195,195,195,196,196,197,197,198,198,199,200,201,202,203,205,208,210,211,212,214,216,218,220,221,222,222,223,223,223,223,223,223,223,223,223,223
218,218,219,219,219,220,220,220,220,220,221,221,221,221,221,222,222,222,222,222,222,222,222,222,222,222,222,222,222,222,222,222,222,223,223,223,223,223,222,222,222,222,222,221,220,219,219,215,200,165,116,73,51,54,66,74,78,80,81,83,83,83,82,81,80,80,78,77,77,78,79,78,77,78,79,80,80,81,82,84,87,90,92,92,91,87,79,67,56,54,59,66,74,82,92,99,105,112,119,125,128,127,125,122,119,118,118,119,120,120,119,114,105,94,85,79,78,78,79,81,87,92,93,94,94,94,94,93,91,91,90,90,90,90,91,92,92,93,95,96,97,99,104,110,115,119,121,120,119,118,118,118,117,109,94,76,73,87,114,145,174,189,194,195,195,195,195,196,196,197,197,197,198,199,200,201,202,203,205,208,210,211,213,214,216,218,220,221,222,222,222,223,223,223,223,223,223,223,223,223
218,219,219,219,220,220,220,220,220,221,221,221,221,221,222,222,222,222,222,222,222,222,222,222,222,222,222,222,222,222,222,222,222,222,223,223,223,223,222,222,222,222,222,221,220,220,219,217,210,187,145,94,60,53,63,73,77,79,81,83,84,84,83,81,81,80,79,79,80,81,81,79,79,80,82,83,84,85,86,89,91,94,95,94,92,86,76,65,58,60,66,73,80,86,94,101,107,115,123,131,135,135,132,128,124,122,122,122,122,123,123,122,115,104,93,85,81,78,74,74,80,87,91,92,93,94,95,95,94,94,93,93,92,93,93,94,94,96,97,98,99,100,104,109,114,118,119,119,118,118,118,118,116,108,93,78,81,103,134,163,184,192,194,195,195,195,195,196,196,197,197,198,198,199,200,201,202,203,205,208,210,211,213,215,216,218,220,221,222,222,222,223,223,223,223,223,223,223,223,223
219,219,219,219,220,220,220,220,220,221,221,221,221,222,222,222,222,222,222,222,222,222,222,222,222,222,222,222,222,222,222,222,222,222,223,223,223,222,222,222,222,222,221,221,220,220,219,218,214,202,169,118,73,56,61,71,75,78,81,83,84,84,83,81,80,79,78,79,80,82,82,81,81,83,86,86,87,88,90,92,94,96,96,94,90,82,71,64,63,67,74,79,85,90,95,102,109,117,125,134,140,142,142,137,132,128,126,125,124,124,126,127,124,115,104,95,89,83,75,70,73,81,87,91,93,94,96,97,97,97,97,96,96,96,95,95,95,96,98,99,100,101,103,107,112,115,117,117,117,117,117,117,115,107,93,85,97,127,158,179,190,194,194,195,195,195,195,196,196,197,197,198,198,199,200,200,201,203,206,208,210,211,213,215,216,218,220,221,222,222,222,223,223,223,223,223,223,223,223,223
219,219,219,220,220,220,220,220,220,221,221,221,221,222,222,222,222,222,222,222,222,222,222,222,222,222,222,222,222,222,222,222,222,222,222,222,222,222,222,222,222,221,221,221,220,220,219,218,216,209,185,138,86,59,60,69,74,77,79,82,84,84,82,80,78,77,77,78,79,81,82,83,85,87,89,89,90,92,93,94,95,96,96,94,87,77,68,65,69,75,80,85,89,93,97,103,109,117,125,133,140,145,147,145,139,133,129,126,124,124,126,129,128,122,113,105,100,94,83,73,70,75,83,89,93,96,97,98,98,99,99,99,99,98,97,96,96,96,98,99,100,101,103,106,109,112,114,115,115,116,116,115,113,105,95,96,120,153,177,188,193,194,194,194,195,195,195,196,196,196,197,198,198,199,200,200,202,203,206,208,210,211,213,215,216,218,220,221,222,222,222,223,223,223,223,223,223,223,223,223
219,219,219,219,220,220,220,220,221,221,221,221,221,222,222,222,222,222,222,222,222,222,222,222,222,222,222,222,222,222,222,222,222,222,222,222,222,222,222,222,221,221,221,221,220,220,219,218,216,212,195,152,96,62,58,67,73,76,78,81,83,83,82,79,77,75,75,76,78,80,83,85,87,89,91,92,94,95,96,96,96,95,95,91,82,72,67,70,75,80,85,90,93,95,97,102,107,114,121,128,135,140,144,144,140,134,129,125,122,121,122,125,127,124,118,114,111,106,96,82,72,72,79,87,93,98,100,100,101,101,102,101,101,100,98,96,95,95,97,98,99,101,103,105,108,109,111,112,113,113,114,114,111,104,96,105,136,169,186,192,193,194,194,195,195,195,195,196,196,196,197,198,198,199,200,201,202,204,206,208,210,211,213,215,216,218,220,221,222,222,222,223,223,223,223,223,223,223,223,223
219,219,219,219,220,220,220,220,221,221,221,221,221,222,222,222,222,222,222,222,222,222,222,222,222,222,222,222,222,222,222,222,222,222,222,222,222,221,221,221,221,221,221,220,220,220,219,218,216,214,201,163,107,65,56,64,71,75,77,79,80,81,80,77,75,74,74,75,77,79,83,86,88,89,92,95,97,98,98,98,97,94,92,87,78,71,71,76,81,84,89,93,95,95,96,99,104,109,116,122,127,131,135,136,134,129,124,120,117,116,116,118,121,121,119,119,119,118,110,96,80,73,77,85,92,99,103,103,103,103,103,102,101,100,99,96,94,94,95,97,99,101,103,105,107,108,109,111,112,112,113,113,110,101,94,107,141,173,188,192,193,194,194,195,195,195,196,196,196,196,197,198,198,199,200,201,202,204,206,208,210,211,213,215,217,218,220,221,221,222,222,223,223,223,223,223,223,223,223,223
219,219,219,220,220,220,220,221,221,221,221,222,222,222,222,222,222,222,222,222,222,222,222,222,222,222,222,222,222,222,222,222,222,222,222,222,221,221,221,221,221,221,220,220,220,219,219,218,216,214,205,173,118,70,54,60,70,74,75,76,78,79,78,76,74,73,73,75,77,79,83,86,89,92,95,99,100,100,100,100,98,94,90,83,76,73,76,81,84,86,89,92,92,92,93,95,99,104,109,114,119,123,125,126,124,121,116,113,111,111,111,111,112,113,115,118,121,123,120,108,92,79,76,82,90,98,102,104,103,103,103,102,101,100,99,96,94,93,95,98,100,102,103,104,107,108,110,111,112,112,113,112,108,98,90,104,140,173,188,192,193,194,195,195,195,196,196,196,196,196,197,198,198,199,200,201,202,204,206,208,210,211,213,215,217,219,220,221,221,222,222,223,223,223,223,223,223,223,223,223
219,219,220,220,220,220,221,221,221,222,222,222,222,222,222,222,222,222,222,222,222,222,222,222,222,222,222,222,222,222,222,222,222,222,221,221,221,221,221,221,221,220,220,220,220,219,219,218,217,215,208,182,132,81,56,58,68,73,74,75,77,78,77,75,73,72,73,75,77,80,84,87,91,94,98,101,102,103,102,100,98,94,89,83,77,76,80,84,84,84,84,83,82,82,85,90,95,99,103,108,113,115,117,117,116,113,109,107,107,106,103,99,95,94,98,105,112,119,121,115,101,85,78,81,88,95,100,102,104,105,104,103,103,101,100,98,97,96,97,100,102,104,104,105,106,109,111,111,111,112,112,111,106,95,86,101,140,174,188,192,194,194,195,195,196,196,196,196,196,196,197,198,198,199,200,201,202,204,206,208,210,211,213,215,217,219,220,221,222,222,222,223,223,223,223,223,223,223,223,223
219,220,220,220,220,221,221,221,221,222,222,222,222,222,222,222,222,222,222,222,222,222,222,222,222,222,222,222,222,222,222,222,222,222,221,221,221,221,221,221,221,220,220,220,220,219,219,218,217,215,211,193,151,99,65,59,66,71,73,74,76,78,77,74,72,72,73,75,77,80,85,89,92,96,99,101,103,104,103,100,97,93,89,84,80,79,82,83,80,75,70,65,62,63,69,77,85,92,97,103,107,109,110,110,110,107,104,102,100,96,86,75,66,64,69,80,92,103,111,112,103,89,80,80,86,92,97,101,105,106,106,106,106,105,103,102,102,102,102,103,104,106,106,106,106,109,111,110,110,110,111,109,103,92,85,103,143,176,189,193,194,195,195,195,196,196,196,196,196,196,197,197,198,199,200,201,202,204,206,208,210,212,214,216,217,219,220,221,222,222,222,223,223,223,223,224,223,223,223,223
220,220,220,220,220,221,221,221,221,221,222,222,222,222,222,222,222,222,222,222,222,222,222,222,222,222,222,222,222,222,222,222,222,222,221,221,221,221,221,221,221,220,220,220,219,219,219,218,217,216,213,200,168,118,76,61,64,69,71,73,75,76,76,74,72,71,72,74,77,81,85,89,93,95,97,99,103,105,104,100,96,92,89,85,81,79,80,77,69,59,50,43,40,41,47,55,66,78,89,97,101,102,102,103,103,102,100,95,87,73,57,45,36,35,42,53,66,79,92,101,99,89,81,80,85,90,96,101,104,106,107,108,108,109,108,107,108,108,108,107,107,108,108,107,107,109,110,109,108,108,109,106,99,88,85,107,147,178,190,193,194,195,196,196,196,196,196,196,196,196,197,198,198,199,200,201,202,204,206,208,210,212,214,216,217,219,220,221,222,222,222,222,223,223,223,224,223,223,223,223
220,220,220,220,221,221,221,221,221,222,222,222,222,222,222,222,222,222,222,222,222,222,222,222,222,222,222,222,222,222,222,222,221,221,221,221,221,221,221,221,221,220,220,220,219,219,219,218,217,216,213,205,180,134,88,65,62,66,70,73,74,75,75,74,72,71,72,74,76,80,85,90,92,93,95,98,102,105,104,101,96,91,88,86,81,77,73,66,54,43,35,31,28,28,30,33,43,59,76,87,91,92,93,93,94,94,92,85,69,47,31,24,22,25,32,40,49,60,74,87,90,85,80,80,84,89,94,98,102,105,107,108,109,110,110,110,111,112,113,113,112,111,110,108,107,109,110,108,107,107,106,102,92,81,85,113,153,181,191,194,195,195,196,196,196,196,196,196,196,197,197,198,198,199,200,201,202,203,206,208,210,212,214,216,217,219,220,221,222,222,222,222,223,223,223,223,223,223,223,223
220,220,220,220,221,221,221,221,221,222,222,222,222,222,222,222,222,222,222,222,222,222,222,222,222,222,222,222,222,222,221,221,221,221,221,221,221,221,221,221,221,220,220,220,219,219,219,218,217,216,214,208,189,150,102,70,60,62,67,71,73,74,75,74,72,71,72,73,75,79,83,88,91,92,94,98,102,104,103,100,96,91,89,87,82,75,66,57,46,40,37,34,30,27,25,25,33,49,65,75,80,82,82,82,83,83,82,76,60,40,27,26,30,37,44,49,52,57,67,77,81,79,77,79,83,88,92,96,99,102,105,106,107,108,108,108,109,112,115,117,117,114,112,109,107,108,109,107,105,105,104,97,84,74,83,117,157,183,192,194,195,195,196,196,196,196,196,196,196,197,197,198,198,199,200,201,202,204,206,208,210,212,214,216,217,219,220,222,222,222,222,222,223,223,223,223,223,223,223,223
220,220,220,221,221,221,221,221,221,222,222,222,222,222,222,222,222,222,222,222,222,222,222,222,222,222,222,222,222,221,221,221,221,221,221,221,221,221,221,221,220,220,220,220,219,219,219,218,217,216,214,210,197,163,115,76,58,57,63,68,70,72,74,73,72,71,71,72,74,77,81,86,89,91,93,96,100,102,102,99,95,91,89,87,82,72,62,53,49,50,53,51,45,40,36,37,45,59,68,70,71,73,74,74,73,72,72,71,65,54,48,49,55,62,67,69,68,66,68,72,73,73,75,79,83,86,90,93,97,99,101,103,104,104,104,103,105,110,115,118,119,116,112,109,107,107,108,106,104,102,100,90,76,70,86,122,162,185,193,194,195,195,195,196,196,196,196,196,196,197,197,198,198,199,200,201,202,204,206,208,210,212,214,216,217,219,220,221,222,222,222,222,223,223,223,223,223,223,223,223
220,220,220,220,221,221,221,221,221,222,222,222,222,222,222,222,222,222,222,222,222,222,222,222,222,222,222,222,222,221,221,221,221,221,221,221,221,221,221,221,220,220,220,220,219,219,219,218,217,216,215,212,202,174,127,80,55,50,55,62,67,70,72,73,73,71,71,71,74,77,79,83,86,89,91,93,96,98,99,97,93,89,88,85,79,70,60,55,55,62,69,68,63,58,55,57,65,74,76,70,65,66,68,68,65,61,60,63,67,68,69,72,78,82,83,81,77,73,69,68,67,70,75,79,82,85,87,89,92,95,97,99,101,101,101,100,102,106,111,116,117,115,112,108,106,106,106,104,101,98,94,83,71,70,92,130,167,187,193,194,195,195,195,196,196,196,196,196,196,197,197,198,199,199,200,201,202,204,206,208,210,212,214,215,217,219,220,221,222,222,222,223,223,223,223,223,223,223,223,223
219,220,220,220,221,221,221,221,221,221,222,222,222,222,222,222,222,221,222,222,222,222,222,222,222,222,222,222,222,222,221,221,221,221,221,221,221,221,221,220,220,220,220,220,219,219,219,218,217,216,215,213,205,183,138,85,51,42,47,57,64,67,71,73,74,72,71,72,75,77,79,80,82,86,88,90,93,94,94,92,90,87,85,81,75,67,59,55,57,63,69,70,67,64,63,65,70,75,73,65,59,59,62,63,58,51,48,52,59,65,71,76,81,82,80,75,71,68,65,64,66,70,76,80,82,83,83,85,87,91,94,96,98,98,98,99,100,104,108,113,115,114,111,106,103,103,103,100,97,93,86,76,67,71,98,138,172,189,193,194,195,195,195,195,196,196,196,196,196,197,197,198,199,199,200,201,202,204,206,208,210,212,214,215,217,219,220,221,222,222,222,223,223,223,223,223,223,224,223,223
219,219,220,220,220,221,221,221,221,222,222,222,222,222,222,222,221,221,221,222,222,222,222,222,222,222,222,222,222,222,222,221,221,221,221,221,221,221,220,220,220,220,220,220,219,219,219,218,217,216,215,213,208,190,148,92,52,39,42,51,60,65,68,72,74,73,73,73,75,77,77,76,77,82,86,89,91,91,90,88,86,84,81,77,72,66,59,55,54,56,58,59,58,57,57,57,59,61,61,57,53,53,56,58,54,49,46,46,50,54,58,63,67,68,66,62,60,61,63,66,70,74,77,80,81,81,81,81,84,87,89,91,93,94,95,97,100,103,107,111,113,113,110,105,100,99,99,96,93,87,77,66,62,72,102,143,175,189,193,194,195,195,195,196,196,196,196,196,196,197,197,198,199,199,200,201,202,204,206,208,210,212,214,215,217,219,220,221,222,222,223,223,223,223,223,223,223,224,223,223
219,219,219,220,220,221,221,221,221,222,222,222,222,222,222,222,221,221,221,222,222,222,222,221,222,222,222,222,222,222,221,221,221,221,221,221,221,220,220,220,220,220,220,219,219,219,219,218,217,216,215,213,210,197,160,104,57,39,39,47,56,62,66,70,72,72,72,72,74,75,74,72,73,78,84,88,88,87,86,84,83,81,78,76,72,68,62,56,52,50,49,49,49,49,48,47,48,51,53,52,51,52,54,55,54,52,51,50,49,49,51,54,56,58,57,57,58,62,66,71,75,77,79,80,80,80,80,81,82,84,85,86,88,89,91,95,99,103,107,111,112,113,110,104,99,97,95,92,89,81,68,57,58,75,110,150,177,188,192,194,195,195,195,196,196,196,196,196,197,197,197,198,198,199,200,201,202,204,206,209,211,212,214,216,217,219,220,221,222,222,223,223,223,223,223,223,223,223,223,223
219,219,219,220,220,220,221,221,221,222,222,222,222,221,221,221,221,221,222,222,222,222,222,222,221,222,222,222,222,221,221,221,221,221,221,220,220,220,220,220,220,219,219,219,219,219,219,218,218,217,215,214,211,202,172,118,66,39,36,42,52,59,64,68,69,69,70,71,73,74,72,69,70,76,83,85,85,83,81,80,79,77,76,74,73,70,65,60,54,50,48,47,47,46,45,45,46,49,52,54,54,55,56,57,57,56,56,54,53,53,54,55,56,56,57,58,61,65,69,73,76,78,80,80,79,79,80,82,83,82,82,82,85,87,89,92,96,101,106,110,111,110,107,102,98,95,92,90,86,76,60,50,56,82,123,160,181,189,193,194,195,195,195,196,196,196,196,197,197,197,197,198,198,199,200,201,203,205,207,209,211,212,214,216,217,219,220,221,222,222,223,223,223,223,223,223,223,223,223,223
219,219,219,219,220,220,221,221,221,222,222,222,221,221,221,221,221,221,222,222,222,222,222,221,222,222,222,222,221,221,221,221,221,220,220,220,220,220,220,220,219,219,219,219,219,219,219,218,218,217,216,214,213,207,183,133,75,41,32,38,47,56,61,65,67,67,68,69,71,73,72,69,69,74,79,81,80,79,77,76,75,74,73,73,72,70,67,63,57,53,50,49,48,47,48,48,49,50,53,57,60,60,60,60,58,57,57,56,55,57,59,60,60,60,59,60,62,64,67,69,72,75,78,78,78,78,80,81,82,81,81,82,84,86,86,88,92,97,103,108,110,108,104,99,96,93,90,87,83,71,54,46,57,91,135,169,186,191,193,194,195,195,196,196,196,197,197,197,197,197,197,198,198,199,200,202,203,205,207,209,211,213,214,216,217,219,220,221,222,222,223,223,223,223,223,223,223,223,223,223
219,219,219,219,220,220,220,220,221,221,222,222,221,221,221,221,221,221,221,222,222,222,221,221,221,221,221,221,221,221,221,221,221,220,220,220,220,220,220,219,219,219,219,219,219,219,218,218,218,217,216,215,213,209,191,146,86,44,30,32,41,50,56,61,64,65,65,66,68,71,72,70,69,71,74,75,75,75,74,74,72,71,71,71,70,69,68,63,57,53,51,49,47,47,50,51,51,51,55,61,64,64,63,61,59,57,55,54,55,57,61,62,62,62,61,61,61,61,62,63,66,71,75,75,74,74,76,77,77,78,80,82,83,83,84,85,88,93,99,105,109,108,104,99,95,92,89,85,78,65,49,43,59,98,145,177,189,193,194,195,195,196,196,196,197,197,197,197,197,197,198,198,199,200,201,202,203,205,207,209,211,213,214,216,217,219,220,221,222,222,223,223,223,223,223,223,223,223,223,223
219,219,219,219,220,220,220,220,221,221,221,221,221,221,221,221,221,221,221,221,221,221,221,221,221,221,221,221,221,221,221,221,221,220,220,220,220,220,219,219,219,219,219,219,219,218,218,218,218,217,216,215,214,211,197,158,99,51,29,27,35,44,50,56,61,62,61,61,63,68,71,70,67,67,68,69,69,69,69,69,68,68,67,67,66,66,66,62,56,51,48,47,46,47,50,51,51,52,57,62,66,65,62,60,59,56,53,52,53,56,58,59,59,60,62,62,62,61,60,59,61,68,73,72,68,66,68,70,70,71,77,82,83,81,82,84,86,89,93,100,105,107,104,100,95,92,89,83,73,57,44,42,62,104,152,181,191,194,195,196,196,196,196,196,196,196,197,197,197,197,198,198,199,200,201,202,204,205,207,209,211,213,214,216,217,219,220,221,222,222,223,223,223,223,223,223,223,223,223,223
219,219,219,219,220,220,220,220,221,221,221,221,221,221,221,221,221,221,221,221,221,221,221,221,221,221,221,221,221,221,221,221,220,220,220,220,220,219,219,219,219,219,219,218,218,218,218,218,218,217,216,215,214,212,202,169,113,59,31,26,33,42,48,54,58,60,59,58,60,64,67,65,62,62,63,63,62,61,61,62,63,63,63,62,61,61,62,60,54,49,45,43,43,45,47,48,50,53,56,59,63,62,59,57,58,56,52,51,52,55,56,53,52,54,59,61,62,62,61,60,61,67,73,71,63,59,61,63,62,63,71,79,81,79,79,80,81,82,85,92,100,104,104,101,96,92,87,79,66,50,40,43,67,112,158,185,193,194,195,196,196,196,196,196,196,196,197,197,197,197,198,198,199,200,201,202,204,205,207,209,211,213,214,216,218,219,220,221,222,222,222,223,223,223,223,223,223,223,223,223
219,219,219,219,220,220,220,220,221,221,221,221,221,221,221,221,221,221,221,221,221,221,221,221,221,221,221,221,221,221,221,220,220,220,220,220,220,219,219,219,219,219,219,218,218,218,218,218,218,217,216,215,214,212,205,180,128,70,36,28,33,42,49,54,58,59,59,59,60,62,62,60,58,58,59,58,56,53,52,55,58,60,59,57,56,57,60,59,55,48,42,39,39,41,42,44,47,50,49,51,56,57,55,54,56,55,51,48,51,56,56,52,49,50,54,59,62,63,63,62,62,67,73,70,61,55,57,59,57,57,64,72,75,75,73,73,74,75,77,84,94,102,105,102,96,91,85,73,58,45,39,48,78,125,167,188,194,195,195,196,196,196,196,196,196,196,197,197,197,197,198,198,199,200,201,202,204,206,208,209,211,213,215,216,218,219,220,221,222,222,222,222,223,223,223,223,223,223,223,223
219,219,219,220,220,220,220,220,221,221,221,221,221,221,221,221,221,221,221,221,221,221,221,221,220,220,220,220,220,220,220,220,220,220,220,220,220,219,219,219,219,219,219,218,218,218,218,218,217,217,216,215,213,212,207,188,143,85,45,32,34,41,49,54,56,58,60,60,60,60,58,56,56,57,57,55,51,47,46,50,56,58,57,55,54,56,59,59,56,48,39,34,34,36,38,42,45,45,41,42,48,50,49,50,52,52,48,44,47,54,57,54,50,49,52,60,64,63,62,61,61,65,71,69,60,55,58,61,58,55,58,65,68,69,68,68,68,68,71,78,88,99,105,102,96,90,80,66,52,42,41,57,95,142,176,190,194,195,195,196,196,196,196,196,196,196,197,197,197,197,198,198,199,200,201,202,204,206,208,209,211,213,215,216,218,219,220,221,222,222,222,222,222,223,223,223,223,223,223,223
219,219,219,220,220,220,220,220,220,221,221,221,221,221,221,220,221,221,221,221,221,221,221,221,220,220,220,220,220,220,220,220,219,219,219,219,219,219,219,219,219,219,218,218,218,218,217,217,216,216,215,214,213,211,208,194,157,101,56,36,33,39,47,52,54,57,60,60,59,58,56,54,54,55,55,53,48,44,45,50,56,58,56,54,55,56,57,56,55,49,38,32,31,33,37,41,44,41,37,40,45,45,44,45,47,47,43,39,42,50,54,52,49,48,53,61,63,58,55,56,58,62,68,66,60,58,63,66,60,54,56,61,64,66,67,66,65,65,67,73,82,92,98,96,93,87,76,60,47,40,44,67,110,155,183,192,194,195,196,196,196,196,196,196,196,196,197,197,197,198,198,198,199,200,201,202,204,206,208,209,211,213,215,216,218,219,220,221,222,222,222,222,222,222,223,223,223,223,223,223
219,219,219,219,220,220,220,220,220,220,220,220,220,220,220,220,220,221,221,221,221,221,221,221,220,220,220,220,220,220,220,219,219,219,219,219,219,219,219,219,219,218,218,217,217,217,216,216,215,215,214,213,212,210,207,198,168,116,66,39,33,37,45,50,54,57,60,60,59,58,56,54,53,53,52,50,47,44,47,53,57,56,54,54,56,55,51,49,51,48,38,32,31,34,37,41,43,41,39,42,46,44,41,40,41,41,38,36,39,45,49,47,46,48,54,60,58,50,47,50,54,58,63,62,59,58,64,67,61,54,55,60,63,64,67,66,64,63,64,70,79,87,90,89,87,83,73,58,45,40,47,74,120,162,186,193,195,195,196,196,196,196,196,196,196,196,197,197,197,198,198,198,199,200,201,202,204,206,208,209,211,213,215,217,218,219,220,221,222,222,222,222,222,222,223,223,223,223,223,223
218,218,219,219,219,220,220,220,220,220,220,220,220,220,220,220,220,220,221,221,221,221,221,221,220,220,220,220,220,220,220,219,219,219,219,219,219,218,218,218,218,218,217,216,216,216,215,215,215,214,213,212,211,209,207,200,178,131,77,44,33,35,42,49,56,60,61,59,57,57,56,57,57,54,51,50,48,46,50,55,56,52,51,54,56,52,45,41,44,44,38,33,33,37,40,43,46,47,47,49,50,46,41,38,38,39,40,40,42,47,50,49,49,52,57,59,53,44,41,45,50,54,57,58,57,57,60,62,58,55,58,63,64,65,66,65,62,60,62,68,77,84,86,85,83,79,70,58,47,44,54,83,127,166,186,193,195,196,196,196,196,196,196,196,196,197,197,197,198,198,198,199,199,200,201,202,204,206,208,210,212,213,215,217,218,219,220,221,222,222,222,222,222,222,223,223,223,223,223,223
218,218,218,219,219,219,220,220,220,220,220,220,220,220,220,220,220,220,220,220,220,220,220,220,220,220,220,220,220,220,219,219,219,219,219,218,218,218,218,217,217,217,216,215,215,215,214,214,214,213,212,211,209,208,206,202,186,146,92,51,35,35,40,48,56,60,58,55,54,54,58,62,62,55,52,54,53,50,52,56,54,49,49,54,56,50,40,36,39,41,37,35,38,43,48,52,56,60,62,62,61,56,49,45,45,48,53,57,58,61,63,63,63,65,66,63,53,43,41,45,48,51,54,58,58,56,56,56,56,59,65,69,69,68,67,63,59,57,59,66,75,81,83,82,79,73,65,56,50,51,65,95,136,171,188,193,195,196,196,196,196,196,196,196,196,196,197,197,198,198,198,199,200,201,201,203,204,206,208,210,212,213,215,217,218,220,221,221,222,222,222,222,222,222,222,223,223,223,223,223
218,218,218,218,219,219,219,220,220,220,220,219,219,219,219,219,219,219,219,219,219,219,219,219,219,219,219,219,219,219,219,219,219,218,218,218,218,217,217,216,216,215,215,214,214,214,213,213,213,212,211,210,208,206,205,201,190,159,109,62,38,34,37,43,51,56,53,49,49,52,58,65,63,56,55,58,56,53,54,55,51,46,47,52,55,49,38,35,38,40,40,42,48,55,62,68,74,78,81,81,79,75,68,64,65,70,77,81,82,82,83,84,83,83,81,74,62,53,50,51,52,51,55,62,64,59,55,53,56,63,72,74,72,71,68,63,58,56,58,64,71,75,77,77,73,65,56,51,51,59,78,111,150,178,190,194,195,196,196,196,196,196,196,196,196,196,197,197,198,198,199,199,200,201,202,203,205,206,208,210,212,213,215,217,218,220,221,221,222,222,222,222,222,222,222,223,223,223,223,223
218,218,218,218,219,219,219,219,219,219,219,219,219,219,219,219,219,219,219,219,219,219,219,219,219,219,219,219,218,218,218,218,218,217,217,217,217,216,216,215,215,214,214,213,213,213,212,212,211,210,209,207,206,204,202,200,192,169,126,76,44,33,35,38,43,49,49,47,47,50,57,63,62,57,57,57,54,53,56,56,50,44,44,49,52,48,40,37,41,45,49,55,63,71,77,83,88,92,95,97,98,97,94,92,94,98,101,102,100,99,98,98,97,96,94,89,81,73,70,68,64,59,61,67,68,61,54,53,56,66,75,75,71,70,69,66,62,59,59,63,69,71,71,71,66,56,48,46,51,64,89,126,164,186,193,195,196,196,196,196,196,196,196,196,196,197,197,197,198,199,199,200,200,201,202,203,205,207,208,210,212,214,215,217,218,219,220,221,222,222,222,222,222,222,222,223,223,223,223,223
218,218,218,218,219,219,219,219,219,219,219,219,219,219,219,219,219,219,219,218,218,218,218,219,219,218,218,218,218,217,217,217,217,216,216,216,215,215,214,214,213,213,212,212,211,211,210,209,208,207,206,205,203,202,200,198,193,177,141,91,52,37,35,36,38,43,47,47,48,50,55,58,60,60,58,55,52,55,59,58,51,44,42,46,50,48,45,45,50,57,64,71,77,82,86,89,90,92,95,99,104,108,111,113,115,115,112,108,105,103,101,101,101,101,102,100,96,94,93,90,84,76,73,74,70,60,53,52,56,65,73,73,69,70,70,69,65,62,61,65,71,71,70,69,62,50,43,44,53,69,97,137,172,190,194,195,196,196,196,196,197,197,197,197,197,197,197,197,198,199,200,200,201,201,202,204,205,207,209,210,212,214,215,217,218,219,220,221,221,222,222,222,222,222,222,223,223,223,223,223
218,218,218,218,218,218,218,218,218,219,219,219,219,219,219,219,219,218,218,218,218,218,218,218,218,218,217,217,217,216,216,216,216,215,215,215,214,213,213,212,212,211,210,210,209,208,207,206,205,204,203,202,200,198,197,195,192,181,153,105,63,43,38,35,35,40,46,48,49,50,52,53,57,61,59,53,52,58,62,59,50,43,41,44,48,50,53,58,65,72,79,83,85,86,87,87,86,86,88,91,96,103,111,117,119,116,111,106,103,101,101,101,102,102,103,103,102,103,105,105,102,96,91,84,73,61,52,50,53,62,70,71,70,72,72,69,65,62,62,67,74,74,72,71,64,50,42,45,56,76,108,147,178,192,194,195,195,196,196,197,197,197,197,197,197,197,197,198,198,199,200,201,201,202,203,204,205,207,209,211,213,214,215,217,218,219,220,221,221,222,222,222,222,222,222,222,223,223,223,223
217,217,217,218,218,218,218,218,218,218,218,218,218,218,218,218,218,218,218,217,217,217,217,217,217,216,216,216,215,215,215,215,214,214,214,213,212,212,211,210,210,209,208,207,206,205,204,203,202,201,200,198,197,195,193,192,190,183,160,117,73,49,40,35,33,37,42,47,50,51,50,50,54,58,56,52,53,59,63,59,47,38,38,43,49,55,64,72,79,83,86,86,86,86,87,86,84,83,82,83,86,92,101,108,111,110,106,102,100,100,101,102,103,103,103,103,103,105,106,108,108,107,104,95,82,66,55,49,49,57,66,69,70,73,72,66,61,58,60,68,75,76,74,74,67,53,45,47,59,85,124,161,184,192,193,194,195,196,196,196,197,197,197,197,197,197,197,198,198,199,200,201,202,202,203,204,206,207,209,211,213,214,216,217,219,220,220,221,221,222,222,222,222,222,222,222,222,223,223,223
216,216,217,217,217,217,217,217,217,217,217,217,217,217,217,217,217,217,217,217,216,216,216,216,216,215,215,215,214,214,214,214,213,213,212,212,211,210,209,208,207,206,205,204,203,202,201,200,199,198,196,195,193,191,190,189,187,182,163,125,82,54,43,37,33,34,39,44,49,51,49,48,52,56,53,49,50,56,60,56,43,35,37,45,53,63,74,82,85,86,85,85,85,86,87,87,85,83,80,79,79,83,91,98,102,103,101,98,96,96,97,99,100,100,100,101,102,103,104,104,105,106,106,102,91,75,61,50,46,51,59,64,67,70,69,62,55,52,56,65,73,75,75,75,67,55,48,49,60,91,136,171,187,191,192,193,194,195,195,196,196,196,197,197,197,197,198,198,198,199,200,201,202,203,204,204,206,208,210,212,213,215,216,217,219,220,220,221,221,222,222,222,222,222,222,222,222,223,223,223
216,216,216,216,216,216,216,216,216,216,216,216,216,216,216,216,216,216,216,216,216,215,215,215,215,214,214,214,213,213,212,212,211,211,210,209,208,207,206,205,203,202,201,200,199,198,197,196,195,194,192,191,189,188,186,185,183,179,166,134,93,63,48,40,35,33,36,42,47,50,48,47,53,58,54,47,46,50,54,50,40,37,43,52,61,71,81,85,84,82,81,82,83,85,87,86,84,81,78,75,74,77,83,90,94,96,94,91,89,87,87,89,90,92,93,95,97,98,100,100,100,100,101,100,93,80,65,52,44,45,51,56,62,66,65,58,51,49,52,60,66,69,72,71,62,52,49,50,61,93,139,173,186,189,191,192,193,193,194,195,195,196,196,196,197,197,198,198,199,199,200,201,202,203,204,205,206,208,210,212,214,215,216,218,219,220,220,221,221,222,222,222,222,222,222,222,222,223,223,223
215,215,215,215,215,215,215,215,215,215,215,216,216,215,215,215,215,215,215,215,215,214,214,213,213,213,213,212,212,211,210,209,209,208,207,206,205,203,202,201,199,198,197,196,195,194,193,192,191,190,188,187,185,184,183,181,180,177,167,143,106,72,52,41,35,34,37,41,45,48,49,51,57,61,57,49,45,44,45,43,41,44,53,61,69,77,82,83,80,78,77,78,80,81,82,82,80,77,73,70,68,71,75,81,84,86,85,82,79,77,76,76,78,80,82,84,87,89,91,93,93,92,91,90,86,78,66,54,45,43,44,49,58,64,63,56,51,50,51,55,58,61,64,62,54,49,49,53,67,100,142,171,183,187,189,190,192,192,193,194,194,195,195,196,197,197,198,198,198,199,200,201,202,203,204,205,206,208,210,212,214,215,217,218,219,220,220,221,221,222,222,222,222,222,222,222,222,223,223,223
214,214,214,214,215,215,215,215,215,214,214,215,215,215,214,214,214,213,213,214,213,213,213,212,211,211,211,210,210,208,207,206,205,204,203,202,201,200,199,197,195,194,193,192,191,190,189,188,187,185,184,182,181,180,178,177,176,173,167,149,116,79,53,40,35,34,37,40,42,46,52,56,61,63,58,50,43,39,39,40,44,52,61,68,74,78,79,78,75,73,72,73,74,74,74,73,72,69,66,62,62,65,69,71,74,75,75,72,70,68,67,66,67,68,70,73,75,78,80,82,82,80,77,74,71,66,60,53,47,44,42,45,56,64,62,55,53,53,53,52,53,55,58,57,52,47,49,58,82,117,151,172,181,184,187,189,190,191,192,193,193,194,195,195,196,197,197,197,198,199,200,201,202,203,204,205,207,209,211,213,214,216,217,218,219,220,220,221,221,222,222,222,222,222,222,222,223,223,223,223
213,213,213,214,214,214,214,214,214,213,213,213,213,213,213,213,212,212,212,212,212,211,211,210,209,208,208,207,206,205,204,203,202,200,199,198,197,196,194,192,191,190,188,187,186,185,184,183,182,180,179,177,175,174,172,170,169,168,164,149,118,79,50,38,34,34,36,38,39,45,55,61,63,63,58,50,41,36,37,42,49,56,63,68,72,73,72,69,68,68,67,66,66,65,64,64,64,63,59,57,58,62,65,66,66,66,66,65,64,64,63,62,62,62,64,66,68,70,71,70,68,64,60,56,53,52,51,49,47,46,44,45,53,59,57,52,51,53,53,53,52,53,56,58,54,49,51,67,100,135,160,173,179,183,185,187,188,190,190,191,192,193,193,194,195,196,196,197,198,199,200,201,202,203,205,206,208,209,211,213,214,216,217,218,219,220,220,221,221,221,222,222,222,222,222,222,223,223,223,223
213,213,213,213,213,213,213,212,212,212,212,212,212,212,211,211,211,210,210,210,209,209,208,207,206,205,204,204,203,201,200,198,197,196,195,194,193,191,189,188,186,185,184,182,181,180,179,177,176,174,172,170,167,163,161,159,158,159,155,139,109,74,49,37,33,33,35,38,39,47,59,64,63,59,55,47,40,36,39,46,51,55,58,59,60,60,58,58,58,59,59,58,56,55,57,59,60,60,57,55,58,64,66,65,62,62,61,61,62,63,63,62,63,64,66,68,69,69,67,63,57,51,46,44,45,46,47,47,46,46,46,45,47,50,49,46,45,47,51,54,53,53,55,59,57,53,57,80,115,146,165,173,177,180,182,184,186,187,188,189,190,191,191,192,193,194,195,196,197,198,200,201,202,204,205,206,208,210,212,213,214,216,217,218,219,220,220,220,221,221,221,222,222,222,222,223,223,223,223,223
212,212,211,211,211,211,211,211,211,211,211,211,210,210,210,209,209,208,208,207,207,206,205,204,202,201,201,200,199,197,195,194,193,192,191,189,188,186,184,183,182,180,178,176,174,173,171,169,168,166,163,159,154,150,148,149,150,149,139,119,93,69,51,39,34,34,39,42,44,50,60,64,60,54,49,45,39,37,41,47,50,50,48,47,45,44,44,46,48,50,51,50,49,51,55,59,60,60,58,57,60,66,68,65,62,61,61,62,64,66,66,67,68,70,72,75,75,73,69,62,54,48,47,50,54,56,55,52,47,46,46,43,41,42,42,39,38,41,48,52,53,52,54,58,58,57,68,95,128,153,166,171,175,177,179,181,182,184,185,186,187,188,189,190,191,193,194,195,196,198,199,201,202,204,205,207,209,211,212,213,215,216,217,218,219,220,220,220,221,221,221,222,222,222,222,222,223,223,223,223
210,210,210,210,210,210,209,209,209,209,209,209,208,208,207,207,206,206,205,204,204,203,201,200,199,198,197,196,194,192,191,189,188,187,186,184,183,181,179,178,177,174,172,169,166,163,160,159,159,158,153,147,142,142,145,149,150,140,119,96,81,70,57,42,35,38,44,48,49,52,57,59,55,49,46,42,38,36,40,44,45,44,43,41,38,36,36,39,43,46,48,49,50,55,61,64,63,62,61,61,64,69,70,68,66,66,67,68,70,71,73,74,76,77,80,82,81,78,73,66,60,58,62,69,73,73,69,61,53,48,45,42,38,37,37,36,36,41,48,52,51,50,53,55,55,60,79,110,140,159,167,170,173,174,176,178,179,180,182,183,184,185,187,188,189,191,192,194,195,197,198,200,202,203,205,207,209,211,213,214,215,216,217,218,219,220,220,220,221,221,221,222,222,222,222,222,222,222,222,223
209,209,208,208,208,208,208,207,207,207,207,206,206,205,205,204,204,203,202,201,200,199,197,196,195,194,193,191,189,187,186,184,183,182,180,179,177,175,173,172,170,167,165,161,157,152,150,151,153,151,145,139,139,144,151,156,151,130,99,77,74,72,60,44,36,40,46,50,51,51,50,49,49,46,44,41,37,36,37,40,42,44,45,45,43,41,40,41,44,47,50,53,57,63,70,71,69,67,67,69,72,75,76,73,72,74,76,77,78,79,81,83,84,85,86,86,84,81,77,74,74,77,83,88,88,84,77,68,58,49,44,40,36,33,32,33,37,44,51,54,52,51,52,51,51,63,91,124,149,162,166,168,170,172,173,174,176,177,179,180,181,183,184,186,187,188,190,191,193,195,197,199,201,203,205,207,209,212,213,214,215,216,217,218,219,220,220,220,221,221,222,222,222,222,222,222,222,222,222,222
207,207,206,206,206,206,205,205,205,205,204,204,203,202,201,201,200,199,198,197,196,195,193,192,191,189,188,186,184,182,181,179,178,176,174,172,169,167,165,163,161,159,158,156,152,147,145,147,150,148,141,137,143,152,158,160,150,120,83,64,66,69,60,44,37,40,46,49,50,48,43,41,43,44,42,39,37,37,37,39,42,47,51,53,53,53,51,50,50,52,55,58,62,69,74,76,76,75,76,79,82,84,82,79,78,81,85,87,88,88,89,90,90,90,90,89,86,83,83,86,91,96,99,98,93,85,78,70,61,50,42,37,33,30,28,30,35,43,50,54,53,51,50,49,53,71,103,136,155,162,164,165,167,169,170,172,173,174,176,177,178,179,181,182,184,186,187,189,190,193,195,197,200,202,204,206,209,211,213,214,215,216,217,218,219,219,220,220,221,221,221,222,222,222,222,222,222,222,222,222
205,205,204,204,204,203,203,202,202,202,202,201,201,200,199,198,197,196,194,193,192,191,189,188,186,185,183,181,178,176,175,173,170,168,165,162,160,158,156,155,153,153,154,153,150,146,146,148,149,145,139,139,148,158,162,161,147,113,73,55,58,64,59,48,42,44,48,49,49,46,40,38,42,43,40,37,37,38,38,40,44,49,55,59,62,64,64,62,60,60,60,62,66,71,76,79,80,81,83,87,90,90,88,83,83,88,93,96,97,96,96,96,95,95,93,92,90,90,94,100,105,106,104,98,91,84,77,70,62,52,43,37,33,29,26,27,32,39,46,52,50,45,45,49,60,83,116,144,157,160,161,163,164,166,167,169,170,171,172,173,175,176,177,179,181,182,184,185,187,189,192,194,197,199,202,205,208,210,211,213,214,215,216,217,218,219,219,220,220,221,221,221,222,222,222,222,222,222,222,222
202,202,202,201,201,201,200,200,199,199,199,199,198,197,196,195,193,192,191,190,188,187,185,183,181,179,176,174,171,169,167,165,162,160,157,154,152,151,150,150,150,150,151,151,149,147,147,149,149,143,138,141,152,161,164,162,147,110,69,50,53,61,62,56,51,51,51,52,51,46,40,40,44,46,41,37,36,37,39,40,44,49,55,62,66,70,71,71,69,67,67,68,70,74,77,81,83,86,89,92,94,95,93,89,89,94,100,103,104,103,103,102,101,99,97,97,98,101,105,109,109,106,101,96,90,84,77,71,63,54,47,43,39,32,26,26,31,37,42,46,45,41,43,52,69,96,127,150,159,160,160,162,163,164,165,165,166,168,169,170,171,173,174,176,178,179,181,182,184,186,188,190,193,195,199,202,205,208,209,211,212,214,215,216,217,218,219,219,219,220,220,221,221,221,222,222,222,222,222,222
200,200,199,199,199,198,197,197,197,197,196,196,194,193,192,191,189,188,187,186,184,182,180,177,175,172,168,165,163,161,159,157,156,154,151,148,147,147,148,149,149,149,149,149,148,148,149,150,149,143,139,144,155,163,165,163,149,112,70,48,50,59,66,66,63,59,56,56,54,48,43,44,47,47,43,38,37,38,40,42,44,48,54,62,67,71,73,74,74,74,74,75,76,78,80,83,86,89,93,96,98,100,99,97,97,101,106,109,109,108,107,107,106,104,103,103,105,108,109,106,102,98,95,93,89,85,80,74,67,59,53,50,45,37,29,28,33,38,42,43,43,44,50,62,81,107,136,157,165,164,163,164,166,166,165,164,164,164,165,167,168,169,171,173,174,176,178,179,180,182,184,187,189,192,195,198,201,204,206,208,210,212,214,215,216,217,218,218,219,219,220,220,221,221,221,221,221,221,221,221
197,197,197,197,197,196,195,195,195,194,194,193,191,190,189,187,186,184,183,181,179,176,173,170,166,163,160,157,155,154,153,152,153,152,149,146,144,146,148,149,149,149,148,148,147,148,149,151,149,143,140,146,158,164,166,165,153,118,74,49,48,57,67,73,73,67,62,60,58,52,49,49,50,48,45,41,39,40,43,44,44,46,53,61,67,70,72,73,74,77,79,80,81,82,83,85,88,92,96,99,102,105,105,104,104,106,109,111,110,109,108,108,108,107,106,106,105,104,100,95,91,90,90,90,89,87,84,80,73,66,58,53,48,40,33,33,40,45,46,47,49,53,63,76,93,116,140,161,171,172,169,169,170,170,169,166,164,162,163,164,165,166,168,169,171,173,175,176,177,179,181,183,186,188,191,194,197,200,202,205,207,210,212,214,215,216,217,218,218,219,219,220,220,220,221,221,221,221,221,221
195,195,194,194,194,193,193,192,192,191,191,189,188,187,185,184,182,180,177,174,170,166,163,160,158,156,155,153,151,150,150,151,153,153,149,144,143,145,148,150,151,150,148,147,147,148,150,151,150,145,141,147,159,166,168,167,157,126,82,52,47,55,65,75,79,74,68,67,65,59,56,56,54,50,48,46,44,44,44,42,41,45,52,60,65,68,69,70,72,76,79,81,82,83,84,86,89,93,97,100,103,106,107,106,106,106,106,107,106,105,105,105,104,103,101,98,94,91,87,84,83,84,87,88,88,86,85,83,78,72,63,54,48,42,38,40,47,52,52,53,57,63,72,87,105,125,143,158,171,177,175,173,173,174,174,171,167,164,162,163,164,165,165,167,168,170,172,173,174,176,178,180,182,185,188,191,193,195,197,200,203,206,209,212,213,215,216,216,217,218,219,219,219,219,220,220,220,220,220,220
193,192,192,191,191,190,190,189,189,188,187,186,185,183,181,179,177,173,167,162,157,154,152,152,152,153,153,152,150,149,149,151,154,154,150,144,142,144,149,151,152,151,149,147,146,147,150,152,152,147,143,147,159,167,169,169,162,136,93,57,47,53,62,74,81,77,72,74,74,69,67,66,61,56,55,55,55,52,46,39,37,42,50,58,63,66,67,67,69,72,75,78,79,81,82,84,87,90,94,97,98,100,100,100,99,97,96,96,96,96,96,95,94,91,88,84,81,78,77,77,79,82,85,86,85,83,82,81,79,75,65,55,49,47,45,45,50,54,55,58,64,71,81,98,121,140,148,154,166,177,179,176,174,174,175,174,172,168,165,165,166,166,166,166,166,167,168,170,171,173,175,177,180,182,185,187,189,191,193,196,198,202,205,208,210,212,213,214,216,217,217,218,218,219,219,219,220,220,220,220
190,190,189,188,188,187,187,186,185,184,183,181,180,177,175,172,169,164,155,148,143,143,145,148,150,152,153,153,151,149,149,152,155,156,151,144,141,144,149,152,152,151,149,147,146,147,151,154,155,150,144,147,159,168,171,171,166,147,107,67,50,52,60,71,80,78,75,80,82,80,80,77,68,60,63,69,70,63,52,40,36,41,49,56,61,64,65,66,67,68,70,71,72,75,78,80,82,84,86,88,89,87,86,85,84,83,81,80,80,81,81,80,79,76,73,72,73,72,72,74,77,80,82,83,81,79,77,77,78,75,67,57,53,53,52,50,53,57,60,63,71,81,94,115,141,155,154,152,162,175,180,178,173,171,173,174,174,172,170,170,171,171,170,168,167,166,166,167,168,170,172,174,177,179,182,184,186,188,190,192,195,198,201,204,206,208,210,212,213,214,215,216,217,217,218,218,219,219,219,219
188,187,187,186,185,184,183,182,180,178,176,173,170,167,164,162,161,156,146,137,134,137,142,146,149,151,153,153,151,150,150,153,157,158,152,145,142,145,149,152,153,152,149,147,146,148,152,157,158,154,147,147,158,169,173,173,170,157,124,81,55,53,59,68,77,80,81,85,88,88,92,89,76,68,73,82,81,72,60,46,40,42,48,54,58,61,64,66,67,67,67,66,66,69,72,74,74,73,74,76,75,72,69,68,68,67,66,64,64,65,66,66,66,64,64,67,70,72,72,74,75,77,79,79,78,76,75,76,77,75,67,60,58,59,58,59,63,68,70,73,82,95,113,135,157,166,159,152,160,174,181,178,172,170,171,173,174,173,173,173,174,174,173,171,170,168,166,165,166,168,170,171,174,176,179,181,183,185,187,189,191,194,197,200,202,204,206,208,210,211,212,214,215,216,216,217,217,218,218,218
185,184,183,182,180,179,177,174,171,167,164,160,157,153,152,154,155,151,141,132,130,134,140,145,149,151,153,153,152,151,152,155,159,160,154,146,144,146,150,153,154,152,150,147,146,148,153,158,161,157,150,148,157,169,175,175,174,165,139,98,65,54,57,64,75,83,88,93,94,95,99,96,85,78,83,88,84,76,64,50,42,43,47,52,56,59,62,64,67,69,69,67,66,67,69,69,66,64,64,65,63,60,58,58,58,59,59,57,56,57,58,59,61,62,63,66,70,73,73,73,73,74,76,77,76,75,76,79,79,74,68,66,66,66,68,72,78,83,84,87,96,111,132,153,169,172,163,154,160,173,180,177,171,169,171,172,173,173,173,174,175,175,174,172,172,171,169,168,167,168,169,170,171,173,176,178,180,182,184,186,188,191,194,196,198,200,202,204,205,207,208,210,211,213,214,215,215,216,216,216
179,178,176,174,171,169,166,162,157,153,150,148,145,144,144,148,152,149,139,129,127,131,138,144,148,150,152,153,153,152,153,156,161,161,155,148,146,148,151,154,154,153,150,147,146,148,153,159,163,161,155,150,156,168,176,178,176,171,153,117,78,58,56,61,69,80,92,100,103,103,105,103,94,88,89,90,85,76,62,48,41,42,45,50,55,59,61,63,66,70,72,70,68,68,68,67,65,63,62,62,60,59,58,58,59,61,62,61,59,59,59,60,62,64,66,69,72,73,73,71,71,72,75,76,75,75,78,82,82,75,72,77,81,80,83,89,93,96,99,103,112,128,148,167,177,177,167,158,161,172,178,176,171,170,171,172,172,172,173,175,176,176,174,171,172,174,175,174,172,172,172,171,172,172,173,175,177,179,181,183,185,188,191,194,195,197,198,200,202,203,205,206,208,209,210,212,213,213,214,214
169,168,165,162,159,157,153,149,145,143,142,140,139,138,140,146,151,147,136,127,125,130,136,142,146,149,151,153,153,153,154,157,162,162,157,150,148,150,153,155,156,154,151,147,146,149,153,159,164,165,160,153,154,166,176,180,178,175,164,136,96,66,57,58,62,71,84,98,107,111,113,111,105,96,92,91,87,76,61,50,46,46,47,51,57,60,61,62,66,70,73,71,69,68,68,69,69,68,67,66,66,65,65,66,66,67,68,68,67,66,64,64,65,66,68,70,72,74,73,71,71,73,76,75,72,71,75,81,82,78,78,87,95,98,99,104,107,110,115,120,126,142,161,176,182,180,170,160,161,171,177,175,171,170,171,171,171,172,174,176,178,178,175,171,170,174,179,180,179,178,177,176,175,173,172,172,173,175,177,179,181,184,187,190,192,194,195,197,199,201,202,203,204,205,207,208,209,210,211,211
158,157,154,151,149,147,145,142,139,138,138,137,136,136,139,145,150,146,135,126,124,128,134,140,145,148,150,153,154,154,155,158,162,163,159,153,150,152,155,157,158,155,151,147,146,149,153,159,164,167,164,157,154,162,174,180,180,178,172,154,118,81,62,58,59,62,71,84,98,110,117,118,113,102,95,94,92,82,70,62,57,54,55,58,60,59,58,60,64,68,71,69,68,68,70,71,73,73,72,71,71,72,73,74,73,73,74,73,72,71,69,68,68,69,70,71,72,74,74,73,73,74,75,73,67,65,69,77,81,80,80,89,102,108,108,110,116,123,129,130,134,149,169,182,186,183,172,161,162,171,177,175,172,171,171,171,171,172,174,176,179,180,178,172,168,172,180,183,182,181,182,182,180,178,174,172,171,172,173,175,177,180,183,186,189,191,193,194,196,198,199,200,201,203,204,205,206,207,208,208
150,149,147,145,143,142,141,139,137,137,137,136,135,135,139,146,150,145,134,125,123,127,133,139,143,146,149,152,154,155,156,158,162,164,161,155,152,153,157,159,160,157,151,146,145,149,153,158,163,167,167,161,154,158,171,180,182,180,177,167,141,102,72,59,58,58,61,69,81,97,111,118,114,103,95,97,98,92,83,71,62,60,65,68,64,56,53,56,61,66,68,67,66,68,71,73,74,74,73,73,74,76,78,79,79,78,78,77,76,75,73,72,73,74,74,73,73,75,77,76,74,72,72,69,64,62,66,72,79,80,79,87,102,110,108,108,117,128,132,128,130,149,173,186,190,185,173,161,162,172,178,176,173,172,171,171,171,173,174,177,179,182,181,175,168,170,177,182,182,182,184,185,184,182,179,174,171,170,170,171,173,176,179,182,184,187,189,191,193,195,196,198,199,200,201,203,203,204,205,205
147,146,145,143,142,141,140,138,137,137,137,136,135,135,139,146,151,145,133,124,123,126,132,137,142,145,148,151,154,155,157,159,162,165,162,157,153,155,158,161,162,159,152,146,145,148,153,158,163,167,169,165,156,155,166,178,183,182,180,175,159,126,89,65,58,57,57,59,66,79,99,114,114,103,96,100,105,102,88,70,62,66,74,76,68,55,50,54,60,63,64,64,65,68,72,73,73,73,73,73,75,77,80,81,81,81,82,81,80,78,77,76,77,78,77,75,75,77,80,79,74,69,67,66,66,67,70,72,77,81,84,92,106,113,108,106,115,125,122,113,120,147,175,189,193,187,173,160,163,174,179,176,173,172,171,170,171,173,175,177,180,183,183,178,171,168,174,181,181,181,184,186,185,184,182,178,173,170,168,168,169,172,175,177,180,182,184,186,188,190,192,194,196,197,199,200,201,201,202,202
145,145,144,143,142,141,140,138,137,137,137,136,135,136,140,147,151,145,133,124,122,126,131,136,141,144,148,151,154,156,157,159,162,165,164,159,155,156,159,162,164,161,153,146,145,148,153,157,162,167,171,168,160,154,161,174,182,184,182,180,172,149,112,78,61,57,56,55,57,68,89,110,116,109,103,106,111,105,88,71,67,76,84,81,70,58,54,56,60,61,61,62,65,69,72,72,72,72,72,73,74,76,78,80,81,82,84,85,84,83,81,80,80,81,79,78,77,79,82,80,73,67,65,67,71,77,82,82,84,90,99,109,119,119,110,107,113,116,107,99,115,149,178,192,195,189,172,160,164,177,181,177,173,172,171,170,172,173,175,178,181,184,185,181,173,168,171,178,181,182,185,186,185,184,183,181,177,173,169,166,165,167,170,173,176,178,180,182,184,186,188,190,192,194,196,197,198,198,199,200
145,145,144,143,142,141,140,139,138,138,137,136,136,137,140,148,152,145,132,123,122,126,131,136,140,143,147,151,154,156,158,159,163,166,166,161,157,156,159,163,165,162,154,146,144,148,153,157,161,167,172,171,163,155,157,169,181,185,185,183,180,167,138,99,70,58,56,55,56,65,82,102,114,115,113,113,113,103,87,77,77,86,90,84,72,64,61,61,60,58,58,60,64,68,70,70,70,70,71,72,73,74,76,78,79,80,82,84,84,83,83,83,84,84,83,82,80,80,81,80,74,69,69,73,80,89,97,99,100,107,119,128,131,125,114,109,110,105,94,94,120,157,182,194,196,188,171,161,168,180,184,179,174,171,170,171,172,174,176,179,182,184,186,184,176,168,168,175,181,183,185,186,185,183,184,183,181,177,173,169,165,163,164,166,170,174,177,179,180,182,183,185,187,189,191,193,195,196,197,197
145,145,144,143,142,141,140,139,138,138,137,137,136,137,142,149,152,144,131,122,122,126,131,135,139,143,147,151,154,157,158,160,163,167,167,163,158,157,159,163,166,163,155,147,144,148,153,158,161,166,172,173,166,157,154,163,177,185,187,185,183,177,160,125,88,64,56,55,57,64,75,89,103,112,118,119,114,101,88,84,86,91,91,84,75,70,69,66,60,56,56,58,62,65,68,68,68,68,68,68,70,72,75,76,76,76,77,79,79,79,80,83,86,87,87,85,81,78,79,79,77,73,76,83,90,98,107,112,115,121,131,137,138,129,115,106,102,93,85,97,132,167,187,196,197,186,169,163,174,185,187,181,175,171,170,171,173,176,178,180,182,185,186,186,180,170,166,171,179,184,186,187,185,184,184,183,181,180,178,174,168,163,159,158,161,166,171,175,177,178,180,181,182,184,187,189,191,192,193,194
146,146,145,143,142,141,140,139,139,139,138,137,137,139,144,151,153,143,130,122,121,126,131,136,139,143,147,151,155,157,159,161,164,167,169,166,161,158,160,163,166,164,156,147,144,147,153,158,162,166,171,173,168,158,152,157,170,182,187,187,185,183,175,152,115,81,61,55,57,62,69,76,87,101,114,120,116,105,94,91,92,92,90,83,77,75,73,68,60,55,56,58,59,62,65,66,66,66,65,65,67,71,74,75,73,71,70,70,70,70,73,78,83,85,85,82,77,74,75,79,80,78,79,88,97,102,110,116,119,123,132,140,140,130,111,97,90,83,84,107,146,176,191,199,197,182,166,167,181,190,188,182,177,172,170,172,174,177,179,181,183,185,187,187,183,174,166,167,175,183,187,187,185,184,183,181,179,179,180,177,172,165,158,154,153,156,162,168,173,176,177,178,179,179,181,184,185,187,188,189
147,147,146,144,143,141,141,140,140,139,139,138,138,140,146,153,153,142,129,121,122,127,132,136,140,143,147,151,154,157,160,162,164,168,171,169,164,160,160,163,166,165,157,147,143,145,152,158,162,166,171,173,169,160,152,152,162,176,186,188,187,186,182,171,144,107,75,59,55,59,63,68,75,87,101,112,114,110,105,100,96,92,87,82,79,78,74,67,60,57,57,58,58,59,61,63,64,64,64,64,67,71,74,74,71,67,65,63,62,61,64,69,75,77,76,73,69,67,72,79,83,81,81,88,98,103,108,114,116,119,130,139,139,125,103,87,79,77,89,123,160,184,196,201,194,176,163,171,187,194,188,182,177,173,170,172,175,178,180,182,184,185,187,188,186,178,167,164,170,180,186,187,185,183,182,180,176,176,178,177,172,165,159,154,151,151,154,161,167,171,174,176,176,175,176,177,178,179,181,181
149,148,147,145,143,142,141,141,141,140,140,139,140,142,148,155,153,141,128,121,122,127,133,137,141,144,148,151,154,157,160,162,164,168,172,172,168,163,162,164,167,166,158,147,142,143,150,157,163,166,170,173,171,163,154,151,157,169,182,188,190,188,186,181,167,138,101,72,58,55,57,61,66,73,84,94,102,107,108,104,97,91,84,79,78,78,74,68,63,60,58,57,58,58,57,56,59,63,66,67,69,72,73,71,68,66,63,59,57,56,57,60,66,68,66,63,60,62,69,78,84,84,83,90,100,104,106,111,115,120,130,136,130,113,94,79,73,77,102,140,172,190,199,201,189,170,162,175,192,195,186,179,177,173,171,172,176,179,181,182,184,186,188,189,188,181,169,162,166,177,185,186,184,182,181,178,173,172,175,175,170,164,158,154,152,150,151,156,161,166,169,171,173,172,171,169,168,168,169,170
150,149,148,146,144,142,142,143,142,141,140,140,141,144,151,157,152,139,126,121,123,128,134,138,142,145,148,151,154,157,159,162,164,168,172,174,172,167,164,165,168,167,158,147,141,142,149,157,163,167,171,174,173,165,156,152,154,163,175,186,190,190,188,186,179,163,134,99,72,57,53,54,58,62,68,75,83,92,98,98,95,89,80,74,75,78,75,69,66,62,59,57,57,56,53,51,55,63,68,69,71,71,69,66,64,63,61,58,57,55,53,54,58,61,59,56,55,60,67,75,82,84,86,92,100,104,107,112,118,124,130,128,116,98,83,72,70,85,120,158,182,194,201,198,182,164,163,180,195,194,183,177,176,174,172,173,176,179,181,182,184,186,188,190,189,183,171,161,162,173,183,186,183,180,179,176,171,170,172,172,168,162,157,153,151,150,151,154,158,161,163,165,169,170,169,165,162,159,158,158
151,151,150,147,145,143,144,144,144,142,141,141,142,147,154,158,151,137,125,121,124,129,135,139,142,146,149,151,154,156,159,162,164,167,172,175,175,171,168,168,169,168,159,148,141,141,148,156,163,168,172,175,174,166,158,153,153,158,168,180,188,191,190,188,185,179,162,133,99,72,56,51,52,55,60,64,68,75,83,90,94,90,80,74,77,82,78,73,70,67,63,60,58,56,52,51,56,64,68,69,70,68,65,61,59,59,58,59,60,57,53,53,56,57,56,56,57,63,70,75,79,83,86,91,98,102,107,114,122,127,128,118,101,84,72,67,74,102,142,173,189,197,201,192,173,160,165,184,197,193,182,176,174,174,174,175,177,179,181,182,185,187,189,190,190,184,172,161,159,169,181,185,183,179,176,173,170,168,170,170,166,160,155,152,150,150,150,152,155,157,158,160,163,167,168,166,162,157,154,153
152,152,151,148,145,144,144,145,145,143,142,142,144,149,157,160,151,136,125,122,124,130,136,140,143,146,149,152,154,156,159,162,164,167,171,175,177,175,171,170,170,168,161,150,141,141,147,156,163,168,173,176,174,167,159,154,154,156,163,173,184,190,191,190,188,186,179,162,134,99,71,56,51,54,58,59,60,67,76,86,93,93,86,81,85,88,84,79,76,74,69,63,58,55,54,56,60,64,67,67,66,65,63,60,57,56,56,61,65,62,58,59,59,57,58,61,64,68,74,77,79,82,85,89,94,98,105,116,126,129,122,106,88,74,65,67,88,126,163,184,194,200,199,185,166,157,167,187,198,193,182,175,173,174,175,176,177,178,180,182,185,187,189,191,191,185,173,161,157,165,178,185,183,178,174,172,170,168,168,168,164,159,155,152,150,149,149,151,153,155,156,156,159,162,165,166,164,160,157,155
153,153,151,149,145,144,145,146,145,144,143,143,146,152,160,160,149,134,124,122,125,131,136,140,143,147,150,153,154,157,159,162,165,167,171,174,177,177,175,173,172,169,162,152,143,140,146,154,162,168,173,177,175,168,159,154,154,156,160,167,177,186,191,192,191,189,186,180,163,134,100,73,59,57,58,57,59,66,76,86,92,93,91,91,93,93,88,84,82,79,73,66,58,54,56,60,62,64,64,63,63,64,64,62,59,56,56,63,69,67,63,66,65,62,63,68,70,72,76,81,84,84,84,88,94,98,105,119,129,126,112,92,75,65,63,79,113,151,178,191,198,201,194,177,160,157,171,190,199,193,182,175,172,173,176,177,177,177,179,182,185,188,191,192,191,186,175,162,156,161,174,183,183,178,174,172,170,168,166,165,163,159,155,152,150,148,148,150,152,154,154,154,155,158,161,163,164,162,160,159
153,153,152,149,145,144,145,146,146,145,145,145,148,155,162,160,147,132,123,122,125,132,137,141,144,147,151,153,155,157,159,162,165,167,170,173,176,178,177,176,174,171,164,153,144,140,144,153,161,168,174,177,176,169,160,155,154,156,159,163,171,181,189,192,193,191,190,188,180,163,136,104,79,65,60,58,59,66,76,83,87,89,93,97,98,95,91,89,86,83,78,71,62,57,59,61,61,63,62,59,61,65,66,63,60,56,55,61,69,67,64,68,69,67,69,73,74,74,77,84,90,90,87,90,96,102,110,121,126,118,98,78,65,61,73,103,142,172,188,196,201,198,186,168,157,159,174,191,199,193,182,175,171,172,175,177,177,176,178,181,185,189,192,193,192,186,176,164,156,158,169,180,183,178,174,172,170,167,165,163,161,159,155,152,150,149,149,150,151,153,153,153,153,155,157,160,161,161,160,160
154,154,152,149,146,144,145,146,147,147,147,148,151,158,164,159,145,131,123,122,126,132,138,142,145,148,151,153,154,156,159,162,164,166,168,172,175,178,179,178,176,172,165,154,145,141,144,152,160,168,174,178,177,170,161,155,153,156,159,162,167,174,184,190,193,194,193,192,188,181,166,141,112,86,68,60,57,62,70,77,82,86,92,98,100,98,97,95,92,90,87,80,70,65,63,61,60,61,59,57,62,69,67,62,59,56,54,59,65,64,63,65,67,68,73,77,78,76,78,85,93,96,94,94,100,107,113,118,116,105,85,67,60,70,97,134,166,185,195,200,200,192,176,161,156,162,176,193,199,193,182,174,170,171,175,177,177,176,177,180,185,190,193,194,193,187,176,165,156,155,164,176,182,179,174,172,169,166,164,162,160,158,155,153,150,149,149,149,151,152,152,152,152,153,154,156,158,159,160,160
155,154,153,150,146,144,145,146,148,148,149,150,154,162,165,158,143,129,123,122,126,133,139,143,146,149,151,152,154,156,158,161,163,165,167,170,175,179,181,181,179,174,166,155,146,141,143,151,159,167,174,179,178,171,162,155,152,154,159,162,166,170,177,184,191,194,195,194,192,189,183,171,149,121,94,73,61,58,62,69,77,86,94,99,102,104,106,103,99,98,97,90,79,72,67,62,61,62,60,59,65,70,65,60,59,58,56,59,61,61,62,64,66,70,77,82,82,79,79,84,96,103,102,100,104,109,110,106,99,87,72,62,68,94,131,163,183,194,200,202,196,182,166,157,157,164,178,194,200,193,182,173,169,170,174,178,178,176,176,180,185,191,194,195,193,187,176,165,157,154,160,173,181,180,175,172,169,165,162,160,158,156,155,153,151,149,148,149,150,152,153,152,152,152,152,153,155,157,159,159
155,155,153,150,146,144,144,146,148,149,150,152,157,164,166,157,141,129,123,123,127,134,141,145,147,149,151,152,154,155,157,160,162,164,166,169,173,178,182,183,181,175,167,156,146,142,143,149,158,166,174,179,179,173,163,155,151,152,157,163,166,168,171,177,185,191,195,196,195,192,190,185,176,158,133,105,82,67,61,63,71,81,90,96,100,106,112,112,104,101,101,96,86,78,71,64,62,64,64,64,67,67,63,60,63,65,64,61,61,63,65,67,69,74,80,84,82,80,80,88,101,112,113,108,105,103,97,87,77,68,62,68,93,129,162,182,193,200,203,200,187,171,159,156,159,166,179,195,200,193,181,172,168,169,174,178,179,177,176,179,185,191,195,195,193,186,176,165,157,153,158,170,180,180,176,172,168,164,161,158,156,155,154,152,151,149,148,148,150,152,153,153,152,151,151,152,153,156,158,158
156,155,153,150,146,144,144,146,148,149,151,154,160,167,166,155,140,128,123,124,129,136,142,146,148,150,151,152,154,155,156,159,161,163,165,168,172,178,182,184,182,177,167,157,147,142,142,148,156,164,173,179,180,175,165,156,150,151,156,162,166,168,169,172,178,185,192,196,196,195,193,191,188,181,168,146,120,95,76,67,66,69,76,85,91,100,111,115,107,100,99,96,91,86,78,68,63,65,68,68,68,65,60,59,64,69,67,63,61,66,71,72,72,73,76,77,77,77,82,94,111,122,121,112,99,88,77,67,60,59,69,94,129,162,182,193,199,203,202,192,176,162,156,157,161,168,181,196,201,193,181,172,167,168,174,178,179,176,176,179,185,191,195,196,193,185,175,164,156,152,156,167,178,180,176,171,168,164,160,157,155,154,153,152,151,150,148,148,150,152,153,153,152,151,151,151,152,154,156,157
157,156,154,150,145,143,144,146,148,150,151,155,162,168,166,154,139,128,123,125,130,137,143,147,149,151,152,153,154,155,156,158,160,162,164,167,171,177,182,185,184,178,168,157,148,142,142,147,154,163,171,179,181,177,168,158,151,150,153,160,165,168,170,171,173,178,186,193,196,197,195,194,193,190,186,176,159,136,111,90,75,66,66,73,80,88,101,110,108,102,98,95,93,93,88,76,67,66,66,65,66,65,61,57,61,65,63,59,60,66,75,78,73,69,68,70,72,76,84,99,116,122,117,101,83,69,60,55,57,71,99,134,164,183,193,199,203,204,196,181,166,157,156,160,164,171,184,198,202,193,180,171,167,168,173,177,178,176,176,179,185,190,194,196,192,185,174,164,156,152,154,163,175,180,176,171,167,163,159,157,155,153,153,152,152,150,149,148,150,151,152,152,152,151,151,151,152,153,155,155
158,157,154,150,145,143,144,147,149,150,152,157,164,169,166,153,138,127,124,125,131,139,145,148,150,151,152,153,154,155,156,158,160,162,164,166,170,176,182,186,186,180,170,158,149,143,142,146,153,162,171,178,182,180,172,162,154,150,152,157,163,167,171,173,173,174,179,187,193,196,197,196,195,194,192,189,182,170,152,130,106,85,73,71,72,76,86,98,103,102,98,94,94,98,98,89,78,70,63,60,63,66,62,57,57,60,59,56,58,66,77,82,78,71,72,76,79,80,85,98,108,108,99,82,65,54,53,60,79,109,142,170,187,195,200,204,205,199,186,171,160,156,158,162,168,175,187,200,203,193,180,171,167,168,172,176,177,176,176,180,184,189,194,195,192,184,173,164,156,152,153,160,173,179,177,172,167,163,159,157,155,153,153,152,152,151,149,149,149,150,151,152,152,152,152,152,152,153,154,154
159,157,154,150,145,143,144,147,149,151,154,159,167,171,165,151,136,127,124,126,133,140,146,150,151,152,153,153,154,155,156,158,160,162,163,165,169,175,181,187,187,181,171,159,150,144,142,145,152,161,171,179,183,182,176,167,157,151,151,155,161,166,170,174,175,175,176,180,186,192,196,198,198,197,195,193,191,187,180,167,147,124,103,87,75,71,76,84,92,96,94,89,91,99,104,100,89,76,66,61,63,66,64,61,62,64,64,62,63,71,81,87,85,83,86,91,90,85,83,86,87,84,77,66,56,56,69,93,124,154,177,191,198,202,205,206,201,190,176,164,159,158,161,165,170,178,189,202,204,194,180,172,168,168,171,175,176,176,177,180,184,188,193,195,192,184,173,164,157,153,152,158,170,179,179,173,167,163,160,157,155,153,152,152,152,151,150,149,150,150,151,151,152,152,152,152,152,153,153,154
159,158,154,150,146,144,145,147,150,152,155,162,169,172,164,149,135,126,124,127,134,142,148,151,152,153,153,153,154,155,156,158,159,161,163,165,168,173,180,186,188,182,172,161,151,145,143,145,151,161,171,179,183,182,177,169,160,153,150,153,159,164,169,174,177,177,177,177,179,185,191,196,198,199,198,196,194,192,191,186,177,163,145,123,102,87,79,78,82,86,84,80,82,91,98,97,90,81,72,67,66,66,66,70,76,78,77,75,75,79,85,89,90,91,93,93,87,78,71,67,64,63,63,62,67,83,110,141,167,185,195,200,204,207,208,203,193,180,169,163,160,160,163,168,173,180,192,204,204,194,181,172,168,168,171,174,176,177,178,180,183,187,192,195,193,184,174,164,157,153,152,156,167,177,179,174,168,164,160,157,155,153,153,152,152,151,150,150,150,150,151,151,152,152,153,153,153,154,154,154
159,158,154,150,146,144,145,148,150,153,157,164,171,172,162,147,133,126,124,128,135,143,149,152,153,153,153,153,154,155,156,157,159,161,163,165,168,172,179,185,188,184,174,162,153,146,143,144,151,160,170,179,183,183,178,171,162,155,151,152,157,162,167,172,176,178,179,178,177,178,183,190,196,199,199,198,196,194,193,192,189,185,176,162,144,125,107,94,88,85,79,72,72,80,86,86,84,82,78,72,68,66,71,81,91,91,87,84,83,83,85,87,88,86,82,75,67,59,54,52,54,62,73,87,106,132,159,179,192,199,202,205,208,209,206,197,183,173,167,164,162,162,165,170,175,183,195,205,205,194,181,173,169,168,170,174,176,176,177,179,182,186,192,196,194,185,174,165,158,154,152,154,163,175,179,175,169,165,161,158,155,153,153,152,152,151,151,151,151,151,151,152,152,153,153,154,154,154,154,154
160,158,154,149,145,144,145,148,151,154,158,165,172,171,160,145,132,126,125,129,137,145,150,152,153,153,153,153,154,155,156,157,159,161,163,165,168,172,178,185,188,185,176,165,154,148,144,145,150,160,170,178,183,184,180,173,164,157,152,151,155,160,165,170,174,177,179,180,180,178,178,182,189,195,199,199,198,196,195,193,193,192,190,185,177,165,150,133,120,108,96,83,78,80,83,82,80,79,76,73,71,70,74,86,96,94,87,81,79,79,80,79,76,70,61,54,49,49,52,61,74,93,115,137,158,177,191,198,202,204,207,209,211,208,200,187,176,171,168,165,163,163,166,170,176,185,198,207,205,194,182,174,169,168,169,173,176,176,176,177,181,186,192,196,194,185,174,165,158,154,152,153,161,172,179,177,170,165,161,158,155,154,153,152,152,152,152,152,152,152,152,152,152,152,153,154,154,155,155,154
160,158,154,149,145,143,144,148,151,154,160,167,172,169,158,143,131,125,125,130,138,146,150,153,153,154,154,154,154,155,156,157,158,161,163,166,168,172,178,185,189,187,178,167,156,149,145,145,151,160,170,178,184,185,181,174,167,159,154,152,154,158,163,168,172,176,179,181,183,183,181,180,182,187,193,197,198,198,197,195,195,195,195,193,191,187,180,172,161,149,136,121,110,105,101,95,89,82,76,75,77,77,78,85,90,85,75,67,64,66,68,66,62,56,52,51,56,67,83,104,126,147,167,182,193,200,204,206,207,208,211,211,209,201,190,179,174,172,170,166,164,164,166,171,177,187,199,208,206,195,183,174,169,167,169,173,175,174,173,176,181,187,192,196,193,184,173,164,159,154,152,153,159,170,179,178,172,166,162,158,156,154,153,152,152,152,152,152,152,152,152,152,152,153,154,154,155,155,155,155
160,158,154,149,145,143,144,147,151,155,161,169,173,168,156,142,131,126,126,132,139,146,151,153,153,154,154,154,154,155,156,157,159,161,163,166,169,172,177,184,189,188,180,169,158,150,145,145,151,159,169,178,185,186,183,177,169,161,155,152,154,157,161,166,170,175,178,180,183,186,186,183,181,181,185,191,195,198,198,198,197,198,198,197,195,194,193,190,187,182,174,164,155,147,139,130,120,110,99,94,95,94,90,90,89,81,70,62,58,61,65,68,69,71,76,85,100,119,140,161,178,191,198,202,205,207,208,209,210,211,212,209,201,191,182,177,176,174,170,167,165,165,167,171,178,188,200,208,206,196,184,175,170,167,169,172,173,171,171,174,180,187,192,196,193,184,173,165,159,155,152,152,157,167,177,179,173,167,162,159,156,154,153,152,152,152,152,152,152,153,152,152,152,153,154,155,155,155,155,155
161,159,154,149,145,143,144,147,151,157,164,171,174,168,155,141,131,126,127,133,141,147,151,153,154,155,155,155,155,155,156,157,159,161,163,166,168,171,176,183,189,189,182,171,160,152,147,146,150,159,169,178,185,187,185,179,170,163,156,153,154,157,161,164,168,173,176,179,181,185,188,188,185,183,182,184,187,192,196,198,199,200,200,199,198,197,197,196,196,195,193,190,187,182,176,170,163,155,145,137,133,128,123,120,115,106,97,91,88,91,96,103,111,121,132,145,160,175,189,200,206,208,208,208,209,210,211,212,212,211,208,200,190,183,180,180,178,174,170,167,165,165,167,171,178,187,199,207,206,196,184,175,170,167,168,170,171,169,169,173,180,187,192,195,193,184,174,165,160,155,152,152,155,163,174,179,175,168,163,160,157,155,153,152,152,152,152,152,153,153,153,153,153,154,155,155,156,156,156,156
161,159,154,148,145,143,144,148,152,158,166,173,174,167,154,141,131,127,129,135,143,149,152,154,155,156,157,157,156,155,156,157,158,160,163,166,168,170,175,182,188,190,184,174,163,155,149,147,150,158,168,177,185,188,186,180,172,164,158,155,155,157,160,163,166,170,174,177,178,181,185,189,190,188,185,182,181,183,188,192,197,200,201,201,200,200,199,199,199,199,198,198,198,197,195,193,192,188,183,177,172,167,165,163,160,153,148,146,145,147,152,158,166,176,186,194,201,207,210,213,213,212,211,211,211,212,212,212,210,206,198,189,183,182,183,182,179,174,170,168,166,166,168,172,178,187,198,207,207,197,185,175,169,167,167,169,168,166,167,172,180,187,192,195,193,184,174,166,160,156,152,151,153,160,171,178,177,170,165,161,158,155,153,152,152,152,152,153,153,153,154,154,154,154,155,156,156,157,157,157
161,158,153,148,145,143,145,149,154,160,167,174,175,167,154,141,132,128,130,137,145,150,154,155,156,158,159,159,157,156,156,157,158,160,163,166,168,170,175,181,188,191,186,176,166,157,151,148,150,157,167,176,184,188,187,182,175,166,160,156,156,158,160,162,165,168,172,174,175,178,181,186,189,192,191,188,183,180,181,184,189,194,198,199,200,200,200,201,201,201,200,200,200,200,200,201,201,200,198,196,193,191,192,193,192,189,188,187,187,189,193,197,202,207,211,213,215,215,215,215,215,214,214,214,214,213,211,207,202,195,188,184,185,187,186,183,179,174,171,168,167,166,168,172,178,186,197,207,207,197,185,176,169,167,167,167,166,165,166,172,180,187,192,195,193,184,174,166,160,156,153,151,152,157,167,177,178,173,166,162,158,156,154,153,152,152,153,153,154,154,154,154,154,155,155,156,157,158,158,158
161,158,153,148,145,144,146,150,155,162,169,175,175,167,154,142,132,128,131,138,146,152,155,156,157,159,161,161,159,157,156,156,157,160,162,165,168,171,175,181,188,191,187,178,168,159,152,148,150,157,166,175,183,187,188,184,177,169,162,159,158,159,161,163,165,167,170,172,173,175,178,182,186,191,194,194,191,186,183,181,182,185,189,192,195,197,199,201,202,202,201,201,202,202,203,203,203,203,203,202,200,200,201,203,203,201,201,201,202,204,206,209,212,215,216,216,217,217,217,217,217,216,216,215,213,209,203,196,190,187,186,188,191,191,187,182,178,174,170,168,166,166,168,172,177,186,197,207,207,198,186,176,170,167,166,166,165,163,165,172,180,186,192,195,193,184,174,166,161,156,153,151,151,155,165,176,179,175,168,163,159,156,154,153,153,153,153,154,155,155,155,155,155,155,156,156,157,158,158,159
161,159,153,148,145,144,147,151,157,163,171,177,176,167,154,142,133,129,132,139,147,153,155,156,157,159,162,163,161,158,156,155,157,159,162,164,168,171,175,181,188,191,188,179,170,161,153,149,150,156,165,173,181,186,188,185,179,172,166,161,159,160,162,164,166,167,169,171,173,174,176,179,182,187,192,195,195,193,191,187,184,181,181,183,186,189,193,196,199,200,201,202,203,204,205,205,205,205,205,205,203,203,204,205,205,205,204,204,204,206,208,211,213,216,216,217,218,218,218,217,217,216,214,211,206,199,192,187,185,187,192,195,196,193,187,181,177,173,170,168,166,166,168,172,178,186,197,206,207,198,186,176,170,167,166,166,164,163,165,171,179,185,191,195,193,184,174,167,161,157,154,151,151,154,162,173,179,177,170,164,160,157,155,154,153,153,153,154,155,155,155,155,155,156,156,157,157,158,158,158
161,159,153,148,145,145,147,152,158,165,173,178,177,167,154,142,133,130,133,140,149,154,156,157,158,160,162,164,163,160,157,155,156,159,161,164,167,171,175,181,187,191,189,181,172,163,155,150,150,156,164,172,179,186,189,187,181,174,169,164,162,161,163,166,167,168,169,171,172,172,173,175,178,182,187,191,194,196,196,195,191,186,181,179,179,180,183,187,190,193,196,198,200,202,203,204,205,205,206,207,206,205,206,207,207,207,206,206,207,208,209,211,214,215,216,217,218,217,215,214,213,210,207,203,198,192,186,185,187,193,198,200,198,192,185,180,176,173,170,168,167,167,169,173,178,186,197,206,207,198,186,176,170,167,166,165,163,162,165,170,177,184,191,195,193,185,174,167,162,158,154,152,152,153,159,170,179,179,172,166,161,158,156,155,154,154,154,154,155,155,156,156,156,156,156,157,157,158,157,157
161,159,153,149,146,146,148,153,159,167,174,179,177,167,154,142,134,131,135,142,151,156,158,158,158,160,163,165,164,161,158,156,156,158,161,164,167,170,174,180,187,192,190,183,174,165,157,151,151,156,164,172,179,186,189,188,183,177,171,166,163,163,164,166,168,169,169,170,171,171,171,172,174,177,181,185,189,193,196,197,196,192,188,184,181,179,179,180,181,183,186,188,191,194,196,197,199,201,203,204,205,205,205,206,206,207,207,207,207,208,208,209,210,211,212,213,212,210,207,205,203,201,199,198,195,191,187,187,191,197,202,202,198,190,183,179,176,173,170,168,167,168,170,174,179,186,197,206,206,198,186,176,171,168,166,165,163,162,164,169,175,183,190,195,193,184,175,168,163,159,155,152,152,153,157,167,177,180,175,168,163,159,157,155,155,154,154,154,155,155,156,156,157,157,157,157,158,158,158,158
161,159,154,149,147,147,149,154,161,168,176,180,177,166,154,142,134,132,136,145,153,157,159,158,159,160,163,165,165,163,159,156,156,158,161,164,166,170,174,179,187,192,192,185,176,167,160,153,152,157,164,171,178,185,189,189,185,180,174,168,165,164,165,167,169,169,169,169,170,171,171,171,172,174,177,181,185,189,194,197,198,197,194,190,187,183,181,180,179,180,180,181,183,184,185,186,188,191,193,195,196,198,198,199,199,200,201,201,202,202,202,202,201,201,201,201,201,199,197,196,197,199,201,202,199,193,188,188,193,199,203,202,196,188,182,178,176,173,170,168,167,168,171,174,179,186,196,205,206,197,186,177,171,168,166,164,163,162,163,168,174,182,190,194,192,184,175,168,164,160,156,153,152,152,156,164,175,180,177,170,164,160,158,156,155,155,154,154,155,155,156,157,157,157,157,158,158,158,159,158
161,159,154,149,147,147,150,156,163,170,177,180,177,166,154,143,135,133,138,146,154,159,160,159,159,160,162,164,165,163,160,158,157,158,161,164,166,169,173,179,186,193,193,186,177,169,162,155,154,158,164,171,177,184,189,189,186,182,176,171,167,165,166,168,169,170,170,170,171,171,171,171,171,173,175,178,181,186,191,195,198,199,197,194,191,188,186,184,183,183,182,183,184,184,183,183,183,184,184,185,186,188,188,189,189,190,191,191,192,193,193,192,192,192,193,194,195,195,197,199,203,207,209,207,199,191,186,188,194,200,203,200,193,186,181,178,175,172,169,167,167,169,171,175,179,186,195,204,205,197,186,177,172,168,166,164,163,162,163,167,173,181,189,194,192,184,175,169,165,160,156,153,152,152,154,162,173,181,179,172,165,161,159,157,156,155,155,155,155,156,156,157,157,158,158,158,158,159,159,159
160,158,154,150,148,148,152,158,165,172,178,181,177,166,154,143,136,134,139,148,155,159,160,160,160,161,162,164,165,164,162,159,158,159,161,164,166,169,172,178,186,193,193,187,179,172,164,158,155,159,165,171,176,182,188,189,187,183,179,174,170,168,167,168,170,172,172,172,172,172,172,171,171,172,174,176,179,182,187,192,196,199,198,197,194,191,188,187,186,187,188,189,190,191,190,190,189,188,187,185,185,186,186,186,186,186,187,188,189,190,191,192,193,194,196,199,202,204,207,210,213,215,213,206,195,187,185,188,195,200,201,197,189,183,179,177,174,171,169,167,168,170,172,175,178,185,194,202,204,197,186,177,172,169,166,164,163,162,163,166,171,180,189,194,192,184,175,169,165,161,157,154,152,152,154,160,171,180,180,174,167,162,160,158,157,156,155,156,156,156,157,157,158,158,158,158,159,159,159,159
160,158,154,150,149,149,154,160,167,173,179,181,177,167,155,144,137,135,140,149,156,160,160,160,160,161,163,164,164,164,163,161,159,160,162,164,166,169,172,178,186,193,194,189,181,174,167,159,156,159,165,170,175,181,186,189,187,183,180,177,174,171,169,170,172,173,174,174,174,174,173,172,172,172,174,175,177,180,184,189,193,197,199,198,197,194,190,188,188,189,191,192,194,195,197,198,199,198,196,194,193,193,192,192,192,192,193,194,196,197,198,200,202,204,207,210,212,214,216,218,218,216,210,200,190,184,184,188,195,200,200,194,187,182,178,176,173,170,169,168,169,171,173,174,177,183,192,201,204,197,186,178,173,169,166,164,163,162,162,165,170,179,189,194,192,184,175,170,166,162,157,154,153,152,154,159,168,179,182,176,169,163,160,159,158,157,157,157,157,158,158,158,158,159,159,159,159,159,159,159
160,158,155,151,149,151,155,162,169,175,180,181,177,167,155,145,138,137,143,151,157,160,160,160,160,161,163,165,165,165,164,163,161,161,163,165,167,169,172,177,185,193,195,191,183,176,168,161,158,160,165,170,174,179,185,189,188,185,181,179,176,174,172,172,173,174,175,175,175,176,175,174,174,174,175,177,178,179,182,186,191,195,198,199,198,196,193,190,190,191,192,193,194,195,197,199,201,201,201,201,200,199,199,199,200,200,201,202,203,204,205,207,209,212,214,215,217,219,220,220,218,212,203,193,185,181,183,188,195,199,198,192,185,181,178,175,172,170,169,169,170,172,173,174,176,181,190,200,204,198,187,179,173,170,166,164,162,161,162,164,169,178,189,195,192,183,175,170,166,162,158,155,153,153,153,157,166,176,182,178,171,165,162,160,159,158,158,158,158,158,158,158,159,159,160,160,159,159,159,159
160,159,155,152,150,151,156,163,170,176,181,182,177,167,155,145,139,139,145,153,159,160,160,160,161,162,164,166,166,165,164,164,163,163,164,165,167,168,171,177,185,192,196,192,185,177,170,163,159,161,166,170,173,178,184,189,190,187,183,180,178,176,174,173,174,175,175,176,176,177,178,178,177,177,178,179,180,180,181,183,188,193,196,198,199,198,196,193,191,192,193,194,193,194,195,197,198,199,200,201,201,202,202,203,204,204,204,205,205,206,208,210,212,215,217,218,219,220,220,219,214,206,196,187,181,180,183,189,196,199,197,190,185,181,178,175,172,171,170,170,171,172,173,174,176,180,189,199,203,198,188,179,174,170,166,164,162,161,161,163,168,177,188,194,192,183,175,169,166,162,159,155,153,153,153,156,163,173,181,180,173,167,163,161,160,159,159,159,159,159,158,159,159,160,160,160,160,159,159,159
161,160,156,153,151,152,156,163,171,178,182,182,176,166,156,146,140,141,148,156,160,161,161,161,162,163,165,166,166,165,165,164,164,164,165,166,167,168,171,176,184,192,196,193,186,179,172,165,161,163,167,171,173,177,183,189,191,189,184,181,179,178,176,175,175,176,176,176,177,178,180,181,181,181,181,181,182,181,181,182,186,190,194,197,199,200,198,195,193,193,194,194,194,194,195,196,196,197,198,199,201,202,203,204,204,205,206,206,207,208,209,211,214,216,218,219,219,220,218,215,209,200,191,184,181,181,185,191,198,200,197,190,185,181,178,175,173,172,171,171,172,173,174,175,176,180,188,198,203,198,188,180,175,170,166,163,162,161,161,163,167,176,188,195,192,184,175,170,166,163,159,156,154,153,153,155,160,169,179,181,176,169,164,162,161,161,160,160,159,159,159,159,159,160,160,160,160,160,160,160
162,160,157,154,152,153,157,163,171,178,183,181,175,166,156,146,141,143,150,158,161,161,161,161,163,164,165,166,166,165,165,164,164,165,166,167,167,168,171,176,183,190,195,194,187,180,174,168,164,165,169,172,174,177,182,189,192,190,186,182,180,179,177,176,177,177,178,178,178,179,181,183,184,183,182,182,182,182,182,183,185,189,193,196,199,200,199,197,195,195,195,195,195,196,197,197,196,196,197,198,199,201,203,204,204,205,206,207,208,210,211,213,215,217,218,219,219,217,214,209,202,194,187,183,182,183,188,194,199,200,197,191,186,182,179,176,173,172,172,172,172,173,174,175,176,180,188,197,202,198,188,180,175,170,166,163,161,161,161,162,166,175,187,195,193,185,177,171,167,164,161,157,155,154,154,155,158,167,177,182,178,171,166,164,163,162,161,161,160,160,160,160,160,160,160,160,160,160,160,160
162,161,158,155,153,153,157,163,171,178,183,181,174,166,156,147,142,145,152,159,162,162,161,162,163,165,166,166,166,166,165,165,165,166,167,168,168,169,171,176,182,189,194,194,189,182,176,170,166,167,170,173,174,177,182,189,193,192,188,184,181,180,178,178,178,179,180,179,180,180,182,184,185,185,183,182,181,182,183,184,186,188,191,194,198,200,200,199,198,197,196,196,196,198,198,197,196,197,197,197,198,200,202,203,204,205,206,208,209,211,212,214,215,216,217,218,217,214,210,204,197,190,185,183,183,185,190,195,199,199,195,191,187,183,179,176,174,172,172,172,173,174,175,175,176,179,187,196,201,197,188,180,174,171,167,164,162,161,161,162,166,175,187,195,194,186,178,172,168,164,162,159,156,154,154,155,157,164,175,183,180,173,167,165,164,163,162,161,161,161,161,160,160,161,161,160,160,160,160,160
162,161,158,155,153,154,157,163,171,179,183,181,174,166,156,147,143,145,153,160,162,162,161,162,164,165,166,167,167,166,166,165,166,166,167,168,168,169,171,176,182,189,194,194,189,183,177,171,167,167,171,173,175,177,182,188,193,192,188,184,182,180,179,179,179,180,180,180,180,181,183,185,185,185,183,181,181,182,183,185,186,188,190,194,197,200,201,200,200,199,197,196,197,198,199,198,197,197,197,197,198,199,201,203,204,205,206,207,209,211,213,214,215,216,216,217,216,213,208,202,195,189,185,183,183,186,190,196,199,198,194,190,187,183,179,176,174,172,172,172,173,174,175,175,176,179,186,196,201,197,188,179,174,171,167,164,162,162,161,162,166,174,187,195,194,186,179,173,168,165,162,159,157,155,154,155,157,163,174,183,181,174,168,166,165,163,162,162,161,161,161,161,161,161,161,160,160,160,160,160
