158,162,162,162,162,162,162,162,165,165,165,168,165,168,165,168,168,168,168,168,175,172,172,172,175,175,175,175,175,179,175,175,175,175,179,179,179,179,182,182,182,182,182,182,187,187,187,187,187,187,187,191,191,191,187,187,191,187,187,187,187,187,187,187,187,182,182,182,182,182,182,182,179,179,175,179,175,172,175,172,172,172,168,172,172,172,168,168,168,168,165,165,165,165,165,165,165,165,162,165,165,165,165,162,162,162,165,165,165,165,162,162,165,165,168,168,172,172,172,168,172,175,172,172,175,175,175,175,179,179,182,182,182,182,187,182,182,182,187,187,191,191,191,194,194,194,194,198,198,198,194,198,194,198,198,198,198,202,198,198,198,194,198,198,198,198,202,198,202,202,202,198,198,202,198,202,198,198,198,198,202,198,198,198,198,198,202,202,198,198,202,202,198,202,198,202,206,202,202,202
158,158,158,162,158,158,162,165,165,165,165,165,165,165,168,165,168,172,168,172,168,172,172,172,175,175,175,175,179,179,179,175,175,175,179,179,182,182,179,179,182,182,182,182,187,187,187,182,187,187,191,187,187,191,191,187,187,191,187,187,187,187,191,187,187,187,182,182,182,182,182,182,179,179,179,179,175,172,172,172,172,172,172,172,168,168,168,165,168,165,165,165,165,165,165,165,165,162,162,162,162,165,158,162,165,162,165,162,165,165,165,165,162,165,162,165,168,172,172,168,172,175,175,175,175,175,175,175,179,179,182,182,182,182,182,182,182,182,187,187,191,194,194,194,194,194,194,194,198,198,198,194,194,194,198,198,202,202,202,198,202,198,198,198,198,198,198,198,198,202,198,202,198,194,198,198,198,198,202,202,198,202,202,198,202,198,202,198,202,198,202,202,202,202,198,202,202,202,202,198
158,162,162,162,158,162,162,165,162,162,165,165,168,168,168,168,172,172,172,172,175,172,175,175,172,175,175,175,179,179,175,175,175,179,182,179,182,182,182,182,182,187,182,182,187,187,187,191,187,191,187,191,187,187,191,187,187,187,187,191,187,191,191,187,182,182,182,182,182,182,182,179,179,175,175,175,172,172,172,172,168,172,168,168,168,165,168,165,165,165,162,165,162,162,162,162,162,162,162,158,162,162,162,162,162,162,162,165,165,162,162,162,162,165,165,165,168,172,168,165,168,172,172,172,175,172,175,175,175,179,179,182,182,182,187,182,182,187,187,187,191,194,191,191,194,194,198,198,194,198,198,194,198,194,198,198,198,202,198,198,198,198,198,198,202,202,198,202,198,202,202,202,198,202,202,206,202,202,202,202,206,202,202,198,202,202,202,202,202,198,202,202,202,202,198,202,202,202,202,202
162,162,158,162,158,162,162,165,165,165,162,165,165,165,168,172,172,175,172,175,175,175,172,175,175,179,175,175,175,179,179,179,179,179,179,182,182,182,182,182,182,187,182,182,187,187,187,187,187,187,191,191,191,191,191,187,191,191,187,187,187,187,191,187,187,182,182,182,179,179,179,179,179,175,172,168,172,172,172,168,168,172,168,168,168,168,165,165,165,162,162,162,158,158,158,158,162,158,162,158,158,158,158,158,158,158,162,165,158,162,162,162,162,165,162,165,168,168,168,168,172,172,172,172,175,175,175,175,175,175,179,179,179,179,182,187,182,182,187,187,191,194,194,194,194,198,198,194,198,198,202,198,198,198,198,198,198,198,198,198,202,198,202,202,202,202,198,202,202,202,202,202,202,202,198,202,202,202,202,202,202,202,206,202,202,202,202,202,202,202,202,202,202,206,202,198,206,202,198,206
158,162,162,158,158,162,158,162,165,165,165,162,165,165,168,168,172,172,172,172,172,172,175,179,175,179,179,175,179,179,179,179,179,179,179,182,182,179,182,182,182,182,182,182,187,182,187,187,187,187,191,187,191,191,191,191,191,187,191,187,187,187,187,191,187,182,182,182,179,179,179,175,175,175,172,168,172,172,168,168,168,168,165,168,165,168,165,165,165,162,162,158,158,158,158,158,158,158,158,155,158,155,158,158,155,155,158,158,162,158,162,165,162,162,162,162,165,168,168,168,168,172,172,172,172,172,175,172,175,175,179,179,179,179,179,182,182,182,187,187,187,194,194,194,194,194,198,194,198,198,198,198,194,198,198,202,198,202,202,202,202,202,202,202,202,202,206,202,202,202,202,202,202,202,202,202,202,202,202,202,206,202,206,202,202,206,202,202,202,206,202,202,202,206,206,202,202,202,198,202
162,158,158,162,162,158,158,162,165,165,165,162,165,165,172,168,168,172,168,168,172,172,175,175,179,179,179,179,179,179,179,179,179,179,182,179,182,182,182,182,182,187,187,187,187,182,187,187,191,187,191,191,187,191,191,191,191,187,187,187,187,191,191,187,182,182,182,179,182,179,179,175,179,175,172,172,172,172,168,165,168,165,168,168,165,165,165,162,158,158,158,162,158,158,155,158,158,155,158,155,155,155,155,155,155,155,158,158,162,158,158,162,158,162,162,162,162,165,165,168,172,168,168,168,172,172,172,175,172,175,182,175,182,179,182,182,182,187,182,187,187,194,191,194,198,194,198,198,198,198,198,198,198,198,202,202,202,202,202,206,202,206,206,202,202,202,202,202,202,202,202,202,202,202,202,202,202,206,206,202,206,206,206,206,206,202,206,206,206,206,202,206,202,202,202,202,202,206,206,202
162,162,158,158,162,158,162,162,162,162,165,165,168,168,172,172,168,172,172,172,172,172,175,175,175,179,179,175,179,179,182,179,179,182,182,179,179,187,179,182,187,187,182,187,187,187,187,191,187,187,187,191,191,191,191,191,191,191,191,191,187,191,187,187,182,182,179,179,179,179,175,175,172,175,172,172,168,172,168,165,165,165,165,165,165,162,162,162,158,158,158,155,155,155,155,155,158,155,153,155,153,153,155,155,155,155,153,155,155,155,158,155,158,158,158,162,162,165,165,168,165,168,165,165,168,168,172,172,172,175,179,179,179,179,182,182,182,182,187,187,187,194,194,194,194,198,198,194,202,198,198,198,198,202,202,206,202,202,202,202,206,202,206,202,206,202,202,206,202,202,202,202,202,202,206,202,206,206,202,202,206,210,206,206,210,206,206,206,206,206,206,206,202,206,202,202,202,206,206,206
158,162,155,162,162,162,158,162,162,162,162,162,165,168,165,172,172,172,172,172,172,175,175,179,175,179,179,175,179,179,182,179,182,182,179,182,182,182,182,187,182,182,187,187,187,187,191,191,191,191,191,191,191,191,191,191,187,191,191,191,191,191,187,187,182,182,179,179,175,179,175,175,175,172,175,172,172,172,168,165,165,165,162,165,165,165,158,158,155,155,162,155,155,155,155,153,155,151,151,153,151,153,151,151,153,153,151,153,153,153,155,155,158,162,158,158,158,162,165,168,168,165,168,165,168,168,168,172,172,175,179,179,179,179,182,182,182,182,182,187,191,191,194,194,198,198,198,198,202,202,202,198,202,198,202,202,202,202,202,202,202,206,206,206,206,202,202,202,202,202,202,206,202,202,202,206,202,206,202,206,206,206,206,206,206,210,206,202,206,206,206,206,202,202,202,202,206,206,202,206
162,162,158,158,162,162,158,162,165,162,165,165,165,168,172,168,172,172,172,172,172,175,175,175,179,179,179,179,179,179,179,182,182,182,182,182,187,182,182,187,187,187,187,187,187,187,187,191,191,191,191,191,191,191,191,191,191,191,191,191,187,191,187,182,182,179,182,179,179,179,175,175,172,175,172,172,168,168,168,165,165,162,165,165,162,162,158,158,158,155,158,155,155,155,149,145,145,144,140,140,138,140,137,135,136,137,140,147,149,153,155,155,158,155,158,158,158,158,162,162,165,165,165,165,168,168,168,168,168,175,175,175,175,179,179,179,182,182,182,187,187,187,191,194,194,198,198,198,202,202,202,198,198,202,202,206,202,202,202,202,206,206,206,206,202,202,202,206,202,202,202,206,202,202,206,202,206,202,202,202,206,206,206,206,202,206,206,206,206,210,206,206,202,202,206,202,202,206,206,206
158,158,158,162,158,162,162,162,158,162,162,165,165,165,168,168,172,168,172,172,172,172,172,175,175,179,175,179,182,179,182,182,182,182,182,182,187,187,182,187,187,187,187,187,187,187,191,191,191,191,191,191,194,191,194,191,191,191,187,191,187,187,187,187,182,182,182,179,179,175,175,172,172,172,175,172,172,168,165,165,162,162,162,162,162,158,158,155,155,155,153,155,149,145,141,134,114,110,100,99,98,98,97,97,98,101,102,119,134,141,145,147,153,153,153,158,155,158,162,162,162,162,165,162,168,165,168,168,168,172,175,172,175,179,179,179,182,182,182,187,187,187,191,194,198,194,198,198,202,202,202,202,202,202,202,206,202,202,202,202,206,206,206,202,202,202,202,206,206,206,206,206,206,206,206,206,206,206,206,202,202,206,206,206,206,206,206,206,206,206,206,206,206,202,202,206,206,206,210,206
155,158,158,162,162,162,162,162,165,162,165,165,165,165,168,165,168,168,172,172,172,172,175,175,179,175,179,179,179,179,179,182,187,182,182,182,187,182,187,187,187,187,187,191,191,191,191,191,187,191,187,191,194,191,191,191,191,187,187,187,187,187,187,182,182,182,179,179,172,175,175,172,172,172,168,168,168,165,162,165,162,158,158,158,158,158,155,155,153,153,146,139,119,104,97,93,91,92,92,92,92,91,90,89,88,89,90,92,95,97,99,116,135,143,151,155,155,155,158,162,162,162,165,162,165,165,165,172,168,172,172,172,172,175,179,179,182,179,182,191,187,191,191,194,194,194,202,198,198,202,206,202,202,202,202,202,202,206,202,202,206,206,206,202,206,202,206,206,206,206,206,206,206,202,206,206,206,206,206,206,206,202,210,206,206,206,206,206,206,206,210,206,206,206,206,206,206,210,210,210
158,158,158,158,162,162,162,162,162,165,162,165,165,168,168,168,168,168,172,172,172,175,175,175,175,179,175,175,182,175,182,182,182,182,187,187,187,187,187,187,191,191,187,191,187,191,191,187,191,187,191,191,191,191,191,187,187,191,187,187,187,187,182,182,179,179,179,175,172,172,172,168,172,168,168,168,168,165,162,162,162,162,158,158,158,158,155,155,141,135,107,96,90,87,86,83,83,79,75,76,77,77,78,79,81,81,83,87,87,90,93,94,96,98,115,135,147,155,155,158,158,158,158,162,162,162,165,168,168,168,172,172,175,172,179,179,179,179,179,187,187,187,191,191,194,194,198,198,202,202,202,198,202,202,206,202,206,206,206,202,206,206,206,206,206,206,210,206,210,210,206,210,206,206,206,206,206,206,206,206,206,206,206,206,206,206,206,206,210,210,210,206,206,206,206,206,210,206,210,210
158,158,158,162,158,158,162,162,162,165,162,165,165,168,168,168,168,168,168,172,172,172,175,175,175,175,179,179,179,179,182,182,182,182,182,187,187,187,187,187,191,191,191,191,187,191,191,187,191,187,191,191,191,191,191,191,191,187,187,187,187,182,182,179,179,179,179,172,172,172,172,172,168,168,165,165,165,162,162,162,162,158,158,155,153,153,149,131,100,94,85,83,81,76,71,60,53,51,49,47,43,43,47,49,51,53,58,72,76,81,86,88,89,92,95,96,101,129,145,155,158,162,162,162,165,165,165,165,165,168,168,165,172,175,179,179,182,179,179,182,182,187,191,191,194,194,202,198,202,202,202,202,202,202,202,202,202,206,206,202,206,206,206,210,210,210,210,206,206,210,210,206,206,210,206,206,210,206,206,206,206,206,206,210,210,206,206,206,210,210,202,206,210,210,206,206,210,210,210,210
162,158,158,158,162,162,162,162,165,162,162,165,168,165,168,165,168,168,172,175,172,175,175,175,175,179,179,179,175,179,182,179,182,182,182,187,182,187,187,187,191,191,187,191,191,191,191,191,191,191,191,191,191,191,191,187,187,187,187,187,187,187,179,179,179,175,172,172,172,168,168,172,168,165,165,165,162,162,162,162,162,158,158,153,149,136,99,92,86,83,76,75,69,56,49,41,39,32,32,27,29,29,29,25,25,24,29,32,38,45,60,69,81,87,90,92,95,97,102,133,162,155,158,162,158,162,162,162,162,165,168,165,168,172,175,175,175,179,179,179,187,182,187,191,191,194,198,198,198,202,198,202,202,202,206,206,206,206,206,206,206,210,210,210,210,206,206,206,210,206,210,206,206,210,210,210,210,206,210,210,206,206,206,210,210,210,210,210,210,210,210,206,206,206,206,206,215,210,215,210
158,158,158,162,162,162,162,162,162,162,162,165,165,165,165,168,168,168,172,172,172,175,172,175,175,175,175,175,179,179,182,182,182,182,187,182,182,187,187,187,187,187,191,191,191,191,191,191,194,191,191,191,191,191,191,187,191,187,187,182,187,182,175,179,175,175,172,172,168,168,168,165,165,162,162,162,165,162,162,158,155,155,155,145,112,93,84,77,71,66,56,51,39,32,25,24,24,22,24,22,22,25,25,27,25,24,25,27,25,27,34,39,49,58,72,81,88,92,95,97,106,141,153,155,155,158,162,162,165,165,165,165,168,172,172,172,175,179,179,179,182,187,187,191,191,194,194,202,198,202,202,202,202,206,202,206,206,206,206,206,206,206,206,206,210,210,206,206,210,210,210,206,206,210,210,206,215,210,206,210,210,210,210,210,210,210,210,210,210,210,210,210,210,206,206,206,206,210,210,215
158,158,158,162,162,162,162,162,162,162,165,165,168,165,165,165,168,168,168,172,172,172,175,172,172,175,175,179,179,182,182,182,182,187,182,187,187,187,187,191,187,191,187,191,191,194,191,191,191,191,191,191,191,191,191,187,187,187,187,182,179,179,179,175,175,175,172,172,168,172,168,165,162,162,162,162,158,158,162,158,158,155,137,98,89,80,72,64,53,47,39,31,24,21,20,19,20,20,22,24,24,24,25,25,27,27,27,29,29,27,29,31,38,43,49,56,71,85,92,94,96,98,123,147,149,158,162,165,165,162,168,168,168,172,172,172,172,175,175,179,182,182,182,191,191,194,194,198,202,202,198,202,202,202,202,206,206,206,210,206,210,210,210,210,210,210,206,210,206,206,210,210,210,210,210,206,210,210,210,210,210,210,210,210,210,206,210,210,206,210,210,210,206,210,206,206,206,210,210,210
162,158,158,158,162,162,158,162,162,165,162,165,165,165,165,168,168,168,168,172,172,172,172,175,172,175,175,179,179,179,182,182,182,182,182,187,187,187,187,187,187,191,187,191,191,191,191,191,191,191,191,191,191,191,187,187,187,187,182,182,179,179,179,175,175,172,172,168,168,165,162,165,162,158,162,162,158,162,158,155,151,120,94,84,72,60,53,45,38,29,24,22,21,19,19,19,20,21,22,25,25,27,29,29,29,31,29,29,29,27,31,29,34,36,39,41,45,64,80,83,92,95,96,104,137,155,158,162,162,162,165,165,165,168,168,172,172,172,175,179,182,182,182,187,191,194,194,198,202,202,198,202,202,206,206,210,206,206,210,210,206,210,210,210,210,210,210,210,210,210,210,210,210,210,210,210,206,210,210,210,210,210,210,210,215,206,210,210,210,206,210,210,206,206,210,206,210,210,210,210
155,162,158,158,158,158,162,162,162,165,162,162,165,165,165,162,168,168,172,172,172,172,175,175,175,175,175,179,179,182,182,182,182,182,182,187,187,187,187,187,191,191,191,191,191,191,191,191,191,191,191,191,187,191,187,187,187,182,187,182,179,179,175,175,175,172,168,165,165,165,162,165,162,158,158,158,158,158,153,147,101,86,76,60,47,41,34,29,22,20,20,20,20,19,19,19,21,22,24,25,27,27,29,29,31,31,29,27,29,27,31,32,32,36,36,38,38,39,45,60,79,88,93,96,98,129,155,158,162,162,162,162,165,165,168,168,168,172,175,179,179,182,187,187,191,191,194,198,198,198,202,202,206,206,206,206,206,210,210,206,210,210,215,210,210,210,210,210,210,210,210,210,210,210,210,210,210,210,210,215,210,210,210,215,215,210,210,210,206,210,210,210,210,210,210,210,210,206,206,210
162,162,162,158,158,162,158,158,165,165,162,165,165,168,165,165,165,168,172,172,172,175,175,175,175,175,179,179,175,179,182,182,182,187,187,187,187,187,187,187,191,191,191,191,191,191,191,191,191,191,191,191,191,191,191,187,187,182,182,182,179,179,175,172,172,168,168,165,165,162,158,158,158,158,158,162,155,155,138,96,79,69,45,38,31,29,24,19,19,20,20,20,19,19,20,21,22,22,25,24,25,25,27,27,27,29,29,29,27,27,29,31,31,32,36,36,38,39,39,43,53,73,82,89,93,97,111,142,155,158,162,162,162,162,165,168,168,172,172,175,179,179,182,187,187,191,194,194,194,198,202,206,206,206,206,210,206,210,210,210,206,206,210,210,210,210,210,215,210,210,210,210,210,210,215,210,210,210,210,210,210,210,215,215,215,210,215,210,210,210,210,210,210,215,210,210,210,215,210,215
162,158,158,162,162,162,162,162,165,165,165,165,165,165,168,165,165,165,168,168,175,175,175,175,175,175,175,179,175,179,179,182,182,187,182,187,187,187,187,191,191,191,194,191,191,191,191,191,191,191,191,191,191,191,191,187,187,187,182,179,175,175,175,172,168,168,162,162,162,162,158,158,158,158,158,158,155,129,92,69,60,41,31,29,24,22,20,19,19,19,17,19,19,19,20,21,22,24,25,24,25,27,27,27,27,29,29,29,27,27,29,29,32,32,34,36,38,41,41,41,41,51,69,77,83,91,96,100,135,155,158,158,158,162,165,168,165,168,172,175,175,179,179,187,187,191,194,194,194,198,202,202,206,206,206,210,210,210,210,206,210,210,210,210,210,210,215,215,210,215,210,210,210,215,215,210,210,210,215,215,215,210,215,215,215,210,210,210,210,215,215,215,215,210,210,215,210,215,210,210
162,158,162,158,158,165,162,158,165,162,165,165,165,168,168,168,168,168,168,172,172,172,172,175,175,175,179,179,179,179,182,182,182,182,187,187,191,187,191,187,191,191,191,191,191,194,191,191,191,191,191,191,187,187,187,187,187,182,179,179,175,175,175,168,165,162,162,162,162,162,158,158,158,158,155,153,118,83,67,45,34,31,29,25,21,22,19,20,19,17,17,19,21,20,20,22,22,24,24,24,24,25,27,27,27,27,29,29,29,25,29,27,32,32,36,36,36,39,41,41,41,45,56,64,73,81,87,94,97,121,149,158,158,162,162,165,165,165,168,172,172,179,179,182,187,191,194,194,194,198,198,202,206,206,206,210,210,210,210,210,210,210,215,210,215,215,215,210,215,215,215,215,215,215,215,215,215,215,215,215,215,210,215,215,215,210,215,210,210,215,210,215,215,215,210,215,210,210,210,215
162,158,158,165,162,162,162,162,162,165,162,165,165,168,168,168,165,168,168,168,172,172,175,175,175,175,179,179,179,182,179,182,182,182,187,187,187,187,191,191,191,191,191,191,194,191,194,191,191,187,191,191,191,187,187,187,187,182,179,175,175,172,172,168,165,162,162,158,158,158,158,158,155,155,151,104,73,60,45,38,34,31,27,25,22,21,19,17,17,17,16,19,17,19,21,22,24,24,24,24,24,25,27,27,25,25,27,31,27,27,29,27,31,34,34,36,36,38,39,43,39,41,45,51,58,69,76,83,90,96,106,147,158,155,162,165,165,165,172,172,172,175,179,182,182,187,191,194,194,198,202,202,206,206,206,206,206,210,210,215,210,210,210,215,215,215,210,215,215,215,215,215,215,215,215,215,215,210,215,215,215,215,215,215,218,210,215,215,215,215,215,215,215,210,215,215,210,215,215,215
158,158,158,158,162,165,158,162,165,165,165,165,165,168,168,165,168,168,172,172,172,172,172,179,175,179,179,179,179,179,182,182,182,182,187,187,182,187,187,191,191,191,191,194,194,191,191,191,187,187,187,187,187,187,187,182,179,179,179,172,172,172,168,168,165,162,158,158,158,158,158,155,153,147,98,62,53,43,39,32,32,29,25,22,22,19,16,15,15,15,17,17,17,19,20,21,22,24,22,22,24,24,27,25,27,25,27,31,27,27,27,27,29,32,32,36,34,39,41,43,41,43,43,43,51,56,66,73,78,85,94,99,130,158,162,162,162,162,165,168,172,175,175,182,182,187,191,194,194,194,198,202,202,206,206,210,206,210,210,215,215,215,215,215,215,215,215,215,215,215,215,215,215,215,215,210,210,215,215,215,215,215,218,215,218,215,215,215,215,215,215,215,215,215,215,215,210,218,215,215
158,158,162,162,162,162,162,162,162,165,162,165,165,168,168,165,168,168,172,172,175,175,175,175,175,175,179,179,179,182,182,187,182,182,187,187,187,191,191,191,191,191,191,191,191,191,191,191,191,187,191,191,187,187,187,182,182,179,175,172,172,168,168,165,162,158,158,158,155,158,155,155,139,97,54,43,43,41,32,29,31,27,25,22,22,17,15,15,15,15,15,16,17,20,21,22,21,21,20,22,22,24,27,27,27,27,27,29,25,27,29,29,29,32,32,36,36,36,39,41,41,43,43,43,47,53,56,66,72,77,84,92,98,132,149,153,158,165,162,165,168,172,175,179,179,187,187,191,194,194,202,202,202,206,206,210,206,210,210,210,210,215,215,215,215,215,215,215,215,215,215,215,215,215,215,215,215,210,215,215,215,218,215,218,218,215,218,215,218,215,215,218,215,215,215,215,210,218,215,215
162,162,162,162,162,158,162,162,165,162,165,162,165,168,168,165,168,168,172,172,175,175,175,175,179,179,179,179,182,182,182,182,182,182,187,187,187,187,191,191,191,191,194,191,191,191,191,191,187,191,187,187,187,187,182,182,182,175,175,172,168,168,165,162,158,158,158,158,155,155,155,142,95,56,47,47,41,38,31,29,29,24,24,22,21,19,15,14,13,14,14,16,19,17,19,20,20,20,20,21,24,25,27,27,29,31,29,27,24,24,25,31,32,31,31,34,34,36,38,39,38,39,41,43,45,47,49,56,67,72,76,83,90,94,116,146,153,158,162,165,168,168,175,175,175,179,182,187,194,194,198,198,202,206,206,206,206,210,210,215,215,215,215,215,215,215,218,215,215,215,215,215,215,215,215,215,210,215,215,215,215,215,215,218,215,215,215,215,215,218,218,218,218,218,218,218,215,215,218,215
162,162,162,165,165,162,165,162,165,165,165,165,165,165,172,168,172,172,172,172,175,175,175,175,179,175,179,179,179,179,179,187,182,187,187,187,191,191,191,191,194,191,194,191,191,191,187,191,191,187,187,187,187,187,182,182,179,175,175,172,172,165,165,162,158,158,158,155,155,155,141,94,58,49,47,43,38,36,31,29,25,24,22,22,20,15,13,13,13,13,14,15,17,19,19,19,21,20,22,25,24,27,27,27,29,29,31,29,24,25,25,29,32,31,29,32,32,34,36,36,39,39,41,43,45,45,47,54,62,67,73,79,81,87,89,110,145,151,158,165,168,168,172,175,175,179,182,187,191,194,198,198,202,206,206,206,210,210,210,210,215,215,215,215,215,215,215,215,215,215,215,218,215,215,218,218,215,215,215,215,218,218,218,218,218,215,215,218,218,218,215,218,215,218,215,215,218,218,218,215
162,162,162,162,165,165,165,165,165,165,165,165,165,168,168,168,172,172,172,172,175,175,175,179,179,175,179,179,179,179,179,182,187,187,182,187,187,191,191,191,194,194,194,191,194,191,191,187,187,187,187,187,182,182,182,182,175,175,172,168,168,165,162,162,158,158,158,155,155,143,93,62,51,47,43,41,36,34,29,27,27,25,21,21,20,14,14,14,14,15,15,16,19,20,20,19,21,20,20,20,24,25,25,29,29,29,31,29,31,27,27,29,32,32,31,31,34,34,36,34,39,39,41,43,43,45,49,53,56,60,67,75,78,81,81,85,102,132,146,165,165,162,165,172,172,175,179,187,191,194,198,198,202,202,206,206,210,210,210,210,215,215,215,218,218,215,215,215,215,215,215,215,215,215,218,215,215,215,215,215,218,218,218,218,218,218,218,215,215,218,218,215,215,218,215,215,218,218,218,215
162,162,162,165,165,165,165,165,165,165,165,165,165,168,172,172,168,172,172,175,175,175,175,179,179,179,182,182,179,182,182,182,182,187,187,191,191,191,191,191,191,194,194,191,191,191,191,191,187,187,187,182,182,182,179,175,175,172,172,168,165,162,162,158,155,155,155,155,142,95,62,54,49,45,43,39,36,32,29,27,27,25,22,21,21,19,17,19,19,21,21,21,21,21,21,21,21,21,21,20,22,25,25,25,29,29,29,29,31,27,25,25,31,32,31,31,34,32,36,36,38,39,41,43,45,47,51,54,54,60,66,72,76,76,79,76,83,95,114,144,153,162,165,168,172,175,179,187,187,194,194,198,198,202,202,206,210,210,215,218,215,218,218,215,218,215,218,215,215,218,215,215,215,215,218,218,218,215,218,218,218,218,218,215,218,215,218,218,215,215,218,218,218,218,215,215,215,215,218,218
165,162,162,165,168,165,168,162,165,165,165,168,168,172,172,172,172,172,172,175,175,175,179,175,179,179,182,182,182,182,182,187,182,187,187,191,191,191,191,191,194,194,194,194,191,191,191,191,191,187,191,182,182,182,182,179,175,175,172,165,165,162,162,158,158,155,155,143,96,62,54,49,47,45,41,39,36,34,31,29,25,25,22,22,22,22,22,24,24,27,27,24,22,22,24,22,24,22,20,22,24,25,24,25,25,27,29,27,31,25,25,25,31,32,31,32,34,32,34,36,38,39,41,43,47,45,51,51,54,60,64,71,72,75,76,76,73,81,95,114,138,162,165,165,168,172,179,182,187,191,194,198,198,202,206,206,210,210,210,215,215,215,218,218,215,215,218,218,215,218,215,218,215,218,218,218,218,218,218,218,218,218,218,218,218,218,218,218,218,218,218,218,218,218,218,218,218,218,218,215
162,165,165,165,168,165,165,168,165,165,168,168,168,172,168,172,172,172,172,175,175,175,179,179,179,179,182,182,179,182,187,187,182,191,191,191,191,191,191,191,194,198,194,191,191,191,191,187,191,187,182,182,182,182,179,179,172,172,168,162,162,158,162,158,155,153,142,96,64,53,51,47,45,43,41,39,36,32,32,29,29,27,27,24,24,25,27,27,29,31,25,24,21,25,24,24,25,24,24,22,24,27,27,25,25,27,29,27,25,24,24,24,32,32,31,31,31,32,36,36,38,39,41,43,45,47,47,49,54,56,62,69,72,76,73,75,76,76,84,88,105,136,155,162,165,168,175,179,182,187,191,198,198,202,206,206,210,210,215,215,215,215,218,215,218,218,218,218,218,218,218,215,218,218,222,218,218,218,218,218,218,218,222,218,218,222,222,218,218,222,218,218,218,218,218,218,218,218,218,218
165,165,165,168,165,168,165,168,165,165,165,168,172,172,172,172,172,172,172,175,179,179,179,179,179,179,182,182,182,187,187,187,187,187,187,191,191,194,191,191,194,194,194,194,194,191,191,191,191,187,187,182,182,182,179,175,172,172,165,162,158,158,155,153,153,139,98,71,56,51,49,45,43,41,39,38,36,34,36,31,29,29,27,29,27,25,25,25,25,25,27,25,24,27,27,29,25,24,21,22,25,27,27,29,32,31,31,29,29,31,29,25,31,31,32,34,34,36,36,36,38,39,41,43,45,45,47,51,53,58,62,66,69,73,75,75,76,76,77,83,79,101,139,155,162,165,168,179,179,187,191,191,194,202,202,206,210,210,215,215,218,218,218,218,218,218,218,222,218,218,218,218,222,218,222,222,218,218,218,218,222,222,218,218,218,222,218,218,218,218,218,218,222,218,215,218,218,222,218,218
165,165,165,168,168,165,168,168,168,168,168,168,168,172,175,175,172,175,175,179,175,179,179,179,179,179,182,182,182,187,187,187,187,191,187,191,191,191,191,191,191,194,194,194,194,191,187,191,187,187,187,182,182,179,175,175,172,168,165,162,158,158,158,153,143,100,75,62,53,51,47,41,39,39,39,38,36,34,34,32,31,32,32,34,29,25,22,25,29,32,32,31,29,31,27,31,29,27,24,24,29,29,31,29,31,34,32,32,36,36,32,27,31,32,36,36,36,36,39,39,41,43,43,43,47,43,47,51,54,56,60,66,69,71,75,76,73,75,73,73,85,66,98,128,153,162,168,175,179,182,191,187,194,198,202,210,210,210,210,215,218,218,222,218,218,218,218,218,218,218,222,222,222,222,218,222,218,222,218,222,222,222,222,222,222,222,218,222,222,218,222,218,222,218,218,218,218,222,218,218
165,168,165,168,168,168,168,168,168,172,168,168,172,172,172,175,175,175,175,175,179,179,179,179,179,182,182,182,182,187,187,187,187,191,187,191,191,194,194,191,194,191,194,194,194,194,191,191,191,182,182,182,182,179,179,172,168,165,162,158,158,155,155,146,105,77,62,54,53,51,45,41,38,38,38,39,39,38,39,36,31,32,34,36,32,29,24,31,36,36,38,36,36,36,32,34,31,29,27,29,32,29,31,31,36,34,32,32,36,36,34,32,34,36,39,36,38,39,41,41,47,47,47,45,49,47,49,53,56,58,58,64,67,69,72,73,72,72,71,69,75,80,64,99,135,151,165,175,179,182,187,191,194,198,202,206,210,210,210,215,222,218,218,218,218,218,218,218,218,222,222,222,222,222,222,226,222,222,222,222,222,222,226,222,222,226,222,222,218,218,218,222,222,218,222,218,218,222,218,218
165,168,168,168,168,168,168,168,168,168,172,172,172,172,168,175,175,175,175,179,179,179,182,182,182,182,182,182,182,187,187,187,191,191,191,191,191,191,191,194,194,194,194,194,194,191,191,191,187,187,182,182,179,179,175,172,165,162,158,155,153,153,147,124,83,62,54,51,53,49,43,38,38,38,39,39,39,39,39,38,36,36,38,36,39,38,38,41,38,39,39,39,39,38,36,36,31,31,29,29,31,32,31,32,36,38,38,34,31,32,36,34,36,39,39,41,41,41,41,45,47,51,51,49,49,51,53,54,58,62,62,64,64,67,69,71,71,71,69,69,69,77,76,38,102,134,158,172,175,179,187,191,194,198,202,206,210,215,210,218,215,215,218,218,218,218,222,218,222,222,222,222,222,222,222,222,222,222,218,226,222,222,222,222,222,222,222,226,222,218,222,222,222,222,222,222,222,222,222,222
168,168,168,168,168,172,172,168,172,168,172,172,172,175,175,179,175,175,175,179,179,179,179,182,182,182,182,182,182,187,187,187,187,191,191,191,191,194,191,194,198,194,194,198,194,194,191,191,187,187,182,182,179,175,172,168,165,165,155,155,151,142,120,90,67,56,51,47,49,47,43,39,38,39,39,39,39,41,43,41,39,39,43,41,41,43,45,41,41,38,39,41,41,39,36,34,32,34,34,32,32,31,31,38,39,41,41,36,29,31,36,34,36,41,39,39,41,43,41,45,47,49,51,51,47,51,56,60,64,66,69,67,67,69,69,71,72,71,69,71,69,72,76,60,56,118,155,165,168,172,182,191,191,194,202,202,210,215,210,215,218,218,222,218,218,222,222,222,218,222,222,222,222,222,222,222,222,222,218,222,222,222,222,218,222,226,218,222,222,226,222,222,222,222,226,218,222,222,222,226
168,168,168,172,168,168,172,168,172,172,172,172,175,172,175,175,175,175,179,179,179,182,182,182,182,182,182,182,187,187,191,187,191,191,191,194,191,191,194,194,198,198,198,198,194,194,194,191,191,187,187,182,182,175,172,168,165,162,158,155,153,128,94,71,58,56,53,49,43,41,39,39,39,39,38,43,41,47,45,45,45,45,47,49,45,47,45,45,45,45,43,41,43,43,43,39,36,36,32,32,34,31,31,39,41,43,49,38,38,41,41,39,41,45,41,39,43,43,43,47,47,51,53,49,51,54,56,62,66,66,71,69,71,71,71,71,73,72,69,71,71,69,69,75,47,86,135,151,162,172,182,187,187,194,198,206,210,215,215,215,218,218,222,218,222,222,222,222,218,222,222,218,222,226,226,226,222,226,222,222,222,222,222,222,222,222,222,222,226,226,222,222,222,222,222,222,222,222,222,226
172,172,172,172,168,172,172,172,172,172,172,172,175,175,175,175,175,179,179,179,179,182,182,182,182,182,187,187,187,191,191,191,191,191,191,191,194,194,194,194,198,198,198,198,198,194,194,191,187,187,187,182,175,179,175,168,165,162,155,153,137,97,71,60,54,51,51,45,39,38,39,38,39,41,38,41,43,49,47,45,49,47,51,47,49,53,56,54,53,51,53,51,49,49,45,43,39,34,36,38,39,34,38,39,43,49,60,47,51,49,47,45,49,47,45,43,41,41,43,49,49,51,54,53,56,58,62,66,72,72,71,73,71,71,69,69,72,69,71,72,71,69,69,67,73,20,97,143,149,175,179,187,191,198,202,202,206,210,215,218,218,222,222,222,222,222,222,222,222,222,226,222,226,226,226,226,226,226,222,222,222,222,222,222,222,222,222,222,226,226,226,222,222,222,226,222,222,226,226,226
172,172,172,172,172,172,172,172,172,172,172,172,172,175,175,175,179,179,179,179,179,182,182,187,182,182,187,187,187,191,191,191,191,191,194,194,191,194,194,198,198,198,198,198,194,194,194,191,191,187,187,182,179,175,175,168,162,162,158,146,97,62,66,58,49,47,47,43,41,36,38,38,41,43,39,43,49,51,49,47,54,54,51,49,51,53,54,58,56,54,54,54,54,56,49,49,39,38,39,45,41,38,39,41,47,51,69,60,53,49,64,49,47,49,47,49,51,49,51,51,54,54,58,60,66,66,66,64,73,76,75,75,72,72,69,67,69,67,69,73,72,71,69,69,71,66,38,102,147,175,175,182,187,191,198,202,206,215,215,215,218,218,226,222,222,226,222,222,222,222,226,226,226,226,226,226,226,226,226,226,226,226,222,226,226,226,222,226,222,222,222,222,222,226,226,222,222,226,222,226
172,175,172,172,172,172,175,172,175,175,175,175,175,175,179,179,175,179,179,179,179,182,182,182,187,182,187,187,187,191,191,194,191,194,194,198,194,194,198,198,198,198,198,198,198,194,194,191,191,187,187,182,179,175,175,165,162,158,143,117,76,67,58,51,45,45,43,45,38,34,38,39,45,45,41,43,49,47,53,51,54,60,54,60,60,58,56,64,56,56,60,60,58,60,62,62,58,54,45,45,51,47,47,51,53,60,72,67,64,49,43,43,53,51,45,49,49,58,73,62,64,64,60,60,66,64,72,73,78,79,77,76,76,75,71,69,69,69,71,71,71,71,72,71,71,76,41,75,135,162,158,168,179,191,194,194,202,210,215,215,218,222,222,222,226,222,222,222,222,226,226,226,226,226,226,226,226,226,226,226,226,226,226,226,226,226,226,226,226,222,222,222,226,226,226,222,226,226,222,226
175,172,175,172,172,172,175,175,175,175,172,175,179,175,179,179,179,175,179,182,179,182,182,182,187,187,187,187,191,191,191,194,194,194,194,194,194,194,194,194,198,198,198,202,198,198,194,194,187,187,182,182,175,175,175,165,162,153,111,89,66,67,56,47,43,41,41,43,38,34,38,43,45,47,45,41,43,51,53,51,51,62,49,64,56,56,54,64,58,64,66,62,64,62,62,62,58,53,47,56,58,53,54,66,64,60,71,71,64,51,47,54,53,49,49,53,56,60,67,78,79,71,66,64,66,66,69,69,72,78,75,76,77,76,72,71,71,71,71,71,71,71,73,72,72,69,76,21,95,135,153,165,175,179,191,198,202,206,210,215,218,218,222,226,226,226,226,222,226,226,230,226,226,226,226,226,226,226,226,222,226,226,226,226,226,222,226,226,226,226,226,226,226,226,226,226,222,226,226,226
175,175,175,179,172,175,175,175,175,179,179,179,175,179,179,179,175,179,179,182,182,182,187,187,187,187,187,191,191,191,191,194,194,194,194,198,198,198,198,198,202,198,198,202,202,198,194,191,191,187,187,179,179,175,172,165,162,147,102,60,67,64,54,45,41,38,39,41,38,36,38,39,43,45,43,39,39,47,51,51,53,58,56,71,62,56,56,62,56,58,47,60,58,62,58,64,60,58,56,56,54,49,53,66,62,64,66,67,64,58,60,67,64,53,56,64,64,64,76,83,83,76,71,67,66,66,69,69,78,77,75,73,76,78,75,72,72,72,72,73,73,73,75,72,71,69,75,58,20,120,149,158,172,179,187,194,198,206,210,210,218,222,222,226,226,226,222,226,222,226,226,230,226,226,226,226,226,226,226,226,226,226,226,226,226,226,226,226,226,222,226,226,226,226,226,226,226,222,226,226
175,175,175,175,179,175,175,175,179,179,179,179,179,179,179,179,179,179,182,187,187,182,187,187,187,187,191,191,191,194,194,198,194,194,194,194,198,198,198,198,202,202,198,202,198,198,198,194,191,187,182,182,179,175,168,162,155,130,87,64,66,54,51,43,41,36,38,38,38,38,41,41,49,51,45,39,43,45,49,49,49,56,62,67,56,56,58,56,58,43,38,60,62,64,64,66,69,66,72,60,56,56,53,56,54,60,67,60,69,71,67,71,66,62,60,76,76,77,78,80,80,80,79,72,66,66,71,71,76,76,72,72,75,77,75,73,73,73,75,73,75,73,73,75,73,73,73,77,29,89,141,158,165,175,179,191,194,198,206,210,215,218,222,226,226,226,222,226,226,226,226,226,226,230,226,230,226,230,226,226,230,230,226,226,226,226,226,226,230,226,226,226,226,226,230,226,226,226,226,226
175,175,175,175,175,179,179,179,179,179,175,179,179,182,179,182,182,182,182,187,182,187,187,187,191,187,191,191,194,194,198,198,198,198,198,198,198,198,198,198,202,202,198,198,198,194,194,191,191,187,182,182,172,172,165,158,153,100,43,66,62,51,47,43,38,36,34,36,41,41,45,41,49,49,45,43,43,47,51,54,54,60,62,66,64,56,62,64,60,58,69,66,69,67,67,71,69,67,73,66,64,64,58,54,56,58,56,54,64,71,73,72,66,62,56,66,76,81,81,82,79,71,71,73,66,66,72,71,77,72,73,72,75,76,71,71,72,72,78,76,77,77,77,79,76,77,77,76,64,27,117,151,158,165,175,187,191,198,202,206,215,218,222,226,226,226,222,222,226,226,226,226,226,226,230,230,230,230,230,226,226,230,226,230,226,226,226,226,226,226,226,226,226,226,226,230,226,226,226,226
175,175,175,175,179,179,179,179,179,179,179,182,179,179,182,182,182,182,182,187,187,187,187,187,187,191,191,194,194,194,194,194,202,198,198,198,198,202,198,202,202,202,202,198,198,194,194,191,191,182,179,179,172,168,162,151,131,73,53,64,51,49,45,41,38,36,36,36,47,45,49,47,58,62,45,43,43,47,49,56,56,62,60,64,69,58,64,60,62,67,69,69,69,71,72,73,67,69,75,71,71,66,64,56,64,60,66,69,69,67,72,72,69,58,56,75,64,77,76,76,66,62,53,64,66,58,67,69,71,71,72,73,73,73,67,67,67,72,72,83,78,80,79,80,78,80,79,79,77,39,77,135,155,162,168,179,182,191,198,206,215,218,222,222,222,226,222,222,226,222,226,226,226,230,230,230,230,230,230,226,226,230,226,226,226,230,230,230,230,230,230,226,226,226,230,230,226,226,226,226
179,175,175,179,179,182,175,179,179,179,179,182,179,182,182,182,182,182,187,187,187,187,187,191,187,191,191,194,194,194,194,198,198,198,198,198,202,202,198,202,202,202,202,202,202,198,194,191,187,187,179,175,172,168,155,138,99,41,58,56,47,45,43,41,38,36,34,34,45,47,43,41,51,54,41,43,45,49,53,54,58,58,60,64,69,58,58,58,60,62,67,69,69,66,71,75,66,71,77,72,69,66,66,60,69,66,66,66,64,66,64,67,58,54,53,58,60,62,76,64,60,67,58,71,67,62,64,67,69,76,72,72,71,72,75,76,72,73,72,73,83,83,83,82,81,80,81,79,76,72,13,99,149,153,158,172,175,182,194,202,206,215,218,222,226,222,226,226,222,226,226,226,226,230,230,226,226,230,230,226,226,230,230,230,226,226,230,230,230,230,230,230,226,226,230,230,226,230,230,230
179,179,179,179,182,179,179,179,179,182,179,182,182,182,187,182,187,187,187,187,187,187,191,191,191,191,194,194,194,194,194,198,198,202,202,202,202,202,202,202,202,206,206,202,198,194,191,191,187,182,182,175,175,168,158,126,58,49,60,53,47,43,43,41,38,36,36,34,36,34,38,38,41,45,39,41,43,49,51,51,54,54,54,60,62,60,58,60,58,67,69,72,78,79,80,80,73,76,76,71,72,66,64,62,62,66,64,60,54,60,56,45,41,36,51,54,45,45,53,54,72,75,78,83,73,60,66,71,77,73,73,72,71,69,72,73,73,73,79,86,87,85,85,83,83,82,82,81,78,77,47,78,142,149,149,162,168,175,194,194,202,210,218,218,222,222,226,222,226,226,226,226,226,230,226,226,226,226,230,230,226,230,230,230,230,230,230,230,230,230,230,230,230,230,230,230,226,230,230,230
179,179,179,179,179,179,179,182,182,182,179,182,182,182,182,187,187,187,187,187,187,191,191,191,194,194,194,194,194,198,198,198,202,202,202,202,202,206,206,206,206,206,206,206,202,198,194,191,187,182,179,179,172,168,149,96,34,54,56,53,45,45,43,39,36,36,36,36,34,34,36,36,38,38,36,34,41,49,53,54,53,53,54,56,54,56,56,60,58,66,71,69,73,72,76,76,77,73,73,66,64,58,56,53,51,53,53,56,53,49,51,31,41,45,51,53,49,47,56,62,60,71,69,66,67,72,67,71,72,71,76,78,76,72,72,69,67,75,79,86,85,85,87,87,85,83,83,83,79,75,69,24,116,141,155,162,168,172,191,194,202,206,210,218,218,218,222,226,226,226,226,226,226,230,230,230,230,230,230,230,230,230,230,230,226,230,230,230,230,230,235,230,235,230,230,230,226,230,235,230
179,179,179,179,179,179,179,182,182,182,182,187,187,182,187,187,187,187,187,191,191,191,191,191,194,194,194,194,198,198,198,198,206,206,202,202,206,206,206,206,210,206,202,202,202,198,191,191,187,182,179,175,172,168,143,76,39,56,56,51,47,43,39,38,36,32,32,32,34,34,36,36,34,32,32,32,38,45,51,51,53,51,54,51,51,56,51,54,51,62,64,67,69,72,72,67,76,71,67,56,49,54,54,54,54,54,53,53,51,43,41,34,39,47,49,45,54,49,47,56,62,64,51,51,66,71,72,73,69,72,73,84,80,76,67,66,72,76,82,81,83,86,89,87,86,86,83,84,81,73,67,32,90,135,144,158,162,168,179,187,194,198,206,210,215,215,218,222,226,226,230,226,226,230,230,230,230,230,230,235,230,226,230,230,230,226,235,230,230,235,235,235,230,230,230,235,226,230,230,230
182,182,179,182,182,182,179,182,182,182,182,182,187,182,187,187,187,191,191,191,191,191,194,194,194,194,194,198,198,198,202,198,202,202,206,206,206,206,206,206,206,210,206,202,198,194,194,191,187,182,179,179,172,155,109,31,43,53,54,49,45,41,39,38,34,34,34,32,32,34,34,34,32,31,32,36,41,45,51,51,53,58,62,51,45,43,49,49,51,58,62,60,69,69,64,79,78,75,66,67,51,51,56,51,47,51,49,49,43,41,41,49,38,47,49,49,45,43,49,53,51,47,47,62,67,72,78,78,80,69,79,86,85,76,67,72,75,73,77,79,83,84,89,86,85,86,86,86,83,75,69,56,39,111,144,153,155,165,175,182,191,198,202,206,206,210,218,222,222,226,226,226,226,230,230,230,235,230,230,230,230,230,230,230,230,230,230,235,235,230,230,235,230,235,235,235,230,235,230,235
182,182,182,182,182,182,182,187,187,187,187,187,187,187,187,191,191,191,191,191,191,194,194,198,198,198,198,194,198,202,198,202,202,202,206,206,210,206,206,206,206,206,206,202,198,198,191,191,187,182,182,179,172,151,87,25,49,53,53,49,43,39,39,38,34,32,32,34,36,32,31,29,31,31,32,34,43,39,49,56,56,56,54,54,51,45,49,49,51,60,60,58,69,69,67,72,69,60,60,66,54,53,60,51,47,47,47,41,43,62,60,43,41,45,60,53,53,47,47,45,45,45,49,60,62,64,84,77,69,72,78,83,75,72,78,77,75,69,76,81,83,85,89,88,86,85,87,87,85,80,69,69,29,87,139,151,155,162,172,175,191,198,198,206,206,210,215,218,222,226,226,226,226,230,230,230,230,230,230,235,230,226,230,235,235,230,230,230,230,230,235,235,235,235,235,235,230,230,230,235
182,182,182,187,187,187,187,187,187,187,187,187,182,187,187,191,191,191,191,191,194,194,194,198,198,198,198,202,198,202,202,202,202,206,206,206,206,206,210,206,210,210,206,202,198,198,194,191,187,182,182,179,172,135,51,31,47,51,51,47,43,39,38,38,34,32,34,32,34,34,31,29,31,32,36,39,47,49,53,53,62,62,58,49,43,45,47,51,54,58,60,53,58,58,60,62,60,58,73,64,66,64,75,64,62,58,47,43,49,56,58,41,34,45,66,49,56,43,39,49,54,43,47,51,56,64,78,77,75,72,77,73,75,75,72,69,75,67,71,80,85,85,87,87,85,85,88,87,87,82,71,64,38,17,129,151,155,165,168,175,187,194,198,202,202,206,210,215,218,222,226,226,230,230,230,235,230,230,235,235,230,230,230,230,230,230,235,235,235,235,235,235,235,235,235,235,235,230,230,230
187,187,187,187,191,187,191,187,191,191,191,187,187,187,191,191,191,191,191,191,194,194,194,198,198,198,198,202,202,202,202,202,206,206,206,210,210,210,206,210,210,210,206,206,198,194,194,191,187,182,182,179,162,102,29,34,47,51,49,47,41,39,38,38,36,31,34,32,34,34,31,31,32,31,38,43,47,51,54,58,66,62,60,51,53,49,49,51,54,49,53,53,56,58,58,60,62,58,67,62,62,67,76,72,69,62,54,45,43,47,43,32,36,43,62,51,54,39,39,56,56,47,49,51,58,67,76,71,58,67,71,66,58,64,62,64,75,77,77,82,87,87,87,85,86,87,86,89,90,83,71,62,58,20,124,153,155,162,168,172,182,191,194,198,198,202,210,210,218,222,222,226,226,230,230,235,235,235,230,235,230,235,230,235,235,235,235,235,239,235,235,235,235,235,235,235,235,235,235,235
187,187,187,187,191,191,191,191,191,191,187,191,191,191,191,191,191,191,194,194,194,194,198,198,202,202,202,202,202,202,202,206,206,206,210,210,210,210,210,210,210,210,206,206,202,198,194,191,187,182,179,175,151,93,21,34,49,51,49,45,41,38,38,36,34,31,31,31,34,32,29,29,34,38,39,45,45,49,60,58,62,62,60,54,54,49,51,53,58,49,51,47,47,56,56,54,58,60,64,64,66,69,67,67,66,58,51,45,41,41,39,36,41,45,56,39,36,39,53,51,47,51,53,54,60,62,64,58,71,69,71,69,69,69,67,66,73,72,76,81,84,86,87,83,84,86,87,89,91,87,79,67,69,24,122,145,158,158,165,172,179,187,191,194,198,202,206,206,210,215,218,222,226,226,226,235,235,235,235,235,230,230,235,230,235,235,239,235,235,235,235,235,235,239,235,230,235,230,235,235
191,191,191,187,191,191,191,191,191,191,191,191,194,191,191,191,191,191,194,194,198,198,198,198,202,202,202,202,202,206,206,206,206,206,206,210,210,210,210,215,210,210,206,206,202,198,194,191,187,182,179,172,146,62,25,39,49,49,49,45,41,36,36,34,32,31,31,32,32,32,31,31,34,38,43,49,49,51,56,49,56,64,64,62,58,54,56,62,56,54,53,51,49,56,56,56,62,64,56,66,71,67,64,64,60,56,51,47,43,51,43,49,54,53,53,41,36,38,53,53,51,54,56,66,67,64,64,60,73,75,71,71,66,79,77,76,75,75,76,80,83,85,90,87,82,84,86,89,90,88,83,67,77,34,103,146,151,155,165,168,175,182,187,191,194,198,198,206,206,215,215,218,222,226,226,230,230,230,235,230,230,235,235,235,235,235,235,235,235,235,230,235,235,235,235,235,239,230,235,235
191,191,191,191,191,191,191,191,191,191,191,191,194,194,191,191,191,191,194,198,198,198,198,202,202,202,202,206,202,210,206,210,210,210,210,210,215,215,215,215,210,210,210,206,206,198,194,191,187,179,175,168,126,34,36,47,47,47,47,43,39,36,34,32,32,31,31,32,34,32,31,31,34,34,41,51,58,54,53,25,54,66,69,71,64,58,56,54,54,53,49,51,49,54,54,53,54,64,60,67,64,67,66,66,58,56,54,47,47,49,58,67,62,62,58,53,51,51,60,54,53,53,69,62,64,66,64,62,58,66,71,71,71,77,79,78,79,78,76,79,84,83,83,87,89,86,85,89,90,89,87,77,75,31,90,144,146,153,158,168,175,179,187,194,194,198,202,202,206,215,210,218,218,222,226,230,235,235,235,235,230,235,235,235,235,235,235,235,235,235,235,235,239,239,239,239,235,235,235,235
191,191,191,191,194,191,191,191,194,194,191,191,194,194,194,191,191,191,194,198,198,198,202,202,202,202,206,206,206,206,206,206,210,210,210,215,215,215,215,215,210,215,210,210,202,198,194,191,187,182,175,155,100,20,41,49,45,47,45,43,39,36,32,32,32,32,32,34,34,34,32,31,31,31,34,47,47,53,54,56,67,73,73,72,62,54,54,58,64,64,51,49,41,66,66,67,56,51,58,67,66,67,66,67,67,60,56,58,60,62,66,69,62,66,66,64,58,58,56,58,54,54,62,58,66,64,58,62,56,60,67,71,76,75,79,83,83,83,78,79,83,87,90,88,91,87,86,89,91,90,88,86,75,41,75,132,144,147,153,162,172,179,187,194,194,198,202,202,206,210,210,215,222,222,226,230,230,230,235,230,235,235,235,235,235,235,235,239,235,235,239,239,239,235,239,239,235,235,235,235
191,191,191,191,194,191,191,194,194,194,194,198,194,194,194,194,194,194,194,198,198,198,202,202,202,206,206,210,210,206,210,210,210,210,210,215,215,215,215,215,215,215,215,206,206,198,194,191,187,182,179,146,95,20,53,51,49,49,47,43,39,36,36,34,34,34,36,38,36,34,31,31,31,31,32,36,41,47,47,60,67,72,73,69,69,58,56,66,67,69,60,56,49,51,56,53,54,56,56,58,54,60,60,64,67,66,66,66,72,73,69,62,62,71,69,66,56,54,49,62,60,62,58,60,64,62,62,58,56,60,67,71,79,78,80,87,85,83,81,83,80,83,84,87,90,89,89,90,90,92,90,89,88,77,43,131,143,144,149,155,165,175,182,187,191,198,202,202,206,210,210,215,218,222,226,230,230,230,235,235,230,235,235,235,235,235,239,239,239,239,239,239,239,239,239,239,239,235,239,235
191,191,194,194,194,191,191,191,194,194,194,194,194,194,194,191,194,194,198,198,198,202,202,202,206,206,206,206,206,206,210,210,210,215,210,215,218,218,218,215,215,215,210,206,202,198,194,191,187,182,179,153,95,32,51,51,51,51,47,43,39,38,34,32,34,34,36,38,38,38,38,34,38,38,41,45,47,47,53,62,67,67,67,71,71,62,58,69,72,76,71,54,56,53,56,60,60,56,53,51,51,53,54,60,58,67,75,77,73,71,66,62,62,66,71,64,56,54,53,60,60,62,60,64,67,58,54,60,62,67,72,75,78,80,81,90,88,83,81,80,81,81,82,86,88,90,91,92,91,92,91,91,91,78,25,116,139,141,147,153,162,172,182,182,187,191,198,202,202,210,210,215,218,218,222,226,230,230,235,235,230,235,235,235,235,235,239,239,239,239,239,239,239,239,239,235,235,235,235,235
194,194,194,194,194,194,194,194,198,198,194,194,194,198,198,194,194,194,198,198,202,202,202,206,202,206,206,210,210,210,210,210,215,215,215,218,218,218,218,218,218,218,215,210,202,198,194,187,187,182,175,151,87,43,60,51,47,49,49,39,38,36,31,32,36,38,39,41,41,41,43,43,47,47,54,58,60,62,64,66,69,71,67,67,75,69,71,78,79,78,76,62,56,58,54,62,66,60,56,60,49,54,53,58,56,62,62,72,71,69,62,64,60,60,56,58,56,53,54,54,56,58,62,73,72,66,62,64,62,69,72,78,80,81,82,91,88,81,82,80,78,78,81,83,87,90,91,92,93,93,92,92,92,78,22,113,139,142,146,153,158,165,175,179,182,191,198,202,202,206,210,210,210,218,222,226,226,235,230,230,230,235,235,235,235,235,239,235,239,239,239,239,239,239,239,239,239,235,239,235
194,194,194,194,191,194,194,194,194,194,194,198,198,198,194,191,191,202,202,202,202,206,206,206,210,210,210,210,215,210,210,215,215,218,215,218,218,218,218,218,218,218,215,210,206,198,194,191,187,179,179,145,71,51,54,51,49,49,47,38,36,32,31,31,34,39,43,43,43,47,47,49,49,51,54,58,62,64,69,75,73,69,64,62,71,76,80,83,77,76,77,71,62,58,54,71,67,60,69,71,49,56,60,60,62,62,60,60,60,64,60,58,66,62,53,53,53,56,58,56,54,58,60,67,64,66,64,67,72,69,81,80,82,81,83,79,83,78,71,73,76,82,82,81,85,87,89,92,94,94,93,93,93,83,16,117,139,141,143,147,149,153,165,172,179,187,194,198,202,206,210,210,215,218,218,222,222,230,235,235,235,235,235,239,235,235,235,235,239,239,239,235,239,239,239,239,235,235,235,239
194,194,198,194,194,194,194,194,194,198,198,198,198,198,194,191,194,198,206,206,206,206,206,206,210,210,210,215,215,215,215,215,215,218,218,218,218,222,222,218,218,218,215,215,206,202,194,191,182,179,175,168,80,58,60,53,49,51,47,38,34,31,29,27,34,38,41,43,41,45,43,43,47,51,53,60,60,62,60,69,67,67,66,58,66,75,78,76,78,78,78,79,71,66,66,73,53,24,47,64,51,47,60,67,66,67,60,60,64,53,54,64,66,64,60,66,58,60,62,66,58,60,60,62,66,66,62,66,66,78,80,86,83,87,83,81,87,83,73,67,64,73,84,81,82,86,87,91,94,94,94,93,93,85,14,99,136,140,142,145,149,155,162,168,175,182,191,198,202,202,206,206,210,215,218,222,222,226,230,235,230,235,235,239,235,235,239,239,239,235,239,239,239,239,235,239,239,239,235,239
194,198,198,194,194,198,198,198,198,198,198,202,202,202,202,198,202,202,206,206,206,206,206,210,210,215,215,215,215,215,215,215,218,218,218,218,222,222,222,222,218,222,218,215,206,202,194,191,187,179,172,145,77,60,62,53,49,51,45,36,32,29,24,21,31,31,31,29,32,34,29,36,38,45,51,54,60,58,56,67,66,69,62,62,62,75,72,72,73,76,87,83,73,69,73,72,67,54,62,62,62,49,64,75,64,69,69,67,73,62,60,76,71,66,60,54,56,66,69,66,66,64,64,67,67,66,66,66,72,79,81,80,79,81,83,83,80,77,72,51,77,76,72,80,82,83,87,90,93,95,95,94,94,89,20,100,132,140,141,144,147,151,155,165,172,179,187,194,198,206,202,202,210,215,215,218,222,226,230,235,230,235,235,239,239,239,239,239,239,239,239,239,239,239,239,239,245,235,239,239
194,194,198,194,198,198,198,198,198,202,202,202,202,202,202,202,202,206,206,206,206,210,210,210,210,215,215,218,215,215,215,218,218,218,218,218,222,222,222,218,222,222,218,215,210,206,198,191,191,179,175,128,51,62,60,53,54,53,41,34,31,22,21,17,19,17,21,22,22,22,17,24,27,41,43,45,54,56,58,64,69,67,64,69,73,79,77,77,80,81,87,81,77,71,73,78,78,66,66,62,67,64,66,76,72,67,67,71,77,73,71,75,73,72,71,67,72,72,69,67,66,64,64,71,67,66,64,71,77,62,80,81,75,84,72,80,73,66,71,67,76,75,77,83,83,83,87,90,93,95,95,94,94,89,41,110,133,138,141,142,145,149,153,162,168,175,182,191,198,202,202,202,206,215,215,218,218,222,226,230,230,235,235,235,235,239,239,245,239,239,239,239,239,239,245,239,239,230,239,235
194,198,198,198,198,198,198,202,202,202,202,202,202,202,206,206,206,206,206,210,210,210,210,215,215,218,215,218,218,218,218,218,222,222,222,222,222,222,222,222,222,226,218,215,210,206,194,194,191,179,172,125,67,60,56,54,60,51,39,32,24,19,13,14,17,20,20,17,17,17,17,21,25,36,41,41,47,53,49,56,60,64,66,73,79,81,83,87,88,88,87,83,79,76,71,73,77,72,69,69,71,66,62,76,71,69,78,73,75,79,80,77,79,78,79,81,81,83,77,72,69,66,66,71,69,72,66,78,83,67,76,79,71,73,77,72,66,62,58,53,78,83,82,81,83,86,87,90,93,95,94,94,94,90,39,102,133,137,140,142,144,146,151,155,162,172,179,182,191,198,198,202,206,206,215,215,218,226,226,230,230,235,235,239,239,239,239,239,245,239,239,239,245,239,239,239,239,235,239,239
198,202,198,198,198,202,202,202,202,202,202,202,206,202,206,202,206,210,210,210,210,215,210,215,215,215,215,218,218,218,218,222,222,222,222,222,226,226,226,226,226,226,222,215,210,206,198,194,187,182,172,142,92,62,58,54,64,49,41,31,22,15,14,13,16,19,19,19,16,15,17,19,22,29,25,34,38,39,43,43,54,64,67,78,80,82,89,91,92,92,91,88,85,84,83,78,76,79,80,79,75,64,53,66,51,67,79,79,81,82,83,81,83,87,87,87,86,88,77,71,69,66,67,67,72,69,71,64,54,64,82,78,67,67,67,78,77,75,78,64,73,83,87,83,83,86,87,90,93,94,94,94,94,92,69,104,128,135,139,141,143,145,147,153,158,172,175,182,191,194,194,202,206,210,215,218,218,226,226,226,226,235,235,239,239,239,239,239,239,239,245,239,239,239,239,239,239,239,239,239
198,198,202,202,202,202,202,206,206,206,206,202,202,202,202,206,206,210,210,210,210,210,210,215,215,218,218,218,222,218,218,222,222,222,222,222,226,226,226,226,226,226,222,218,215,202,198,191,187,179,168,153,95,69,60,56,64,51,39,27,22,17,16,16,15,14,16,11,14,16,19,17,22,22,21,22,34,38,39,47,56,58,67,77,78,83,87,88,90,90,89,89,91,90,86,81,78,78,79,72,62,54,60,75,75,75,82,81,84,87,87,83,90,89,87,91,90,83,75,73,75,67,71,73,69,51,54,41,31,32,49,53,66,64,69,76,83,76,75,76,77,79,84,86,88,87,90,90,93,94,94,93,93,93,73,107,130,135,137,140,143,145,146,149,155,162,168,179,182,191,194,198,206,210,215,215,218,222,222,226,226,235,235,239,239,235,239,239,239,239,245,239,245,245,239,245,239,239,239,239
202,202,198,202,202,202,202,206,206,206,206,206,210,206,206,210,210,210,215,215,215,215,215,215,218,218,218,222,218,222,218,222,222,222,226,226,222,222,226,226,226,226,226,218,215,210,198,194,187,182,168,162,95,66,64,66,60,41,34,31,22,19,19,20,19,19,16,7,10,17,19,14,14,16,19,24,31,38,34,31,66,54,64,75,73,81,89,88,89,89,86,88,87,81,83,81,79,78,84,71,67,51,66,75,76,77,80,81,86,89,90,90,92,90,88,91,90,82,71,67,72,67,66,67,62,49,53,31,20,22,51,47,62,64,67,76,82,80,77,85,82,84,84,88,89,86,90,93,93,93,94,93,93,94,54,106,133,135,138,140,141,144,145,147,153,155,165,172,179,187,191,194,202,206,210,215,218,222,222,222,226,230,235,239,239,235,239,245,245,245,245,239,245,245,245,245,245,245,235,239
202,202,202,206,206,206,206,206,206,210,206,210,210,210,210,210,210,210,215,215,215,218,218,218,218,218,222,222,218,222,222,222,222,226,230,226,226,226,226,226,226,226,222,218,215,210,202,194,187,182,175,141,87,60,64,71,54,43,39,32,25,21,21,22,22,22,17,16,22,25,25,19,14,14,14,22,31,34,34,31,39,64,41,69,67,76,77,76,73,80,86,87,84,73,73,77,80,81,81,77,71,54,64,73,76,79,82,78,83,85,83,83,86,85,83,85,83,76,64,67,64,58,53,56,47,34,36,34,25,45,56,66,62,62,67,71,77,76,76,83,82,79,75,89,89,90,92,93,93,93,93,93,93,93,49,99,134,135,137,140,141,144,145,146,149,155,165,172,179,187,191,198,198,206,206,215,218,215,218,222,226,230,235,239,239,239,239,245,239,245,245,245,245,239,245,245,245,245,239,239
202,202,206,206,206,210,210,206,210,210,210,210,210,210,210,210,210,215,215,218,215,218,218,218,222,222,222,222,226,222,226,226,226,226,230,226,230,226,226,226,230,230,226,222,215,210,202,191,187,179,172,135,93,58,62,73,54,43,36,36,31,29,29,31,32,29,22,27,32,32,32,27,20,15,15,17,19,22,25,27,31,41,53,56,71,71,75,72,62,69,77,73,66,62,66,69,81,82,78,78,77,72,69,73,76,77,78,71,76,76,69,69,71,69,73,73,66,58,58,51,49,53,49,49,47,47,41,47,56,62,62,72,73,72,72,80,82,73,71,72,78,81,88,90,89,91,94,95,94,93,93,93,93,93,56,100,131,134,135,139,140,142,144,146,147,151,158,172,175,182,187,194,198,202,206,206,215,215,218,222,222,226,230,235,239,239,245,245,245,245,245,245,245,245,245,245,245,245,239,239
202,202,206,206,206,206,210,210,210,210,210,210,210,210,210,215,215,215,218,218,218,218,218,222,222,222,222,222,226,226,226,226,226,226,230,230,230,230,230,230,230,230,226,222,218,210,198,194,182,175,165,141,99,53,64,72,58,49,39,36,36,38,38,39,39,41,43,31,41,38,39,36,27,22,16,15,17,20,21,22,29,32,36,49,51,54,58,56,60,62,56,51,51,56,56,62,73,79,85,82,79,77,75,67,75,66,67,53,51,56,53,53,49,39,39,41,41,39,27,29,32,36,45,51,64,64,66,66,62,56,62,71,72,72,78,88,88,77,81,80,72,79,83,82,85,91,93,95,95,94,93,92,93,93,78,118,130,135,133,136,138,141,143,146,147,149,158,165,172,175,182,191,194,198,206,206,215,215,215,222,226,226,230,235,239,245,245,245,245,245,245,245,245,245,245,245,245,245,239,239
202,206,206,206,210,210,210,210,210,210,210,210,210,210,215,215,215,218,218,218,218,218,222,222,222,222,222,226,226,226,226,226,226,226,226,230,230,230,230,235,235,235,226,222,218,210,198,191,182,165,162,155,103,60,66,67,49,43,43,41,39,45,43,47,47,47,49,49,43,41,41,41,38,31,19,17,16,21,22,24,15,20,24,31,36,43,39,41,38,39,47,49,43,43,51,54,69,71,83,83,77,76,75,76,69,64,58,53,45,45,34,39,38,36,36,38,36,27,21,31,31,39,41,49,56,56,47,54,54,58,67,69,73,72,77,79,79,83,83,87,85,85,88,87,91,93,92,93,94,95,91,91,92,93,95,124,131,123,103,98,103,133,142,146,147,151,158,165,168,175,182,187,194,198,198,206,210,215,215,222,226,226,230,235,239,239,239,245,245,245,245,245,245,245,245,239,245,245,239,235
206,206,206,206,210,210,210,210,210,210,215,215,210,215,215,215,215,218,218,218,222,218,222,222,222,222,222,226,230,226,230,226,230,230,230,230,235,230,230,230,235,235,226,222,218,210,202,187,172,118,97,100,98,54,66,66,51,45,43,41,43,47,39,41,43,45,51,53,51,49,47,45,43,45,38,38,25,24,22,22,20,21,24,34,32,38,34,31,31,25,31,34,36,36,38,38,56,64,79,79,78,76,72,79,69,67,58,56,56,53,36,31,32,29,27,27,27,25,24,29,38,49,47,43,49,53,56,67,72,75,75,73,75,76,78,77,82,84,84,84,87,86,89,91,91,92,93,93,94,96,91,90,92,93,97,129,115,69,10,14,27,75,122,145,147,149,158,158,168,175,179,182,187,191,198,202,206,215,218,218,222,222,230,235,235,239,239,239,245,245,245,245,245,245,245,245,245,245,239,245
206,206,210,210,210,215,215,215,215,215,215,215,215,215,215,215,215,218,215,218,222,222,222,222,226,226,226,226,230,230,230,230,230,230,230,235,235,230,235,235,235,235,230,226,218,210,202,175,95,32,13,6,9,58,60,62,49,49,45,43,47,47,41,41,43,47,51,53,56,56,58,60,66,64,54,54,54,45,29,25,21,20,25,31,32,32,36,31,27,20,22,22,19,21,21,29,38,45,64,72,75,72,77,71,71,69,60,56,60,47,34,38,39,29,32,29,31,31,29,31,34,43,56,60,66,73,73,77,78,78,78,75,76,78,80,79,83,83,85,83,88,89,91,93,92,89,91,93,93,94,89,89,91,93,95,99,10,4,7,13,41,73,88,129,146,149,153,162,165,172,175,182,187,191,191,202,206,210,215,218,218,226,226,235,235,239,239,245,245,245,245,245,245,245,252,245,245,245,239,245
206,210,210,210,210,215,215,215,215,215,218,215,215,215,215,215,218,218,218,222,222,222,222,226,226,226,226,226,230,230,230,230,230,230,235,235,239,235,235,235,235,235,230,230,218,210,198,113,51,25,13,8,4,58,58,58,54,53,53,49,49,36,38,38,43,49,51,53,58,62,62,66,75,73,72,77,77,71,64,54,45,43,31,27,27,31,31,29,24,24,21,15,10,11,15,22,29,45,56,58,53,66,56,56,54,62,58,60,67,47,36,34,34,32,41,38,32,34,39,47,54,60,69,76,76,80,80,76,77,72,72,62,69,72,71,75,78,75,78,82,89,93,92,93,91,90,91,91,92,92,87,89,91,93,90,2,2,6,13,38,80,87,81,100,147,147,153,158,162,168,172,175,182,187,194,198,202,206,215,218,222,226,230,230,235,239,239,245,245,245,245,245,245,252,245,245,245,245,239,245
210,210,210,215,215,215,215,218,218,218,218,215,215,215,215,218,218,218,218,222,222,226,226,226,226,226,226,226,226,230,230,230,230,235,230,235,235,235,239,239,235,239,235,230,222,210,198,97,53,27,13,8,6,53,58,60,54,54,54,51,45,32,43,43,51,54,51,51,60,64,60,67,71,76,76,80,79,77,72,69,62,51,49,47,41,39,36,32,22,22,22,17,13,11,13,16,24,38,56,60,47,45,51,49,36,43,47,47,39,36,36,31,29,31,39,34,31,49,56,62,64,69,66,60,51,34,17,12,8,10,8,3,3,3,5,7,16,32,47,64,87,91,92,94,93,89,89,92,92,90,87,90,91,93,83,1,3,14,53,84,87,6,6,97,146,149,153,155,158,165,172,175,179,182,191,194,202,202,215,218,222,226,226,230,235,245,245,245,245,245,245,245,245,245,245,245,245,245,245,245
206,210,215,210,215,210,215,215,218,218,218,215,215,215,218,222,218,222,222,226,226,226,226,226,226,226,230,226,230,235,230,230,230,235,235,235,235,235,235,235,235,239,235,230,222,215,202,102,34,45,17,9,7,53,53,54,54,54,54,49,47,43,45,49,56,54,49,47,49,54,43,43,41,38,38,41,41,47,56,60,62,60,58,58,53,47,41,34,25,22,24,20,16,13,14,16,24,32,47,51,39,39,36,31,32,34,36,38,29,25,24,29,27,22,22,27,32,58,58,62,58,49,32,15,5,2,7,10,9,6,4,3,6,6,11,13,13,10,8,7,12,56,85,93,93,89,91,93,92,87,88,90,90,94,89,5,10,47,85,89,10,1,8,97,147,151,155,158,162,165,165,172,172,175,187,194,198,202,215,215,222,226,226,226,235,239,245,245,252,245,245,245,245,252,245,245,245,245,245,245
210,210,215,215,215,215,215,215,218,218,218,218,218,218,222,222,222,222,226,226,226,226,226,230,226,230,230,230,230,230,235,235,235,235,235,235,239,235,239,239,239,239,235,230,222,215,206,158,13,8,34,12,8,54,53,49,51,54,53,51,47,43,43,49,49,41,32,31,12,3,4,3,6,10,10,13,13,8,6,7,14,24,39,47,53,49,41,32,25,24,25,17,15,14,15,15,24,22,22,25,29,32,38,36,29,16,19,20,20,20,19,25,24,21,22,27,29,45,49,47,27,13,2,2,2,10,24,25,29,39,24,10,7,10,15,36,34,41,41,49,20,3,43,84,92,92,90,89,91,88,87,90,89,93,93,14,36,81,90,16,2,1,13,100,146,149,153,158,158,165,165,172,175,175,182,191,194,202,206,215,222,222,226,230,235,239,245,252,245,245,245,245,252,245,245,252,245,252,245,245
210,210,215,210,215,215,215,215,222,218,222,222,222,222,222,222,226,222,226,226,226,226,230,226,230,230,230,230,235,235,235,235,235,235,235,239,235,239,239,239,239,239,239,230,226,215,206,194,58,6,12,22,12,53,49,47,45,51,49,53,49,41,38,41,39,29,4,1,2,5,10,13,16,21,24,20,20,15,9,4,2,3,4,10,20,36,43,38,29,21,19,17,16,19,17,15,13,13,13,20,32,39,41,34,31,25,24,24,19,21,21,20,19,20,22,24,25,29,29,21,12,1,2,3,3,9,13,20,15,13,11,10,7,8,12,21,24,34,54,73,72,25,6,43,88,91,89,89,91,89,87,87,87,92,95,32,75,88,21,3,3,1,21,111,145,147,153,158,162,165,168,168,172,175,182,187,191,198,206,215,215,222,226,230,235,239,245,252,252,252,245,252,252,252,252,252,245,245,252,245
210,210,215,215,215,218,218,218,218,218,222,222,222,222,222,222,226,226,226,226,230,230,230,230,230,230,230,235,235,235,235,239,235,235,235,235,239,239,239,239,239,239,235,230,222,215,206,194,78,13,3,17,19,53,45,41,41,45,47,53,49,41,36,31,15,3,2,6,8,10,13,17,16,25,27,25,25,22,14,7,4,3,3,2,6,12,21,20,21,25,19,19,15,14,21,16,15,15,14,21,38,53,51,58,49,51,47,39,31,25,25,21,17,16,16,15,16,19,15,12,2,3,3,4,3,6,9,9,36,73,81,36,24,13,16,22,21,36,45,66,67,64,22,7,72,90,87,89,90,88,88,89,87,90,94,53,86,67,2,4,2,3,60,127,146,149,153,155,158,165,165,168,172,175,179,187,191,194,202,210,215,222,226,226,235,235,245,245,245,245,252,252,245,245,245,252,252,252,252,245
210,215,215,215,215,215,218,218,222,218,218,222,222,222,226,226,226,226,230,226,230,235,230,230,230,230,235,239,235,235,239,239,239,239,235,239,239,239,239,245,245,239,239,230,222,218,210,194,87,21,2,13,16,49,39,38,39,43,45,51,53,43,29,11,1,5,7,8,10,10,13,19,20,25,29,25,22,19,14,13,6,4,4,3,2,3,8,13,14,15,14,14,15,14,16,14,14,14,19,36,45,54,58,64,67,69,69,58,51,45,27,21,21,21,11,12,12,15,12,2,3,3,2,3,3,3,3,3,5,6,3,8,9,10,27,56,53,69,89,85,64,75,71,10,22,89,87,85,86,85,86,87,87,89,92,64,89,49,1,4,1,6,76,141,146,149,153,155,162,162,165,168,172,172,179,182,187,191,198,206,215,218,222,226,235,239,245,252,245,245,252,245,245,245,245,252,252,252,252,252
210,215,215,218,218,215,218,222,222,222,222,222,222,226,226,226,226,226,230,230,230,235,235,235,235,235,239,239,239,239,245,245,239,239,239,239,239,239,245,245,245,239,239,235,222,218,210,202,94,27,1,14,14,49,38,34,34,39,43,47,58,32,10,1,6,8,9,8,9,10,13,17,21,32,32,27,25,17,13,12,7,6,3,3,3,2,3,10,13,13,13,14,14,13,14,12,15,15,20,39,47,56,66,62,60,62,64,66,66,45,24,22,21,17,12,12,14,13,2,2,2,2,2,1,1,3,0,0,0,4,0,0,0,0,0,1,6,22,86,94,85,79,81,66,29,72,89,83,83,82,81,85,87,89,91,69,95,45,1,1,1,13,95,144,146,149,153,158,158,158,165,168,165,168,172,182,187,191,198,206,210,218,222,230,230,235,239,252,252,252,245,252,252,245,245,252,245,252,252,252
215,218,218,218,218,218,218,222,222,222,222,226,222,226,230,230,230,230,230,235,230,235,235,235,235,239,239,239,239,239,245,239,245,239,239,239,245,245,239,245,245,245,239,235,226,222,215,210,98,25,1,10,11,54,36,32,32,32,32,34,45,12,2,4,13,10,8,9,8,10,11,15,38,58,58,64,54,49,16,11,7,6,4,3,4,3,2,3,6,14,16,15,15,13,12,11,14,17,22,31,39,51,54,56,54,64,72,75,64,38,15,12,21,24,24,27,13,5,6,3,1,1,3,41,82,64,1,0,0,22,86,0,0,0,1,39,29,3,2,17,76,84,81,71,79,78,87,86,84,84,84,86,87,88,91,82,97,47,1,1,1,31,101,144,146,149,153,153,158,155,162,165,168,168,172,175,182,187,194,202,210,218,222,230,235,239,245,245,252,252,245,245,252,252,252,252,252,252,252,245
218,218,218,222,222,218,222,226,222,222,226,222,226,226,230,230,230,230,235,235,235,235,239,235,239,239,239,239,239,239,245,245,245,245,245,245,245,245,245,252,252,245,239,239,230,226,215,206,104,27,1,8,9,56,36,31,29,29,27,31,38,7,6,22,19,13,12,10,9,10,10,10,10,11,8,10,3,4,2,2,1,1,1,2,2,2,3,3,6,12,15,16,15,12,8,10,13,19,25,32,38,51,60,62,56,60,60,67,64,32,13,9,10,25,34,16,32,6,1,1,1,10,71,93,99,81,1,1,0,1,83,0,1,79,60,96,97,94,31,0,1,24,41,54,69,83,85,86,85,83,83,84,87,88,91,86,95,51,1,1,1,32,119,145,147,149,153,153,155,155,158,162,165,165,172,175,182,182,191,202,210,215,222,226,230,239,245,245,245,245,245,252,252,252,252,252,245,252,252,245
215,218,218,222,222,222,226,222,226,226,226,226,226,230,226,230,230,235,235,235,235,235,235,235,235,239,239,239,245,245,245,239,239,245,245,245,245,245,252,245,245,252,245,239,230,226,215,202,118,29,1,6,8,72,31,29,29,29,27,27,24,10,13,20,32,20,15,12,10,8,4,1,0,0,0,0,80,0,0,0,0,19,47,21,3,1,2,3,4,13,11,19,12,8,4,7,10,13,19,27,31,43,56,56,54,56,54,62,62,36,13,7,4,21,34,12,4,2,32,27,27,87,91,98,102,92,1,0,0,1,0,0,1,12,8,96,115,114,93,2,0,2,25,47,53,80,85,87,84,83,83,84,88,88,91,85,95,75,1,0,1,72,135,144,147,149,153,153,155,155,155,158,162,165,172,175,179,182,194,198,206,215,218,226,235,239,245,245,245,245,252,252,252,252,252,252,252,252,245,245
218,218,218,222,222,226,222,222,222,226,226,230,226,230,230,235,235,235,239,239,235,235,235,235,235,239,239,245,245,245,245,245,245,245,245,245,245,252,252,252,245,245,245,239,235,226,218,206,132,32,1,4,5,69,29,25,27,29,29,24,16,10,7,8,32,24,17,8,2,2,5,0,0,1,0,0,2,0,0,0,0,86,94,90,43,21,10,36,7,3,10,22,12,6,4,8,8,13,16,22,27,41,51,49,45,45,51,47,51,36,16,10,3,10,19,4,1,1,1,5,20,19,24,87,101,99,13,0,0,1,1,0,0,1,21,110,125,102,32,3,25,31,21,43,69,82,86,87,86,82,82,84,89,89,92,69,85,85,1,0,6,83,142,144,147,151,149,153,155,155,155,162,162,162,168,175,179,182,194,198,202,215,218,226,230,239,245,245,245,252,245,252,252,252,255,252,252,252,252,252
218,218,218,222,222,226,226,226,226,226,226,226,230,230,230,235,235,235,239,239,239,239,239,235,239,245,245,245,245,252,245,245,252,252,245,245,252,245,252,252,252,252,245,239,235,226,218,206,158,43,4,2,6,51,31,27,29,29,29,24,17,12,10,7,5,3,1,0,3,25,60,77,1,1,0,1,0,0,0,0,3,95,97,64,7,3,3,5,1,1,4,8,8,7,4,6,7,13,19,32,34,32,49,45,53,54,53,51,49,38,25,11,5,5,11,6,7,17,17,4,1,3,4,6,21,83,84,2,0,1,1,1,1,8,97,114,95,17,10,58,80,78,85,82,78,78,82,83,87,83,83,85,88,89,93,54,64,78,3,1,13,96,142,145,147,151,151,151,155,155,158,158,162,162,168,172,179,182,191,198,206,210,215,226,226,239,245,245,252,252,252,252,252,255,252,252,252,255,245,252
218,218,222,222,226,226,226,230,230,230,230,230,230,230,235,230,239,239,235,235,239,239,239,235,245,245,245,245,245,245,252,252,252,252,245,252,252,252,252,252,252,252,252,239,235,226,215,206,198,78,12,2,7,49,31,29,29,32,31,27,21,15,13,8,3,3,1,0,1,41,97,98,43,1,1,1,0,0,0,0,38,56,8,4,3,3,7,10,14,19,14,8,11,6,4,6,8,15,24,29,38,36,49,45,49,51,53,58,66,51,31,17,7,6,7,8,14,20,36,21,39,41,62,45,24,7,6,5,3,3,1,1,5,39,41,11,6,19,92,94,87,82,91,81,80,75,77,80,85,83,83,85,87,90,91,51,27,67,7,1,19,104,144,145,146,149,151,151,153,155,153,158,162,162,168,172,175,182,191,194,206,210,215,222,226,235,245,245,252,252,252,252,252,255,255,252,252,252,252,252
218,222,222,222,226,226,226,226,230,230,230,230,235,230,235,235,239,239,239,239,239,239,239,239,245,245,252,245,245,245,245,252,252,252,245,245,252,252,252,252,252,252,252,245,235,230,215,206,198,97,22,3,7,45,32,31,29,32,31,29,24,19,16,13,12,13,4,3,1,3,36,89,96,27,1,0,0,1,1,2,4,7,13,16,11,9,9,13,16,31,10,11,12,5,7,10,14,24,27,32,36,38,47,45,43,51,56,60,62,41,49,25,13,10,8,7,14,24,19,31,9,10,36,66,75,92,87,31,13,13,11,7,6,8,14,36,67,76,85,95,86,85,88,80,78,76,72,78,82,83,81,86,88,90,91,60,20,47,19,2,25,124,144,145,146,147,149,153,153,155,155,158,155,158,162,168,175,182,187,194,206,210,215,222,226,235,245,245,252,252,252,252,252,255,252,252,252,255,252,252
218,222,222,226,226,226,230,230,230,230,230,230,235,235,235,235,239,235,239,239,239,239,239,245,245,245,245,245,245,245,245,252,252,245,252,252,252,252,252,252,252,252,245,239,235,226,218,210,206,120,27,5,10,47,32,31,31,32,32,29,25,24,22,27,27,22,20,19,12,6,3,2,3,6,4,5,6,13,14,25,39,53,53,34,6,16,6,14,32,17,13,10,8,8,8,12,14,22,25,31,32,38,47,51,51,56,64,67,71,67,67,66,25,13,10,8,15,25,29,34,21,29,6,22,21,19,43,38,58,47,39,10,10,38,41,66,53,72,81,89,88,84,82,79,73,73,71,77,81,79,82,85,88,89,90,49,13,25,32,4,45,138,144,145,146,149,147,158,155,153,155,158,158,162,162,172,175,179,191,198,206,206,215,222,226,235,245,245,252,252,252,255,255,255,252,252,255,255,255,255
222,222,222,226,230,226,230,230,230,230,235,230,235,235,235,235,235,239,239,239,239,239,245,239,245,239,245,245,245,245,245,252,252,245,252,252,252,252,252,255,252,252,245,239,239,226,222,215,206,144,22,6,13,43,34,32,32,32,32,32,31,27,25,25,27,29,27,22,17,16,13,10,13,19,38,60,69,62,75,87,67,45,13,5,21,5,16,34,25,16,13,11,7,13,12,11,14,21,27,41,39,49,49,51,51,60,73,80,76,69,66,85,58,32,16,7,7,14,31,34,32,39,53,19,8,16,10,10,6,10,11,10,13,36,58,81,94,96,96,92,90,76,77,75,72,71,75,75,78,78,82,87,89,90,91,49,8,16,43,4,79,142,144,145,146,149,147,158,155,155,155,155,158,162,162,168,172,179,191,198,202,206,215,222,230,235,245,252,252,252,252,252,255,255,252,255,255,255,255,252
222,222,222,226,230,226,230,230,235,235,235,230,235,239,235,235,239,239,245,239,239,245,239,239,239,245,245,245,245,245,245,245,252,252,252,252,252,252,252,252,255,255,252,245,239,230,222,215,210,182,41,6,12,43,39,34,32,34,34,36,34,32,25,22,24,27,27,24,21,17,17,16,14,17,13,15,11,16,21,36,22,8,16,27,7,31,41,27,14,15,11,10,8,12,13,9,13,21,34,51,53,45,49,54,54,60,62,77,82,71,60,83,80,54,34,13,10,13,16,25,41,51,38,38,43,14,12,31,34,21,15,22,34,45,49,60,78,87,92,88,85,77,73,73,73,64,69,78,78,82,83,85,90,91,91,53,5,16,39,5,90,143,143,146,146,149,149,153,155,155,155,158,158,162,158,168,175,179,191,198,198,206,215,218,226,235,245,245,252,252,252,252,255,255,255,252,255,255,255,255
222,226,226,226,230,230,235,235,230,235,235,235,235,235,235,239,239,245,245,245,245,239,245,245,239,245,245,245,252,245,245,245,252,252,252,252,252,252,252,252,255,252,252,245,235,230,222,215,210,165,36,5,10,47,36,29,34,36,34,36,34,31,25,21,21,22,24,24,25,24,21,19,19,20,13,13,17,22,13,7,17,47,20,15,43,51,49,15,15,15,11,13,11,15,11,10,13,19,34,45,64,54,64,58,53,60,66,72,76,73,47,67,78,64,56,49,32,27,22,29,27,43,58,64,51,39,47,31,19,24,39,32,29,49,51,69,80,80,83,81,78,79,75,75,72,66,75,78,80,84,86,87,90,92,90,58,5,24,21,7,95,143,143,146,146,151,149,153,153,153,155,158,158,162,162,168,172,179,187,198,198,210,215,222,226,235,245,252,252,252,252,252,252,255,255,252,255,255,255,255
226,226,226,230,226,230,230,230,235,235,230,235,239,235,239,239,239,245,239,245,245,239,245,245,245,245,245,252,252,252,252,245,252,252,255,252,252,252,252,255,255,255,252,245,239,230,226,218,206,168,27,3,6,43,41,31,34,38,38,36,32,31,24,20,21,19,21,20,20,21,20,21,29,27,22,15,13,11,24,54,25,20,43,64,64,51,24,22,16,13,11,14,13,15,7,12,14,29,51,56,62,64,62,62,60,60,67,69,69,66,51,47,56,71,69,60,51,43,34,36,38,38,43,56,54,66,49,54,60,47,32,36,39,53,62,67,77,77,73,73,77,82,78,73,69,67,78,77,85,87,87,87,91,92,91,62,6,54,3,8,95,142,143,145,146,151,149,151,153,153,153,158,162,165,162,168,168,172,182,194,198,210,215,222,230,235,239,252,252,252,252,252,252,252,255,255,255,255,255,255
226,226,226,230,230,235,235,230,235,235,235,235,239,239,239,239,239,245,245,245,245,239,245,245,245,245,252,252,252,252,252,252,252,252,252,255,252,252,252,252,255,252,252,245,239,230,226,222,172,127,8,1,3,34,41,36,34,38,38,38,38,32,27,22,21,20,20,19,19,16,20,21,22,19,15,15,32,45,31,31,39,60,69,67,66,43,38,34,27,17,15,16,15,11,7,16,22,38,47,56,64,58,60,62,67,72,77,72,62,71,51,38,43,71,73,71,62,53,49,47,43,39,36,53,54,56,76,66,56,64,64,66,64,60,62,64,69,72,75,77,83,87,83,80,75,76,79,78,86,88,89,90,92,93,91,62,24,64,1,6,90,125,143,146,147,149,151,151,153,155,155,155,162,165,162,165,162,175,182,194,202,202,215,218,226,235,245,245,252,252,255,252,255,255,255,252,255,255,255,255
226,230,226,230,230,235,235,235,239,235,239,235,239,239,245,245,239,245,245,245,239,245,239,245,245,252,252,252,252,252,252,255,255,255,255,255,255,255,252,252,255,252,252,245,239,235,230,215,155,96,4,1,2,38,43,38,38,39,38,38,36,32,29,27,29,25,24,21,19,16,16,17,21,24,34,41,36,34,49,67,75,67,66,53,41,39,43,32,29,29,20,19,13,7,8,20,31,39,56,66,64,62,67,69,72,72,62,66,69,62,45,41,27,62,75,75,76,64,64,62,53,47,41,53,51,56,60,62,64,66,58,66,69,66,75,75,76,80,83,81,82,82,83,76,78,78,76,80,87,90,91,90,93,92,90,60,43,9,1,8,87,136,147,146,147,149,153,149,155,155,155,158,158,158,162,165,168,175,187,194,202,206,210,218,230,235,239,252,252,252,255,252,252,252,252,255,255,255,255,255
226,230,230,230,230,230,235,235,235,239,235,235,239,239,245,239,245,245,245,245,245,252,245,245,245,252,252,252,252,252,252,252,252,255,255,255,255,252,252,252,255,252,252,245,239,235,230,218,142,95,7,5,11,27,45,41,43,43,43,41,39,36,34,36,34,32,29,24,24,22,22,27,31,32,27,27,41,71,71,71,69,64,69,34,43,51,49,39,31,25,22,19,8,6,13,22,29,47,60,66,69,71,73,76,75,76,71,78,73,67,62,64,32,51,75,78,69,71,69,75,71,62,49,49,54,49,51,56,60,62,64,71,79,75,77,80,81,83,87,87,86,84,83,81,78,79,80,83,90,91,93,94,94,92,88,56,17,1,1,9,92,123,143,146,147,151,151,151,153,153,155,155,158,162,165,165,165,172,187,194,202,206,215,218,226,230,239,239,252,252,252,252,255,255,255,255,255,255,255,255
226,230,230,230,235,235,239,235,235,239,239,235,239,239,245,239,245,245,245,245,252,252,245,245,245,252,245,252,252,252,252,252,255,255,255,255,255,255,252,252,252,255,252,245,239,235,230,215,121,87,31,31,10,36,47,45,47,49,47,47,47,41,39,41,38,38,38,31,25,25,25,27,36,45,49,56,66,58,62,66,56,60,45,51,58,58,60,51,39,29,17,15,6,8,25,32,45,60,58,71,73,76,75,76,80,78,82,79,72,72,69,72,54,43,76,83,89,83,79,76,75,75,71,54,53,45,49,47,53,53,51,56,67,69,76,77,81,82,87,89,86,84,82,80,79,81,81,83,90,91,95,95,94,93,90,67,21,8,6,31,95,130,140,147,149,151,151,151,155,155,155,158,158,162,162,165,168,168,187,194,202,206,210,222,226,230,239,245,252,252,252,255,255,255,255,255,255,255,255,255
226,230,230,230,235,235,235,235,239,239,239,239,245,239,245,245,245,245,245,245,252,252,245,252,252,252,252,252,252,252,252,252,255,255,255,255,255,255,255,252,255,255,252,245,245,239,230,222,141,60,31,22,5,43,49,49,51,53,51,51,51,49,45,47,41,43,41,36,34,34,36,47,53,49,53,58,49,45,45,51,49,49,58,66,53,71,64,53,39,38,16,12,6,14,36,49,67,79,78,81,79,79,80,83,84,86,85,83,77,75,72,71,66,53,72,81,88,84,83,78,77,77,76,72,62,53,45,47,54,56,53,51,54,66,78,78,82,85,87,83,81,77,78,76,73,84,87,87,89,93,95,95,95,93,90,75,20,47,32,69,96,122,142,147,149,151,153,149,153,155,155,158,158,162,162,165,168,172,182,194,202,206,210,222,226,230,245,252,252,252,255,255,255,255,255,255,255,255,255,255
226,230,230,230,235,235,235,235,235,235,239,245,239,245,245,245,245,245,245,245,252,255,252,252,255,252,252,252,252,255,255,255,255,255,255,255,255,255,255,255,255,255,252,245,239,239,230,210,135,45,29,15,4,43,54,54,53,56,58,60,62,53,49,53,45,43,39,39,45,39,41,51,54,51,43,36,36,36,43,54,53,54,56,60,71,71,58,58,41,27,13,7,13,27,43,45,75,81,80,79,82,81,81,85,85,85,86,85,84,82,81,83,71,60,66,80,84,87,82,79,80,80,78,75,69,56,49,47,51,56,51,49,56,54,67,75,72,75,73,79,81,79,80,80,85,88,92,91,91,93,95,96,95,93,90,78,14,54,58,73,99,130,142,149,149,151,149,151,153,155,155,158,158,158,162,162,168,172,182,198,198,198,215,218,226,235,239,245,252,252,252,255,255,255,255,255,255,255,255,252
226,230,230,230,235,235,235,239,239,239,239,239,239,245,245,245,245,245,245,252,252,252,252,252,252,252,252,252,252,252,252,255,252,255,255,255,255,255,255,255,255,252,252,252,239,239,235,218,137,47,31,16,3,43,54,53,53,58,58,62,66,67,60,54,49,47,41,41,39,38,39,36,29,34,32,22,22,31,47,49,43,71,58,75,78,71,47,53,34,16,9,9,21,36,43,53,80,83,86,89,89,87,87,88,89,89,87,88,88,87,87,79,77,64,58,79,82,84,76,82,83,83,81,77,75,71,64,54,56,58,56,49,47,53,51,54,60,60,66,73,76,81,83,86,89,89,90,94,94,93,95,96,95,93,90,69,14,49,62,73,100,141,145,147,149,149,151,151,153,153,153,158,158,158,162,168,168,168,182,198,198,202,210,218,226,230,239,245,252,252,255,255,255,255,255,255,255,255,255,252
226,230,230,235,235,235,235,239,239,239,239,239,245,245,239,245,245,245,245,245,252,245,252,252,252,252,252,252,252,252,252,252,252,255,255,255,255,255,255,255,252,255,252,252,245,239,235,226,144,51,31,15,3,36,51,56,58,60,60,64,67,67,58,51,51,49,43,41,39,34,34,25,22,22,27,31,34,45,45,41,47,75,69,77,78,64,62,54,31,13,9,12,31,41,53,77,84,84,89,89,90,90,89,91,91,91,91,91,90,90,91,81,79,67,58,76,78,79,77,80,80,83,83,83,76,71,71,71,69,67,62,53,58,60,77,60,66,64,79,75,78,82,86,89,94,95,96,95,95,93,95,95,95,93,89,34,6,51,66,78,101,141,147,147,149,149,151,151,153,153,155,158,158,158,165,168,168,165,182,191,198,202,210,218,222,230,235,245,252,255,252,255,255,255,255,255,255,255,255,252
230,235,230,235,235,235,239,235,239,239,239,239,245,245,245,245,245,245,245,252,252,252,252,252,252,252,252,252,252,252,252,252,252,255,255,255,255,255,255,252,252,252,252,245,239,235,230,226,191,67,29,15,2,31,49,56,60,60,58,66,69,67,67,54,49,49,47,43,39,34,32,25,25,29,43,51,53,49,66,45,56,73,71,76,67,64,64,51,17,10,9,16,36,41,67,83,88,88,89,93,94,93,93,93,92,92,92,92,92,93,92,84,78,67,41,67,73,71,73,80,80,84,85,83,80,76,72,73,72,69,71,64,66,66,69,54,69,67,83,79,79,80,85,92,94,95,96,96,95,95,94,95,96,93,89,29,8,49,64,83,118,147,147,147,151,149,151,151,151,153,153,155,155,158,165,165,165,168,179,191,198,198,210,215,222,235,239,245,252,255,255,255,255,255,255,255,255,255,255,252
230,230,230,235,235,239,239,239,239,239,239,239,245,245,245,245,252,245,252,252,252,252,252,252,252,245,252,252,252,255,255,252,252,255,255,255,255,255,255,252,252,252,252,245,239,235,230,226,226,98,38,21,1,25,47,54,60,60,64,66,66,56,62,58,56,53,51,43,49,51,56,58,64,54,49,60,51,54,53,53,60,71,73,75,66,73,71,47,11,8,11,17,36,54,79,86,88,90,93,95,96,95,95,95,94,93,94,94,95,95,94,91,81,67,51,49,67,71,71,75,83,80,81,78,85,80,79,78,67,67,77,75,75,75,75,73,72,66,80,83,80,79,87,91,95,95,96,96,95,94,95,95,95,93,89,31,19,56,77,90,138,146,147,149,149,149,149,151,151,153,153,155,153,158,162,165,168,168,175,191,206,198,206,215,222,235,235,245,252,252,255,252,255,255,255,255,252,255,255,252
230,230,235,235,235,239,239,239,239,239,245,245,245,245,245,252,245,252,252,252,252,245,245,252,252,252,252,252,252,252,255,255,252,255,255,255,255,255,252,252,252,245,252,252,239,239,235,230,222,151,71,27,2,16,43,54,56,56,64,67,64,64,66,66,62,67,64,49,54,56,64,53,58,56,58,58,60,62,62,62,71,72,80,82,79,78,72,43,7,13,19,39,41,64,78,87,87,91,96,98,97,97,97,95,94,94,95,95,95,95,94,93,87,76,56,43,36,62,49,58,81,78,82,78,80,81,80,82,77,75,77,75,76,76,78,80,80,82,83,80,83,81,89,93,94,95,96,96,95,94,94,95,95,92,88,25,22,71,87,100,145,147,147,149,147,149,149,149,153,153,153,153,153,162,162,162,168,172,179,191,206,198,206,215,222,235,239,252,252,252,252,255,255,255,255,255,255,255,255,252
230,230,235,235,235,239,239,239,239,245,245,245,245,252,252,252,252,252,252,252,252,252,252,252,252,252,252,252,252,252,252,252,252,252,255,255,255,255,252,252,252,252,252,245,245,235,235,230,222,215,122,29,4,8,39,53,54,58,64,67,66,72,69,58,60,69,60,56,62,69,71,49,54,58,64,69,66,67,76,72,81,87,85,79,81,79,56,25,10,22,38,51,62,73,80,87,88,93,96,100,98,98,98,96,95,96,96,96,96,96,97,98,94,90,77,62,49,60,34,32,64,77,81,78,78,80,82,81,80,80,81,77,75,75,81,80,81,83,81,85,85,83,88,91,93,95,96,93,94,95,95,95,95,92,85,31,25,85,95,137,145,147,149,149,149,151,149,151,151,153,155,153,155,158,165,162,168,168,182,191,198,202,210,218,222,235,239,239,252,252,252,255,255,255,255,255,255,255,255,252
235,235,235,239,239,239,239,239,239,245,245,245,245,252,252,252,252,252,252,252,252,255,252,252,255,252,252,252,252,252,252,252,252,252,255,255,255,255,252,252,252,252,245,245,245,239,235,230,222,218,165,97,9,5,36,49,53,56,64,71,71,69,64,62,58,58,56,56,62,69,66,56,53,64,67,75,66,76,75,81,79,78,83,78,77,78,43,16,22,41,47,58,69,73,79,89,91,94,96,99,102,104,102,98,98,96,96,96,96,96,96,98,97,94,87,82,76,64,41,14,47,69,76,76,78,79,84,83,84,82,83,81,82,84,80,79,78,80,86,85,84,85,89,88,92,94,95,93,95,94,94,94,95,91,83,22,36,94,129,145,147,147,149,147,149,149,149,151,151,151,153,155,155,162,158,162,165,168,182,191,198,202,210,218,222,235,239,245,255,252,255,252,255,255,255,255,255,255,255,255
235,235,235,239,239,239,239,239,245,245,245,245,245,252,252,252,252,252,252,252,252,252,252,252,252,252,252,252,252,252,252,252,252,255,255,252,252,252,252,252,252,245,245,245,239,239,235,230,222,218,175,109,51,6,27,49,47,51,56,64,71,67,64,62,58,53,53,54,62,58,60,67,69,77,84,72,72,81,78,83,78,84,87,81,78,54,13,22,43,54,62,67,78,78,81,87,92,95,97,99,101,107,119,105,99,98,98,97,97,95,96,99,99,97,93,89,86,81,72,19,29,54,69,75,78,80,83,79,85,86,83,86,84,87,80,86,81,83,85,83,84,87,86,84,93,93,94,93,95,95,94,94,95,91,79,47,96,139,144,147,147,147,147,147,149,147,151,149,151,151,153,155,155,162,158,162,165,172,182,191,198,202,210,218,222,230,239,245,255,245,255,252,255,255,255,255,255,255,255,255
230,235,235,239,239,235,239,239,239,245,245,245,245,252,245,245,252,252,252,252,252,252,252,252,252,255,255,252,252,252,252,252,252,252,252,252,252,252,252,252,245,245,245,245,239,239,239,230,222,222,218,127,13,6,22,47,47,49,56,67,71,71,67,58,51,49,47,54,53,54,69,75,72,76,73,75,83,78,82,83,79,81,84,81,75,34,21,43,60,60,69,78,83,82,83,88,89,94,95,98,98,101,107,116,102,99,98,97,96,97,96,97,99,98,93,93,93,90,86,66,14,27,62,77,83,84,87,83,83,86,87,87,85,85,82,83,81,83,83,88,79,89,86,90,89,90,90,93,90,92,92,92,93,91,76,56,119,142,145,145,147,146,149,147,147,149,151,151,151,151,153,155,158,158,158,165,168,175,179,191,198,198,206,218,222,235,239,245,252,252,255,255,255,255,255,255,255,255,255,255
235,235,235,235,235,235,239,239,245,245,245,245,245,252,245,252,245,245,252,252,252,252,252,252,252,252,252,252,252,252,252,252,252,252,252,252,245,245,252,245,245,245,245,245,239,239,239,230,222,218,215,191,75,6,19,34,49,53,54,58,58,67,58,56,51,43,45,51,53,54,67,72,71,71,76,83,85,81,88,84,83,77,76,78,60,17,39,56,64,67,75,84,83,83,82,84,87,92,93,96,96,97,98,98,99,97,97,95,93,95,89,91,95,97,94,95,96,96,94,85,43,20,56,71,76,86,89,90,87,88,89,87,87,89,86,81,79,76,78,83,84,83,86,93,90,89,89,90,93,91,93,93,92,91,64,69,104,141,145,145,146,147,149,149,151,149,149,151,153,151,153,153,155,158,162,162,168,172,179,191,202,202,206,218,222,235,239,245,245,252,252,255,252,255,255,255,255,255,255,255
235,235,235,239,239,239,245,245,245,252,245,252,252,252,252,245,252,245,252,245,252,252,255,252,252,252,252,245,252,252,252,252,245,252,252,252,245,245,245,245,245,245,239,239,239,235,235,230,222,218,202,165,92,5,8,27,47,56,56,41,51,62,56,49,49,45,45,56,51,53,67,75,72,75,80,87,87,86,78,89,82,84,69,66,36,36,54,69,69,71,75,83,82,79,76,78,84,89,91,94,95,96,96,97,96,96,93,93,91,92,92,92,94,95,96,96,98,98,97,95,77,32,54,60,72,90,91,91,86,89,88,81,85,83,85,80,79,77,73,85,86,86,85,84,90,91,92,93,93,91,93,93,91,87,67,25,122,138,145,145,147,146,149,149,151,149,151,149,153,149,151,155,158,158,162,165,172,175,175,194,202,198,206,218,226,235,239,245,245,252,255,255,255,252,255,255,255,255,255,255
235,235,239,245,239,239,245,245,245,252,252,252,245,252,245,252,252,252,252,245,252,252,252,252,252,252,252,252,252,252,245,252,245,245,245,245,245,245,245,245,245,239,239,239,239,235,235,230,226,218,215,206,95,5,4,21,45,54,43,47,62,62,54,47,43,41,47,53,56,51,73,72,71,84,87,86,88,87,86,87,88,77,76,76,36,47,69,71,69,72,72,77,75,72,73,80,83,83,84,89,93,93,94,94,94,93,89,86,87,89,92,90,91,87,88,92,95,97,97,97,92,47,41,60,69,85,80,87,83,87,88,87,85,84,83,85,79,80,78,87,87,88,90,85,90,93,92,91,93,93,94,93,92,87,51,27,112,136,144,145,147,149,149,149,151,151,151,149,151,153,153,155,155,158,162,162,168,179,179,198,198,202,210,218,226,235,239,245,252,252,252,255,255,255,255,255,255,255,255,255
230,239,239,239,239,245,245,245,245,252,252,252,252,252,252,252,252,252,252,252,252,252,252,252,252,252,252,252,252,252,255,252,252,252,252,245,245,245,245,245,245,239,239,239,235,235,235,230,226,218,215,215,128,73,6,21,36,47,47,39,56,60,56,53,43,41,47,54,51,60,67,76,77,84,88,85,86,91,91,79,82,83,76,73,53,58,73,71,71,66,64,51,38,41,54,77,78,79,80,87,91,92,90,91,92,91,87,82,91,91,84,67,29,24,43,72,83,91,95,96,95,67,43,62,62,79,80,83,93,92,90,88,93,89,85,83,85,87,90,83,89,93,93,85,88,91,93,91,91,92,92,91,91,83,32,31,127,141,145,146,146,149,149,149,151,149,153,147,151,151,153,153,153,158,165,162,168,175,179,194,198,202,215,226,226,235,239,252,252,252,255,252,255,255,255,255,255,255,255,255
235,239,239,239,245,245,245,245,245,245,252,252,252,252,252,252,252,252,252,255,252,252,252,255,255,252,252,252,252,252,252,252,252,252,245,252,245,245,245,245,239,245,239,239,239,235,235,230,226,222,215,210,158,95,5,29,34,43,45,53,54,56,49,51,43,39,47,51,54,64,67,78,79,83,81,83,86,91,87,88,80,75,72,72,62,53,71,71,54,25,8,1,1,1,4,13,66,80,82,85,88,89,88,89,87,88,86,87,87,81,16,7,0,0,0,7,27,62,83,88,91,77,53,60,72,79,86,89,88,91,91,89,89,92,93,88,91,93,90,87,87,85,90,90,87,92,91,90,90,89,91,90,89,76,51,45,123,141,146,147,146,153,151,149,149,151,151,149,153,151,153,155,155,158,165,165,168,168,182,194,194,210,215,222,226,235,239,252,252,252,252,252,255,255,255,255,255,255,255,255
239,239,239,239,239,239,245,245,245,245,252,255,255,255,252,252,252,252,255,252,255,252,252,252,255,252,252,252,252,252,252,245,245,252,245,245,245,245,245,245,245,239,235,239,235,235,230,230,226,222,215,210,139,101,17,24,21,36,43,41,47,53,49,53,45,38,45,45,43,66,73,76,81,75,81,80,88,90,90,85,83,73,76,75,58,47,60,45,10,1,2,3,2,6,5,1,1,20,73,83,80,78,78,84,85,83,84,80,39,0,0,0,0,1,2,3,2,4,34,79,85,69,53,56,60,71,78,83,87,83,92,90,92,92,94,91,95,92,94,92,95,90,94,91,87,93,93,90,89,89,91,91,83,41,41,90,127,143,146,147,147,151,151,151,151,151,151,149,151,151,153,155,155,158,162,165,165,172,182,191,194,206,215,222,226,235,239,252,255,252,252,255,252,255,255,255,255,255,255,255
239,239,239,245,245,245,245,245,252,252,252,245,255,252,245,252,252,252,255,252,255,252,252,252,255,252,252,252,252,252,245,245,245,252,245,245,245,245,245,245,239,245,239,239,235,235,235,230,226,222,218,215,194,129,39,25,17,29,43,49,49,53,56,54,39,39,49,53,45,60,64,75,85,71,82,82,90,89,85,89,83,73,69,75,69,43,38,17,4,1,2,2,1,0,0,0,0,1,14,54,58,60,58,54,64,58,60,58,12,0,0,0,1,1,3,5,6,13,15,60,73,45,54,53,66,78,78,78,83,90,90,89,91,90,91,90,93,92,93,97,95,91,94,89,87,91,91,89,87,89,90,87,66,25,32,84,141,143,147,147,147,151,151,151,151,151,151,151,153,153,153,155,158,158,165,162,165,172,182,194,194,206,215,222,230,235,245,252,252,252,252,252,255,255,255,255,255,255,255,255
239,239,239,245,245,245,245,245,245,252,252,252,252,252,245,252,252,252,252,252,252,255,252,252,252,255,252,252,252,245,245,252,245,245,245,245,245,245,245,245,239,239,245,239,235,235,235,230,226,222,218,210,187,145,85,34,10,16,39,43,41,47,53,45,41,47,43,39,47,56,53,72,81,73,78,84,87,87,88,83,86,73,73,77,76,43,20,10,7,10,15,7,4,4,4,1,4,31,45,16,38,58,45,38,45,47,45,58,54,12,5,6,13,38,56,67,53,36,27,58,60,31,54,58,71,73,77,83,87,86,85,86,89,89,87,83,85,92,94,97,96,95,93,89,90,89,92,91,87,87,88,83,39,17,32,87,136,143,146,149,149,149,149,151,153,153,151,151,151,151,153,155,155,155,158,165,168,175,182,198,202,202,215,222,226,235,239,252,255,252,252,255,255,255,255,255,255,255,255,255
235,239,239,239,245,245,245,239,245,245,252,252,252,252,252,252,252,252,252,252,252,255,252,252,252,252,252,245,245,245,245,245,252,245,245,245,245,245,245,239,245,245,239,239,239,235,235,230,226,226,218,210,191,143,97,27,8,10,21,34,32,36,51,49,45,41,36,38,51,53,53,64,69,76,79,76,83,84,88,87,80,73,78,76,71,43,21,16,13,36,97,66,64,38,21,22,47,83,83,41,16,41,39,39,45,27,21,43,72,77,73,76,80,83,80,82,72,60,58,49,14,29,58,58,58,62,71,75,81,79,81,83,87,85,86,83,86,87,93,93,96,93,93,90,90,91,88,90,86,83,84,83,15,12,79,97,142,145,147,149,147,149,149,149,151,153,151,153,149,153,153,155,158,162,162,168,165,175,182,194,198,206,215,218,226,235,239,252,252,252,255,252,252,255,255,255,255,255,255,255
239,235,239,239,245,245,245,245,245,252,252,252,252,252,245,252,245,245,252,252,245,252,252,245,252,252,252,252,252,252,252,245,245,245,245,245,245,245,245,239,239,239,239,239,235,235,235,230,226,226,218,215,206,191,105,16,9,5,4,27,39,34,45,54,53,39,43,41,53,56,56,69,62,76,76,72,79,79,83,76,69,66,69,64,45,27,21,19,25,32,19,69,49,49,51,60,77,83,76,51,17,17,34,43,24,6,3,7,14,47,69,80,89,86,76,67,64,56,29,13,25,45,54,60,73,67,64,62,69,76,85,85,83,85,87,81,87,88,89,93,93,92,93,85,85,85,90,86,84,78,73,67,20,27,76,102,143,146,147,147,149,147,149,151,149,151,151,153,151,153,153,155,155,158,165,165,168,172,182,191,198,206,210,222,226,235,239,245,252,252,252,255,255,255,255,255,255,255,255,255
235,235,235,239,245,245,245,245,245,245,252,252,252,252,252,252,245,245,245,245,245,252,252,245,252,252,255,245,252,252,252,245,245,245,245,245,245,245,239,239,239,245,239,239,235,235,235,230,226,222,218,215,206,151,143,15,2,3,3,21,32,27,34,49,54,56,49,43,54,58,62,47,49,71,64,72,78,71,75,71,78,73,62,54,43,36,15,11,10,36,31,21,16,21,17,16,14,12,13,10,10,10,21,22,13,8,4,6,6,7,8,13,14,29,21,7,6,7,13,34,32,43,54,60,62,71,60,56,60,72,75,76,86,79,81,86,78,87,85,93,93,91,94,86,78,88,84,80,75,80,51,21,25,31,34,119,144,144,147,149,149,149,149,151,151,151,149,151,151,153,153,155,158,162,162,165,168,168,182,191,202,206,210,218,226,235,239,252,252,252,255,255,255,255,255,255,255,255,255,255
235,235,239,239,239,239,245,245,245,252,252,252,245,252,252,252,245,245,252,252,252,252,245,245,245,252,252,252,252,252,245,245,239,245,245,239,245,239,239,239,239,239,239,235,235,235,235,230,230,222,218,210,202,187,143,56,3,14,2,10,22,31,29,43,49,47,47,47,49,58,56,32,29,56,73,77,81,83,71,71,66,60,56,51,47,39,31,15,8,5,4,4,9,8,6,4,6,6,17,16,10,12,13,14,15,19,19,16,10,9,10,10,13,17,15,17,21,29,38,64,60,67,62,60,60,49,58,58,60,73,64,60,73,62,67,87,87,90,92,93,90,95,94,91,76,85,83,73,78,76,27,13,14,17,84,124,133,141,146,149,149,147,149,151,149,151,151,151,153,153,153,153,155,158,165,165,168,175,187,194,202,206,215,218,230,235,245,245,252,252,255,255,255,255,255,255,255,255,255,255
235,235,235,239,239,239,245,245,252,252,252,252,245,252,245,252,245,245,245,252,252,252,252,252,245,245,252,245,252,245,245,245,245,245,245,239,245,239,239,239,235,235,235,239,235,235,235,230,230,226,218,215,206,206,168,96,3,5,3,6,21,20,38,32,41,34,38,38,45,47,39,39,27,51,78,69,60,58,58,56,56,51,51,49,53,45,41,25,17,13,13,12,10,10,10,7,13,15,15,15,14,13,16,29,20,22,16,29,15,13,19,13,20,15,16,22,39,45,47,49,53,60,62,58,62,51,58,67,66,66,58,53,76,71,64,83,81,87,89,92,92,94,89,89,79,83,80,66,81,73,16,5,10,38,97,133,135,146,147,146,149,151,149,149,153,149,151,153,153,153,153,155,155,155,162,165,172,175,187,194,202,206,215,222,230,235,239,245,255,252,252,255,255,255,255,255,255,255,255,255
235,235,235,235,239,239,245,245,245,252,252,252,245,245,245,245,245,245,252,255,255,252,252,245,252,252,252,252,245,245,245,245,245,239,239,239,245,239,239,235,239,235,235,235,235,235,235,230,230,226,222,215,210,206,187,106,6,3,1,7,17,17,38,45,43,27,38,49,47,58,53,32,27,58,66,58,72,56,43,56,53,47,49,47,47,45,36,32,21,20,14,13,13,11,13,8,10,13,13,27,22,34,21,27,14,21,22,19,13,47,21,25,25,24,29,17,29,29,47,47,45,58,64,64,60,56,66,75,62,67,54,56,66,79,78,71,67,82,91,90,93,87,79,80,83,85,72,60,80,49,9,4,8,49,110,136,145,146,146,146,151,151,149,153,153,153,153,153,155,153,153,155,155,158,165,165,172,175,187,198,206,210,215,222,226,235,239,252,252,255,255,252,255,255,255,255,255,255,255,255
235,235,235,235,239,239,239,239,245,245,252,252,245,245,245,245,245,245,252,245,252,245,245,245,252,245,245,252,245,245,245,245,245,239,239,239,239,239,239,235,235,235,235,235,235,235,230,230,230,226,222,218,215,206,198,133,10,4,2,1,7,21,10,24,39,27,36,36,38,43,49,36,39,39,58,56,54,51,51,58,45,47,43,41,47,36,43,34,17,13,13,11,12,6,16,22,19,7,10,36,38,43,22,58,16,16,27,16,12,24,22,54,27,41,25,21,22,16,24,31,24,47,47,49,58,58,49,66,47,76,56,73,67,60,64,51,73,83,80,91,94,93,91,86,71,75,69,66,76,41,10,2,9,71,127,138,146,146,147,149,151,149,147,153,153,153,151,153,153,153,155,155,158,162,165,168,175,179,187,194,202,210,215,218,226,235,245,245,252,255,252,252,255,255,255,255,255,255,255,255
235,235,230,235,239,239,239,239,239,245,245,245,245,252,245,245,245,245,245,245,245,245,245,245,252,245,245,252,245,245,245,245,245,239,239,239,239,239,235,239,235,235,235,235,235,230,230,230,230,226,226,218,215,210,202,139,66,1,1,1,2,12,11,16,36,25,27,22,22,34,60,64,25,43,43,31,38,43,47,43,34,36,39,38,43,34,49,32,20,9,14,14,12,6,22,16,15,8,19,45,29,45,17,21,43,12,15,14,13,10,29,38,20,34,31,17,38,22,15,15,10,38,54,43,19,32,39,51,39,29,60,72,67,47,62,77,72,75,83,88,93,87,90,87,79,82,80,67,72,8,7,2,10,75,130,146,145,149,149,153,151,151,149,151,151,153,149,153,153,153,155,155,158,162,165,168,172,179,191,194,202,210,210,218,230,235,245,245,252,255,255,255,255,255,255,255,255,255,255,255
235,235,235,235,239,239,239,239,245,245,245,252,252,245,245,245,245,245,245,252,252,252,245,245,245,252,245,245,245,245,245,245,239,239,239,239,239,235,235,235,235,230,230,230,230,230,230,230,230,226,226,218,215,210,202,168,86,7,1,1,2,13,6,10,32,21,15,21,15,24,62,31,21,24,20,32,25,29,22,29,41,20,34,29,17,27,27,29,16,6,12,6,5,10,16,9,8,32,24,36,31,54,12,11,32,10,15,7,25,17,20,10,6,10,51,38,36,34,31,25,13,38,75,66,15,13,16,49,21,13,58,73,71,60,66,66,71,62,54,62,91,89,86,89,77,77,77,66,43,8,7,3,8,91,135,146,146,149,149,153,149,155,149,151,151,151,153,153,153,155,155,155,158,162,165,168,172,182,187,198,202,210,218,226,230,235,239,245,252,255,245,255,255,255,255,255,255,255,255,255
235,235,235,235,239,239,239,239,239,245,245,245,245,252,245,245,245,245,245,245,245,245,245,245,245,239,245,245,239,245,239,245,239,239,239,239,239,235,235,235,235,235,235,230,235,230,230,230,226,230,226,218,215,210,198,175,106,3,1,1,3,13,14,15,25,22,20,16,20,32,22,24,9,21,31,24,19,11,11,19,21,21,25,19,13,20,17,25,13,13,7,7,5,13,6,3,12,19,10,12,20,45,13,24,31,25,20,11,11,27,22,6,10,8,12,16,15,22,34,43,21,25,72,32,29,16,14,27,16,8,17,56,72,58,34,53,47,53,56,67,75,93,85,90,67,80,73,54,21,4,5,2,9,98,135,147,149,149,149,153,149,151,149,151,151,151,153,153,153,153,155,153,155,162,165,168,172,182,187,198,202,210,218,222,230,235,245,245,252,252,252,252,255,255,252,255,255,255,255,255
235,235,239,239,239,239,235,239,245,245,245,245,245,245,245,245,245,245,245,245,245,245,245,245,239,239,239,239,239,245,239,239,239,239,239,239,239,235,235,235,235,235,235,230,235,230,230,230,230,226,222,218,210,206,198,187,127,5,5,6,1,7,19,17,25,22,38,27,34,31,20,15,24,36,12,22,13,8,4,10,14,20,25,12,8,19,27,32,41,7,3,2,3,6,2,8,8,20,1,2,11,14,6,12,17,21,13,2,7,43,21,43,17,7,13,17,66,24,34,38,17,19,56,64,11,7,14,31,15,12,32,21,25,34,25,29,31,24,31,64,62,90,96,92,77,90,58,41,10,2,6,5,81,115,142,146,149,147,149,153,153,151,151,151,149,153,151,153,153,155,155,158,155,165,165,165,172,182,191,198,202,210,218,222,230,235,239,252,252,252,245,252,252,255,255,255,255,255,255,255
230,235,235,235,239,239,239,239,245,245,245,245,245,245,245,239,239,245,245,245,245,245,245,239,239,239,239,239,245,245,239,235,235,235,235,239,235,235,235,235,230,235,235,230,230,230,230,226,222,222,218,218,210,202,198,187,145,72,5,5,1,7,14,15,14,13,34,16,20,19,15,16,11,19,13,20,8,8,6,8,31,32,21,17,13,22,29,14,31,21,2,1,1,3,2,16,10,10,2,5,16,7,5,13,4,14,19,1,12,10,45,8,15,15,6,36,77,7,25,22,17,31,51,51,22,15,41,64,25,8,13,38,20,54,32,36,32,24,39,31,49,81,91,86,72,85,43,20,8,9,8,7,95,141,149,147,149,149,149,151,153,151,151,151,151,151,153,151,155,151,155,153,158,162,165,168,172,179,191,194,202,210,218,222,230,235,239,252,252,252,252,252,245,252,255,255,255,255,255,255
230,235,235,239,239,235,239,239,239,239,239,239,239,239,239,239,239,245,245,245,245,245,245,245,239,239,239,239,239,245,239,235,235,235,235,235,235,235,235,235,230,230,235,226,226,222,226,222,218,218,215,215,206,198,191,179,151,94,5,6,2,4,13,13,9,12,32,27,20,24,21,15,11,15,21,25,9,8,6,14,47,13,17,17,22,24,24,3,29,32,2,6,3,2,7,4,11,8,1,4,31,5,4,13,7,10,3,3,3,8,13,7,6,8,13,29,49,2,7,17,10,22,43,32,20,13,39,72,47,5,16,25,45,9,66,31,45,21,39,36,60,69,64,60,67,78,34,17,3,4,2,13,97,126,147,147,147,151,151,151,153,151,153,153,151,153,151,153,155,155,155,158,158,162,168,165,175,179,191,191,206,210,218,226,230,235,245,245,252,252,255,255,252,252,255,255,255,255,255,255
230,230,235,235,239,239,239,239,239,239,239,239,239,239,239,239,239,245,245,245,245,239,245,245,245,245,245,239,239,239,239,235,235,235,235,235,235,230,230,235,235,235,226,222,222,218,218,218,218,215,215,206,198,194,191,175,165,98,4,8,1,3,8,10,31,27,38,20,22,25,19,11,13,24,6,4,10,5,10,34,21,8,7,11,21,22,5,1,20,8,3,2,3,5,13,3,7,10,5,17,12,10,3,3,5,2,5,3,1,7,12,6,4,8,19,19,34,3,6,7,20,7,22,15,22,9,34,22,29,7,16,31,34,12,69,17,25,21,21,22,66,76,77,47,77,73,56,41,3,7,5,43,98,136,147,147,149,151,151,151,153,151,153,149,153,153,151,155,155,155,153,155,155,162,168,168,175,182,194,194,206,210,218,226,230,235,239,245,252,252,245,252,252,252,255,255,255,255,255,255
230,230,235,226,235,239,239,239,239,239,239,245,235,239,239,239,239,239,239,245,239,239,239,239,239,239,239,239,239,239,239,235,235,235,235,230,230,230,230,230,226,226,222,218,218,218,215,215,215,210,210,202,198,191,182,175,172,138,34,5,2,4,6,12,27,49,29,13,22,21,6,54,64,29,2,62,16,10,10,53,17,10,10,39,13,29,4,1,6,15,3,3,2,4,10,8,13,21,19,24,11,24,3,3,6,3,9,24,9,16,22,20,22,16,51,43,6,3,3,7,12,15,11,31,15,9,31,13,14,13,39,34,64,7,53,19,31,17,15,32,64,79,71,75,60,45,20,45,10,6,39,39,99,141,141,145,151,151,151,147,151,151,153,151,151,151,153,155,155,153,158,158,162,165,165,168,172,187,187,202,206,210,218,226,235,239,245,252,245,252,252,252,252,252,255,252,255,255,255,255
230,230,230,230,235,235,235,239,235,239,235,235,235,235,239,235,235,235,235,235,235,235,235,239,235,235,235,235,235,235,235,235,235,235,230,230,230,230,226,222,222,218,218,218,215,215,210,210,210,206,202,202,191,187,179,172,165,140,89,4,6,3,8,8,13,34,13,4,10,15,10,80,20,9,8,66,22,10,22,10,15,6,5,45,13,32,1,2,10,6,3,5,7,32,13,32,49,69,62,60,53,62,22,19,25,22,54,77,73,64,67,79,72,66,53,39,15,5,4,24,5,19,6,51,34,27,5,34,10,31,82,49,51,76,69,12,13,16,16,25,47,45,56,60,66,29,19,10,8,32,32,81,123,138,149,147,151,149,149,151,151,151,151,151,151,153,151,153,155,155,155,158,165,165,165,172,179,182,191,202,206,210,222,226,235,235,245,252,252,252,245,252,252,252,252,252,255,255,255,252
230,230,235,230,235,235,230,239,235,239,235,235,235,235,235,235,235,235,235,235,235,235,235,235,235,235,235,230,235,230,230,230,230,230,226,226,226,222,218,218,218,215,215,210,210,210,210,215,206,202,198,187,187,179,172,165,153,138,98,13,3,1,3,2,5,24,13,6,8,13,7,69,29,14,13,47,10,8,17,45,11,3,10,3,45,11,2,3,6,6,8,8,39,39,66,82,85,87,92,90,88,91,73,71,82,87,93,92,93,93,92,92,93,91,90,85,66,31,31,25,14,19,4,56,73,39,12,11,11,16,80,43,36,32,38,25,29,15,16,27,47,29,20,60,36,15,9,8,3,49,53,100,138,149,147,151,151,151,151,153,151,153,151,151,151,153,151,155,155,155,162,162,165,165,168,172,182,187,191,198,202,215,218,226,235,235,245,245,252,252,252,252,252,252,252,255,255,255,255,255
226,230,230,230,235,235,235,235,235,235,235,239,239,235,239,235,235,230,235,235,226,230,230,235,235,235,235,230,230,226,226,226,222,222,222,222,218,218,215,215,210,206,210,206,210,202,198,194,187,187,182,179,172,168,162,155,149,149,123,71,3,1,8,6,2,10,13,10,8,14,29,16,29,19,22,14,4,16,45,17,7,16,4,6,19,15,6,11,5,14,31,47,72,77,83,80,82,81,86,90,96,98,97,97,98,101,96,94,88,87,81,79,79,83,88,90,89,92,90,86,73,29,25,66,47,11,19,19,22,31,87,27,22,31,45,69,36,45,19,17,58,64,19,49,27,3,5,14,7,47,41,101,149,149,149,149,151,151,151,151,153,153,151,153,151,153,151,155,155,158,165,162,162,162,168,175,179,187,191,198,206,215,218,222,230,235,239,245,245,252,252,252,252,252,252,255,255,255,255,255
226,230,230,235,235,230,235,235,230,235,235,239,235,235,235,235,235,230,235,230,226,235,230,230,230,230,226,226,226,222,222,222,222,218,218,218,215,215,210,210,210,202,202,198,198,191,191,179,179,175,172,168,162,158,153,151,147,143,130,85,4,6,10,4,2,6,13,17,10,12,17,8,13,64,47,10,12,13,54,16,31,8,3,13,17,6,12,16,25,54,79,79,75,64,67,64,56,60,56,62,72,83,93,98,97,93,89,83,83,84,84,86,84,86,88,86,83,87,92,96,94,88,77,67,29,19,5,10,15,14,53,47,51,49,53,20,39,20,32,22,76,43,32,79,36,7,3,5,13,64,53,100,149,149,149,147,151,153,153,153,153,153,151,155,153,155,153,153,155,158,162,165,162,165,172,175,175,187,194,202,210,215,218,226,230,239,239,239,245,252,252,252,252,252,255,252,252,255,255,255
226,230,230,230,230,230,226,230,226,230,230,230,235,230,230,235,230,230,230,230,226,226,226,226,226,222,222,222,218,218,218,218,215,215,215,210,210,202,202,202,198,194,194,191,187,179,175,172,168,168,162,155,153,149,145,145,145,140,137,97,12,15,7,2,3,3,10,13,16,10,7,27,8,36,17,8,27,25,56,29,6,3,3,10,9,10,32,51,72,81,76,72,71,67,72,72,67,60,64,66,62,76,80,91,92,91,90,87,87,87,88,90,90,90,88,88,87,87,87,88,94,97,94,85,71,21,17,13,3,43,34,66,6,80,73,31,24,36,16,39,75,54,14,54,67,7,6,7,24,36,97,143,145,146,146,149,149,151,151,151,153,153,153,151,153,155,153,153,158,158,165,168,172,172,172,179,182,191,194,210,210,215,218,230,235,239,245,245,245,252,252,252,245,252,252,255,252,255,255,255
222,222,222,222,226,226,226,226,226,226,226,226,222,226,226,226,226,226,226,226,222,226,222,222,222,218,218,218,215,215,210,215,215,210,210,206,202,198,194,191,191,182,175,172,172,168,165,162,158,155,151,149,146,144,143,142,141,139,138,99,12,10,5,3,3,2,7,6,12,29,25,3,9,43,4,10,13,15,36,53,5,1,2,9,11,31,67,78,79,75,66,67,66,72,77,75,73,64,62,62,47,66,78,84,88,89,88,83,83,82,84,89,89,87,86,87,86,92,90,86,80,87,94,93,88,43,14,21,2,10,29,62,27,45,43,19,22,6,15,17,77,69,43,73,67,13,10,12,8,53,122,142,143,144,145,146,147,149,149,151,153,151,153,153,155,155,153,158,155,155,165,165,168,172,172,172,182,191,194,206,210,215,222,230,230,239,239,239,245,252,252,252,252,252,255,252,252,255,252,255
222,222,222,222,222,222,222,226,222,222,222,222,222,222,222,226,222,222,222,222,222,218,218,218,218,215,218,215,210,210,210,210,206,206,202,198,194,187,182,182,172,168,165,162,158,155,151,151,151,147,146,144,142,141,140,139,139,133,136,99,41,19,8,10,4,2,3,6,7,25,14,3,11,75,7,6,10,6,39,15,3,2,5,22,14,41,75,75,62,60,64,62,69,72,76,73,73,66,56,54,38,49,66,76,83,85,82,78,77,75,72,76,78,77,84,84,84,87,87,89,87,78,86,89,91,54,54,8,3,13,9,21,25,38,45,21,7,6,17,24,49,39,39,91,13,3,31,17,4,60,121,141,142,142,143,145,146,146,147,149,151,151,151,151,153,153,155,155,158,158,165,165,168,175,175,179,179,191,194,206,210,222,226,226,235,239,245,239,245,252,252,252,252,252,255,252,252,255,252,255
218,218,218,218,222,218,218,218,218,222,222,222,222,222,218,215,215,215,218,218,215,215,215,210,215,215,210,210,210,206,198,198,191,194,191,187,175,168,172,168,158,155,151,151,149,145,145,145,145,144,141,140,139,138,136,136,135,131,131,128,80,31,20,6,5,2,7,9,13,9,6,10,13,41,29,12,6,7,25,4,3,5,19,39,24,72,73,69,66,53,53,58,58,69,69,71,66,62,51,41,36,39,54,64,73,73,76,64,54,47,49,43,54,64,66,73,73,75,78,82,88,81,76,79,81,53,66,8,6,7,6,5,22,45,20,16,13,10,3,25,16,14,20,41,10,6,21,10,3,43,98,140,141,141,143,144,145,145,146,146,149,147,151,151,151,158,153,155,155,158,162,165,168,168,172,179,179,194,198,206,218,218,222,230,235,239,245,245,252,252,252,255,252,252,252,252,252,255,255,255
215,215,215,215,218,218,215,218,218,215,215,218,218,218,218,215,215,215,215,215,215,210,210,206,202,202,206,202,198,191,187,179,182,175,168,172,165,165,162,153,149,146,146,145,144,144,143,141,141,138,137,136,136,135,133,134,131,129,127,123,95,58,9,5,2,2,5,9,6,8,24,14,32,58,10,12,14,3,2,8,6,16,39,49,49,72,62,53,51,47,41,41,56,51,51,47,49,41,34,29,24,31,39,41,45,49,49,43,34,34,34,24,29,34,34,38,49,51,54,64,71,66,60,58,58,45,38,17,10,8,5,2,29,27,75,5,9,58,9,25,7,27,25,11,8,6,22,6,53,97,123,129,133,135,141,142,144,144,145,145,147,147,149,149,153,153,155,153,155,155,162,165,168,172,179,179,182,194,202,210,218,218,226,230,235,239,239,245,245,252,252,252,252,252,252,252,255,255,255,252
215,210,215,215,215,215,215,215,215,210,210,210,210,215,210,210,210,206,202,210,206,206,206,198,194,198,191,194,187,179,182,175,168,168,158,155,151,151,147,145,144,143,143,141,140,141,140,139,137,136,135,134,131,129,129,129,128,125,123,120,98,49,3,3,8,4,5,7,4,1,76,15,22,49,36,13,5,2,7,4,10,34,36,49,62,64,54,43,43,45,34,32,47,31,27,25,22,22,17,11,13,19,24,22,22,32,34,27,31,25,22,22,20,19,15,22,31,34,39,43,34,32,27,16,12,9,10,10,16,13,10,3,38,73,11,17,24,13,16,11,8,6,15,56,20,5,12,5,93,107,129,135,137,139,139,141,142,144,144,145,145,147,146,147,147,151,151,153,155,155,165,165,165,175,179,179,191,198,202,206,215,222,226,230,235,239,239,245,245,245,245,252,255,252,252,252,255,252,255,255
210,210,206,210,210,210,210,210,206,206,206,206,206,206,202,202,198,198,194,198,198,194,194,191,182,179,172,175,172,168,162,153,153,149,151,147,149,144,143,141,139,140,137,136,136,135,133,132,128,128,128,126,126,126,124,120,119,119,122,118,99,17,7,2,6,1,4,5,6,2,49,17,53,17,17,17,4,2,6,9,19,24,24,31,36,29,22,21,24,32,36,22,22,13,15,24,20,36,16,8,19,47,56,27,32,31,17,15,21,47,21,29,21,32,27,34,38,34,32,15,13,13,3,1,2,2,6,10,5,13,13,8,5,8,12,8,13,13,21,31,39,21,11,24,45,11,5,34,93,124,116,126,133,135,137,138,141,141,142,141,143,144,144,146,146,147,151,153,153,155,162,168,168,175,179,182,191,198,206,206,218,222,226,230,239,239,239,239,245,245,245,252,252,255,255,255,255,255,255,252
206,206,202,206,206,202,202,202,202,202,202,202,202,202,198,198,194,194,191,191,187,182,179,175,168,165,165,162,158,153,149,147,146,146,144,142,141,140,138,137,135,135,133,131,130,129,129,128,126,127,123,119,113,102,99,97,96,100,114,98,49,13,9,8,1,2,3,11,4,6,69,47,16,15,13,7,7,3,9,21,22,13,8,6,7,5,5,6,7,9,11,5,10,4,10,24,17,32,39,13,25,45,49,29,16,20,21,24,25,32,25,25,38,41,43,60,54,38,47,31,19,3,3,8,16,16,14,10,3,8,11,10,3,8,13,2,2,2,4,21,7,13,10,27,25,13,16,79,98,113,128,125,131,133,133,135,136,138,139,140,141,141,143,143,145,146,147,149,153,155,162,162,168,179,175,182,194,198,206,215,215,222,222,230,235,239,239,245,239,245,252,252,245,252,252,252,255,255,255,255
198,198,198,198,198,194,194,194,194,198,194,194,191,191,191,187,187,182,179,179,175,172,168,162,158,153,155,153,147,145,144,142,141,141,139,139,137,135,132,134,132,131,131,126,125,122,117,116,112,107,107,102,98,93,99,111,118,116,98,29,51,51,31,7,1,9,20,22,8,25,11,64,25,4,11,8,5,3,8,12,9,6,4,3,2,1,2,6,13,6,9,10,9,10,39,38,31,15,14,15,22,27,34,31,29,34,27,39,43,36,51,47,53,49,62,69,75,56,60,32,9,11,19,47,64,62,56,45,13,12,11,10,3,2,9,6,3,3,14,29,10,11,21,43,17,16,53,91,115,123,124,125,128,130,130,134,134,135,135,138,137,139,141,142,142,143,147,147,149,151,158,162,168,175,175,182,198,206,210,210,218,226,226,230,239,239,239,239,245,245,245,252,245,252,252,252,252,252,252,255
194,194,194,191,191,194,194,191,191,182,182,182,182,179,179,179,175,172,168,165,162,158,153,151,149,147,146,144,143,141,140,138,137,136,135,134,134,131,130,132,129,124,119,114,106,102,101,101,104,114,104,97,95,111,115,117,118,109,49,12,72,81,66,0,5,6,11,19,13,24,5,6,34,5,10,13,2,3,3,5,5,7,10,10,7,4,3,3,5,8,19,17,16,34,71,36,36,24,38,41,43,51,60,53,41,53,56,45,54,54,56,77,62,71,76,66,72,66,41,45,43,45,76,86,83,81,66,49,22,7,8,10,6,4,3,3,7,20,31,17,9,6,13,9,5,12,64,95,117,123,123,124,126,127,127,129,131,132,133,135,135,137,139,139,141,141,143,145,147,151,153,162,168,172,179,182,202,206,215,215,218,226,230,230,239,239,239,239,245,252,245,245,252,252,252,245,252,252,252,255
187,187,187,182,182,182,179,179,182,179,179,175,172,168,162,158,165,162,158,153,153,151,146,144,143,142,142,139,138,136,136,135,133,132,130,130,127,125,123,118,113,112,114,114,105,101,100,102,111,109,100,94,104,115,115,117,119,99,8,22,53,32,45,1,11,1,8,14,7,49,6,1,19,5,11,10,3,9,5,6,6,12,14,21,20,19,15,10,12,10,21,21,24,45,64,58,60,62,47,62,67,76,76,49,53,72,73,71,78,72,71,81,73,80,81,75,73,60,56,62,76,88,92,90,83,60,49,41,32,12,4,5,3,2,2,1,3,6,11,25,22,24,51,8,3,17,87,116,126,118,120,121,123,124,125,127,128,129,131,133,133,135,135,136,139,139,141,141,144,146,149,155,165,172,175,187,198,206,215,215,222,222,235,230,235,239,239,239,245,255,252,252,252,252,245,252,252,252,252,252
179,179,175,172,175,175,172,168,168,165,172,168,165,162,158,158,155,149,146,145,145,144,142,141,141,140,138,135,134,132,130,129,128,128,125,117,113,109,107,106,105,106,111,114,106,102,101,103,109,104,99,96,116,119,119,120,121,97,5,10,10,56,45,2,3,9,25,8,3,19,1,2,10,6,5,1,3,9,5,6,11,14,27,27,27,38,41,36,29,19,25,24,25,41,54,51,64,64,67,75,78,80,77,47,53,67,84,80,86,83,78,83,78,80,80,79,72,58,71,85,95,95,90,83,78,58,51,53,38,15,5,2,3,1,1,1,4,5,7,45,19,4,2,29,21,39,97,117,113,114,118,117,119,122,123,124,125,126,127,128,129,131,132,134,136,136,139,139,141,142,145,149,153,165,172,179,191,202,206,206,215,218,218,226,235,235,239,239,235,245,245,245,252,252,252,252,245,252,252,255
172,172,168,165,165,162,162,162,162,158,158,158,155,151,151,149,147,145,145,144,142,141,141,138,135,134,132,130,128,125,125,122,115,110,106,104,104,104,105,104,104,104,105,109,104,102,103,105,107,103,97,98,117,119,119,120,121,95,5,7,9,34,43,13,4,31,10,11,39,12,3,5,6,31,5,5,8,6,4,4,10,10,19,32,39,49,54,51,45,34,29,34,36,54,47,62,71,64,72,80,82,80,83,69,71,78,90,89,90,89,87,89,85,86,72,81,80,83,93,97,95,91,85,80,76,69,47,43,17,10,13,7,10,2,1,1,6,2,7,13,10,2,2,8,17,87,97,113,111,113,116,114,119,117,120,122,122,124,124,125,125,128,129,130,132,134,135,136,137,140,141,144,144,147,162,168,187,198,194,202,210,215,215,222,226,230,230,235,235,245,239,245,245,252,252,245,252,252,252,252
162,158,158,162,158,155,151,151,153,151,153,151,147,146,146,144,142,141,140,139,139,137,135,131,131,128,125,123,119,116,111,110,109,109,105,102,102,102,104,104,103,104,104,104,102,103,105,107,107,103,96,100,120,120,120,122,123,95,6,7,11,21,64,29,64,6,13,24,25,7,5,5,22,21,8,2,2,4,6,8,6,8,14,27,39,43,53,51,49,56,51,53,53,60,58,67,72,69,85,81,83,85,85,79,77,87,89,91,91,91,90,91,90,89,87,87,89,96,96,92,87,81,82,79,77,66,60,43,32,24,7,21,27,6,1,1,2,6,6,6,3,10,6,19,31,87,102,133,121,109,109,119,122,116,116,115,119,120,122,122,125,124,125,129,130,130,134,133,135,135,139,140,141,143,149,155,168,175,182,198,202,206,210,222,222,226,230,230,235,235,239,239,239,245,252,252,245,245,245,245
155,153,153,153,155,153,149,149,147,147,146,146,144,143,141,140,140,138,138,137,134,132,131,128,125,121,111,109,107,105,105,106,106,112,104,101,101,102,103,104,104,104,104,104,102,103,105,107,107,103,96,102,123,121,121,123,124,100,6,7,7,25,36,62,64,45,32,10,32,8,11,21,13,4,11,11,3,10,9,20,10,8,16,29,45,38,49,49,47,66,60,67,66,66,64,73,71,77,86,83,84,91,92,85,89,92,93,95,93,90,91,92,91,90,91,94,95,91,87,72,69,71,75,79,76,76,73,73,43,36,19,13,17,7,3,2,3,22,3,8,14,6,45,77,82,97,101,126,144,132,125,125,127,134,124,119,113,115,117,118,122,122,123,123,127,129,129,132,133,134,136,136,141,141,144,147,155,162,172,179,191,202,215,215,222,226,226,230,230,235,235,239,245,239,245,245,252,245,245,245
149,149,147,147,147,146,145,146,146,149,145,143,142,141,140,138,136,136,135,132,130,125,120,115,107,107,107,106,105,104,104,104,107,114,105,100,100,102,104,107,106,105,104,103,102,103,105,106,110,104,97,102,124,123,123,123,124,111,11,6,6,27,15,71,64,38,27,34,64,8,14,17,13,3,29,2,10,5,9,5,6,6,17,25,38,41,38,36,39,66,64,67,66,67,67,73,75,81,87,89,87,92,96,90,94,91,89,93,92,90,91,91,91,93,92,89,79,76,69,66,58,60,69,69,75,69,69,81,58,64,31,13,7,8,2,4,47,31,10,36,27,19,56,69,69,89,101,112,139,139,129,126,129,130,135,132,122,117,116,116,119,117,120,122,125,124,127,129,128,130,134,135,136,139,141,145,146,146,151,162,172,187,198,210,222,218,222,226,226,230,235,235,235,235,239,235,245,239,245,239
146,146,144,144,143,143,143,142,141,141,140,140,138,137,135,136,133,132,127,121,113,104,105,102,105,107,109,109,104,104,104,104,109,115,105,99,99,102,105,110,109,107,104,102,102,102,105,107,112,106,98,98,125,124,123,125,125,119,47,6,5,25,19,21,97,53,32,60,58,21,41,21,60,21,24,13,13,8,10,7,3,8,15,21,29,36,36,34,36,43,56,62,72,66,64,67,72,77,82,87,84,87,89,87,89,86,82,82,83,81,84,84,81,80,69,56,39,51,43,39,56,69,76,79,75,69,64,69,45,71,36,11,11,10,6,6,10,29,15,20,9,71,41,51,98,117,105,98,125,141,132,132,128,129,131,135,132,121,114,118,123,117,118,116,120,123,123,125,125,127,130,133,134,135,138,141,143,144,146,146,153,165,179,191,202,210,218,218,222,226,230,235,235,230,235,235,239,239,239,235
143,143,142,141,141,141,140,140,139,138,137,137,136,135,135,132,127,121,105,100,99,99,101,102,105,107,111,112,104,103,104,105,111,119,109,99,99,102,105,109,109,106,104,102,102,102,104,111,114,107,100,98,126,127,125,126,125,123,92,5,5,24,19,36,81,51,10,77,91,24,77,72,17,12,15,54,54,41,20,1,1,6,12,17,27,32,34,31,36,29,39,38,43,54,58,67,69,67,71,77,77,73,69,71,72,69,69,71,75,73,71,66,56,51,43,32,56,27,32,53,62,58,64,67,58,58,51,49,49,69,41,6,12,32,32,7,3,20,5,24,54,62,45,85,107,131,120,96,121,136,139,138,123,123,128,130,131,129,128,126,126,130,129,123,120,120,120,122,123,124,128,130,131,135,135,138,140,141,144,145,147,155,165,175,187,194,194,206,218,218,222,226,230,230,235,235,230,235,235,239
142,141,141,139,139,138,137,137,136,135,135,135,133,128,120,115,115,115,100,97,97,98,101,104,105,106,110,112,106,103,104,107,113,121,110,99,99,102,106,109,110,107,105,102,102,102,107,116,120,113,102,97,125,129,126,128,127,127,107,8,6,21,21,31,51,88,6,90,73,24,95,83,45,8,22,91,79,62,32,3,6,6,10,17,29,22,34,39,38,34,31,24,17,36,32,54,51,56,60,64,62,56,32,38,34,25,21,13,12,24,20,22,34,19,12,25,67,43,47,56,47,47,58,56,51,49,34,47,66,54,64,11,17,32,8,21,25,60,34,54,31,83,94,99,134,129,121,97,118,135,141,137,120,123,126,129,129,130,127,130,133,132,128,132,125,122,119,119,120,123,125,126,128,132,134,136,137,139,141,142,145,146,153,162,165,172,179,191,202,202,215,215,218,222,222,230,226,230,230,226
140,139,138,137,136,136,136,136,134,131,123,114,104,102,102,104,113,115,99,97,97,98,101,104,104,105,107,111,109,105,105,110,116,123,110,101,100,102,107,110,110,109,106,102,101,102,107,116,120,114,107,97,120,131,132,131,130,129,123,71,5,20,21,14,66,87,58,82,83,66,93,93,72,29,87,87,53,29,72,31,8,19,13,14,21,19,24,32,41,43,39,32,22,39,51,38,20,16,10,24,13,7,11,11,6,19,17,16,8,13,14,15,16,17,21,29,32,47,49,47,56,36,64,69,51,62,36,39,75,25,29,22,29,41,27,29,49,88,60,62,77,92,97,110,135,134,123,98,114,135,140,134,123,123,126,128,128,128,128,125,130,133,124,129,135,124,120,119,121,121,121,123,126,127,130,132,135,136,138,140,141,143,147,151,155,158,165,172,182,182,187,198,202,215,218,218,222,222,226,226
137,137,136,135,132,127,124,120,106,101,102,102,102,101,100,102,114,114,99,96,96,97,99,102,103,105,107,112,111,105,106,112,118,124,110,102,101,103,109,110,111,111,106,102,102,103,107,116,123,120,114,99,103,133,134,133,133,129,123,99,4,13,22,19,32,71,89,90,87,75,79,87,71,38,93,71,47,82,39,2,2,5,7,11,19,17,24,25,25,47,56,49,36,41,39,36,25,21,14,38,17,16,19,20,24,27,25,22,20,29,16,19,47,39,49,41,54,49,49,36,39,31,45,54,29,71,51,89,86,54,13,66,67,20,25,95,72,72,90,49,95,95,102,138,135,136,130,101,110,134,141,127,123,124,127,127,127,126,132,126,133,133,128,119,126,140,134,126,123,127,123,123,123,127,128,129,132,134,137,139,138,142,144,149,151,151,155,158,165,168,179,187,191,194,202,210,210,215,215,222
130,125,121,116,111,109,107,101,99,100,100,99,99,98,99,101,115,110,98,95,96,97,99,102,104,104,107,110,110,107,107,112,119,125,113,102,102,105,110,111,112,112,107,102,102,104,109,116,124,123,120,105,98,133,136,135,134,130,130,122,39,10,25,20,15,22,84,97,96,96,93,97,90,76,64,49,90,47,6,1,2,7,5,9,25,31,32,29,29,49,56,49,38,32,36,32,47,45,38,32,38,32,32,29,34,32,45,49,25,43,29,27,27,27,34,36,53,51,54,32,41,39,66,75,39,39,45,51,47,56,25,90,93,93,76,96,85,77,95,99,97,104,128,136,139,138,133,104,110,132,138,132,122,125,127,127,125,126,126,133,135,132,136,122,116,133,141,138,138,134,134,134,128,124,123,126,128,129,130,135,134,139,141,146,145,146,151,153,158,165,168,172,175,175,179,194,194,198,202,210
112,107,105,103,102,101,101,99,98,99,99,99,98,98,98,100,118,106,97,95,96,97,98,100,102,104,105,110,111,109,107,112,118,125,117,104,104,105,112,114,114,114,106,102,102,104,107,114,123,124,125,116,98,121,137,137,135,132,132,131,97,8,17,24,20,17,17,29,92,97,93,96,97,90,81,89,92,32,19,62,66,39,10,13,24,36,21,24,32,45,45,41,31,38,41,49,54,51,53,49,39,60,51,54,53,47,43,58,51,49,41,38,32,32,34,39,43,49,51,45,47,49,54,53,32,15,54,69,81,62,71,62,94,97,92,94,98,99,98,100,91,103,137,139,141,141,135,103,111,134,133,131,124,125,126,127,125,125,129,131,135,134,138,125,116,120,146,138,135,139,139,136,139,135,124,123,126,127,127,129,129,134,137,142,142,144,147,146,153,158,158,162,168,165,175,179,182,182,191,187
105,104,102,102,100,100,100,99,99,99,99,98,98,98,99,101,118,105,97,95,95,97,98,99,102,102,104,107,111,111,111,113,117,126,119,105,105,107,115,116,116,116,106,100,101,104,107,114,120,123,128,120,102,102,137,139,136,134,132,132,126,62,13,24,24,19,21,29,34,90,98,95,97,92,32,84,83,58,91,69,9,12,31,82,19,10,10,16,27,27,47,36,29,38,43,49,51,51,49,49,49,58,60,64,64,51,60,54,47,53,49,45,49,53,54,51,39,51,51,53,51,51,41,64,13,8,19,41,58,88,14,49,89,90,82,83,88,99,112,117,95,109,136,145,144,143,135,101,111,136,136,128,129,129,124,124,126,127,133,127,136,136,139,131,115,118,135,145,130,136,141,140,139,142,136,126,124,122,124,126,126,130,135,135,138,141,144,145,145,151,151,155,162,158,172,172,172,172,179,187
104,102,102,101,100,100,100,99,99,99,99,98,98,98,99,101,119,105,97,95,95,96,98,99,101,102,103,106,111,112,113,114,118,123,123,107,106,110,115,119,120,118,107,100,101,105,107,113,118,123,130,125,110,98,130,138,139,137,134,133,134,104,13,14,25,19,17,22,31,29,80,103,82,75,73,88,95,92,89,25,6,39,22,80,56,8,8,13,19,32,39,24,27,38,51,47,47,45,34,45,49,54,66,56,69,67,64,58,56,53,47,53,56,60,71,43,41,54,69,66,47,41,32,24,64,20,47,15,38,72,32,25,92,97,93,60,93,105,93,82,45,115,139,144,155,151,134,99,112,138,140,124,127,130,127,124,126,127,132,128,135,139,140,140,120,119,125,153,129,130,141,141,138,140,140,135,124,122,126,123,127,128,128,132,133,137,137,140,143,145,145,149,153,155,158,165,165,165,165,172
102,102,101,101,100,100,100,99,99,99,99,98,99,98,98,102,121,104,97,95,95,96,98,99,101,102,104,105,111,112,113,114,118,123,125,110,109,111,116,118,123,121,109,100,100,105,109,114,117,122,133,129,116,100,106,138,140,140,135,135,135,133,87,13,24,20,20,15,7,10,27,99,97,82,75,66,97,97,60,6,11,64,89,75,43,8,8,10,49,32,24,24,31,41,51,43,51,47,56,45,51,53,64,71,64,56,76,78,73,75,56,56,58,60,58,49,56,53,81,72,36,25,16,36,14,66,83,36,51,56,89,89,97,98,88,78,95,98,93,71,51,123,141,145,162,155,133,99,116,137,142,129,126,127,126,123,126,129,130,132,135,138,141,142,125,116,119,146,134,130,143,143,136,138,138,138,136,122,117,114,118,123,129,130,130,130,133,135,137,139,141,145,145,146,151,158,153,155,162,165
102,102,101,101,101,100,100,99,99,99,99,99,99,98,99,102,122,104,97,95,95,97,98,99,100,101,103,106,111,113,114,114,117,122,130,113,110,111,115,118,124,123,110,100,99,104,110,114,116,118,131,133,120,111,98,135,141,141,139,137,137,137,124,34,13,21,20,15,13,43,64,95,99,98,96,91,99,82,84,39,66,81,85,49,41,24,39,34,25,11,19,19,29,43,51,47,36,34,49,45,47,45,43,56,64,60,62,79,67,77,64,71,71,60,58,54,58,54,53,72,49,17,38,31,51,51,96,81,78,83,98,99,100,98,66,93,92,96,71,19,92,130,139,151,168,153,128,99,125,140,147,129,127,126,124,125,127,129,130,133,135,140,140,142,135,116,116,132,146,128,143,142,135,135,139,137,137,140,129,120,113,113,119,126,134,135,133,131,133,135,137,139,140,142,146,149,149,149,153,155
102,102,102,101,100,100,100,99,99,99,99,99,99,99,99,104,123,102,96,95,95,97,98,99,99,101,103,106,112,113,115,115,117,123,130,117,110,112,115,118,125,125,110,100,100,104,110,114,117,119,131,135,123,113,100,116,142,143,141,138,136,137,137,99,10,15,19,21,22,19,51,62,93,93,96,93,97,56,69,67,66,69,93,81,41,39,31,56,13,24,15,27,31,45,29,41,27,38,49,32,43,56,43,51,56,51,66,64,54,67,64,71,78,81,82,82,72,62,73,60,53,47,58,75,94,54,96,96,93,99,99,109,98,105,93,95,93,78,45,17,105,136,139,158,172,162,121,99,134,147,140,139,127,124,125,127,127,132,133,135,135,141,138,142,141,119,114,118,151,134,142,142,138,136,141,138,135,136,139,134,126,115,107,104,111,126,138,135,131,133,134,134,135,138,140,144,144,146,149,153
102,102,102,101,101,100,100,99,99,99,99,99,99,99,100,104,123,101,96,95,95,97,98,98,99,101,103,107,111,114,115,117,119,123,129,122,113,113,115,118,123,125,113,101,99,103,110,114,118,119,128,135,124,113,102,99,135,143,144,141,136,135,140,136,93,10,16,17,20,15,47,27,32,92,97,97,96,84,34,67,83,79,82,27,66,27,66,66,16,7,21,19,12,24,27,54,24,38,22,34,21,45,56,54,47,27,31,38,53,27,41,71,73,77,67,72,53,31,31,67,67,58,27,87,90,72,97,94,97,97,99,99,97,112,84,47,88,67,24,56,128,135,144,179,182,145,104,106,146,175,136,143,130,123,124,126,129,133,134,135,138,140,140,142,143,128,114,113,134,141,141,143,139,137,138,137,130,134,136,135,130,122,114,103,102,103,112,129,134,130,132,133,133,132,135,140,139,141,141,144
103,103,102,102,101,101,100,99,99,99,99,99,99,99,101,110,123,101,96,94,95,97,98,99,100,101,103,106,111,114,116,117,120,123,130,127,117,112,115,117,125,127,115,102,99,101,109,115,121,120,125,134,127,116,103,102,105,141,143,143,141,139,138,141,129,73,13,13,12,43,39,45,58,21,95,96,98,95,90,89,88,54,91,21,77,67,56,32,8,31,19,36,13,24,25,34,36,41,20,31,29,31,53,53,45,41,29,27,27,16,21,38,60,62,51,67,47,22,56,64,56,80,22,49,97,64,89,97,93,49,97,111,105,107,64,51,60,41,19,97,135,136,153,198,182,133,98,122,168,191,135,138,136,123,124,124,133,134,135,135,138,140,140,141,145,136,118,111,120,142,141,142,136,136,138,137,126,129,139,135,130,123,116,110,104,102,104,113,123,131,134,132,131,131,131,134,135,136,137,141
104,104,103,102,101,100,100,100,100,100,100,100,99,100,102,118,120,100,96,94,95,97,98,99,100,102,104,105,110,113,117,118,120,123,130,133,123,114,115,117,124,126,117,101,99,100,106,115,121,120,123,133,133,118,104,105,101,128,142,144,145,141,139,139,138,122,45,12,13,10,15,24,39,34,86,67,91,93,99,93,85,67,84,72,67,67,32,43,21,45,11,25,21,32,20,19,22,31,36,27,45,47,72,49,31,27,38,14,13,22,15,19,36,39,19,27,16,17,29,73,64,90,36,72,85,95,67,91,93,93,99,104,99,97,76,56,58,22,38,121,137,143,175,194,175,118,99,124,206,175,131,127,141,125,124,125,132,135,135,136,138,140,141,142,145,141,122,111,111,140,143,141,136,135,139,137,123,121,134,132,124,120,113,114,113,103,102,106,117,121,125,131,129,124,123,123,122,124,127,130
105,105,105,102,101,100,101,101,101,100,100,100,100,100,102,123,114,99,95,94,96,97,98,99,101,102,104,106,110,113,115,118,119,121,129,134,131,122,118,118,126,127,116,101,98,99,105,114,120,122,123,131,135,121,106,107,104,104,141,145,147,144,141,140,138,137,118,38,14,13,10,14,25,27,8,25,56,76,89,80,83,66,58,9,14,83,38,51,39,15,20,15,19,24,9,6,6,36,53,29,47,64,25,27,36,41,32,16,21,21,11,6,29,41,25,10,13,12,43,25,87,60,60,73,95,89,83,97,92,95,101,99,95,73,47,56,24,13,96,134,139,151,179,202,142,101,109,133,226,162,127,128,137,126,124,126,130,135,136,136,138,141,141,142,146,145,123,109,106,130,146,140,136,133,137,133,123,118,129,132,123,117,111,104,109,106,106,109,115,115,115,120,127,132,123,113,104,106,106,107
106,105,106,104,102,100,102,102,102,100,100,100,100,102,105,127,112,98,96,94,96,97,99,100,101,102,106,105,110,112,116,118,120,121,127,132,135,125,120,121,127,128,118,102,98,99,104,113,122,123,128,132,135,123,109,110,110,109,115,143,145,145,143,141,139,140,137,115,45,16,13,9,8,13,20,62,14,62,64,56,93,67,77,21,49,93,10,31,58,21,27,19,11,38,8,8,12,56,39,56,29,66,14,27,20,21,14,24,17,22,9,12,11,17,20,15,10,25,62,22,66,56,80,78,83,93,88,93,96,96,99,92,87,47,43,32,13,47,122,139,141,155,182,194,124,99,114,142,226,146,130,127,132,127,126,130,132,135,136,135,139,141,141,144,146,144,125,111,105,121,149,141,135,131,131,129,123,121,126,129,123,113,109,106,104,104,104,107,114,113,112,111,116,129,129,129,120,109,102,102
107,107,109,104,102,101,102,104,103,100,100,101,101,102,114,130,107,98,95,95,96,98,99,100,101,102,106,106,111,110,115,118,120,121,126,131,135,132,125,123,126,128,121,104,99,98,103,115,121,123,129,133,135,123,111,107,107,114,105,131,144,147,147,143,142,140,139,138,115,41,13,13,9,11,36,34,3,25,31,38,95,64,79,21,58,87,81,51,58,38,66,32,32,32,10,24,17,41,22,32,38,32,24,21,13,15,15,27,64,15,13,15,43,8,12,34,21,25,78,49,32,60,66,75,60,77,82,95,98,96,112,89,71,43,39,13,11,101,139,141,145,172,194,158,104,102,111,151,226,142,132,128,127,127,133,135,131,133,135,135,140,141,141,143,145,147,129,112,106,110,144,141,139,129,128,128,125,122,123,124,123,112,109,107,105,103,104,103,111,113,113,112,111,117,122,123,124,119,115,109
109,109,110,104,102,101,102,104,102,101,100,101,102,104,119,129,105,97,95,95,96,98,99,100,101,103,105,110,110,112,116,120,120,122,126,131,135,135,129,126,127,127,121,106,99,98,102,111,119,123,129,133,135,123,113,106,109,114,116,109,137,144,147,145,144,141,140,141,139,112,45,13,13,15,38,6,16,56,72,62,86,91,71,78,77,89,82,32,84,73,41,27,10,7,15,60,17,41,29,51,21,24,38,38,11,22,13,9,88,31,20,75,53,6,31,49,71,27,73,47,75,86,34,71,96,75,72,96,106,98,97,54,41,41,11,7,91,129,142,144,155,187,187,135,100,109,120,151,226,141,133,130,125,126,133,135,128,132,134,135,139,142,143,146,146,143,131,113,107,104,136,146,140,131,125,129,126,123,121,123,120,115,109,109,104,104,104,104,107,110,111,107,109,114,118,119,122,120,117,115
110,109,109,104,102,101,102,103,102,102,102,102,102,109,122,126,102,97,95,95,96,98,99,100,101,104,106,110,111,112,116,120,121,123,124,127,132,135,132,129,129,128,123,109,100,98,100,111,118,123,129,135,135,126,113,105,110,112,117,116,114,144,146,147,147,145,143,142,140,137,117,66,14,15,45,31,21,34,60,80,75,64,86,96,91,64,66,75,77,38,51,56,17,12,10,54,8,56,21,19,8,54,34,34,45,31,14,8,89,20,13,60,60,29,64,41,56,29,41,67,90,51,58,47,81,89,75,101,98,98,71,36,36,12,6,67,125,140,141,149,175,191,155,112,102,110,124,155,215,142,135,130,123,126,132,134,129,130,133,135,139,145,146,147,146,146,130,117,110,104,121,144,139,130,126,129,125,123,120,121,117,116,111,107,104,103,104,104,106,109,107,107,107,110,113,116,118,119,116,115
110,110,110,105,101,101,102,103,104,104,103,103,103,111,129,123,101,96,95,95,96,98,100,101,102,104,107,109,110,111,114,119,121,122,123,125,131,135,136,134,133,129,122,110,101,99,99,109,117,122,132,135,134,126,116,105,109,111,116,122,111,126,145,147,151,149,145,146,145,139,136,124,83,13,15,15,15,17,53,62,62,22,60,71,85,69,86,83,66,76,62,82,13,34,32,38,5,47,31,6,21,58,53,10,27,16,6,20,60,24,10,54,21,36,49,49,53,64,45,67,95,73,88,78,90,88,93,98,95,96,60,36,13,8,38,116,137,140,149,179,182,182,132,101,113,114,126,165,206,145,135,128,122,124,133,134,133,129,129,135,139,146,147,149,149,146,131,119,107,105,107,142,142,132,127,127,124,123,119,117,115,115,112,110,105,103,105,104,105,111,107,106,106,107,107,112,115,116,118,113
111,110,110,105,102,101,102,103,104,104,104,104,109,117,131,119,100,97,95,95,96,98,101,101,102,104,106,107,110,112,114,117,120,121,123,125,129,135,136,136,135,132,123,111,101,99,99,107,116,124,130,138,134,128,119,107,104,110,114,121,123,115,131,144,149,153,151,149,146,142,141,141,132,96,15,15,15,14,13,58,56,87,83,89,93,86,96,75,87,87,93,71,56,78,29,64,5,58,19,5,45,86,17,12,27,17,7,20,19,27,19,45,20,29,29,80,66,54,54,27,71,93,92,54,81,97,96,87,95,62,58,13,4,29,110,135,141,147,179,182,179,144,106,109,114,114,127,175,206,141,134,128,121,122,131,135,135,129,127,136,136,147,149,153,147,145,129,121,111,105,104,135,143,133,128,127,125,121,118,116,114,113,112,109,105,104,104,102,104,110,109,107,106,106,106,106,109,114,116,114
113,111,111,107,102,101,102,102,104,105,104,104,111,122,132,115,99,96,95,95,96,98,101,102,104,104,106,107,110,111,112,116,119,120,122,123,128,134,138,137,137,132,123,111,102,99,100,104,114,122,128,138,136,129,118,107,102,106,114,120,123,125,113,129,144,147,153,155,151,144,143,143,142,141,111,58,13,16,15,13,27,88,92,91,79,90,96,96,73,92,91,93,51,27,17,22,19,47,38,14,69,29,22,34,21,51,17,45,32,11,43,14,39,64,64,90,75,49,71,69,80,99,56,93,83,95,92,47,64,27,17,5,21,112,137,146,146,165,194,191,158,117,102,111,115,115,128,182,198,147,134,127,119,121,132,134,136,132,128,132,138,147,149,155,146,145,129,122,110,106,104,128,143,135,132,127,123,120,116,113,111,111,109,107,106,104,104,103,104,107,110,109,107,107,106,105,107,111,116,115
114,111,110,106,102,100,101,103,104,105,105,107,115,126,132,112,99,96,95,95,97,99,102,103,104,104,106,106,110,111,111,115,117,119,120,122,127,134,139,139,139,132,124,112,102,99,99,102,113,118,128,138,141,131,120,110,102,103,112,121,123,128,125,114,127,147,151,155,158,147,145,143,142,142,142,135,95,21,17,19,34,16,11,87,72,78,97,103,89,31,97,41,92,81,69,34,15,45,62,16,53,12,24,20,25,86,60,27,10,53,76,22,60,60,83,66,27,75,47,54,95,98,105,99,95,60,60,13,24,8,5,19,110,136,142,146,153,187,198,179,130,103,109,116,116,118,129,187,198,149,132,126,119,120,132,135,138,130,127,131,139,147,153,153,149,142,128,120,109,105,104,123,144,136,127,126,124,119,115,112,110,107,107,107,109,105,103,104,105,107,110,110,107,107,105,105,107,109,113,116
115,112,110,105,102,100,101,104,104,105,107,107,116,128,131,110,99,96,95,96,97,99,102,103,105,106,109,109,110,110,111,113,117,119,120,120,125,130,138,140,140,135,124,113,102,100,99,102,111,120,124,135,140,135,123,111,103,102,106,119,119,123,129,130,116,128,147,151,165,151,153,146,146,144,143,144,141,118,75,17,21,17,14,27,85,27,92,96,93,64,79,93,45,87,85,31,5,41,49,66,53,49,20,6,20,71,10,36,29,21,62,85,24,15,19,20,24,54,45,87,98,99,97,88,38,20,25,13,6,4,36,120,140,142,146,151,187,206,187,136,109,106,109,116,120,124,130,202,202,146,131,124,120,120,129,135,134,127,128,134,139,144,151,155,151,141,126,118,110,105,104,110,139,140,127,126,124,117,114,114,110,106,110,107,110,105,104,102,106,106,110,107,109,105,107,106,106,107,111,113
115,114,111,105,102,100,101,104,104,104,107,107,118,131,128,107,98,96,96,96,97,100,102,104,105,106,109,109,110,110,111,114,116,118,120,120,124,129,138,142,142,136,125,112,102,100,100,101,109,118,123,135,139,137,130,116,105,102,104,115,120,123,127,131,132,114,128,149,158,162,151,158,149,147,145,144,141,143,137,102,62,14,19,20,82,8,78,83,96,95,87,69,43,93,82,77,39,64,7,3,19,54,60,10,11,29,8,16,10,22,31,84,54,11,17,16,75,20,54,94,98,96,86,58,16,13,8,4,3,78,130,144,145,153,162,179,210,198,141,118,104,110,110,119,125,127,135,198,210,146,131,124,122,121,125,135,132,128,128,135,138,142,151,153,151,139,126,119,110,106,104,109,133,143,129,126,123,117,114,112,111,107,109,107,107,106,104,103,104,105,106,107,106,106,107,107,107,106,109,110
116,115,111,105,102,100,101,104,104,104,109,110,123,135,126,105,98,96,96,96,98,101,104,104,109,107,106,109,111,111,112,114,116,118,119,120,123,130,137,143,145,139,126,114,104,101,100,100,106,117,126,137,140,140,135,123,115,103,102,115,118,120,125,131,133,134,118,126,145,158,155,158,155,151,153,145,143,143,145,145,131,97,39,34,11,27,58,58,73,86,91,83,80,97,87,96,88,20,62,13,13,39,22,14,12,29,11,27,4,51,78,81,76,62,85,94,86,78,54,87,54,60,69,34,9,6,4,15,99,142,151,155,158,175,187,202,202,147,127,104,115,113,115,123,125,128,137,206,206,147,131,124,122,122,125,135,131,130,132,136,137,141,146,151,153,139,127,119,112,107,104,107,125,146,135,125,123,118,115,112,111,109,107,106,110,106,105,105,104,105,106,106,107,109,106,106,107,110,109,110
117,114,111,104,102,101,101,104,105,105,111,116,128,137,123,104,97,96,96,96,98,102,105,107,110,110,107,109,111,111,112,113,115,117,120,120,122,127,135,141,146,140,127,115,105,101,100,100,104,117,127,137,140,138,134,126,117,105,101,110,115,118,126,133,135,135,137,123,122,145,149,172,165,158,155,155,146,145,146,147,142,140,126,97,31,9,36,29,76,75,31,75,20,84,94,96,82,77,15,47,62,56,25,21,47,80,60,75,24,86,49,80,76,73,83,97,90,87,60,27,22,17,19,13,3,3,80,129,158,153,155,168,175,187,206,198,158,132,109,123,119,114,119,123,128,131,143,206,215,146,131,126,123,121,126,132,129,132,133,136,136,141,145,153,155,140,126,119,111,109,105,109,118,143,136,127,123,120,117,112,110,109,107,109,107,104,104,107,104,105,106,107,106,110,107,109,109,110,110,110
118,114,112,104,102,101,102,103,107,107,112,118,130,136,119,102,97,96,96,96,98,102,107,109,109,110,109,109,110,110,112,113,115,117,120,120,122,125,133,141,144,141,128,115,105,102,101,100,104,117,126,134,139,138,135,126,118,110,102,104,116,119,122,130,132,134,134,140,124,115,138,151,158,168,162,162,153,145,145,144,143,147,143,138,129,98,56,6,13,76,69,19,15,73,38,36,34,78,75,31,20,20,27,84,93,76,66,87,79,43,81,56,91,87,83,54,8,8,6,7,8,6,16,3,53,116,147,162,158,155,162,175,187,206,210,187,135,111,123,123,115,115,122,126,131,134,147,226,210,145,131,128,124,122,124,130,133,132,131,136,133,138,144,165,155,140,126,120,113,107,106,105,112,136,141,127,123,122,116,114,111,109,109,106,107,105,107,106,105,106,106,107,106,109,110,110,110,110,110,111
119,115,111,104,102,101,102,104,106,109,112,120,131,135,116,101,97,96,96,97,99,102,109,109,109,109,109,109,110,110,111,113,114,116,120,122,123,124,130,140,144,143,134,119,109,102,101,100,103,114,126,135,141,140,135,127,121,111,104,103,111,117,119,124,130,133,133,135,144,131,111,135,153,165,168,168,153,151,147,146,146,144,146,145,142,142,135,111,87,36,34,11,25,54,76,66,54,69,81,56,45,21,24,77,92,93,62,67,78,60,80,69,75,38,8,8,8,8,6,4,3,9,86,117,144,168,162,162,165,175,191,202,215,222,202,141,113,125,129,121,115,119,120,126,130,135,151,222,206,144,133,129,122,121,123,128,134,130,127,135,133,140,145,165,165,140,127,120,114,110,105,104,110,129,146,130,123,122,116,113,111,109,107,107,107,107,107,106,107,106,107,107,106,107,110,110,110,111,110,110
119,115,109,105,101,100,101,104,106,110,112,122,132,132,112,100,97,96,96,97,99,104,107,109,109,110,110,109,110,111,113,113,113,116,119,122,123,126,132,140,146,146,135,121,112,103,101,100,106,116,124,135,141,141,137,129,122,116,106,104,109,114,119,121,128,133,134,131,141,144,138,116,125,151,158,165,162,162,153,147,146,149,147,147,145,144,143,145,142,133,110,91,47,34,51,53,60,24,21,25,88,56,47,77,83,87,54,47,12,62,47,21,7,14,6,4,3,2,3,53,97,140,175,179,182,182,187,182,187,191,210,218,215,210,145,114,128,132,126,119,119,120,119,126,130,137,179,218,215,145,134,130,123,121,122,129,135,129,126,129,133,141,147,158,153,138,124,119,114,110,105,107,110,123,149,132,125,122,117,113,112,109,109,107,109,110,107,109,107,109,109,106,105,107,110,110,111,113,111,110
120,115,110,105,102,101,101,104,106,109,116,124,135,129,111,100,97,96,96,97,99,104,107,110,109,110,111,110,110,111,113,113,115,116,120,123,124,126,131,141,146,146,136,122,112,104,101,100,105,116,125,135,141,143,139,133,123,119,109,106,106,113,117,123,126,133,135,132,137,144,149,143,123,116,141,158,162,165,162,155,149,158,158,151,149,146,146,146,146,149,145,144,140,126,104,91,87,60,19,3,51,66,27,45,69,17,8,10,2,3,22,17,7,7,1,3,27,91,125,168,202,198,179,182,179,187,191,198,202,198,222,222,202,144,118,131,134,132,126,123,120,120,120,127,130,141,172,215,215,149,135,131,123,122,124,129,132,125,123,127,137,141,144,158,158,138,124,119,114,110,105,106,109,119,141,137,126,123,117,115,113,110,107,106,107,109,107,107,109,109,107,107,107,109,111,111,111,112,111,110
121,115,110,104,101,100,101,102,105,111,120,127,135,128,110,99,97,96,96,98,101,104,106,109,109,110,111,112,110,109,112,113,114,115,120,123,123,124,127,137,145,146,138,124,114,106,102,100,104,114,124,134,140,145,141,136,123,118,110,106,109,114,116,120,122,126,134,135,135,139,146,151,145,136,115,132,147,168,168,158,158,168,168,162,158,155,151,151,153,151,151,151,153,153,153,149,142,145,127,114,99,93,91,69,85,24,13,12,8,7,14,25,62,94,100,135,172,202,215,210,215,202,191,182,182,210,198,206,210,218,222,206,137,114,136,138,135,129,123,122,120,121,121,126,129,141,155,210,215,149,136,129,123,121,121,125,129,121,122,127,134,141,146,153,158,141,125,123,115,111,106,104,110,115,132,142,128,122,118,116,113,110,109,107,109,109,106,107,107,109,109,107,109,110,111,112,111,112,111,111
123,115,109,104,101,100,101,102,107,113,122,130,137,126,109,99,97,96,96,98,102,105,109,110,110,111,112,113,111,109,113,113,115,116,119,122,123,125,126,135,145,149,141,127,119,109,104,101,104,113,123,134,141,145,141,135,126,120,112,107,107,114,115,119,121,124,132,133,132,135,138,144,147,151,143,126,115,131,151,162,172,175,168,168,165,165,165,153,165,158,158,158,158,158,155,168,158,165,146,147,147,141,141,162,143,137,137,138,134,137,144,145,172,202,210,222,218,215,210,210,222,210,191,206,206,202,202,218,222,218,198,130,120,139,143,138,134,128,124,124,122,120,123,128,130,138,153,210,218,149,136,129,123,122,122,127,127,120,118,125,135,142,146,158,153,140,125,123,115,111,109,104,109,109,126,144,131,124,120,117,113,111,109,106,106,105,107,106,110,109,109,110,110,110,111,113,112,113,114,113
121,115,107,103,101,101,102,104,111,114,123,131,137,123,109,99,97,96,97,99,104,109,111,112,111,115,116,115,113,110,110,113,113,116,119,123,123,125,127,135,143,153,143,129,123,114,104,101,104,112,123,132,141,144,142,138,131,120,114,109,111,115,116,118,118,123,129,129,129,131,135,140,143,151,155,147,137,119,118,133,162,172,168,168,168,168,155,175,165,165,155,165,158,162,153,155,175,158,172,151,158,147,162,175,165,158,158,179,158,162,202,182,198,235,222,230,218,218,215,222,210,218,215,210,215,226,222,210,215,153,123,126,139,144,141,136,134,130,125,123,123,120,122,126,133,137,151,215,222,151,138,129,122,120,122,124,123,118,118,127,135,142,144,158,158,138,124,122,115,111,107,104,106,106,118,142,136,126,121,118,113,112,109,109,106,106,109,110,109,110,111,111,110,110,111,112,112,114,115,116
122,115,109,103,101,101,102,104,110,117,123,132,138,123,110,101,97,96,97,99,104,107,112,112,112,116,119,119,116,112,110,112,114,115,117,121,124,125,129,135,142,155,145,131,123,116,106,101,104,112,122,131,139,144,144,139,133,123,117,112,113,114,117,118,118,121,125,127,126,129,133,135,139,146,153,158,153,143,136,119,116,135,155,162,168,158,168,165,175,168,172,153,168,172,175,165,175,168,172,175,153,155,162,175,175,172,158,175,162,175,202,187,198,235,218,218,218,230,230,226,218,230,215,226,230,218,210,182,132,119,141,141,155,155,141,137,134,130,123,125,122,121,123,126,132,136,151,215,218,153,138,131,123,121,122,123,121,116,118,126,137,141,144,153,155,138,125,123,117,111,110,104,105,106,117,139,141,127,123,118,115,110,110,109,109,107,110,111,111,111,112,111,111,111,111,112,113,115,115,115
123,115,106,103,101,101,102,106,113,119,126,135,139,123,110,100,97,97,97,99,104,109,112,112,112,115,118,120,118,114,111,109,113,115,117,120,123,125,129,135,141,153,144,131,123,117,109,101,104,113,120,129,135,140,144,140,135,124,121,117,113,114,119,122,122,122,123,129,126,128,132,133,137,141,149,158,162,153,149,151,140,123,117,129,141,158,158,175,165,175,162,179,168,187,175,202,172,191,179,198,168,165,179,179,182,179,158,175,162,191,191,194,218,235,215,230,239,252,226,230,239,235,239,235,226,175,135,119,132,141,158,144,162,155,139,134,131,126,123,123,120,121,122,125,131,138,151,210,215,155,138,129,125,122,121,123,121,116,117,127,135,139,144,153,162,140,124,122,117,112,110,104,106,107,111,130,145,129,123,120,116,112,110,110,109,109,107,111,111,111,111,111,111,111,113,113,113,114,114,113
123,115,109,103,102,101,103,107,114,121,128,137,139,121,107,100,97,97,97,100,105,113,114,112,113,114,120,121,123,116,110,109,111,115,117,119,123,126,129,134,141,147,146,137,125,119,111,101,102,112,120,125,132,141,145,144,137,127,125,121,116,115,117,123,125,123,125,128,128,128,128,130,131,135,142,149,149,158,162,158,155,141,135,127,120,118,133,141,168,168,182,165,179,175,182,182,179,182,187,194,191,165,206,179,198,194,179,194,175,198,194,187,239,222,215,245,239,230,222,226,239,235,226,194,138,126,134,138,145,147,175,168,175,147,136,135,134,126,125,122,122,123,124,126,132,138,151,215,206,162,137,127,125,122,122,123,118,118,118,127,131,137,144,158,158,139,127,122,118,113,111,105,106,109,111,121,147,134,125,121,116,114,112,110,109,110,107,111,112,112,111,112,112,112,112,112,114,113,113,113
123,115,109,104,102,102,103,107,115,121,129,138,139,120,110,100,98,97,98,101,107,114,115,113,113,116,119,122,123,117,112,110,111,115,117,118,123,125,129,134,141,149,149,138,128,122,114,103,104,112,122,128,135,143,146,143,137,132,126,121,118,120,120,122,124,124,123,125,126,125,123,126,127,128,135,137,141,149,155,162,158,147,143,139,137,134,127,123,121,125,138,144,168,162,194,165,198,172,202,182,202,175,202,179,191,194,187,215,187,198,206,187,226,206,218,239,235,218,235,210,202,144,131,130,153,155,149,138,145,151,182,182,162,143,132,132,131,127,125,125,121,123,126,129,133,137,151,206,210,162,137,129,125,122,122,120,118,116,117,122,129,135,145,158,155,138,127,122,119,114,110,105,107,107,110,118,141,140,128,124,119,114,111,112,109,112,110,109,111,112,112,114,112,113,112,112,114,114,113,112
123,116,107,103,102,102,103,110,116,123,132,140,138,121,110,100,98,97,99,102,111,116,115,114,113,115,119,122,123,119,114,111,111,115,118,120,122,125,128,131,141,151,155,140,128,124,118,103,103,113,118,127,131,139,146,144,137,135,129,120,119,119,122,123,124,125,123,122,125,125,126,124,126,126,131,134,138,142,147,151,158,162,151,144,143,137,134,135,133,132,124,121,119,125,128,138,140,153,168,172,194,179,187,187,175,210,179,194,187,206,215,179,218,187,194,206,175,151,140,129,131,138,175,198,198,146,140,136,146,168,182,187,155,142,135,135,132,128,126,123,120,122,124,131,133,138,151,206,210,155,137,131,126,122,121,122,119,115,120,123,126,137,147,155,149,138,126,123,120,118,111,107,106,107,107,116,135,143,129,126,119,114,114,113,110,110,110,110,111,111,112,113,113,113,114,114,114,115,115,115
121,115,110,104,102,102,104,113,118,125,133,139,137,120,110,100,98,97,99,102,113,118,116,115,115,115,118,121,123,121,116,112,110,113,117,120,121,124,128,131,140,155,158,140,129,124,120,105,105,114,120,126,133,136,146,146,141,139,132,126,120,118,120,123,126,127,125,123,126,127,128,123,125,128,131,131,135,140,144,155,168,168,151,144,146,142,141,142,140,139,138,138,139,138,130,122,117,121,117,123,126,135,132,137,136,142,140,141,141,139,143,134,135,126,124,127,125,130,139,151,179,202,235,222,187,139,136,138,149,168,191,162,147,137,135,133,130,127,125,121,120,125,127,129,132,139,145,191,215,153,136,129,127,123,122,121,118,116,117,123,126,136,145,153,151,137,127,123,120,117,110,106,105,105,106,111,130,146,132,125,119,117,116,113,112,111,110,110,110,110,111,112,113,114,113,114,114,115,117,115
120,115,110,104,103,102,105,113,121,126,133,139,136,120,111,101,98,97,99,104,114,119,116,116,116,116,118,120,121,121,119,115,111,114,117,120,121,123,125,132,139,151,155,141,129,126,123,109,106,116,122,126,133,136,144,146,139,137,134,131,124,123,119,124,125,125,129,128,126,128,128,126,126,128,131,129,132,136,140,146,158,172,162,153,151,144,140,139,139,140,143,146,147,151,147,147,151,146,143,134,131,134,132,129,128,129,127,128,131,132,132,133,141,145,153,172,198,206,202,230,235,252,235,210,143,134,137,140,149,175,187,155,141,134,133,134,130,126,123,122,123,124,127,129,135,137,147,182,206,155,137,129,126,124,122,121,117,117,117,119,124,131,143,155,151,138,127,124,123,118,111,109,109,105,107,110,124,145,138,127,122,117,115,114,112,111,111,112,111,115,112,113,114,115,115,114,114,116,114,113
120,115,110,104,103,103,109,116,123,128,135,139,135,122,109,102,98,97,99,105,115,118,116,116,116,116,119,120,120,119,121,117,112,114,117,121,122,124,125,132,140,151,162,144,134,130,126,111,107,115,119,125,131,133,142,145,138,135,135,133,130,126,123,124,129,129,131,129,127,129,128,125,125,124,129,128,130,132,137,141,143,155,165,162,158,151,143,140,140,141,147,145,149,153,172,182,187,165,165,158,165,162,147,153,153,151,151,165,179,182,187,191,198,194,210,218,226,235,239,235,245,252,210,165,140,135,138,140,151,175,175,149,136,134,134,131,126,123,124,123,123,127,128,128,131,133,145,179,210,162,136,130,127,124,122,121,119,117,118,120,124,132,146,165,151,139,127,125,123,119,113,109,107,106,110,111,121,139,145,127,123,118,115,114,114,113,111,113,114,113,114,114,113,115,115,115,115,115,115,114
120,114,110,105,104,104,110,118,124,131,135,140,134,123,111,101,98,98,100,109,116,116,115,116,115,115,120,122,121,120,121,120,117,116,120,122,122,124,126,130,139,149,165,146,136,131,126,113,107,116,121,125,127,132,139,147,143,137,135,134,132,128,125,125,127,129,129,131,131,134,128,127,126,128,128,132,133,133,135,139,147,155,153,155,158,153,144,141,141,144,146,146,145,149,153,165,175,168,179,172,165,165,162,168,172,165,182,179,182,187,182,198,198,202,222,215,226,239,252,252,255,222,172,144,136,134,136,138,153,168,158,143,141,135,134,131,125,124,124,123,126,127,128,129,129,131,140,165,206,165,137,134,129,124,122,119,118,116,116,119,122,130,144,165,151,135,127,124,122,118,113,110,109,107,109,109,120,134,147,133,124,120,116,117,115,114,114,114,116,115,114,113,114,116,115,116,114,114,117,116
119,115,111,106,104,105,112,119,127,132,135,141,135,123,111,101,98,98,101,113,117,116,116,117,116,116,121,123,123,120,121,121,119,118,120,121,122,123,124,130,138,149,165,151,138,132,126,117,109,118,123,126,127,130,138,146,147,140,135,134,135,132,130,129,130,130,130,131,131,132,136,135,132,133,134,135,135,135,133,135,140,151,153,158,165,165,149,146,144,146,147,149,145,143,142,151,158,155,175,172,168,168,168,175,182,179,175,165,175,175,187,191,210,218,235,226,226,252,252,252,230,187,147,138,131,131,134,139,155,179,155,140,135,135,131,130,127,125,125,127,127,127,128,130,130,131,141,168,206,165,136,134,129,124,121,119,118,117,117,118,120,132,144,165,153,135,125,124,123,119,114,110,107,107,109,109,115,124,146,135,126,121,118,117,115,116,114,114,116,114,114,115,114,118,117,118,116,114,115,114
120,116,113,107,104,104,110,119,125,134,140,141,131,123,112,101,98,99,102,116,119,116,116,117,119,118,122,123,123,120,120,121,120,118,121,123,123,123,123,129,137,147,162,153,138,132,128,119,112,117,124,127,128,130,136,145,151,144,136,135,133,133,131,128,128,130,131,130,131,133,136,138,136,134,134,136,137,136,135,134,136,144,147,155,165,172,162,147,143,145,146,151,146,144,155,149,146,146,155,153,162,168,172,179,175,182,187,179,191,187,194,202,215,226,239,245,239,255,239,230,210,168,142,134,132,134,137,145,162,175,162,141,138,135,132,129,128,126,126,125,127,127,128,131,131,132,138,162,202,165,138,134,130,126,121,119,117,118,117,119,118,130,141,165,153,135,126,123,122,119,115,110,107,109,111,107,113,123,139,141,129,123,120,118,115,118,116,115,116,114,115,115,115,116,116,116,116,114,117,114
121,117,114,109,105,106,112,119,126,135,140,139,129,122,112,102,99,100,105,118,120,118,116,117,120,118,121,123,123,121,120,120,119,121,122,123,122,123,124,130,137,145,165,158,139,134,130,123,115,122,125,127,128,128,136,144,151,145,139,136,135,135,132,130,131,134,134,133,131,131,134,140,139,138,136,138,138,139,136,135,137,142,146,153,155,172,158,151,145,147,149,146,153,155,153,151,147,153,149,149,165,182,179,179,175,172,194,198,194,194,210,215,218,245,235,235,235,245,218,206,165,142,138,135,136,137,141,151,165,175,165,143,138,138,133,134,126,127,129,126,127,127,131,130,131,131,140,165,202,168,139,134,130,125,122,117,115,116,115,117,118,126,143,168,158,136,132,126,121,119,119,114,109,109,109,110,112,118,133,153,129,122,121,120,117,118,117,117,115,116,116,115,116,114,116,117,117,117,117,115
120,117,115,110,106,109,112,119,125,134,141,138,129,123,112,102,99,100,109,120,119,117,116,115,121,121,121,122,123,121,120,121,120,121,122,123,123,123,124,130,135,141,153,155,140,136,133,126,115,123,126,129,129,128,135,143,151,147,140,136,135,132,132,134,133,134,135,135,134,135,137,139,141,140,138,135,131,136,138,138,141,142,144,149,158,165,172,168,158,155,155,146,145,162,165,165,155,158,158,153,151,155,162,168,175,175,168,191,194,206,210,210,215,226,218,235,230,215,194,175,145,141,137,136,137,137,141,151,168,175,147,144,142,140,131,133,127,127,126,128,126,130,132,130,129,132,139,155,194,162,137,132,130,125,123,120,115,118,118,117,120,126,143,175,158,137,134,127,123,119,116,115,112,110,110,109,112,115,131,153,136,124,123,121,121,119,118,118,116,117,117,116,116,119,118,116,117,116,116,116
120,117,114,111,107,107,112,119,125,135,142,137,129,122,112,102,100,100,113,121,120,118,117,116,122,123,123,123,123,123,123,123,123,124,123,126,124,124,126,131,135,141,158,165,143,138,135,129,117,123,127,130,133,130,135,142,153,153,141,139,137,138,135,135,135,135,135,135,136,136,138,138,140,140,137,136,135,135,137,139,140,141,139,143,153,153,168,162,168,165,158,155,153,165,158,146,144,149,149,153,149,158,168,172,172,182,191,191,187,206,215,218,222,210,215,230,222,191,179,168,145,143,136,136,138,138,146,153,168,153,144,139,140,136,132,131,127,127,128,127,129,131,129,131,129,132,136,147,194,168,139,132,129,127,123,121,119,119,118,116,117,123,142,168,158,138,132,128,123,123,121,117,113,111,109,112,111,112,122,145,143,124,123,123,122,120,119,118,119,118,118,118,117,117,116,116,115,116,116,115
