201,202,202,202,202,201,202,201,203,203,203,204,203,204,203,204,204,204,204,204,206,205,205,205,206,206,206,206,206,207,206,206,206,206,207,207,207,207,208,208,208,208,208,208,209,209,209,209,209,209,209,210,210,210,209,209,209,209,209,208,208,208,208,208,208,207,207,207,207,207,207,207,206,206,205,206,205,204,205,204,204,204,203,204,204,204,203,203,203,203,202,202,202,202,202,202,202,202,201,202,202,202,202,201,201,201,202,202,202,202,201,201,202,202,203,203,204,204,204,204,205,206,205,205,206,206,206,206,207,207,207,207,207,207,208,208,208,208,208,209,209,209,209,210,210,210,210,211,211,211,211,211,210,211,211,211,211,212,211,211,211,210,211,211,211,211,212,212,213,213,213,212,212,213,212,213,212,212,212,212,213,212,212,212,212,212,213,213,212,212,213,213,212,213,212,213,214,213,213,213
201,201,201,202,201,201,202,202,203,203,203,203,203,203,204,203,204,205,204,205,204,205,205,205,206,206,206,206,207,207,207,206,206,206,207,207,208,208,207,207,208,208,208,208,209,209,209,208,209,209,210,209,209,209,209,209,209,209,209,209,208,208,209,208,208,208,207,207,207,207,207,207,206,206,206,206,205,204,204,204,204,204,204,204,203,203,203,202,203,202,202,202,202,202,202,202,202,201,201,201,201,202,200,201,202,201,202,201,202,202,202,202,201,202,201,202,203,204,204,203,205,205,205,206,206,206,206,206,207,207,207,207,207,207,207,208,207,207,208,208,210,210,211,211,210,210,211,211,212,211,211,210,210,210,211,211,212,212,212,211,212,211,211,211,211,211,211,212,212,213,212,213,212,211,212,212,212,212,213,213,212,213,213,212,213,212,213,212,213,212,213,213,213,213,212,213,213,213,213,212
201,202,202,202,201,201,201,202,202,202,203,203,204,204,204,204,205,205,205,205,206,205,206,206,205,206,206,206,207,207,206,206,206,207,208,207,208,208,208,208,208,209,208,208,209,209,209,210,209,210,209,210,209,209,210,209,209,209,209,209,209,209,209,209,208,208,207,207,207,207,207,206,206,205,205,205,204,204,204,204,203,204,203,203,203,202,203,202,202,202,201,202,201,201,201,201,201,201,201,200,201,201,201,201,201,201,201,202,202,201,201,201,201,202,202,202,203,204,203,202,203,204,204,204,206,205,206,206,206,207,206,207,208,207,208,208,208,208,208,208,209,210,210,210,211,211,211,212,211,211,211,210,211,210,211,211,211,212,211,211,211,211,211,211,212,212,212,212,212,213,213,213,212,213,213,214,213,213,213,213,214,213,213,212,213,213,213,213,213,212,213,213,213,213,212,213,213,213,213,213
202,202,201,202,201,202,202,203,202,202,201,203,203,203,204,205,205,206,205,206,206,206,205,206,206,207,206,206,206,207,207,207,207,207,207,208,208,208,208,208,208,209,208,208,209,209,209,209,209,209,209,210,210,210,210,209,210,210,209,209,209,209,210,209,209,208,207,207,206,206,207,206,206,205,204,203,204,204,204,203,203,204,203,203,203,203,202,202,202,201,201,201,200,200,200,200,201,200,201,200,200,200,200,200,200,200,201,202,200,201,201,201,201,202,201,202,203,203,203,203,204,204,204,204,205,205,205,205,206,206,207,207,207,207,207,208,208,208,208,208,209,211,211,211,211,212,212,211,211,211,212,211,211,211,211,212,212,212,211,211,212,211,212,212,212,212,212,212,212,212,213,213,213,213,212,213,213,213,213,213,213,213,214,213,213,213,213,213,213,213,213,213,213,214,213,212,214,213,212,214
201,202,202,201,201,202,201,202,202,202,202,202,203,203,204,204,205,205,205,205,205,205,206,207,206,207,207,206,207,207,207,207,207,207,207,208,208,207,208,208,208,208,208,208,209,208,209,209,209,209,210,209,210,210,210,210,210,209,210,209,209,209,209,209,208,207,207,207,206,206,206,205,205,205,204,203,204,204,203,203,203,203,202,203,202,203,202,202,202,201,201,200,200,200,200,200,200,200,200,199,200,199,200,200,199,199,200,200,201,200,201,202,201,201,201,201,202,203,203,203,203,204,204,204,205,205,205,205,206,206,207,207,207,206,206,208,208,208,208,208,209,211,211,211,211,211,212,211,211,211,211,211,210,211,212,212,212,212,212,212,212,212,212,212,212,212,213,213,212,212,213,213,213,213,213,213,213,213,213,213,214,213,214,213,213,214,213,213,213,214,213,213,213,214,214,213,213,213,212,213
202,201,201,202,202,201,201,202,202,202,202,202,203,203,205,204,204,205,204,204,205,205,206,206,207,207,207,207,207,207,207,207,207,207,208,207,208,208,208,208,208,209,209,209,209,208,209,209,210,209,210,210,209,210,210,210,210,209,209,209,209,210,210,209,208,208,208,206,207,206,206,205,206,205,204,204,204,204,203,202,203,202,203,203,202,202,202,201,200,200,200,201,200,200,199,200,200,199,200,199,199,199,199,199,199,199,200,200,201,200,200,201,200,201,201,201,201,202,202,203,204,203,203,203,204,204,204,205,205,205,208,206,208,207,207,208,208,208,208,209,209,211,210,211,212,211,211,211,211,211,211,211,211,211,212,212,212,212,212,213,212,213,213,212,212,212,212,213,213,213,213,213,213,213,213,213,213,214,214,213,214,214,214,214,214,213,214,214,214,214,213,214,213,213,213,213,213,214,214,213
202,202,201,201,202,201,202,202,202,202,202,203,204,204,205,205,204,205,205,205,205,205,206,206,206,207,207,206,207,207,208,207,207,208,208,207,207,209,207,208,209,209,208,209,209,209,209,210,209,209,209,210,210,210,210,210,210,210,210,210,209,210,209,209,208,207,207,207,206,207,206,205,204,205,204,204,203,204,203,202,202,202,202,202,202,201,201,201,200,200,200,199,199,199,199,199,200,199,198,199,198,198,199,199,199,199,198,199,199,199,200,199,200,200,200,201,201,202,202,203,202,203,202,202,203,203,204,204,204,205,207,207,207,207,208,207,207,208,209,209,209,211,211,211,211,211,211,210,212,211,212,211,211,212,212,213,212,212,212,212,213,212,213,212,213,212,212,213,213,213,213,213,213,213,214,213,214,214,213,213,214,215,214,214,215,214,214,214,214,214,214,214,213,214,213,213,213,214,214,214
201,201,200,202,202,202,201,202,202,202,201,202,203,204,203,205,205,205,205,205,205,206,206,207,206,207,207,206,207,207,208,207,208,208,207,208,208,208,208,209,208,208,209,209,209,209,210,210,210,210,210,210,210,210,210,210,209,210,210,210,210,210,209,209,208,207,206,206,206,207,206,206,205,204,205,204,204,204,203,202,202,202,201,202,202,202,200,200,199,199,201,199,199,199,199,198,199,197,197,198,197,198,197,197,198,198,197,198,198,198,199,199,200,201,200,200,200,201,202,203,203,202,203,202,203,203,203,204,204,205,206,206,206,207,208,207,208,208,208,209,210,210,211,211,211,211,211,211,212,212,212,211,212,211,212,212,212,212,212,212,212,213,213,213,213,212,212,213,213,213,213,214,213,213,213,214,213,214,213,214,214,214,214,214,214,215,214,213,214,214,214,214,213,213,213,213,214,214,213,214
202,202,201,201,202,202,201,202,202,201,202,203,203,204,205,204,205,205,205,205,205,206,206,206,207,207,207,207,207,207,207,208,208,208,208,208,209,208,208,209,209,209,209,209,209,209,209,209,210,210,210,210,210,210,210,210,210,210,210,210,209,210,209,208,208,207,208,207,206,206,205,205,204,205,204,204,203,203,203,202,202,201,202,202,201,201,200,200,200,199,200,199,199,199,196,193,193,192,187,187,185,188,185,183,183,185,188,196,196,198,199,199,200,199,200,200,200,200,201,201,202,202,202,202,203,203,203,203,203,205,206,206,206,207,207,207,207,208,208,209,209,209,210,211,211,212,212,212,212,212,213,212,211,212,212,213,212,212,212,212,213,213,213,213,212,212,212,213,212,212,213,214,213,213,214,213,214,213,213,213,214,214,214,214,213,214,214,214,214,215,214,214,213,213,214,213,213,214,214,213
201,201,201,202,201,202,202,202,201,201,201,203,203,203,204,204,205,204,205,205,205,205,205,206,206,207,206,207,208,207,208,208,208,208,208,208,209,209,208,209,209,209,209,209,209,209,210,209,210,210,210,210,211,210,211,210,210,210,209,210,209,209,209,209,208,208,208,207,207,206,205,204,204,204,205,204,204,203,202,202,201,201,201,201,201,200,200,199,199,199,198,199,196,193,189,180,159,155,142,137,135,136,131,130,133,144,147,164,180,188,193,195,198,198,198,200,199,200,201,201,201,201,202,201,203,202,203,203,203,204,206,205,206,206,207,207,208,208,208,209,209,209,210,211,212,211,212,212,212,213,212,212,212,212,212,213,212,212,212,212,213,213,213,213,212,213,213,213,213,213,214,214,214,214,214,214,214,214,214,213,213,214,214,214,214,214,214,214,214,214,214,214,214,213,213,214,214,214,215,214
200,201,201,202,202,202,202,202,202,202,202,203,203,203,204,203,204,204,205,205,205,205,206,206,207,206,207,207,207,207,207,208,209,208,208,208,209,208,209,209,209,209,209,210,210,210,210,209,209,210,209,210,211,210,210,210,210,209,209,209,209,209,209,208,208,208,207,207,205,205,205,204,204,204,203,203,203,202,201,202,201,200,200,200,200,200,199,199,198,198,194,186,164,149,130,114,110,112,111,112,112,109,107,105,104,105,109,112,120,126,140,161,181,191,197,199,199,199,200,201,201,201,202,201,202,202,202,204,203,204,205,205,205,205,207,207,208,207,208,210,209,210,210,211,211,211,213,212,212,213,214,213,212,212,212,212,212,213,212,212,213,213,213,213,213,213,213,213,213,214,214,214,214,213,214,214,214,214,214,214,214,213,215,214,214,214,214,214,214,214,215,214,214,214,214,214,214,215,215,215
201,201,201,201,202,202,202,202,202,202,202,202,203,203,204,204,204,204,205,205,205,206,206,206,206,207,206,206,208,206,208,208,208,208,209,209,209,209,209,209,210,210,209,210,209,210,210,209,210,209,210,210,210,210,210,209,209,210,209,209,209,209,208,208,207,207,207,206,205,204,204,203,204,203,203,203,203,202,201,201,201,201,200,200,200,200,199,199,189,181,152,123,107,104,101,97,96,92,88,89,90,89,91,92,94,95,97,102,102,108,113,117,125,136,160,182,195,199,199,200,200,200,200,201,201,201,202,203,203,203,205,205,206,205,207,207,207,207,207,209,209,209,210,210,211,211,212,212,213,212,213,212,212,212,213,212,213,213,213,212,213,213,213,214,213,214,215,214,215,215,214,215,214,214,214,214,214,214,214,214,214,214,214,214,214,214,214,214,215,215,215,214,214,214,214,214,215,214,215,215
201,201,201,202,201,201,202,202,202,203,202,202,202,203,204,204,204,204,204,205,205,205,206,206,206,206,207,207,207,207,208,208,208,208,208,209,209,209,209,209,210,210,210,210,209,210,210,209,210,209,210,210,210,210,210,210,210,209,209,209,209,208,208,207,207,207,207,205,205,204,204,204,203,203,202,202,202,201,201,201,201,200,200,199,198,198,196,177,141,117,99,96,94,89,85,78,74,73,72,71,68,68,70,71,72,74,77,85,89,94,100,103,105,111,118,125,143,174,193,199,200,201,201,201,202,202,202,202,202,203,204,203,205,206,207,207,208,207,207,208,208,209,210,210,211,211,213,212,213,212,212,212,212,212,212,212,212,213,213,212,213,213,213,214,214,214,214,213,214,215,215,214,214,215,214,214,215,214,214,214,214,214,214,215,215,214,214,214,215,215,213,214,215,215,214,214,215,215,215,215
202,201,201,201,202,202,202,202,202,202,202,202,203,203,204,203,204,204,205,206,205,206,206,206,206,207,207,207,206,207,208,207,208,208,208,209,208,209,209,209,210,210,209,210,210,210,210,210,210,210,210,210,210,210,210,209,209,209,209,209,209,209,207,207,207,206,205,205,205,204,203,204,203,202,202,202,201,201,201,201,201,200,200,198,196,183,138,110,101,96,89,88,84,76,72,67,66,62,61,58,59,59,59,58,57,57,60,62,64,69,77,82,93,100,106,110,119,127,145,179,201,199,200,201,200,201,201,201,201,202,203,203,204,205,206,206,206,207,207,207,209,208,209,210,210,211,212,212,212,213,212,212,212,213,213,213,213,213,213,213,213,214,214,214,214,214,214,214,215,214,215,214,214,215,215,215,215,214,215,215,214,214,214,215,215,215,215,215,215,215,215,214,214,214,214,214,216,215,216,215
201,201,201,202,202,202,202,202,202,202,202,202,202,202,202,203,203,204,205,205,205,206,205,206,206,206,206,206,207,207,208,208,208,208,209,208,208,209,209,209,209,209,210,210,210,210,210,210,211,210,210,210,210,210,210,209,210,209,209,208,209,208,206,207,206,206,205,205,204,203,203,202,202,201,201,201,202,201,201,200,199,199,199,193,157,114,99,90,85,81,76,73,67,62,58,56,56,55,56,55,55,57,57,58,57,56,57,58,57,58,62,65,71,76,85,93,103,110,119,126,152,189,198,199,199,200,201,201,202,202,202,202,203,205,205,205,206,206,207,207,208,208,208,209,210,211,211,213,212,213,213,213,212,213,213,213,213,213,213,214,214,214,214,214,215,215,214,214,215,215,215,214,214,215,215,214,216,215,214,215,215,215,215,215,215,215,215,215,215,215,215,215,215,214,214,214,214,215,215,216
201,201,201,202,202,202,202,202,202,202,202,202,203,202,202,202,203,204,204,205,205,205,206,205,205,206,206,207,207,208,208,208,208,209,208,209,209,209,209,210,209,210,209,210,210,211,210,210,210,210,210,210,210,210,210,209,209,209,209,208,207,207,207,206,206,206,205,205,204,204,203,202,201,201,201,201,200,200,201,200,200,199,184,133,106,94,86,80,73,71,66,60,56,54,54,52,53,53,55,56,56,56,57,57,58,58,57,58,58,57,59,60,64,68,71,75,83,98,110,116,123,133,169,195,196,200,201,202,202,201,203,203,203,205,205,205,204,206,206,207,208,208,208,210,210,211,211,212,213,213,212,213,212,213,213,213,213,214,215,214,214,214,214,215,215,215,214,215,214,214,215,215,215,215,215,214,215,215,215,215,215,215,215,215,215,214,215,215,214,215,215,215,214,215,214,214,214,215,215,215
202,201,201,201,202,202,201,202,202,203,202,202,202,202,202,203,203,204,203,205,205,205,205,206,205,206,206,207,207,207,208,208,208,208,208,209,209,209,209,209,209,210,209,210,210,210,210,210,210,210,210,210,210,210,209,209,209,209,208,208,207,207,207,206,206,205,205,204,204,203,201,202,201,200,201,201,200,201,200,199,197,165,117,100,86,78,74,69,66,61,56,55,54,52,52,52,53,54,55,56,57,58,59,59,59,59,58,58,58,58,60,59,62,63,65,66,68,79,92,96,111,119,125,148,184,199,201,202,201,201,202,202,202,204,204,205,205,205,206,207,208,208,208,209,210,211,211,212,213,213,212,213,213,214,214,214,214,214,215,215,214,215,215,215,215,215,214,214,215,215,215,215,215,215,215,215,214,215,215,215,215,215,215,215,216,214,215,215,215,214,215,215,214,214,215,214,214,214,214,215
200,202,201,201,201,201,202,202,202,203,202,201,202,202,202,201,203,203,204,204,205,204,205,206,206,206,206,207,207,208,208,208,208,208,208,209,209,209,209,209,210,210,210,210,210,210,210,210,210,210,210,210,209,210,209,209,209,208,209,208,207,207,206,206,206,205,204,203,202,202,201,202,201,200,200,200,200,200,198,195,144,101,89,79,71,67,64,60,56,54,53,53,53,52,52,52,54,55,56,57,58,58,59,59,60,59,58,57,58,58,60,61,61,63,63,64,64,65,69,77,91,103,112,122,135,175,200,201,202,201,201,201,202,203,204,204,204,205,206,207,207,207,208,209,210,210,211,212,212,212,213,213,214,214,214,214,214,215,215,214,215,215,216,215,215,214,214,214,215,215,215,215,215,215,215,215,215,215,215,216,215,215,215,216,216,215,215,215,214,214,215,215,214,214,214,215,214,214,214,215
202,202,202,201,201,202,201,201,203,203,202,202,202,203,202,202,202,203,204,204,205,206,205,205,206,206,207,207,206,207,208,208,208,209,209,209,209,209,209,208,209,210,210,210,210,210,210,210,210,210,210,210,210,210,210,209,209,208,208,208,207,207,206,205,205,204,204,202,202,201,200,200,200,200,200,201,199,199,185,125,93,84,71,66,61,60,57,53,53,53,53,53,52,52,53,53,55,54,56,56,57,57,58,58,58,58,58,58,57,57,59,60,60,61,63,63,64,65,65,67,73,86,94,105,114,127,156,190,199,201,201,201,201,202,203,204,204,205,205,206,207,207,208,209,209,210,211,211,211,212,213,214,214,214,214,215,214,215,215,215,214,214,215,215,215,215,215,216,215,215,215,215,215,215,216,215,215,215,215,215,215,215,216,216,216,215,216,215,214,214,214,214,214,215,215,215,214,215,214,216
202,201,201,202,202,202,202,202,203,203,203,202,202,202,203,202,202,202,203,203,205,205,205,205,206,206,206,207,206,207,207,208,208,209,208,209,209,209,209,209,210,210,211,210,210,210,210,210,210,210,210,210,210,210,210,209,209,209,208,207,206,206,206,205,204,204,202,202,201,202,201,200,200,200,200,200,199,175,111,84,78,68,62,60,57,56,53,52,52,52,51,52,52,52,53,54,55,55,56,55,56,57,57,58,58,58,58,58,57,57,58,59,61,61,62,63,64,66,66,67,67,72,82,89,96,108,123,142,182,199,200,200,200,202,203,204,203,204,205,206,206,207,207,209,209,210,211,211,211,212,213,213,214,214,214,215,215,215,215,214,215,215,215,215,215,215,215,215,215,216,215,215,215,216,216,215,215,215,216,216,216,215,216,216,216,215,215,215,215,216,215,215,215,215,215,215,215,215,215,215
202,201,202,201,201,203,202,201,203,202,203,202,202,203,203,203,203,203,203,204,204,204,205,205,206,206,207,207,207,207,208,208,208,208,209,209,210,209,210,209,210,210,210,210,210,211,210,210,210,210,210,210,209,209,209,209,209,208,207,207,206,206,206,204,203,202,201,201,201,201,200,200,200,200,199,198,163,97,82,70,64,61,60,58,55,55,52,53,52,51,51,52,54,53,53,55,55,56,56,55,55,56,57,57,57,57,58,58,58,56,58,57,60,61,63,63,63,65,66,66,66,68,75,79,86,93,101,116,127,166,196,200,200,202,202,203,203,203,204,205,205,207,207,208,209,210,211,211,211,212,212,213,214,214,214,215,215,215,215,215,215,215,216,215,215,215,215,214,216,216,216,216,216,216,216,216,216,216,216,216,216,215,216,216,216,215,216,215,215,216,215,215,215,215,214,215,214,215,215,215
202,201,201,203,202,202,202,202,202,203,202,202,202,203,203,203,202,203,203,203,204,204,205,206,206,206,207,207,207,208,207,208,208,208,208,209,208,209,209,209,209,209,210,210,211,210,211,210,210,209,210,210,210,209,209,209,209,208,207,206,206,205,205,204,203,202,201,200,200,200,200,200,200,199,197,150,88,79,69,65,63,61,59,57,55,54,52,51,51,51,50,51,50,51,54,55,56,56,55,55,55,56,57,57,57,56,57,59,57,57,58,57,59,61,61,62,63,64,65,67,65,66,68,72,76,82,88,96,106,122,152,195,201,200,202,203,203,203,205,205,205,206,207,208,208,209,210,211,211,212,213,213,214,214,214,214,214,215,215,216,215,215,215,215,216,215,214,215,215,215,215,216,216,216,215,216,215,215,216,216,216,216,216,216,216,215,216,216,216,216,215,215,215,215,215,215,214,215,215,215
201,201,201,201,202,203,201,202,202,202,202,202,202,203,203,202,203,203,204,204,204,204,204,206,205,206,206,207,207,207,208,208,208,208,209,209,208,209,209,209,209,210,210,211,211,210,210,210,209,209,209,209,209,209,209,208,207,207,207,205,205,205,204,203,203,202,201,200,201,200,200,199,198,196,134,80,74,69,66,62,62,60,58,55,55,52,50,49,49,48,50,50,50,51,53,54,55,55,54,54,55,55,57,57,58,56,57,59,57,57,57,57,58,60,60,62,61,64,65,67,66,67,67,68,71,75,80,86,90,99,116,138,176,200,202,202,202,202,203,204,205,206,206,208,208,209,210,210,211,211,212,213,213,214,214,215,214,215,215,216,216,216,216,216,216,216,215,216,215,216,216,216,216,216,215,214,215,216,215,216,216,216,217,216,217,216,216,216,215,215,215,215,215,215,215,215,214,216,215,215
201,201,202,202,202,202,202,202,202,202,201,202,202,203,203,202,203,203,204,204,205,205,205,205,205,206,206,206,207,208,208,208,208,208,208,208,209,209,209,209,210,210,210,210,210,210,210,210,210,209,210,210,209,209,209,208,208,207,206,205,205,204,204,203,202,201,201,201,200,200,199,199,186,128,76,69,68,67,62,60,61,59,57,55,55,51,49,49,48,48,48,49,50,52,53,54,53,53,52,54,54,55,58,58,58,57,57,58,56,57,58,58,58,60,60,62,62,62,64,66,66,67,67,67,69,72,75,80,84,89,98,111,133,178,197,199,201,203,202,203,204,205,206,207,207,209,209,210,211,211,213,213,213,214,214,215,214,215,215,215,215,216,216,216,216,216,215,216,216,216,216,216,216,216,216,215,215,215,215,216,216,217,216,217,217,216,217,216,217,216,216,216,215,215,215,215,214,216,215,216
202,202,202,202,202,201,202,202,202,202,202,202,202,203,203,202,203,203,204,204,205,205,205,205,206,206,206,206,208,208,208,207,207,208,208,208,209,209,209,210,210,210,211,210,210,210,210,210,209,210,209,209,209,209,208,208,208,206,206,205,204,204,203,202,200,200,200,200,199,199,200,190,119,77,71,70,67,65,61,60,60,57,56,55,54,52,49,47,47,47,48,49,51,50,51,52,52,52,52,53,55,56,57,57,58,59,58,57,55,55,56,59,60,59,59,61,61,62,63,64,64,65,66,67,68,69,71,75,81,84,88,95,107,117,160,195,199,201,202,203,204,204,206,206,206,207,208,209,211,211,212,212,213,214,214,214,214,215,215,216,216,216,216,216,216,216,216,216,216,216,216,216,216,216,216,216,215,216,216,216,216,216,216,217,216,216,216,216,215,216,216,216,216,216,216,216,215,215,216,215
201,202,202,203,203,202,203,202,203,203,203,203,203,203,204,203,204,204,204,204,205,205,205,205,206,206,206,206,206,206,207,208,207,208,208,208,209,209,210,210,211,210,211,210,210,210,209,210,210,209,209,209,209,209,208,208,207,206,206,205,205,203,203,202,201,201,200,199,199,199,189,117,78,73,70,68,65,64,61,60,57,56,55,55,53,49,46,46,46,46,48,49,50,51,51,51,53,52,54,56,55,57,57,57,58,58,59,58,55,56,56,58,60,59,58,60,60,61,62,62,64,64,65,67,68,68,69,74,78,81,85,90,93,101,105,155,194,198,201,203,204,204,205,206,206,207,208,209,209,211,212,212,213,214,214,214,215,215,215,215,216,216,216,216,216,216,216,215,215,215,215,216,216,216,217,217,216,216,216,215,216,217,217,217,217,216,216,217,217,217,216,216,216,216,215,215,216,216,216,216
201,201,202,202,203,203,203,203,203,203,203,203,203,204,204,203,204,204,204,204,205,205,205,206,206,206,206,206,207,207,207,208,208,208,207,208,208,209,210,210,211,211,211,210,211,210,210,209,209,209,209,209,208,208,208,208,206,206,205,204,204,203,202,201,200,200,200,200,199,191,116,79,73,71,68,67,64,63,59,58,58,57,54,54,53,48,47,47,47,49,49,49,51,52,52,51,53,52,52,52,55,56,56,58,58,58,59,58,59,57,57,58,60,60,59,59,61,61,62,61,64,64,65,66,67,68,70,73,75,77,81,86,90,93,93,99,146,179,194,203,203,202,203,205,205,206,207,208,209,211,212,212,213,213,214,214,215,215,215,215,216,216,216,217,217,216,215,216,215,215,215,216,216,216,217,216,216,216,216,216,217,216,217,217,217,217,217,216,216,217,217,215,216,216,216,215,216,216,217,216
201,201,202,203,203,203,203,203,203,203,203,203,203,204,204,204,204,204,205,205,205,205,205,206,206,206,207,207,207,208,207,207,207,208,209,209,209,209,210,210,210,211,211,210,210,210,210,210,209,209,209,208,208,208,207,206,206,205,205,204,203,202,202,201,199,200,199,199,190,122,80,75,71,69,68,66,63,61,59,58,57,56,54,54,54,52,50,51,51,53,53,53,53,53,53,53,53,53,53,52,54,56,56,56,58,58,58,58,59,57,56,56,59,60,59,59,61,60,62,62,63,64,65,66,68,69,71,73,73,76,79,84,87,87,90,88,95,120,159,193,199,202,203,204,205,206,207,209,209,211,211,212,212,212,213,214,215,215,216,217,216,217,217,216,217,216,216,215,215,216,216,216,216,216,217,217,217,216,217,217,217,217,217,216,217,216,217,217,216,216,217,216,217,217,216,216,216,216,217,216
202,202,202,203,204,203,204,202,203,203,203,204,204,204,204,204,204,204,204,205,205,205,206,205,206,206,207,207,207,207,208,208,207,208,208,209,209,209,209,210,211,211,211,211,210,210,210,210,210,209,209,208,208,208,208,207,206,206,205,203,203,202,202,201,200,200,199,191,123,80,75,71,70,69,67,65,63,61,59,58,56,56,54,54,54,54,54,55,55,57,57,55,53,53,55,54,55,54,52,54,55,56,55,56,56,57,58,57,59,56,56,56,59,60,59,60,61,60,61,62,63,64,65,66,68,67,70,70,73,76,78,82,83,86,87,87,85,94,120,159,186,202,203,203,204,205,207,208,209,210,211,212,212,212,213,213,215,215,215,216,216,216,217,217,216,216,217,216,215,216,216,216,216,217,217,217,217,217,217,217,217,217,217,217,217,217,217,217,216,216,216,216,217,217,217,217,217,217,217,216
201,202,203,203,204,203,203,204,203,203,204,204,204,205,203,204,204,204,204,205,205,205,206,206,206,206,207,207,206,207,208,208,207,209,209,209,209,209,210,210,211,212,211,210,210,210,210,209,210,209,208,208,208,208,207,207,205,205,204,202,202,201,202,201,200,198,190,125,81,74,72,70,69,68,66,65,63,60,60,58,58,57,57,55,55,56,57,57,58,59,56,54,53,56,54,54,55,55,55,54,55,57,57,56,56,57,58,57,56,55,55,55,60,60,59,59,59,60,62,62,63,64,65,66,67,68,68,69,72,74,77,81,83,86,85,86,87,88,98,104,151,184,200,202,203,204,206,207,208,209,210,212,212,212,213,214,215,215,216,216,216,216,217,216,217,217,217,217,216,216,216,216,217,217,218,217,217,217,217,217,217,217,218,217,217,218,218,217,217,217,216,217,217,217,217,217,216,216,216,216
202,203,203,204,203,204,203,204,203,203,203,204,205,204,204,204,205,205,205,205,206,206,206,206,206,206,207,207,207,208,208,208,208,208,208,209,209,210,210,210,211,211,211,211,211,210,210,210,210,209,208,207,208,207,206,206,205,205,203,202,201,201,200,199,199,186,132,85,76,73,72,69,67,66,65,63,62,61,62,59,58,58,57,58,56,56,56,56,56,56,56,56,55,57,57,57,55,55,53,54,56,57,57,58,60,59,59,58,57,58,57,56,59,59,60,61,60,62,62,62,63,64,65,66,67,67,68,70,71,74,76,79,81,84,85,86,87,87,88,95,92,143,186,200,201,203,204,206,207,209,210,210,211,213,213,214,215,215,216,216,217,217,217,217,217,217,217,218,216,216,217,217,218,217,218,218,217,217,217,217,218,218,217,217,217,218,216,216,217,217,217,216,217,217,216,217,216,217,216,216
203,202,203,204,204,203,204,204,203,203,203,204,204,204,205,205,205,205,205,206,205,206,206,206,206,206,207,207,207,208,208,208,208,209,208,209,209,209,210,210,210,211,211,211,211,210,209,210,209,209,208,207,207,207,206,206,205,204,203,202,201,201,200,199,192,142,88,79,74,73,70,67,65,65,65,63,62,61,61,60,59,60,60,61,58,56,54,56,57,59,59,58,57,58,57,58,57,56,54,55,57,57,58,57,58,60,60,59,61,61,59,57,59,59,62,62,62,62,64,63,65,65,66,66,68,66,68,70,72,73,75,78,80,82,85,87,85,86,85,85,98,82,134,174,198,202,203,205,206,207,209,209,211,212,213,214,215,214,214,215,217,217,218,217,217,217,217,217,217,217,217,218,218,218,217,217,217,218,217,218,218,218,218,218,218,217,216,217,218,217,218,217,217,217,217,217,216,217,217,216
203,203,203,204,204,204,204,204,203,204,203,204,205,205,204,205,205,205,206,205,206,206,206,206,206,207,207,207,207,208,208,208,208,209,208,209,209,210,210,210,211,210,211,211,211,211,210,210,210,208,208,208,208,207,207,205,204,203,202,201,201,200,199,194,151,91,79,75,74,72,69,66,64,64,63,64,64,63,64,62,59,60,61,62,60,58,55,59,61,61,62,61,61,61,59,60,58,57,56,57,59,57,58,58,61,60,59,59,61,61,60,59,60,61,63,61,62,63,64,64,67,67,67,66,69,68,69,71,73,74,74,77,79,80,83,84,83,84,83,82,86,91,81,136,182,198,202,205,206,208,208,210,211,212,213,213,214,214,215,216,218,217,217,217,217,217,217,217,217,218,217,218,218,218,218,219,218,218,218,218,218,218,219,218,218,218,217,217,217,217,217,217,217,217,218,217,216,217,217,216
203,204,204,204,204,203,204,203,204,204,205,205,205,205,203,205,205,205,205,206,206,206,207,207,207,207,207,207,207,208,208,208,209,209,209,209,209,210,210,211,211,211,211,211,211,210,210,210,209,209,208,208,207,207,206,205,203,202,200,199,198,198,195,170,98,80,75,73,73,71,68,64,64,63,64,64,64,64,64,63,61,61,62,61,63,62,62,64,62,63,63,63,63,62,61,60,58,58,58,57,58,59,58,59,61,62,62,60,58,59,61,60,61,63,63,64,64,64,64,66,67,69,69,68,68,69,70,72,74,76,76,77,77,79,80,81,82,82,82,82,82,88,88,66,147,181,201,205,206,206,208,209,211,212,213,214,215,216,215,217,216,216,217,217,217,217,218,217,218,218,218,218,218,218,218,218,218,218,217,219,218,218,218,217,218,217,217,218,218,217,218,218,218,218,218,218,218,218,218,217
204,204,204,204,204,204,204,203,204,204,205,205,205,206,206,206,206,206,205,206,206,206,206,207,207,207,207,207,207,208,208,208,208,209,209,210,209,210,210,211,212,211,211,212,211,211,210,210,209,209,208,208,207,206,205,204,203,202,199,199,197,190,165,108,83,76,73,71,71,70,67,65,64,64,64,64,64,65,66,64,63,63,65,64,64,65,66,64,64,62,63,64,64,63,61,60,59,60,60,59,59,58,58,62,63,64,64,61,57,58,61,60,61,64,63,63,64,65,64,66,67,68,69,69,67,69,72,74,77,78,80,79,79,80,80,82,83,82,82,83,82,84,88,78,77,163,199,203,204,204,207,209,210,211,212,213,214,216,215,216,217,217,218,217,217,218,218,218,217,218,218,218,218,218,218,218,218,218,217,218,218,218,218,217,218,218,217,218,218,218,218,218,218,218,219,217,218,218,218,218
203,204,204,205,204,204,204,203,205,205,205,205,206,205,205,206,205,205,206,206,206,207,207,207,207,207,207,207,208,208,209,208,209,209,209,210,210,210,211,211,212,212,212,212,211,211,210,209,209,209,208,207,207,206,205,203,202,201,200,199,198,174,117,85,77,75,73,71,68,66,65,65,64,64,63,66,65,67,66,66,66,66,67,67,66,66,66,66,66,66,65,64,64,64,65,63,61,60,59,59,60,58,58,63,64,65,68,62,62,64,64,63,64,66,64,63,65,65,65,67,67,69,70,68,69,71,72,75,77,78,81,80,81,81,81,82,84,83,82,83,83,82,82,87,71,100,181,198,201,204,207,208,208,210,211,213,214,215,215,216,217,217,218,217,218,218,218,218,217,218,218,217,218,219,219,219,218,219,218,218,218,218,218,217,218,217,218,217,218,218,218,218,218,218,218,218,218,218,218,218
204,205,205,204,204,204,204,204,204,205,204,205,206,206,205,205,205,206,207,207,206,207,207,207,207,207,208,208,208,209,209,209,209,209,209,209,210,210,211,211,212,212,212,212,212,211,210,210,209,209,208,208,206,207,205,203,202,201,199,198,184,130,86,79,75,72,72,69,65,64,64,63,64,65,63,65,65,68,67,66,68,67,69,67,68,69,72,71,70,69,70,68,67,67,65,64,62,60,61,62,62,59,61,62,64,67,73,66,69,68,67,66,68,67,66,65,64,64,65,68,68,69,71,70,72,73,75,77,81,82,81,83,81,81,80,81,83,81,82,84,83,82,82,81,86,55,130,192,197,205,206,208,209,211,212,212,213,214,215,216,216,217,218,218,218,218,218,218,218,218,219,218,219,219,219,219,219,219,218,218,218,218,218,218,218,218,218,218,218,218,218,218,218,218,219,218,218,219,219,218
204,205,205,205,205,204,205,204,205,205,204,205,205,206,205,205,206,206,206,206,206,207,207,208,207,207,208,209,208,209,209,209,209,209,210,210,209,210,211,212,212,212,212,212,211,211,210,210,210,209,209,208,207,206,205,203,201,201,200,194,130,81,82,77,72,70,70,68,66,63,63,63,66,66,64,66,68,69,68,67,71,71,69,67,69,70,71,73,72,71,71,71,70,71,68,67,62,62,63,65,63,61,62,64,66,68,78,73,70,68,76,68,67,68,67,68,69,68,69,69,71,71,73,74,77,77,77,76,82,85,84,84,82,82,80,80,81,80,81,84,84,83,82,82,84,81,67,147,196,205,205,207,208,209,211,212,213,215,215,215,216,217,218,218,218,219,218,218,218,218,219,219,219,219,219,219,219,219,219,219,219,219,218,219,219,219,218,219,218,217,217,218,218,219,219,218,218,219,218,218
204,205,205,205,205,205,205,204,205,205,205,205,206,206,206,206,205,206,206,206,206,207,207,207,208,207,208,209,208,209,209,210,209,210,210,211,211,211,211,212,212,212,212,212,211,211,210,210,209,209,208,207,206,206,205,202,201,200,191,162,91,83,77,72,69,68,68,68,64,62,63,64,67,67,65,66,68,67,69,68,70,73,71,74,74,73,72,76,72,72,74,73,73,73,74,74,72,70,65,65,68,66,66,69,70,74,81,77,75,68,64,64,69,68,66,68,68,73,82,75,76,76,74,74,77,76,81,82,86,88,86,85,85,84,81,80,81,81,82,82,83,83,84,83,84,88,68,88,182,201,200,204,206,209,210,210,212,214,215,216,216,217,218,218,219,218,218,218,218,219,219,219,219,219,219,219,219,219,219,219,219,219,219,219,219,219,219,219,219,218,218,218,219,219,219,218,219,219,218,219
205,204,205,205,205,205,205,205,205,205,205,206,207,206,206,206,206,205,206,207,206,207,207,207,208,208,208,208,209,209,209,210,210,210,210,210,210,211,210,211,212,212,212,212,211,211,210,210,208,208,207,207,205,205,205,202,201,198,156,106,82,82,75,70,68,66,66,67,64,62,64,66,67,68,67,64,65,69,69,69,69,75,68,76,72,72,71,76,73,76,77,75,76,74,74,74,72,69,66,71,72,69,71,77,76,74,80,80,76,68,66,70,69,67,67,69,72,74,78,86,87,80,77,76,77,77,79,79,81,87,84,85,86,85,82,81,81,82,82,82,83,82,85,84,84,82,87,55,118,181,198,203,205,207,210,211,212,213,214,215,216,216,217,219,219,219,219,218,219,219,220,219,219,219,219,219,219,219,219,218,219,219,219,219,219,218,219,219,219,219,219,219,219,219,219,219,218,219,219,219
205,205,205,207,205,206,205,205,205,206,207,206,206,206,206,206,205,206,206,207,207,207,208,208,208,208,208,209,209,209,209,210,210,210,210,212,211,211,212,212,213,212,212,213,212,211,210,209,209,208,208,206,206,205,204,202,201,195,145,79,83,80,75,70,67,64,65,66,64,63,63,64,66,67,66,63,63,67,68,68,70,73,72,80,75,72,72,75,72,73,67,74,72,74,72,75,73,72,71,71,70,67,69,77,75,76,77,78,76,72,73,77,75,69,71,75,76,76,84,92,91,84,80,78,77,77,79,79,86,86,84,83,85,87,84,82,82,83,83,84,85,85,86,84,83,82,86,76,55,165,197,201,204,206,208,210,211,213,214,214,216,217,217,219,219,219,218,219,218,219,219,220,219,219,219,219,219,219,219,219,219,219,219,219,219,219,219,219,219,218,219,219,219,219,219,219,219,218,219,219
205,205,205,206,207,205,205,206,207,206,206,207,206,207,206,206,206,207,207,208,208,207,208,208,208,208,209,209,209,210,210,211,210,210,210,211,212,212,212,212,213,213,212,213,211,211,211,210,209,208,207,207,206,205,203,201,199,176,102,80,81,75,72,68,66,63,64,64,64,64,65,65,69,70,66,63,65,66,67,67,68,72,75,78,72,72,73,71,73,65,62,73,74,75,75,76,78,76,80,73,71,71,69,72,71,74,78,74,79,79,77,80,76,74,73,83,84,85,86,88,88,88,87,81,77,77,80,80,84,85,81,81,83,85,84,83,83,84,85,85,86,85,85,86,85,85,86,88,60,106,190,201,203,205,206,209,210,211,213,214,215,217,218,219,219,218,218,219,219,219,219,219,219,220,219,220,219,220,219,219,220,220,219,219,219,219,219,219,220,219,219,219,219,219,220,219,219,219,219,219
205,205,206,205,206,206,206,206,206,206,205,207,206,207,206,207,207,207,207,208,207,208,208,208,209,208,209,209,210,210,211,211,211,211,211,211,212,212,212,212,213,213,212,212,211,210,210,209,209,208,207,207,204,204,202,200,198,142,70,81,79,72,70,67,64,63,62,63,66,66,67,65,69,69,67,65,65,66,68,70,71,74,75,77,76,72,74,75,73,73,78,76,78,77,77,79,78,77,81,76,75,75,72,70,71,73,72,71,76,79,82,80,76,74,71,76,84,89,89,90,87,80,80,82,77,77,81,80,86,82,82,81,83,84,81,81,82,83,89,87,88,87,87,89,87,88,88,88,79,60,162,198,201,202,205,208,209,211,212,213,215,217,218,219,219,218,218,218,219,219,219,219,219,219,220,220,220,220,220,219,219,220,219,220,219,219,219,219,219,219,219,219,219,219,219,220,219,219,219,219
205,205,206,205,206,206,206,206,206,206,206,207,206,207,208,207,207,207,207,208,208,208,208,208,208,209,209,210,210,210,210,210,212,211,211,212,212,213,212,213,213,213,213,212,211,210,210,209,209,207,206,206,204,203,201,197,177,88,75,81,73,71,68,66,64,63,63,63,69,67,69,68,74,76,66,65,65,66,67,71,72,75,74,76,79,73,75,73,74,77,78,78,78,79,80,81,77,78,82,79,79,76,75,71,75,74,77,79,79,78,80,81,78,72,71,82,76,85,84,84,77,75,70,76,77,73,78,80,81,81,81,82,82,83,79,79,79,82,84,95,89,90,89,90,89,91,90,90,89,67,90,183,200,202,204,206,208,209,211,213,216,217,218,218,218,218,218,218,219,218,219,219,219,220,220,220,220,220,220,219,219,220,219,219,219,220,220,220,220,220,220,219,219,219,220,220,219,219,219,218
206,206,206,206,206,207,205,206,206,206,206,207,206,207,207,207,207,207,208,208,208,208,208,209,208,209,209,210,210,210,210,211,211,211,212,212,213,213,212,213,213,213,212,212,212,211,210,209,208,208,206,205,204,203,199,185,138,69,77,76,70,68,67,66,64,63,62,62,67,68,66,65,70,72,64,65,65,67,69,70,72,72,73,75,78,72,72,72,73,74,77,78,78,76,79,82,76,79,84,80,78,76,76,73,78,76,76,76,76,76,76,78,72,71,70,73,74,75,84,76,74,78,73,81,78,76,77,79,80,85,81,81,80,81,84,85,82,84,83,85,95,95,94,93,92,91,92,90,88,84,49,138,197,199,201,204,206,208,210,213,214,216,217,218,219,218,218,218,218,219,219,219,219,220,220,219,219,220,220,219,219,220,220,220,219,219,220,220,220,220,220,220,219,219,220,220,219,220,220,219
206,206,206,207,207,206,206,207,206,207,206,207,207,207,208,207,208,208,208,208,208,208,209,209,209,209,210,210,210,210,210,211,211,212,212,213,213,213,213,213,213,214,213,212,211,210,209,209,208,207,207,205,205,203,200,172,79,72,78,74,70,67,67,66,64,63,63,62,62,61,63,63,65,66,63,64,64,67,68,68,70,70,70,73,74,73,72,73,72,77,78,80,85,86,87,87,81,83,83,79,80,76,75,74,74,76,75,73,71,73,72,66,63,61,69,71,66,66,70,71,81,83,86,91,83,75,78,81,86,83,82,81,81,80,82,83,83,84,89,97,98,97,97,95,94,93,93,92,89,89,71,92,191,197,197,202,204,206,210,211,213,215,217,217,218,218,218,217,218,219,219,219,219,220,219,219,219,219,220,220,219,220,220,220,220,220,220,220,220,220,220,220,220,220,220,220,219,220,220,220
206,207,207,206,207,207,206,207,207,207,206,207,207,207,207,208,208,208,208,208,208,209,209,209,210,210,210,210,210,211,211,211,212,212,212,213,213,214,214,214,214,214,213,213,212,211,211,209,208,207,206,206,204,203,196,124,65,75,76,73,69,69,67,65,63,63,62,62,61,61,62,62,62,62,61,60,63,67,69,70,69,69,70,71,70,71,71,73,72,76,79,78,81,80,83,83,84,81,81,76,75,72,71,69,68,69,69,71,70,67,68,57,63,66,69,70,68,67,72,75,75,81,79,77,79,82,79,81,82,81,84,86,85,82,82,80,79,84,89,97,96,97,100,99,97,95,94,94,91,87,83,59,162,189,200,202,204,205,209,211,213,214,215,217,217,217,217,218,219,219,219,219,219,220,220,220,220,220,220,220,220,220,220,220,219,220,220,220,220,220,221,220,221,220,220,220,219,220,221,220
207,206,207,206,207,206,206,207,207,207,207,208,208,207,208,208,208,208,208,209,209,209,209,209,210,210,210,210,211,211,211,211,213,213,213,213,214,214,214,214,215,214,213,213,212,211,210,209,208,207,206,205,204,203,191,90,68,76,76,72,69,67,65,64,62,60,60,60,61,61,62,61,60,59,59,59,61,66,69,68,69,68,70,68,68,71,68,70,68,74,75,77,78,80,80,77,83,79,77,71,67,70,70,70,70,70,69,69,69,65,64,60,63,67,67,65,71,68,67,72,75,76,69,69,78,81,82,83,80,82,83,94,89,85,79,78,82,86,92,91,94,98,102,100,98,98,95,96,92,86,82,64,107,182,193,200,201,204,207,209,211,212,214,215,216,216,217,218,219,219,220,219,219,220,220,220,220,220,220,221,220,219,220,220,220,219,221,220,220,221,221,221,220,220,220,221,219,220,220,220
208,208,207,207,207,207,207,208,207,208,208,207,208,207,208,208,208,209,209,209,209,209,210,210,210,210,210,211,211,211,212,211,212,212,213,214,214,214,214,214,214,215,214,213,212,211,210,209,208,207,206,206,204,199,153,63,69,73,75,71,68,66,65,63,61,61,61,60,60,61,61,60,59,58,59,61,63,66,68,68,69,72,74,68,65,64,67,67,68,72,74,73,78,78,75,86,85,82,76,77,68,68,71,68,66,68,67,67,65,64,64,68,62,66,67,67,66,65,68,70,69,67,67,75,79,82,87,87,89,79,88,95,95,85,79,82,84,84,87,89,93,96,103,98,97,98,98,98,95,86,83,77,69,156,193,198,199,202,206,208,210,212,213,214,214,215,217,218,218,219,219,219,219,220,220,220,221,220,220,220,220,220,220,220,220,220,220,221,221,220,220,221,220,221,221,221,220,221,220,220
207,208,208,207,208,208,208,209,209,208,208,208,208,208,208,209,209,209,209,209,209,210,210,211,211,211,211,210,211,212,211,212,212,212,213,214,215,214,214,214,214,214,213,212,211,211,209,209,208,207,207,206,204,197,103,59,72,74,74,71,67,65,65,64,61,60,60,61,62,60,59,58,58,58,59,60,64,63,67,71,71,71,70,70,68,65,67,67,68,73,73,72,78,78,77,80,78,73,73,76,70,69,73,68,66,66,66,63,65,75,74,65,64,66,73,69,70,67,67,66,66,66,68,74,75,76,94,86,80,82,86,91,84,82,87,86,84,81,86,91,95,97,103,101,98,97,99,99,97,91,83,84,62,104,187,197,199,201,205,206,210,212,212,214,214,215,216,217,218,219,219,219,219,220,220,220,220,220,220,221,220,219,220,221,221,220,220,220,220,220,221,221,221,221,221,221,220,220,220,220
208,208,208,209,209,209,208,209,208,208,208,208,207,208,208,209,209,209,209,209,210,210,210,211,211,211,211,212,211,212,212,212,212,213,214,214,214,214,215,214,214,214,213,212,211,211,210,209,208,207,207,206,204,181,74,62,71,73,72,69,67,65,64,63,61,60,61,60,61,61,59,58,59,59,61,62,67,67,69,69,74,74,72,67,64,65,66,68,70,72,73,69,72,72,73,74,73,72,81,75,76,75,82,75,74,72,66,64,68,72,73,64,60,65,76,67,71,64,62,67,70,64,66,68,72,76,86,86,84,82,85,82,83,84,82,80,84,80,82,90,96,97,99,99,97,97,101,101,101,93,83,80,67,55,176,198,199,202,204,205,209,211,212,213,213,214,215,216,217,218,219,219,220,220,220,221,220,220,221,221,220,220,220,220,220,220,221,221,221,221,221,221,221,221,221,221,221,220,220,220
208,209,209,209,209,209,210,208,209,209,209,208,208,208,209,209,209,209,209,209,210,210,210,211,211,211,211,212,212,212,212,212,213,214,214,215,215,215,214,215,214,215,213,213,211,210,210,209,208,207,207,206,201,145,61,64,71,72,71,70,67,65,63,64,62,59,61,60,61,61,59,59,60,58,62,65,67,68,70,72,76,74,73,68,69,67,67,68,70,67,69,69,71,72,72,73,74,72,77,74,74,77,83,80,78,74,70,65,65,67,65,59,61,64,74,68,70,62,62,71,71,66,67,68,73,78,84,80,73,78,80,77,73,76,75,76,84,87,87,92,98,99,99,97,98,100,98,103,104,95,83,79,78,57,171,198,200,202,203,205,208,210,211,212,212,213,215,215,217,218,218,219,219,220,220,221,221,221,220,221,220,221,220,221,221,221,221,221,222,221,221,221,221,221,221,221,221,221,221,221
209,209,209,209,210,209,209,210,209,209,208,209,209,209,209,209,209,209,210,210,210,210,211,211,212,212,212,212,212,212,212,213,213,214,214,214,215,215,215,215,215,215,214,213,212,211,210,209,208,207,206,205,197,114,57,64,72,73,71,69,67,64,63,62,61,59,59,59,61,60,58,58,60,62,63,66,65,67,73,72,74,74,73,70,70,67,68,69,72,67,68,66,66,71,71,70,72,73,75,75,76,78,77,77,76,72,68,65,63,64,63,61,64,66,72,63,61,62,70,68,66,68,69,70,74,75,76,73,80,79,80,80,80,79,78,78,83,83,86,91,95,98,100,95,96,98,100,103,107,100,91,82,84,59,167,193,201,201,202,205,207,209,210,211,212,213,214,214,215,216,217,218,219,219,219,221,221,221,221,221,220,220,221,220,221,221,222,221,221,221,221,221,221,222,221,220,221,220,221,221
210,209,210,209,209,210,210,210,209,209,209,209,210,209,209,209,209,209,210,210,211,211,211,211,212,212,212,212,212,213,213,213,213,214,214,215,215,215,215,215,214,214,214,213,212,211,210,209,208,207,206,204,194,81,59,67,72,72,71,69,66,63,62,61,60,59,59,60,60,60,59,58,60,62,65,67,67,68,71,67,71,75,75,74,72,70,71,74,71,70,69,68,67,71,71,71,74,75,71,76,79,77,75,75,73,71,68,66,64,68,65,68,71,70,70,64,61,62,70,69,68,70,71,76,77,76,76,73,82,83,81,81,78,88,86,85,84,84,86,90,94,97,104,100,93,96,98,103,105,101,94,82,90,65,148,194,198,199,202,204,206,208,209,210,211,212,212,214,214,216,216,217,218,219,219,220,220,220,221,220,220,221,221,221,221,221,221,221,221,221,220,221,221,221,221,221,222,220,221,220
210,210,210,210,210,209,210,210,210,210,210,209,210,210,209,209,209,209,210,211,211,211,211,212,212,212,212,213,212,214,213,214,214,215,215,215,216,216,216,216,215,214,214,213,213,211,210,209,208,206,205,203,172,65,65,71,71,71,70,68,65,63,61,60,60,59,59,60,61,60,59,58,60,60,64,69,72,70,69,54,70,76,78,79,75,72,71,70,70,69,67,68,67,70,70,69,70,75,73,77,75,77,76,76,72,71,70,66,66,67,73,78,75,75,73,70,69,69,74,71,69,69,78,75,76,76,75,74,72,77,80,81,81,86,88,87,88,87,86,89,95,95,95,99,102,98,97,102,105,103,99,89,87,63,108,192,194,198,200,203,206,207,209,211,211,212,213,213,214,216,215,217,217,218,219,220,221,221,221,221,220,221,221,221,221,221,221,221,221,221,221,221,222,222,222,222,221,221,221,220
210,210,210,210,211,210,210,210,211,211,210,210,210,210,210,209,209,209,210,211,211,211,212,212,212,212,213,213,213,213,213,213,215,215,215,216,216,216,215,216,215,215,214,214,212,211,210,209,208,207,205,198,141,56,68,72,70,70,69,67,65,63,61,60,60,60,60,61,61,61,59,58,58,58,60,67,66,69,70,71,77,81,81,80,74,70,70,72,75,75,68,67,63,76,76,77,71,68,72,77,76,77,76,77,77,73,71,72,73,74,76,78,74,76,76,75,72,73,71,73,70,70,74,73,76,75,72,74,71,73,78,80,85,84,88,92,94,92,87,89,93,99,104,101,107,99,98,102,107,105,102,99,87,69,89,178,192,195,198,201,204,207,208,211,211,212,213,213,214,215,215,216,218,218,219,220,220,220,221,220,221,221,221,221,221,221,221,222,221,221,222,222,222,221,222,222,221,221,221,220
210,210,210,210,211,210,210,211,211,211,211,211,210,210,210,210,210,210,210,211,211,211,212,212,212,213,213,214,214,213,214,214,215,215,215,215,216,216,215,216,216,216,215,213,213,211,210,209,208,207,206,194,120,55,74,73,72,71,70,67,65,63,62,61,61,61,62,63,62,61,59,58,58,58,59,60,63,66,66,73,77,80,81,78,78,72,71,76,77,78,73,71,67,68,71,69,70,71,71,72,70,73,73,75,77,76,76,76,80,81,78,74,74,79,78,76,71,70,67,74,73,74,72,73,75,74,74,72,71,74,78,80,88,87,89,97,95,92,91,93,90,94,96,100,104,103,102,105,106,109,105,104,103,90,71,177,191,192,196,199,202,205,207,209,210,212,213,213,214,215,215,216,217,218,219,220,220,220,221,221,220,221,221,221,221,221,222,222,222,222,222,222,222,222,222,222,222,221,222,221
210,210,210,211,211,210,210,210,211,211,211,211,211,210,210,209,210,210,211,211,211,212,212,212,213,213,213,213,213,213,214,214,214,215,215,216,217,217,216,216,216,215,214,213,212,211,210,209,208,207,206,198,119,63,73,73,73,72,70,67,65,64,61,60,61,61,62,63,63,62,62,60,62,62,64,66,66,66,69,74,77,77,77,79,79,74,72,78,80,83,79,70,71,69,71,73,73,71,69,69,69,70,71,74,73,77,82,84,81,79,76,74,74,76,79,75,71,70,69,73,73,74,73,75,77,72,70,73,74,77,80,83,86,88,90,102,99,93,91,90,91,92,93,98,101,105,106,109,108,110,108,107,107,91,60,161,186,190,195,198,201,204,207,208,209,210,212,213,213,215,215,216,217,217,218,219,220,220,221,221,220,221,221,221,221,221,222,222,222,222,222,222,222,222,222,221,221,221,221,221
211,211,211,211,211,211,211,211,212,212,211,211,210,211,211,210,210,210,211,211,212,212,212,213,212,213,213,214,214,214,214,214,216,215,216,216,217,217,217,217,217,216,215,214,212,211,210,208,208,207,205,197,102,69,78,73,71,71,71,66,64,62,59,60,62,63,64,65,65,64,65,64,67,67,71,72,73,74,75,76,78,79,77,77,82,78,79,85,86,85,83,74,71,72,70,74,77,74,72,74,68,71,70,73,71,74,74,80,79,78,74,75,73,73,71,72,71,69,70,70,71,72,73,81,80,76,75,75,74,78,80,86,88,89,90,105,99,90,91,90,88,88,92,95,100,104,108,110,112,112,110,110,109,90,58,159,187,191,194,198,200,202,205,206,207,209,212,213,213,214,215,215,215,217,218,219,219,221,220,220,220,221,221,221,221,221,222,221,222,222,222,222,222,222,222,222,222,221,222,221
211,211,211,211,210,210,211,211,211,210,210,211,211,211,210,209,209,212,212,212,212,213,213,213,214,214,214,214,215,214,214,215,216,216,216,217,217,217,217,217,217,216,216,215,213,211,210,209,208,206,206,193,86,73,75,73,71,71,70,64,63,60,59,59,61,64,66,66,66,67,67,68,68,69,70,72,74,75,78,82,81,78,75,74,79,83,87,91,84,83,84,79,74,72,70,79,78,74,79,80,68,72,74,73,74,74,73,73,73,75,73,72,76,74,69,69,69,71,72,71,70,71,72,77,75,76,76,77,80,79,89,88,90,90,92,88,93,87,81,83,86,93,93,92,97,99,104,110,114,114,113,112,112,95,53,162,187,190,191,195,197,199,202,204,206,209,211,212,213,214,215,215,215,217,217,218,218,220,221,221,221,221,221,222,221,221,221,221,222,222,222,221,222,222,222,222,221,221,221,222
211,211,212,211,211,211,211,211,211,211,211,211,211,211,210,209,210,211,213,213,213,213,213,213,214,214,214,215,215,215,215,215,215,216,217,217,217,218,218,217,217,217,216,215,213,212,210,209,207,206,205,203,94,77,78,74,72,72,69,64,62,59,58,57,61,63,65,66,65,66,65,65,67,68,69,73,73,74,73,78,77,77,76,72,76,82,85,83,85,85,85,86,79,76,76,81,69,53,67,76,69,67,74,77,76,77,73,73,75,69,70,75,76,75,73,76,72,72,74,75,72,72,72,74,76,76,75,76,77,86,89,96,92,98,92,90,97,93,83,79,77,84,95,91,92,98,100,108,114,115,115,114,113,98,51,139,184,188,191,194,197,200,201,203,206,208,210,212,213,213,214,214,215,216,217,218,218,219,220,221,220,221,221,222,221,221,222,222,222,221,222,222,222,222,221,222,222,222,221,222
211,212,212,211,211,211,211,211,211,211,211,212,212,212,212,211,212,212,213,213,213,213,213,214,214,215,215,215,215,215,215,215,216,216,217,217,218,218,218,218,217,217,216,215,213,212,210,209,208,206,204,193,91,78,78,73,72,72,68,64,61,58,55,53,59,59,59,58,60,60,57,61,61,65,68,70,73,72,71,77,76,78,74,74,74,82,80,80,81,83,95,91,81,78,81,80,77,70,74,75,74,67,75,82,74,77,77,76,81,74,73,83,79,75,72,69,71,75,77,75,76,75,74,76,76,76,76,76,81,87,90,89,88,90,92,93,88,86,82,70,86,85,83,90,92,95,99,104,113,116,117,116,115,104,56,141,179,188,190,193,196,198,199,202,204,206,208,210,211,213,213,213,215,216,216,217,218,219,220,221,220,221,221,222,222,222,222,222,222,222,222,222,222,222,222,222,223,221,222,221
211,211,212,211,211,211,211,211,211,212,212,212,212,212,212,212,212,213,213,213,213,214,214,214,214,215,215,216,215,215,215,216,216,216,217,217,218,218,218,217,218,217,216,215,214,213,211,209,209,206,205,174,74,78,77,73,75,73,66,63,59,54,53,50,51,50,53,54,54,54,50,55,56,64,64,66,71,72,73,76,78,77,75,78,81,86,84,84,87,88,95,88,84,79,81,85,85,76,76,74,77,75,76,83,79,76,76,78,84,81,79,82,81,80,79,77,79,79,77,76,75,74,74,78,77,76,75,79,85,76,89,90,84,94,82,89,83,78,81,79,85,84,87,93,94,95,98,105,112,117,117,116,115,105,68,155,180,186,189,191,194,197,198,201,203,205,207,209,211,212,213,213,214,216,216,217,217,218,219,220,220,221,221,221,221,222,222,223,222,222,222,222,222,222,223,222,222,220,222,221
211,212,212,211,211,211,211,212,212,212,212,212,212,212,213,213,213,213,213,214,214,214,214,215,215,216,215,216,216,216,216,217,217,217,217,217,218,218,218,218,218,218,216,215,214,213,210,210,209,206,205,171,84,78,75,74,78,72,65,61,55,51,46,47,50,52,52,50,50,50,50,53,55,61,64,64,67,70,68,72,74,76,76,81,86,88,90,95,97,96,95,90,86,83,79,80,84,80,78,78,79,76,74,83,78,77,85,80,81,85,86,83,85,85,85,87,87,90,83,79,77,75,75,78,77,81,77,86,92,79,85,88,81,83,86,82,78,76,74,71,87,93,92,91,93,97,99,104,111,116,115,115,115,105,67,147,180,185,188,191,193,195,198,200,202,205,206,207,209,211,211,213,214,214,216,216,217,219,219,220,220,221,221,222,222,222,222,222,223,222,222,222,223,222,222,222,222,221,222,221
211,212,212,211,211,212,212,212,212,212,212,212,213,212,213,212,213,214,214,214,214,215,214,215,215,215,215,216,216,216,217,217,217,217,218,218,218,218,219,219,219,218,217,215,214,213,211,210,208,207,205,190,112,79,76,74,80,71,66,60,54,48,47,46,49,51,51,51,49,48,50,51,53,57,55,60,61,62,65,65,70,75,78,85,87,89,98,102,104,103,101,96,92,91,89,84,82,86,86,86,82,75,69,76,68,77,86,86,87,88,89,87,90,94,94,95,93,96,83,78,77,75,76,76,79,79,80,77,72,77,91,86,79,79,79,87,86,84,87,77,83,93,97,94,93,97,99,105,112,114,115,115,115,111,83,150,175,182,187,190,192,194,196,199,201,205,205,207,209,210,210,212,213,214,216,216,216,219,219,219,219,221,221,222,222,222,222,222,222,222,223,222,222,222,222,222,222,222,222,222
212,212,213,212,212,212,212,213,213,213,213,212,212,212,212,213,213,214,214,214,214,214,214,215,215,216,216,216,217,216,216,217,217,217,218,218,218,218,218,219,219,218,217,216,215,212,211,209,208,206,203,198,120,83,78,75,80,72,65,58,54,50,49,49,48,47,49,43,47,49,51,50,53,53,52,53,59,61,62,66,71,72,77,84,85,91,96,96,99,99,97,97,101,99,93,87,84,84,85,80,74,70,73,82,82,82,89,87,91,94,94,90,100,97,94,101,99,90,81,80,81,76,78,80,78,69,72,65,59,60,69,71,78,77,79,84,92,85,84,85,86,88,95,96,100,99,104,105,112,114,115,113,114,114,87,153,177,183,185,188,192,194,194,197,200,202,203,206,207,209,210,211,213,214,216,215,216,218,218,219,219,221,221,222,222,221,222,222,222,222,223,222,223,223,222,223,222,222,222,222
212,212,212,212,212,212,212,213,213,213,213,213,214,213,213,214,214,214,215,215,215,215,215,215,216,216,216,217,216,217,216,217,217,218,219,218,217,218,219,219,219,219,218,217,215,214,211,211,209,207,203,201,119,81,80,81,77,66,62,59,54,51,51,52,51,51,49,37,40,50,51,47,46,48,50,54,57,61,59,57,76,70,75,82,81,88,98,97,98,98,94,97,95,88,89,87,85,84,91,78,77,68,76,81,82,84,87,88,93,97,99,100,103,100,96,102,100,88,78,76,79,76,75,77,75,68,71,59,52,54,70,68,75,76,78,84,91,89,86,95,91,94,94,99,101,97,104,109,112,113,114,111,114,115,75,152,180,183,186,188,189,193,194,196,199,200,203,205,207,208,209,210,212,213,214,215,216,218,218,218,219,220,221,222,222,221,222,223,223,223,223,222,223,223,223,223,223,223,221,222
212,212,212,213,213,213,213,213,213,214,213,214,214,214,214,214,214,214,215,215,215,216,216,216,216,216,217,217,216,217,217,217,218,218,219,218,218,219,219,219,219,219,218,217,215,214,212,211,209,207,205,189,103,78,80,84,74,67,65,61,56,53,53,54,54,54,50,49,53,55,55,50,46,46,46,53,57,59,59,57,62,75,63,78,77,83,84,83,80,87,94,95,92,81,80,83,86,87,87,83,79,70,74,80,82,86,89,85,90,92,89,90,93,92,89,92,90,82,74,76,74,71,68,71,67,60,61,61,56,67,72,77,75,75,78,80,85,85,85,92,91,88,84,101,102,103,107,110,111,112,112,112,113,114,72,139,181,182,185,188,189,193,194,195,197,200,203,205,207,208,209,211,211,213,213,215,216,216,217,218,219,220,221,222,222,222,222,223,222,223,223,223,223,222,223,223,223,223,222,222
212,213,213,213,213,214,214,213,214,214,214,214,214,214,214,214,214,215,215,216,215,216,216,216,217,217,217,217,218,217,218,218,218,219,219,218,219,219,219,219,220,220,219,218,215,214,212,210,209,206,204,182,115,77,79,86,74,67,63,62,59,58,58,59,60,58,54,57,59,59,59,56,51,47,47,49,50,52,54,55,57,63,69,71,79,79,82,79,73,77,83,80,76,74,75,77,87,88,84,84,84,80,77,80,83,84,85,78,82,82,77,77,78,77,80,80,75,71,71,68,67,69,67,67,67,67,64,67,72,75,75,81,82,81,81,88,90,82,81,82,87,90,99,102,102,106,112,114,114,113,111,112,112,113,76,142,178,181,183,187,188,191,193,195,196,198,201,205,206,207,208,210,211,212,213,213,215,216,217,218,218,219,220,221,222,222,223,223,223,223,223,223,223,223,223,223,223,223,222,221
213,213,214,213,213,213,214,214,214,214,214,214,214,214,214,215,215,215,216,216,216,216,216,217,217,217,217,217,218,218,218,218,218,219,220,220,220,220,219,220,220,220,219,217,216,214,211,210,207,205,202,189,138,74,80,85,76,70,65,62,61,62,62,63,63,64,65,58,64,62,63,61,56,53,48,47,48,51,51,52,56,58,60,67,68,70,71,70,72,73,70,68,68,71,71,74,80,85,92,89,86,84,82,77,82,76,76,68,67,71,69,68,67,62,62,62,62,62,55,56,58,60,65,68,75,76,77,77,74,71,74,79,80,79,84,97,97,85,90,89,82,88,94,92,96,105,111,115,117,113,111,110,111,114,91,163,177,182,180,184,186,190,192,195,196,197,200,202,204,205,207,209,210,211,213,213,215,216,216,218,219,219,220,221,222,223,223,223,223,223,223,223,223,223,223,223,223,223,222,222
213,213,214,214,214,214,214,214,214,214,214,214,214,214,215,215,215,216,216,216,216,216,217,217,217,218,217,218,218,218,219,218,218,219,219,220,220,219,219,220,220,220,218,217,216,214,211,210,208,202,201,199,148,79,81,82,71,67,66,65,63,65,65,66,66,67,68,68,65,64,64,64,62,58,50,49,48,51,52,53,46,50,53,57,60,64,62,63,60,61,66,66,64,64,68,70,78,78,90,90,83,83,82,83,78,75,71,69,64,64,58,61,60,59,59,60,60,55,51,57,57,62,63,67,71,71,66,69,69,71,76,77,80,79,83,85,86,90,92,98,95,95,100,99,105,109,109,112,114,117,107,107,110,114,118,171,178,168,148,135,147,179,191,195,196,198,200,202,203,205,207,208,210,211,211,213,214,216,216,218,219,219,220,221,222,222,222,223,223,223,223,223,223,223,223,222,223,223,222,221
214,214,214,214,215,215,215,215,214,214,215,215,214,215,215,215,215,216,216,216,217,216,217,217,217,217,217,218,220,219,219,218,219,220,220,220,220,219,219,219,220,220,218,217,216,214,212,209,205,163,127,140,134,75,80,80,72,68,67,65,65,66,63,63,65,66,69,70,69,68,67,66,65,66,61,62,54,54,52,52,50,51,53,59,58,61,59,57,57,54,57,59,60,60,61,61,71,74,86,85,84,82,80,86,78,76,72,71,71,69,60,57,58,56,55,55,55,54,53,56,62,68,66,64,67,70,70,75,78,80,81,80,81,82,84,84,89,93,94,94,98,96,101,105,106,108,111,111,114,119,107,105,109,111,126,176,159,83,43,48,58,87,167,194,196,197,200,200,203,205,206,207,208,209,211,212,213,216,217,217,218,218,220,221,221,222,222,222,223,223,223,223,223,223,223,223,223,223,222,222
214,214,215,215,215,215,215,215,215,215,215,215,215,215,215,215,215,216,215,216,217,217,217,217,218,219,219,218,219,219,219,219,219,220,220,221,220,219,220,220,220,220,219,218,217,215,213,205,119,64,48,37,43,77,77,78,71,70,68,66,67,67,64,64,65,67,69,70,71,71,72,73,76,75,70,70,70,65,56,54,50,49,54,57,58,58,60,57,55,50,52,52,50,52,51,56,61,65,75,79,81,79,83,78,78,78,73,71,73,66,59,61,62,56,58,56,58,57,56,58,60,65,71,73,75,80,79,83,84,84,84,81,82,84,86,86,90,91,94,92,99,101,105,111,108,103,105,109,111,113,102,102,108,112,121,136,43,29,37,46,66,85,103,176,195,197,198,201,202,204,205,207,208,209,209,212,213,215,216,217,217,219,219,221,221,222,222,223,223,223,223,223,223,223,224,223,223,223,222,222
214,215,215,215,215,215,215,215,215,215,216,215,215,215,216,216,216,216,216,217,217,217,217,218,218,219,219,219,219,219,219,219,219,220,221,221,221,220,220,220,220,220,219,219,217,215,212,158,73,58,46,40,32,77,77,76,74,73,72,69,68,61,62,62,66,68,69,70,72,74,74,76,82,81,80,84,84,79,75,70,65,64,57,55,55,57,57,56,54,53,52,47,41,42,47,53,56,64,70,72,69,76,71,70,69,74,72,73,77,66,60,59,60,59,63,61,59,60,63,66,70,73,77,82,82,86,86,82,83,79,79,73,77,79,79,81,85,82,86,91,101,109,108,109,106,104,105,105,108,109,100,102,106,111,106,22,23,33,45,64,91,100,93,141,196,196,198,200,201,203,204,205,207,208,210,211,212,214,216,217,218,219,220,220,221,222,222,223,223,223,223,223,223,224,223,223,223,223,222,223
215,215,215,216,216,216,215,216,216,216,216,216,216,215,216,216,216,216,216,217,217,218,218,218,218,218,218,219,219,220,220,219,219,220,220,220,220,220,221,221,220,221,220,219,218,215,212,126,74,60,46,40,35,74,76,77,74,73,73,70,66,59,65,65,70,71,69,69,73,75,73,77,79,83,83,87,86,83,80,78,74,68,66,66,63,62,60,58,53,53,53,49,44,42,45,48,53,60,70,72,66,65,68,67,61,64,66,66,63,61,61,58,57,57,62,59,58,67,71,74,75,77,75,72,68,60,49,43,39,40,39,27,25,27,32,36,49,61,68,77,98,105,108,113,111,102,102,107,107,104,100,104,106,111,95,19,27,47,72,95,98,32,34,126,195,197,199,200,201,202,204,205,206,207,209,210,212,213,216,216,217,219,219,220,221,223,223,223,223,223,223,223,223,223,223,223,223,223,223,223
214,215,216,215,216,215,216,216,216,217,216,216,216,215,216,217,217,217,217,218,218,218,218,218,218,218,219,219,220,221,220,220,219,220,220,220,220,220,220,220,220,221,220,219,218,216,213,147,64,70,51,41,38,73,73,74,74,73,73,70,68,66,66,68,72,71,68,66,67,71,65,65,64,63,62,64,64,67,72,74,74,72,72,72,69,66,63,59,55,53,54,51,48,45,46,48,54,58,66,68,63,62,61,58,59,60,61,62,57,55,54,57,56,53,53,55,58,72,72,74,72,67,59,48,32,25,38,42,42,36,30,28,33,36,44,47,46,42,39,37,45,74,97,110,112,101,105,110,107,100,101,105,104,113,103,31,41,68,96,101,39,7,36,126,195,198,200,201,202,202,202,204,204,205,208,210,211,212,215,215,217,219,219,219,221,222,223,223,224,223,223,223,223,224,223,223,223,223,223,223
215,215,216,216,216,216,216,216,217,217,217,217,216,216,217,217,217,217,218,218,218,218,218,219,218,219,219,220,220,220,220,220,220,220,220,220,221,220,221,221,221,221,220,219,218,216,214,200,47,38,63,45,40,74,73,71,72,73,72,71,68,66,65,68,68,64,60,58,44,28,29,28,34,41,42,45,45,39,34,36,46,54,63,67,69,67,63,58,54,54,55,49,47,46,47,47,54,53,52,55,56,58,61,61,57,48,50,51,51,51,50,55,54,52,53,55,57,65,67,66,56,45,23,22,25,42,57,58,60,66,56,43,38,43,49,63,63,67,67,71,54,29,68,96,108,109,105,102,106,100,100,105,102,111,111,47,62,90,104,48,20,7,44,140,195,197,199,201,201,202,202,204,205,205,207,209,210,212,213,215,217,218,219,220,221,222,223,224,223,223,223,223,224,223,223,224,223,224,223,223
215,215,216,215,216,216,216,216,217,216,217,217,218,218,218,218,218,217,218,218,218,218,219,218,219,219,219,219,221,221,221,221,220,220,220,221,220,221,221,221,221,221,221,219,218,215,213,211,76,33,45,55,45,73,71,70,69,71,70,72,70,66,64,65,64,59,30,19,21,31,42,45,50,54,55,52,52,48,40,30,24,26,29,41,51,61,65,61,56,52,50,49,48,50,49,47,46,45,45,51,59,63,63,59,58,55,54,54,50,52,52,51,50,51,52,53,54,56,56,51,43,18,23,26,29,41,46,53,49,46,44,42,38,39,46,54,56,63,74,86,85,58,34,67,101,106,102,102,105,101,100,100,100,108,116,60,84,100,52,23,22,8,51,154,194,196,199,201,202,203,203,204,205,206,207,208,209,211,213,215,215,217,219,220,221,222,223,224,224,224,223,224,224,224,224,224,223,223,224,223
215,215,216,216,216,217,217,217,216,216,217,217,217,217,218,218,218,218,219,219,219,219,220,219,219,219,219,220,221,221,221,222,220,220,220,220,221,221,221,221,221,221,220,219,217,215,213,210,89,45,22,50,52,73,69,67,67,69,69,72,70,66,63,60,49,26,24,35,40,43,46,50,50,56,57,56,56,54,47,37,29,26,25,23,32,43,52,50,52,55,50,50,47,46,52,48,47,47,46,52,61,69,68,72,67,68,67,63,58,55,55,52,49,48,47,46,48,49,46,43,21,25,26,30,28,34,41,41,64,85,92,64,56,47,51,56,55,64,70,81,82,80,56,37,84,105,98,101,103,100,101,102,100,105,113,71,97,79,19,27,20,22,75,173,195,197,199,200,201,203,203,204,205,206,207,208,209,210,212,214,215,217,219,219,221,221,223,223,223,223,224,224,223,223,223,224,224,224,224,223
215,216,216,216,216,216,217,217,217,216,216,217,218,218,219,219,218,218,219,218,219,220,219,219,219,220,221,221,221,221,222,222,221,221,220,221,221,221,221,222,222,221,221,219,217,216,214,210,99,53,18,46,50,71,66,65,66,68,68,71,72,67,59,44,16,32,38,39,42,43,46,51,53,57,58,56,54,51,48,46,35,30,30,25,20,27,38,45,46,47,46,46,47,46,48,46,46,46,49,60,65,70,72,75,77,78,78,73,69,66,57,52,52,52,42,42,42,46,43,22,26,28,22,29,27,27,29,27,32,34,27,40,41,43,59,75,73,83,105,99,81,88,84,44,56,102,98,96,97,96,97,100,98,103,109,78,103,68,12,28,8,32,87,188,195,197,199,200,202,202,203,204,205,205,206,207,208,209,211,213,215,216,218,219,221,222,223,224,223,223,224,223,223,223,223,224,224,224,224,224
215,216,216,216,216,215,216,217,217,217,217,217,217,218,218,218,218,218,219,220,220,221,220,220,220,221,222,222,221,222,222,222,222,221,221,221,221,221,222,222,222,221,221,220,217,216,214,212,115,57,13,48,48,71,65,63,63,65,68,69,75,62,43,18,35,40,41,39,41,43,46,51,54,60,60,57,56,50,46,44,38,35,29,26,28,20,25,40,45,46,46,46,46,45,46,44,47,47,51,62,66,71,76,73,73,74,75,78,77,66,54,53,53,49,43,43,45,44,20,23,23,21,21,19,18,26,8,4,6,31,8,3,4,6,6,17,37,56,100,116,99,91,93,81,60,84,102,93,93,92,91,97,99,103,108,81,118,66,9,15,7,44,116,193,195,197,199,201,201,201,203,204,203,204,204,207,208,209,211,213,214,216,217,220,220,221,222,224,224,224,223,224,224,223,223,224,223,224,224,224
216,216,217,216,216,216,216,217,217,217,217,218,217,218,219,219,219,219,219,221,220,221,220,220,220,222,222,222,221,222,222,221,222,221,221,221,222,222,221,222,222,222,221,220,218,217,215,214,131,56,12,42,44,74,64,62,61,61,62,62,69,46,23,31,48,43,40,41,41,42,44,49,64,75,75,78,73,70,50,44,38,36,31,25,29,27,22,25,33,47,49,47,47,45,43,43,47,49,53,57,62,68,69,70,69,75,80,83,76,62,47,43,52,54,54,56,44,31,35,28,19,14,27,65,92,79,15,11,6,57,98,6,12,6,17,68,61,29,20,53,89,98,94,84,91,89,99,97,95,95,95,98,99,101,107,92,125,67,8,14,8,59,141,193,195,197,199,199,201,200,202,203,204,204,204,205,207,208,210,212,214,216,217,220,221,222,223,223,224,224,223,223,224,224,224,224,224,224,224,223
216,216,216,217,217,217,217,218,217,217,218,217,218,218,219,219,219,219,220,221,221,221,221,220,221,222,222,222,221,222,222,222,222,222,222,222,222,222,222,223,223,222,221,221,219,218,215,213,147,57,10,38,41,75,64,60,59,59,59,61,64,38,35,56,53,47,45,42,41,42,43,43,43,43,38,41,27,29,22,20,17,18,18,21,23,23,28,26,33,44,48,49,48,43,37,42,45,50,55,58,61,67,72,73,70,72,72,78,76,59,44,39,42,56,61,49,59,35,18,9,17,38,77,107,129,89,14,12,5,19,96,4,17,92,78,122,124,112,58,8,20,59,68,75,83,94,96,97,96,94,94,96,99,101,106,97,118,69,6,10,8,61,164,194,196,197,199,199,200,200,201,202,203,203,204,205,207,207,210,213,214,215,217,219,220,222,223,223,223,223,223,224,224,224,224,224,223,224,224,223
215,216,216,217,217,217,218,217,218,218,218,218,218,219,219,220,220,221,221,221,221,221,221,221,221,222,222,221,222,222,222,221,221,222,222,222,222,222,223,222,222,223,222,221,219,218,215,212,162,59,13,33,39,85,61,59,59,59,58,58,56,43,46,54,62,54,49,45,42,39,30,20,11,7,3,5,92,8,6,4,4,51,68,52,23,17,21,25,29,45,43,51,44,38,30,37,41,45,50,55,57,63,69,69,69,70,69,74,75,62,45,36,30,53,61,44,29,24,59,52,52,92,100,128,138,104,17,7,5,19,7,4,14,48,42,122,155,153,107,16,5,26,59,71,73,91,96,99,95,93,94,96,101,101,106,97,115,84,9,7,16,83,181,193,196,197,199,199,200,200,200,201,202,203,205,206,207,208,211,212,213,215,217,219,221,222,223,223,223,223,224,224,224,224,224,224,224,224,223,223
216,216,216,217,217,218,217,217,217,218,218,219,218,219,220,221,221,220,221,222,221,221,221,221,221,222,222,222,223,222,222,222,222,222,222,222,222,223,223,223,222,222,222,221,220,218,216,213,177,62,16,28,33,83,60,57,58,59,59,56,50,43,37,40,62,57,52,41,22,24,33,11,8,14,7,4,26,4,6,5,11,95,109,101,63,50,38,62,37,24,42,54,44,34,30,37,38,45,48,52,55,62,67,66,64,63,67,66,69,62,49,42,28,41,51,29,19,11,17,29,51,48,50,95,136,131,46,8,5,16,12,8,8,17,56,152,167,138,55,20,56,62,56,69,82,93,98,99,97,92,92,96,102,102,109,82,96,95,15,6,32,95,191,193,196,198,197,199,200,200,200,202,202,202,204,206,207,208,211,212,212,215,216,219,220,222,223,223,223,224,223,224,224,224,225,224,224,224,224,224
216,216,216,217,217,218,218,218,218,218,218,218,219,219,220,220,220,220,221,221,222,222,221,221,222,222,222,222,223,223,222,222,223,223,222,222,223,222,223,223,223,223,222,221,220,218,216,213,199,68,29,21,35,73,60,58,59,59,59,56,51,45,42,37,33,27,20,8,26,57,76,88,22,19,7,20,6,5,4,8,28,113,124,76,33,23,25,31,16,17,29,38,39,37,30,32,35,44,50,58,58,57,65,63,67,68,68,68,68,62,56,43,31,31,43,34,37,50,50,30,17,23,26,31,49,90,94,26,10,12,12,13,16,41,129,155,115,46,37,74,91,90,98,94,89,89,93,93,99,93,94,97,101,103,110,73,76,87,23,10,44,121,191,193,195,197,198,198,200,200,201,201,202,202,204,205,207,208,210,212,213,214,215,218,219,222,223,223,224,224,224,224,224,225,224,224,224,225,223,224
216,217,218,217,218,218,218,219,219,219,219,219,219,219,220,219,221,221,220,220,221,221,221,221,222,222,222,222,222,222,223,223,223,223,222,223,223,223,223,223,223,223,223,221,220,218,215,213,211,90,44,20,38,71,60,59,59,61,60,58,54,49,46,39,29,26,13,8,14,64,122,127,68,21,17,21,10,8,7,10,63,71,37,26,21,23,35,42,47,52,47,40,43,35,30,33,38,47,53,55,61,58,65,63,65,66,67,71,77,69,58,50,37,33,37,39,47,52,63,54,65,65,75,66,53,32,31,30,28,29,16,15,32,63,64,41,29,49,107,113,99,93,106,92,90,85,87,90,96,95,94,97,100,104,108,71,55,79,37,11,51,147,193,193,194,196,198,198,199,200,199,201,202,202,204,205,206,208,210,211,213,214,215,217,219,221,223,223,224,224,224,224,224,225,225,224,224,224,224,224
216,217,217,217,218,218,218,218,219,219,219,219,220,219,220,220,221,221,221,221,221,221,222,222,222,222,223,222,222,222,222,223,223,223,222,222,223,223,223,223,223,223,223,222,220,219,215,213,211,126,55,26,37,70,61,60,59,61,60,59,56,52,50,47,46,48,30,26,18,23,60,101,119,60,17,10,8,15,17,22,26,32,44,47,42,39,40,46,50,60,42,44,44,31,36,41,46,53,55,57,59,59,64,63,62,66,68,71,74,64,68,55,45,41,39,36,47,55,51,59,39,41,61,77,82,106,96,57,44,42,40,34,31,36,45,61,79,85,96,118,98,97,101,91,88,86,84,89,93,94,91,98,101,105,107,76,51,68,51,21,56,169,193,194,195,196,197,199,199,200,200,201,200,201,202,204,206,208,209,211,213,214,215,217,219,221,223,223,224,224,224,224,224,225,224,224,224,225,224,224
216,217,217,218,218,218,219,219,219,219,219,219,220,220,220,220,221,220,221,221,221,221,222,222,222,222,222,222,222,222,222,223,223,222,223,223,223,223,223,223,223,223,222,221,220,218,216,214,213,164,58,32,43,70,61,60,60,61,61,59,57,56,55,58,58,55,52,52,44,32,23,21,24,31,27,29,32,43,45,54,62,70,70,60,33,48,35,47,61,50,45,41,39,38,38,43,45,52,53,56,57,60,64,66,66,69,73,75,79,78,77,77,56,46,41,39,48,56,58,61,53,57,32,52,51,49,64,62,73,67,62,40,40,62,64,78,71,83,92,102,101,96,93,89,84,84,82,87,91,89,93,97,101,103,106,70,44,56,61,29,68,185,193,194,195,197,196,201,200,199,200,201,201,202,202,205,206,207,209,211,213,213,215,217,219,221,223,223,224,224,224,225,225,225,224,224,225,225,225,225
217,217,217,218,219,218,219,219,219,219,220,219,220,220,220,220,220,221,221,221,221,221,222,221,222,221,222,222,222,222,222,223,223,222,223,223,223,223,223,224,223,223,222,221,221,218,217,215,213,191,55,35,46,68,62,62,61,61,61,61,60,58,57,57,58,59,58,55,50,48,45,42,46,50,62,74,79,76,84,98,78,65,44,30,52,30,49,61,56,49,45,43,37,45,44,42,45,51,55,62,61,65,65,66,66,70,79,85,82,78,76,94,74,59,49,36,37,47,59,61,60,64,71,50,36,47,39,39,33,39,41,39,43,61,73,90,113,120,120,109,103,87,88,85,82,81,84,85,88,88,93,99,103,104,107,71,37,49,66,29,90,191,193,194,195,197,196,201,200,200,200,200,201,202,202,204,205,207,209,211,212,213,215,217,219,221,223,224,224,224,224,224,225,225,224,225,225,225,225,224
217,217,217,218,219,218,219,219,220,220,220,219,220,221,220,220,221,221,222,221,221,222,221,221,221,222,222,222,222,222,222,222,223,223,223,223,223,223,223,223,224,224,223,222,221,219,217,215,214,207,67,35,45,68,65,63,61,62,61,62,61,60,56,54,55,57,58,55,53,50,49,47,46,49,44,46,41,47,51,61,52,36,47,56,35,58,65,57,47,48,43,42,38,45,46,39,45,51,58,66,67,63,65,68,68,71,72,83,88,78,73,91,89,71,61,46,42,46,49,56,65,70,62,62,64,45,42,57,59,51,46,52,59,66,68,74,87,99,109,100,96,87,84,83,83,77,80,87,88,92,95,97,104,106,108,73,31,49,65,30,106,192,192,195,195,197,197,199,200,200,200,201,201,202,201,204,206,207,209,211,211,213,215,216,218,221,223,223,224,224,224,224,225,225,225,224,225,225,225,225
217,218,218,218,219,219,220,220,219,220,220,220,220,220,220,221,221,222,222,222,222,221,222,222,221,222,222,222,223,222,222,222,223,223,223,223,223,223,223,223,224,223,223,222,220,219,217,215,214,202,65,33,43,70,64,60,62,63,62,62,61,60,57,54,53,55,56,56,56,55,53,50,50,51,45,43,48,52,43,34,49,67,51,47,65,69,69,48,48,48,43,45,43,48,43,40,45,49,58,62,72,67,72,69,66,70,74,79,82,81,66,78,87,76,72,69,60,57,54,58,57,65,74,76,69,63,66,56,48,53,62,58,57,68,69,80,89,90,93,91,88,89,84,84,81,77,84,87,89,95,97,99,106,109,106,76,30,55,53,35,117,192,191,194,195,198,197,199,199,199,200,201,201,202,202,204,205,206,208,211,211,214,215,217,218,221,223,224,224,224,224,224,224,225,225,224,225,225,225,225
218,218,218,219,218,219,219,219,220,220,219,220,221,220,221,221,221,222,221,222,222,221,222,222,222,222,222,223,223,223,223,222,223,223,224,223,223,223,223,224,224,224,223,222,221,219,218,216,213,203,60,27,36,69,67,60,63,64,64,63,60,60,56,53,53,51,53,52,52,53,52,52,57,56,53,46,44,41,53,70,54,50,65,77,77,69,55,54,49,46,43,47,46,48,37,43,46,55,66,69,71,72,71,71,70,70,75,77,77,76,68,67,72,80,79,74,69,66,61,62,62,62,65,72,71,76,67,70,73,66,58,60,62,70,75,78,86,86,83,83,86,91,87,82,78,77,86,85,95,98,99,100,107,109,108,79,35,73,28,38,118,190,191,193,194,198,197,198,199,199,199,201,202,203,202,204,204,205,208,211,211,214,215,217,219,221,222,224,224,224,224,224,224,224,225,225,225,225,225,225
218,218,218,219,219,220,220,219,220,220,220,220,221,221,221,221,221,222,222,222,222,221,222,222,222,222,223,223,223,223,223,223,223,223,223,224,223,223,223,223,224,223,223,222,221,219,218,217,204,172,42,21,30,64,67,64,63,64,64,64,63,60,58,55,54,53,53,51,51,49,51,52,53,50,47,47,58,65,57,57,63,74,79,77,77,65,62,60,57,49,48,49,48,43,36,48,53,60,63,68,72,69,70,71,74,77,82,79,73,79,68,62,65,80,82,80,75,70,68,67,65,63,61,70,71,71,83,75,70,74,75,76,74,72,74,75,78,81,82,84,92,98,92,87,82,83,87,86,96,99,101,104,108,110,107,79,57,79,12,34,105,171,191,194,196,197,198,198,199,200,200,200,202,203,202,203,202,206,208,211,212,212,215,216,219,221,223,223,224,224,225,224,225,225,225,224,225,225,225,225
218,219,218,219,219,220,220,220,221,220,221,220,221,221,222,222,221,222,222,222,221,222,221,222,222,223,223,223,223,223,223,224,224,224,224,224,224,224,223,223,224,223,223,222,221,220,219,215,199,125,32,15,26,66,68,65,65,65,64,63,62,60,58,57,58,56,55,53,50,48,48,49,52,54,59,64,60,59,67,77,83,77,76,70,64,63,65,59,57,57,51,51,45,36,39,52,57,61,68,72,71,70,73,74,77,77,71,74,77,73,66,64,56,75,83,83,84,76,76,74,70,67,64,70,68,70,72,73,74,75,71,75,77,75,81,82,83,87,91,88,89,90,92,83,85,85,83,88,98,103,105,104,110,109,106,78,69,42,11,39,102,184,196,195,196,197,199,197,200,200,200,201,201,201,202,203,204,206,209,210,212,213,214,216,219,221,222,224,224,224,225,224,224,224,224,225,225,225,225,225
218,219,219,219,219,219,220,220,220,221,220,220,221,221,222,221,222,222,222,222,222,223,222,222,222,223,223,223,223,223,223,223,223,224,224,224,224,223,223,223,224,223,223,222,221,220,219,216,190,121,40,34,46,60,69,67,67,67,66,65,64,62,61,62,61,60,58,55,54,53,53,56,58,59,55,56,64,79,79,79,78,75,78,59,64,68,68,63,58,55,54,51,39,33,45,54,55,63,69,72,74,75,77,79,78,79,75,82,79,75,73,76,59,69,83,86,79,80,78,82,79,74,67,67,69,66,67,70,72,73,74,78,85,81,83,86,88,91,95,95,94,92,91,87,84,85,87,92,102,105,110,113,113,110,102,76,53,18,18,41,110,169,192,195,196,198,198,198,199,199,200,200,201,202,203,203,203,205,209,210,212,213,215,216,218,220,222,222,224,224,224,224,225,225,225,225,225,225,225,226
218,219,219,219,220,220,221,220,220,221,221,220,221,221,222,221,222,222,222,222,223,223,222,222,222,223,222,223,223,223,223,223,224,224,224,224,224,224,223,223,223,224,223,222,221,220,219,215,166,101,62,62,44,65,71,69,69,70,69,68,68,64,63,64,62,61,62,57,54,55,55,56,60,65,68,71,76,72,74,76,71,73,65,68,72,72,73,68,63,57,50,48,34,39,55,58,63,70,68,75,77,78,78,79,83,82,86,83,77,78,76,80,71,65,84,91,100,91,86,83,81,81,78,70,69,64,66,65,69,68,67,70,76,77,82,83,87,88,94,97,94,92,89,86,86,88,87,91,103,106,114,118,113,112,105,82,56,41,35,61,120,176,188,196,197,198,198,198,200,200,200,201,201,202,202,203,204,204,209,210,212,213,214,217,218,220,222,223,224,224,224,225,225,226,225,225,225,225,225,226
218,219,219,219,220,220,220,220,221,221,221,221,222,221,222,222,222,222,222,222,223,223,222,223,223,223,223,223,223,223,223,223,224,224,224,224,224,224,224,223,224,224,223,222,222,221,219,217,189,78,61,57,34,69,72,71,72,72,71,70,70,68,66,66,63,64,63,60,59,59,60,66,69,67,69,72,67,65,65,68,67,67,72,76,69,79,75,69,63,63,49,44,33,46,60,65,73,82,80,83,81,81,81,86,87,89,89,86,80,79,78,79,77,70,82,89,98,93,91,85,83,83,82,79,73,69,64,66,70,71,69,68,69,75,84,84,88,92,94,90,87,84,85,83,80,91,95,96,100,109,117,118,115,112,106,87,55,70,62,82,122,167,191,196,197,198,199,197,199,200,200,201,201,202,202,203,204,205,208,210,212,213,214,217,218,220,223,224,224,224,225,225,225,225,225,225,225,226,225,225
218,219,219,219,220,220,220,220,220,220,221,222,221,222,222,222,222,222,222,222,223,224,223,223,224,223,223,223,223,224,224,224,224,224,224,224,224,224,224,224,224,224,223,222,221,221,219,214,182,70,60,50,32,69,75,74,73,74,75,75,75,70,67,69,65,64,62,62,65,62,63,68,70,68,64,61,60,60,64,70,69,70,71,72,78,79,72,72,64,57,44,37,45,56,63,64,78,83,81,80,83,82,82,87,87,88,89,88,88,86,86,90,81,75,78,89,94,96,89,85,86,86,84,81,76,70,66,66,68,71,68,67,70,69,76,81,79,81,80,85,87,86,87,87,93,96,105,104,104,111,118,119,116,112,106,90,50,74,75,84,137,176,190,197,197,198,197,198,199,200,200,201,201,201,202,202,204,205,208,211,211,212,215,216,218,221,222,223,224,224,224,225,225,225,225,225,225,225,225,224
218,219,219,219,220,220,220,221,221,221,221,221,221,222,222,222,222,222,222,223,223,223,223,223,223,223,223,223,223,223,223,224,223,224,224,224,224,224,224,224,224,223,223,223,221,221,220,216,184,71,61,51,31,69,75,74,73,75,75,76,77,78,73,70,67,66,63,63,62,61,62,60,56,59,58,52,52,57,66,67,64,79,71,81,84,78,66,69,60,49,40,40,52,60,63,67,82,86,88,91,92,88,89,90,91,92,90,92,92,90,93,86,85,77,74,88,90,93,83,88,90,89,86,82,80,77,74,70,71,72,71,67,65,68,67,69,72,72,75,80,82,87,91,93,99,99,101,111,112,111,118,119,118,111,106,83,49,71,77,84,138,189,193,196,197,197,198,198,199,199,199,201,201,201,202,204,204,204,208,211,211,212,214,216,218,220,222,223,224,224,225,226,225,226,225,225,225,226,225,224
218,219,219,220,220,220,220,221,221,221,221,221,222,222,221,222,222,222,222,222,223,222,223,223,223,223,223,223,223,223,223,223,223,224,224,224,224,224,224,224,223,224,223,223,222,221,220,218,191,73,61,50,28,65,73,75,76,77,76,77,79,78,73,68,68,67,64,63,62,59,59,54,52,52,55,57,59,65,65,63,66,81,77,82,84,74,73,70,58,46,40,44,57,63,68,81,87,87,93,92,93,93,91,96,96,95,96,97,96,95,99,87,87,79,74,85,87,88,84,86,86,89,88,88,81,77,77,78,77,76,73,68,71,72,83,72,75,74,85,81,84,88,93,99,109,114,116,116,113,110,116,117,118,111,105,63,36,72,79,88,142,189,196,196,197,197,198,198,199,199,200,201,201,201,203,204,204,203,208,209,211,212,215,216,217,219,221,223,224,225,224,225,225,225,226,225,225,225,225,224
219,220,219,220,220,220,221,220,221,221,221,221,222,222,222,222,222,222,222,223,223,223,223,223,223,223,223,223,223,223,223,223,223,224,224,224,224,224,224,223,223,223,223,222,221,220,219,218,209,82,60,50,26,62,72,75,77,76,75,78,80,78,78,70,67,67,66,64,62,59,58,54,54,56,64,68,69,68,76,64,70,80,78,81,76,74,74,68,50,41,40,48,61,62,75,85,92,91,92,99,102,101,99,100,98,97,98,98,99,102,102,90,85,79,65,79,84,81,80,86,85,90,91,88,85,81,78,79,78,76,78,74,75,75,77,69,77,76,89,85,85,86,93,105,110,115,117,119,116,114,113,117,119,111,105,61,40,70,78,93,162,195,196,196,198,197,198,198,198,199,199,200,200,201,203,203,203,204,207,209,212,211,214,215,217,220,221,223,224,225,225,225,225,225,225,225,225,225,225,224
219,219,219,220,220,221,221,221,221,221,221,221,222,222,222,222,223,222,223,223,223,223,223,223,223,222,223,223,223,224,224,223,223,224,224,224,224,224,224,223,223,223,223,222,221,220,219,218,218,130,65,55,21,59,71,74,77,76,78,79,78,72,75,73,71,69,68,64,67,68,71,72,75,70,67,73,68,70,68,68,71,77,79,81,75,79,78,66,42,39,43,49,59,68,84,89,92,96,100,105,110,107,107,104,102,100,102,103,104,108,105,100,87,78,70,69,79,82,79,80,88,85,86,83,90,84,84,83,75,75,81,80,80,80,81,80,79,75,86,89,86,85,95,104,112,114,116,119,113,113,114,116,118,111,104,61,54,74,86,104,184,195,196,196,196,196,197,198,198,199,199,199,199,201,202,203,204,204,206,210,214,212,214,215,217,220,221,223,224,224,225,224,225,225,225,226,224,225,225,224
219,219,220,220,220,221,221,221,221,221,222,222,222,222,222,223,222,223,223,223,223,222,222,223,223,223,223,223,223,223,224,224,223,224,224,224,224,224,223,223,223,222,223,223,221,221,220,219,217,197,85,59,23,52,69,74,75,75,78,79,77,76,77,77,74,77,75,67,70,71,75,69,72,71,72,72,73,73,73,72,77,78,85,87,84,83,80,65,36,44,50,62,62,74,82,91,90,97,108,118,113,113,112,104,102,102,104,104,105,108,105,105,93,82,71,64,61,77,68,71,86,83,87,82,84,85,84,87,82,80,82,80,81,81,84,86,86,88,89,87,90,88,99,107,110,116,120,117,115,113,113,117,116,110,102,58,57,83,100,140,193,196,196,196,195,197,197,197,199,199,199,199,198,201,202,202,204,205,207,210,214,212,213,215,217,220,221,224,224,224,224,225,225,225,226,225,225,226,225,224
219,219,220,220,220,221,221,221,221,222,222,222,222,223,223,223,223,223,223,223,223,223,223,223,223,223,223,223,223,223,223,223,223,223,224,224,224,224,223,223,223,223,223,222,222,220,220,219,217,215,166,61,33,41,68,74,74,76,78,80,78,81,78,72,73,78,73,71,74,78,79,67,70,71,74,76,75,75,81,78,86,94,91,84,86,84,70,55,40,53,61,67,72,79,84,90,91,100,109,127,121,121,118,111,106,108,108,109,109,110,116,122,108,98,83,74,68,75,60,58,73,82,85,82,82,84,86,86,85,84,85,82,80,80,86,85,87,90,87,93,92,91,98,103,109,115,117,109,112,114,114,116,117,110,98,61,59,98,116,184,194,195,197,196,196,197,197,198,198,199,200,199,199,200,203,202,204,204,208,210,212,213,215,216,217,220,222,222,224,224,224,225,225,225,225,225,225,225,225,224
220,220,220,221,221,221,221,221,221,222,222,222,222,223,223,223,223,223,223,223,223,224,223,223,224,223,223,223,223,223,223,223,223,223,224,224,224,224,223,223,223,223,222,222,222,221,220,219,217,216,202,127,44,35,66,72,73,75,78,81,81,80,76,74,72,72,71,71,74,78,76,71,69,74,76,81,75,81,80,86,84,83,88,83,82,84,64,48,53,63,65,70,75,78,82,94,97,103,109,126,132,134,131,121,118,110,111,108,111,109,112,126,121,107,94,88,82,75,64,45,65,76,81,81,82,83,89,88,90,87,88,85,87,90,85,85,84,87,94,93,92,93,99,98,106,112,116,110,114,113,112,114,115,108,97,57,66,117,174,193,195,195,196,196,197,197,197,198,198,198,199,200,200,202,201,202,203,204,208,210,212,213,215,216,217,220,222,223,225,224,225,224,225,225,225,225,225,226,225,225
220,220,220,221,221,221,221,221,222,222,222,222,222,223,223,223,223,223,223,223,223,223,223,223,223,223,223,223,223,223,223,223,223,224,224,223,223,223,223,223,223,222,222,222,221,221,220,219,217,216,205,153,74,39,61,71,70,72,74,78,81,80,77,75,73,70,69,70,74,72,73,77,78,83,91,78,78,86,83,89,83,90,94,86,83,70,44,52,64,69,72,74,82,81,84,91,99,104,113,125,128,139,150,137,125,121,121,113,112,108,115,128,128,117,104,96,92,87,80,49,55,69,76,80,82,84,88,83,90,91,88,91,89,94,85,92,87,90,92,91,92,96,95,93,109,109,112,110,115,116,112,113,115,108,92,72,123,186,192,195,195,195,195,196,197,196,198,197,198,198,199,200,200,202,201,202,203,205,208,210,212,213,214,216,217,220,222,223,225,223,225,224,226,225,225,225,226,226,225,225
219,220,220,221,221,220,221,221,221,222,222,222,222,223,222,222,223,223,223,223,223,223,223,223,223,224,224,223,223,223,223,223,223,223,223,223,223,223,223,223,222,222,222,222,221,221,221,219,217,217,216,172,49,38,58,71,70,71,74,80,82,82,79,73,69,68,66,70,69,70,78,82,79,82,79,80,89,83,87,88,84,86,90,86,81,59,51,64,72,71,75,82,87,85,87,94,93,102,105,119,120,129,139,147,133,123,117,116,113,116,112,120,129,122,104,104,104,99,93,75,45,54,71,81,88,89,93,87,88,91,93,93,90,91,87,89,87,89,90,97,86,99,95,102,100,102,103,110,104,108,109,109,112,107,89,77,164,190,193,193,195,194,196,196,196,197,198,198,198,197,199,200,201,201,201,203,204,206,207,210,212,212,213,216,217,220,222,223,224,224,225,225,225,225,225,225,226,226,225,225
220,220,220,220,220,220,221,221,222,222,222,222,222,223,222,223,222,222,223,223,223,223,223,223,223,223,223,223,223,223,223,223,223,223,223,223,222,222,223,222,222,222,222,222,221,221,221,219,217,216,214,208,89,38,55,64,71,73,73,75,75,80,74,72,69,65,65,69,69,70,76,79,78,77,81,88,91,86,95,89,88,81,80,83,72,48,62,71,73,74,79,89,86,86,86,89,91,98,101,108,110,115,119,118,125,113,114,109,105,109,97,100,112,117,108,112,116,115,108,91,63,49,68,76,80,91,96,97,93,94,96,92,92,97,92,86,85,82,85,92,93,92,95,108,102,100,100,103,110,107,111,111,109,107,80,84,150,188,193,193,194,195,196,197,198,197,197,198,199,198,199,199,200,201,201,201,203,205,207,210,213,213,214,216,217,220,222,223,223,224,224,225,224,225,225,225,225,225,226,225
220,220,220,221,221,221,222,222,222,223,222,223,223,223,223,222,223,222,223,223,224,224,225,224,224,223,223,222,223,223,223,223,222,223,223,223,222,222,222,222,222,222,221,221,220,220,219,219,217,216,212,202,112,35,44,61,71,75,74,66,71,77,74,69,69,66,66,71,68,69,76,81,79,80,85,94,92,91,83,96,86,89,76,74,59,59,69,76,76,77,79,86,85,82,79,82,88,92,95,102,106,110,109,113,109,108,101,101,100,103,101,102,106,110,113,114,122,122,117,112,84,56,67,70,77,97,99,99,91,95,94,85,90,89,91,85,85,83,81,94,95,95,94,93,102,104,106,110,109,106,111,112,107,100,82,60,167,185,193,193,195,194,196,197,198,197,198,197,199,197,198,200,201,201,201,202,204,206,206,211,213,212,214,216,218,220,222,223,223,224,225,225,225,224,225,225,225,225,225,225
220,220,221,222,221,221,222,222,222,223,223,223,222,223,222,223,223,223,223,223,224,223,223,223,223,223,223,223,223,223,222,223,222,223,223,223,223,222,222,222,222,221,221,221,220,219,219,219,218,216,215,213,119,35,34,57,70,74,68,70,78,77,73,69,66,65,67,69,71,68,80,79,78,90,93,92,95,93,92,93,94,81,81,81,60,66,77,77,76,77,77,80,79,77,77,84,87,86,86,91,100,100,103,103,103,99,92,90,93,96,101,97,100,93,95,103,109,117,120,122,104,65,60,70,75,90,84,93,88,92,94,93,90,89,88,91,85,87,85,96,96,98,101,94,103,108,108,105,109,111,113,110,108,100,73,60,157,183,192,193,195,196,196,197,198,198,198,197,198,199,199,200,200,201,202,201,204,207,207,212,212,213,215,216,218,220,222,223,224,224,224,225,225,225,226,226,225,225,225,225
219,221,221,221,221,222,222,222,222,223,223,223,223,223,223,223,223,223,223,223,223,224,223,223,223,223,223,223,223,223,224,224,223,223,223,222,222,222,222,222,222,221,221,221,220,219,219,219,218,216,215,215,173,87,37,56,65,70,70,66,75,77,74,71,66,65,67,70,68,72,76,82,82,90,95,91,91,100,99,83,86,88,80,79,68,72,79,77,77,74,73,67,61,63,69,83,84,83,83,90,97,98,95,96,98,96,90,85,100,100,90,76,55,53,64,78,88,100,112,114,110,76,61,71,71,83,84,88,102,101,97,93,103,95,90,87,91,95,101,92,100,107,107,95,99,104,110,106,105,108,108,106,107,95,64,63,173,189,193,194,194,196,196,197,198,197,199,196,198,198,199,199,199,201,203,202,204,206,207,211,212,213,215,218,218,220,222,224,224,224,225,224,225,225,226,226,226,225,225,225
220,221,221,221,222,222,222,222,222,222,223,223,223,223,223,223,223,224,223,224,223,224,223,224,224,223,223,223,223,223,223,223,223,223,223,223,222,222,222,222,221,222,221,221,220,219,219,219,218,217,214,214,199,120,36,61,64,69,69,73,74,74,70,71,66,64,67,68,70,74,76,84,84,88,86,88,92,101,92,94,84,79,77,78,73,68,78,77,69,53,35,15,10,11,30,45,76,85,85,87,91,92,92,94,90,92,89,91,93,87,50,39,7,7,9,34,53,72,89,96,101,82,66,70,77,83,91,96,93,98,99,95,95,102,105,94,100,105,102,97,96,95,102,103,98,108,106,104,103,102,107,105,103,88,73,71,168,189,194,195,194,198,197,197,197,198,198,197,199,198,199,200,200,201,203,203,204,204,208,211,211,214,215,217,218,220,221,224,224,224,224,224,225,225,225,226,226,225,225,226
221,221,221,221,221,221,222,222,222,222,223,224,224,224,223,223,223,223,224,223,224,223,223,223,224,223,223,223,223,223,223,223,223,223,223,223,222,222,222,222,222,221,220,221,220,220,219,219,217,217,214,214,185,142,54,59,56,65,68,67,70,72,70,72,67,63,66,66,64,75,80,82,86,80,86,85,95,98,97,90,87,78,80,80,71,66,72,63,37,16,19,24,20,36,33,22,13,50,79,86,82,80,80,88,89,85,88,84,61,8,1,8,11,11,23,24,21,27,57,84,92,76,67,68,71,76,82,87,92,86,100,96,101,100,106,100,110,104,109,105,112,102,112,104,98,110,109,105,103,103,106,107,96,69,69,107,173,191,194,195,195,197,197,197,198,197,198,197,198,198,199,200,200,201,202,203,203,205,208,210,211,214,215,217,218,220,222,224,225,224,224,225,224,225,225,225,225,225,225,226
221,221,221,222,222,222,222,222,223,223,223,222,224,223,222,223,224,223,224,223,224,223,223,223,224,223,223,223,223,223,222,222,222,223,222,222,222,222,222,222,221,222,221,221,220,220,220,219,217,216,215,214,209,173,68,60,53,61,68,71,70,72,74,73,65,64,68,69,65,73,74,81,91,77,87,87,98,96,90,96,87,78,76,80,77,63,60,46,26,17,22,21,15,6,2,2,3,17,45,69,70,70,69,67,72,69,71,71,43,6,3,6,10,15,22,27,32,42,44,71,80,63,68,67,73,82,82,81,86,96,97,95,99,96,99,98,104,104,107,121,112,105,112,101,98,105,106,102,100,103,104,100,82,60,64,99,189,191,195,195,195,197,197,197,198,197,198,198,199,199,199,200,201,201,203,202,203,205,208,211,211,214,215,217,219,220,223,224,224,224,224,224,225,225,225,226,225,226,225,226
221,221,221,222,222,222,222,222,222,223,223,223,223,223,222,223,224,224,224,224,223,224,223,223,223,224,223,223,223,222,222,223,223,222,222,222,222,222,222,222,221,221,222,221,220,220,220,219,217,216,215,213,207,192,99,65,45,52,66,68,66,69,72,68,66,68,65,63,66,71,68,79,86,79,83,90,93,94,94,88,91,78,78,82,81,63,49,38,33,38,45,33,26,25,26,15,26,56,64,47,61,71,64,60,64,65,65,71,69,40,27,28,40,58,69,75,67,58,54,71,72,55,69,70,77,79,81,86,93,90,89,90,94,94,92,87,91,102,110,121,119,113,110,100,102,101,108,107,99,100,101,95,68,54,64,102,183,191,194,196,196,196,196,197,198,198,198,198,198,198,199,200,200,200,201,203,204,206,208,212,213,213,216,217,218,220,222,224,225,224,224,225,225,225,225,225,225,225,225,226
220,221,221,221,222,222,222,221,222,222,223,223,223,223,223,223,223,223,223,223,223,224,223,223,223,223,223,222,223,222,222,223,223,222,222,222,222,222,222,221,222,222,221,221,221,220,220,219,218,218,215,213,208,190,128,61,43,44,56,64,62,64,72,71,67,65,61,62,68,68,67,73,76,81,84,81,88,90,95,93,85,79,83,81,78,63,50,46,43,58,120,75,73,60,49,50,65,89,89,63,47,63,63,63,65,55,51,63,79,82,79,81,85,88,85,87,79,72,70,66,43,54,71,70,70,72,77,79,85,82,84,87,92,89,91,89,92,94,105,108,116,109,109,103,105,107,101,105,98,95,96,96,51,47,93,129,190,193,195,196,195,196,196,196,197,198,198,199,197,199,199,200,201,202,202,204,203,206,207,210,211,213,215,216,218,220,222,224,224,224,225,224,224,225,225,225,225,226,225,225
221,220,221,221,222,222,222,222,222,223,223,223,223,223,223,224,223,222,223,223,222,223,223,222,223,223,223,223,223,223,223,222,222,222,222,222,222,222,222,221,221,221,221,221,220,220,220,219,218,217,215,214,212,208,150,53,44,35,33,60,66,63,69,73,71,64,65,63,69,71,70,76,72,81,81,78,84,84,89,81,76,74,76,73,64,54,50,48,53,56,48,77,66,66,67,72,83,89,82,67,48,48,59,65,53,30,21,32,44,64,76,85,97,92,81,75,74,70,55,43,52,64,69,71,79,75,73,72,76,80,90,90,87,90,93,86,93,95,97,109,110,107,110,96,96,97,105,98,96,90,86,82,55,60,90,146,191,194,195,195,196,195,196,197,196,197,198,199,198,199,199,200,200,201,203,203,204,205,208,209,211,213,214,217,218,220,222,223,224,224,224,225,225,225,225,225,226,226,225,226
220,220,220,221,222,222,222,222,222,222,223,223,223,223,224,224,223,222,222,222,222,223,223,222,223,223,224,222,223,223,223,222,222,222,222,222,222,222,221,221,221,222,221,221,220,220,220,219,218,217,215,214,212,196,190,52,26,30,30,56,63,59,63,70,73,74,68,65,70,72,73,65,65,77,73,78,84,77,80,77,83,79,72,69,63,59,45,40,39,59,57,50,46,50,47,46,44,41,41,39,38,38,50,51,42,36,27,32,32,34,35,43,43,55,50,33,32,32,43,58,57,63,69,71,72,77,72,70,71,78,80,80,91,83,86,92,83,93,92,108,109,103,112,97,89,101,95,90,86,92,74,57,59,63,65,164,192,192,195,196,196,196,196,197,197,197,197,198,198,199,199,200,201,202,202,203,204,204,208,209,212,213,214,216,218,220,222,224,224,224,225,225,225,225,225,225,226,226,225,225
220,220,221,221,221,221,222,222,222,223,223,223,222,223,223,224,223,222,223,223,223,223,223,223,222,223,223,223,223,223,223,222,221,222,222,221,222,221,221,221,221,221,221,220,220,220,220,219,219,217,216,213,211,207,190,78,30,51,26,44,56,62,60,68,71,69,67,67,67,72,70,57,55,70,80,83,87,88,77,77,74,71,70,67,65,61,56,45,36,28,28,28,38,36,32,27,31,33,48,47,38,41,44,45,46,49,49,47,39,38,40,40,43,48,46,48,51,56,60,75,73,77,73,72,72,66,71,71,72,79,74,71,79,71,74,94,93,100,104,109,103,114,111,106,87,97,93,85,89,88,61,50,52,55,99,170,179,188,194,196,196,195,196,198,197,198,198,198,199,199,199,199,200,201,203,203,204,206,209,211,213,213,215,216,219,221,223,223,224,224,225,225,225,225,225,225,225,226,225,225
220,220,220,221,221,221,222,222,223,223,223,223,222,223,223,224,223,222,222,223,223,223,223,223,222,222,223,222,223,222,223,222,222,222,222,222,222,221,221,221,220,220,220,221,220,220,220,219,219,217,215,214,212,212,202,125,31,36,30,37,56,54,65,62,66,61,62,62,65,66,62,62,54,67,84,77,72,71,71,70,69,66,67,66,68,64,62,54,48,43,43,43,41,41,40,35,44,46,45,45,45,43,47,56,51,52,47,56,46,45,50,45,51,46,47,52,62,65,66,66,68,72,73,71,73,68,72,77,76,75,71,68,81,78,73,89,86,95,98,106,107,112,101,102,90,94,91,80,92,86,53,36,47,68,128,179,181,194,195,194,196,197,196,197,199,197,198,199,199,199,199,200,200,200,202,203,205,206,209,211,213,214,215,217,219,221,222,223,225,224,224,225,225,225,225,225,225,226,225,225
220,220,220,220,221,221,222,222,222,223,223,223,222,222,223,223,222,223,223,224,224,223,223,222,223,223,223,223,222,222,222,222,222,221,221,222,222,221,221,220,221,220,220,220,220,220,220,219,219,217,216,215,213,212,207,151,38,30,20,40,53,52,65,69,67,57,63,68,66,72,69,58,55,72,75,71,79,70,63,70,68,65,66,65,65,64,59,58,51,50,46,44,44,42,44,37,39,45,43,55,52,59,51,55,45,51,52,50,44,68,52,55,55,54,57,49,57,57,66,66,64,72,75,75,73,71,76,82,74,77,69,70,75,85,85,79,76,88,101,100,107,97,88,90,94,97,85,78,92,72,44,35,44,75,155,183,193,194,194,194,197,197,196,198,199,199,199,199,200,199,199,200,200,201,203,203,205,206,209,212,214,215,216,217,219,221,222,224,224,225,225,224,225,225,225,225,225,225,225,225
220,220,220,220,221,221,221,221,222,222,223,223,222,222,223,223,222,222,223,222,223,222,222,222,223,222,222,223,222,222,222,222,222,221,221,221,221,221,221,220,220,220,220,220,220,220,219,219,219,218,217,215,214,212,210,178,46,34,29,22,40,56,44,57,65,58,62,61,62,64,67,60,62,62,72,71,69,67,67,71,64,65,63,62,65,59,63,59,49,45,46,43,44,33,48,53,50,36,40,60,61,64,52,72,47,47,55,47,43,54,53,71,56,64,55,52,53,48,55,59,55,67,67,68,73,73,68,77,66,83,71,81,77,73,75,68,80,89,86,104,112,110,105,97,83,86,83,81,88,69,45,28,45,87,174,185,194,194,195,196,197,196,195,199,199,199,198,199,199,199,200,200,201,202,203,204,206,207,209,211,213,215,216,217,219,221,223,223,224,225,224,224,225,225,225,225,225,225,226,225
220,220,219,220,221,221,221,221,221,222,222,222,222,223,223,223,223,222,222,222,222,222,222,222,223,222,222,223,222,222,222,222,222,222,221,221,221,221,220,221,220,220,220,220,220,219,219,219,219,218,218,216,215,213,211,185,83,24,22,17,27,48,46,51,63,57,57,53,53,59,73,76,55,65,64,57,61,64,66,64,59,59,61,61,64,58,67,59,51,40,47,47,44,33,54,49,48,38,49,65,56,65,48,51,64,42,46,46,45,40,57,63,52,61,59,49,62,53,47,48,42,62,71,66,51,60,65,71,65,58,74,80,77,65,74,84,80,82,90,98,108,97,103,98,91,93,92,82,86,44,40,28,47,90,177,194,193,196,196,198,197,197,196,198,198,199,197,199,199,199,200,200,201,202,203,204,205,207,210,211,213,215,215,216,219,221,223,223,224,225,225,225,225,225,225,225,226,226,225,226
220,220,220,220,221,221,221,221,222,223,222,223,223,223,222,223,223,222,223,223,223,223,222,222,222,223,223,223,222,222,222,222,222,221,221,221,221,221,221,220,220,219,219,219,219,219,219,219,219,218,218,216,215,213,211,203,101,42,21,18,28,48,36,43,61,54,48,53,48,54,75,58,53,54,52,60,55,57,53,57,63,50,59,56,48,55,55,57,49,35,44,34,31,42,49,40,39,59,54,60,57,70,42,41,58,39,46,36,56,50,52,41,34,43,71,63,62,61,59,57,46,64,85,79,50,47,51,70,54,46,75,82,80,73,76,76,79,74,71,75,104,101,97,102,88,88,89,81,70,43,41,31,44,110,182,194,194,196,196,198,196,199,196,198,198,198,199,199,199,200,200,200,201,202,203,204,205,207,209,211,212,214,217,218,219,221,222,223,224,225,223,225,225,225,225,225,225,225,225,225
220,220,220,220,221,221,221,221,222,223,223,223,223,223,222,223,222,222,222,222,222,222,222,222,222,221,222,223,221,222,221,222,222,221,221,221,221,221,221,220,220,220,220,219,220,219,219,219,218,219,218,216,215,213,210,205,151,30,17,21,30,48,50,50,57,55,52,49,52,59,53,54,40,53,59,55,52,44,43,51,53,52,55,50,44,51,49,55,45,46,38,36,32,45,35,27,44,50,42,43,50,66,44,53,58,55,51,42,43,57,55,34,42,40,44,49,49,55,62,66,54,56,83,61,60,51,49,59,51,41,52,74,83,74,60,71,68,71,73,79,84,110,96,104,80,91,86,75,58,34,37,27,46,132,182,195,196,196,196,198,196,197,196,198,198,198,199,199,199,199,200,199,200,202,203,204,205,207,208,211,212,214,216,217,219,221,223,223,224,224,224,224,225,225,224,225,225,225,225,225
220,220,221,221,221,221,220,221,222,223,222,223,222,222,222,222,223,222,222,222,222,222,222,222,221,221,221,222,221,222,221,221,221,221,221,221,221,220,220,220,220,220,220,219,220,219,219,219,219,218,217,216,214,213,211,207,172,36,36,37,22,40,54,52,58,55,63,57,61,59,52,48,56,63,45,55,46,40,31,42,47,52,55,42,38,50,56,59,65,37,27,23,29,36,24,39,37,52,18,20,42,46,32,43,49,52,44,23,36,66,53,66,50,36,45,50,79,56,62,64,51,52,74,78,45,38,49,61,50,46,62,56,58,63,56,59,59,56,59,77,76,104,120,107,87,105,77,68,46,28,38,36,95,161,190,194,196,195,196,198,198,197,197,198,197,199,198,199,199,200,200,201,200,203,203,203,204,207,209,211,212,214,216,217,219,221,222,224,224,224,223,224,224,225,225,225,225,225,225,225
219,220,220,220,221,221,221,221,222,223,223,223,222,222,222,221,222,222,222,222,222,222,222,221,221,221,221,221,222,222,221,220,220,220,220,221,220,220,220,220,220,220,220,219,219,219,219,218,217,217,216,216,214,212,211,208,192,87,36,36,21,39,50,49,49,47,62,49,51,51,48,49,43,52,47,53,40,40,34,40,59,60,52,49,45,54,58,47,60,54,24,20,20,29,20,50,41,40,19,31,48,35,31,44,28,47,51,13,44,42,67,38,49,49,35,63,87,38,58,55,51,60,71,72,56,50,68,79,58,41,48,65,54,75,61,63,61,56,65,60,70,91,105,98,83,97,69,56,42,45,42,41,119,188,196,195,196,196,196,197,198,197,197,198,198,198,199,198,200,198,200,199,201,202,203,204,205,207,210,211,212,214,216,217,219,221,222,224,224,224,224,224,223,224,225,225,225,226,225,225
219,220,220,221,221,221,221,221,222,222,222,222,222,221,221,221,222,222,222,222,222,222,222,222,221,221,221,221,221,222,221,220,220,220,220,220,220,220,220,220,219,219,220,218,218,217,218,217,216,216,215,215,213,211,209,206,197,117,37,40,25,33,48,47,42,45,61,57,52,55,53,48,44,49,54,57,41,40,36,48,69,45,50,50,54,54,56,28,59,61,25,34,28,24,36,29,43,38,18,30,59,31,29,44,35,41,28,27,28,38,47,38,34,39,47,60,70,24,37,51,43,55,68,62,54,48,66,84,70,34,51,58,69,42,81,60,68,54,65,63,76,81,79,77,81,89,64,54,30,35,26,51,130,172,195,195,195,197,197,197,198,197,198,198,198,199,198,199,200,200,200,201,201,202,204,203,206,207,210,210,213,214,216,218,219,221,223,223,224,224,225,225,224,224,225,225,225,225,225,225
219,219,220,220,221,221,221,221,222,222,222,222,222,221,221,221,221,222,222,222,222,221,222,222,222,222,222,221,221,221,221,220,220,220,220,220,220,219,220,221,220,220,218,217,217,216,216,216,216,215,215,213,211,210,209,205,202,135,34,43,20,31,41,44,61,58,64,52,54,56,51,43,46,57,35,31,42,32,42,62,54,40,38,43,53,54,34,18,54,40,27,25,26,32,47,25,38,42,30,49,44,42,25,25,31,24,32,24,18,36,44,34,30,40,52,52,63,26,36,38,54,39,56,50,56,42,63,56,60,38,51,61,63,46,82,51,58,55,55,56,80,87,88,70,88,85,76,69,32,41,35,71,134,184,196,195,196,197,197,197,198,197,198,197,199,199,198,200,200,200,199,200,200,202,204,204,206,208,211,211,213,214,217,218,219,221,222,223,224,224,223,224,224,224,225,225,225,225,225,225
219,219,221,219,221,222,222,222,222,222,222,223,221,221,221,221,221,221,221,222,221,221,221,221,221,221,221,221,221,221,221,220,220,220,220,219,219,219,219,219,218,218,217,216,216,216,215,215,215,214,214,212,211,209,207,205,203,184,66,36,24,33,38,47,59,70,59,47,55,53,36,73,79,60,23,79,51,43,43,73,51,42,42,66,45,59,30,17,37,49,27,29,24,31,41,39,44,49,47,52,40,53,25,23,32,24,37,50,35,45,50,48,50,45,69,66,33,29,30,39,46,50,44,61,50,42,61,48,49,48,67,64,80,38,74,53,61,52,50,62,79,90,83,87,78,70,55,71,45,37,69,69,138,189,189,193,197,197,197,195,197,198,198,198,198,198,199,200,200,199,201,201,202,203,202,203,204,208,208,212,213,214,217,219,221,222,223,224,223,224,224,224,224,224,225,224,225,225,225,225
219,219,220,220,221,221,221,222,221,222,221,221,220,220,221,220,220,220,220,220,220,220,220,221,220,220,220,220,220,220,220,220,220,220,220,219,219,219,218,217,217,216,216,216,215,215,214,214,214,213,212,212,209,208,206,204,202,187,105,34,37,30,42,42,49,63,46,31,42,49,42,91,55,42,40,81,56,44,56,42,49,34,33,68,46,61,16,24,43,34,29,32,37,59,43,56,63,74,70,69,65,71,49,47,52,47,65,80,77,70,72,82,76,72,66,60,45,32,32,57,34,53,35,73,63,59,34,63,44,61,94,72,73,87,83,46,48,51,51,58,70,69,75,78,82,62,55,46,42,64,64,95,169,185,196,195,197,196,196,197,197,198,198,198,198,199,198,199,200,200,200,201,203,203,202,204,206,207,209,212,213,214,218,219,221,221,223,224,224,224,223,224,224,224,224,224,225,225,225,224
219,219,221,220,221,221,220,222,221,222,221,220,220,220,220,220,220,220,220,220,220,220,220,220,220,220,220,219,220,219,219,219,219,219,218,218,218,217,216,216,216,215,215,214,214,214,214,215,213,212,211,208,208,206,204,202,198,185,136,50,29,20,32,24,34,57,46,36,39,46,39,82,60,49,48,70,44,41,52,69,45,29,43,30,69,45,23,30,35,34,39,39,61,59,72,85,88,90,101,96,92,98,75,73,83,88,100,99,103,102,100,100,101,98,97,90,74,58,59,55,47,53,32,76,85,67,47,45,45,51,92,69,65,63,66,59,60,50,51,59,70,60,55,78,66,52,44,42,29,74,76,141,185,196,195,197,197,197,197,198,197,199,198,198,198,199,198,200,200,200,202,202,203,203,203,204,207,208,209,211,212,215,217,219,221,221,223,223,224,224,224,224,224,224,224,225,225,226,225,225
219,220,220,220,221,221,221,221,221,221,220,221,221,220,221,220,220,219,220,220,218,219,219,220,220,220,220,219,219,218,218,218,217,217,217,217,216,216,215,215,214,213,214,213,214,212,211,210,208,208,207,206,204,203,201,199,196,196,168,86,29,23,42,36,24,45,47,43,39,48,60,51,59,53,56,49,32,51,70,52,39,51,32,35,53,50,34,45,33,47,56,63,76,80,87,82,84,84,89,95,110,123,119,116,119,130,110,104,92,90,83,81,81,86,93,97,97,104,100,92,80,58,58,80,70,47,54,53,56,61,100,60,57,62,70,83,65,70,54,52,77,80,53,72,61,29,35,51,40,73,70,144,196,196,196,196,197,197,197,197,198,199,198,199,198,199,198,200,200,201,203,202,202,202,204,206,207,208,209,211,213,215,217,218,220,221,222,223,223,224,224,224,224,224,224,225,225,225,226,226
219,220,220,221,221,220,220,221,220,221,220,221,220,220,220,220,220,219,220,219,218,220,219,219,219,219,218,218,218,217,217,217,217,216,216,216,215,215,214,214,214,212,212,211,211,209,209,206,206,205,204,203,202,201,198,197,195,191,176,100,33,37,46,34,25,36,48,52,43,45,52,41,46,79,70,45,46,48,75,51,61,41,30,48,52,36,44,48,54,68,83,83,79,71,74,72,68,70,67,70,75,84,101,120,113,100,92,86,88,89,89,91,89,91,94,91,88,93,102,117,109,97,86,80,60,55,35,44,50,49,74,71,73,72,75,55,67,55,63,57,88,70,63,92,66,41,31,36,51,82,77,142,196,196,196,195,197,198,198,198,198,199,198,200,199,200,199,199,200,201,202,203,202,203,205,206,206,208,210,212,214,215,217,219,220,222,222,222,223,224,224,224,224,224,225,224,224,225,225,225
219,220,220,220,220,220,219,220,219,219,219,220,220,219,219,220,219,219,219,219,218,218,218,218,218,217,217,217,216,216,216,216,216,215,215,214,214,212,212,212,211,210,210,209,208,206,205,205,204,203,201,199,198,197,193,193,193,187,184,128,49,52,40,27,30,30,44,47,51,43,38,59,40,64,52,40,59,58,76,60,35,30,27,43,42,42,59,66,77,85,79,77,76,74,78,77,74,71,73,74,71,80,84,99,100,98,98,93,93,94,94,97,97,98,95,95,94,94,94,96,108,119,111,94,82,56,53,48,30,68,65,82,37,93,86,62,58,65,52,67,87,75,50,76,83,41,39,40,60,68,130,191,193,194,194,196,196,197,197,197,199,198,198,198,199,200,199,199,201,201,203,203,204,204,205,207,208,209,210,214,214,215,217,219,221,222,223,223,223,224,224,224,223,224,224,225,224,225,225,225
218,218,218,218,219,219,219,219,219,218,218,218,217,218,218,218,218,218,218,218,217,218,217,217,217,216,216,216,215,215,214,215,215,214,214,213,212,211,210,209,209,207,205,204,204,203,202,202,201,199,197,196,194,193,192,191,189,186,185,139,49,47,35,28,32,28,40,38,46,61,58,27,42,68,32,43,47,50,64,73,34,18,25,42,45,58,75,82,83,79,73,74,74,78,81,79,78,73,72,72,65,76,84,91,96,96,95,89,89,86,89,96,96,94,92,93,92,103,99,93,86,93,108,106,99,67,48,55,24,43,61,80,60,70,69,54,57,37,51,53,89,83,70,86,83,50,46,49,44,77,167,190,191,192,193,194,195,196,196,197,198,197,198,199,200,200,199,201,200,200,203,202,203,204,205,205,208,209,210,213,214,215,217,219,220,222,222,222,223,224,224,224,224,224,225,224,224,225,224,225
218,218,218,218,218,218,218,219,218,218,217,217,217,217,217,218,217,217,217,217,217,216,216,216,216,215,216,215,214,214,214,214,213,213,212,211,210,208,207,207,204,203,202,201,200,199,197,198,198,196,194,192,191,190,188,187,187,180,183,140,70,55,43,46,33,23,29,36,40,59,49,27,45,87,39,36,43,35,66,50,30,23,33,55,47,62,80,79,72,71,73,72,76,78,80,78,78,73,69,68,60,66,75,82,89,91,87,84,83,81,78,81,83,82,91,90,91,94,96,99,95,84,93,98,103,72,73,41,30,49,43,57,59,66,70,56,39,38,53,58,72,68,67,108,50,29,63,55,35,81,166,189,190,190,191,193,194,194,195,196,197,197,197,198,199,199,200,200,201,201,203,202,203,205,206,207,207,209,210,213,214,217,218,218,221,222,223,222,223,224,224,224,224,224,225,224,224,225,224,225
217,217,217,217,218,217,217,217,217,218,218,217,217,217,216,215,215,215,216,216,215,215,215,214,215,215,214,214,214,213,212,211,209,210,209,208,205,203,204,203,200,199,197,197,196,194,194,194,194,193,190,188,187,186,184,184,182,178,178,174,94,64,56,39,35,27,40,43,48,43,36,45,49,68,61,46,37,38,58,31,29,32,51,65,54,78,79,76,75,68,68,71,70,76,76,77,74,73,67,62,59,61,69,73,80,79,81,74,69,65,66,63,69,73,75,81,81,82,85,89,97,88,84,86,89,70,79,40,35,38,38,35,57,71,55,52,49,46,32,60,52,50,55,69,45,37,57,46,33,72,134,188,189,189,191,192,193,193,194,194,196,195,197,197,197,200,199,200,200,201,202,203,204,204,204,206,207,210,211,213,216,216,218,220,221,222,223,223,224,224,224,225,224,224,224,224,224,225,225,225
216,216,216,216,217,217,216,217,217,216,216,216,216,216,216,215,215,215,215,215,215,214,214,213,212,212,213,212,211,209,208,206,207,205,203,204,202,202,201,198,196,194,194,193,193,193,192,190,189,186,185,184,184,182,180,181,178,176,174,169,120,79,44,36,28,27,34,43,38,41,57,49,63,77,44,46,49,30,21,40,36,49,65,68,66,78,72,68,67,65,62,62,70,67,67,65,66,62,58,55,52,56,61,61,63,66,65,62,57,57,57,51,55,58,58,60,67,69,71,76,80,78,75,74,74,66,63,50,43,38,35,23,62,60,88,34,43,78,44,59,39,61,59,46,43,39,58,40,77,128,168,176,179,181,189,190,192,192,193,193,195,195,196,196,198,198,200,199,200,200,202,203,204,205,206,206,207,210,212,214,216,216,219,220,221,222,222,223,223,224,224,224,224,224,224,224,225,225,225,224
215,215,215,216,216,216,216,216,216,214,214,214,214,215,214,214,214,213,212,214,213,213,213,211,211,211,209,210,208,206,207,205,203,203,200,199,197,197,195,193,192,191,191,188,188,189,188,187,185,184,182,181,178,176,176,176,175,172,168,165,136,74,30,31,41,33,34,40,33,13,88,50,56,71,65,47,34,24,37,30,42,61,62,69,74,75,70,64,64,65,59,57,66,56,54,52,51,51,46,40,42,48,52,50,50,56,57,53,55,52,50,50,49,48,46,52,57,60,63,65,60,59,57,49,44,40,42,42,49,47,44,30,66,87,46,53,58,50,52,46,42,37,51,77,56,35,48,37,114,153,175,182,184,186,186,188,190,192,192,193,193,195,194,195,195,197,198,199,200,200,203,203,203,206,207,207,209,211,212,213,216,218,219,220,221,222,222,223,223,223,223,224,225,224,224,224,225,224,226,225
215,215,214,215,215,215,214,214,213,213,213,213,213,213,212,212,211,211,210,212,211,210,210,209,207,207,205,205,204,203,201,198,198,196,197,195,197,193,191,189,186,187,184,183,183,181,179,178,174,174,174,172,172,172,170,165,164,164,167,163,140,55,41,24,39,20,33,35,36,26,72,52,74,53,53,53,31,24,34,40,52,56,55,59,62,57,53,52,55,59,61,52,52,44,45,52,49,58,45,33,45,63,67,51,55,54,45,43,49,64,49,54,50,58,55,59,62,60,59,47,44,45,28,16,19,23,34,41,32,46,46,41,34,42,47,41,48,48,56,62,68,56,46,58,71,47,36,66,115,170,161,172,179,182,184,185,188,188,190,190,191,192,192,194,194,195,198,199,199,200,202,204,204,205,207,208,209,211,213,213,217,218,219,220,222,222,222,222,223,223,223,224,224,225,225,225,225,225,225,224
214,214,213,214,214,213,212,212,212,212,212,212,212,212,211,211,210,210,210,210,208,207,206,205,204,203,202,201,200,198,196,195,194,194,192,190,190,188,185,184,182,181,179,177,176,175,175,174,172,173,169,164,158,147,139,128,126,141,159,132,74,50,44,42,20,27,28,46,32,38,83,71,52,51,48,40,38,28,41,54,55,46,40,35,36,31,31,34,36,39,42,30,40,29,39,52,46,56,60,42,51,61,63,51,43,47,48,50,52,56,52,52,59,62,64,74,72,62,67,59,51,28,24,38,49,49,47,43,29,39,45,44,29,40,49,23,24,24,33,56,41,48,44,60,60,49,54,93,136,158,175,172,178,180,180,182,183,185,187,188,189,189,191,191,193,194,196,197,199,200,202,202,204,207,205,207,210,211,213,216,216,218,218,220,221,222,222,223,222,223,224,224,223,224,224,224,225,225,225,225
212,212,212,212,212,211,210,210,210,211,210,210,209,209,209,208,208,207,206,207,205,204,203,201,200,198,199,198,195,193,192,190,189,188,186,186,185,183,179,180,178,177,177,172,171,167,162,161,157,153,154,148,132,116,137,156,163,161,134,63,74,75,63,41,22,43,56,58,42,59,46,80,59,31,46,41,34,27,39,44,40,33,29,26,21,17,23,33,45,33,40,41,39,40,61,60,55,43,42,43,49,52,55,53,54,56,52,60,62,58,66,64,68,67,75,79,83,73,74,60,40,43,51,69,79,77,75,69,48,46,45,43,29,25,43,37,29,28,50,61,46,46,56,69,54,54,76,110,160,168,171,172,175,177,177,181,180,182,183,186,185,187,189,190,190,192,196,196,197,198,201,202,204,206,205,207,211,213,214,215,217,219,219,220,222,222,222,222,223,223,223,224,223,224,224,224,224,224,224,225
210,210,210,209,209,210,210,209,209,207,207,207,207,206,206,206,205,204,203,202,201,200,198,197,196,195,194,192,191,188,187,185,184,183,181,180,180,178,177,178,175,171,164,159,152,146,145,143,150,159,151,131,120,156,160,162,163,154,73,48,87,95,82,13,35,37,46,54,47,58,34,36,65,34,44,49,24,28,26,33,31,37,43,42,37,28,26,25,32,39,50,49,47,58,78,58,58,51,59,61,61,65,70,65,60,67,68,63,68,68,69,82,73,80,84,77,81,77,64,66,65,66,85,96,93,91,79,70,55,38,39,44,35,31,27,28,39,56,63,54,43,36,49,44,35,49,82,121,162,168,169,171,173,174,174,176,178,179,180,183,182,185,187,187,190,190,192,194,196,198,199,202,204,205,206,207,212,213,215,215,217,219,220,220,222,222,222,222,223,224,223,223,224,224,224,223,223,223,224,225
208,208,208,207,207,207,206,206,207,206,206,205,204,203,202,201,202,201,200,198,198,197,194,192,191,190,190,186,185,183,183,181,179,178,176,176,173,171,169,163,159,158,160,160,152,144,142,146,156,154,142,117,150,160,160,163,165,140,42,58,75,65,71,20,47,19,42,50,39,72,36,22,55,35,46,44,30,43,33,34,34,45,48,53,52,50,47,41,44,40,52,51,53,64,74,70,71,72,64,72,74,80,80,64,66,77,78,76,82,77,76,85,79,88,89,83,83,74,72,74,83,97,105,101,93,76,70,66,62,45,31,33,28,26,25,21,30,39,47,60,57,59,75,42,29,55,102,161,173,163,165,167,169,171,172,174,175,176,178,180,180,182,183,184,187,187,189,190,193,195,197,200,203,205,206,208,211,213,215,215,218,218,221,220,221,222,222,222,223,225,224,224,224,224,223,224,223,223,224,224
206,206,205,204,205,205,204,203,203,202,204,204,203,202,201,200,199,197,195,193,193,192,191,189,188,187,185,182,180,178,176,175,174,174,171,162,159,155,154,152,152,153,157,160,152,146,143,148,154,149,137,123,161,164,164,165,167,126,34,45,45,77,71,24,28,43,59,42,29,54,21,24,44,36,35,17,30,43,34,35,45,48,58,57,56,62,64,61,57,50,54,53,53,62,68,66,73,73,75,80,82,84,81,63,66,74,88,83,89,85,81,87,83,87,88,87,81,72,78,92,112,113,100,92,87,74,71,73,65,50,34,22,28,17,20,21,33,35,41,71,55,32,27,62,57,69,130,163,159,160,164,163,165,168,170,171,172,173,174,175,176,178,179,181,184,184,187,187,189,191,194,197,199,203,205,207,210,213,214,214,216,217,217,219,221,221,222,222,221,223,223,223,224,224,224,224,223,224,224,225
204,204,203,202,202,201,201,201,201,200,200,201,200,198,198,197,196,194,194,193,190,189,189,186,182,180,178,176,174,171,171,167,160,155,152,151,151,150,152,151,149,149,151,154,149,147,148,151,153,148,129,133,162,164,164,166,166,118,35,39,42,64,70,50,34,63,44,46,67,48,30,34,36,62,35,34,41,35,32,31,44,42,52,59,63,68,70,68,65,59,57,59,60,69,64,73,77,73,78,85,86,84,87,75,76,82,96,93,96,95,91,95,90,92,79,87,85,88,105,118,111,101,94,88,85,80,69,68,52,44,48,38,44,22,19,22,37,24,41,48,45,25,28,43,54,104,129,158,157,159,162,160,165,163,166,168,168,171,171,172,172,175,176,177,179,181,183,184,185,188,189,193,193,196,202,204,209,212,211,213,215,216,216,218,219,220,220,221,221,223,222,223,223,224,224,223,224,224,224,224
201,200,200,201,200,199,197,197,198,197,198,197,196,195,195,193,191,189,188,186,186,184,181,178,178,174,171,168,164,161,157,156,155,155,152,148,148,147,150,149,148,149,150,150,146,148,151,153,153,148,125,142,165,165,165,167,169,120,36,38,45,56,81,61,81,38,50,59,59,39,33,35,57,56,42,26,25,31,35,40,37,40,47,56,63,65,70,68,67,70,68,68,68,72,70,75,78,76,91,85,88,89,89,81,80,93,94,98,99,98,97,99,97,97,94,93,96,117,117,103,95,88,90,88,85,79,76,68,62,57,38,56,60,35,14,18,25,36,38,38,31,45,37,55,63,103,145,180,167,155,155,165,168,162,162,161,165,166,168,168,172,171,172,176,177,177,181,180,182,183,187,188,190,192,197,200,204,206,208,212,213,214,215,218,218,219,220,220,221,221,222,222,222,223,224,224,223,223,223,223
199,198,198,198,199,198,196,196,195,195,194,194,192,191,190,187,187,186,185,184,180,178,177,175,172,166,156,155,154,152,151,152,152,158,150,144,143,146,148,150,150,149,150,149,147,148,151,153,153,148,125,146,168,166,166,168,170,140,35,38,39,59,65,79,81,70,64,44,64,41,46,56,48,33,46,46,28,44,43,54,42,40,49,58,66,62,68,68,67,76,72,76,75,75,73,79,77,81,92,87,89,99,100,89,94,100,103,109,102,96,99,101,99,97,99,107,113,101,95,80,79,80,84,88,85,85,84,85,68,64,53,48,52,38,27,25,29,57,30,42,50,37,71,91,96,127,144,173,193,179,172,172,174,181,171,165,159,161,163,164,168,168,170,170,174,176,176,179,180,181,184,184,189,189,193,196,200,202,204,206,210,213,216,216,218,219,219,220,220,221,221,222,223,222,223,223,224,223,223,223
196,196,195,195,196,194,193,194,194,196,193,191,190,188,187,185,183,183,182,178,176,171,166,160,153,153,153,152,151,150,150,150,153,160,151,141,141,147,150,153,152,151,149,148,147,148,151,152,155,149,130,145,170,168,168,169,170,155,45,36,36,60,51,84,80,66,61,64,81,42,51,53,49,28,61,25,43,34,42,34,35,35,51,56,62,64,62,61,63,76,74,75,74,75,75,79,80,85,92,96,92,101,112,96,107,98,95,103,101,97,98,99,98,101,100,95,86,83,79,78,74,75,80,80,84,81,81,91,76,79,61,48,38,40,26,33,71,63,45,66,61,55,77,85,85,106,143,157,187,187,176,173,176,177,183,179,168,163,162,162,165,163,166,168,172,171,174,176,175,177,181,182,184,187,190,194,195,194,197,201,205,209,212,215,218,217,218,219,219,220,221,221,221,221,222,221,223,222,223,221
194,194,192,192,192,192,191,190,189,188,187,187,186,185,182,183,179,178,173,167,158,150,152,147,152,153,154,154,150,149,149,150,154,161,151,139,139,145,151,155,154,153,149,147,147,147,151,153,157,152,135,136,171,170,169,171,171,164,71,35,34,58,52,56,124,75,64,79,78,57,69,57,78,56,58,48,48,42,43,38,28,40,49,53,57,61,61,60,61,65,71,73,79,74,73,75,78,81,87,93,88,91,95,92,94,90,85,85,85,84,88,87,83,83,75,71,64,70,65,64,72,79,85,88,84,81,78,81,69,83,64,45,45,44,37,36,46,63,52,56,44,86,69,75,136,162,151,134,172,189,179,179,175,176,178,182,179,167,160,164,169,163,164,162,166,169,170,172,172,174,177,180,181,183,186,189,192,192,194,195,199,203,207,210,213,215,217,217,218,219,220,221,221,220,221,221,222,222,222,220
191,191,190,189,189,188,187,187,186,185,184,184,184,183,181,178,173,166,152,141,137,139,143,147,151,153,156,157,150,148,149,151,156,164,154,140,138,145,151,154,154,152,150,147,146,147,150,156,159,153,141,132,172,173,171,172,171,169,110,32,32,57,53,65,94,74,45,90,109,59,90,85,53,46,52,76,76,69,54,18,14,38,45,50,57,59,60,58,61,57,63,62,65,69,70,75,76,74,76,81,81,78,75,75,76,75,75,76,79,78,76,73,70,68,65,60,74,56,60,71,76,74,77,79,74,75,72,70,71,82,67,37,46,63,63,40,30,57,36,59,76,81,72,100,153,177,165,122,167,184,187,186,169,170,175,177,178,176,175,173,173,177,176,169,166,166,166,168,169,171,175,177,178,182,183,186,188,189,193,194,196,200,203,206,209,211,211,214,217,217,218,219,220,220,221,221,220,221,221,221
190,189,188,186,186,185,184,184,183,182,182,181,179,175,166,160,161,161,142,131,130,136,144,150,151,152,155,157,152,148,150,153,158,166,155,140,138,145,152,154,155,153,151,147,145,147,153,161,165,158,147,126,171,175,171,173,172,173,152,40,35,55,55,62,73,103,39,106,87,58,120,95,70,40,58,109,92,80,63,29,35,35,42,51,58,54,60,63,62,60,58,55,50,62,60,72,69,71,72,74,73,71,60,63,61,56,53,46,44,55,52,54,61,51,45,56,79,66,68,73,68,68,74,74,71,70,62,70,80,74,79,45,52,63,41,56,60,79,65,76,63,98,117,136,180,175,166,127,164,182,189,185,166,169,173,176,176,177,174,177,180,179,175,179,172,168,165,165,166,169,172,173,175,179,181,184,185,187,189,191,194,195,199,202,203,205,207,210,213,213,216,216,217,218,218,220,219,220,220,219
187,186,185,184,183,183,183,183,181,177,168,159,149,146,147,150,159,161,139,127,127,134,143,149,150,151,153,156,154,151,151,155,161,169,155,143,141,147,153,155,155,154,152,146,144,147,153,161,165,159,153,128,165,177,177,176,175,174,167,83,32,54,55,48,80,102,78,95,96,82,114,113,85,61,102,102,75,62,86,63,40,53,47,48,53,51,54,59,64,65,63,59,54,64,70,64,53,49,42,56,46,37,44,44,34,52,51,50,40,47,48,49,50,50,52,57,59,67,68,68,73,62,77,81,71,77,64,66,87,58,60,56,61,68,60,61,73,103,79,80,90,112,129,154,182,180,169,132,159,183,188,181,170,169,173,175,175,175,175,172,177,180,171,176,182,171,166,165,167,167,167,169,173,174,177,179,183,184,186,188,189,192,196,198,200,201,203,205,208,208,209,212,213,216,217,217,218,218,219,219
184,184,183,181,178,173,170,165,153,145,145,145,145,144,142,146,159,159,137,125,125,131,139,147,148,151,153,157,156,151,152,157,163,170,155,146,143,148,154,155,156,156,152,147,145,148,153,160,167,164,159,139,147,179,179,178,178,174,167,138,30,47,55,52,61,84,104,106,101,88,92,101,85,66,114,85,72,95,68,26,24,33,39,45,51,51,55,56,55,67,72,68,61,64,63,61,56,53,47,63,50,49,51,52,55,57,55,54,51,57,48,50,67,62,67,63,71,68,68,62,64,59,67,73,60,83,72,103,99,74,47,81,82,55,59,118,86,86,108,73,117,118,147,185,182,183,176,142,155,181,189,174,169,171,174,174,174,173,179,173,180,180,175,165,173,188,181,173,170,174,170,170,169,174,175,176,179,181,185,187,186,191,193,197,198,198,200,201,202,203,206,209,210,211,213,215,215,216,216,218
176,171,166,161,156,154,153,143,139,141,141,140,138,136,137,143,160,155,133,122,123,128,138,146,149,150,153,155,155,153,153,157,164,171,158,147,146,151,155,156,157,157,153,145,146,149,154,160,169,168,165,150,134,178,183,182,180,176,175,165,65,42,57,53,49,55,97,125,123,123,113,129,105,88,81,73,107,72,37,22,24,39,34,41,57,59,61,58,57,68,72,68,62,59,60,59,67,66,61,58,61,58,58,56,59,57,64,66,53,63,55,54,55,55,59,60,69,68,71,60,64,64,79,85,66,66,69,73,71,76,59,107,112,113,89,125,100,91,121,136,126,149,174,183,186,185,179,149,155,179,186,179,168,172,174,174,172,173,173,180,182,179,184,168,162,180,189,186,186,181,181,181,175,171,170,173,175,176,177,183,181,187,190,195,194,195,198,199,200,202,203,205,206,206,207,211,211,212,213,215
157,153,151,148,145,144,144,140,136,139,140,137,136,135,136,142,163,152,130,121,122,128,135,142,147,149,151,155,156,154,153,157,163,171,162,149,149,151,157,159,159,159,152,145,146,150,153,158,167,169,170,160,133,165,183,183,181,178,177,176,128,39,51,56,53,50,51,60,111,126,113,122,125,106,93,104,110,64,55,79,82,67,45,47,56,62,54,56,60,67,66,64,58,62,63,67,70,68,68,66,61,72,68,69,68,66,63,71,67,66,62,61,58,57,59,62,64,67,69,66,68,69,73,73,62,50,76,84,94,80,84,80,115,127,112,117,130,137,134,140,110,148,184,186,188,188,181,147,156,181,180,178,171,172,173,174,172,172,176,178,183,181,186,172,162,166,195,186,183,187,187,184,187,182,171,169,173,174,174,176,176,181,185,191,191,193,196,195,198,200,200,201,204,203,206,207,208,208,209,208
151,149,146,145,142,142,142,139,137,139,138,136,135,135,137,143,163,151,128,121,121,126,133,140,146,147,149,153,156,156,156,158,162,172,164,151,151,153,160,161,161,161,152,141,144,150,153,158,164,168,173,164,145,145,184,185,182,180,178,178,171,78,46,56,56,52,53,59,64,106,132,117,127,111,63,98,96,78,108,84,43,47,62,94,53,43,42,50,57,57,67,61,57,62,64,67,68,68,67,67,67,71,72,75,74,68,73,69,65,68,66,64,66,68,69,67,62,68,69,70,70,71,66,79,49,41,55,69,78,103,50,73,105,108,95,96,103,138,156,161,120,153,183,193,192,191,181,143,156,184,184,175,176,176,171,171,173,174,180,174,184,184,187,178,161,164,182,194,177,184,189,188,187,191,184,173,171,168,171,173,173,177,182,183,186,189,193,194,193,197,197,199,201,201,205,205,204,205,206,208
149,147,145,144,141,142,142,138,137,138,138,136,135,136,137,144,164,151,129,120,121,125,133,139,144,146,148,152,156,157,158,159,163,169,168,153,152,155,160,164,165,163,153,141,144,151,153,157,162,168,175,170,154,132,175,184,185,184,179,178,179,148,45,48,57,52,51,54,61,61,93,147,95,88,86,103,120,111,104,60,36,67,57,93,76,40,41,46,51,60,64,54,56,62,68,66,66,65,59,65,67,69,76,71,78,77,75,72,70,68,65,68,70,72,78,63,63,71,79,77,68,66,61,57,80,55,72,52,67,86,63,60,110,126,113,79,115,150,113,95,70,160,186,192,199,197,180,139,157,186,188,171,174,177,174,171,173,174,179,175,183,187,188,188,166,165,172,199,176,177,189,190,186,188,188,182,171,169,174,170,174,175,175,179,180,185,185,188,191,193,193,196,198,200,201,202,202,202,202,204
146,145,144,144,142,141,141,138,138,139,138,136,137,136,136,145,166,149,129,120,121,126,132,137,143,145,149,151,156,157,158,159,163,168,171,155,154,156,161,163,168,166,154,141,141,150,153,158,161,166,178,174,160,140,151,185,187,186,181,180,180,178,100,45,55,53,53,49,37,44,60,137,128,95,87,81,125,125,79,37,47,81,104,88,68,40,40,42,70,61,55,55,59,64,68,64,68,66,71,65,68,69,75,79,75,71,83,85,80,81,70,70,72,73,72,67,71,70,89,82,63,58,51,64,49,82,97,66,74,77,104,105,126,135,103,91,120,131,112,84,74,169,189,193,201,199,179,138,161,185,191,176,172,173,172,170,173,176,177,179,183,186,189,191,172,162,165,195,181,177,192,192,184,186,186,186,184,168,163,160,164,170,176,177,178,177,180,182,184,186,189,193,193,195,198,200,199,200,202,202
147,146,144,144,143,142,142,139,138,140,139,137,137,136,137,147,167,149,127,119,120,127,132,136,140,144,148,152,156,158,159,159,162,167,176,158,155,156,160,163,170,169,155,141,139,149,154,158,160,162,176,178,165,155,135,180,187,187,185,183,183,184,169,62,45,54,53,49,47,68,80,117,135,130,121,107,136,95,98,68,82,94,99,73,68,57,66,63,57,43,51,51,58,65,69,67,61,60,68,66,66,65,64,71,75,73,74,86,77,83,74,79,79,73,72,70,72,71,71,82,70,52,65,61,73,73,124,94,91,96,135,136,140,135,82,114,110,121,85,53,111,176,186,197,203,198,174,137,171,188,196,176,173,172,170,171,173,176,177,180,183,188,188,191,182,161,161,179,195,175,192,191,182,182,187,185,185,188,176,166,159,159,165,173,181,182,180,178,180,182,184,186,187,191,195,196,197,197,199,200
147,145,145,144,142,141,141,139,139,139,138,137,137,137,139,149,168,147,126,118,119,127,132,136,139,143,148,152,157,158,160,160,162,168,176,162,155,157,160,163,171,171,155,141,140,149,154,158,161,163,176,181,169,158,141,160,189,191,188,184,182,183,184,138,42,49,52,54,54,53,73,79,113,114,124,114,128,77,84,83,82,84,113,93,68,67,61,75,46,56,48,57,59,67,57,64,56,62,68,59,64,71,64,67,71,68,76,75,69,76,75,79,85,88,89,89,80,75,83,76,72,70,76,86,116,75,121,123,115,138,138,153,134,149,114,118,114,90,69,53,150,183,186,200,204,201,166,137,180,195,187,186,173,170,171,173,173,179,180,181,183,190,186,191,189,164,159,164,198,181,191,191,186,184,190,186,183,184,187,181,173,161,154,149,157,173,186,182,178,180,181,181,182,186,188,192,193,195,197,199
147,147,145,144,143,141,141,140,140,140,140,137,137,139,142,150,169,143,124,118,118,126,132,135,139,143,148,153,156,159,160,162,164,168,175,167,158,158,160,163,169,171,157,143,139,147,154,158,162,163,173,180,170,157,146,138,180,191,191,188,182,181,186,182,112,42,49,51,53,50,70,59,63,111,126,127,124,98,65,83,97,92,95,59,80,59,81,81,50,37,54,51,44,55,56,71,53,61,53,60,52,66,72,71,67,55,58,62,69,55,63,79,82,84,77,81,70,59,60,80,81,76,59,100,105,85,127,116,125,130,137,138,129,156,97,70,101,81,57,76,173,181,192,206,207,193,149,152,195,206,184,191,176,169,171,173,176,180,181,183,186,187,187,190,192,174,159,159,181,189,189,192,186,185,186,185,177,181,184,183,177,167,159,148,146,148,158,175,181,177,179,180,179,179,182,187,187,189,190,193
148,148,147,145,143,143,142,140,140,140,140,139,139,139,144,155,168,143,123,117,119,127,133,136,140,143,148,152,156,159,161,162,165,168,176,173,162,157,160,162,171,173,159,144,137,143,153,159,165,164,170,180,173,160,147,145,150,189,190,190,188,185,184,187,174,84,45,46,45,68,66,69,76,55,118,124,134,120,107,104,103,76,108,56,89,83,76,63,39,60,51,63,46,55,56,61,61,64,51,58,57,58,70,70,66,65,58,57,56,48,52,62,74,75,69,78,68,55,74,79,75,91,56,72,126,80,104,128,114,73,129,155,150,152,80,71,77,67,53,127,182,183,198,211,207,179,135,167,204,210,182,185,183,168,171,171,180,181,182,182,185,187,187,190,194,183,163,156,166,191,190,191,184,184,186,185,173,176,187,182,177,169,161,155,149,146,150,158,169,177,180,178,177,178,178,181,183,184,185,190
150,150,148,146,144,142,142,142,142,142,141,141,140,141,146,163,165,141,122,117,121,128,134,138,141,145,149,151,155,158,162,163,165,168,176,179,168,159,160,162,170,172,161,143,137,140,151,159,165,164,167,179,179,162,149,150,142,173,189,191,192,188,185,185,184,165,68,45,46,43,49,55,65,63,99,83,108,112,137,112,99,83,98,86,82,83,62,68,55,69,44,58,54,60,52,51,54,59,62,56,66,67,82,68,59,57,63,46,46,54,48,51,61,64,51,57,49,50,59,85,79,104,64,85,99,120,82,108,114,115,138,149,138,125,87,75,76,55,67,165,184,191,205,210,205,162,139,170,214,206,177,173,188,172,171,172,179,182,183,184,186,188,189,191,194,190,168,156,156,188,192,190,183,183,187,185,170,167,181,179,171,165,158,159,158,148,147,152,163,166,171,177,175,170,168,169,167,171,173,177
151,151,151,147,144,142,143,144,143,142,141,141,141,142,147,169,159,137,121,116,122,128,135,139,143,146,150,152,155,158,160,163,164,166,175,180,177,167,163,163,172,173,160,143,135,138,150,158,164,166,168,176,181,165,151,152,149,148,187,192,194,191,187,186,184,183,162,64,47,46,42,47,57,59,41,58,75,89,104,93,96,82,78,42,50,95,66,73,67,50,54,49,52,56,41,35,36,62,71,58,68,77,56,57,62,64,59,48,53,54,43,35,58,65,56,41,45,45,68,57,101,78,78,86,117,104,96,126,111,118,143,137,117,85,70,75,57,47,121,179,186,197,206,212,190,143,153,179,219,201,173,174,184,172,171,173,177,182,184,184,186,189,190,191,195,194,169,154,152,176,195,188,183,180,185,180,168,164,176,179,169,162,156,150,154,152,152,154,160,160,160,165,173,178,169,159,150,152,152,152
152,151,152,149,145,142,145,147,146,141,141,141,141,145,151,173,157,133,122,117,123,129,136,140,142,146,152,151,155,157,161,163,165,166,173,178,181,171,165,166,173,174,162,144,135,136,148,157,166,167,173,177,181,167,153,154,154,153,159,190,192,192,190,188,185,186,183,158,68,50,47,40,39,46,53,78,49,79,80,77,112,83,90,55,73,112,44,62,77,56,59,53,45,65,40,40,45,74,64,74,58,78,47,57,52,53,47,55,50,55,40,44,43,50,52,48,43,57,78,56,80,75,91,90,97,113,103,113,123,121,138,110,100,70,67,61,48,71,166,186,188,199,207,210,170,139,159,190,218,194,176,173,178,173,172,176,178,182,184,182,187,189,190,193,195,193,172,156,151,166,197,188,183,178,178,176,169,166,172,175,169,158,154,152,149,150,150,153,159,158,157,156,161,175,175,175,165,154,147,145
153,153,154,149,146,143,145,150,147,142,141,142,144,147,159,176,153,131,121,118,123,131,137,141,143,147,152,152,156,155,160,163,165,166,172,177,181,178,171,169,171,174,165,148,136,135,147,159,165,168,174,178,180,167,155,152,152,158,150,176,191,194,194,190,189,186,185,184,157,66,47,45,41,44,63,63,27,58,62,66,119,81,92,56,78,101,93,73,77,66,80,63,63,63,42,57,51,66,53,61,64,60,55,53,45,48,48,57,78,48,45,49,67,39,45,62,55,58,89,72,62,77,80,87,78,89,95,118,131,124,156,104,83,67,66,46,45,142,186,189,193,204,210,200,149,144,156,197,218,190,178,174,173,173,179,181,177,179,182,182,188,190,190,192,194,196,176,157,151,155,193,190,186,176,175,175,171,167,169,170,168,157,154,153,151,148,149,148,156,158,158,156,155,162,167,169,170,164,160,154
154,154,155,150,145,143,145,149,147,144,142,143,146,149,164,175,150,129,121,119,124,132,139,141,144,148,151,155,155,157,161,165,165,167,172,177,180,180,174,171,172,172,165,151,139,134,144,155,163,167,174,178,181,168,157,151,153,158,160,153,183,191,194,192,191,187,186,187,185,154,68,47,47,48,63,34,50,75,85,79,100,108,84,91,89,105,94,63,98,87,67,59,45,38,49,77,51,66,59,71,54,56,64,64,43,54,45,41,101,60,53,86,73,34,60,71,83,59,86,70,87,99,63,84,122,88,86,121,150,131,125,74,67,67,45,39,108,175,190,192,199,208,208,180,140,153,164,197,218,189,179,176,171,172,179,181,174,178,180,182,187,191,192,195,195,192,178,158,152,149,184,195,187,178,172,176,172,168,166,168,165,160,154,154,150,149,149,149,153,155,156,153,154,159,163,164,167,165,162,160
155,154,154,150,145,143,145,148,147,146,145,146,146,154,167,172,145,127,120,118,123,133,140,142,144,149,152,155,156,157,161,165,166,168,170,173,177,180,177,174,174,173,168,153,141,135,141,155,162,167,174,180,181,171,157,150,154,156,161,160,158,191,193,194,194,192,190,189,186,183,159,79,47,48,67,59,53,62,79,92,88,81,100,124,109,80,81,87,90,67,73,76,52,47,43,75,40,75,55,52,39,73,62,62,68,60,48,40,104,54,47,77,77,60,79,67,75,59,67,82,107,72,76,71,94,105,88,141,131,131,83,63,64,46,35,82,170,186,189,196,205,209,199,156,146,154,169,200,215,190,181,176,169,172,178,180,175,176,179,181,186,194,195,196,195,195,177,162,154,148,167,193,186,177,173,176,171,168,165,166,162,161,156,153,149,148,150,150,152,154,153,153,153,155,158,161,163,164,161,159
155,155,155,151,144,143,145,148,149,149,148,148,148,156,175,169,142,125,120,119,123,135,142,143,145,149,153,154,155,156,159,163,165,166,168,170,176,181,182,179,178,174,166,154,142,136,139,153,161,166,177,180,179,171,160,150,153,155,160,166,155,171,192,194,196,195,192,193,192,186,182,168,95,45,48,48,48,51,73,79,80,57,78,84,99,84,100,96,81,88,79,93,48,64,62,65,33,70,61,37,55,76,72,43,59,50,34,54,78,58,44,74,55,64,71,72,74,80,70,82,120,86,103,90,106,103,113,133,119,122,76,64,47,39,65,160,183,186,196,205,206,207,178,142,157,158,171,203,213,193,181,174,167,170,179,180,179,175,175,181,187,195,196,197,197,195,178,164,153,151,153,191,191,179,173,174,170,168,164,162,160,160,157,155,151,148,151,150,151,156,153,152,152,153,153,157,160,161,163,158
156,155,155,151,145,144,145,148,149,150,150,150,154,162,177,164,140,126,119,119,125,134,143,144,147,150,152,153,155,157,158,161,164,165,167,170,174,180,182,182,180,177,168,155,143,138,139,152,160,169,175,184,179,173,163,152,149,154,158,165,168,159,176,191,195,197,196,195,193,190,189,188,176,122,48,48,48,47,45,75,76,100,96,104,114,100,122,87,102,101,112,84,76,90,61,79,34,77,54,33,69,98,51,46,59,52,37,54,54,59,53,69,54,60,61,92,81,75,75,60,85,114,111,75,94,129,124,99,116,78,76,46,31,60,153,181,188,194,205,206,205,191,152,153,158,159,172,206,213,188,179,174,165,166,177,181,181,175,173,183,183,196,197,198,196,194,175,166,156,151,149,183,192,180,175,173,171,166,163,161,159,158,157,154,151,150,149,147,150,155,154,153,152,152,152,152,154,158,161,159
158,156,156,153,146,144,145,147,149,151,150,150,156,167,178,160,138,123,120,121,125,135,144,146,149,150,152,153,155,156,156,160,163,164,166,168,173,179,184,183,183,177,168,155,144,138,140,149,158,166,173,184,182,174,162,152,145,151,158,164,168,170,156,174,191,194,197,198,196,192,191,190,189,187,153,75,47,49,47,45,58,102,110,109,91,106,122,120,86,109,108,114,73,60,53,57,53,71,66,49,82,60,56,63,55,73,52,70,63,45,68,49,66,80,81,106,87,72,84,84,93,136,76,114,96,119,109,68,79,58,51,32,55,155,183,193,193,202,209,208,199,161,144,155,160,159,173,208,211,195,180,173,163,165,178,180,183,178,174,177,185,196,197,200,195,194,176,167,155,152,149,175,192,182,179,174,169,165,161,158,156,156,154,153,152,150,149,148,150,153,155,154,153,153,152,151,153,156,161,160
159,156,155,152,145,142,144,148,149,151,151,153,160,172,178,157,137,123,121,121,128,138,146,148,149,150,152,152,155,156,156,159,161,163,164,166,172,179,185,185,185,177,169,156,144,139,139,146,157,162,173,184,187,176,164,154,146,147,156,165,167,173,170,158,172,194,196,198,199,194,192,190,189,189,189,179,116,53,49,51,61,48,43,99,85,90,129,146,105,62,128,69,110,93,84,64,51,71,80,52,74,46,57,54,59,100,78,60,44,73,88,57,78,78,96,82,60,88,71,76,120,132,150,140,118,76,77,45,56,40,33,53,153,182,189,193,197,208,211,206,176,147,153,160,161,163,175,209,212,197,177,171,163,164,178,181,185,176,173,177,187,196,199,199,197,191,174,165,154,151,149,169,192,184,174,172,170,164,160,157,155,153,153,153,154,151,148,149,151,153,155,155,153,153,151,151,153,154,158,161
160,157,155,151,145,142,144,149,149,151,153,153,161,174,177,155,137,124,121,122,129,139,146,148,151,152,154,154,155,155,156,157,161,163,164,164,170,175,184,186,186,181,169,157,145,140,139,144,155,164,169,181,186,180,167,155,147,146,151,163,163,168,174,175,160,173,194,196,201,196,197,193,193,191,190,191,187,161,86,50,52,49,46,58,98,59,110,124,114,80,92,112,70,101,98,62,34,68,72,81,74,72,55,37,55,84,44,65,60,56,79,99,58,52,55,56,58,76,71,102,133,139,128,102,64,51,56,45,35,29,65,165,186,189,194,196,208,213,208,183,154,151,153,160,165,170,176,212,213,194,176,169,164,164,175,182,180,173,174,180,186,192,198,200,198,189,172,163,155,151,149,155,187,188,174,173,170,162,159,159,155,152,155,153,155,151,149,147,152,152,155,153,154,151,153,152,152,153,156,158
160,159,156,151,145,142,143,150,150,150,153,153,163,177,174,153,135,123,122,122,130,142,147,149,150,152,154,154,155,155,155,158,160,162,164,164,169,174,184,189,189,182,170,156,146,141,140,143,153,162,168,180,186,184,175,160,150,144,148,159,164,168,172,176,177,157,173,195,199,200,196,199,195,194,192,191,187,190,182,142,76,46,50,52,93,38,90,97,121,118,102,84,70,114,95,90,67,81,39,29,54,76,79,44,46,61,41,52,45,57,63,98,76,47,54,53,88,55,76,116,133,121,99,76,49,45,38,30,28,90,175,191,192,197,201,205,213,211,189,163,149,154,154,163,171,173,182,212,215,194,176,169,166,165,170,182,178,174,174,181,185,190,198,199,198,187,172,164,154,152,150,154,180,192,176,172,168,162,159,157,156,153,154,153,153,152,150,148,150,151,152,153,152,152,153,153,153,152,154,155
161,160,156,151,146,142,144,150,150,150,154,155,168,181,172,151,133,123,122,123,132,143,149,149,153,153,152,154,156,156,156,158,160,162,163,164,167,175,183,190,192,185,171,158,148,142,141,141,151,161,171,183,187,187,181,168,159,146,145,159,162,164,170,176,178,179,162,170,192,199,198,199,198,196,197,192,190,191,193,192,176,127,65,61,43,57,75,76,85,99,107,95,93,127,102,123,103,56,80,49,48,67,57,50,47,61,46,60,32,73,90,94,89,80,99,116,100,91,76,101,74,77,82,62,40,34,29,49,137,190,196,198,199,205,208,212,211,194,172,149,159,157,159,167,171,174,184,214,213,195,176,169,166,166,170,181,177,176,178,183,184,189,194,198,198,187,173,164,157,153,149,153,172,195,182,172,168,163,160,157,156,154,153,152,155,152,151,151,149,151,152,152,153,154,152,152,153,155,154,155
162,159,156,149,145,143,144,149,151,151,156,161,174,184,169,148,130,122,122,125,133,145,150,152,154,155,153,154,156,156,156,157,159,161,164,164,166,172,180,188,193,186,172,159,150,143,141,141,149,161,172,183,187,185,180,171,161,149,142,154,159,162,171,178,180,181,183,168,166,192,195,203,201,199,198,198,193,192,193,194,189,186,171,129,60,40,62,58,87,87,62,86,55,98,115,124,95,90,51,72,79,76,59,56,71,93,79,88,58,100,72,93,89,87,97,125,106,100,77,59,55,51,52,46,28,28,91,173,199,197,198,202,204,208,213,210,199,177,153,167,163,158,163,168,174,177,191,214,215,194,176,171,168,166,171,178,175,178,179,183,183,188,193,199,199,188,172,164,156,154,151,154,163,192,184,173,168,166,162,157,155,154,153,154,153,150,150,153,150,151,152,153,152,155,153,154,154,155,155,155
163,159,157,150,146,144,146,148,153,153,157,163,176,183,164,147,129,122,122,125,134,146,152,153,154,154,154,154,155,155,156,157,159,161,164,164,166,170,178,187,191,187,173,159,150,145,142,140,149,161,171,180,186,185,181,171,162,154,145,148,160,163,166,175,177,179,179,186,169,159,184,196,199,202,200,200,197,192,192,191,190,194,190,184,174,131,75,35,47,87,83,53,50,86,66,65,64,91,87,63,56,56,60,97,113,89,82,102,92,70,94,77,109,102,95,74,39,40,34,37,39,35,50,27,73,159,194,200,199,198,200,204,207,212,214,207,181,155,167,168,159,159,166,171,177,179,195,219,215,193,176,173,169,166,169,175,179,178,177,183,179,185,192,202,199,187,172,165,158,153,152,151,157,184,189,174,169,167,161,159,156,154,154,152,152,151,153,152,151,152,152,152,151,154,154,154,155,155,155,156
164,160,156,150,145,143,145,150,152,154,157,165,177,182,161,143,128,123,123,126,137,147,154,154,154,153,153,153,154,154,155,157,158,160,164,166,167,169,175,186,191,190,179,163,153,146,143,141,146,157,171,181,188,187,182,172,165,155,149,147,155,161,163,169,175,178,178,181,191,176,155,180,197,201,202,202,197,196,194,193,193,191,193,192,189,189,180,155,101,64,62,45,58,76,88,81,75,83,94,77,71,57,58,89,110,113,79,82,91,79,92,83,87,65,39,38,39,39,35,29,23,41,99,161,192,203,201,200,201,204,208,211,214,217,211,187,157,170,174,165,159,163,164,171,176,180,197,217,213,192,178,174,166,165,168,173,179,176,173,181,179,187,193,202,202,187,173,165,159,155,151,150,155,176,195,177,169,167,161,158,156,154,153,152,153,153,153,152,152,151,152,152,151,152,154,154,155,156,155,154
164,160,154,151,144,142,143,150,152,155,157,167,178,178,157,142,127,123,123,129,139,149,153,154,154,154,155,154,155,155,157,157,157,160,163,166,168,171,177,186,193,193,181,165,156,147,142,141,151,160,169,182,188,188,184,174,166,160,150,147,152,158,163,165,173,178,179,176,187,191,184,160,170,196,199,201,200,200,197,194,193,195,194,194,191,190,190,192,189,178,153,108,71,63,73,74,78,58,56,60,103,77,71,89,96,102,75,70,45,79,70,54,38,47,32,27,27,22,26,73,129,186,204,206,206,206,207,206,207,208,213,215,214,213,192,158,173,177,171,163,163,164,163,171,176,184,206,216,215,193,179,175,167,165,166,175,180,175,171,174,179,189,195,200,198,185,170,164,159,155,151,153,155,169,197,179,171,167,162,158,157,154,154,153,154,155,153,154,152,153,153,151,150,152,154,154,156,158,156,154
165,160,155,151,145,143,143,149,152,154,161,170,181,175,156,140,127,122,122,129,139,148,153,155,154,154,155,155,154,155,157,157,159,160,164,167,169,171,176,187,193,193,182,166,156,148,143,140,150,160,170,181,188,191,186,178,167,162,153,150,151,157,161,167,171,178,181,177,183,191,195,190,168,160,188,199,200,201,200,198,195,199,199,196,195,193,193,193,193,195,192,191,186,171,148,109,99,78,53,27,72,81,60,69,83,52,40,42,22,26,54,51,37,37,19,26,59,108,170,202,211,210,205,206,205,207,208,210,211,210,217,216,211,191,162,176,179,177,171,167,164,164,164,172,176,187,204,215,216,196,181,176,167,166,169,174,177,170,168,173,184,188,192,200,200,185,170,164,159,155,151,151,153,164,190,185,172,168,162,160,158,155,153,152,153,154,153,153,153,154,153,152,152,153,155,155,156,156,156,154
166,160,155,150,144,142,143,146,151,156,165,173,181,174,155,139,127,124,125,132,143,149,152,154,154,155,156,156,154,153,156,157,158,159,164,168,168,169,172,183,192,193,184,169,158,151,146,141,148,158,170,180,187,193,188,182,168,162,153,151,153,158,159,163,166,171,179,181,180,185,193,196,192,182,159,176,194,202,202,199,199,202,202,200,199,198,196,196,197,196,196,196,197,197,197,195,189,192,172,156,137,111,107,83,99,58,48,46,39,39,49,58,80,115,141,182,204,211,214,213,214,211,208,206,206,213,210,212,213,215,216,212,183,158,182,184,181,174,168,166,164,165,165,171,174,188,199,214,216,197,182,174,168,165,165,170,174,165,166,173,180,189,194,198,200,188,171,168,160,156,152,148,154,160,179,191,174,167,163,161,158,155,154,153,154,154,152,153,153,154,154,153,154,154,155,156,155,156,155,155
168,160,154,150,144,142,144,147,153,158,167,176,184,172,153,139,128,124,125,134,144,150,153,154,154,156,156,157,155,153,157,157,159,160,163,166,167,170,171,180,192,195,187,172,163,153,148,143,148,157,167,180,188,193,187,181,171,164,155,151,151,157,158,162,165,169,177,178,177,180,184,191,194,196,190,171,158,175,196,200,203,204,202,202,201,201,201,197,201,199,199,199,199,199,198,202,199,201,193,193,194,187,187,200,190,183,183,184,179,183,191,192,203,212,213,216,215,214,213,213,216,213,208,212,212,211,211,215,216,215,210,175,164,185,190,184,179,173,169,169,166,164,167,173,175,185,198,214,216,197,182,174,168,166,166,172,172,164,162,170,181,190,194,201,198,187,171,168,160,156,154,150,153,153,173,193,178,170,165,162,158,156,154,152,152,151,153,152,155,154,154,154,154,154,155,157,156,157,158,157
166,160,153,148,144,143,146,150,156,159,168,177,184,169,153,138,128,124,127,136,148,153,155,156,155,159,160,159,157,154,154,157,157,160,163,167,168,170,172,180,190,197,190,174,167,158,149,143,149,156,168,178,188,192,189,184,176,164,157,152,154,158,159,161,162,167,174,174,174,176,180,186,190,196,198,194,183,162,162,178,200,203,202,202,202,202,198,204,201,201,198,201,199,200,196,197,203,198,202,195,199,194,199,204,201,199,199,205,199,200,211,206,210,219,216,218,215,215,214,216,213,215,214,213,214,217,216,213,214,197,167,171,185,191,187,182,179,175,170,168,167,164,166,171,178,183,197,215,217,197,184,174,166,164,166,169,167,162,162,172,182,190,193,201,200,185,170,167,159,155,152,149,151,151,164,191,184,172,166,163,158,157,154,154,152,152,154,155,154,155,155,156,155,155,155,156,156,158,159,161
167,160,154,148,144,143,146,149,155,162,168,178,185,168,154,142,130,125,128,138,148,152,156,156,156,160,163,163,160,156,154,156,158,159,161,165,169,170,174,180,189,198,192,176,167,160,151,143,149,156,166,177,186,192,192,185,178,168,160,155,156,157,160,161,162,165,170,172,171,174,178,181,185,193,197,199,197,190,182,163,160,180,198,200,202,199,202,201,204,202,203,197,202,203,203,200,203,201,202,204,197,198,200,204,204,203,199,204,200,204,211,207,210,219,215,215,215,218,218,217,215,218,214,217,218,215,213,206,177,163,188,187,198,198,187,183,179,175,168,170,166,165,167,171,177,183,197,215,216,197,184,176,168,165,166,168,165,160,162,171,184,188,193,199,200,185,171,168,161,155,154,149,150,151,162,187,190,173,169,163,160,155,155,154,154,153,155,156,156,156,157,156,156,155,155,156,157,159,159,159
169,160,152,148,144,143,147,152,158,164,172,181,186,168,154,141,129,126,128,139,149,153,156,156,156,159,162,164,162,158,155,153,157,159,161,164,168,170,174,180,188,197,191,176,168,161,153,143,148,157,164,174,182,187,191,186,180,169,164,160,156,157,162,165,165,166,168,174,171,173,177,178,183,187,195,199,200,197,195,196,186,167,160,173,186,199,199,204,201,204,200,205,202,207,204,210,202,207,204,210,202,201,205,205,206,205,199,204,200,208,208,209,215,219,214,218,220,222,217,218,220,219,220,219,217,204,181,163,177,187,199,191,200,198,185,179,176,171,168,168,164,165,166,170,176,184,197,214,215,199,184,174,170,166,165,168,165,160,161,172,182,186,193,199,202,187,170,167,162,156,154,149,151,152,155,177,194,175,169,165,161,157,155,155,154,154,153,156,156,156,156,156,156,156,157,157,157,158,158,157
168,160,153,147,145,142,147,152,158,166,174,184,186,165,152,140,130,126,129,140,150,157,158,156,157,158,164,165,167,160,154,153,155,159,161,163,168,171,174,179,188,194,193,183,170,163,155,143,144,156,164,170,177,188,193,191,183,172,170,165,159,158,160,166,169,168,170,173,173,173,173,175,176,181,189,195,195,199,200,199,198,187,179,171,163,162,177,187,201,202,206,200,204,203,206,206,205,205,206,209,208,201,212,205,210,209,205,209,204,210,209,207,220,216,214,221,220,218,216,217,220,219,217,209,184,171,179,184,192,194,204,202,204,194,182,180,179,171,170,166,166,167,169,171,177,185,197,215,213,201,183,172,170,166,166,168,162,162,162,172,177,184,192,200,200,186,173,167,163,157,155,150,151,153,155,166,196,180,171,166,161,159,157,155,154,155,153,156,157,157,156,157,157,157,157,157,158,157,157,157
168,160,154,148,146,144,147,152,159,166,175,185,186,165,154,140,131,127,132,143,152,158,159,157,157,160,163,166,168,161,156,154,155,159,161,162,167,170,174,179,189,195,195,184,173,166,158,147,149,155,166,173,180,191,194,190,183,177,171,165,162,163,163,165,168,169,168,170,171,170,168,171,172,173,180,183,187,195,198,200,199,194,190,185,183,179,172,168,164,169,183,190,201,199,208,200,209,202,210,206,211,204,211,205,208,209,207,214,207,210,212,207,217,212,215,220,219,215,219,213,211,191,176,175,197,198,195,184,192,196,206,206,200,190,177,177,176,172,170,170,165,167,171,174,178,183,198,213,215,201,183,174,170,166,166,164,162,160,161,166,175,181,193,200,199,185,173,167,164,159,154,150,152,152,154,162,189,187,174,170,164,159,156,157,154,157,155,154,156,157,157,159,157,158,157,157,158,158,157,157
168,161,152,147,145,146,147,155,160,169,178,187,185,166,154,141,131,127,136,145,155,160,159,158,157,159,163,166,168,163,158,155,155,159,162,164,166,170,173,176,188,196,198,186,173,169,162,147,147,157,162,172,176,185,193,191,183,181,174,164,163,162,166,168,169,170,167,166,170,170,171,169,171,171,176,179,184,189,194,196,199,200,196,191,189,183,179,181,178,176,168,164,162,169,173,183,186,196,201,203,209,205,207,207,204,213,205,209,207,212,214,205,215,207,209,212,204,196,186,174,176,184,204,210,210,193,186,182,193,202,206,207,198,189,181,180,177,172,171,167,163,166,169,176,178,185,197,213,214,199,183,176,171,166,165,166,163,159,164,168,171,184,195,199,196,185,172,169,165,162,155,152,151,152,152,161,182,192,175,172,164,159,159,158,155,155,155,155,155,156,157,158,157,158,159,159,158,159,159,159
166,160,154,148,146,147,149,158,163,171,179,186,184,165,155,141,131,129,137,146,157,162,160,159,159,159,162,165,167,165,160,156,154,157,161,164,165,169,173,176,186,198,200,186,174,169,164,150,150,158,164,171,178,182,193,193,187,185,177,171,164,162,164,167,170,172,170,168,171,172,173,168,170,173,176,176,180,186,191,197,202,202,196,191,193,189,187,189,186,185,184,184,185,184,175,166,161,164,160,166,171,180,177,183,182,189,186,187,188,184,189,178,180,171,169,172,170,175,185,196,205,211,219,216,208,185,182,184,195,202,208,200,194,183,180,178,175,171,170,165,163,169,172,174,177,185,193,209,215,198,182,174,172,167,166,165,162,160,161,167,171,183,193,198,197,184,173,168,164,161,154,151,150,150,151,156,177,194,178,171,163,162,161,158,157,156,155,155,154,154,155,156,157,158,157,158,158,159,161,159
165,160,155,148,147,146,151,158,166,172,179,186,183,165,155,143,132,129,137,148,158,163,160,160,160,160,162,164,165,165,163,159,155,158,161,164,165,168,170,177,186,196,199,188,174,171,168,153,150,160,166,171,178,182,191,193,185,183,179,176,169,167,163,168,169,170,174,173,171,173,173,171,171,173,176,174,177,182,186,193,199,203,200,197,196,191,186,185,185,186,190,193,194,196,194,194,196,193,189,178,175,178,176,173,172,173,172,173,175,176,176,178,188,192,197,203,211,212,211,218,219,222,219,213,190,179,183,186,195,204,207,198,187,179,178,179,175,170,168,166,166,169,172,174,180,184,195,207,213,199,183,174,171,169,166,165,161,161,161,163,169,177,191,199,197,185,173,170,167,162,155,153,153,150,152,155,170,193,186,173,167,162,160,159,157,156,156,157,155,159,156,157,158,159,159,158,158,160,158,157
165,160,155,149,147,147,154,161,169,174,181,186,182,166,153,144,133,130,138,150,159,162,160,160,160,160,163,164,164,163,165,161,156,158,161,165,166,169,170,177,186,196,201,191,178,175,170,155,152,159,163,170,176,178,189,192,184,181,180,178,175,171,167,168,173,174,175,174,171,174,173,170,170,169,174,173,175,177,183,187,190,198,201,200,199,196,190,186,186,188,194,192,194,197,203,206,207,201,201,199,200,199,194,196,196,195,196,201,205,206,207,208,210,209,213,215,217,219,220,219,221,222,213,201,186,180,184,186,196,204,204,195,182,179,179,176,171,168,169,167,167,171,173,173,176,178,192,206,214,200,182,175,172,169,166,165,163,161,162,164,169,178,194,203,197,186,173,171,168,163,157,153,152,151,154,155,166,186,194,173,168,163,160,159,159,158,156,158,158,157,158,158,157,159,159,159,159,159,159,158
165,159,155,150,148,150,155,163,170,177,182,187,180,168,155,143,135,132,140,153,160,160,159,160,159,159,164,166,165,164,165,164,161,160,164,166,166,169,170,175,185,195,201,193,182,176,170,156,152,160,165,170,172,177,185,194,190,183,180,179,176,173,170,169,171,173,173,175,175,178,173,172,171,173,173,177,178,178,180,185,194,198,197,198,199,197,191,188,188,191,193,192,191,194,197,201,204,202,205,203,201,201,200,202,203,201,206,205,206,207,206,210,210,211,216,214,217,220,222,222,223,216,203,191,182,179,182,184,197,202,199,190,187,181,179,176,170,168,169,167,170,171,173,174,174,176,186,202,213,202,183,179,174,169,166,163,162,160,160,163,166,176,192,202,197,182,173,170,166,162,157,154,153,152,153,154,165,180,195,179,170,165,161,162,160,159,159,159,160,159,158,157,158,160,159,160,158,158,161,160
164,160,156,151,149,150,157,164,173,178,182,188,181,168,155,143,135,135,143,157,161,160,160,161,160,160,165,167,167,164,165,165,163,162,164,165,166,168,169,175,184,195,201,196,184,177,170,160,153,162,167,171,172,175,184,193,194,186,181,179,179,177,175,173,174,174,174,175,175,177,182,180,177,178,179,181,180,180,178,181,186,196,197,199,201,201,195,193,191,193,194,194,191,189,189,196,199,198,204,203,202,202,202,204,206,205,204,201,204,204,207,208,213,215,219,217,217,222,222,222,218,207,194,184,176,176,179,185,198,205,198,186,181,181,176,175,172,169,170,172,172,171,173,175,175,176,188,203,213,202,182,179,174,169,165,163,162,161,161,162,164,178,192,202,198,182,171,169,167,163,158,154,152,152,153,154,160,170,195,182,172,166,163,162,160,161,159,159,160,158,158,159,158,162,161,162,160,158,159,159
164,160,157,152,149,149,154,163,171,180,187,188,177,169,156,142,135,137,146,161,163,160,160,161,163,162,166,167,168,164,164,165,164,162,165,167,167,167,168,174,183,194,200,197,184,177,173,162,156,161,169,172,173,175,182,192,196,191,182,180,177,177,176,173,172,175,175,174,175,177,181,184,182,179,179,182,183,182,180,179,182,191,194,198,201,203,200,194,190,192,193,195,192,190,198,195,193,193,198,197,200,202,203,205,204,206,207,205,208,207,209,212,215,217,220,221,220,223,220,218,213,202,189,179,177,179,183,192,200,204,201,188,184,180,177,174,173,171,171,170,172,172,173,176,176,177,184,201,212,202,184,179,175,171,165,163,161,162,161,163,162,176,189,202,198,182,171,168,166,163,160,154,152,153,155,152,157,168,187,190,175,169,165,163,160,162,161,160,160,158,159,159,159,160,160,160,160,158,161,158
165,161,158,153,150,151,156,163,172,181,187,186,175,166,156,144,137,140,151,162,164,162,160,161,164,162,165,167,167,165,164,164,163,165,166,168,166,168,169,175,183,192,201,199,185,179,175,166,159,166,170,172,173,173,182,191,196,192,185,182,180,179,177,175,176,179,178,177,175,175,179,186,185,184,182,184,184,185,182,181,183,189,193,197,198,203,199,196,192,194,195,193,196,197,197,196,194,197,195,195,201,206,205,205,204,203,209,210,209,209,214,215,216,221,219,219,219,221,215,212,201,189,184,181,182,183,188,196,201,204,201,190,184,184,178,179,171,172,174,171,172,172,176,175,176,176,186,202,212,202,185,179,175,170,166,161,159,160,159,161,162,172,191,203,201,183,177,171,165,164,164,158,153,153,153,154,156,162,179,199,175,167,166,165,162,163,162,162,159,160,160,159,160,158,160,161,161,161,161,159
164,161,159,154,151,153,156,163,171,180,188,185,175,167,156,146,138,141,154,164,163,161,160,159,165,165,165,166,167,165,164,165,164,165,166,168,168,168,169,175,180,187,197,198,186,182,178,170,159,168,171,173,173,173,180,190,196,194,186,182,180,176,177,179,178,179,180,179,178,180,183,185,187,186,184,180,176,182,184,184,187,189,191,195,199,201,203,202,199,198,198,193,191,199,201,201,198,199,199,197,196,198,200,202,204,204,202,208,209,212,213,214,215,217,215,219,218,214,209,204,192,188,183,182,183,183,188,197,203,204,194,191,189,186,176,178,172,172,171,173,171,175,177,175,174,177,184,199,210,201,183,177,175,170,167,164,159,162,162,161,164,171,191,205,200,184,179,172,167,164,161,159,156,154,154,153,156,160,177,198,183,170,168,166,166,164,163,162,161,161,161,160,160,163,162,160,161,160,161,160
164,161,158,155,152,152,156,163,171,182,190,184,175,166,156,145,140,141,158,165,164,162,161,160,166,167,168,168,168,167,167,167,167,169,168,171,168,168,170,176,181,188,199,201,190,184,180,174,160,168,172,174,177,175,181,189,197,197,188,185,183,184,180,181,180,181,181,180,181,181,183,184,186,186,183,182,180,181,183,185,186,187,185,189,197,197,202,200,202,201,199,198,196,200,199,193,191,195,195,197,195,199,202,203,203,206,208,208,207,212,214,215,216,213,214,218,216,208,205,202,192,190,182,182,184,184,193,197,202,197,191,185,186,182,177,175,171,171,172,171,173,176,174,176,174,177,182,194,209,202,185,177,174,172,167,165,163,163,162,160,161,168,190,204,200,184,177,173,168,168,166,161,157,155,153,156,155,156,166,194,191,170,169,168,167,165,164,163,164,163,162,162,161,161,160,160,159,160,160,160
