198,199,199,199,199,199,199,199,199,198,198,199,198,199,198,199,199,199,199,199,201,200,200,200,201,201,201,201,201,202,201,201,201,201,202,202,202,202,203,203,203,203,203,203,204,204,204,204,204,204,204,206,205,205,206,206,207,206,206,206,206,206,206,206,206,205,205,205,205,205,205,205,204,204,203,204,203,202,203,202,202,202,201,202,202,202,201,201,201,201,200,200,200,200,200,200,200,200,199,200,200,200,200,199,199,199,200,200,200,200,199,199,200,200,201,201,201,201,201,199,200,201,201,200,201,201,201,201,202,202,203,203,204,203,204,204,203,203,204,204,205,205,205,206,206,206,206,207,207,207,206,207,206,207,207,207,207,208,207,207,207,206,207,207,207,207,208,207,208,208,208,207,207,208,207,208,207,207,207,207,208,207,207,207,207,207,208,208,207,207,208,208,207,208,207,208,209,208,208,208
198,198,198,199,198,198,199,200,199,198,198,198,198,198,199,198,199,200,199,200,199,200,200,200,201,201,201,201,202,202,202,201,201,201,202,202,203,203,202,202,203,203,203,203,204,204,204,204,205,204,205,206,205,207,207,206,206,207,206,206,206,206,207,206,206,206,205,205,205,205,205,205,204,204,204,204,203,202,202,202,202,202,202,202,201,201,201,200,201,200,200,200,200,200,200,200,200,199,199,199,199,200,198,199,200,199,200,199,200,200,200,200,199,200,199,200,201,201,202,200,201,202,203,202,201,201,201,201,202,202,203,203,203,203,203,203,203,203,204,204,205,206,206,206,206,206,206,207,207,207,207,206,206,206,207,207,208,208,208,207,208,207,207,207,207,207,207,207,207,208,207,208,207,206,207,207,207,207,208,208,207,208,208,207,208,207,208,207,208,207,208,208,208,208,207,208,208,208,208,208
198,199,199,199,198,199,199,200,198,198,199,198,199,199,199,199,200,200,200,200,201,200,201,201,200,201,201,201,202,202,201,201,201,202,203,202,203,203,203,203,203,204,203,203,204,204,204,205,205,205,205,206,205,206,206,206,206,206,206,207,206,207,207,206,205,205,205,205,205,205,205,204,204,203,203,203,202,202,202,202,201,202,201,201,201,200,201,200,200,200,199,200,199,199,199,199,199,199,199,198,199,199,199,199,199,199,199,200,200,199,199,199,199,199,199,200,201,201,201,200,201,202,202,202,201,200,201,201,201,202,202,203,203,203,204,203,203,204,204,204,205,206,206,205,206,206,207,207,207,207,207,206,207,206,207,207,207,208,207,207,207,207,207,207,208,208,207,208,207,208,208,208,207,208,208,209,208,208,208,208,209,208,208,207,208,208,208,208,208,207,208,208,208,208,207,208,208,208,208,208
199,199,198,199,198,199,199,200,200,200,199,198,198,198,199,200,200,201,200,201,201,201,200,201,201,202,201,201,201,202,202,202,202,202,202,203,203,203,203,203,203,204,203,203,204,204,204,204,204,205,207,206,205,207,206,206,207,207,206,206,206,206,207,206,206,205,205,205,204,204,204,204,204,203,202,201,202,202,202,201,201,202,201,201,201,201,200,200,200,199,199,199,198,198,198,198,199,198,199,198,198,198,198,198,198,198,199,200,198,199,199,199,199,199,199,200,200,200,201,201,202,202,202,202,202,202,202,202,202,201,202,202,203,202,203,204,203,204,204,204,205,206,206,206,206,207,207,206,207,207,208,207,207,207,207,207,207,207,207,207,208,207,208,208,208,208,207,208,208,208,208,208,208,208,208,209,208,208,208,208,208,208,209,208,208,208,208,208,208,208,208,208,208,209,208,207,209,208,207,209
198,199,199,198,198,199,198,199,200,200,200,198,199,199,199,199,200,200,200,200,200,200,201,202,201,202,202,201,202,202,202,202,202,202,202,203,203,202,203,203,203,203,203,203,204,204,204,204,204,204,205,205,206,207,207,207,207,206,207,206,206,206,206,207,206,205,205,205,204,204,204,203,203,203,202,201,202,202,201,201,201,201,200,201,200,201,200,200,200,199,199,198,198,198,198,198,198,198,198,197,198,197,198,198,197,197,198,198,199,198,199,200,199,199,199,199,200,201,201,201,201,202,202,202,201,201,202,201,201,201,202,202,202,202,202,204,203,204,204,204,204,206,206,206,206,206,207,206,207,207,207,207,206,207,207,208,207,208,208,208,208,208,208,208,208,208,209,208,208,208,208,208,208,208,208,208,208,208,208,208,209,208,209,208,208,209,208,208,208,209,208,208,208,209,209,208,208,208,207,208
199,198,198,199,199,198,198,199,200,200,200,197,198,199,200,199,199,200,199,199,200,200,201,201,202,202,202,202,202,202,202,202,202,202,203,202,203,203,203,203,203,204,204,204,204,204,204,204,205,205,206,206,206,207,206,207,207,206,206,206,206,207,207,206,205,205,205,204,205,204,204,203,204,203,202,202,202,202,201,200,201,200,201,201,200,200,200,199,198,198,198,199,198,198,197,198,198,197,198,197,197,197,197,197,197,197,198,198,199,198,198,199,198,199,199,199,199,200,200,201,202,201,201,201,202,202,202,202,201,202,203,201,203,203,203,203,203,204,204,204,204,206,206,206,207,207,207,207,207,207,207,207,207,207,208,208,208,208,208,209,208,209,209,208,208,208,208,208,208,208,208,208,208,208,208,208,208,209,209,208,209,209,209,209,209,208,209,209,209,209,208,209,208,208,208,208,208,209,209,208
199,199,198,198,199,198,199,199,199,199,200,198,199,199,200,200,199,200,200,200,200,200,201,201,201,202,202,201,202,202,203,202,202,203,203,202,202,204,202,203,204,204,204,204,204,204,204,205,204,205,206,206,207,207,207,207,207,207,207,207,206,207,206,206,205,205,204,204,204,204,203,203,202,203,202,202,201,202,201,200,200,200,200,200,200,199,199,199,198,198,198,197,197,197,197,197,198,197,196,197,196,196,197,197,197,197,196,197,197,197,198,197,198,198,198,199,199,200,200,201,200,201,200,200,201,201,202,202,202,203,202,202,202,202,203,203,203,203,204,204,204,206,206,206,207,207,207,206,208,207,207,207,207,208,208,209,208,208,208,208,209,208,209,208,209,208,208,209,208,208,208,208,208,208,209,208,209,209,208,208,209,210,209,209,210,209,209,209,209,209,209,209,208,209,208,208,208,209,209,209
198,199,197,199,199,199,198,199,199,199,199,197,198,199,198,200,200,200,200,200,200,201,201,202,201,202,202,201,202,202,203,202,203,203,202,203,203,203,203,204,203,204,205,204,204,204,205,205,205,205,206,206,207,207,207,207,206,207,207,207,207,207,206,206,205,205,204,204,203,204,203,203,203,202,203,202,202,202,201,200,200,200,199,200,200,200,198,198,197,197,199,197,197,197,197,196,197,195,195,196,195,196,195,195,196,196,195,196,196,196,197,197,198,199,198,198,198,199,200,201,201,200,201,200,201,201,201,202,202,203,204,204,203,202,203,203,203,203,203,204,205,205,206,206,207,207,207,207,208,208,208,207,208,207,208,208,208,208,208,208,208,209,209,209,209,208,208,208,208,208,208,209,208,208,208,209,208,209,208,209,209,209,209,209,209,210,209,208,209,209,209,209,208,208,208,208,209,209,208,209
199,199,198,198,199,199,198,199,200,199,200,198,198,199,200,199,200,200,200,200,200,201,201,201,202,202,202,202,202,202,202,203,203,203,203,203,204,203,203,204,204,204,204,204,204,204,204,206,206,207,207,206,207,207,207,207,207,207,207,207,206,207,206,205,205,204,205,204,204,204,203,203,202,203,202,202,201,201,201,200,200,199,200,200,199,199,198,198,198,197,198,197,197,197,194,191,191,190,185,185,183,185,182,180,181,181,183,192,194,196,197,197,198,197,198,198,198,198,199,199,200,200,200,200,201,201,201,201,201,202,201,201,201,203,203,203,203,203,203,204,204,204,205,206,207,207,207,207,208,208,208,208,207,208,208,209,208,208,208,208,209,209,209,209,208,208,208,209,208,208,208,209,208,208,209,208,209,208,208,208,209,209,209,209,208,209,209,209,209,210,209,209,208,208,209,208,208,209,209,209
198,198,198,199,198,199,199,199,198,199,199,198,198,198,199,199,200,199,200,200,200,200,200,201,201,202,201,202,203,202,203,203,203,203,203,203,204,204,203,204,204,204,204,204,204,204,205,207,207,207,207,206,208,207,208,207,207,207,206,207,206,206,206,206,205,205,205,204,204,203,203,202,202,202,203,202,202,201,200,200,199,199,199,199,199,198,198,197,197,197,196,197,194,191,187,178,157,153,141,136,134,136,130,129,133,143,146,162,178,186,191,193,196,196,196,198,197,198,199,199,199,199,200,199,201,200,200,201,201,201,201,200,201,203,203,202,203,203,203,204,204,204,205,206,207,206,207,207,208,208,208,208,208,208,208,209,208,208,208,208,209,209,209,209,208,208,208,209,209,209,209,209,209,209,209,209,209,209,209,208,208,209,209,209,209,209,209,209,209,209,209,209,209,208,208,209,209,209,210,209
197,198,198,199,199,199,199,199,200,199,200,198,198,198,199,198,199,199,200,200,200,200,201,201,202,201,202,202,202,202,202,203,204,203,203,203,204,203,204,204,204,204,204,205,205,205,205,207,206,207,206,206,208,207,207,207,207,206,206,206,206,206,206,205,205,205,204,204,202,203,203,202,202,202,201,201,201,200,199,200,199,198,198,198,198,198,197,197,196,196,192,184,162,147,129,114,111,114,113,114,114,112,110,108,107,107,109,113,121,126,139,159,179,189,195,197,197,197,198,199,199,199,200,199,200,200,199,201,201,201,200,200,201,202,203,203,203,202,203,205,204,205,205,206,206,206,208,207,207,208,209,208,208,208,208,208,208,209,208,208,209,209,209,209,209,209,209,209,209,209,209,209,209,209,209,209,209,209,209,209,209,208,210,209,209,209,209,209,209,209,210,209,209,209,209,209,209,210,210,210
198,198,198,198,199,199,199,199,199,200,199,200,200,201,199,199,199,199,200,200,200,201,201,201,201,202,201,201,203,201,203,203,203,203,204,204,204,204,204,204,205,205,204,205,204,206,206,205,206,206,207,206,207,207,207,206,206,207,206,206,206,206,205,205,204,204,204,203,202,202,202,201,202,201,201,201,201,200,199,199,199,199,198,198,198,198,197,197,188,180,152,123,108,104,103,101,100,97,93,94,95,96,96,98,99,98,100,105,105,110,116,119,125,135,159,181,193,197,197,198,198,198,198,199,199,199,199,201,201,201,200,200,201,201,202,202,202,202,202,204,204,204,205,205,206,206,207,207,208,208,208,207,208,208,209,208,209,209,209,208,209,209,209,209,209,209,210,209,210,210,209,210,209,209,209,209,209,209,209,209,209,209,209,209,209,209,209,209,210,210,210,209,209,209,209,209,210,209,210,210
198,198,198,199,198,198,199,199,199,200,199,200,200,200,199,199,199,199,199,200,200,200,201,201,201,201,202,202,202,202,203,203,203,203,203,204,204,204,204,204,205,205,205,205,205,206,207,206,207,206,207,207,207,207,207,207,207,206,206,206,206,205,205,204,204,204,204,202,202,202,202,202,201,201,200,200,200,199,199,199,199,198,198,197,196,196,194,176,140,118,103,100,98,94,90,85,81,80,80,79,78,79,80,81,83,82,85,92,94,98,104,107,110,116,121,126,143,174,191,197,198,199,199,199,200,200,200,200,200,201,200,199,200,201,202,202,203,202,202,203,203,204,205,205,206,206,208,207,208,208,208,208,208,208,208,208,208,209,209,208,209,209,209,210,210,210,210,209,209,210,210,209,209,210,209,209,210,209,209,209,209,209,209,210,210,209,209,209,210,210,208,209,210,210,209,209,210,210,210,210
199,198,198,198,199,199,199,199,200,199,199,200,201,200,199,199,199,199,200,201,200,201,201,201,201,202,202,202,201,202,203,202,203,203,203,204,203,204,204,204,205,205,204,205,205,207,207,207,206,207,207,207,207,207,207,206,206,206,206,206,206,206,204,204,204,203,202,202,202,201,201,202,201,200,200,200,199,199,199,199,199,198,198,196,195,181,136,113,104,100,95,93,90,84,81,77,77,74,74,71,73,73,72,71,71,69,72,74,77,81,87,93,101,107,112,114,121,128,145,178,199,197,198,199,198,199,199,199,199,200,201,199,200,200,201,201,201,202,202,202,204,204,205,205,205,206,207,207,207,208,207,208,208,208,209,209,209,209,209,209,209,210,210,210,210,210,209,209,210,209,210,209,209,210,210,210,210,209,210,210,209,209,209,210,210,210,210,210,210,210,210,209,209,209,209,209,211,210,211,210
198,198,198,199,199,199,199,199,199,199,199,200,200,200,200,201,200,199,200,200,200,201,200,201,201,201,201,201,202,202,203,203,203,203,204,203,203,204,204,204,204,204,205,205,207,207,207,207,208,207,207,207,207,207,207,206,207,206,206,205,206,205,203,204,203,203,202,202,201,201,201,200,200,199,199,199,200,199,199,198,197,197,197,191,156,113,100,95,90,88,84,81,77,72,71,70,71,70,71,70,70,71,71,72,72,71,71,73,72,73,76,79,82,86,94,100,109,114,120,127,151,188,196,197,197,198,199,199,200,200,200,200,200,200,200,201,201,203,202,202,203,205,206,206,205,206,206,208,207,208,208,208,208,209,208,209,209,209,209,209,209,209,209,209,210,210,209,209,211,210,210,209,209,210,210,209,211,210,209,210,210,210,210,210,210,210,210,210,210,210,210,210,210,210,209,209,210,210,211,211
198,198,198,199,199,199,199,199,199,199,200,200,201,200,200,200,201,199,200,200,200,200,201,200,200,201,201,202,202,203,203,203,203,204,203,204,204,204,204,205,204,205,204,205,207,208,207,207,207,207,207,207,207,207,207,206,206,206,206,205,204,204,204,203,203,203,202,202,201,202,201,200,199,199,199,199,198,198,199,198,198,197,182,132,106,96,90,87,83,80,76,73,69,68,67,67,69,69,70,71,71,71,72,73,73,73,74,76,76,75,75,74,78,80,83,87,93,106,114,120,126,134,168,193,194,198,199,200,200,199,201,201,200,200,200,201,201,201,202,202,203,203,204,205,205,206,206,207,208,208,207,208,208,208,209,209,209,209,210,209,210,210,210,210,210,210,209,210,209,210,210,210,210,210,210,209,210,210,210,210,210,210,210,210,210,210,210,210,209,210,210,210,209,210,209,209,209,210,211,211
199,198,198,198,199,199,198,199,199,200,199,200,200,200,200,201,201,200,200,200,200,201,200,201,200,201,201,202,202,202,203,203,203,203,203,204,204,204,204,204,204,205,205,205,207,207,207,207,207,207,207,207,207,207,206,206,206,206,205,205,204,204,204,203,203,202,202,201,201,200,199,200,199,198,199,199,198,199,198,197,195,164,116,100,90,86,83,79,75,71,70,70,69,67,67,67,69,70,70,73,74,74,75,75,75,76,76,76,76,74,75,74,77,77,79,80,81,90,100,104,116,122,127,148,182,196,197,198,199,199,199,199,199,199,199,200,200,200,201,202,203,203,204,204,205,206,206,207,208,208,207,208,209,209,209,210,210,209,210,210,209,210,210,210,210,210,210,210,210,210,210,210,210,210,210,210,209,210,210,210,210,210,210,210,211,209,210,210,210,210,210,210,209,209,210,209,210,210,210,210
197,199,198,198,198,198,199,199,199,200,199,199,200,200,200,199,200,200,201,201,201,201,202,201,201,201,201,202,202,203,203,203,203,203,203,204,204,205,204,204,205,205,206,207,207,207,207,207,207,207,207,207,206,207,206,206,206,205,206,205,204,204,203,203,203,202,201,200,200,200,199,200,199,198,198,198,198,198,196,193,143,103,93,84,78,77,74,72,68,67,67,68,68,67,67,67,69,71,73,74,75,75,76,76,77,77,76,75,75,74,75,76,76,78,78,79,79,78,81,87,99,108,116,124,135,173,196,196,198,199,199,199,199,198,199,199,199,200,201,202,202,203,204,204,205,205,206,207,207,207,208,208,209,209,209,209,209,210,210,209,210,210,211,210,210,210,210,210,210,210,210,210,210,210,210,210,210,210,210,211,210,210,210,211,211,210,210,210,209,210,210,210,210,210,210,210,210,209,209,210
199,199,199,198,198,199,198,198,200,200,199,200,200,201,200,200,200,201,202,201,201,201,203,202,201,201,202,202,201,202,203,203,203,204,204,204,204,204,205,206,207,207,207,207,207,207,207,207,207,207,207,207,207,207,207,206,206,205,205,205,204,204,203,202,202,201,201,200,200,199,198,198,198,198,198,199,197,197,184,126,94,89,78,75,72,71,69,66,66,67,68,68,67,67,69,70,71,72,74,73,74,74,75,75,75,76,76,76,75,75,74,75,75,76,78,78,79,79,79,81,84,95,101,110,117,128,155,188,196,196,199,199,198,197,198,199,199,200,200,201,202,202,203,204,204,205,206,206,207,208,208,209,209,209,209,210,209,210,210,210,209,209,210,210,210,210,210,211,210,210,210,210,210,210,211,210,210,210,210,210,210,210,211,211,211,210,211,210,210,210,210,210,210,211,210,210,210,211,210,211
199,198,198,199,199,199,199,199,200,200,200,200,200,200,201,200,200,200,201,200,203,203,202,202,201,201,201,202,201,202,203,204,203,204,203,204,204,204,205,206,207,207,208,207,207,207,207,207,207,207,207,207,207,207,207,206,206,206,205,204,203,203,203,202,201,201,199,199,199,199,198,198,198,198,198,198,197,174,113,90,85,76,72,71,69,68,67,66,66,67,66,67,67,67,70,71,72,73,74,73,73,74,75,75,75,76,76,76,75,75,75,75,76,76,77,78,79,80,80,80,80,84,92,98,104,112,125,141,180,196,198,198,197,197,198,199,198,199,200,201,201,202,202,204,204,205,206,207,207,208,208,208,209,209,209,210,210,210,210,209,210,210,210,210,210,210,211,211,211,211,210,210,210,211,211,211,211,210,211,211,211,210,211,211,211,210,210,210,210,211,211,211,211,211,210,211,210,211,210,210
199,198,199,198,198,200,199,198,200,199,200,200,200,201,201,201,201,201,201,202,202,202,201,202,202,201,202,202,202,202,203,203,203,203,204,204,205,204,205,206,207,207,207,207,207,208,207,207,207,207,207,207,206,206,206,206,206,205,204,204,203,203,203,201,200,199,199,199,199,199,198,198,198,197,197,196,162,99,91,80,74,72,71,71,68,69,67,67,67,66,66,68,69,68,70,72,72,73,73,73,73,74,75,75,75,75,76,76,76,74,76,75,77,77,78,78,77,80,81,80,80,82,86,90,95,101,106,119,128,165,194,198,197,197,197,198,198,198,199,200,200,202,202,203,204,205,206,207,207,208,207,208,209,209,209,210,210,210,210,210,210,210,211,211,211,211,211,210,211,211,211,211,211,211,211,211,211,211,211,211,211,210,211,211,211,210,211,210,210,211,210,211,211,211,210,211,210,210,210,211
199,198,198,200,199,199,199,199,199,200,199,200,200,201,201,201,200,201,201,201,202,202,202,202,202,201,202,202,202,203,202,203,203,205,205,206,205,206,206,207,207,207,207,207,208,207,208,207,207,206,207,207,207,206,206,206,206,205,204,203,203,202,202,201,200,199,199,198,198,198,198,198,197,197,195,148,91,85,80,77,74,73,71,71,69,68,67,66,66,66,65,68,68,69,71,72,73,73,73,73,73,74,75,75,74,74,75,77,75,75,76,75,77,78,79,80,79,80,80,82,80,81,82,83,87,92,96,101,110,124,151,193,197,195,197,198,198,198,200,200,200,201,202,203,203,204,205,206,207,207,208,208,209,209,209,209,209,210,210,211,210,210,210,211,211,211,210,211,211,211,211,211,211,211,211,211,211,211,211,211,211,211,211,211,212,210,211,211,211,211,211,211,211,210,211,211,210,211,211,211
198,198,198,198,199,200,198,199,200,200,200,200,200,201,201,200,201,201,202,202,202,202,202,203,203,204,204,203,202,202,204,205,204,203,204,204,204,206,206,207,207,207,207,208,208,207,207,207,206,206,206,206,206,206,206,205,204,204,204,202,202,202,201,201,200,199,198,198,198,198,198,197,196,192,134,84,82,79,77,73,74,73,71,70,70,67,65,64,65,66,68,68,68,69,70,71,72,73,72,72,73,73,75,74,75,74,76,77,75,75,75,75,76,78,78,80,79,82,82,82,81,82,82,81,85,87,91,95,98,105,119,138,175,197,197,197,197,197,198,199,200,201,201,203,203,204,205,207,206,207,207,208,208,209,209,210,209,210,210,211,211,211,211,211,211,211,211,211,211,211,211,211,211,211,211,210,210,211,211,212,211,211,212,211,212,211,211,211,211,211,211,212,211,211,211,211,210,212,211,211
198,198,199,199,199,199,199,199,199,200,199,200,200,201,201,200,201,201,202,202,203,203,203,203,203,202,203,203,202,203,203,205,204,204,205,205,205,206,207,207,207,207,207,207,207,207,207,207,207,206,207,207,206,206,206,205,205,204,203,202,202,201,201,200,199,198,198,198,197,198,197,197,184,127,80,79,79,78,73,71,74,72,71,70,70,66,64,64,65,66,66,67,68,70,71,71,70,72,71,73,73,74,75,75,75,76,76,76,74,75,76,76,76,78,78,80,80,80,82,82,81,82,82,82,84,85,86,90,94,98,104,114,133,177,193,194,196,198,197,198,199,200,201,202,202,204,205,206,206,207,208,208,208,209,209,210,209,210,210,210,210,211,211,211,211,211,211,211,211,211,211,211,211,211,211,211,211,210,211,212,211,212,212,212,212,212,212,212,212,211,211,212,211,211,211,211,210,212,211,211
199,199,199,199,199,198,199,199,200,199,200,199,200,201,201,200,201,201,202,202,203,203,203,203,204,203,204,203,203,203,204,205,205,205,206,206,205,206,207,207,207,207,208,207,207,207,207,207,206,207,206,206,206,206,205,205,205,203,203,202,201,201,200,199,198,198,198,198,197,197,197,188,119,82,81,81,79,78,73,72,73,70,70,69,69,67,64,64,64,64,65,67,69,69,70,71,71,71,71,72,74,75,76,76,77,78,77,76,73,74,74,77,78,78,77,79,79,80,81,82,80,80,81,82,83,82,83,86,92,94,97,102,111,118,160,190,194,196,197,198,199,199,201,201,201,202,203,205,206,207,207,207,208,209,209,209,209,210,210,211,211,211,211,211,211,211,212,211,211,211,211,211,212,211,211,211,210,211,211,211,211,212,211,212,211,211,211,212,211,212,212,212,212,212,212,212,211,211,212,211
200,199,199,200,200,199,200,199,200,200,200,200,200,200,202,201,202,202,202,202,203,203,202,203,204,203,203,204,204,204,204,206,205,206,206,206,207,206,207,207,208,207,208,207,207,207,206,207,207,206,206,206,206,206,205,205,204,203,203,202,202,200,200,199,198,198,198,197,197,197,187,119,84,81,81,80,78,77,74,73,72,71,70,70,68,64,63,63,64,64,65,66,68,68,69,70,72,71,73,75,74,76,76,76,77,77,78,77,74,75,75,77,79,78,77,79,79,80,80,80,82,81,82,82,83,83,83,85,89,92,96,100,101,106,108,153,189,193,196,198,199,199,200,201,201,202,203,205,206,206,207,207,208,210,209,209,210,210,211,210,211,211,211,211,211,211,212,211,211,211,211,212,211,211,212,212,211,211,211,211,212,212,212,212,212,211,211,212,212,212,211,212,211,212,211,211,212,212,212,211
200,199,199,199,200,200,200,200,200,200,200,200,200,201,201,201,202,202,202,202,203,203,202,203,203,203,204,203,202,203,203,205,206,206,205,206,206,206,207,207,208,208,208,207,208,207,207,206,206,206,206,206,205,205,205,205,203,203,202,201,201,200,199,199,198,198,198,197,197,189,116,86,83,81,81,80,78,77,74,73,73,73,70,71,68,65,65,65,65,66,66,67,69,71,71,70,72,71,71,71,74,75,75,77,77,77,78,77,78,76,76,77,79,79,78,78,80,80,81,79,82,82,83,84,83,83,84,86,87,89,92,96,99,100,100,102,144,175,191,198,198,197,198,200,200,201,203,205,206,207,207,207,208,209,209,209,210,210,211,210,211,211,211,212,212,211,211,211,211,211,211,211,211,211,212,211,211,211,211,211,212,212,212,212,212,212,212,211,211,212,212,211,211,212,211,211,212,212,212,211
200,199,199,200,200,200,200,200,200,200,200,200,200,201,202,202,201,202,202,203,203,203,203,204,204,204,204,204,203,204,204,204,205,205,206,206,207,206,207,207,207,208,208,207,207,207,207,207,206,206,206,205,205,205,204,203,203,202,202,201,200,199,199,198,197,197,197,197,188,122,86,84,82,81,81,80,78,78,76,75,75,74,72,71,71,69,68,69,69,72,72,72,72,72,72,72,72,72,72,71,73,75,75,75,77,77,77,77,78,76,75,75,78,79,78,78,80,79,81,81,82,83,84,84,84,85,86,87,87,90,92,96,97,98,100,97,101,121,156,188,194,197,198,199,200,201,202,204,205,206,206,207,208,209,209,210,210,211,211,212,211,212,212,211,212,211,212,211,211,212,211,211,212,211,212,212,212,211,212,212,212,212,212,211,212,211,212,212,211,212,212,212,212,212,211,212,212,212,212,212
200,199,199,200,201,200,201,199,200,200,200,201,201,202,202,202,202,202,202,203,203,203,204,203,204,204,205,205,205,205,205,206,205,205,206,207,207,207,207,207,208,208,208,208,207,207,207,207,207,206,207,205,205,205,205,204,203,203,202,200,200,199,199,198,198,197,197,189,124,86,84,82,82,82,81,80,79,80,78,77,75,75,73,73,73,73,73,74,75,76,77,75,74,74,74,73,74,73,71,73,74,75,74,75,75,76,77,76,78,75,75,75,78,79,78,79,80,79,80,81,82,83,84,84,86,85,88,88,89,90,92,96,97,98,98,98,96,100,120,157,182,197,198,198,199,200,202,203,204,205,206,207,208,209,210,211,210,211,211,212,211,211,212,212,211,211,212,212,211,212,211,212,212,212,212,212,212,212,212,212,212,212,212,212,212,212,212,212,212,212,212,212,212,212,212,212,212,212,212,212
200,200,200,200,201,200,200,201,200,200,201,201,201,202,201,202,202,202,202,203,203,203,204,204,204,204,204,205,203,205,206,206,205,207,206,206,207,207,207,207,208,209,208,207,207,207,207,206,207,206,205,205,205,205,204,204,202,202,201,199,199,198,199,198,197,196,188,126,86,84,83,82,82,82,81,81,80,79,79,77,77,76,76,75,75,76,77,77,78,79,76,75,73,76,75,75,76,74,74,73,74,76,76,75,75,76,77,76,75,74,74,74,79,79,78,78,78,79,81,81,82,83,84,85,86,87,87,88,89,90,92,96,97,99,97,97,98,97,103,106,150,179,195,197,198,199,201,202,203,204,205,207,208,209,210,209,210,210,211,211,212,211,212,211,212,212,212,212,212,212,212,212,212,212,213,212,212,212,212,212,212,212,213,212,212,213,213,212,212,213,212,212,212,212,212,212,212,212,212,212
200,200,200,201,200,201,200,201,200,200,200,201,202,202,202,202,202,202,202,203,204,204,204,204,204,204,205,205,205,206,206,206,206,206,206,207,207,208,207,207,208,208,208,208,208,207,207,207,207,206,206,205,205,205,204,203,202,202,200,199,198,198,197,196,196,184,131,91,85,83,82,82,82,82,82,82,81,80,81,78,77,77,77,78,77,76,76,76,76,76,77,76,75,77,77,78,76,75,73,73,76,76,76,77,79,78,78,77,78,78,77,75,78,78,79,80,80,81,81,81,82,83,84,85,86,86,87,89,90,92,93,95,96,99,99,97,98,98,98,103,96,142,183,196,198,199,200,203,203,204,205,206,207,208,209,209,210,210,211,211,212,212,212,212,212,212,212,213,212,212,212,212,213,212,213,213,213,212,212,212,213,213,212,212,212,213,212,212,213,212,212,212,213,212,211,212,212,213,212,212
200,200,200,201,201,200,201,201,201,201,201,201,201,202,203,203,202,203,203,204,203,204,204,204,204,204,205,205,205,206,206,206,206,207,206,207,207,207,207,207,207,208,208,208,208,207,206,207,206,206,206,205,205,204,203,203,202,201,200,199,198,198,198,196,189,142,93,88,84,84,82,81,80,81,82,82,81,80,80,79,79,79,80,81,78,76,74,76,78,81,81,80,79,80,77,79,78,77,75,75,78,78,79,78,79,80,80,79,82,82,79,76,78,79,81,81,81,81,83,83,84,85,85,85,87,85,87,89,91,92,93,96,97,97,99,99,96,97,95,95,106,87,133,171,196,197,200,203,204,204,206,205,206,207,209,211,211,212,212,213,213,212,213,212,212,212,212,212,213,212,213,213,213,213,213,213,213,213,212,213,213,213,213,213,213,213,212,213,213,212,213,212,213,213,212,212,212,213,212,212
200,201,200,201,201,201,201,201,201,202,201,201,202,202,202,203,203,203,203,203,204,204,204,204,204,205,205,205,205,206,206,206,206,207,206,207,207,208,208,207,208,207,208,208,208,208,207,207,207,205,205,205,205,204,204,202,201,200,199,198,198,197,197,193,150,94,88,85,84,85,83,81,81,82,81,83,83,83,84,82,79,80,81,82,80,78,75,79,83,84,85,84,84,84,82,83,81,79,77,78,80,78,79,79,82,81,80,80,82,82,81,80,81,82,84,82,83,84,85,85,88,88,88,86,88,87,88,90,92,93,93,95,97,98,98,98,97,95,94,93,96,100,84,136,181,193,199,203,204,204,205,206,206,207,209,211,212,211,211,212,213,212,212,212,212,212,212,212,213,213,213,213,213,213,213,214,213,213,213,213,213,213,214,213,213,214,213,213,212,212,212,213,213,212,213,212,212,213,212,212
200,201,201,201,201,201,201,201,201,201,202,202,202,202,201,203,203,203,203,204,204,204,205,205,205,205,205,205,205,206,206,206,207,207,207,207,207,207,207,208,208,208,208,208,208,207,207,207,206,206,205,205,204,204,203,202,200,199,199,198,196,196,193,168,100,86,85,83,85,84,82,81,82,82,83,84,84,84,85,84,83,83,84,83,85,85,85,87,85,86,86,86,86,85,84,84,81,81,78,78,79,80,79,80,82,83,83,81,79,80,82,81,82,84,84,85,85,85,85,87,88,90,90,89,88,89,91,91,93,95,95,96,95,97,98,97,96,95,93,93,93,98,96,72,146,176,197,200,201,203,206,207,206,207,208,209,210,211,210,212,211,211,212,213,213,213,213,212,213,213,213,213,213,213,213,213,213,213,212,214,213,213,213,213,213,213,213,214,213,213,213,213,213,213,213,213,213,213,213,213
201,201,201,201,201,202,202,201,202,201,202,202,202,203,203,204,203,203,203,204,204,204,204,205,205,205,205,205,205,206,206,206,206,207,207,207,207,208,207,208,209,208,208,209,208,208,207,207,206,206,205,205,204,203,202,201,200,200,198,198,196,189,163,108,89,87,84,82,84,84,83,82,82,83,83,84,84,86,87,86,86,86,88,88,88,89,90,88,87,85,86,87,87,86,84,83,82,83,81,80,80,79,79,83,84,85,85,82,78,79,82,81,82,85,84,84,85,86,85,87,88,89,90,90,88,90,93,94,96,97,99,98,97,98,98,98,98,96,93,94,93,94,96,85,80,161,196,198,200,202,205,207,206,207,209,209,211,212,211,211,212,212,213,213,213,214,213,213,212,213,213,213,213,213,213,213,213,213,212,213,213,213,213,212,213,214,213,213,214,214,213,213,213,213,214,213,213,213,213,214
201,201,201,202,201,201,202,201,202,202,202,202,203,202,203,203,203,203,204,204,204,205,205,205,205,205,205,205,206,206,207,206,207,207,207,208,207,207,208,208,209,209,209,209,208,208,208,208,207,206,206,205,205,203,202,201,200,199,199,198,196,173,118,90,87,87,85,84,81,81,82,83,83,84,83,86,86,89,89,89,89,89,91,92,90,91,90,90,90,88,88,88,89,89,89,86,84,84,82,80,81,80,80,85,85,86,90,83,83,85,85,84,85,87,85,84,86,86,86,88,88,90,91,89,90,92,93,96,97,97,100,99,99,99,99,98,98,97,94,94,94,94,93,95,78,102,178,193,198,202,205,206,206,208,209,211,212,213,213,211,212,212,213,213,213,213,213,213,212,213,213,212,213,214,214,214,213,214,213,213,213,213,213,213,213,213,213,213,214,214,213,213,213,213,213,213,213,213,214,214
202,202,202,202,201,202,202,202,202,202,202,202,203,203,203,203,203,204,204,204,204,205,205,205,205,205,206,205,206,207,207,207,207,207,207,207,208,208,208,208,209,209,209,209,209,208,208,207,206,206,206,205,203,204,203,202,200,199,198,196,183,131,90,87,85,84,85,83,80,81,82,82,83,85,83,85,88,91,90,89,91,90,92,91,92,94,96,95,94,93,94,93,92,92,90,89,86,83,84,85,86,83,85,86,88,91,97,90,90,89,88,87,89,88,87,86,85,85,86,89,89,90,92,91,93,94,96,98,101,101,100,102,99,99,97,96,98,96,96,96,94,93,92,90,94,61,129,188,192,202,204,206,207,209,210,210,211,212,213,213,213,214,214,213,213,213,213,213,213,213,214,213,214,214,214,214,214,214,213,213,213,213,213,213,213,213,213,213,214,214,214,213,213,213,214,213,213,214,214,214
203,202,202,202,202,202,202,202,202,202,202,202,202,203,203,203,204,204,204,204,204,205,205,206,205,205,206,206,206,207,207,207,207,207,208,208,207,208,208,209,209,209,209,209,208,208,208,207,207,206,206,205,204,203,203,201,200,199,199,193,129,84,89,87,83,83,83,82,82,80,81,82,84,85,84,86,91,92,92,91,95,95,93,92,93,94,95,97,96,95,95,95,95,96,93,92,87,86,87,89,87,85,86,87,90,92,102,97,93,91,99,91,90,89,88,89,90,89,90,90,92,92,94,95,98,98,98,97,102,104,103,103,101,100,97,95,96,95,95,97,95,93,92,91,92,89,71,144,191,203,203,205,206,207,209,210,211,212,212,213,213,213,215,213,213,214,213,213,213,213,214,214,214,214,214,214,214,214,214,214,214,214,213,214,214,214,213,214,213,213,213,213,213,214,214,213,213,214,213,214
203,203,202,202,202,202,203,202,203,203,203,203,203,203,204,204,203,204,204,204,204,205,205,205,206,205,206,206,206,207,207,208,207,208,208,209,208,208,209,209,209,209,209,209,209,208,209,207,207,206,206,205,204,203,204,201,200,198,190,161,91,89,87,85,82,82,82,83,80,79,82,83,86,86,85,87,91,91,94,93,95,98,95,99,98,97,96,100,96,96,99,98,97,98,99,99,97,95,90,90,93,91,90,92,93,97,104,101,99,91,88,88,93,91,88,90,89,94,103,96,97,97,95,95,98,97,102,103,106,107,105,104,104,103,98,97,97,96,97,96,94,94,94,93,92,96,75,90,178,198,198,200,204,206,207,208,210,212,212,212,213,214,214,213,214,213,213,213,213,214,214,214,214,214,214,214,214,214,214,214,214,214,214,214,214,214,214,214,214,213,213,213,214,214,214,213,214,214,213,214
203,202,203,202,202,202,203,203,203,203,202,203,204,203,204,204,204,203,204,205,204,205,205,205,206,206,206,206,207,207,207,208,208,208,208,208,208,208,208,208,209,209,209,210,210,210,208,209,207,207,206,206,204,204,204,201,199,196,155,107,89,91,86,83,81,81,81,83,81,79,81,85,86,87,88,87,88,92,94,93,93,99,92,100,96,96,95,100,97,100,101,99,100,99,99,99,97,94,91,96,97,94,94,100,99,97,103,103,99,92,90,94,93,91,91,93,93,95,99,107,108,101,98,97,98,98,100,100,101,106,103,104,105,103,100,99,99,97,97,97,94,94,95,94,94,92,96,64,119,179,195,198,203,203,206,209,210,211,212,213,214,214,215,214,214,214,214,213,214,214,215,214,214,214,214,214,214,214,214,213,214,214,214,214,214,213,214,214,214,214,214,214,214,214,214,214,213,214,214,214
204,203,203,204,202,203,203,203,203,204,204,204,203,204,204,204,203,204,204,205,205,205,206,206,206,206,206,207,207,207,207,208,208,208,208,209,209,209,209,209,210,209,209,210,210,209,209,208,207,206,206,205,205,204,203,200,200,194,144,84,90,88,85,81,81,79,81,82,81,80,81,83,85,86,87,86,86,90,93,93,94,97,96,104,99,96,96,99,96,97,91,98,97,99,97,100,98,97,96,96,95,92,93,100,98,99,100,101,99,96,97,101,99,93,95,99,97,97,105,113,112,105,101,99,98,98,100,100,106,105,103,102,104,106,102,100,99,98,97,97,96,95,96,95,94,92,96,86,61,163,193,196,202,204,206,208,209,211,212,212,213,214,214,215,214,214,213,214,213,214,214,215,214,214,214,214,214,214,214,214,214,214,214,214,214,214,214,214,214,213,214,214,214,214,214,214,214,213,214,214
203,203,203,203,204,203,203,203,204,204,204,204,204,204,204,204,204,204,205,206,206,205,206,206,206,206,207,207,207,208,208,209,208,208,208,208,209,209,209,209,210,210,209,210,210,209,210,209,208,206,205,206,205,204,202,200,198,175,104,88,89,85,84,81,81,79,80,81,81,81,83,84,89,89,88,86,88,90,92,92,92,96,99,102,96,96,97,96,97,89,86,98,99,100,100,101,103,101,105,98,96,96,93,96,95,97,101,97,102,103,101,103,100,98,97,107,105,106,107,109,109,109,108,102,98,98,101,101,104,104,101,101,103,105,102,101,100,99,99,97,97,96,96,97,95,95,95,97,69,108,186,196,199,202,204,207,208,209,211,212,213,213,213,214,214,215,213,214,214,214,214,214,214,215,214,215,214,215,214,214,215,215,214,214,214,214,214,214,215,214,214,214,214,214,215,214,214,214,214,214
203,203,203,203,203,204,204,204,204,204,203,204,204,205,204,205,205,205,205,206,205,206,206,206,207,206,207,207,208,208,209,209,209,209,209,209,209,209,209,209,210,210,209,209,210,209,209,208,208,206,206,205,203,203,201,199,196,141,76,89,88,84,83,82,81,80,79,80,83,83,86,84,88,89,88,88,88,91,93,95,96,98,99,101,100,96,99,100,98,97,103,101,103,102,102,104,103,102,106,101,100,100,97,95,96,96,95,94,99,103,105,104,100,98,95,100,105,110,110,111,108,101,101,103,98,98,102,100,105,101,102,101,103,103,99,99,100,98,101,99,99,99,99,101,98,98,97,96,88,67,159,193,196,199,202,205,206,208,210,211,212,212,213,214,214,215,213,213,214,214,214,214,214,214,215,215,215,215,215,214,214,215,214,215,214,214,214,214,214,214,214,214,214,214,214,215,214,214,214,214
203,203,203,203,204,204,204,204,204,204,204,205,204,204,205,205,205,205,205,206,206,206,206,206,206,207,207,208,208,208,208,208,210,209,209,209,209,210,209,210,210,210,210,209,210,209,209,208,207,206,205,205,203,202,200,196,175,89,82,89,83,83,83,82,81,80,80,80,86,86,88,87,93,96,88,88,89,91,92,96,97,99,98,100,103,97,100,98,99,102,103,103,103,104,105,106,102,103,107,104,104,101,100,96,100,97,100,102,102,101,104,104,102,96,95,106,97,106,105,105,98,96,91,97,98,94,99,99,100,100,101,102,102,102,97,97,97,99,96,105,99,102,101,102,100,101,100,99,97,75,92,179,195,197,199,203,204,206,209,211,211,212,213,213,214,215,213,213,214,213,214,214,214,215,215,215,215,215,215,214,214,215,214,214,214,215,215,215,215,215,215,214,214,214,215,215,214,214,214,215
204,203,203,204,204,205,203,204,204,204,204,205,204,205,205,205,205,205,206,206,206,206,206,207,206,207,207,208,208,208,208,209,209,209,209,209,210,210,209,210,210,210,211,210,210,209,208,208,207,206,205,204,203,202,198,184,137,74,86,86,82,82,82,82,81,80,79,79,85,87,85,85,90,92,87,88,90,93,96,96,98,98,99,101,105,98,99,99,99,99,102,103,103,101,104,107,101,104,109,105,103,101,101,98,103,101,101,100,99,100,99,101,96,93,91,94,95,96,105,97,95,98,93,100,98,95,96,98,99,104,101,101,99,100,102,103,99,99,97,97,106,105,104,103,102,101,102,100,97,93,56,135,192,194,197,202,202,204,208,208,209,211,212,213,214,214,215,215,214,214,214,214,214,215,215,214,214,215,215,214,214,215,215,215,214,214,215,215,215,215,215,215,214,214,215,215,214,215,215,216
204,204,204,204,205,204,204,204,204,205,204,205,205,205,206,205,206,206,206,206,206,206,207,207,207,207,208,208,208,208,208,209,209,210,210,210,210,210,210,210,210,211,211,210,210,209,208,208,207,206,206,204,204,202,199,171,82,80,87,85,83,82,83,82,81,80,80,79,81,80,83,83,85,88,86,87,89,93,95,95,97,97,97,100,101,100,99,100,98,102,103,105,110,111,112,112,106,108,108,104,105,101,100,99,99,101,100,97,94,97,95,89,87,82,90,92,87,87,91,92,101,103,106,111,102,94,97,100,105,102,102,101,100,98,100,101,100,99,103,110,110,107,107,105,104,103,103,102,98,97,77,93,186,192,192,198,200,202,207,206,208,210,212,212,213,213,215,215,215,214,214,214,214,215,214,214,214,214,215,215,214,215,215,215,215,215,215,215,215,215,215,215,215,215,215,215,214,215,215,216
204,204,204,204,204,204,204,205,205,205,204,205,205,205,205,206,206,206,206,206,206,207,207,207,208,208,208,208,208,209,209,209,210,210,210,210,210,211,211,211,211,211,212,211,210,209,208,208,207,206,205,205,203,202,195,124,70,83,86,84,82,83,82,81,80,80,80,81,80,81,82,82,85,85,84,84,88,93,96,97,96,96,97,98,97,98,98,100,98,101,104,103,106,105,108,108,109,106,106,101,100,97,96,94,93,94,94,95,93,91,92,81,87,88,90,91,89,88,93,96,94,100,100,97,98,101,98,100,101,100,104,106,104,100,100,98,96,100,104,110,108,107,110,109,107,105,104,104,99,95,90,63,158,184,195,197,199,201,206,206,208,209,210,212,212,213,214,215,215,214,214,214,214,215,215,215,215,215,215,215,215,215,215,215,214,215,215,215,215,215,216,215,216,215,215,215,214,215,216,216
204,204,204,204,204,204,204,205,205,205,205,206,206,205,206,206,206,206,206,207,207,207,207,207,208,208,208,208,209,209,209,209,211,211,210,210,211,211,211,211,212,211,210,210,210,209,207,208,207,206,205,204,203,202,190,92,75,85,86,85,83,82,81,81,80,79,79,80,81,81,82,83,83,82,82,82,86,90,94,95,96,95,97,95,95,98,95,97,94,99,100,102,103,105,105,102,108,104,102,96,92,95,95,95,95,95,94,93,92,88,87,83,86,90,91,89,92,89,88,93,96,97,90,90,97,100,101,102,99,101,102,112,107,103,97,96,100,101,106,105,105,108,112,110,108,108,105,106,102,95,89,69,106,176,188,196,197,199,202,204,206,207,209,210,211,211,212,213,214,214,215,214,214,215,215,215,215,215,215,216,215,214,215,215,215,214,216,215,215,216,216,216,215,215,215,216,215,215,215,215
205,205,204,205,205,205,204,205,205,205,205,205,206,205,206,206,206,207,207,207,207,207,208,208,208,208,208,209,209,209,210,209,210,210,211,211,211,211,211,211,211,212,211,210,209,208,208,208,207,206,205,205,203,198,153,68,79,84,86,84,83,81,82,81,80,80,80,80,80,81,81,82,82,81,82,84,88,90,94,95,96,99,101,95,92,91,94,94,94,97,99,98,103,103,100,111,110,107,101,102,93,93,96,93,91,93,92,92,88,87,87,91,85,90,91,91,87,86,89,91,90,88,88,96,98,101,106,106,108,99,107,114,113,103,97,100,101,99,101,102,105,106,113,108,107,108,108,108,105,95,91,82,70,153,188,194,195,198,201,203,205,207,208,209,209,210,212,213,213,214,214,214,214,215,215,215,216,215,215,215,215,215,215,215,215,215,215,216,216,215,215,216,215,216,216,216,216,216,216,217
205,205,205,205,205,205,205,206,206,206,206,206,206,206,206,207,207,207,207,207,207,208,208,209,209,209,209,208,209,210,209,210,210,210,211,211,212,211,211,211,211,211,211,210,209,209,208,208,207,206,206,205,203,196,105,67,82,85,85,84,82,80,81,81,80,79,79,80,82,80,79,79,80,81,82,84,89,88,93,98,98,98,97,97,95,92,94,94,94,98,99,98,104,103,102,105,103,98,98,101,95,94,98,93,91,91,91,88,88,98,97,88,87,89,97,93,92,89,89,87,88,87,89,96,95,96,113,105,99,101,106,111,103,100,105,104,102,96,101,104,106,107,113,111,108,107,109,108,107,100,91,89,66,102,182,193,195,197,200,201,205,207,207,209,209,210,211,212,213,214,214,214,214,215,215,215,215,215,215,216,215,214,215,216,216,215,215,215,215,215,216,216,216,216,216,216,215,216,216,217
205,205,205,206,206,206,206,206,206,206,206,206,205,206,206,207,207,207,207,207,208,208,208,209,209,209,209,210,209,210,210,210,210,211,211,211,211,211,212,211,212,212,211,211,210,210,209,208,207,206,206,205,203,180,78,71,80,83,85,84,82,80,80,82,80,79,80,80,81,81,79,78,79,81,84,87,91,93,96,96,101,101,99,94,91,92,93,95,97,99,100,96,97,97,98,99,98,97,106,100,101,100,107,100,99,97,91,89,91,95,96,87,83,89,100,91,95,88,86,91,94,88,90,92,94,97,107,105,103,101,105,102,102,102,100,98,101,95,97,103,108,107,109,109,107,107,110,109,109,102,92,86,70,55,171,193,195,198,199,201,204,206,207,208,208,209,210,211,212,213,214,214,215,215,215,216,215,215,216,216,215,215,215,215,215,215,216,216,216,216,216,216,216,216,216,216,216,215,215,215
206,206,206,206,207,206,207,206,207,207,207,206,206,206,207,207,207,207,207,207,208,208,208,209,209,209,209,210,210,210,210,210,211,211,211,212,212,212,211,212,212,212,211,212,210,209,209,208,207,206,206,205,200,145,69,74,81,84,84,83,81,81,81,82,81,78,80,80,81,81,79,79,80,80,85,89,92,94,97,99,103,101,100,95,96,94,94,95,97,94,96,96,97,97,97,98,99,97,102,99,99,102,108,105,103,99,95,90,88,90,88,82,84,88,98,92,94,86,86,95,95,90,91,92,95,99,105,100,93,98,100,97,93,95,94,95,101,102,101,105,110,109,109,107,108,110,108,112,113,104,92,85,82,56,167,194,195,197,199,200,203,205,206,207,207,208,210,210,212,213,213,214,214,215,215,216,216,216,215,216,215,216,215,216,216,216,216,216,217,216,216,216,216,216,216,216,216,216,216,216
206,206,206,206,207,207,207,207,207,207,206,207,207,207,207,207,207,207,208,208,208,208,209,209,210,210,210,210,210,210,210,211,211,211,212,212,212,212,212,212,212,212,211,212,211,210,209,208,207,206,205,204,195,115,65,74,83,83,83,82,81,81,81,81,80,78,78,79,81,80,79,79,82,85,87,91,92,94,100,99,101,101,100,97,97,94,95,96,99,94,95,93,92,96,96,95,97,98,100,100,101,103,102,102,101,97,93,90,87,88,86,84,87,89,95,86,84,86,93,92,90,92,93,94,96,96,97,94,101,99,100,99,99,99,98,97,101,98,101,104,107,108,110,105,106,107,109,112,116,109,99,88,88,61,165,189,196,197,198,200,202,204,205,206,207,208,209,209,210,211,212,213,214,214,214,216,216,216,216,216,215,215,216,215,216,216,217,216,216,216,216,216,216,217,216,215,216,215,216,217
207,207,207,206,207,207,207,207,207,207,207,207,208,207,207,207,207,207,208,208,209,209,209,209,210,210,210,210,210,211,211,211,211,211,211,212,212,212,212,213,212,213,211,211,211,210,209,208,207,206,205,203,192,84,69,77,82,82,84,82,81,80,80,80,79,78,78,79,80,80,80,81,83,85,88,93,94,95,98,94,98,102,102,101,99,97,98,101,98,97,96,95,94,96,96,96,99,100,96,101,104,102,100,100,98,96,93,91,89,92,88,91,94,93,93,87,84,85,93,93,92,94,95,100,101,99,98,97,104,104,100,100,97,107,104,104,102,100,100,103,106,107,114,109,103,105,107,112,114,110,102,88,94,68,146,190,193,195,198,199,201,203,204,205,206,207,207,209,209,211,211,212,213,214,214,215,215,215,216,215,215,216,216,216,216,216,216,216,216,216,215,216,216,216,216,216,217,215,216,218
207,207,207,207,207,207,207,207,207,207,207,207,208,208,207,207,207,207,208,209,209,209,209,210,210,210,210,211,210,212,211,212,212,212,212,212,213,213,213,213,212,213,212,212,211,210,209,208,207,205,204,202,171,71,75,80,81,82,83,82,80,80,79,79,79,78,78,80,81,80,80,81,83,83,87,94,99,97,96,81,97,103,105,106,102,99,98,97,97,96,94,95,94,95,95,94,95,100,98,102,100,102,101,101,97,96,95,91,91,91,96,101,98,98,96,93,92,92,97,94,93,93,102,98,99,100,99,98,95,98,100,100,100,105,106,105,106,104,101,103,107,105,105,109,112,108,106,111,114,112,107,95,93,66,106,188,190,194,196,199,201,202,204,206,206,207,208,208,209,211,210,212,212,213,214,215,216,216,216,216,215,216,216,216,216,216,216,216,216,216,216,216,217,217,217,217,216,216,216,218
207,206,207,207,208,207,207,207,208,208,207,207,208,208,208,207,207,207,208,209,209,209,210,210,210,210,211,211,211,211,211,211,212,212,212,213,213,213,214,213,212,213,212,212,211,210,209,208,207,206,204,198,141,63,78,82,81,83,83,82,80,80,78,78,79,79,80,81,81,81,81,81,81,81,83,92,93,96,97,98,104,108,108,107,101,97,97,99,102,102,95,94,90,101,101,102,96,93,97,102,101,102,101,102,102,98,96,97,98,99,101,102,99,101,101,100,97,97,96,97,94,94,99,97,100,99,96,98,95,97,99,100,103,102,106,109,109,108,103,102,105,109,114,110,116,109,107,111,115,112,108,105,93,73,88,174,188,191,194,197,200,202,204,206,206,207,208,208,209,210,210,211,213,213,214,215,215,215,216,215,216,216,216,216,216,216,216,217,216,216,217,217,217,216,217,217,216,216,216,217
207,207,207,207,208,207,207,208,208,208,208,209,208,208,208,208,208,208,208,209,209,209,210,210,210,211,211,212,212,211,212,212,212,212,212,213,213,213,214,213,213,213,213,212,211,210,209,208,207,206,205,193,120,65,84,83,82,83,84,82,80,80,80,79,79,80,81,83,82,81,80,81,80,81,82,86,90,93,93,100,104,107,108,105,105,99,98,103,104,105,100,98,94,93,96,94,95,96,96,96,95,98,98,100,102,101,101,101,105,106,103,99,99,104,103,101,96,95,92,99,98,99,97,98,100,98,98,96,95,97,100,101,107,106,107,114,112,109,106,106,102,104,106,109,113,112,111,113,113,115,111,110,108,94,72,173,187,188,192,195,198,201,203,204,205,207,208,208,209,210,210,211,212,213,214,215,215,215,216,216,215,216,216,216,216,216,217,217,217,217,217,217,217,217,217,217,217,216,217,217
207,207,208,208,208,207,207,207,208,208,208,208,208,208,208,207,208,208,209,209,209,210,210,210,211,211,211,211,211,211,212,212,212,213,212,213,214,214,214,213,213,213,212,212,211,210,209,208,207,206,205,197,120,73,83,83,83,84,84,82,80,81,79,79,80,81,82,83,83,84,84,83,85,85,87,91,93,93,96,101,104,104,104,106,106,101,99,105,107,110,106,96,98,94,96,98,98,96,94,93,92,93,94,97,97,102,107,109,106,104,101,99,99,101,104,100,96,95,94,98,98,99,98,100,102,97,95,97,98,101,104,105,107,109,109,121,117,111,105,104,104,102,103,108,110,114,115,116,114,116,114,113,113,95,63,158,182,185,191,194,197,200,203,203,204,205,207,208,208,210,210,211,212,212,213,214,215,215,216,216,215,216,216,216,216,216,217,217,217,217,217,217,217,217,217,216,216,216,216,216
208,208,208,208,208,208,208,208,209,209,208,208,208,209,209,208,208,208,209,209,210,210,210,211,210,211,211,212,212,212,212,212,213,213,213,214,214,214,214,214,214,214,214,213,211,210,209,207,206,205,204,196,103,79,88,83,82,85,84,80,80,80,78,79,81,83,84,85,86,87,88,89,91,91,95,98,100,101,102,103,105,106,104,104,109,105,106,112,113,112,110,99,96,97,95,99,100,97,95,97,91,94,93,96,96,99,99,105,104,103,99,100,98,98,96,97,96,94,95,95,96,98,100,106,105,101,98,99,98,102,104,108,109,109,110,123,117,108,108,105,102,100,103,105,109,113,114,116,117,117,116,116,115,96,60,153,181,186,190,194,196,198,201,202,203,205,207,208,208,209,210,210,211,212,213,214,214,216,215,215,215,216,216,216,216,216,217,216,217,217,217,217,217,217,217,217,217,216,217,216
208,208,208,208,207,208,208,208,208,208,208,209,209,209,208,207,207,210,210,210,210,211,211,211,212,212,212,212,213,212,212,213,213,214,213,214,214,214,214,214,214,214,213,212,211,210,209,208,206,205,204,192,88,83,85,83,83,85,84,79,79,78,78,78,80,84,86,86,87,90,90,92,92,94,96,99,101,102,105,109,108,105,102,101,106,110,114,118,111,110,111,105,99,97,95,104,101,97,102,103,91,95,97,97,99,99,98,98,98,100,98,97,101,99,94,94,95,96,98,97,96,98,99,102,100,101,99,101,104,102,110,108,110,109,110,106,111,105,97,99,101,105,104,102,107,108,111,116,119,120,118,117,118,101,55,157,181,185,187,191,192,194,198,200,202,204,206,207,208,209,210,210,211,212,212,213,213,215,216,216,216,216,216,217,216,216,216,216,217,217,217,216,217,217,217,217,216,216,216,217
208,208,209,208,208,208,208,208,208,208,209,209,209,209,208,207,208,209,211,211,211,211,211,211,212,212,212,213,213,213,213,213,213,214,214,214,214,215,215,214,214,214,213,213,212,211,209,208,206,205,203,201,97,87,88,84,83,85,84,79,79,78,77,76,80,83,85,86,86,89,88,89,91,94,96,100,100,101,100,105,104,104,103,99,103,109,112,110,112,112,112,112,104,101,101,106,93,77,90,99,92,90,98,102,101,103,99,98,100,94,96,100,102,100,99,101,99,100,101,103,99,100,99,100,102,101,98,100,100,107,108,115,111,116,110,108,115,111,100,95,93,99,108,103,103,108,109,115,120,121,120,118,118,104,53,133,178,183,186,189,191,194,197,199,201,204,205,207,208,208,209,209,210,211,212,213,213,214,215,216,215,216,216,217,216,216,217,217,217,216,217,217,217,217,216,217,217,217,216,217
208,209,209,208,208,209,209,209,209,209,209,210,210,210,210,209,210,210,211,211,211,211,211,212,212,213,213,213,213,213,213,213,214,214,214,214,215,215,215,215,214,215,214,214,212,211,209,208,207,205,203,192,93,88,89,84,83,86,83,79,78,77,74,72,78,79,79,78,80,82,79,83,86,90,93,96,99,98,97,103,103,105,101,101,101,109,107,107,108,110,122,118,108,103,106,105,102,94,98,99,98,92,100,107,102,105,105,103,106,101,100,110,106,103,100,97,98,103,105,104,103,102,102,104,103,101,100,101,102,108,109,108,107,109,111,112,108,104,99,86,102,101,98,103,104,105,109,113,119,121,121,120,119,109,59,136,173,182,184,187,190,192,195,198,200,202,204,206,207,209,209,208,210,211,211,212,213,214,215,216,215,216,216,217,217,217,217,217,217,217,217,217,217,217,217,217,218,216,217,219
208,208,209,208,209,209,209,209,209,210,210,210,210,210,210,210,210,211,211,211,211,212,212,212,212,213,213,214,213,213,213,214,214,214,214,214,215,215,215,214,215,215,215,213,213,211,209,208,208,205,204,172,78,90,88,84,86,87,81,78,77,73,72,69,70,70,73,74,74,74,70,76,79,88,89,90,95,96,97,100,105,104,102,105,108,113,111,111,114,115,122,115,111,104,106,110,110,101,101,100,103,101,101,109,107,104,104,106,110,107,106,109,108,107,106,104,108,108,106,105,104,102,102,106,103,101,99,102,105,95,108,109,103,113,101,108,102,96,99,95,101,100,102,106,106,105,109,114,118,122,121,120,119,110,73,150,174,180,183,185,188,192,194,197,199,201,203,205,207,208,208,208,209,211,211,212,212,213,214,215,215,216,216,216,216,217,217,218,217,217,217,217,217,217,218,217,217,215,217,216
208,209,209,209,209,209,209,210,210,210,210,210,210,210,211,211,211,211,211,212,212,212,212,213,213,214,213,214,214,214,214,214,215,215,215,215,215,215,215,215,215,216,215,214,213,212,209,209,208,205,202,169,86,88,86,85,89,85,81,78,74,71,66,66,69,72,72,70,70,70,70,73,78,84,88,87,92,94,92,96,99,101,102,108,113,115,117,123,124,124,122,117,113,109,105,107,110,106,104,104,104,101,99,108,106,105,112,108,109,113,114,111,113,112,113,115,116,119,113,108,106,103,103,106,104,104,100,106,111,98,104,107,100,102,105,101,97,94,92,88,103,109,107,105,106,109,110,113,117,122,121,120,119,111,72,142,174,179,182,185,187,189,193,195,197,200,202,203,205,207,207,208,209,210,212,212,212,214,214,215,215,216,216,217,217,217,217,217,218,217,217,217,218,217,217,217,217,216,217,218
209,210,209,209,209,210,210,210,210,210,210,210,211,210,211,210,211,212,212,212,212,213,212,213,213,213,213,214,214,214,214,215,215,215,215,215,216,216,216,216,216,216,216,214,213,212,210,209,207,206,202,188,113,89,87,85,91,85,83,78,73,68,67,66,69,71,71,71,69,68,70,71,76,80,78,84,86,87,89,89,95,100,102,112,114,116,125,130,132,131,129,124,120,119,117,112,110,113,114,113,108,101,95,103,95,104,113,113,116,117,118,116,119,123,123,124,122,125,112,107,106,104,104,104,106,101,101,96,90,95,109,106,98,98,98,106,105,103,106,95,101,108,113,109,107,109,111,114,118,120,121,121,119,116,88,145,169,176,181,184,186,188,190,193,195,199,201,203,205,206,206,208,209,210,211,212,212,214,214,214,214,216,216,217,217,217,217,217,217,217,218,217,217,217,217,217,217,217,217,218
209,209,210,210,210,210,210,211,211,211,211,210,210,210,210,211,211,212,212,212,212,212,212,213,213,214,214,214,215,214,214,215,215,215,215,215,216,216,216,216,216,216,216,215,214,211,210,208,207,205,202,196,122,93,89,87,91,86,82,76,73,70,69,69,68,67,69,63,67,69,71,71,76,76,75,77,84,86,87,91,96,97,102,111,112,118,123,123,127,127,125,125,129,127,121,115,112,112,113,107,101,97,100,109,109,109,116,115,120,123,123,119,129,126,123,130,128,119,110,109,110,104,106,108,104,90,91,83,77,78,87,89,97,96,100,104,111,104,103,104,104,106,110,112,114,113,116,114,118,120,121,119,118,118,90,148,171,177,179,182,186,188,190,191,194,196,199,202,203,205,206,207,209,210,211,211,212,213,213,214,214,216,216,217,217,216,217,217,217,217,218,217,218,218,217,218,217,217,217,218
210,210,209,210,210,210,210,211,211,211,211,211,212,211,211,212,212,212,213,213,213,213,213,213,214,214,214,215,214,215,214,215,215,215,216,216,215,215,216,216,216,216,216,214,213,212,210,208,206,205,202,199,121,90,90,92,90,82,79,77,74,71,70,71,70,70,68,57,62,70,71,68,69,71,73,77,82,86,84,82,101,95,100,108,107,113,124,124,125,126,121,124,122,115,117,115,113,112,119,106,104,95,103,109,110,111,114,115,122,126,128,129,132,129,125,131,128,117,107,105,107,104,103,102,97,89,90,77,70,72,89,87,95,96,99,104,110,108,105,114,110,112,110,115,115,111,117,120,121,119,120,117,118,119,79,148,175,177,180,182,183,187,189,190,193,194,198,199,202,204,205,206,208,209,210,211,212,213,213,213,214,215,216,217,217,216,217,218,218,218,218,217,218,218,218,218,218,218,216,218
210,210,210,211,211,211,211,211,211,212,211,212,212,212,212,212,212,212,213,213,213,214,214,214,214,214,215,215,214,215,215,215,215,216,217,216,216,216,216,216,216,216,215,214,213,212,210,208,206,205,204,187,105,86,90,94,87,83,83,79,75,73,73,74,74,74,70,69,75,77,78,72,69,69,69,76,82,84,84,82,87,100,88,103,102,108,111,110,108,114,121,122,119,108,108,111,114,115,115,111,106,97,103,109,111,113,116,112,119,121,118,119,122,121,118,121,119,111,103,105,102,98,95,96,89,81,81,79,74,86,92,97,97,96,99,101,106,105,104,111,110,106,100,116,116,117,119,122,120,119,118,117,117,118,76,136,175,176,179,182,183,187,188,189,191,194,197,199,202,204,205,207,207,209,209,211,212,211,212,213,214,215,216,217,217,217,217,218,217,218,218,218,218,217,218,218,218,218,217,218
210,210,211,211,211,212,212,211,212,212,212,212,212,212,212,212,212,213,213,214,213,214,214,214,215,215,215,215,216,215,216,216,216,216,217,216,217,216,216,216,217,217,216,215,213,213,210,207,206,204,203,179,117,85,89,96,87,83,81,81,80,79,79,81,81,80,75,79,82,82,82,78,74,70,70,72,74,77,79,80,82,88,94,96,104,105,109,108,102,106,112,108,103,101,103,105,115,116,112,112,111,107,105,108,110,111,112,106,111,111,106,106,107,106,109,109,104,100,99,94,93,94,92,91,88,88,85,87,92,95,96,102,105,104,104,111,111,103,100,101,106,108,115,118,116,120,125,126,123,121,117,116,118,118,80,138,172,175,177,181,182,185,187,189,190,192,195,199,201,203,204,206,207,208,209,209,211,211,212,213,213,214,215,216,217,217,218,218,218,218,218,218,218,218,218,218,218,218,217,218
210,210,211,211,211,211,212,212,212,212,212,212,212,212,212,213,213,213,214,214,214,214,214,215,215,215,215,215,216,216,216,216,216,216,217,217,217,217,217,217,217,217,216,216,215,213,210,209,206,204,201,187,138,82,90,95,89,86,83,83,84,86,86,87,87,88,89,82,88,86,87,84,79,76,71,70,73,75,76,77,83,85,86,93,94,97,100,99,101,102,99,95,95,98,98,101,108,112,120,116,113,111,109,104,109,103,104,95,95,98,96,96,94,89,89,90,90,88,80,80,83,85,89,92,99,99,99,99,98,96,100,105,106,107,111,123,121,108,109,108,101,106,110,107,110,119,124,127,127,122,118,116,117,118,93,159,171,176,174,178,180,184,186,189,190,192,196,198,200,201,203,205,206,207,209,209,211,211,211,213,214,215,215,216,217,218,218,218,218,218,218,218,218,218,218,218,218,218,217,217
210,211,211,211,212,212,212,212,212,212,212,212,212,212,213,213,213,214,214,214,214,214,215,215,215,215,215,216,216,216,216,216,216,216,216,217,217,217,218,218,218,218,217,216,215,213,210,207,205,200,199,197,147,87,92,93,84,83,85,86,87,91,91,92,92,92,93,93,90,89,89,89,87,82,73,72,72,76,77,78,73,77,80,84,87,91,89,90,88,89,93,94,91,91,95,97,105,106,118,117,111,110,109,110,105,102,98,95,92,92,86,89,88,87,86,87,86,80,76,81,81,86,87,91,95,95,92,97,98,100,105,106,109,107,112,112,111,114,112,117,114,114,116,114,119,123,121,124,124,126,116,114,116,119,119,165,172,163,143,131,145,174,184,189,190,192,196,198,199,201,203,204,206,207,207,209,210,211,211,213,214,214,215,216,217,217,217,218,218,218,218,218,218,218,218,217,218,218,217,217
211,211,211,211,212,212,212,212,212,212,213,213,212,213,213,213,213,214,214,214,215,214,215,215,215,215,215,216,217,216,217,216,217,217,217,217,218,218,218,218,219,218,216,216,214,212,210,206,202,161,126,141,134,84,93,92,85,85,85,87,90,93,89,90,91,92,95,96,95,94,93,92,91,91,87,86,79,78,77,77,77,78,79,86,85,88,86,84,83,79,82,85,86,87,88,88,98,102,113,113,112,110,107,113,105,103,98,96,97,95,86,83,84,81,80,80,79,79,77,80,85,91,90,88,91,94,99,107,110,112,110,109,110,110,112,111,115,117,115,114,116,114,117,120,120,121,123,123,125,130,116,114,115,117,125,170,158,88,52,58,69,93,164,189,190,191,196,196,199,201,202,203,204,205,207,208,209,211,212,212,213,213,215,216,216,217,217,217,218,218,218,218,218,218,218,218,218,218,217,219
211,211,212,212,212,213,213,213,213,213,213,213,213,213,213,213,213,214,213,214,215,215,215,215,216,216,216,216,217,217,217,217,217,217,217,218,218,218,218,218,219,218,218,217,214,212,210,203,121,71,57,48,52,87,90,91,85,86,86,88,91,92,90,90,91,93,95,97,99,99,100,101,104,103,97,97,96,91,82,79,77,77,81,82,83,84,86,83,81,76,77,76,73,75,76,82,87,92,102,107,109,107,111,106,106,104,97,96,97,90,83,85,86,80,82,80,81,81,81,81,83,88,97,99,104,110,111,114,115,114,114,110,112,114,115,113,118,116,116,112,117,119,120,126,121,114,117,121,123,123,112,112,116,117,121,137,52,44,52,61,78,93,105,171,189,191,194,197,198,200,201,203,204,205,205,208,209,210,211,212,213,214,214,216,216,217,217,218,218,218,218,218,218,218,219,218,218,218,217,220
211,212,212,212,212,213,213,213,213,213,214,213,213,213,213,213,214,214,214,215,215,215,215,216,216,216,216,216,217,217,217,217,217,217,218,218,219,218,218,219,219,219,218,218,214,212,209,157,81,71,61,55,46,87,88,89,88,88,90,90,92,85,87,88,89,94,95,97,100,102,102,104,110,109,108,112,112,107,103,97,92,91,84,80,80,82,82,81,78,77,75,69,62,63,70,76,81,92,98,98,94,101,97,97,97,99,97,98,102,90,83,83,82,82,87,85,82,83,87,91,96,99,107,112,112,116,117,113,114,110,108,102,106,108,107,109,112,107,108,112,120,124,123,123,119,116,117,117,120,119,110,112,115,118,110,32,38,48,60,76,102,110,99,140,190,191,194,196,197,199,200,201,203,204,206,207,208,209,211,212,213,214,215,215,216,217,217,218,218,218,218,218,218,219,218,218,218,218,217,218
212,212,212,213,213,213,213,214,214,214,214,213,213,213,213,214,214,214,214,215,215,216,216,216,216,217,216,216,216,217,217,217,217,218,217,218,219,219,219,219,219,220,219,218,215,212,209,128,84,71,61,55,49,85,88,90,89,89,91,91,90,83,89,90,93,96,95,96,101,103,102,106,108,111,111,116,115,113,109,106,101,96,94,91,88,87,85,83,77,76,76,71,66,64,67,70,77,87,98,99,91,90,93,91,84,87,89,89,86,82,81,79,79,80,86,83,81,92,97,100,102,105,104,101,95,84,70,62,57,59,57,46,45,46,49,54,67,79,87,96,116,121,121,125,123,114,114,119,119,114,110,114,115,119,102,35,42,63,87,107,111,52,53,127,189,191,194,195,196,198,200,201,202,203,205,206,208,208,211,212,213,214,214,215,216,218,218,218,218,218,218,218,218,218,218,218,218,218,218,218
211,212,213,212,213,212,213,213,214,214,214,213,213,213,214,215,214,215,215,216,216,216,216,216,216,217,217,216,217,218,217,217,217,219,218,219,219,219,219,219,219,220,219,218,215,213,210,146,73,81,66,56,52,85,86,87,89,90,90,89,89,89,90,93,98,97,95,94,94,96,90,91,88,86,86,89,88,91,97,100,102,100,99,97,94,91,88,84,78,76,76,72,69,66,67,69,77,83,91,93,86,86,84,81,80,81,82,83,78,76,74,77,77,74,76,79,82,97,97,99,98,94,82,65,45,37,50,55,54,49,46,44,50,51,58,60,59,55,53,52,59,90,109,122,124,113,117,122,119,111,111,115,113,121,110,47,57,84,110,114,63,38,59,129,190,192,194,195,197,198,198,200,200,201,204,206,207,208,211,211,213,214,214,214,216,217,218,218,219,218,218,218,218,219,218,218,218,218,218,218
212,212,213,213,213,213,213,213,214,214,214,214,214,214,215,215,215,215,216,216,216,216,216,217,216,217,217,217,217,217,218,218,218,219,219,219,220,219,220,220,220,220,219,218,215,213,211,198,59,57,77,62,57,87,86,84,87,90,89,89,88,88,89,92,94,89,83,82,67,48,50,49,54,60,62,64,63,58,53,56,67,75,86,91,94,92,88,83,78,77,76,70,68,67,68,68,75,76,76,78,80,82,85,84,78,68,70,71,71,71,70,75,75,73,76,79,80,90,92,91,79,64,37,33,37,55,69,70,72,78,71,58,54,59,63,76,74,77,77,79,64,42,80,107,119,120,117,114,118,112,110,115,112,121,120,64,80,106,118,70,48,37,66,141,189,191,193,195,196,198,198,200,201,201,203,205,206,208,209,211,213,213,214,215,216,217,218,219,218,218,218,218,219,218,218,219,218,219,218,218
212,212,213,212,213,213,213,213,215,215,215,215,215,215,215,215,216,216,216,216,216,216,217,216,217,217,217,217,218,218,218,218,218,219,219,220,219,220,220,220,220,220,220,218,216,213,211,208,87,53,63,72,61,86,84,83,83,87,87,89,88,85,84,87,87,79,51,39,42,51,62,64,67,71,73,70,70,66,58,48,42,44,47,62,73,83,89,86,80,75,71,70,69,71,70,68,66,65,65,73,81,85,87,83,81,76,75,74,70,72,72,71,71,72,76,77,78,81,83,77,62,34,37,40,43,55,60,67,64,61,58,56,53,54,58,67,68,73,82,91,91,67,46,79,111,117,113,114,117,113,111,110,110,117,125,77,100,115,74,52,50,39,71,154,188,190,193,195,196,197,198,198,199,200,203,204,205,207,209,211,211,213,214,215,216,217,218,219,219,219,218,219,219,219,219,219,218,218,219,218
212,212,213,213,213,214,214,214,214,215,216,216,216,216,215,215,216,216,216,216,217,217,217,217,217,217,217,218,218,218,218,219,218,219,219,219,220,220,220,220,220,220,219,218,216,214,212,208,100,67,49,69,68,86,82,81,81,84,86,89,87,83,80,77,66,43,41,52,57,61,65,68,67,74,75,74,74,71,64,54,46,43,42,42,51,64,74,74,75,77,71,71,68,67,73,69,68,68,67,75,85,93,93,96,92,92,89,85,78,75,75,72,70,70,71,71,72,74,71,64,37,40,41,44,42,48,55,54,76,96,103,76,69,61,63,67,66,73,77,87,88,87,66,49,94,116,110,113,115,112,112,112,110,115,122,87,110,97,51,56,50,49,89,170,189,191,193,194,195,197,197,198,199,200,202,204,205,206,208,210,211,213,214,214,216,216,218,218,218,218,219,219,218,218,218,219,219,219,219,218
212,213,213,213,213,213,214,214,215,215,215,215,215,215,216,216,216,217,217,216,217,218,217,217,217,217,218,219,218,218,219,219,219,219,219,220,220,220,220,221,221,220,220,218,216,215,213,208,110,72,45,67,66,84,80,79,80,83,85,88,88,84,76,62,35,49,55,56,58,60,64,69,70,74,76,74,71,67,63,61,50,45,45,42,39,46,57,65,67,68,67,67,68,67,69,67,68,69,73,85,90,95,98,102,103,104,103,95,89,86,76,72,73,74,65,66,67,70,63,39,41,43,36,43,41,41,43,42,46,47,42,53,55,56,70,85,83,89,107,101,84,92,91,53,66,112,110,108,109,108,109,110,110,114,118,91,113,87,44,54,39,58,96,183,189,191,193,194,196,196,197,198,199,199,201,203,204,205,207,209,211,212,213,214,216,217,218,219,218,218,219,218,218,218,218,219,219,219,219,219
212,213,213,215,215,214,214,215,216,216,216,215,216,216,216,217,217,217,217,217,217,218,218,218,218,218,219,219,219,219,220,220,219,220,220,220,220,220,221,221,221,220,220,219,216,215,213,211,122,76,43,67,65,83,79,77,77,81,82,84,90,76,58,35,52,55,56,54,56,58,62,68,71,77,77,74,73,67,62,60,53,50,44,45,46,40,44,61,65,65,65,67,67,66,67,64,68,68,75,88,92,98,103,101,100,100,99,99,98,86,74,73,72,69,65,65,70,66,38,39,38,34,36,34,34,41,18,11,12,39,17,8,9,10,10,24,46,65,103,118,101,95,98,88,69,93,113,105,105,104,103,107,109,113,117,94,127,86,41,43,36,66,121,187,189,191,193,195,195,195,197,198,197,198,200,203,204,205,207,209,210,212,213,215,215,216,217,219,219,219,218,219,219,218,218,219,218,219,219,219
213,214,214,215,215,214,215,216,216,216,216,217,216,217,217,218,218,218,217,218,217,218,218,218,219,219,219,219,219,219,220,220,220,220,220,220,221,221,220,221,221,221,220,219,217,216,214,212,136,75,42,62,61,86,78,76,77,78,76,77,83,60,40,48,61,57,55,56,55,57,60,65,79,90,90,92,87,85,65,58,53,50,46,43,47,47,42,45,53,66,68,68,68,66,64,63,67,71,77,83,90,96,98,100,99,103,106,107,98,82,67,63,72,73,74,77,67,53,52,43,33,30,47,84,108,91,23,16,10,63,105,12,17,8,18,70,68,40,32,60,92,101,99,90,98,98,111,109,107,107,107,108,109,111,117,104,133,87,38,41,36,77,142,187,189,191,193,193,195,194,196,197,198,198,200,201,203,204,206,208,210,212,213,215,216,217,218,218,219,219,218,218,219,219,219,219,219,219,219,218
214,214,215,215,215,214,215,216,216,216,217,216,217,217,217,218,217,218,218,218,218,218,219,219,219,219,219,219,219,219,220,220,220,220,221,221,221,221,221,222,222,221,220,220,218,217,214,211,151,76,39,58,58,87,78,76,76,76,73,76,79,54,50,68,66,60,59,57,56,57,58,59,60,61,56,59,43,45,38,36,34,36,37,39,41,43,47,46,52,63,67,69,68,64,58,62,66,74,79,85,89,96,102,104,100,102,101,102,97,79,64,58,61,75,80,68,78,53,36,29,39,66,106,132,154,108,22,20,13,26,99,8,21,93,80,122,130,124,74,22,28,64,74,81,91,105,108,109,108,106,106,106,109,111,116,108,126,88,36,36,35,75,161,188,190,191,193,193,194,194,195,196,197,197,199,201,202,203,205,208,210,211,213,214,215,217,218,218,218,218,218,219,219,219,219,219,218,219,219,218
214,214,215,215,216,216,217,216,217,217,217,217,217,217,216,217,217,218,218,218,218,218,218,218,218,219,219,220,221,221,220,220,220,221,221,221,221,221,222,221,221,222,221,220,218,217,214,210,163,76,40,54,55,96,75,75,76,76,75,75,73,58,60,66,73,65,63,60,57,54,45,32,21,15,11,13,97,11,9,7,11,67,86,72,49,40,41,45,49,64,62,70,63,57,50,57,62,68,75,83,85,94,102,102,101,101,99,99,95,80,63,54,48,71,77,61,46,41,80,86,86,126,131,153,165,128,27,16,14,28,14,10,20,51,44,127,167,169,128,44,21,32,65,77,82,101,108,111,107,105,106,106,111,111,116,107,125,102,36,31,41,94,177,187,190,191,193,193,194,194,194,195,196,197,199,200,201,202,205,207,209,211,213,214,216,217,218,218,218,218,219,219,219,219,219,219,219,219,218,218
214,214,215,215,216,216,216,216,216,217,217,217,217,218,217,218,218,218,219,219,218,218,218,218,218,219,219,220,220,221,221,220,221,221,221,221,221,222,222,222,221,221,221,220,219,217,215,212,177,75,40,51,51,94,75,74,75,76,76,73,67,58,51,53,74,68,64,54,37,38,44,16,11,17,12,9,29,8,10,10,21,115,133,124,90,77,64,81,56,45,60,71,62,53,49,58,59,68,72,80,84,93,100,99,97,96,97,91,89,80,67,60,46,58,68,45,36,29,37,51,72,75,83,119,156,149,59,17,14,25,21,17,15,22,60,157,177,157,85,53,73,68,62,76,91,103,109,111,109,104,104,106,112,112,119,93,110,112,38,28,54,103,185,187,190,192,191,193,194,194,194,196,196,196,198,200,201,202,205,207,208,211,212,214,215,217,218,218,218,219,218,219,219,219,220,219,219,219,219,219
214,214,215,215,216,216,216,216,217,217,217,217,217,218,217,218,218,219,220,219,219,219,219,218,219,220,220,221,220,221,221,221,221,221,221,221,222,221,222,222,222,222,221,220,219,217,215,212,199,79,52,46,55,84,75,75,76,76,76,73,68,60,56,51,47,40,33,22,40,71,92,100,29,25,11,25,11,10,8,13,42,131,143,97,60,49,51,53,36,37,47,56,57,55,48,53,57,68,76,86,88,90,100,99,103,102,100,96,89,81,73,60,49,49,61,52,54,67,66,48,39,47,57,62,78,113,110,36,18,20,21,21,23,45,133,163,134,74,67,91,100,97,105,101,99,99,104,105,111,105,105,107,111,113,119,87,95,104,45,32,63,126,185,188,190,192,192,192,194,194,195,195,196,196,198,199,201,202,204,207,209,210,211,214,215,217,218,218,219,219,219,219,219,220,219,219,219,220,218,219
214,214,215,216,216,217,217,218,218,218,218,218,218,218,219,218,219,220,219,219,220,220,219,218,220,221,221,221,221,221,221,221,221,221,221,222,222,222,222,222,222,222,222,220,219,217,214,212,210,99,64,44,55,83,75,75,76,78,77,75,71,65,61,53,42,39,29,23,35,85,140,141,77,29,23,27,15,13,12,17,78,95,63,53,50,48,56,60,65,68,63,55,61,53,49,54,62,72,81,85,90,92,101,99,101,101,101,101,100,89,77,67,55,51,55,57,63,68,78,69,80,81,96,89,78,61,58,52,44,42,30,30,48,83,86,66,58,71,117,120,108,102,115,101,101,97,99,102,108,106,106,107,110,113,116,85,79,98,55,33,68,148,187,189,190,192,192,192,193,194,193,195,196,196,198,199,200,202,204,206,209,210,211,213,215,216,218,218,219,219,219,219,219,220,220,219,219,219,219,219
215,215,215,216,216,217,217,217,218,218,218,218,219,218,219,219,219,220,220,220,220,220,219,219,220,221,222,221,221,221,221,221,221,222,221,221,222,222,222,222,222,222,222,221,219,218,214,212,210,130,71,45,54,81,76,76,76,78,77,76,73,69,66,62,60,61,46,42,41,53,85,118,129,66,23,16,16,25,30,40,52,63,70,70,64,60,59,64,66,75,58,59,61,49,55,63,70,79,83,87,91,93,100,99,98,101,104,104,98,85,88,74,62,58,57,54,65,72,67,75,58,60,80,97,104,126,118,81,69,70,68,63,60,63,68,81,96,100,106,127,108,106,110,100,100,98,96,101,105,105,103,108,111,114,114,90,73,86,68,41,72,167,187,188,189,190,191,193,193,194,194,195,194,195,196,198,200,202,203,206,209,210,211,213,214,216,218,218,219,219,219,219,219,220,219,219,219,220,219,219
215,216,216,216,217,217,218,218,218,218,218,218,219,219,219,219,219,219,220,220,220,220,219,220,220,221,221,221,221,221,221,221,222,221,222,222,222,222,222,222,222,222,221,220,219,217,215,213,212,165,72,49,60,82,76,76,77,78,78,76,74,73,72,75,74,72,70,69,64,57,50,49,51,56,52,53,57,68,71,79,87,93,91,81,55,69,54,64,77,67,63,58,57,56,57,66,70,78,83,88,89,93,100,102,102,105,108,108,106,101,100,98,74,64,59,57,66,73,75,78,71,76,51,73,75,73,86,83,95,89,85,64,64,83,83,94,87,96,102,111,110,105,102,101,98,98,96,101,105,102,105,107,111,113,113,83,64,74,76,48,80,180,187,188,189,191,190,195,194,193,194,195,195,196,196,199,200,201,204,206,209,209,211,213,214,216,218,218,219,219,219,220,220,220,219,219,220,220,220,220
216,216,216,217,218,217,218,218,218,218,219,218,219,219,219,219,219,220,220,220,220,220,220,220,221,220,221,221,221,221,221,222,222,221,222,222,222,222,222,223,222,222,221,220,220,217,216,214,212,191,68,52,62,81,77,77,77,78,78,78,77,75,74,75,76,76,75,72,69,70,67,63,67,72,84,96,101,96,104,118,100,89,68,54,72,51,68,79,74,67,63,61,55,63,63,65,70,78,85,94,94,100,101,102,102,106,112,116,111,104,101,115,92,78,67,54,55,65,77,79,78,82,89,71,58,71,63,64,58,64,66,64,67,82,92,105,123,128,129,118,113,98,99,100,98,98,100,100,103,102,105,109,113,114,115,83,56,67,82,48,98,184,187,188,189,191,190,195,194,194,194,194,195,196,196,198,199,201,204,206,208,209,211,213,215,216,218,219,219,219,219,219,220,220,219,220,220,220,220,219
216,216,216,217,218,217,218,218,219,219,219,218,219,220,219,219,220,220,221,220,220,221,220,220,220,221,221,221,221,221,221,221,222,222,222,222,222,222,222,222,223,223,222,221,220,218,216,214,212,206,78,51,61,82,80,77,76,79,80,81,80,79,75,73,74,76,76,74,73,70,71,72,69,72,68,72,66,72,75,84,77,60,71,78,57,79,83,76,65,66,61,60,55,62,65,62,69,78,89,100,102,99,101,104,104,106,105,113,116,105,98,111,107,90,79,64,60,64,67,74,83,88,82,83,87,69,65,80,82,75,70,76,83,87,87,92,101,110,118,110,106,100,98,101,102,96,99,105,104,106,107,107,114,115,115,83,50,67,80,50,112,185,186,189,189,191,191,193,194,194,194,195,195,196,195,198,200,201,204,206,207,209,211,212,214,216,218,218,219,219,219,219,220,220,220,219,220,220,220,220
216,217,217,217,218,218,219,219,218,219,219,219,219,219,219,220,220,221,221,221,221,220,221,221,220,221,221,221,222,221,221,221,222,222,222,222,222,222,222,222,223,222,222,221,219,218,216,214,213,201,74,47,58,83,78,74,77,80,80,81,80,78,75,72,71,73,74,74,75,75,74,73,73,74,68,68,73,77,68,60,72,90,73,68,86,89,88,67,67,67,61,64,62,67,63,63,70,78,90,99,110,104,109,107,103,106,108,110,110,107,91,98,106,96,92,87,78,75,72,76,75,85,93,96,91,85,91,83,75,79,86,82,80,89,89,98,103,102,104,103,101,104,101,103,102,99,104,106,106,110,110,110,114,117,114,86,50,72,69,53,121,185,187,189,189,192,191,193,193,193,194,195,195,196,196,198,199,201,203,206,207,210,211,213,214,216,218,219,219,219,219,219,219,220,220,219,220,220,220,220
217,217,217,218,217,218,218,218,219,219,218,219,220,219,220,220,220,221,220,221,221,220,221,221,221,221,221,222,222,222,222,221,222,222,223,222,222,222,222,223,223,223,222,221,220,218,217,215,212,202,68,41,50,80,79,75,77,81,81,81,79,78,74,71,72,70,72,71,71,73,73,75,79,79,76,71,69,66,78,95,78,74,88,97,97,90,75,74,68,65,62,66,65,67,57,65,71,85,101,106,110,110,109,109,108,107,108,107,105,101,92,87,92,99,98,93,88,84,79,79,81,82,85,93,93,99,92,96,99,92,84,84,86,92,96,97,102,102,101,101,104,110,106,104,102,101,108,106,114,114,113,111,115,117,116,88,53,87,46,55,122,185,187,189,189,192,191,192,193,193,193,195,196,197,196,198,198,199,202,205,207,210,211,213,215,216,217,219,219,219,219,219,219,219,220,220,220,220,220,220
217,217,217,218,218,219,219,218,219,219,219,219,220,220,220,220,220,221,221,221,221,220,221,221,221,221,222,222,222,222,222,222,222,222,222,223,222,222,222,222,223,222,222,221,220,218,217,216,203,172,50,34,43,75,80,77,77,81,82,82,82,79,76,73,72,71,71,70,71,69,73,75,75,72,70,71,83,90,82,82,87,97,102,101,100,88,84,81,77,69,67,68,67,62,55,70,78,91,101,108,111,108,108,109,112,114,115,108,101,103,91,83,85,99,101,100,95,90,88,88,86,83,81,91,92,96,108,103,98,102,100,102,101,100,99,99,101,102,106,107,113,118,115,111,107,107,110,108,116,116,115,115,118,119,116,87,68,90,31,48,110,167,186,189,190,191,192,192,193,194,194,194,196,197,196,197,196,200,202,205,207,208,211,212,214,216,218,218,219,219,220,219,220,220,220,219,220,220,220,220
217,218,217,218,218,219,219,219,220,219,220,219,220,220,221,221,220,221,221,221,220,221,220,221,221,222,222,222,222,222,222,223,223,223,223,223,223,223,222,222,223,222,222,221,220,219,218,214,198,126,41,29,38,76,80,78,79,82,82,83,83,81,78,77,77,76,75,73,72,71,71,72,75,78,84,88,85,84,92,102,107,102,101,94,87,87,88,81,79,78,72,71,64,55,59,74,84,92,108,113,112,111,114,115,116,115,108,106,107,101,89,84,77,95,103,103,104,97,97,98,92,88,85,92,92,96,99,101,101,103,99,103,105,103,109,108,107,111,115,113,113,112,115,108,110,110,108,111,118,121,119,115,120,118,113,86,76,54,28,51,105,178,190,189,190,191,193,191,194,194,194,195,195,195,196,197,198,200,203,205,208,209,210,212,215,216,217,219,219,219,220,219,219,219,219,220,220,220,220,220
217,218,218,218,218,218,219,219,219,220,219,219,220,220,221,220,221,221,221,221,221,222,221,221,221,222,222,222,222,222,222,222,222,223,223,223,223,222,222,222,223,222,222,221,220,219,218,215,189,123,50,47,57,70,81,80,82,84,85,85,86,83,83,84,83,82,80,77,77,76,76,79,81,84,81,81,89,104,104,104,103,100,103,85,89,93,92,87,81,78,75,70,58,52,66,78,86,100,111,115,116,117,120,121,120,119,114,118,112,106,100,96,80,89,103,106,99,101,101,106,104,99,92,91,95,92,93,97,99,101,102,106,113,109,111,113,114,116,120,120,119,118,117,114,111,112,113,115,121,122,124,124,123,119,110,84,60,31,34,53,113,163,186,189,190,192,192,192,193,193,194,194,195,196,197,197,197,199,203,205,208,209,211,212,214,215,217,217,219,219,219,219,220,220,220,220,220,220,220,221
217,218,218,218,219,219,220,219,219,220,220,219,220,220,221,220,221,221,221,221,222,222,221,221,221,222,221,222,222,222,222,222,223,223,223,223,223,223,222,222,222,223,222,221,220,219,218,214,165,105,72,73,55,75,81,82,84,87,87,89,91,88,88,90,88,87,87,83,80,80,80,81,87,91,93,96,101,97,99,101,98,100,92,95,99,99,99,94,86,79,70,67,53,59,80,87,98,110,111,119,121,123,122,122,125,122,125,122,114,111,107,103,91,85,104,111,119,112,111,108,109,109,105,96,95,90,92,92,94,95,94,97,104,105,110,112,116,116,121,124,120,119,116,114,113,115,114,114,123,122,127,129,124,121,113,89,64,52,47,71,123,171,182,190,191,192,192,192,194,194,194,195,195,196,196,197,198,198,203,205,207,209,210,213,214,216,217,218,219,219,219,220,220,221,220,220,220,220,220,221
217,218,218,218,219,219,219,219,220,220,220,220,221,220,221,221,221,221,221,221,222,222,221,222,222,222,222,222,222,222,222,222,223,223,223,223,223,223,223,222,223,223,222,221,221,220,218,216,188,85,73,68,44,79,83,85,86,89,90,91,92,92,92,93,91,91,90,87,86,86,87,93,96,94,95,97,92,90,90,93,94,94,99,103,96,106,103,96,87,84,69,64,52,68,88,98,114,125,124,128,127,127,129,133,133,133,131,127,120,115,110,104,96,90,100,109,117,114,116,110,111,112,111,108,101,94,91,91,94,96,94,94,97,103,112,112,116,120,122,118,115,111,112,110,109,119,121,120,120,125,128,129,126,121,113,94,63,79,73,91,125,162,185,190,191,192,193,191,193,194,194,195,195,196,196,197,198,199,202,205,208,208,210,213,214,216,218,219,219,219,220,220,220,220,220,220,220,221,220,220
217,218,218,218,219,219,219,219,219,219,220,221,220,221,221,221,221,221,221,221,222,223,222,222,223,222,222,222,222,223,223,223,223,223,223,223,223,223,223,223,223,223,222,221,220,220,218,213,182,79,73,63,44,79,85,86,87,91,94,96,99,96,95,97,93,92,90,89,92,90,91,96,97,95,90,85,85,85,89,95,96,97,98,101,107,107,100,98,87,77,65,57,64,79,92,96,119,128,128,129,133,131,132,136,135,135,134,132,129,125,120,116,99,93,96,107,112,117,114,112,115,115,113,111,106,97,92,91,92,96,93,93,98,97,104,110,108,109,108,113,115,113,114,114,120,124,130,126,123,126,129,130,127,121,113,97,58,83,87,95,140,171,185,191,191,192,191,192,193,194,194,195,195,195,196,196,198,199,202,206,207,207,211,212,214,216,217,218,219,219,219,220,220,220,220,220,220,220,220,219
217,218,218,218,219,219,219,220,220,220,220,220,220,221,221,221,221,221,221,222,222,222,222,222,222,222,222,222,222,222,222,223,222,223,223,223,223,223,223,223,223,222,222,222,220,220,219,215,183,81,75,64,42,78,86,86,87,92,94,97,101,103,100,98,95,94,91,91,90,88,89,87,83,86,84,77,77,82,91,92,90,107,100,111,113,107,94,95,81,69,59,59,74,87,93,102,126,133,136,143,144,140,141,141,142,141,139,139,136,132,128,112,105,95,91,104,109,113,108,116,118,119,118,114,113,107,101,95,96,98,96,93,93,96,95,98,101,101,103,108,110,115,118,121,125,125,125,131,130,126,130,130,129,120,112,90,58,82,91,97,142,184,188,190,191,191,192,192,193,193,193,195,195,195,196,198,198,198,202,206,207,208,210,212,214,215,217,218,219,219,220,221,220,221,220,220,220,221,220,219
217,218,218,219,219,219,219,220,220,220,220,220,221,221,220,221,221,221,221,221,222,221,222,222,222,222,222,222,222,222,222,222,222,223,223,223,223,223,223,223,222,223,222,222,221,220,219,217,191,83,75,63,39,74,84,88,90,92,94,98,102,102,99,96,96,95,92,90,89,86,86,81,79,79,82,84,84,90,91,90,94,111,108,115,115,104,102,97,79,65,59,64,81,91,100,121,133,134,142,145,146,147,143,148,148,146,145,145,142,138,135,116,109,97,91,101,104,106,108,115,115,119,121,121,115,110,107,106,106,104,101,96,99,100,112,101,104,103,113,109,112,117,121,124,132,137,137,135,130,126,128,128,129,119,110,71,45,83,93,101,144,184,190,190,191,191,192,192,193,193,194,195,195,195,197,198,198,197,202,205,207,207,210,212,213,215,216,218,219,220,219,220,220,220,221,220,220,220,220,219
218,219,218,219,219,219,220,219,220,220,220,220,221,221,221,221,221,221,221,222,222,222,222,222,222,222,222,222,222,222,222,222,222,223,223,223,223,223,223,222,222,222,222,221,220,219,218,217,208,90,74,63,37,71,83,88,90,92,94,99,102,102,103,98,95,95,94,91,89,86,85,81,81,83,91,95,95,93,103,93,99,111,109,114,107,104,103,94,70,60,59,69,85,92,109,129,139,139,141,152,155,154,152,153,151,150,151,150,147,146,139,121,110,98,83,95,99,99,107,115,116,122,124,121,119,115,109,109,108,106,107,103,104,103,106,98,106,105,117,113,113,115,119,128,131,136,137,138,133,129,126,128,130,120,110,68,49,82,92,106,162,190,190,190,192,191,192,192,192,193,193,194,194,195,197,197,197,198,201,204,206,206,210,211,213,216,217,218,219,220,220,220,220,220,220,220,220,220,220,219
218,218,218,219,219,220,220,220,220,220,220,220,221,221,221,221,222,221,222,222,222,222,222,222,222,221,222,222,222,223,223,222,222,223,223,223,223,223,223,222,222,222,222,221,220,219,218,217,217,134,79,68,32,68,82,88,90,92,95,99,100,96,100,99,98,96,95,91,94,95,98,99,102,97,94,101,95,98,97,99,103,110,112,111,107,111,107,91,62,58,63,72,87,100,120,134,140,144,151,158,162,160,160,157,155,153,155,156,156,155,144,134,115,99,89,87,95,97,102,110,119,117,119,117,125,119,118,114,106,107,114,112,111,110,110,109,108,104,115,117,114,113,118,125,133,134,135,137,129,128,127,127,128,119,110,69,61,86,100,113,182,189,190,191,192,192,191,192,192,193,193,194,193,195,196,197,198,198,200,204,208,206,209,211,213,216,216,218,219,219,220,219,220,220,220,221,219,220,220,219
218,218,219,219,219,220,220,220,220,220,221,221,221,221,221,222,221,222,222,222,222,221,221,222,222,222,222,222,222,222,223,223,222,223,223,223,223,223,222,222,222,221,222,222,220,220,219,218,216,197,93,71,34,61,79,87,89,90,95,99,98,100,102,103,101,104,102,94,97,99,102,96,99,98,100,100,100,102,102,105,111,112,119,120,117,117,108,89,57,65,74,88,93,106,120,136,139,147,159,168,163,165,165,157,155,155,157,157,158,156,146,140,123,109,97,88,82,91,89,99,117,116,121,117,119,120,119,120,115,113,115,112,113,112,113,115,115,116,117,113,116,112,121,127,130,134,138,135,131,128,127,127,127,119,108,67,63,93,109,141,189,190,190,191,190,191,191,191,193,193,193,193,193,196,196,196,198,199,201,204,208,206,209,211,213,216,217,219,219,219,219,220,220,220,221,220,220,221,220,219
218,218,219,219,219,220,220,220,220,221,221,221,221,222,222,222,222,222,222,222,222,222,222,222,222,222,222,222,222,222,222,222,222,222,223,223,223,223,222,222,222,222,222,221,221,219,219,218,216,214,167,68,41,50,76,86,88,90,95,99,99,105,104,99,100,105,100,98,101,106,107,95,98,100,104,108,106,108,114,112,120,128,125,118,120,117,99,78,63,76,88,98,105,114,124,135,140,151,160,176,171,172,171,164,159,161,161,161,161,157,156,154,137,128,112,100,91,93,80,84,104,115,120,117,118,119,121,120,119,118,120,115,113,111,117,115,116,117,115,119,118,114,118,123,128,133,135,127,129,129,128,126,127,119,104,69,64,104,120,179,188,191,191,191,192,192,191,192,192,193,194,193,194,195,197,196,198,198,202,204,206,207,210,212,213,216,217,217,219,219,219,220,220,220,220,220,220,220,220,219
219,219,219,220,220,220,220,220,220,221,221,221,221,222,222,222,222,222,222,222,222,223,222,222,223,222,222,222,222,222,223,223,223,223,223,223,223,223,222,222,223,222,221,221,221,220,220,218,216,215,201,128,47,42,74,83,87,89,95,102,103,103,100,100,99,99,98,98,101,106,104,99,97,104,106,111,107,114,114,120,118,117,122,117,115,115,91,71,76,91,96,104,113,116,124,138,146,155,160,174,181,183,179,172,170,163,164,161,161,156,153,156,150,138,124,117,109,99,84,71,94,108,115,115,117,118,124,122,124,121,123,120,121,121,115,114,112,112,119,118,116,116,119,118,123,128,132,125,130,128,126,125,125,116,101,62,70,118,173,189,190,190,191,190,191,191,191,192,192,192,193,194,194,196,195,196,197,198,202,204,206,207,210,212,213,216,217,218,220,219,220,219,220,220,220,220,220,221,220,220
219,219,219,220,220,220,220,220,221,221,221,221,221,222,222,222,222,222,222,222,222,222,222,222,222,223,222,223,222,222,223,223,223,223,223,222,222,222,222,222,222,221,221,221,221,220,220,218,216,215,204,153,76,43,68,83,84,86,91,97,101,100,99,98,98,95,95,97,101,100,101,105,107,113,121,111,111,120,117,123,117,124,128,120,116,98,71,78,91,99,105,112,121,121,127,135,148,156,164,175,178,187,196,185,175,171,170,165,161,152,152,156,156,147,135,127,122,115,105,75,82,98,110,114,118,120,124,119,126,127,124,126,124,127,116,122,114,115,118,116,116,118,115,113,125,125,127,124,129,130,125,123,125,115,95,76,124,183,188,190,190,191,191,190,191,190,192,191,192,192,193,194,194,196,195,196,197,199,202,204,206,207,209,212,213,216,217,218,220,218,220,219,221,220,220,220,221,221,220,220
218,219,219,220,220,219,220,220,220,221,221,221,221,222,221,221,222,222,222,222,222,222,222,222,222,223,223,222,222,222,222,223,223,222,222,222,222,222,222,222,221,221,221,221,220,220,220,218,216,216,216,172,50,42,65,82,84,85,91,98,101,100,98,95,93,92,92,96,96,98,106,110,109,112,111,114,123,117,121,122,118,120,124,120,112,86,78,92,103,106,112,121,128,126,126,134,139,153,156,171,171,179,186,193,181,173,169,164,150,150,146,149,157,151,135,135,135,130,122,102,70,82,105,118,124,126,130,124,125,128,130,130,126,124,118,118,114,115,114,120,110,120,114,121,117,118,118,123,117,120,120,119,121,115,93,79,160,186,189,188,191,190,192,190,190,191,192,192,192,192,193,194,195,195,195,197,198,200,201,204,206,206,208,212,213,216,217,218,219,219,220,220,220,220,220,220,221,221,220,220
219,219,219,219,219,219,220,220,221,221,221,221,221,222,221,222,221,221,222,222,222,222,222,222,222,223,223,223,223,222,222,223,222,222,222,222,221,221,222,221,222,221,221,222,221,220,220,218,216,216,215,208,89,41,61,73,84,87,90,92,93,98,94,94,92,89,90,93,95,98,105,109,108,110,114,122,125,120,129,124,123,116,115,117,102,75,90,99,106,111,118,129,127,127,124,126,132,146,154,162,163,167,170,168,175,164,166,153,138,140,130,133,142,147,139,143,146,145,138,122,89,78,102,112,117,128,133,134,130,131,133,129,128,130,123,116,113,108,110,113,114,112,114,127,118,116,115,116,122,117,121,120,119,114,86,86,146,184,189,189,190,191,192,191,192,191,191,192,193,192,193,193,194,195,196,196,198,199,201,204,207,207,209,212,213,216,217,218,218,219,219,220,219,220,220,220,220,220,221,220
219,219,219,220,220,220,221,221,221,222,221,222,222,222,222,221,222,221,222,221,222,222,223,222,222,223,223,222,222,223,222,222,222,222,222,222,221,221,221,221,222,221,220,221,221,220,220,218,216,215,211,201,112,38,48,68,83,89,89,83,87,94,91,88,90,88,89,96,95,97,105,111,109,113,119,128,127,126,117,131,121,124,110,107,89,88,98,108,110,112,118,128,127,124,119,120,130,140,147,155,158,163,163,166,161,159,152,145,134,135,135,136,139,141,144,145,152,152,148,141,109,85,101,105,113,134,136,136,128,132,131,122,126,122,122,115,112,109,105,115,115,115,114,111,118,120,121,124,121,117,121,122,116,107,88,63,163,181,189,189,191,190,192,191,192,191,192,191,193,191,192,194,195,195,196,197,199,200,200,205,207,206,209,212,214,216,217,218,218,219,220,220,220,219,220,220,220,220,220,220
219,219,220,221,220,220,221,221,221,222,222,222,221,222,221,222,222,222,222,221,222,222,222,223,223,223,223,223,223,222,222,222,222,221,221,221,221,221,221,221,221,220,220,220,221,220,220,218,217,215,214,212,120,37,39,65,81,87,82,84,92,93,90,87,85,85,89,94,98,96,109,109,109,123,127,126,129,128,126,128,129,116,115,114,89,94,108,111,110,113,115,121,119,116,117,123,125,129,134,143,152,153,156,155,154,149,139,131,128,132,135,130,133,126,127,135,141,150,150,151,129,94,94,104,110,126,121,130,126,130,132,131,127,124,120,121,113,112,107,116,116,118,120,112,118,123,122,118,121,121,123,120,118,106,78,64,154,179,188,189,191,192,192,191,192,192,192,191,192,193,193,194,194,195,196,196,198,201,201,206,206,207,210,212,214,216,217,218,219,219,219,220,220,220,221,221,220,220,220,220
218,220,220,220,220,221,221,221,221,222,222,222,222,222,222,222,222,222,222,223,222,223,223,223,223,223,223,223,223,222,223,223,223,223,223,222,222,221,222,221,221,221,220,220,220,220,220,218,217,215,214,214,174,89,42,65,75,82,83,79,88,92,91,89,85,85,89,95,95,101,106,113,115,123,129,125,126,135,134,118,121,123,115,112,98,100,112,111,112,109,106,98,90,92,101,113,115,121,125,138,146,146,143,143,145,142,134,125,135,135,123,105,82,78,91,110,123,134,142,144,137,105,95,105,105,118,121,126,141,140,136,132,141,132,124,120,121,119,122,112,120,125,125,112,114,119,123,117,117,118,118,116,116,100,68,65,170,185,189,190,190,192,192,191,192,191,193,190,192,192,193,193,193,195,197,196,198,200,201,205,206,207,210,213,213,216,217,219,219,219,220,219,220,220,221,221,221,220,220,220
219,220,220,220,221,221,221,221,221,221,222,222,222,222,222,222,222,222,222,223,222,223,223,224,224,223,223,223,223,223,223,223,223,222,222,222,221,221,222,221,221,221,220,220,221,220,220,218,217,217,215,213,199,122,41,69,74,79,82,86,87,89,86,88,84,83,89,93,97,103,106,115,117,121,120,122,126,135,127,129,119,114,112,112,104,98,110,110,100,82,61,38,26,23,46,62,102,120,126,133,137,138,136,137,134,135,132,131,128,116,65,46,16,17,25,61,84,105,122,128,129,112,100,104,112,118,128,134,132,137,138,134,134,139,141,128,130,131,122,117,114,111,118,118,112,120,118,116,115,113,117,115,112,93,78,72,166,185,190,191,190,194,193,191,191,192,192,191,193,192,193,194,194,195,197,197,198,198,202,205,205,210,211,213,214,216,217,219,219,219,219,219,220,220,220,221,221,220,220,221
220,220,220,220,220,220,221,221,221,221,222,223,223,223,222,223,222,222,223,223,224,223,223,223,224,223,223,223,223,223,222,222,222,222,222,222,221,221,222,221,221,221,220,220,220,220,219,219,218,217,215,214,185,144,58,66,64,75,81,80,84,87,85,88,85,82,88,90,91,104,110,113,120,114,119,119,128,133,132,125,122,113,115,113,101,95,102,96,67,40,40,45,37,46,41,28,20,75,112,126,124,123,123,130,132,128,129,119,88,18,4,10,19,24,43,49,47,56,89,115,121,107,98,101,104,111,118,126,131,125,139,135,140,139,143,135,140,131,132,124,131,118,127,119,112,122,120,115,113,113,116,117,102,71,71,105,169,187,190,191,191,193,193,192,192,193,192,191,192,192,193,194,194,195,196,197,197,199,202,204,205,208,210,213,214,216,218,219,220,219,219,220,219,220,220,220,220,220,220,221
220,220,220,221,221,221,221,221,222,222,222,221,223,222,221,222,222,222,223,223,224,223,223,223,224,223,223,223,223,223,222,222,222,223,222,222,222,222,222,221,220,221,221,221,220,220,219,219,218,217,216,215,210,175,71,66,61,70,81,84,85,87,89,88,83,83,90,94,92,101,104,112,124,111,120,120,131,130,125,131,122,113,110,113,108,92,90,77,55,42,45,42,36,22,12,9,9,38,71,99,103,106,105,103,108,106,105,97,64,19,14,23,35,47,54,58,60,70,74,101,109,93,98,99,106,116,117,119,125,135,136,134,138,135,136,133,135,132,131,140,131,121,127,116,112,117,117,112,110,112,113,109,86,63,66,98,184,187,191,191,191,193,193,193,192,193,192,192,193,193,193,194,195,195,197,196,197,199,202,205,205,208,211,213,215,216,218,219,219,219,219,219,220,220,220,221,220,221,220,221
220,220,220,221,221,221,221,221,221,222,222,222,222,222,221,222,222,222,222,223,223,224,223,223,223,224,223,223,223,222,222,223,222,222,222,222,222,222,221,221,220,221,222,221,220,220,220,219,218,217,216,214,208,194,102,70,52,60,78,81,81,84,87,84,84,87,87,87,93,99,98,110,119,113,116,123,126,128,129,122,126,113,113,115,113,93,79,67,63,66,72,61,55,56,56,46,56,85,93,73,88,99,92,87,91,92,91,98,96,72,62,63,77,93,100,105,97,88,83,100,101,85,98,101,108,112,115,124,131,129,128,129,132,133,129,122,123,133,135,138,138,129,125,115,116,113,119,117,109,109,110,104,72,57,68,102,179,187,190,192,192,192,192,193,193,193,192,192,192,192,193,194,194,194,195,197,198,200,202,206,207,207,211,213,214,216,217,219,220,219,219,220,220,220,220,220,220,220,220,221
219,220,220,220,221,221,221,220,221,221,222,222,222,222,222,222,222,223,223,223,223,224,223,223,223,223,223,222,222,222,222,222,222,222,222,222,222,222,222,221,221,222,221,221,221,220,220,219,218,218,216,214,209,191,130,65,48,51,65,75,76,77,86,85,85,85,84,86,95,98,99,106,109,114,117,114,121,123,128,126,118,112,116,114,109,93,79,75,73,88,144,104,103,91,81,83,97,119,118,89,72,87,86,85,89,80,77,90,107,114,112,113,118,121,117,119,109,102,101,96,74,85,100,101,100,103,109,114,122,120,122,124,130,127,128,122,124,124,132,126,135,126,125,117,116,117,111,115,107,104,104,102,55,51,93,128,187,189,191,192,191,192,192,192,192,193,192,193,191,193,193,194,195,196,196,198,197,200,202,206,207,209,211,212,214,216,217,219,219,219,220,219,219,220,220,220,220,221,220,220
220,219,220,220,221,221,221,221,221,222,222,222,222,222,221,222,222,222,223,223,222,223,223,222,223,223,223,223,223,223,223,222,222,222,222,222,222,222,222,221,221,221,221,221,220,220,220,219,218,218,216,215,213,209,151,56,49,41,39,70,78,76,82,88,89,83,87,88,96,99,100,109,105,114,114,111,117,117,122,114,109,107,109,106,94,84,79,77,82,86,78,106,95,96,97,103,113,119,111,95,74,73,83,88,77,57,52,62,74,97,109,118,129,124,113,106,105,100,84,73,83,94,98,102,110,105,103,102,109,115,126,127,124,126,129,120,125,127,126,129,128,124,126,110,107,107,115,108,105,97,93,87,60,64,90,144,188,190,191,191,192,191,192,193,192,193,192,193,192,193,193,194,194,195,197,197,198,199,203,205,207,209,210,213,214,216,218,218,219,219,219,220,220,220,220,220,221,221,220,221
219,219,219,220,221,221,221,221,221,221,222,222,222,222,222,222,222,222,222,222,222,223,223,222,223,223,224,222,223,223,222,222,222,222,222,222,222,222,221,221,221,221,221,221,220,220,220,219,218,217,216,215,213,197,191,55,31,36,35,64,74,71,76,86,90,92,90,89,97,100,102,96,97,109,106,110,115,110,113,110,116,112,105,101,93,89,74,69,68,87,85,78,76,79,76,76,74,70,72,70,68,68,77,78,69,63,54,60,59,61,65,73,74,85,79,62,60,62,73,88,87,93,97,101,102,107,101,99,101,110,114,116,127,119,120,125,115,124,121,128,127,121,129,110,100,111,106,101,95,99,78,60,63,65,65,161,188,188,191,192,192,192,192,193,192,192,191,192,192,193,193,194,195,196,196,197,198,198,203,205,208,209,210,212,214,216,218,219,219,219,220,220,220,220,220,220,221,221,220,220
219,219,220,220,220,220,221,221,221,222,222,222,221,222,222,222,222,222,223,223,223,223,222,222,222,223,223,223,223,223,221,222,221,222,222,221,222,221,221,221,221,221,221,220,220,220,220,219,219,217,216,214,212,208,191,80,34,56,31,51,67,72,72,82,86,87,90,91,93,100,99,87,84,101,111,113,117,120,110,110,107,104,102,97,95,91,86,74,64,56,55,54,64,61,57,53,57,60,75,75,67,69,71,71,71,74,74,71,63,63,64,64,68,74,72,74,77,82,88,102,100,104,101,100,100,94,99,99,101,109,104,103,112,105,108,125,124,129,131,129,120,133,128,118,97,107,104,95,98,95,63,50,52,54,98,166,175,184,190,192,192,191,192,192,191,192,192,192,193,193,193,193,194,195,197,197,198,200,203,205,207,209,211,212,215,216,218,218,219,219,220,220,220,220,220,220,220,221,220,220
219,219,219,220,220,220,221,221,222,222,222,222,222,222,222,222,222,222,222,223,223,223,223,223,222,222,223,222,223,222,222,222,222,222,221,221,222,221,221,221,220,220,220,221,220,220,220,219,219,218,216,215,213,213,203,126,34,39,35,43,65,65,78,77,82,81,85,86,90,93,90,89,83,96,113,107,102,102,101,100,101,99,99,96,98,94,91,81,74,69,68,67,65,65,63,58,68,72,73,73,72,70,74,81,75,76,71,80,70,67,72,68,74,70,71,76,87,91,92,94,95,100,101,99,100,94,98,102,102,102,98,97,112,108,104,119,117,124,123,128,125,129,117,113,100,104,100,88,101,93,55,36,47,67,126,175,177,190,191,190,192,193,192,191,193,191,192,193,193,193,193,194,194,194,196,197,199,200,203,205,207,209,211,213,215,216,217,218,220,219,219,220,220,220,220,220,220,221,220,220
219,219,219,219,220,220,221,221,221,222,222,222,221,221,221,222,221,222,223,223,224,223,223,222,223,223,223,223,222,222,222,222,222,221,221,221,221,221,221,220,221,220,220,220,220,220,220,219,219,218,217,215,214,213,208,152,40,33,24,44,61,63,77,84,83,76,85,92,92,99,97,85,83,100,104,100,109,99,93,100,99,97,97,95,95,93,88,86,76,75,70,67,67,65,68,61,64,69,69,81,77,85,76,80,69,75,76,73,67,88,73,75,77,74,77,69,79,79,90,90,91,98,100,99,97,96,101,106,99,102,96,97,104,114,112,107,106,117,129,125,126,113,104,102,103,105,90,83,98,76,45,35,43,71,151,179,189,190,190,190,192,193,192,193,193,193,193,193,194,193,193,194,194,195,197,197,199,200,203,206,208,210,211,213,214,216,217,219,219,220,220,219,220,220,220,220,220,220,220,220
219,219,219,219,220,220,220,220,221,221,222,222,221,221,221,222,221,222,223,222,223,222,222,222,223,222,222,223,222,222,222,222,222,221,221,221,221,221,221,220,220,220,220,220,220,220,219,219,219,218,217,216,215,213,211,179,48,37,32,25,47,65,56,71,82,76,83,84,86,90,93,87,88,90,100,99,98,96,96,100,94,95,93,92,95,88,92,86,73,68,67,64,65,54,69,75,73,59,65,85,86,89,77,97,72,71,79,71,65,74,75,91,77,84,75,72,73,68,74,77,74,87,87,88,94,93,89,98,89,107,97,106,102,100,101,95,109,117,114,126,130,126,121,109,91,94,88,86,93,71,46,28,44,83,167,181,190,190,191,192,193,192,191,193,193,193,192,193,193,193,194,194,195,196,197,198,200,201,203,205,207,209,211,212,214,216,218,218,219,220,219,219,220,220,220,220,220,220,221,220
219,219,218,219,220,220,220,220,220,221,221,221,221,222,221,222,222,222,222,222,222,222,222,222,223,222,222,223,222,222,222,222,222,220,221,221,221,221,220,221,220,220,220,220,220,219,219,219,219,218,218,216,215,214,212,186,84,27,25,20,33,55,56,63,80,75,77,76,76,84,98,100,79,89,89,82,87,90,92,92,88,89,91,89,92,86,94,84,73,60,67,67,64,53,74,69,68,60,74,90,81,90,74,76,89,66,70,69,65,60,77,82,71,80,78,68,81,72,66,66,60,81,90,84,67,75,79,86,80,75,95,104,101,92,99,109,105,108,115,118,125,113,119,110,98,101,98,88,89,44,41,27,45,86,171,190,189,192,192,193,192,193,192,192,192,193,191,193,193,193,194,194,195,196,197,198,199,201,204,205,207,209,210,212,215,216,218,218,219,220,220,220,220,220,220,220,221,221,220,221
219,219,219,219,220,220,220,220,221,221,221,222,222,222,222,222,221,222,222,223,223,223,222,222,222,223,222,222,222,222,221,222,221,221,221,221,221,220,219,220,220,219,219,219,219,219,219,219,219,218,218,216,215,214,212,202,102,44,25,22,33,56,46,55,77,72,68,73,68,76,98,79,74,76,73,81,79,80,76,80,90,79,87,83,74,81,81,81,70,53,63,54,50,61,68,60,59,82,78,85,82,95,67,65,81,63,69,57,75,68,69,57,51,59,86,79,78,77,76,72,62,79,100,94,61,57,61,82,65,57,89,102,101,97,101,101,104,98,93,95,121,115,111,115,98,97,96,85,71,42,41,30,42,105,177,190,190,192,192,194,192,195,192,192,192,192,193,193,193,194,194,194,195,196,197,198,199,202,204,207,208,210,212,214,215,216,217,218,219,220,218,220,220,220,220,220,220,220,220,220
219,219,219,219,220,220,220,220,220,221,221,221,222,222,222,222,221,222,222,222,222,222,222,222,222,221,221,221,221,222,221,221,221,221,221,221,221,220,220,220,220,220,220,219,220,219,219,219,218,219,218,216,215,214,211,205,152,32,21,25,34,56,61,63,73,72,71,69,72,81,76,75,60,71,77,74,69,61,61,70,74,75,79,74,68,75,73,78,65,63,54,54,49,62,53,46,64,72,63,65,74,89,67,76,80,77,72,62,61,75,70,49,55,55,60,65,64,70,77,82,69,71,96,75,70,61,59,70,61,51,60,86,97,92,81,90,87,89,91,98,102,124,110,116,91,100,93,79,58,33,36,26,43,127,178,191,192,192,192,194,192,193,192,192,192,192,193,193,193,193,194,193,194,196,197,198,199,203,204,207,208,210,212,213,215,216,218,218,219,219,219,219,220,220,219,220,220,220,220,220
219,219,220,220,220,220,219,220,221,221,221,221,221,221,222,221,222,222,222,222,222,222,222,222,221,221,221,221,221,222,221,220,221,221,221,221,221,220,220,220,220,220,220,219,220,219,219,219,219,218,217,216,214,213,211,208,173,37,39,41,26,48,65,66,72,72,82,76,81,79,72,67,72,80,62,72,63,55,47,59,66,72,77,66,61,73,79,81,83,51,41,38,43,51,42,56,57,70,38,40,63,67,53,63,70,73,64,42,55,84,70,82,66,52,61,66,92,69,75,78,65,65,86,90,56,48,59,71,60,55,70,63,67,74,72,74,74,69,74,94,94,118,134,119,98,114,84,72,47,27,38,35,93,155,185,190,192,191,192,194,194,193,193,192,191,193,192,193,193,194,194,195,194,197,197,197,199,203,205,207,208,210,212,213,215,216,217,219,219,219,218,219,219,220,220,220,220,220,220,220
218,219,219,219,220,220,220,220,221,221,221,221,221,221,222,221,221,222,222,222,222,222,222,221,221,221,221,221,222,222,221,220,220,220,220,221,220,220,220,220,219,220,220,219,219,219,219,218,217,217,216,216,214,212,211,208,193,89,37,39,25,46,61,63,64,64,80,70,74,71,68,67,61,67,62,68,55,54,48,55,76,79,73,70,66,74,77,67,76,68,38,34,34,43,37,65,60,59,39,51,68,56,52,65,49,66,69,33,63,60,83,55,64,62,50,76,99,51,69,68,64,73,83,82,65,58,75,88,67,50,57,74,62,81,72,77,75,70,79,74,84,104,117,109,94,107,76,59,43,45,43,39,116,183,191,191,192,192,192,193,193,193,193,192,192,192,193,192,194,192,194,193,195,196,197,198,199,201,204,206,208,210,212,213,215,216,217,219,219,219,219,219,218,219,220,220,220,221,220,220
218,219,219,220,220,219,220,220,220,220,220,220,221,221,221,221,221,222,222,222,222,222,222,222,221,221,221,221,221,222,221,220,220,220,220,220,220,220,219,220,219,219,220,218,218,217,218,217,216,216,215,215,213,211,209,206,197,117,38,42,29,39,58,60,55,62,79,77,73,75,73,66,61,64,69,71,55,54,50,62,83,63,69,69,74,75,72,45,73,75,39,48,42,38,52,46,60,56,37,49,78,52,50,65,56,59,47,46,45,55,62,53,49,53,61,72,83,37,49,63,55,67,79,72,63,57,74,93,79,43,60,67,77,50,89,72,80,66,77,75,88,93,90,87,90,98,70,57,31,35,27,49,127,167,190,191,191,192,192,192,193,192,194,193,192,193,192,193,194,194,194,195,195,196,198,197,200,201,204,205,209,210,212,214,215,217,218,218,219,219,220,220,219,219,220,220,220,220,220,220
218,218,219,219,220,220,220,220,220,220,220,220,221,221,221,221,221,222,222,222,222,221,222,222,222,222,222,221,221,221,221,220,220,220,220,220,220,219,219,220,220,220,218,217,217,216,216,216,216,215,215,213,211,210,209,205,201,135,35,46,24,37,50,56,74,74,81,71,73,76,70,61,60,69,48,43,55,45,55,77,69,56,54,61,71,72,47,30,67,54,41,38,40,46,61,43,54,61,50,69,63,61,45,46,52,41,51,45,36,55,60,49,46,55,65,64,74,37,47,48,64,49,67,59,65,51,72,65,69,47,60,70,71,55,90,62,68,65,65,66,90,97,98,80,97,93,82,71,33,41,36,69,130,178,190,191,191,193,193,193,193,192,193,191,193,193,192,194,194,194,193,194,194,196,198,198,200,202,206,206,209,210,212,214,215,216,217,218,219,219,218,219,219,219,220,220,220,220,220,220
218,218,219,217,219,220,220,220,220,220,220,221,220,221,221,221,221,221,221,222,221,221,221,221,221,221,221,221,221,221,221,220,220,220,220,219,219,219,219,218,218,218,217,216,216,216,215,215,215,214,214,212,211,209,207,205,204,184,67,38,29,38,44,57,72,87,76,64,72,72,53,86,89,70,34,87,62,54,54,85,66,57,57,79,62,74,44,30,50,62,41,41,37,45,57,60,69,80,79,81,69,77,49,46,53,45,66,84,68,77,82,80,81,74,90,83,50,40,41,50,56,60,55,69,59,51,70,57,58,57,74,71,86,47,81,63,71,62,60,72,90,101,93,95,86,75,59,73,46,38,69,67,134,183,183,189,193,193,193,191,192,192,193,192,192,192,193,194,194,193,195,195,196,197,198,199,200,204,204,208,209,210,212,214,216,217,218,219,218,219,219,219,219,219,220,219,220,220,220,220
218,218,218,218,219,219,219,220,219,220,219,220,220,220,221,220,220,220,220,220,220,220,220,221,220,220,220,220,220,220,220,220,220,219,219,219,219,219,218,217,217,216,216,216,215,215,214,214,214,213,212,212,209,208,206,204,202,187,105,36,42,34,48,50,58,76,61,47,57,66,57,101,64,53,51,89,66,54,67,54,63,48,46,82,61,75,30,37,55,47,43,46,56,81,73,92,103,115,110,109,104,109,87,82,85,89,108,123,120,114,115,122,115,112,102,92,72,44,42,66,43,63,44,80,72,68,43,72,53,70,101,80,79,95,89,55,58,61,60,67,79,79,84,84,87,66,58,48,43,65,65,94,165,180,191,191,193,192,192,193,192,192,192,192,192,193,192,193,194,194,194,195,197,197,198,200,202,203,205,208,209,210,213,214,216,216,218,219,219,219,218,219,219,219,219,219,220,220,220,219
218,218,219,218,219,219,218,220,219,220,220,220,220,220,220,220,220,220,220,220,220,220,220,220,220,220,220,219,220,219,219,219,219,219,218,218,218,217,216,216,216,215,215,214,214,214,214,215,213,212,210,208,208,206,203,202,198,185,135,52,33,25,37,31,42,69,61,51,54,61,51,92,71,59,58,79,55,51,62,79,57,41,55,42,79,57,37,40,46,48,56,60,91,93,112,126,132,134,142,140,135,141,120,119,130,136,146,144,147,146,144,144,144,140,136,126,104,78,78,75,64,64,42,83,93,73,54,54,54,60,98,77,71,69,72,65,68,58,59,67,78,69,63,84,70,54,46,43,31,74,75,139,181,192,191,193,193,193,193,193,192,193,192,192,192,193,192,194,194,194,196,196,197,197,198,199,202,204,205,207,208,211,212,214,216,216,218,218,219,219,219,219,219,219,219,220,220,221,220,220
217,218,218,218,219,220,219,219,219,219,220,221,220,220,221,220,220,219,220,220,218,219,219,220,220,220,220,219,219,218,218,218,217,217,217,217,216,216,215,215,214,213,214,213,214,212,211,210,208,208,206,205,204,202,200,199,196,196,168,87,33,28,47,43,32,56,62,58,54,63,71,61,71,63,65,59,42,61,79,62,50,62,43,46,63,63,49,57,49,69,86,101,116,120,127,124,128,127,132,138,153,163,160,162,164,175,156,148,134,131,124,124,124,127,131,132,129,132,129,124,107,75,68,88,79,51,61,62,65,69,106,66,62,67,75,88,71,76,61,60,83,86,62,78,64,30,36,52,41,72,68,140,192,192,192,192,193,193,193,193,193,193,192,193,192,193,192,194,194,195,197,196,196,196,198,200,202,204,205,207,209,211,212,213,215,216,217,218,218,219,219,219,219,219,219,220,220,220,221,221
217,218,218,219,219,218,219,219,218,219,220,221,220,220,220,220,220,219,220,219,218,220,219,219,219,219,218,218,218,217,217,217,217,216,216,216,215,215,214,214,214,212,212,211,211,209,209,206,206,205,203,202,200,199,198,196,195,191,175,101,38,42,51,40,33,46,61,65,56,59,63,52,58,89,80,54,56,59,84,61,72,52,41,60,62,49,62,72,82,102,120,120,117,109,111,109,105,107,105,109,117,130,147,164,159,148,137,128,125,124,125,126,125,127,129,124,122,125,133,147,138,123,104,93,68,59,42,53,59,58,80,77,80,77,79,61,73,61,69,64,94,74,69,96,69,42,32,37,51,81,74,138,192,192,192,191,193,194,193,194,193,193,192,194,193,194,193,193,194,195,196,197,196,197,199,200,200,204,206,208,210,211,212,214,215,217,217,217,218,219,219,219,219,219,220,219,219,220,220,220
217,218,218,218,218,218,218,218,217,218,219,219,219,219,219,220,219,219,219,219,218,218,218,218,218,217,217,217,216,216,216,216,215,215,215,214,214,212,212,212,211,210,210,209,208,206,205,203,202,202,200,199,197,195,192,193,192,187,183,129,51,55,45,33,37,37,56,60,64,54,48,69,50,74,62,50,69,69,85,70,47,41,38,55,53,58,82,99,114,123,118,114,113,109,112,112,109,105,106,107,105,114,119,135,138,136,134,127,126,127,128,132,131,130,126,126,124,124,125,125,136,146,134,113,95,63,58,55,39,76,70,87,45,97,91,68,64,71,58,73,92,80,55,79,86,43,40,41,59,64,126,187,189,190,190,192,192,193,193,193,193,193,193,192,193,194,193,193,195,195,197,198,199,199,199,201,203,205,206,210,210,211,212,215,216,217,218,218,218,219,219,219,218,219,219,220,219,220,220,220
216,216,216,216,217,217,218,217,217,217,217,218,217,218,218,218,218,218,218,218,217,218,217,217,217,216,216,216,215,215,214,215,215,214,214,213,212,211,210,209,209,207,205,204,204,203,202,200,199,198,197,196,194,191,190,190,188,186,184,140,50,49,39,35,39,35,50,48,57,70,68,37,52,78,42,53,57,60,74,83,45,29,36,55,58,80,108,118,119,116,110,110,108,112,116,114,113,107,105,104,94,103,112,119,125,126,125,120,121,119,123,129,130,126,122,123,122,130,126,121,115,124,137,131,117,80,59,66,34,51,68,85,66,75,75,60,63,43,57,59,95,88,74,90,86,52,46,49,43,73,163,186,187,188,189,190,191,192,192,193,193,193,193,193,194,194,193,195,194,194,197,197,199,200,199,199,202,205,206,209,210,211,213,215,215,217,217,217,218,219,219,219,219,219,220,219,219,220,219,220
216,216,216,216,216,216,217,217,216,217,217,217,217,217,217,218,217,217,217,217,217,216,216,216,216,215,216,215,214,214,214,214,213,213,212,211,210,208,207,207,204,203,202,201,200,199,197,196,196,194,194,192,190,188,186,185,185,178,182,140,71,58,47,52,41,31,38,45,49,68,59,38,55,94,49,46,53,45,76,60,41,34,47,71,66,92,114,115,106,105,107,105,109,111,115,113,113,108,101,99,89,95,103,111,119,122,117,112,112,110,108,111,113,113,120,119,118,120,120,123,121,112,121,125,126,89,85,52,41,57,50,62,65,72,76,62,45,44,59,64,78,72,72,112,54,30,63,55,34,77,162,185,186,186,187,189,190,190,191,192,193,192,192,192,193,193,194,194,195,195,197,198,199,201,200,201,202,205,206,209,210,213,214,214,216,217,218,217,218,219,219,219,219,219,220,219,219,220,219,220
215,215,215,215,216,215,215,215,215,216,216,217,217,217,216,215,215,215,216,216,215,215,215,214,215,215,214,214,214,213,211,211,209,210,209,208,205,203,204,203,200,199,197,197,195,192,192,192,192,191,188,186,185,184,182,182,180,176,176,173,95,65,59,44,41,35,48,52,57,52,46,54,57,75,69,55,47,49,68,41,40,47,69,84,79,111,113,110,105,97,97,101,101,107,109,109,107,104,97,91,88,90,98,103,109,109,111,103,98,94,95,92,98,103,103,107,105,105,109,113,121,112,107,111,113,91,92,55,49,51,46,42,63,75,60,58,54,50,36,64,57,55,59,73,47,38,58,46,30,67,130,183,185,185,187,188,189,189,190,190,192,191,193,193,193,195,193,194,194,195,196,197,198,198,200,202,202,206,207,209,212,212,214,215,216,217,218,218,219,219,219,220,219,219,219,219,219,220,220,220
214,214,214,214,215,215,214,215,215,215,215,216,216,216,216,215,215,215,215,215,215,214,214,213,212,212,213,212,211,209,208,206,207,205,203,204,202,202,201,198,196,194,194,193,191,191,190,188,187,184,183,182,182,180,178,179,176,174,173,169,120,81,48,41,35,34,42,52,47,51,67,59,71,84,52,56,59,41,35,52,49,66,84,92,97,111,104,99,97,94,90,91,100,96,97,95,96,92,87,84,81,85,90,91,93,95,95,92,87,87,87,80,84,87,86,87,91,90,92,97,101,98,96,94,95,87,81,67,59,54,43,30,66,65,92,40,48,82,48,64,44,65,63,50,44,40,59,40,73,123,164,171,175,177,185,186,188,188,189,189,191,191,192,192,194,193,194,193,194,194,196,197,198,199,202,202,203,206,208,210,212,212,214,215,216,217,217,218,218,219,219,219,219,219,219,219,220,220,220,219
215,214,214,214,214,214,214,214,214,214,214,214,214,215,214,214,214,213,212,214,213,213,213,211,210,211,209,210,208,206,207,205,203,203,200,199,197,197,195,193,192,191,191,188,187,187,186,185,183,182,180,179,176,174,174,174,173,170,168,164,136,76,34,37,48,40,42,49,42,23,96,60,66,80,73,56,44,37,50,45,58,79,81,90,101,103,96,90,90,91,85,84,92,83,82,81,79,80,75,69,72,77,81,80,80,86,87,84,85,82,80,79,77,73,68,74,79,79,82,85,80,78,75,68,62,59,61,60,66,61,53,39,72,91,51,59,64,54,57,51,46,42,56,81,58,36,49,36,110,149,171,178,180,182,182,184,186,188,188,188,189,191,190,191,191,192,192,193,194,194,197,197,197,200,202,202,205,207,208,209,211,213,214,215,216,217,217,218,218,218,218,219,220,219,219,219,220,219,221,220
213,213,212,213,213,214,214,214,213,213,213,213,213,213,212,212,211,211,210,211,211,210,210,209,207,205,204,205,204,203,201,198,198,196,197,195,195,192,191,189,186,187,184,183,183,181,179,178,174,174,174,172,172,172,170,165,164,165,167,163,141,58,46,29,46,28,40,44,45,36,81,61,82,61,61,61,41,35,47,57,69,74,74,79,83,79,75,74,76,82,84,77,76,68,71,79,77,87,75,65,80,97,102,88,89,87,78,75,79,94,79,84,77,82,76,79,80,77,76,66,63,62,46,36,39,43,53,58,48,61,60,51,42,48,53,47,54,53,61,66,70,61,51,62,73,48,36,63,111,166,157,168,175,178,180,181,184,184,185,184,186,188,188,190,190,191,192,193,193,194,196,198,198,201,201,203,205,207,209,209,212,213,214,215,217,217,217,217,218,218,218,219,219,220,220,220,220,220,220,219
212,212,211,212,212,212,212,212,212,212,212,212,212,212,211,211,210,210,209,209,208,207,206,205,203,202,202,201,200,198,196,195,194,194,192,190,188,187,185,184,182,181,179,177,176,175,175,174,172,173,169,164,159,148,140,130,128,143,159,134,79,54,49,48,27,35,35,53,41,46,91,79,60,59,56,48,49,40,55,71,73,64,58,55,55,51,51,53,55,59,62,51,61,50,66,80,75,86,91,74,84,99,101,91,79,81,82,83,82,86,82,82,87,87,85,94,89,80,85,75,68,46,45,57,66,66,63,58,43,52,56,54,38,48,55,29,30,30,38,60,43,53,49,64,62,50,54,91,132,154,170,167,172,175,174,177,179,180,181,182,184,185,187,187,189,190,190,191,193,194,196,197,199,201,201,203,206,207,209,211,211,213,213,215,216,217,217,218,217,218,219,219,218,219,219,219,220,220,220,220
211,211,210,211,210,210,210,210,210,211,210,210,209,209,209,208,208,207,206,206,205,204,203,201,200,198,199,198,195,193,192,190,189,188,186,186,184,182,178,180,178,177,177,172,171,167,162,161,157,153,153,148,133,118,139,158,165,163,137,67,79,79,67,46,30,51,62,63,50,67,54,88,66,40,53,49,44,39,53,61,58,51,48,46,41,37,43,52,63,52,60,61,61,64,90,89,85,75,74,76,84,87,92,89,86,88,84,91,92,88,96,94,95,92,96,99,102,91,92,77,58,61,67,84,91,91,87,81,59,57,56,53,38,34,50,44,35,33,54,65,49,51,60,73,56,54,74,107,157,164,166,166,169,171,171,175,175,177,177,180,180,182,184,185,185,186,190,190,191,192,195,196,198,200,201,203,207,209,210,210,212,214,214,215,217,217,217,217,218,218,218,219,218,219,219,219,220,219,219,220
210,210,210,209,209,210,210,209,209,207,207,207,207,206,206,206,205,204,203,202,201,200,198,197,196,195,194,192,191,188,187,185,184,183,181,180,180,176,176,178,175,170,164,159,152,145,144,145,152,160,150,132,122,158,162,164,165,156,80,55,90,99,86,19,42,47,54,61,56,66,42,44,70,42,53,58,34,38,40,48,48,55,60,61,55,48,45,45,51,58,71,71,71,85,107,88,89,81,89,93,96,100,105,102,93,98,102,95,99,100,101,114,101,102,105,98,101,97,83,86,87,86,103,114,108,105,92,82,67,50,51,54,44,40,36,35,45,60,66,57,48,41,52,47,39,48,79,117,158,164,164,165,167,168,168,170,172,173,174,177,176,179,181,181,184,184,186,188,190,192,193,196,198,199,202,203,208,209,211,211,212,214,215,215,217,217,217,217,218,219,218,218,219,219,219,218,221,220,220,220
208,208,208,207,207,207,206,206,207,206,206,205,204,203,200,200,202,201,200,198,198,197,194,192,191,190,190,186,185,183,183,181,179,178,176,176,173,171,169,163,158,157,159,159,151,143,141,148,158,156,144,119,152,162,162,164,166,142,50,66,81,70,77,27,53,29,50,58,47,80,45,31,60,43,55,52,40,53,46,48,49,62,66,72,73,72,68,62,64,63,75,76,78,92,103,100,101,102,94,104,109,114,114,100,100,111,114,111,117,112,111,120,108,109,110,104,102,94,93,98,108,120,126,121,110,91,84,79,73,57,42,43,37,35,34,28,36,43,50,63,61,62,76,44,31,53,99,157,169,159,161,161,163,165,166,168,169,170,172,174,174,176,177,178,181,181,183,184,187,189,191,194,197,199,201,204,207,209,211,211,213,213,216,215,216,217,217,217,218,220,219,219,219,219,218,219,220,221,220,219
206,206,205,204,205,205,204,203,203,202,204,202,202,201,199,200,199,196,194,193,193,192,190,189,188,187,185,182,180,178,176,175,174,174,171,162,158,154,153,152,151,152,156,159,153,146,144,150,156,151,139,125,163,166,166,167,168,129,44,57,56,84,77,31,35,50,66,50,37,61,31,34,51,44,43,27,40,53,47,48,59,66,76,79,80,86,88,85,79,72,78,77,80,90,98,96,104,104,106,112,116,119,115,98,101,110,126,122,129,125,119,123,114,112,110,109,103,96,105,118,138,138,124,111,103,90,85,83,75,60,44,32,38,26,28,28,38,40,45,74,59,37,30,64,58,66,126,158,154,155,159,157,159,162,164,165,166,167,168,169,170,172,173,175,178,178,181,181,183,185,188,191,193,197,200,202,205,208,209,209,211,212,212,214,216,216,217,217,216,218,218,218,219,219,219,219,219,220,220,220
204,204,203,202,202,201,201,201,201,200,200,199,198,197,196,196,195,192,192,192,190,189,188,185,182,180,178,176,174,171,171,167,160,155,152,150,150,150,151,151,149,150,152,155,151,149,150,153,155,150,131,135,164,167,167,167,168,122,46,52,54,73,75,55,40,69,52,54,74,54,40,44,46,70,43,43,52,46,45,44,58,59,71,82,87,93,97,95,91,86,81,84,87,98,94,103,108,104,109,118,120,119,122,110,111,117,134,133,135,134,129,132,123,121,106,115,114,117,133,144,137,127,116,108,103,96,84,79,62,54,58,47,53,31,27,28,43,30,45,53,49,29,30,44,55,101,124,154,151,153,156,155,159,157,160,162,162,165,165,166,166,169,170,171,173,175,177,178,179,182,183,187,187,190,196,198,203,207,206,208,210,211,211,213,214,215,215,216,216,218,217,218,218,219,219,218,219,219,219,219
201,200,200,201,200,199,197,197,198,197,198,197,195,193,193,192,190,187,186,186,186,184,181,177,176,174,171,168,164,161,156,155,154,154,151,147,147,148,152,151,150,151,152,152,148,150,153,155,155,150,128,144,167,168,167,169,172,126,49,52,57,66,88,68,86,45,56,65,66,47,42,44,64,64,50,36,35,42,46,52,51,55,66,79,87,89,95,95,95,99,96,97,96,102,101,107,111,109,124,119,123,127,128,121,119,129,132,137,138,137,135,137,131,129,125,123,127,145,145,129,121,111,110,106,104,95,91,78,72,67,48,64,68,44,22,24,31,42,43,43,36,47,38,56,64,100,141,175,162,150,150,159,162,156,156,155,159,160,162,162,166,165,166,170,171,171,175,174,176,177,181,182,184,186,191,194,199,201,203,207,208,209,210,213,213,214,215,215,216,216,217,217,217,218,219,219,218,218,218,219
199,198,198,198,199,198,196,196,195,195,194,194,192,191,189,187,187,185,185,184,180,178,177,174,171,166,156,154,153,152,152,153,154,157,151,145,145,148,150,152,152,151,152,151,149,150,153,155,156,151,128,149,171,169,169,171,173,146,47,52,52,69,75,87,87,77,69,51,69,49,54,64,55,41,54,55,38,54,53,65,56,55,68,80,90,85,92,92,92,104,103,106,105,105,106,112,110,116,126,122,125,137,138,126,131,138,141,147,140,134,138,139,135,132,134,139,142,129,122,103,101,100,103,107,104,101,98,96,78,74,63,58,62,47,36,32,34,62,34,46,55,39,72,90,95,125,141,169,188,174,167,167,169,175,165,159,153,155,157,158,162,162,164,164,168,170,170,173,174,175,178,178,183,183,187,190,194,197,200,202,205,208,211,211,213,214,214,215,215,216,216,217,218,217,218,218,219,218,218,218
196,196,195,195,195,194,193,194,194,196,193,191,190,188,187,185,183,183,182,178,176,171,165,160,153,154,154,153,152,150,151,152,155,159,152,143,143,149,152,155,154,153,151,150,149,150,153,155,158,152,133,148,172,171,171,172,173,159,56,50,49,71,62,92,87,73,66,70,86,49,57,61,57,36,68,33,53,44,53,45,48,48,68,78,85,88,87,86,87,104,105,107,107,107,107,111,112,120,127,131,128,139,150,133,143,136,133,140,138,134,136,138,140,143,141,131,112,107,102,97,93,94,99,99,101,96,95,103,87,89,71,58,47,49,35,40,76,66,48,69,63,57,78,85,84,104,141,156,182,182,171,168,171,172,178,174,163,157,156,156,159,157,160,162,166,165,168,170,169,171,175,176,178,181,184,188,190,190,193,197,200,204,207,210,213,212,213,214,214,215,216,216,216,216,217,216,218,217,218,219
194,194,192,192,191,191,191,190,189,188,187,187,185,184,182,183,179,178,173,166,158,150,151,146,151,155,156,156,152,151,151,152,156,161,153,141,141,147,153,157,156,155,151,149,149,149,153,156,160,155,138,139,173,173,172,174,174,168,81,48,47,71,67,66,131,80,69,84,83,62,74,63,86,64,65,56,57,51,53,49,41,53,66,74,80,85,85,84,85,88,97,103,111,107,106,109,112,116,121,128,125,129,134,131,133,130,125,125,127,125,129,130,126,125,112,96,82,89,85,83,92,99,104,107,102,96,92,93,80,93,74,54,53,52,46,43,50,64,54,58,46,87,70,75,134,160,149,133,168,184,174,174,170,171,173,177,174,162,154,158,163,157,158,156,160,163,164,166,166,168,171,174,175,177,180,183,187,188,190,190,194,198,202,205,208,210,212,212,213,214,215,216,216,215,216,216,217,217,217,218
191,191,190,189,189,188,187,187,186,185,184,184,183,182,181,178,173,166,151,142,139,141,145,149,153,155,158,159,152,150,151,153,158,166,156,142,140,147,153,156,156,154,152,149,148,149,152,159,162,156,144,137,176,176,175,176,175,173,119,47,47,71,67,76,101,80,50,95,114,64,95,91,60,56,58,81,81,74,64,29,26,47,61,69,78,82,83,81,84,80,86,84,88,98,104,109,111,110,113,118,118,116,114,115,116,115,114,115,117,115,113,110,101,93,86,77,90,76,79,90,95,93,96,97,90,89,84,82,81,92,77,46,54,69,69,45,34,57,37,61,78,81,71,99,151,176,164,124,164,180,182,181,164,165,170,172,173,171,170,168,168,172,171,163,160,160,160,162,163,165,169,171,172,176,177,180,182,183,187,188,190,194,198,201,204,206,206,209,212,212,213,214,215,215,216,216,215,216,216,219
190,189,188,186,186,185,184,184,183,182,182,181,179,174,165,160,160,160,143,132,131,137,145,152,153,154,157,159,154,150,152,155,160,168,157,142,140,147,154,156,157,155,153,149,148,150,156,164,168,161,150,131,175,179,177,179,178,178,158,53,50,69,69,74,82,108,45,111,92,64,125,101,77,50,64,114,97,86,70,37,45,45,56,69,78,75,83,86,85,83,81,75,68,81,79,93,92,99,102,105,104,98,82,84,82,76,73,65,63,74,68,71,77,67,60,74,97,85,87,92,87,87,93,90,86,84,75,81,90,83,88,54,60,69,47,61,62,80,66,78,64,97,116,136,179,174,165,129,160,178,184,180,161,164,168,171,171,172,169,172,175,174,170,174,167,163,159,159,160,163,166,167,169,173,175,178,179,181,183,185,188,189,194,197,198,200,202,205,208,208,211,211,212,213,213,215,214,215,215,214
187,186,185,184,183,183,183,183,180,177,168,160,149,146,146,150,159,161,141,129,129,136,145,151,152,153,155,158,156,153,153,157,163,171,157,145,143,149,155,157,157,156,154,148,147,150,156,164,169,163,156,133,169,181,183,182,181,179,172,94,49,68,70,64,92,108,83,100,101,87,119,118,92,69,107,107,80,67,90,69,50,63,58,65,73,72,76,81,87,88,86,81,74,84,87,81,69,66,58,71,62,52,57,57,48,66,65,65,56,62,62,63,65,68,72,78,79,88,88,87,92,81,95,96,85,90,75,76,95,67,69,64,68,73,65,66,75,104,80,82,92,112,129,154,181,179,169,134,157,179,183,177,166,164,168,171,170,171,171,168,172,175,166,171,177,166,160,160,162,161,161,163,167,168,171,173,177,178,180,182,183,186,190,193,195,196,198,200,203,203,204,207,208,211,212,212,213,213,214,214
184,184,183,181,178,173,170,165,152,145,147,147,147,146,144,148,161,161,139,127,127,133,141,149,150,153,155,159,158,153,154,159,165,172,157,148,145,150,156,157,158,158,154,149,148,151,156,166,173,169,162,144,152,182,185,184,183,180,173,146,46,64,72,69,77,94,108,110,108,93,97,106,90,73,118,90,77,100,73,33,34,43,49,58,69,69,75,76,77,90,95,91,84,87,84,82,76,72,65,81,68,68,71,71,75,77,76,74,71,79,71,74,90,87,92,88,94,91,91,82,83,78,86,88,72,94,82,110,105,82,58,88,87,60,64,121,88,88,109,75,119,118,146,184,181,182,175,144,154,178,186,171,166,168,171,171,171,169,174,168,175,175,170,160,168,183,176,168,165,169,165,164,163,168,169,170,173,175,179,181,180,185,187,191,192,193,195,196,198,199,202,204,205,206,208,210,210,211,211,213
176,171,166,161,156,155,154,144,141,142,143,142,140,138,139,145,162,157,135,124,125,130,140,148,151,152,155,157,157,155,155,159,166,173,160,149,148,153,158,159,160,160,155,148,149,152,157,166,175,173,169,156,139,184,188,187,185,181,181,172,78,59,74,71,67,72,106,130,126,128,118,134,111,95,85,78,112,77,45,30,33,48,44,54,73,78,79,77,79,91,95,91,85,83,85,83,91,90,87,84,87,84,85,82,86,86,92,94,82,91,82,80,81,80,84,85,94,92,94,80,84,83,95,99,78,76,77,79,77,82,65,111,114,114,91,125,100,91,121,136,126,148,173,182,185,184,178,151,155,176,183,176,165,169,171,171,169,169,168,175,177,174,179,165,159,177,184,181,181,176,176,176,169,165,164,167,169,170,171,177,175,181,184,189,188,189,193,194,196,198,199,200,201,201,202,206,206,207,208,210
157,153,151,148,146,146,146,142,138,141,142,139,138,137,138,144,165,154,132,124,125,131,137,144,149,151,153,157,158,156,155,159,165,174,164,151,151,154,159,162,162,162,155,148,149,153,156,164,173,175,175,166,139,171,189,189,187,183,183,182,137,55,68,73,71,69,68,72,117,130,116,127,130,112,100,112,115,69,61,85,87,75,54,60,72,80,71,74,81,88,89,87,81,85,88,93,97,95,96,94,90,101,96,98,97,93,91,99,95,94,89,87,84,84,85,88,89,91,91,86,86,86,89,84,71,58,81,87,97,83,89,83,117,127,112,117,131,137,133,139,110,147,183,185,187,187,180,149,155,178,177,175,168,169,170,171,169,169,172,174,179,178,183,169,159,163,190,181,178,182,182,179,181,176,165,163,167,168,168,170,170,175,179,185,185,187,190,190,194,196,196,197,199,199,201,202,203,203,205,204
153,151,148,147,144,144,144,141,139,141,140,138,137,137,139,145,165,153,130,124,125,130,135,142,148,149,151,155,158,158,158,160,164,174,167,154,154,156,163,164,164,164,155,144,147,153,156,164,170,174,179,170,151,151,189,191,188,185,183,183,176,91,64,74,74,70,72,75,74,112,137,121,131,116,71,104,101,83,113,89,50,55,70,101,64,58,58,67,77,78,90,84,80,85,89,93,95,95,94,94,95,100,101,103,103,95,100,97,93,96,94,92,94,96,97,95,88,92,90,91,88,87,81,89,57,48,60,71,80,106,55,76,107,108,96,98,104,138,156,161,121,153,182,192,191,190,180,145,155,181,181,172,173,173,168,168,170,171,177,171,181,181,184,175,158,161,178,189,172,179,184,183,182,186,179,167,165,162,165,167,167,171,176,177,180,183,187,188,189,193,193,195,197,196,199,200,200,200,202,204
151,149,147,146,143,144,144,140,139,140,140,138,137,138,139,146,166,153,131,123,125,127,135,141,146,149,151,155,158,159,160,161,165,172,171,156,155,158,163,167,168,166,156,144,147,154,156,163,168,174,181,176,160,139,181,190,190,189,185,185,186,153,62,66,75,70,68,72,74,69,98,150,100,93,93,108,125,116,109,65,43,75,63,98,85,54,54,62,69,79,84,76,79,85,93,92,93,92,86,92,94,97,104,98,105,104,102,99,98,96,93,96,98,100,106,91,88,94,100,98,87,79,73,65,86,61,76,55,69,88,68,62,111,126,113,80,115,150,116,101,76,159,185,191,198,196,179,141,156,183,185,168,171,174,171,168,170,171,176,172,180,184,185,185,163,162,169,196,172,172,184,186,181,183,183,177,165,162,167,164,169,170,169,173,174,179,179,182,187,189,189,192,194,195,196,198,198,198,198,200
148,147,146,146,144,143,143,140,140,141,140,138,139,138,138,147,168,151,131,123,124,128,135,140,146,148,152,154,159,160,161,162,166,171,174,158,157,159,164,166,171,169,157,146,146,155,159,164,167,172,184,180,166,147,158,190,192,192,188,187,187,183,111,64,74,71,70,67,54,56,68,141,133,100,93,87,129,130,84,42,53,87,109,94,78,54,53,57,86,78,75,75,80,87,93,90,93,91,96,90,94,95,102,106,102,98,110,111,107,109,99,98,97,99,98,93,95,92,110,102,79,69,61,73,57,86,99,68,76,79,105,106,127,135,105,93,121,131,115,91,79,168,188,192,200,198,178,140,160,182,188,173,171,172,171,167,170,173,174,176,180,183,186,188,169,160,163,191,177,173,188,188,181,183,181,182,181,166,161,158,162,167,172,171,171,171,174,176,180,182,185,189,189,190,193,196,193,195,196,198
149,148,146,146,145,144,144,141,140,142,141,139,139,138,139,149,169,151,129,123,123,129,135,140,144,147,151,155,159,161,162,162,165,170,179,161,158,159,163,166,173,172,158,146,145,155,160,164,166,168,182,184,170,161,142,186,193,193,192,190,190,190,174,76,64,72,70,67,65,80,87,122,140,135,126,113,140,99,103,73,87,99,104,79,77,68,78,75,73,62,70,71,78,87,93,91,85,84,92,90,91,90,91,98,102,100,101,113,104,110,101,105,104,98,96,95,95,92,90,100,85,63,75,69,80,78,125,95,93,98,135,137,140,135,84,116,112,126,90,63,114,175,185,196,202,197,174,138,170,185,194,174,172,171,169,170,172,174,175,178,180,185,185,188,180,160,160,175,191,172,189,188,179,179,184,182,182,185,173,163,157,158,162,169,177,177,174,173,175,178,180,182,183,186,190,192,191,191,193,195
149,147,147,146,144,143,143,141,141,141,140,139,139,139,141,151,170,149,128,121,122,129,136,140,143,146,151,155,160,161,163,163,165,171,179,165,158,160,163,166,174,174,158,146,146,155,160,164,167,169,182,187,174,163,147,167,195,196,195,191,189,190,189,145,59,67,69,71,73,67,83,87,118,119,129,119,131,81,89,88,87,89,118,100,76,76,71,84,61,72,67,76,79,88,80,87,79,85,91,82,88,95,90,95,98,94,103,102,97,104,101,104,109,112,113,113,103,95,102,91,85,81,86,93,120,80,122,123,115,139,138,153,134,150,116,120,119,98,79,62,152,182,185,199,203,200,167,139,179,194,186,185,172,169,170,172,172,177,177,180,181,187,183,188,186,163,159,162,194,178,188,188,183,181,188,183,180,182,185,179,171,159,153,149,156,170,182,177,173,175,176,176,178,181,183,188,188,189,191,193
149,149,147,146,145,143,143,142,142,142,142,139,139,141,144,152,171,146,128,122,122,130,136,139,143,146,151,156,159,162,163,165,167,171,178,170,161,161,163,166,172,174,162,149,145,153,160,164,168,169,179,186,175,163,153,145,187,196,197,195,189,188,193,188,122,60,68,69,71,64,84,72,72,117,131,132,129,103,71,89,103,97,101,69,90,69,88,88,64,53,71,68,63,75,77,93,77,85,75,81,74,87,96,95,90,78,80,85,93,79,87,103,105,107,100,103,90,77,75,92,91,85,69,107,109,89,129,117,126,130,137,138,128,155,102,80,111,91,67,83,174,180,191,205,206,192,151,153,193,203,182,190,176,168,169,171,174,178,179,181,184,186,186,189,190,173,159,158,179,186,186,190,185,183,184,183,175,179,182,181,175,167,159,148,146,148,157,173,177,173,174,174,175,174,177,183,181,183,184,187
150,150,149,147,145,145,144,142,142,142,142,141,141,141,146,157,170,146,127,121,123,131,137,140,144,146,151,155,159,162,164,165,168,171,179,176,165,160,163,165,174,176,164,150,143,149,159,165,171,170,176,185,178,166,154,152,157,194,197,197,195,192,191,194,180,98,64,64,63,83,80,82,87,66,124,129,139,125,112,109,108,81,113,63,95,89,84,70,53,74,67,78,63,74,76,81,82,85,72,79,78,79,91,92,88,84,77,76,75,68,72,82,95,96,90,99,86,69,86,89,86,100,66,79,129,84,106,129,115,74,129,155,149,151,88,84,88,78,63,130,182,182,197,210,206,178,139,167,202,208,181,185,183,167,169,169,178,179,180,180,184,186,186,188,192,182,163,156,165,189,187,189,182,182,184,183,171,174,185,180,175,169,161,155,149,147,151,158,167,175,177,176,173,174,174,176,177,178,179,184
152,152,150,148,146,144,144,144,144,144,143,143,142,143,148,165,167,143,126,121,125,132,137,141,145,148,152,154,158,161,165,166,168,171,179,182,171,162,163,165,173,175,166,149,143,146,157,165,171,170,173,184,184,168,156,157,149,179,196,198,199,195,192,192,191,173,83,63,64,61,66,73,80,74,107,89,113,116,140,116,104,88,104,91,88,88,71,77,65,81,57,71,69,77,70,70,74,79,82,76,86,87,101,88,78,76,82,66,64,71,66,69,80,81,69,75,66,66,71,95,88,112,73,91,102,123,86,110,115,115,138,149,138,129,99,87,88,68,74,166,184,190,204,209,204,164,142,170,211,204,177,173,188,171,169,170,177,180,181,182,184,186,188,189,192,188,167,158,157,186,189,188,182,181,185,183,169,165,179,177,170,165,158,159,158,149,147,152,162,165,169,175,174,169,167,168,165,168,171,174
154,154,153,149,146,144,145,146,145,144,143,143,143,144,149,171,161,140,125,120,126,132,139,143,146,149,153,155,158,161,163,166,167,169,178,183,180,170,166,166,175,176,165,149,141,144,156,164,170,172,174,182,186,171,158,159,156,155,194,199,201,198,194,193,191,190,169,79,66,65,60,66,73,73,53,69,85,95,109,98,102,88,84,51,58,102,74,81,75,61,66,63,66,69,56,50,51,80,89,77,87,96,75,76,81,84,79,67,69,69,59,51,74,81,72,57,62,58,79,68,107,85,85,92,120,106,99,128,113,120,142,139,120,95,81,86,68,60,125,180,186,197,205,210,190,147,156,179,216,200,175,176,184,172,170,172,176,180,182,182,184,187,188,189,193,192,168,156,154,176,192,186,182,178,183,178,168,163,175,178,169,162,156,150,154,152,152,154,160,160,160,164,172,177,168,157,150,152,152,154
155,154,155,151,147,145,148,150,149,145,144,144,144,148,153,175,159,136,126,121,127,133,140,144,146,149,155,154,158,160,164,166,168,169,176,181,184,174,168,169,176,177,167,150,141,142,154,163,172,173,179,183,186,174,160,161,161,160,166,197,199,199,197,195,192,193,190,166,84,68,65,59,58,64,67,88,61,87,88,83,117,88,94,64,78,117,53,71,85,65,70,64,57,77,53,54,60,89,83,90,76,94,65,75,70,71,65,73,66,70,56,60,59,66,68,65,56,69,87,65,88,83,98,96,100,116,105,115,125,122,138,115,107,82,80,74,61,79,167,186,188,199,207,210,173,142,160,189,216,193,177,174,178,173,172,176,178,181,182,180,185,187,188,191,193,191,171,158,153,166,194,187,181,176,176,174,169,166,172,175,169,158,154,152,149,150,150,153,159,158,157,156,161,174,174,174,165,154,147,145
156,156,157,151,148,146,148,153,151,145,145,146,147,150,161,178,156,134,125,122,127,135,140,144,146,150,155,155,159,158,163,166,168,169,175,180,185,182,175,173,176,178,171,154,142,141,153,165,171,174,180,184,186,173,162,159,159,165,157,183,198,201,201,197,196,193,192,192,166,81,65,64,59,62,78,77,42,68,70,73,123,85,96,64,82,105,100,80,84,73,89,72,72,73,57,70,65,80,72,77,79,76,73,71,63,66,65,73,91,64,61,63,80,56,58,74,65,68,97,78,70,86,87,92,82,93,97,120,133,126,156,111,94,80,79,60,56,145,186,189,193,204,210,200,154,148,158,196,216,189,180,175,173,173,179,181,177,179,181,181,186,188,188,190,192,194,175,159,154,157,190,188,185,174,173,173,171,167,169,170,168,157,154,154,151,149,150,149,157,159,160,159,158,163,167,169,170,164,160,154
157,157,158,153,148,146,148,152,150,147,145,146,149,152,167,178,154,133,125,123,128,136,142,144,147,151,154,158,158,160,164,168,168,170,175,180,186,186,180,177,178,178,171,157,145,140,150,161,169,173,180,184,187,174,163,158,160,165,167,160,190,198,201,199,198,194,193,194,192,164,84,65,65,67,82,55,68,87,93,86,105,113,90,96,95,110,100,69,103,92,76,69,54,49,62,89,65,79,74,86,69,70,79,79,61,71,62,55,111,73,66,96,82,48,72,81,91,68,93,77,93,104,71,90,125,90,88,123,152,132,130,84,79,80,58,52,113,176,191,192,199,208,209,183,146,157,167,197,216,188,181,177,171,172,179,181,174,178,180,182,186,189,190,193,193,190,177,160,155,152,181,193,186,176,171,174,172,168,166,168,165,160,155,156,152,151,151,151,155,157,158,155,156,159,163,164,167,165,162,160
158,157,157,153,148,146,148,151,150,149,148,149,149,157,170,175,149,131,124,122,127,137,143,145,147,152,155,158,159,160,164,168,169,171,173,176,183,186,183,180,180,179,174,159,147,141,147,161,168,173,180,186,187,177,164,157,161,163,168,167,165,198,200,201,201,199,197,196,193,190,168,92,67,68,86,78,73,77,85,100,93,86,105,129,114,87,87,93,95,73,81,84,62,56,54,84,53,86,66,65,54,87,76,76,83,74,62,53,112,64,59,86,86,70,87,76,84,69,75,87,109,79,83,76,97,107,90,143,133,133,93,76,77,59,48,91,171,189,190,196,205,209,200,160,152,158,172,198,213,189,183,177,169,172,178,180,175,176,179,181,185,192,193,194,193,193,176,164,157,152,166,191,185,175,172,174,171,168,165,166,162,161,157,155,151,150,152,152,154,156,155,155,155,156,158,161,163,164,161,162
158,158,158,154,147,146,148,151,152,152,151,151,151,159,178,172,146,129,124,123,127,138,145,146,148,152,156,157,158,159,163,168,170,171,173,175,182,187,187,185,184,180,172,160,148,142,145,159,167,172,183,186,185,178,167,157,160,162,167,173,163,179,199,201,203,202,199,200,199,192,188,176,108,64,67,68,68,69,85,86,85,63,86,92,105,89,105,102,87,94,85,101,57,72,72,75,46,80,71,48,67,88,86,56,71,63,48,65,86,66,54,83,64,73,79,78,80,87,76,86,121,90,106,95,109,105,115,136,121,125,89,77,60,53,76,164,186,190,198,207,208,208,180,147,161,162,174,201,211,192,184,177,169,172,179,180,179,175,175,181,186,193,195,195,195,193,177,166,156,153,155,188,188,177,173,173,170,168,164,162,160,160,158,157,153,150,153,152,153,158,155,154,154,155,154,159,161,163,164,160
159,158,158,154,148,147,148,151,152,153,153,153,157,165,180,167,144,130,123,123,129,137,146,147,150,153,155,156,158,160,163,167,170,171,173,176,180,186,188,187,186,183,174,161,149,144,145,158,166,175,181,190,185,179,170,159,156,161,165,172,175,167,183,198,202,204,203,202,200,196,195,195,184,134,67,69,69,67,64,89,84,106,103,110,120,105,127,93,107,107,117,90,83,98,70,88,43,85,62,44,79,108,63,57,70,63,49,64,61,68,61,78,63,68,68,97,87,81,81,64,87,114,114,79,96,131,127,107,121,89,89,61,46,71,158,184,191,198,208,209,208,194,156,159,162,162,175,204,211,188,182,177,168,170,179,181,181,176,174,183,183,194,196,197,194,192,175,167,158,153,152,181,189,178,174,173,171,166,163,161,160,160,159,156,153,152,151,149,152,157,156,155,154,154,154,154,156,161,163,160
161,159,159,156,149,147,148,150,152,154,153,153,159,170,181,163,142,127,124,125,129,138,147,149,152,153,155,156,158,159,161,166,169,170,172,174,179,185,190,189,189,183,174,161,150,144,146,155,164,172,179,190,188,180,169,159,152,158,165,171,175,177,165,182,198,201,204,205,203,198,197,197,196,194,164,92,66,70,70,67,74,109,116,114,99,113,127,126,92,115,113,118,79,68,61,65,62,78,73,59,91,70,67,73,65,81,62,77,69,54,78,58,75,85,85,109,92,77,90,87,96,136,80,115,97,122,115,83,90,73,66,47,66,160,186,196,196,204,212,211,202,165,149,161,163,163,176,205,209,194,182,176,167,169,180,180,183,179,176,180,185,194,196,198,193,192,175,168,158,155,152,172,189,180,177,173,169,165,161,159,158,158,156,155,154,152,151,150,152,155,157,156,155,155,154,153,155,158,163,161
162,159,158,155,148,145,147,151,152,154,154,156,163,175,181,160,141,127,125,125,132,141,149,151,152,153,155,155,158,159,160,165,167,169,170,172,178,185,191,191,191,183,175,162,150,145,145,152,163,168,179,190,193,182,171,161,153,154,163,172,174,180,177,165,180,201,203,205,206,201,199,197,196,196,196,187,130,73,72,73,81,68,62,110,94,98,135,150,109,69,133,74,116,99,88,70,58,76,85,60,82,56,67,64,67,105,84,66,51,81,95,63,84,83,100,86,65,91,76,80,122,132,150,138,123,89,89,63,72,56,47,65,158,185,192,196,200,210,213,208,179,152,159,166,165,166,176,206,209,195,181,176,167,169,180,181,185,177,175,179,186,194,197,197,195,189,174,166,157,154,152,168,190,182,173,172,170,166,162,159,157,155,155,155,156,153,150,151,153,155,157,157,155,155,153,153,155,156,160,162
163,160,158,154,148,145,147,152,152,154,156,156,164,177,180,158,141,128,125,126,133,142,149,151,154,155,157,157,158,158,160,163,167,169,170,170,176,181,190,192,192,187,175,163,151,146,145,150,161,170,175,187,192,186,173,161,154,153,158,170,170,175,181,183,167,181,201,203,208,203,204,200,200,198,197,198,194,170,101,70,74,71,69,74,107,71,116,127,118,87,97,117,76,106,104,68,41,74,80,87,81,79,62,44,63,90,51,71,68,63,85,103,63,55,59,60,63,80,75,103,134,139,131,109,77,71,75,63,53,46,73,165,189,192,196,199,210,215,210,186,158,157,159,166,168,173,178,211,210,193,180,175,168,169,177,182,180,174,176,182,186,191,196,198,196,187,173,166,158,154,152,157,185,186,173,172,170,164,161,161,157,154,157,155,157,153,151,149,154,154,157,155,156,153,155,154,154,155,158,160
163,162,159,154,148,145,146,153,153,153,156,156,166,180,177,156,140,127,126,127,133,145,150,152,154,155,157,157,158,158,160,164,166,168,170,170,175,180,190,195,195,188,176,162,152,147,146,149,159,168,174,186,191,189,181,167,157,151,155,166,171,175,179,183,184,166,181,202,206,207,203,206,202,201,200,198,194,197,190,152,93,67,72,71,107,55,99,103,126,125,107,89,75,119,100,95,74,86,46,37,61,81,84,50,53,69,49,60,52,63,68,102,80,51,58,57,92,60,79,117,134,124,105,88,66,64,57,49,45,97,177,195,195,200,203,208,216,213,192,166,155,160,160,168,174,176,184,210,212,193,180,175,170,170,173,182,179,175,176,183,186,190,196,197,196,185,173,167,158,155,153,156,179,190,175,172,168,163,161,159,158,155,156,155,155,154,152,150,152,153,154,155,154,154,155,155,155,154,156,157
164,163,159,154,149,145,147,153,153,153,157,158,171,184,175,154,138,129,128,128,136,146,154,155,158,156,155,157,159,159,161,164,166,168,169,170,173,181,189,196,198,191,177,164,154,148,147,147,157,167,177,189,192,192,186,174,166,154,152,166,169,171,177,183,185,186,170,179,200,206,205,206,205,203,204,200,198,197,199,199,183,136,81,80,64,76,89,88,94,107,114,102,99,130,105,126,107,61,85,55,54,73,63,56,53,67,51,65,38,78,95,98,93,84,103,120,104,95,80,105,82,87,93,76,59,53,47,62,141,191,200,202,203,207,210,214,214,198,177,155,165,163,165,173,174,177,185,212,212,196,180,174,171,170,174,183,179,178,180,185,185,189,194,196,197,185,174,167,160,156,152,157,170,192,180,171,168,163,162,159,158,156,155,154,157,154,153,153,151,153,154,154,155,156,154,154,155,157,156,157
165,162,159,152,148,146,147,152,154,154,159,164,177,187,172,152,135,128,128,130,137,148,156,158,160,158,156,157,159,159,161,163,165,167,170,170,172,178,186,194,199,192,178,165,156,149,147,147,155,167,178,189,192,190,185,176,168,157,150,161,166,169,178,185,187,188,190,175,174,199,202,210,208,206,205,206,201,199,200,202,197,193,176,136,76,58,79,75,99,96,71,96,64,103,118,126,98,95,57,77,85,82,65,62,77,97,83,92,64,104,77,97,93,91,101,128,111,108,88,72,70,66,67,64,47,45,101,177,202,201,202,206,207,210,215,213,202,182,159,173,169,164,169,173,177,180,192,212,213,195,180,176,172,170,176,180,177,180,181,185,183,188,193,197,198,186,173,167,159,157,154,158,164,190,182,173,168,165,164,159,157,156,155,156,155,152,152,155,152,153,154,155,154,157,155,156,156,157,157,157
166,162,160,153,149,147,149,151,156,156,160,166,179,186,167,150,134,128,127,129,138,149,157,158,158,158,158,158,159,159,161,163,165,167,170,170,172,176,184,193,197,193,179,165,156,151,148,146,155,168,177,185,191,190,186,177,169,161,153,155,167,170,173,182,184,186,186,193,177,166,191,203,206,209,208,208,205,200,200,199,198,201,197,192,178,136,84,50,62,98,92,63,60,93,73,72,70,96,93,68,61,61,66,103,119,93,86,105,96,75,97,80,111,105,101,84,53,56,54,55,56,52,66,41,83,164,197,204,202,202,204,208,210,215,216,211,186,161,173,174,165,165,172,176,180,183,196,217,213,194,181,179,174,171,174,178,181,180,179,185,180,185,192,201,198,186,174,168,161,156,155,155,159,183,187,173,169,167,163,161,158,156,156,154,155,154,155,154,154,155,155,155,154,157,157,157,157,157,157,158
167,163,159,153,148,146,148,153,155,157,160,168,180,185,164,147,133,129,127,130,141,150,157,157,157,159,159,159,159,159,161,163,164,166,170,172,173,175,181,192,197,196,185,169,159,152,149,147,153,165,177,186,193,192,187,178,172,162,156,154,162,168,170,176,182,185,185,188,198,183,162,187,203,208,209,210,205,204,202,201,201,199,201,200,196,196,185,160,108,74,73,55,68,82,95,87,82,90,100,82,76,62,66,95,114,117,85,88,96,84,97,89,95,77,56,55,59,59,56,51,44,55,106,164,194,205,203,203,205,208,212,215,217,219,214,192,163,176,180,171,165,169,170,176,179,183,197,216,212,193,182,180,172,171,173,177,182,178,175,183,179,187,193,201,201,186,175,168,162,158,154,153,158,175,192,176,170,169,163,160,158,156,156,156,156,156,156,155,156,155,156,156,155,156,158,158,158,158,157,158
167,163,157,154,147,145,146,153,155,158,160,170,181,181,160,145,132,129,127,133,143,152,156,157,157,159,159,158,158,160,163,163,163,166,169,172,174,177,183,192,199,199,187,171,162,153,148,147,157,166,175,187,193,193,189,180,173,167,158,155,160,165,170,172,180,185,186,183,194,198,191,167,178,204,207,209,208,208,205,202,201,203,202,202,201,200,198,200,195,184,159,114,80,73,82,82,86,66,64,65,108,82,78,96,100,107,82,80,58,88,81,68,52,66,56,51,50,44,43,83,133,189,207,208,209,209,211,210,211,212,217,219,217,216,197,164,179,183,177,169,169,170,169,176,179,187,207,215,214,193,182,180,173,171,171,178,183,177,175,178,181,189,195,199,197,184,172,167,162,158,154,156,158,169,195,178,171,169,164,160,159,156,157,156,157,158,156,157,156,157,157,155,154,156,158,158,159,160,158,158
168,163,158,154,148,146,146,152,155,157,164,173,184,178,159,144,132,127,126,134,144,153,156,158,157,159,160,159,159,161,163,163,165,166,170,173,175,177,182,193,199,199,188,172,162,154,149,146,156,166,176,186,193,196,191,185,174,170,160,158,158,164,168,174,178,185,188,184,190,198,202,197,175,168,195,206,208,209,208,206,203,207,207,204,203,201,201,201,201,203,200,199,192,176,153,116,107,84,62,37,82,88,68,77,89,63,54,59,42,43,71,66,52,54,36,39,68,114,172,203,216,215,209,210,209,211,212,214,215,214,219,220,215,195,168,182,185,183,177,173,170,170,170,177,180,191,205,214,214,196,185,181,173,172,175,179,182,175,172,176,186,188,192,199,200,185,172,167,162,158,154,156,158,165,189,183,172,170,164,162,160,157,156,155,156,157,156,156,157,157,156,156,156,157,159,159,159,160,159,158
169,163,158,153,147,145,146,149,154,159,168,176,184,177,158,143,132,128,129,137,149,155,156,157,157,159,160,161,160,159,162,163,164,165,170,174,174,175,178,189,198,199,190,175,164,157,152,147,154,164,175,185,192,198,193,189,175,169,161,158,160,165,167,171,173,178,186,188,187,192,200,203,199,190,167,185,202,210,210,207,207,210,210,208,207,206,204,204,205,204,204,204,204,205,204,202,196,198,177,163,144,118,113,90,104,66,58,57,51,49,59,68,86,120,143,182,205,214,218,217,219,216,212,210,210,217,214,216,217,219,220,216,188,163,186,190,187,180,174,172,170,171,171,177,180,192,200,213,214,196,185,180,174,171,171,176,180,171,172,176,181,189,193,197,199,188,173,171,163,159,155,153,159,163,177,188,174,169,165,163,160,157,156,156,157,157,155,156,156,157,157,156,157,158,159,160,159,160,159,159
171,163,157,153,147,145,147,150,156,161,170,179,187,175,157,143,133,128,129,139,150,156,159,160,160,160,160,162,161,159,163,163,165,166,169,172,173,176,177,186,198,201,193,178,169,159,154,149,154,163,173,185,193,198,194,188,178,171,163,159,159,165,166,170,172,176,184,185,184,187,191,198,201,203,198,179,168,184,204,208,211,212,210,210,209,209,209,205,209,207,207,207,207,207,206,210,207,208,201,201,201,194,193,206,196,188,187,188,185,187,196,197,207,215,217,220,219,218,217,217,220,217,212,216,216,215,215,219,220,219,214,180,169,189,194,190,185,179,175,175,172,170,173,179,181,188,199,213,215,196,186,180,174,172,172,178,178,170,168,176,182,190,194,199,197,187,174,171,163,159,157,153,159,158,172,191,177,172,167,164,160,158,157,155,155,154,156,155,158,157,157,158,158,158,159,161,160,161,162,161
169,163,156,151,147,146,149,153,159,162,171,180,187,172,157,142,132,128,131,142,154,159,161,162,161,165,166,165,163,160,160,163,163,166,169,173,174,176,178,186,196,203,196,180,173,164,155,149,155,162,173,183,193,197,195,190,182,170,165,160,162,166,167,169,169,174,181,181,181,183,187,193,196,203,204,201,191,171,170,186,208,211,210,210,210,210,206,212,209,209,206,209,207,208,205,206,212,207,211,204,207,202,207,211,209,206,206,212,206,207,218,213,216,225,221,222,219,219,218,220,217,219,218,217,218,221,220,217,218,201,171,175,189,195,191,188,185,181,176,174,173,170,172,177,184,187,198,214,216,198,187,180,172,170,172,175,173,168,168,176,183,190,192,199,199,185,172,170,163,160,158,155,157,157,162,188,182,173,168,165,160,159,157,157,155,155,157,158,157,158,159,159,158,158,159,160,160,162,163,163
170,163,157,151,147,146,149,152,158,165,171,181,188,171,158,146,134,129,132,143,154,158,162,162,162,166,169,169,166,162,160,162,164,165,167,171,175,176,180,186,195,204,198,182,173,166,157,149,155,162,172,182,191,197,197,191,184,174,168,163,164,165,168,169,169,172,177,179,178,181,185,188,192,200,204,206,204,198,190,171,168,188,206,208,210,207,210,209,212,210,211,205,210,211,212,209,212,210,211,212,204,205,207,211,211,210,206,211,207,211,218,214,216,225,220,219,219,222,222,221,219,222,218,221,222,219,217,210,182,168,192,191,202,202,193,189,185,181,174,176,172,171,173,177,183,186,198,214,215,199,188,182,174,171,172,174,171,166,168,176,185,188,191,197,198,185,173,171,165,161,160,155,156,157,164,185,188,173,171,165,162,157,158,157,157,156,158,159,159,159,160,159,159,159,159,160,161,163,163,162
172,163,156,151,148,146,150,155,161,167,175,184,189,171,158,145,133,130,132,144,155,159,162,162,162,165,168,170,168,164,161,159,163,165,167,170,174,176,180,186,194,203,197,182,174,167,159,149,154,163,170,180,187,192,197,191,186,175,172,168,164,165,170,173,173,173,175,181,178,180,184,185,190,194,202,206,208,205,202,203,193,175,169,183,195,207,207,212,209,212,208,213,210,215,212,219,211,216,213,218,209,208,212,212,213,212,206,211,207,215,215,216,221,225,220,223,224,226,221,222,224,223,224,223,222,208,185,169,183,192,203,195,204,202,191,185,182,177,174,174,170,171,172,176,182,188,198,213,214,200,187,180,176,172,171,174,171,166,167,176,183,186,191,197,200,187,173,170,166,161,160,155,157,158,160,176,192,176,171,167,163,159,158,158,157,157,156,159,159,159,159,159,159,159,161,161,161,162,162,161
171,163,157,153,151,148,153,158,164,170,177,187,189,169,156,144,134,130,133,145,156,163,164,162,163,164,170,171,173,166,160,159,161,165,167,169,174,177,180,185,194,200,199,189,176,169,161,149,150,162,171,177,183,193,198,197,189,178,176,171,166,166,168,174,177,175,177,180,180,180,180,182,183,188,196,202,203,206,207,206,205,195,189,181,172,170,186,195,210,210,214,209,213,212,214,214,213,214,215,217,215,208,219,212,217,216,212,216,211,217,216,213,226,222,220,227,224,222,220,221,224,223,221,213,189,177,185,190,198,200,208,206,208,198,187,186,185,177,176,172,172,173,175,177,183,188,198,214,212,202,186,178,176,172,172,174,168,168,168,176,178,184,192,200,200,187,176,170,166,161,161,156,157,159,159,167,194,180,173,168,163,161,160,158,157,158,156,159,160,160,159,160,160,160,160,160,162,161,161,161
171,163,158,154,152,150,153,158,165,170,178,188,189,168,158,144,135,131,136,148,158,164,165,163,163,166,169,172,174,167,162,160,161,165,167,168,173,176,180,185,194,201,201,190,179,172,164,153,155,162,173,180,186,196,199,196,189,183,177,171,168,171,171,173,176,176,175,177,178,177,175,178,179,180,187,190,196,202,205,207,207,202,198,193,191,187,180,175,172,178,192,199,210,208,217,209,218,211,219,214,218,211,218,212,215,216,214,221,214,217,219,213,223,218,221,226,223,219,223,218,216,196,180,179,201,204,201,190,198,202,210,210,204,195,183,183,182,178,176,176,171,173,177,180,184,188,198,212,213,202,186,180,176,172,172,170,168,166,167,170,177,181,193,200,199,186,175,170,167,162,160,156,158,158,159,165,189,187,175,172,166,161,158,160,157,160,158,157,159,160,160,162,160,161,160,160,162,162,161,160
171,164,156,153,151,151,152,159,165,172,181,190,188,169,158,145,135,131,140,150,161,166,165,164,163,165,169,172,174,169,164,161,161,165,168,170,172,176,179,182,193,202,204,192,179,175,168,153,153,163,169,179,183,191,199,197,189,187,180,170,169,169,173,175,176,177,174,173,177,177,178,176,178,178,183,186,192,197,201,204,206,208,204,199,198,191,186,188,185,185,177,172,170,177,181,192,194,205,210,211,216,212,214,214,211,220,212,216,214,219,220,211,221,213,215,218,208,200,191,180,181,189,208,214,214,198,192,188,199,207,210,211,202,194,187,186,183,179,177,173,170,173,176,182,184,189,198,213,213,200,187,182,177,172,171,172,169,165,170,173,175,184,195,199,196,185,175,172,169,166,161,158,157,158,157,163,181,191,175,173,166,161,161,160,157,158,158,158,159,159,160,161,161,161,162,162,162,163,163,163
169,163,158,154,152,151,152,161,166,174,182,189,188,168,157,145,135,133,141,151,163,168,166,165,165,165,168,171,173,171,166,162,160,163,167,170,171,175,179,182,192,204,205,192,180,175,170,156,156,164,170,178,185,189,200,200,193,191,183,177,170,168,170,174,178,179,177,175,178,179,180,175,177,180,183,184,189,194,199,206,210,210,204,199,201,196,194,196,193,192,191,191,192,191,182,173,168,172,169,174,178,188,184,190,189,196,193,194,195,192,197,186,186,178,175,178,176,180,190,202,209,215,223,220,211,191,188,190,201,206,212,204,198,189,186,184,181,178,177,171,171,177,179,180,183,190,195,209,215,199,186,180,178,173,172,171,168,166,167,173,175,184,193,197,197,185,176,171,169,166,160,157,156,156,157,159,176,194,178,172,166,164,163,160,159,159,158,158,158,158,159,160,161,162,161,162,162,163,165,163
168,163,158,154,153,151,154,161,169,175,182,189,186,168,158,147,136,133,141,153,164,169,166,166,166,166,168,170,171,171,169,165,161,164,167,170,171,174,176,183,191,202,204,194,180,177,174,159,157,166,172,178,185,189,198,200,192,189,185,182,175,173,169,175,177,177,181,180,178,180,180,178,178,180,183,181,184,189,193,200,207,211,208,205,204,199,193,192,192,193,197,200,201,203,201,200,203,200,197,186,183,186,184,181,180,181,179,180,183,183,183,184,194,198,203,209,214,216,215,222,223,226,223,217,196,185,189,192,200,208,211,202,192,185,184,185,181,177,175,173,174,175,178,180,186,188,197,207,213,200,187,180,177,175,172,171,167,167,167,169,174,177,191,198,197,186,176,173,173,168,161,159,159,156,158,157,172,193,184,174,169,164,162,161,159,158,158,159,159,163,160,161,162,163,163,162,162,164,162,161
168,163,158,155,153,152,157,164,172,177,184,189,185,170,156,148,137,134,142,155,165,168,166,166,166,166,169,170,170,169,171,167,162,164,167,171,172,175,176,184,193,202,206,198,185,181,176,161,158,165,169,177,183,185,196,199,191,188,186,184,181,177,173,175,181,181,183,181,179,181,180,177,177,176,181,180,182,184,190,194,198,206,209,207,206,203,197,193,193,195,201,199,202,204,210,213,214,208,207,206,207,206,200,203,203,202,203,207,211,212,213,214,216,213,218,219,221,223,224,223,225,226,217,206,191,186,190,192,202,208,208,201,187,185,185,182,177,175,175,173,174,178,179,179,182,183,196,207,213,202,185,181,178,175,172,171,169,167,168,170,173,178,194,202,197,186,176,174,173,169,163,159,158,157,160,159,169,186,192,174,170,165,162,161,161,160,158,160,162,161,162,162,161,163,163,163,163,163,163,162
168,162,158,156,154,154,158,166,173,180,185,190,183,172,159,147,139,136,144,158,166,166,165,166,165,165,170,172,171,170,171,170,167,166,170,172,172,175,177,182,192,201,207,200,188,182,176,163,158,166,171,177,179,184,192,201,197,190,186,185,183,179,176,176,179,181,181,183,183,186,180,179,178,180,180,184,185,185,187,192,201,206,205,205,206,204,198,195,195,198,200,200,199,202,203,207,210,208,211,209,207,207,206,208,209,207,212,211,212,213,212,216,216,216,220,218,221,224,226,226,227,220,208,197,188,185,188,190,202,206,203,196,193,187,185,182,176,175,175,173,177,179,180,180,180,182,191,203,212,203,187,185,180,175,172,169,168,166,166,169,170,176,192,202,197,183,176,173,172,168,163,160,159,158,159,157,168,181,194,179,172,167,163,164,162,161,161,161,164,163,162,161,162,164,163,164,162,162,165,164
167,163,159,157,155,155,160,167,176,181,185,191,184,172,159,147,139,139,147,162,167,166,166,167,166,166,171,173,173,170,171,171,169,168,170,171,172,174,176,182,191,201,206,202,190,183,177,166,159,168,173,178,179,182,191,200,201,193,187,185,186,183,181,180,182,182,182,183,183,184,189,187,184,185,186,188,187,187,185,188,194,204,205,206,208,208,202,200,198,200,201,202,199,197,195,202,205,204,210,209,208,208,208,210,212,211,210,207,210,210,213,214,219,220,223,221,221,226,226,226,222,211,199,190,182,182,185,191,204,209,202,192,187,187,182,181,178,176,176,178,178,179,179,181,181,182,193,204,212,203,186,185,180,175,171,169,168,167,167,168,169,179,192,202,198,182,174,173,172,169,164,160,158,158,159,158,162,171,193,182,174,168,165,164,162,163,161,161,164,162,162,163,162,166,165,166,164,162,163,161
170,165,163,158,155,155,159,168,176,185,191,191,180,172,160,146,139,141,150,165,169,166,166,167,169,168,172,173,174,170,170,171,170,168,171,173,173,173,175,181,190,200,206,203,190,182,177,169,162,167,176,179,180,182,189,199,203,198,188,186,184,184,182,179,179,181,183,182,183,185,189,191,189,186,186,189,190,189,187,186,189,199,201,205,208,210,207,201,197,199,200,203,200,198,204,201,199,199,204,203,206,208,209,211,210,212,213,211,214,213,214,215,218,221,224,225,224,227,224,222,217,206,194,185,183,185,189,198,205,208,204,193,190,186,183,180,179,177,177,176,178,178,179,182,182,183,188,203,211,203,187,185,181,177,171,169,167,168,167,169,168,178,189,202,197,184,175,172,170,167,163,159,158,159,161,157,162,170,186,189,176,171,167,165,162,166,164,162,164,162,163,163,163,164,164,164,164,162,165,162
171,167,164,159,156,157,162,169,177,186,192,189,178,170,160,148,141,144,154,167,170,168,166,167,170,168,171,173,173,171,170,170,169,171,172,174,172,174,175,182,190,198,207,205,191,183,179,173,165,172,177,179,180,180,189,198,203,199,191,188,186,185,183,181,182,185,186,185,183,183,186,193,192,191,189,191,191,192,189,188,190,196,200,204,205,210,206,203,199,201,202,200,204,205,203,202,200,203,201,201,207,212,211,211,210,209,215,216,215,215,218,218,219,225,223,223,223,225,219,216,206,195,190,187,188,189,194,200,205,208,205,196,190,190,184,185,177,178,180,177,178,178,182,181,182,182,191,204,211,204,189,185,181,176,172,167,165,166,165,167,168,174,191,203,200,185,181,175,169,167,167,163,159,159,159,160,161,165,180,198,176,169,168,167,164,166,164,164,163,164,164,163,164,162,164,165,165,165,165,163
170,167,165,160,157,159,162,169,176,185,193,188,178,171,160,150,142,145,157,169,169,167,166,165,171,171,171,172,173,171,170,171,170,171,172,174,174,174,176,182,187,194,203,204,192,186,182,177,165,174,177,181,181,180,187,197,203,201,192,188,187,182,183,185,184,185,188,187,186,188,190,192,194,193,191,187,183,189,191,191,194,196,198,202,206,208,210,209,206,205,205,200,199,207,207,207,204,205,205,203,202,204,206,208,210,210,208,214,215,218,218,217,218,221,219,223,222,218,213,209,198,194,189,188,189,189,194,200,206,208,198,196,195,192,182,184,178,178,178,179,177,181,183,181,180,183,190,201,209,202,187,183,181,176,173,170,165,168,168,167,170,174,191,205,200,186,183,176,171,167,164,164,162,160,160,159,162,163,179,198,184,172,170,168,168,166,165,165,164,164,165,164,164,167,166,164,165,164,164,163
170,167,164,161,158,158,162,169,176,187,195,187,178,169,159,149,144,145,161,170,170,168,167,166,172,173,174,174,174,173,173,173,173,175,174,177,176,176,178,183,188,194,205,207,196,189,184,178,166,174,178,181,185,182,188,196,204,204,195,191,189,190,186,187,186,187,188,188,189,189,191,191,193,193,190,189,187,188,190,192,193,194,192,198,205,204,209,207,209,208,206,205,204,208,205,199,197,201,201,203,201,205,208,209,209,212,214,214,213,218,219,219,220,217,218,222,220,212,209,208,198,196,188,188,190,190,199,203,208,203,197,191,192,188,183,182,179,179,180,179,181,182,180,182,180,183,187,197,212,205,188,183,180,178,173,171,169,169,168,166,168,173,191,203,200,187,181,177,172,172,169,166,163,161,159,162,161,160,169,193,191,170,171,170,169,167,166,165,166,165,165,166,165,165,164,164,163,164,164,162
