194,195,195,195,195,195,196,196,197,197,197,198,197,198,197,198,198,198,198,198,200,199,199,199,200,200,200,200,200,201,200,200,200,200,201,201,201,201,202,202,202,202,202,202,203,203,203,203,203,203,203,203,203,203,203,203,203,203,203,203,203,203,203,203,203,202,202,202,202,202,202,202,201,201,200,201,200,199,200,199,199,199,198,199,199,199,198,198,198,198,197,197,197,197,197,197,197,197,196,197,197,197,197,196,196,196,197,197,198,199,198,198,199,199,200,200,201,201,201,200,201,202,201,201,202,202,202,202,203,203,206,206,206,206,207,205,205,204,207,207,208,208,208,209,208,208,208,209,209,209,208,209,209,210,210,210,210,211,210,210,210,209,210,210,210,210,211,209,209,209,209,208,208,209,208,209,208,208,208,208,209,208,208,208,208,208,209,209,208,208,209,209,208,209,208,209,210,209,209,209
194,194,194,195,194,194,196,197,197,197,197,197,197,197,198,197,198,199,198,199,198,199,199,199,200,200,200,200,201,201,201,200,200,200,201,201,202,202,201,201,202,202,202,202,203,203,203,203,203,203,204,202,203,204,204,203,203,203,203,202,203,203,204,203,203,203,202,202,202,202,202,202,201,201,201,201,200,199,199,199,199,199,199,199,198,198,198,197,198,197,197,197,197,197,197,197,197,196,196,196,196,197,195,196,197,196,197,197,199,199,199,199,198,199,198,199,200,201,201,200,201,202,202,202,202,202,202,202,203,204,206,206,206,206,206,206,206,205,207,207,208,209,208,207,209,209,209,208,209,209,209,209,209,209,210,210,211,211,211,210,211,210,210,210,210,210,209,209,209,209,208,209,208,207,208,208,208,208,209,209,208,209,209,208,209,208,209,208,209,208,209,209,209,209,208,209,209,209,209,209
194,195,195,195,194,195,195,196,196,197,197,197,198,198,198,198,199,199,199,199,200,199,200,200,199,200,200,200,201,201,200,201,200,201,202,201,202,202,202,202,202,203,202,202,203,203,203,204,203,204,204,203,203,203,204,203,203,203,202,203,203,203,203,203,202,202,202,201,202,201,201,201,201,200,200,200,199,199,199,199,198,199,198,198,198,197,198,197,197,197,196,197,196,196,196,196,196,196,196,195,196,196,196,196,196,196,196,197,199,198,198,198,198,199,199,199,200,201,200,199,200,201,201,201,202,201,202,202,202,203,204,205,206,206,207,206,206,206,207,207,207,209,207,207,209,209,209,208,208,209,209,209,210,209,210,210,210,211,210,210,210,210,210,210,211,210,209,210,209,209,209,209,208,209,209,210,209,209,209,209,210,209,209,208,209,209,209,209,209,208,209,209,209,209,208,209,209,209,209,209
195,195,194,195,194,195,195,196,196,197,196,197,197,197,198,199,199,200,199,200,200,200,199,200,200,201,200,200,200,201,201,201,201,201,201,202,202,202,202,202,202,203,202,202,203,203,203,203,203,204,204,203,203,203,203,202,203,203,202,202,202,202,203,202,202,201,202,202,201,201,201,201,201,200,199,198,199,199,199,198,198,199,198,198,198,198,197,197,197,196,196,196,195,195,195,195,196,195,196,195,195,195,195,195,195,195,196,197,197,198,198,198,198,198,198,199,199,200,200,200,201,201,201,201,202,202,201,202,203,202,203,203,204,205,206,206,206,205,207,207,208,207,209,208,207,208,208,208,209,210,211,210,210,210,210,209,210,210,210,210,211,210,211,211,211,211,210,210,210,211,209,209,209,209,209,209,209,209,209,209,209,209,210,209,209,209,209,209,209,209,209,209,209,210,209,208,210,209,208,210
194,195,195,194,194,195,194,195,196,197,197,197,197,197,198,198,199,199,199,199,199,199,200,201,200,201,201,200,201,201,201,201,201,202,201,202,202,202,202,202,202,202,202,202,203,203,203,203,203,203,204,203,203,203,203,203,203,202,203,202,202,202,203,203,202,202,202,202,201,201,201,200,200,200,199,198,199,199,198,198,198,198,197,198,197,198,197,197,197,196,196,195,195,195,195,195,195,195,195,194,195,194,195,195,194,194,195,196,198,197,198,199,198,198,198,198,199,200,200,200,200,201,201,201,201,202,202,201,202,202,203,203,204,205,205,205,204,205,206,206,207,207,208,207,207,207,208,209,210,210,210,210,209,210,210,210,210,211,211,211,211,211,211,211,211,211,211,210,211,211,209,209,209,209,209,209,209,209,209,209,210,209,210,209,209,210,209,209,209,210,209,209,209,210,210,209,209,209,208,209
195,194,194,195,195,194,194,195,196,197,197,196,197,197,199,198,198,199,198,198,199,199,200,200,201,201,201,201,201,201,201,201,201,201,202,201,202,202,202,202,202,203,203,203,203,203,203,203,204,203,203,203,202,203,203,203,203,202,202,202,202,203,203,202,202,202,201,200,202,200,201,200,201,200,199,199,199,199,198,197,198,197,198,198,197,197,197,196,195,195,195,196,195,195,194,195,195,194,195,194,194,194,194,194,194,194,195,195,197,196,197,198,197,198,198,198,198,199,199,200,201,200,200,200,201,201,201,202,201,202,204,202,204,204,205,205,205,206,205,206,206,207,207,207,208,208,209,210,210,210,210,210,210,210,211,211,211,211,211,212,211,212,212,211,211,211,211,211,210,210,209,209,209,209,209,209,209,210,210,209,210,210,210,210,210,209,210,210,210,210,209,210,209,209,209,209,209,210,210,209
194,194,194,194,195,194,195,195,195,196,197,197,198,198,199,199,198,199,199,199,199,199,200,200,200,201,201,200,201,201,202,201,201,202,202,201,201,203,201,202,203,203,202,203,203,203,203,204,203,203,202,203,203,203,203,203,203,203,203,203,202,203,202,202,201,201,200,200,200,201,200,200,199,200,199,199,198,199,198,197,197,197,197,197,197,196,196,196,195,195,195,194,194,194,194,194,195,194,193,194,193,193,194,194,194,194,193,194,194,194,196,196,197,197,197,198,198,199,199,200,199,200,199,199,200,200,201,201,201,202,203,203,203,203,205,206,205,205,205,206,206,207,207,208,208,210,210,209,211,210,210,210,210,211,211,212,211,211,211,211,212,211,212,211,212,211,211,211,209,209,209,209,209,209,210,209,210,210,209,209,210,211,210,210,211,210,210,210,210,210,210,210,209,210,209,209,209,210,210,210
193,194,193,195,195,195,194,195,195,196,196,196,197,198,197,199,199,199,199,199,199,200,200,201,200,201,201,200,201,201,202,201,202,202,201,202,202,202,202,203,202,203,203,203,203,203,204,204,203,203,203,203,203,203,203,203,202,203,203,203,203,203,202,202,201,201,201,201,200,200,200,200,200,199,200,199,199,199,198,197,197,197,196,197,197,197,195,195,194,194,196,194,194,194,194,193,194,192,192,193,193,193,192,192,193,193,192,193,194,195,195,196,197,198,197,197,197,198,199,200,200,199,200,199,200,200,200,201,201,202,203,203,203,203,205,206,206,205,204,205,206,206,207,208,209,210,210,210,211,210,210,210,211,210,211,211,211,211,211,211,211,212,212,212,212,211,211,211,210,209,209,210,209,209,209,210,209,210,209,210,210,210,210,210,210,211,210,209,210,210,210,210,209,209,209,209,210,210,209,210
194,195,194,194,195,195,194,195,196,196,197,197,197,198,199,198,199,199,199,199,199,200,200,200,201,201,201,201,201,201,201,202,202,202,202,203,203,202,202,203,203,203,203,203,203,203,203,204,203,203,203,203,203,203,203,203,203,203,203,203,202,203,202,201,201,201,201,200,200,200,200,200,199,200,199,199,198,198,198,197,197,196,197,197,197,196,195,195,195,194,195,194,194,194,191,188,188,188,182,182,180,182,179,177,178,180,183,191,193,195,195,196,197,196,197,197,197,197,198,198,199,199,199,199,200,200,200,200,200,202,202,202,202,203,204,204,205,204,204,205,205,205,206,207,208,208,208,209,211,210,209,209,210,211,211,212,211,211,211,211,212,212,212,211,211,210,210,211,210,211,209,210,209,209,210,209,210,209,209,209,210,210,210,210,209,210,210,210,210,211,210,210,209,209,210,209,209,210,210,211
194,194,194,195,194,195,195,195,195,195,196,197,197,197,198,198,199,198,199,199,199,199,199,200,200,201,200,201,202,201,202,202,202,202,202,202,203,203,202,203,203,203,203,203,203,203,203,204,203,203,203,203,204,203,204,203,203,203,202,203,202,202,202,202,201,201,201,200,200,199,200,199,199,199,200,199,199,198,197,197,196,196,196,196,197,195,195,194,194,194,193,194,191,188,184,175,154,150,137,132,130,131,126,125,128,140,143,160,176,184,189,191,194,195,195,197,196,197,198,198,198,198,199,198,200,199,200,200,200,200,202,201,202,202,203,203,204,204,204,205,205,205,206,207,208,207,208,209,211,210,210,210,211,211,211,212,211,211,211,211,212,212,212,210,211,210,211,212,211,211,210,210,210,210,210,210,210,210,210,209,209,210,210,210,210,210,210,210,210,210,210,210,210,209,209,210,210,210,211,211
193,194,194,195,195,195,195,195,196,196,196,197,197,197,198,197,198,198,199,199,199,199,200,200,201,200,201,201,201,201,201,202,203,203,202,202,203,202,203,203,203,203,203,204,204,204,204,203,203,203,202,203,204,203,203,203,203,202,202,202,202,202,202,201,201,201,200,200,198,199,200,199,199,199,198,198,198,197,196,197,196,195,195,195,195,195,194,194,193,193,189,181,159,144,125,110,106,109,108,109,108,105,103,101,100,101,104,107,116,122,136,156,176,188,194,196,196,196,197,198,198,198,199,198,199,199,199,200,200,201,201,201,201,202,203,204,205,204,204,206,205,206,206,207,207,207,209,208,210,210,211,210,211,211,211,211,211,212,211,211,212,212,212,210,212,210,212,212,211,210,210,210,211,210,210,210,210,210,210,210,210,209,211,210,210,210,210,210,210,210,211,210,210,210,210,210,210,211,211,211
194,194,194,194,195,195,195,195,195,196,195,197,197,198,198,198,198,198,199,199,199,200,200,200,200,201,200,200,202,200,202,202,202,202,203,204,203,203,203,203,204,204,203,204,203,204,203,202,203,202,203,203,203,203,203,202,202,203,202,202,202,202,201,201,200,200,200,199,198,199,199,198,199,198,198,198,198,197,196,196,196,196,195,195,195,195,194,194,185,177,149,119,103,99,97,94,92,88,84,85,86,86,87,88,90,90,92,98,98,104,110,114,120,133,157,179,192,196,196,197,197,197,197,198,198,198,198,200,200,200,201,201,202,201,203,203,203,203,203,205,205,205,206,206,207,207,208,208,209,210,211,209,211,211,212,211,212,212,212,211,212,212,212,212,212,211,211,210,211,211,210,211,210,210,210,210,210,210,210,210,210,210,210,210,210,210,210,210,211,211,211,210,210,210,210,210,211,210,211,211
194,194,194,195,194,194,195,195,195,196,195,197,197,198,198,198,198,198,198,199,199,199,200,200,200,200,201,201,201,201,202,202,202,202,202,203,203,203,203,203,204,204,204,204,203,204,203,202,203,202,203,203,203,203,203,203,203,202,202,202,202,201,201,200,200,200,200,198,198,199,199,199,198,198,197,197,197,196,196,196,196,195,195,194,193,193,192,174,137,113,96,92,90,85,81,75,71,69,69,67,65,65,66,68,69,70,73,81,85,89,96,98,102,109,116,123,141,172,190,196,197,198,198,198,199,199,199,199,199,200,200,199,201,202,203,203,204,203,203,204,204,205,206,206,207,207,209,208,209,211,211,211,211,211,211,211,211,212,212,211,212,212,212,212,213,212,212,211,211,211,211,210,210,211,210,210,211,210,210,210,210,210,210,211,211,210,210,210,211,211,209,210,211,211,210,210,211,211,211,211
195,194,194,194,195,195,195,195,196,195,195,197,198,197,198,198,198,198,199,200,199,200,200,200,200,201,201,201,200,201,202,201,202,202,202,203,202,203,203,203,204,204,203,204,204,203,203,203,203,203,203,203,203,203,203,202,202,202,202,202,202,202,200,200,200,199,198,198,198,198,198,199,198,197,197,197,196,196,196,196,196,195,195,193,192,179,134,108,97,92,86,83,79,72,69,65,63,59,58,55,55,55,56,54,54,53,56,58,62,67,74,80,91,97,104,107,116,125,143,177,198,196,197,198,197,198,198,198,198,199,200,199,201,201,202,202,202,203,203,203,205,204,205,206,206,207,208,208,208,210,210,210,211,211,212,212,212,212,212,212,212,212,212,212,212,211,211,211,211,211,211,210,210,211,211,211,211,210,211,211,210,210,210,211,211,211,211,211,211,211,211,210,210,210,210,210,212,211,212,211
194,194,194,195,195,195,195,195,195,195,196,197,197,197,197,198,198,198,199,199,199,200,199,200,200,200,200,200,201,201,202,202,202,202,203,202,202,203,203,203,203,203,204,204,203,203,204,203,204,203,203,203,203,203,203,202,203,202,202,201,202,201,199,200,199,199,198,198,197,197,198,197,197,196,196,196,197,196,196,195,194,194,194,188,154,111,95,87,81,78,72,68,62,58,54,53,53,50,51,50,50,52,52,53,52,52,52,53,54,55,59,63,69,73,82,89,100,107,115,123,149,187,195,196,196,197,198,198,199,199,199,199,200,201,201,201,202,203,203,203,204,205,205,206,207,207,208,209,208,209,209,209,211,211,210,212,212,212,212,211,211,211,211,210,211,211,210,210,212,212,211,210,210,211,211,210,212,211,210,211,211,211,211,211,211,211,212,212,211,211,211,211,211,211,210,211,211,212,212,212
194,194,194,195,195,195,195,195,195,195,196,196,198,197,197,197,198,198,198,199,199,199,200,199,199,200,200,201,201,202,202,202,202,203,202,203,203,203,203,204,203,204,203,203,203,204,203,203,203,203,203,203,203,203,203,202,202,202,202,201,200,200,200,199,199,199,198,198,197,198,198,197,196,196,196,196,195,195,196,195,195,194,179,128,101,89,81,76,70,67,62,57,53,51,49,47,49,48,50,51,51,51,53,53,54,54,53,54,54,53,55,57,61,64,67,71,80,95,106,113,120,129,165,191,192,197,198,199,199,198,200,200,199,201,201,201,201,202,202,203,204,204,204,206,206,207,207,208,209,210,209,210,211,210,210,211,212,211,211,210,212,213,213,211,211,211,210,211,211,211,211,211,211,211,211,210,211,211,211,211,211,211,211,211,211,211,211,212,210,211,211,211,210,211,211,211,211,212,212,211
195,194,194,194,195,195,194,195,195,196,195,197,197,197,197,198,198,198,198,199,199,199,199,200,199,200,200,201,201,201,202,202,202,202,202,203,203,203,203,203,203,204,203,203,203,203,203,203,203,203,203,203,203,203,202,202,202,202,201,201,200,200,200,199,199,198,198,197,198,197,196,197,196,195,196,196,195,196,195,194,192,160,112,95,81,74,69,66,61,56,53,51,50,48,47,47,48,49,50,51,51,51,53,53,53,55,54,54,54,53,55,55,57,60,62,63,66,76,88,93,107,115,120,144,180,195,197,198,198,198,198,199,199,200,200,201,201,201,202,203,204,204,205,205,206,207,207,208,209,209,208,210,210,211,211,212,211,211,211,211,211,212,212,211,211,211,212,212,212,211,211,211,211,211,211,211,210,211,211,211,211,211,211,211,212,210,211,211,211,211,212,211,210,210,211,211,212,212,212,211
193,195,194,194,194,194,195,195,195,196,195,196,197,197,197,196,198,198,199,199,199,199,200,200,200,200,200,201,201,202,202,202,202,202,202,203,203,203,203,203,203,204,203,204,203,203,203,203,203,203,203,203,202,203,202,202,202,201,202,201,200,200,199,199,199,198,197,197,197,197,196,197,196,195,195,195,195,195,193,190,139,96,84,75,66,63,59,56,52,50,49,48,48,47,47,47,48,49,50,50,51,51,52,52,53,55,54,53,53,53,55,56,56,59,60,61,61,62,65,73,88,99,107,117,130,170,196,197,198,198,198,198,199,199,200,200,200,201,202,203,203,205,206,206,206,206,207,208,208,208,209,209,210,210,210,210,210,211,211,210,211,211,212,211,212,213,213,213,212,211,211,211,211,211,211,211,211,211,211,212,211,211,211,212,212,211,211,212,212,213,213,211,212,213,213,211,213,211,211,211
195,195,195,194,194,195,194,194,196,196,195,197,197,198,197,197,197,198,199,199,199,200,200,200,200,200,201,201,200,201,202,202,202,203,203,203,203,203,203,203,204,204,204,204,203,203,203,203,203,203,203,203,203,203,203,202,202,201,201,201,200,200,199,198,198,197,197,196,197,196,195,195,195,195,195,196,194,194,181,121,87,78,65,61,57,55,51,47,47,47,48,48,47,47,48,49,50,50,51,50,50,50,51,51,51,54,54,54,53,54,54,55,55,57,60,60,61,62,62,64,70,82,89,100,110,123,153,185,195,197,198,198,198,198,199,200,200,201,201,202,203,204,205,205,205,206,207,208,208,209,209,210,210,210,210,211,210,211,211,211,210,210,211,213,212,211,212,212,212,211,211,211,211,211,212,211,211,211,211,211,211,211,212,212,212,211,212,212,213,213,213,213,213,213,212,212,213,214,213,212
195,194,194,195,195,195,195,195,196,196,196,197,197,197,198,197,197,197,198,198,200,200,200,200,200,200,200,201,200,201,202,202,202,203,202,203,203,203,203,204,204,204,204,203,203,203,203,203,203,203,203,203,203,203,203,202,202,202,201,200,199,199,199,198,197,197,195,196,196,196,195,195,195,195,195,195,194,170,107,79,73,62,56,54,51,50,48,46,46,47,46,47,47,47,47,48,48,49,50,49,51,52,52,52,52,54,54,54,53,53,54,54,56,57,58,58,59,61,61,63,63,68,79,86,93,105,119,139,179,195,197,197,197,198,199,200,199,200,201,202,202,203,204,205,205,206,207,207,207,208,209,209,210,210,210,211,211,211,211,210,211,211,211,211,212,213,214,213,212,212,211,211,211,212,213,212,212,211,212,212,212,211,212,212,212,211,212,212,212,213,213,214,214,212,212,214,213,213,213,213
195,194,195,194,194,196,195,194,196,195,196,197,197,198,198,198,198,198,198,199,199,199,200,200,200,200,201,201,201,201,202,202,202,202,203,203,204,203,204,203,204,203,203,203,203,204,203,203,203,203,203,203,202,202,202,202,202,201,200,200,199,199,199,197,196,195,195,196,196,196,195,195,195,195,194,193,158,93,79,65,59,56,54,52,49,49,47,48,47,46,46,47,49,48,46,48,48,50,50,50,51,52,53,53,53,53,54,54,54,52,54,53,55,56,58,58,57,60,61,62,62,64,71,76,83,91,98,114,124,163,193,197,197,198,198,199,199,199,200,201,201,203,203,204,205,206,207,207,207,208,208,209,210,210,210,211,211,211,211,211,211,211,212,212,213,214,214,213,212,212,212,212,212,212,212,212,212,212,212,212,212,211,212,212,212,212,212,212,212,214,213,214,213,213,213,214,212,213,213,213
195,194,194,196,195,195,195,195,195,196,195,197,197,198,198,198,197,198,198,198,199,199,200,200,200,200,201,201,201,202,201,202,202,202,203,203,203,203,204,204,203,203,203,203,204,203,204,203,203,202,203,203,203,202,202,202,202,201,200,199,199,198,198,197,196,195,196,195,195,195,194,194,194,194,192,145,83,74,64,59,57,55,52,51,50,48,47,46,46,46,45,46,46,47,47,48,49,50,50,50,51,52,52,52,51,51,52,54,53,53,54,53,55,57,58,58,58,59,60,62,61,63,65,68,72,80,86,93,102,119,149,191,197,196,198,199,199,199,201,201,201,202,203,204,204,205,206,207,207,208,209,209,210,210,210,210,210,211,211,212,211,211,211,213,212,214,213,213,213,213,213,212,212,212,213,213,213,212,213,213,212,212,212,212,214,212,213,212,212,213,213,214,214,213,213,214,213,214,214,213
194,194,194,194,195,196,194,195,196,197,197,197,197,198,198,197,198,198,199,199,199,199,199,201,200,201,201,201,201,201,202,202,203,202,203,203,203,203,203,204,203,204,203,204,204,203,203,203,202,202,202,202,202,202,202,201,200,200,200,198,198,198,197,197,196,195,195,195,194,195,195,194,193,190,129,74,67,63,60,56,56,54,52,50,50,47,45,44,44,44,46,46,46,46,47,48,49,49,50,50,51,51,51,50,51,52,53,54,53,53,53,53,54,56,56,58,57,60,60,62,61,63,64,64,68,72,78,84,87,96,114,135,174,197,198,198,198,198,199,200,201,202,202,204,204,205,206,207,207,208,208,209,209,210,210,211,210,212,211,212,212,212,212,212,212,212,213,212,213,212,212,212,212,212,214,213,213,213,213,213,213,212,214,212,213,212,212,212,214,214,214,214,214,214,214,214,213,215,214,214
194,194,195,195,195,195,195,195,196,197,196,197,197,198,198,197,198,198,199,199,200,200,200,200,200,200,201,201,201,202,202,203,202,202,203,203,203,204,204,204,204,204,203,203,203,203,203,203,203,202,203,203,202,202,202,201,201,200,199,198,198,197,197,197,195,195,195,194,194,195,194,194,181,123,70,62,62,61,56,54,55,53,51,50,50,46,44,44,43,44,44,45,45,48,48,49,48,48,48,50,50,51,51,51,51,53,53,53,52,53,54,54,54,56,56,58,58,58,60,61,61,62,64,62,66,69,73,78,82,87,95,107,129,176,193,195,197,199,198,199,200,201,202,203,203,205,205,206,207,208,209,209,209,210,210,211,210,211,211,211,211,212,212,212,212,212,213,213,213,212,212,213,213,212,213,213,213,212,213,213,213,213,213,213,213,213,214,213,214,213,213,215,214,214,214,214,213,215,214,213
195,195,195,195,195,194,195,195,196,196,197,196,197,198,198,197,198,198,199,199,200,200,200,200,201,201,201,201,202,202,202,202,202,202,203,203,203,203,204,204,203,204,204,203,203,203,203,203,202,203,202,202,202,202,201,201,201,199,199,198,197,197,196,196,195,195,195,195,194,194,194,184,113,70,64,64,61,59,55,54,54,51,51,49,49,47,44,43,41,42,42,44,46,46,46,48,48,47,48,49,50,52,51,51,52,54,54,52,50,51,51,55,56,55,55,57,57,58,59,60,60,60,62,62,65,66,69,72,79,82,86,92,104,115,158,191,195,197,198,199,200,200,202,202,202,203,204,205,207,207,208,208,209,210,210,210,210,211,211,212,212,212,212,212,212,212,214,213,213,212,212,213,213,212,212,213,213,213,213,213,213,213,213,213,212,212,212,213,214,214,215,215,214,215,215,215,214,214,215,214
195,195,195,196,196,195,196,195,196,196,196,196,196,197,198,198,198,199,199,199,200,200,200,200,201,200,201,201,201,201,201,203,202,203,203,203,204,204,204,203,204,203,204,203,203,203,202,203,203,202,202,202,202,202,201,201,200,199,199,198,198,196,196,195,194,194,194,194,194,194,183,112,72,65,64,62,59,58,55,54,52,51,50,50,48,44,40,40,40,41,42,43,44,46,46,46,47,46,48,50,49,52,52,52,54,53,54,53,49,50,51,54,56,55,54,56,56,57,58,58,60,59,61,62,64,65,66,70,74,78,83,88,90,99,103,152,190,194,197,199,200,200,201,202,202,203,204,205,206,207,208,208,209,210,210,210,211,211,211,211,212,212,212,212,212,212,213,214,214,214,214,214,213,212,213,213,212,212,212,213,215,214,213,213,213,212,212,213,213,213,212,215,213,215,214,214,214,214,214,212
195,194,195,195,196,196,196,196,196,196,196,196,196,198,198,198,198,199,199,199,200,200,200,201,201,200,201,201,201,202,202,202,203,203,202,203,203,204,204,203,204,204,204,203,204,203,203,202,202,202,202,202,201,201,201,201,199,199,198,197,197,196,195,195,194,195,195,194,194,185,109,74,68,64,62,60,57,56,52,51,51,50,47,48,46,42,42,42,42,42,42,43,45,47,47,46,47,47,47,47,49,50,51,52,52,53,54,53,53,51,52,54,56,56,55,55,57,57,58,57,60,60,61,62,64,65,66,68,71,74,78,82,86,90,90,96,142,176,191,199,199,198,199,201,201,202,204,205,206,207,208,208,209,209,210,210,211,211,212,211,212,212,212,213,213,213,214,214,213,214,214,214,213,212,213,212,212,212,212,212,215,214,214,213,213,213,213,212,212,213,213,214,213,214,213,214,214,214,214,212
195,195,195,196,196,196,196,196,196,196,196,196,196,198,199,198,198,199,199,200,200,200,200,201,201,201,202,202,201,202,202,202,202,203,203,204,204,204,204,203,203,204,204,203,203,203,203,203,202,202,202,201,201,201,200,199,199,198,198,197,196,195,195,194,194,193,194,194,185,117,74,69,66,63,61,59,56,54,51,51,50,49,48,47,47,45,43,44,45,47,47,47,47,47,48,47,47,48,48,47,49,50,50,51,52,53,53,53,54,52,52,52,55,56,55,55,57,56,58,58,59,60,61,62,63,65,66,68,70,73,76,80,83,84,87,86,93,117,155,189,195,198,199,200,201,202,203,205,205,207,207,208,208,209,209,210,211,211,212,213,212,213,213,212,213,212,214,213,214,215,214,214,213,212,213,213,213,212,213,213,213,213,213,212,213,212,213,213,213,213,213,214,214,214,213,213,213,213,214,215
195,195,195,196,197,196,197,195,196,196,196,197,197,198,199,199,199,199,199,200,200,200,201,200,201,201,202,202,202,202,202,203,202,203,203,204,204,204,204,204,204,204,204,204,203,203,203,203,203,202,202,201,201,201,201,200,199,199,198,196,196,195,195,195,195,193,193,186,118,75,68,65,64,63,60,58,56,54,52,52,49,50,47,47,47,48,47,48,48,50,50,49,48,48,49,48,49,50,46,49,49,50,49,50,50,51,52,52,55,52,51,51,54,56,55,56,57,56,57,58,59,60,61,62,64,63,66,66,69,73,75,79,80,82,84,85,83,91,116,154,182,197,199,199,200,201,203,204,205,206,207,208,208,209,210,210,211,211,212,212,212,212,213,213,212,212,213,214,214,215,213,214,213,213,213,213,213,213,213,213,213,213,213,213,213,213,213,213,214,215,214,215,215,214,213,213,213,213,215,213
195,195,196,196,197,196,196,197,196,196,197,197,197,198,198,199,199,199,199,200,200,200,201,201,201,201,202,202,201,202,203,203,202,204,204,204,204,203,203,203,204,205,204,203,203,203,203,202,203,202,201,201,201,201,200,200,198,198,197,195,195,194,195,194,193,192,184,120,76,68,66,64,62,60,59,57,55,53,53,52,51,50,50,48,48,49,50,50,51,52,49,49,47,50,49,49,50,51,49,49,49,51,51,50,50,51,52,51,52,51,51,51,56,56,55,55,55,56,58,58,59,60,61,62,63,64,64,65,69,71,74,78,80,83,83,83,84,85,94,100,146,178,196,198,199,200,202,203,204,205,206,208,208,209,210,210,211,211,212,212,212,212,213,212,213,213,213,213,214,215,215,213,213,213,214,213,213,213,213,213,213,213,214,213,213,214,214,213,214,215,214,215,215,214,213,213,215,215,215,214
195,196,196,197,196,197,196,197,196,197,197,197,198,198,199,199,199,199,199,200,201,201,201,201,201,201,202,202,202,203,203,203,203,203,203,204,204,205,204,203,204,204,204,204,204,203,203,203,203,202,201,201,201,201,200,199,198,198,196,195,194,194,193,192,192,180,125,78,69,66,64,62,60,59,58,56,55,54,55,53,51,51,50,51,50,49,49,49,49,50,50,49,48,50,51,51,50,50,47,48,50,51,51,52,54,54,55,53,54,54,53,51,54,55,56,57,57,58,58,58,59,60,61,62,63,63,64,66,68,70,73,75,78,81,83,82,84,85,86,92,89,140,182,195,198,199,201,203,203,205,206,206,207,209,209,210,211,211,212,212,213,213,213,213,213,213,213,214,214,214,215,213,214,213,214,214,214,213,213,213,214,214,213,213,213,215,214,214,214,214,214,214,215,214,212,213,215,216,214,215
196,195,196,197,197,196,197,197,197,197,198,197,197,199,199,199,199,199,200,201,200,201,201,201,201,201,202,202,202,203,203,203,203,204,203,204,204,204,204,203,203,204,204,204,204,203,202,203,202,202,201,201,201,200,200,199,198,197,196,195,194,194,194,193,185,136,81,72,66,66,62,59,58,57,57,56,55,54,54,53,52,53,53,54,51,49,47,49,51,53,53,52,51,52,50,52,52,51,49,50,52,52,53,52,53,56,55,55,58,58,55,53,55,56,58,58,58,58,60,60,61,61,62,62,64,62,64,66,68,69,71,74,78,79,82,83,82,84,83,83,96,80,130,170,195,198,200,202,203,204,206,206,207,208,209,210,211,211,211,212,213,213,214,213,213,213,213,213,214,213,215,214,214,214,214,215,214,214,213,214,214,214,214,214,214,216,215,216,214,213,214,215,215,214,213,213,215,216,214,215
196,197,196,197,197,197,197,197,197,199,198,197,198,198,198,200,199,199,199,200,201,201,201,201,201,202,202,202,202,203,203,203,203,204,203,204,204,205,204,203,204,203,204,204,204,204,203,203,203,201,201,201,201,200,200,198,197,196,195,194,194,193,194,189,145,84,72,67,65,65,61,59,57,56,56,57,57,56,57,55,52,53,54,55,53,51,48,52,54,53,55,54,53,54,53,54,52,53,51,52,54,52,53,53,56,55,54,55,58,58,57,56,57,58,60,58,59,60,61,61,64,64,64,63,65,64,65,67,69,70,70,73,77,78,80,81,81,82,81,81,85,90,79,134,179,194,199,202,203,204,205,206,207,208,209,210,211,211,211,212,214,213,213,213,213,213,213,213,214,214,215,214,214,214,214,215,214,214,214,214,214,214,215,214,214,216,216,216,213,213,214,216,216,214,214,213,215,216,214,215
196,197,197,197,197,197,198,198,197,197,198,198,198,198,198,200,199,200,200,201,201,201,202,202,202,202,202,202,202,203,203,203,204,204,204,204,204,204,204,204,204,204,204,204,204,203,203,203,202,202,201,201,200,200,199,198,196,196,195,194,193,193,190,165,92,72,66,64,64,63,61,57,56,56,57,57,57,57,57,56,53,53,53,53,55,54,55,57,54,55,55,56,56,55,55,55,53,53,52,52,53,54,53,54,56,57,57,55,53,54,57,57,58,60,60,61,61,61,61,63,64,66,66,65,65,66,67,68,70,72,72,73,73,75,78,79,79,79,80,80,80,86,85,66,145,176,198,201,202,203,205,206,207,208,209,210,211,212,211,213,212,212,213,213,214,214,214,213,214,214,215,214,214,214,214,214,214,214,213,215,214,214,215,215,214,216,215,216,215,214,214,214,214,214,214,214,214,215,214,216
198,197,197,197,197,198,199,198,198,197,198,198,198,199,200,200,200,200,200,201,201,201,201,202,202,202,202,202,202,203,203,203,203,204,204,204,203,204,204,204,205,204,204,205,204,204,203,203,202,202,201,201,200,199,198,197,197,197,194,194,192,184,159,102,76,69,64,62,63,62,59,57,56,56,56,57,57,58,58,57,55,55,57,56,56,57,58,56,56,54,55,56,56,55,55,54,53,54,55,54,54,53,53,57,58,59,59,56,52,53,57,57,58,61,60,60,61,62,61,63,64,65,66,66,64,66,69,70,73,74,76,75,75,76,78,79,80,79,80,81,80,82,86,77,76,160,196,199,200,201,204,206,206,207,209,209,211,212,211,212,213,213,214,214,214,214,214,214,213,214,214,214,214,214,214,214,214,214,213,214,214,214,215,214,214,216,214,215,215,216,215,215,214,214,215,214,215,214,214,217
198,197,197,198,197,198,199,198,199,198,198,198,199,199,199,200,200,200,200,200,201,202,202,202,202,202,202,202,203,203,204,203,204,204,204,205,204,204,204,204,205,205,205,205,204,204,204,203,203,202,201,200,200,199,198,198,197,196,195,194,193,168,111,79,70,66,64,63,60,59,58,57,57,57,55,57,57,59,58,58,58,58,59,60,58,59,58,58,58,57,57,56,57,57,59,56,55,55,54,54,55,54,53,59,59,60,63,57,57,59,59,60,61,63,61,60,62,62,62,64,64,66,67,65,66,68,69,72,73,74,77,76,77,77,79,79,81,80,80,81,81,81,82,84,70,100,177,194,198,201,204,205,205,207,208,210,211,212,212,212,213,213,214,213,214,214,214,214,213,214,214,213,214,215,215,215,214,215,214,214,214,214,215,215,215,215,215,215,216,216,215,215,214,214,214,214,215,214,215,217
198,198,198,198,197,198,198,199,198,199,199,199,199,199,200,200,200,201,201,201,201,202,202,202,202,202,203,203,203,204,204,204,204,204,204,204,205,205,205,205,205,205,205,205,205,204,204,203,202,202,202,202,200,200,199,198,197,196,194,193,179,125,79,71,67,64,64,61,58,57,57,56,57,57,55,56,57,60,59,58,60,59,60,59,59,61,62,61,60,59,60,61,60,60,58,58,57,54,55,57,58,55,57,58,60,63,69,62,64,63,62,61,63,63,62,62,61,61,62,65,65,66,68,67,69,70,72,74,77,78,77,79,77,77,78,78,80,78,80,82,81,80,81,80,84,56,128,189,193,202,203,205,206,208,209,209,210,211,212,213,213,214,214,214,214,214,214,214,214,214,215,214,215,215,215,215,215,215,214,214,214,214,214,214,214,214,214,214,216,217,216,214,214,214,215,214,214,215,215,217
198,198,198,198,198,198,199,199,198,199,199,199,199,200,200,200,201,201,201,201,201,202,202,203,202,202,203,203,203,204,204,204,204,204,205,205,204,205,205,205,205,205,205,205,204,204,203,203,203,202,202,201,200,199,199,197,196,196,195,189,124,74,75,70,65,63,62,61,59,55,56,56,58,57,55,57,60,61,61,60,64,63,62,59,59,61,61,63,62,61,61,63,63,64,59,60,56,56,57,60,59,57,58,59,61,64,74,69,66,64,72,64,63,64,64,65,66,65,66,66,68,68,70,71,74,74,74,73,78,81,80,80,78,78,78,77,78,77,79,83,82,81,81,81,82,79,66,146,192,202,202,204,205,206,208,209,210,212,212,212,213,213,215,214,214,215,214,214,214,214,215,215,215,215,215,215,215,215,215,215,215,215,214,215,215,215,214,215,215,216,215,214,214,215,215,214,214,215,215,216
199,199,198,198,199,199,199,199,199,199,200,200,200,199,201,201,200,201,201,201,201,202,202,202,203,202,203,203,203,204,204,205,204,205,205,206,205,205,205,205,205,205,205,205,205,204,204,203,202,202,202,201,200,199,199,197,196,195,186,157,85,77,71,66,63,62,61,61,57,55,56,57,60,58,56,57,60,60,62,61,62,65,62,65,64,64,62,66,62,62,65,65,65,66,66,66,65,65,60,60,64,62,61,63,64,69,76,72,70,63,60,60,65,65,63,64,65,70,79,72,73,73,71,71,74,73,78,79,83,84,82,81,81,81,79,78,78,78,80,81,81,82,83,82,82,86,67,90,179,198,197,200,203,205,207,207,209,211,212,212,213,214,214,214,215,214,214,214,214,215,215,215,215,215,215,215,215,215,215,215,215,215,215,215,215,215,215,215,216,215,215,214,215,215,215,214,215,215,214,215
200,199,200,198,198,198,200,200,200,200,198,200,200,200,201,201,201,200,201,201,201,202,202,202,203,203,203,203,204,204,204,205,205,205,205,205,205,205,205,204,205,206,205,205,205,205,204,204,202,202,201,201,200,200,200,197,196,193,151,101,76,77,69,64,61,60,59,60,57,54,56,59,59,58,58,56,57,61,62,61,59,65,58,66,62,62,61,66,63,66,68,65,67,67,67,67,65,63,61,66,67,64,65,71,70,68,74,74,70,64,62,66,65,63,63,65,69,71,75,83,84,77,74,73,74,74,76,76,78,83,80,81,82,81,80,79,79,79,80,81,81,82,84,83,83,81,86,57,118,179,195,199,202,204,206,208,209,210,211,212,213,213,214,215,215,215,215,214,215,215,216,215,215,215,215,215,215,215,215,214,215,215,215,215,215,214,215,215,215,215,215,215,215,215,215,215,214,215,215,215
200,200,200,200,198,199,200,200,200,200,200,201,200,200,201,201,200,201,201,202,202,202,203,203,203,203,203,204,204,204,204,205,205,205,204,205,205,205,205,205,206,205,205,206,205,205,204,203,202,202,201,200,200,200,199,197,196,190,140,73,76,73,69,62,60,57,58,58,56,55,56,57,58,58,57,55,55,59,61,61,60,63,62,70,65,62,62,65,62,63,58,66,65,67,65,68,66,66,66,66,65,62,64,71,69,70,71,72,70,68,69,73,71,65,67,71,73,73,81,89,88,81,77,75,74,74,76,76,82,82,80,79,81,84,82,80,80,80,80,83,83,84,85,84,82,81,85,75,56,163,193,197,201,203,205,207,208,210,211,211,212,214,214,215,215,215,214,215,214,215,215,216,215,215,215,215,215,215,215,215,215,215,215,215,215,215,215,215,215,214,215,215,215,215,215,215,215,214,215,215
200,200,200,199,200,199,200,200,201,200,200,201,201,201,201,201,201,201,201,203,203,202,203,203,203,203,204,204,204,205,205,206,205,205,205,205,205,205,205,205,206,206,205,206,205,204,205,204,203,201,201,201,200,200,198,196,194,171,98,75,75,70,66,61,59,56,56,56,56,56,58,58,62,61,58,55,57,58,60,60,59,62,65,68,62,62,64,63,64,55,53,66,67,68,68,69,71,69,75,68,66,66,64,66,65,68,72,68,73,75,73,76,72,70,69,79,81,82,83,85,85,85,84,78,74,74,77,77,81,81,79,79,81,83,82,81,81,81,82,84,85,85,85,86,84,83,84,87,60,105,187,197,199,202,203,206,207,208,210,211,212,213,214,215,215,215,214,215,215,215,215,215,215,216,215,216,215,216,215,215,216,216,215,215,215,215,215,215,216,215,215,215,215,215,216,215,215,215,215,215
200,200,200,200,200,201,200,201,201,201,200,200,201,201,201,201,202,202,202,203,202,203,203,203,204,203,204,204,205,205,206,206,206,206,206,205,205,205,205,205,206,206,205,205,205,204,204,203,203,201,201,200,199,199,197,195,193,138,65,75,73,66,64,61,57,56,55,55,58,58,60,58,62,60,58,57,57,59,61,63,62,64,65,67,66,63,67,68,65,64,71,69,71,70,70,72,71,71,76,71,70,70,67,65,66,67,66,65,70,75,77,75,72,70,67,72,81,86,86,87,84,77,77,79,74,74,78,77,82,78,81,80,82,83,79,79,80,80,87,86,87,87,87,89,87,87,87,86,78,60,159,194,197,199,202,204,206,208,209,210,212,213,214,215,215,215,214,214,215,215,215,215,215,215,216,216,216,216,216,215,215,216,215,216,215,215,215,215,215,215,215,215,215,215,215,216,215,215,215,215
200,200,200,200,201,201,201,201,201,201,201,201,201,201,202,202,202,202,202,203,203,203,203,203,203,204,204,205,205,205,205,205,207,206,206,206,205,206,205,206,206,206,206,205,205,204,204,203,203,201,200,200,199,198,196,192,172,82,67,73,66,65,62,60,57,55,55,55,61,60,62,61,67,67,58,57,58,59,60,64,63,65,64,66,69,64,68,66,66,70,71,71,71,72,73,74,70,72,77,74,74,71,70,66,70,68,71,73,73,73,77,76,75,68,67,78,73,82,81,81,74,72,67,73,74,70,75,76,77,78,80,81,81,81,77,77,77,79,82,93,88,90,89,90,88,90,89,89,87,67,91,180,196,198,200,203,204,206,208,210,212,213,214,214,214,214,214,214,215,214,215,215,215,216,216,216,216,216,216,215,215,216,215,215,215,216,216,216,216,216,216,215,215,215,216,216,215,215,215,215
200,200,200,199,200,201,200,201,201,201,201,202,201,201,202,202,202,202,203,203,203,203,203,204,203,204,204,205,205,205,205,206,206,206,206,205,206,206,205,206,206,206,206,206,205,205,203,203,202,202,201,200,199,198,194,180,131,61,70,69,64,62,60,59,57,55,54,54,60,61,59,58,63,63,56,57,58,59,61,61,63,62,63,65,69,63,63,63,66,67,70,71,71,69,72,75,69,72,77,74,73,71,71,68,73,71,71,71,70,72,71,73,69,67,65,68,71,72,81,73,71,74,70,77,75,72,73,75,76,81,80,80,79,80,82,83,79,82,82,84,94,94,93,92,91,90,91,89,86,83,50,137,193,195,197,201,203,204,207,209,210,212,213,214,215,214,214,215,215,215,215,215,215,216,216,215,215,216,216,215,215,216,216,216,215,215,216,216,216,216,216,216,215,215,216,216,215,216,216,216
200,201,200,200,201,201,201,201,201,202,201,202,202,202,203,202,203,203,203,203,203,203,204,204,204,204,205,205,205,205,205,206,206,207,206,206,206,206,206,206,206,207,206,206,205,204,203,203,203,202,202,200,200,198,195,167,73,65,71,67,64,61,60,59,57,56,55,54,55,54,56,56,57,58,55,56,57,59,60,59,61,61,61,64,65,64,63,64,64,70,71,73,78,79,80,80,74,76,76,73,75,71,70,69,69,71,70,68,65,69,67,61,59,56,64,66,63,63,67,68,77,79,82,88,79,71,74,77,82,80,81,80,79,78,80,81,81,81,88,96,98,96,96,94,93,92,92,91,88,86,69,92,188,193,193,198,200,202,206,207,209,211,213,213,214,214,215,214,215,215,215,215,215,216,215,215,215,215,216,216,215,216,216,216,216,216,216,216,216,216,216,216,216,216,216,216,215,216,216,216
201,201,201,200,201,201,201,202,202,202,201,202,202,202,202,203,203,203,203,203,203,204,204,204,205,205,205,205,205,206,206,206,207,207,207,206,206,207,207,207,207,207,207,206,205,204,204,203,202,202,201,201,199,198,191,119,57,68,70,67,63,62,60,58,56,55,55,55,54,54,54,55,55,54,53,52,56,59,61,61,60,60,61,62,61,62,62,64,64,69,72,71,74,73,76,76,77,74,74,70,70,67,66,64,63,64,64,66,64,63,63,53,59,62,64,65,65,64,69,72,71,77,77,75,75,78,75,77,78,77,82,85,83,80,80,78,77,82,89,96,96,96,99,98,96,94,93,93,89,85,80,60,159,184,196,198,200,201,205,207,209,210,211,213,213,213,214,214,215,215,215,215,215,216,216,216,216,216,216,216,216,216,216,216,215,216,216,216,216,216,217,216,217,216,216,216,215,216,217,217
201,201,201,201,201,201,201,202,202,202,202,203,203,202,203,203,203,203,203,204,204,204,204,204,205,205,205,205,206,206,206,206,208,208,207,206,207,207,207,207,208,207,206,206,205,205,203,203,202,201,200,199,199,198,186,85,60,69,69,66,63,60,58,57,55,53,53,53,54,52,53,53,52,51,51,51,54,56,59,59,60,59,61,59,59,62,59,61,60,67,68,70,71,73,73,70,76,72,70,65,62,65,65,65,65,65,64,64,63,59,58,54,57,62,63,61,66,63,62,69,72,73,66,66,74,77,78,79,76,78,79,91,87,83,77,76,80,84,91,91,93,97,101,99,97,97,94,95,91,84,79,62,107,177,190,199,200,201,203,205,207,208,210,211,212,212,213,214,215,215,216,215,215,216,216,216,216,216,216,217,216,215,216,216,216,215,217,216,216,217,217,217,216,216,216,217,215,216,216,216
201,201,200,200,201,202,201,202,202,202,202,202,203,202,203,203,203,204,204,204,204,204,205,205,205,205,205,206,206,206,207,206,207,207,207,207,207,207,207,207,207,208,207,206,205,204,203,203,202,201,200,200,199,194,149,57,61,67,68,65,62,59,58,56,54,54,54,53,53,52,52,52,51,50,51,53,55,56,59,59,60,63,65,59,56,55,58,58,60,65,67,66,71,71,68,79,78,75,69,71,63,63,66,63,61,63,62,62,59,58,58,62,56,61,63,63,61,60,63,66,65,63,64,72,75,78,83,83,85,76,85,94,93,83,77,80,82,82,86,89,93,95,102,97,96,97,97,97,94,86,82,74,69,154,190,197,198,200,202,204,206,208,209,210,210,211,213,214,214,215,215,215,215,216,216,216,217,216,216,216,216,216,216,216,216,216,216,217,217,216,216,217,216,217,217,217,216,217,217,217
201,201,201,201,201,201,201,202,203,202,203,203,203,203,203,204,204,204,204,204,204,205,205,206,206,206,206,205,206,207,206,207,207,207,207,207,208,207,207,207,207,207,207,206,205,204,203,203,202,201,201,200,199,192,99,53,64,67,65,63,60,58,58,56,54,53,53,54,55,51,51,49,50,50,51,53,56,53,58,62,61,62,60,61,59,56,58,58,59,65,65,65,71,71,70,73,72,66,66,70,64,63,67,62,60,61,61,58,59,69,68,59,58,61,69,65,65,62,62,61,62,61,64,71,71,72,90,82,76,78,85,90,82,80,85,84,82,79,86,90,94,96,102,100,97,96,98,98,96,91,83,81,63,103,184,195,198,199,201,203,206,208,208,210,210,211,212,213,214,215,215,215,215,216,216,216,216,216,216,217,216,215,216,217,217,216,216,216,216,216,217,217,217,217,217,217,216,216,216,217
201,201,202,202,202,202,202,203,202,203,203,203,202,203,203,204,204,204,204,204,205,205,205,206,206,206,206,207,206,207,207,207,207,208,208,207,207,207,208,207,207,207,206,206,205,205,204,203,202,201,201,200,199,176,68,53,62,64,64,62,60,58,56,56,54,53,54,53,54,54,52,50,50,50,53,55,57,58,60,58,64,65,63,58,55,56,57,59,61,63,64,61,65,65,68,69,67,65,74,68,69,68,75,68,67,67,61,59,62,66,67,58,54,61,72,63,67,60,58,63,66,60,62,64,69,73,83,82,80,79,84,81,82,82,80,78,82,77,82,89,96,96,98,98,96,96,100,100,100,93,84,80,67,56,173,194,197,200,200,204,206,207,208,209,209,210,211,212,213,214,215,215,216,216,216,217,216,216,217,217,216,216,216,216,216,216,217,217,217,217,217,217,217,217,217,217,217,216,216,216
202,202,202,202,203,203,203,203,204,203,203,203,203,203,204,204,204,204,204,204,205,205,205,206,206,206,206,207,207,207,207,207,207,208,208,208,208,208,207,208,208,208,207,207,205,204,204,203,202,201,201,200,196,141,55,55,62,64,63,62,59,58,56,56,55,52,54,53,54,54,52,52,51,50,53,55,57,59,61,61,66,64,63,59,60,58,58,59,61,58,60,61,64,65,67,68,68,65,70,67,67,70,76,73,71,69,65,60,59,61,59,53,55,59,70,64,66,58,58,67,67,62,63,64,69,75,81,77,70,75,79,76,72,75,74,75,81,84,86,92,98,98,98,96,97,99,98,104,105,96,84,79,77,57,168,196,196,198,201,201,204,206,207,208,208,209,211,211,213,214,214,215,215,216,216,217,217,217,216,217,216,217,216,217,217,217,217,217,218,217,217,217,217,217,217,217,217,217,217,217
202,202,203,203,204,203,203,203,204,204,203,204,204,204,204,204,204,204,205,205,205,205,206,206,207,207,207,207,207,207,207,208,207,208,208,208,208,208,208,208,208,208,207,207,206,205,204,203,202,201,200,199,191,109,48,55,63,64,63,61,59,57,56,55,54,52,52,52,54,53,51,51,52,54,55,56,56,57,63,61,64,64,63,61,61,58,59,60,63,59,60,59,59,64,66,65,67,66,68,68,69,71,70,70,69,67,63,60,58,58,57,55,58,60,67,57,56,57,65,64,62,64,65,66,69,71,72,69,77,76,77,77,77,76,76,76,81,80,85,91,95,98,100,95,95,97,100,104,108,101,91,82,83,60,166,192,197,198,201,201,203,205,206,207,208,209,210,210,211,212,213,214,215,215,215,217,217,217,217,217,216,216,217,216,217,217,218,217,217,217,217,217,217,218,217,216,217,216,217,217
203,202,203,203,203,203,203,203,203,204,203,204,205,204,204,204,204,204,205,205,206,206,206,206,207,207,207,207,207,208,208,208,208,207,207,208,208,208,208,208,208,208,207,207,206,205,204,203,202,201,200,199,189,76,50,58,63,63,63,61,59,56,55,54,53,52,52,53,53,53,51,50,52,54,56,58,58,58,61,57,60,64,64,65,63,61,62,65,63,63,62,61,60,64,66,66,69,69,64,69,72,70,68,68,66,66,63,61,59,63,59,62,65,64,64,58,55,56,64,65,64,66,67,72,73,72,71,69,79,80,77,77,74,84,82,83,82,82,85,90,94,98,105,101,93,96,98,104,106,102,95,82,89,65,147,193,195,197,200,200,202,204,205,206,207,208,208,210,210,212,212,213,214,215,215,216,216,216,217,216,216,217,217,217,217,217,217,217,217,217,216,217,217,217,217,217,218,216,217,217
203,203,203,203,203,203,203,203,203,204,204,204,205,205,204,204,204,204,205,206,206,206,206,207,207,207,207,208,207,209,208,209,208,208,208,208,209,209,209,209,208,208,208,207,206,205,204,203,202,200,199,197,167,58,56,62,62,62,62,61,58,56,54,53,53,52,52,53,54,53,51,50,52,52,55,59,63,61,60,45,60,65,67,70,66,63,62,61,62,62,60,61,60,63,65,64,65,70,68,70,68,70,69,69,65,66,65,61,61,62,67,72,69,69,67,64,63,63,68,66,64,64,73,70,71,72,71,70,69,74,77,77,77,82,85,85,86,85,86,89,95,96,96,100,103,99,98,103,106,104,100,89,87,63,107,191,193,197,199,201,202,203,205,207,207,208,209,209,210,212,211,213,213,214,215,216,217,217,217,217,216,217,217,217,217,217,217,217,217,217,217,217,218,218,218,218,217,217,217,217
203,203,203,203,204,203,203,203,204,204,204,204,205,205,205,204,204,204,205,206,206,206,207,207,207,207,208,208,208,208,208,208,208,208,208,209,209,209,209,209,208,208,208,207,206,205,204,203,202,201,199,194,138,49,59,65,62,62,62,60,57,55,53,53,53,53,53,54,54,53,52,51,51,52,51,57,57,59,60,61,67,72,72,71,65,61,61,63,67,68,61,60,56,70,71,72,66,63,67,72,71,71,71,71,71,68,66,67,68,69,71,73,69,71,71,70,67,67,66,67,65,65,69,67,71,71,68,70,67,69,75,77,81,80,86,90,91,90,87,88,93,100,105,102,108,100,99,103,108,105,102,99,87,69,90,177,191,194,197,200,203,205,206,207,207,208,209,209,210,211,211,212,214,214,215,216,216,216,217,216,217,217,217,217,217,217,217,218,217,217,218,218,218,217,218,218,217,217,217,217
203,203,203,203,204,203,203,204,204,204,204,206,205,205,205,205,205,205,205,206,206,206,207,207,207,208,208,209,209,208,209,209,209,209,209,209,209,209,209,209,209,209,208,207,206,205,204,203,202,201,200,189,117,49,65,65,63,63,63,60,58,56,55,54,54,54,55,56,55,53,51,50,50,50,49,51,54,57,57,64,68,71,72,69,69,63,62,67,69,71,66,64,60,63,66,64,65,66,66,67,65,68,68,70,72,71,71,71,75,76,73,69,69,74,73,71,66,65,62,69,68,69,67,68,71,70,70,68,67,70,75,76,84,83,86,95,93,90,90,92,90,95,97,101,105,104,103,106,106,109,105,104,102,90,72,176,190,191,195,198,201,204,206,205,206,208,209,209,210,211,211,212,213,214,215,216,216,216,217,217,216,217,217,217,217,217,218,218,218,218,218,218,218,218,218,218,218,217,218,217
203,203,204,204,204,203,203,203,204,204,204,205,205,205,205,204,205,205,206,206,206,207,207,207,208,208,208,209,208,208,209,209,209,210,209,210,210,210,209,209,209,208,208,207,206,205,204,203,202,201,200,193,116,57,64,64,64,63,63,60,58,56,54,52,54,54,55,56,56,54,54,52,54,54,54,56,57,57,60,65,68,68,68,70,70,65,63,69,72,76,72,63,64,64,66,68,68,66,64,63,63,64,65,68,67,72,77,79,76,74,71,69,69,71,74,70,66,65,64,68,68,69,68,70,72,67,65,69,70,73,76,79,82,85,86,100,97,91,90,90,91,93,94,99,102,106,107,109,108,110,108,107,107,91,62,162,185,188,194,197,200,203,206,204,205,206,208,209,209,211,211,212,213,213,214,215,216,216,217,217,216,217,217,217,217,217,218,218,218,218,218,218,218,218,218,217,217,217,217,217
204,204,204,204,204,204,204,204,205,205,204,205,205,206,206,205,205,205,206,206,207,207,207,208,207,208,208,209,209,209,209,209,210,210,209,210,211,210,210,210,210,209,209,208,206,205,204,202,201,200,200,192,98,63,69,64,63,64,63,59,57,56,52,53,55,56,56,56,56,56,57,57,57,57,61,62,64,65,66,67,69,70,68,68,73,69,71,78,79,78,76,67,64,66,65,69,71,68,66,68,62,65,64,67,66,69,69,75,74,73,69,70,68,68,66,67,66,64,65,65,66,67,69,76,75,71,69,71,70,74,76,82,83,85,88,103,97,88,91,89,87,88,91,95,101,105,108,111,113,113,112,112,109,91,61,160,185,190,193,197,199,201,204,205,206,207,208,209,209,210,211,212,212,213,214,215,215,217,216,216,216,217,217,217,217,217,218,217,218,218,218,218,218,218,218,218,218,217,218,217
204,204,204,204,204,204,204,204,205,205,205,206,206,206,205,204,204,207,207,207,207,208,208,208,209,209,209,209,210,209,209,210,210,211,209,210,211,210,210,210,210,209,209,208,206,205,204,203,201,200,200,188,81,65,66,64,63,64,63,57,56,54,52,52,54,57,58,58,58,59,59,60,58,59,61,63,65,66,69,73,72,69,66,65,70,74,78,84,77,76,77,72,67,65,65,74,72,68,73,74,62,66,68,68,69,69,68,68,68,70,68,67,71,69,64,64,62,64,65,65,64,66,68,72,70,71,70,73,76,75,86,85,87,87,90,86,91,85,80,83,86,92,92,92,98,100,104,111,115,116,114,113,113,96,56,163,185,188,190,194,196,198,201,203,204,206,207,208,209,210,211,212,213,213,213,214,214,216,217,217,217,217,217,218,217,217,217,217,218,218,218,217,218,218,218,218,217,217,217,218
204,204,205,204,204,204,204,204,205,206,206,206,206,206,205,204,205,206,208,208,208,208,208,208,209,209,209,210,210,210,210,210,210,210,210,210,211,211,211,210,210,210,209,208,207,206,204,203,201,200,199,197,90,69,69,65,63,64,62,57,55,53,51,50,54,56,57,57,56,58,57,57,58,59,60,64,64,65,64,69,68,68,67,63,67,73,77,76,78,78,78,79,72,69,71,76,64,48,61,70,63,61,68,72,71,73,68,68,70,63,65,69,71,70,68,71,66,66,68,69,65,67,68,70,71,71,70,72,73,81,85,92,88,95,89,87,94,91,82,79,77,84,95,92,94,99,101,109,116,117,117,115,114,99,54,140,182,186,189,193,195,198,200,202,203,205,207,208,209,210,210,210,211,212,213,214,214,215,216,217,216,217,217,218,217,217,218,218,218,217,218,218,218,218,217,218,218,218,217,218
204,205,205,204,205,206,205,205,206,206,206,207,207,207,207,206,207,207,208,208,208,208,208,209,209,210,210,210,210,210,210,210,211,211,210,210,211,211,211,211,210,210,209,209,207,206,204,203,202,200,198,188,87,71,72,67,63,65,61,55,53,51,48,46,52,52,50,49,51,52,49,52,54,58,60,60,63,63,62,67,67,69,65,65,65,73,71,73,74,76,88,84,74,71,74,75,72,66,69,69,69,62,70,77,70,73,73,72,76,68,66,76,72,70,68,65,64,68,70,69,69,68,69,72,72,71,72,72,77,84,86,85,84,86,88,89,86,84,81,70,86,85,83,91,94,96,100,106,115,117,118,117,116,105,60,142,177,186,188,191,194,196,198,201,203,205,207,209,210,212,210,209,211,212,212,213,214,215,216,217,216,217,217,218,218,218,218,218,218,218,218,218,218,218,218,218,219,217,218,218
204,204,205,205,206,206,206,206,206,207,207,207,207,207,207,207,207,208,208,208,208,209,209,209,209,210,210,211,210,210,210,211,211,211,211,211,211,211,211,210,211,210,210,209,208,206,205,203,203,200,199,169,70,72,71,67,66,66,59,54,52,47,46,43,44,43,45,45,45,45,41,46,48,56,56,56,61,62,63,66,69,68,66,69,72,77,75,77,80,81,88,81,77,72,74,80,81,71,71,69,73,70,71,78,75,72,72,73,77,74,72,75,74,73,73,71,73,73,71,70,69,68,70,74,72,71,71,76,81,72,85,86,80,90,78,85,80,76,81,79,85,84,87,93,96,96,100,106,114,118,118,117,116,105,72,156,178,184,187,189,192,195,197,200,202,204,206,208,210,211,210,209,210,212,212,213,213,214,215,216,216,217,217,217,217,218,218,219,218,218,218,218,218,218,219,218,218,216,218,217
204,205,205,206,206,206,206,207,207,207,207,207,207,207,208,208,208,208,208,209,209,209,209,210,210,211,210,211,211,211,211,211,211,212,212,212,211,211,211,211,211,211,210,209,208,207,204,204,203,200,198,165,79,71,69,68,69,64,58,53,48,43,38,38,42,44,43,41,41,41,41,44,47,53,56,55,58,60,58,62,64,66,67,72,78,80,83,89,91,91,89,84,80,77,73,76,79,74,73,72,72,70,67,76,73,71,79,74,74,79,79,76,79,78,78,80,81,84,78,73,71,69,70,74,73,75,73,82,88,75,81,84,77,79,82,78,75,72,72,70,86,93,92,92,94,99,100,106,113,118,117,116,116,106,71,148,178,183,186,189,191,193,196,199,200,204,205,206,208,210,209,210,211,211,213,213,214,215,215,216,216,217,217,218,218,218,218,218,219,218,218,218,219,218,218,218,218,217,218,218
205,206,205,206,206,207,207,207,207,207,207,207,208,207,208,207,208,209,209,209,209,210,209,210,210,210,210,211,211,211,211,211,212,212,212,212,213,211,212,212,212,211,211,209,208,207,205,204,202,201,198,185,107,72,70,68,71,63,59,52,46,39,38,37,40,42,42,42,40,39,41,42,45,49,47,53,54,55,56,57,62,67,69,77,79,81,91,97,100,99,97,92,88,87,85,80,77,79,82,80,75,68,62,69,61,70,79,79,81,82,83,81,84,88,88,89,87,90,77,72,71,70,71,72,75,73,75,74,69,75,88,83,75,75,75,82,81,80,83,74,82,91,97,94,93,98,101,106,113,116,116,116,116,111,87,151,173,180,185,188,190,192,194,197,199,203,204,206,208,209,209,211,212,213,213,214,215,215,215,215,215,217,217,218,218,218,218,218,218,218,219,218,218,218,218,218,218,218,218,218
205,205,206,207,207,207,207,208,208,208,208,207,207,207,207,208,208,209,209,209,209,209,209,210,210,211,211,211,212,211,211,212,212,212,212,212,213,211,212,212,212,212,211,210,209,206,205,203,202,200,198,193,117,75,71,69,71,64,58,50,46,41,40,40,39,38,40,34,38,40,42,41,45,45,44,46,52,54,55,59,64,65,70,77,78,84,89,91,95,95,93,93,97,95,89,83,80,80,81,74,67,63,66,75,75,75,82,81,85,88,88,84,94,91,88,95,93,84,75,74,75,71,73,76,73,65,69,63,57,58,67,69,75,73,76,80,88,80,80,81,83,86,93,96,99,99,105,106,112,114,115,113,115,114,89,154,176,181,183,186,190,192,193,195,198,200,202,205,206,208,209,210,212,213,214,213,215,214,214,215,215,217,217,218,218,217,218,218,218,218,219,218,219,219,218,219,218,218,218,218
206,206,206,207,207,207,207,208,208,208,208,208,209,208,208,209,209,209,210,210,210,210,210,210,211,211,211,212,211,212,211,212,212,212,213,213,212,211,212,212,212,212,211,210,208,207,205,204,202,200,197,195,116,74,71,73,68,58,54,52,47,43,43,43,42,41,40,29,33,41,42,39,38,40,42,46,50,54,52,50,69,63,68,75,74,81,91,90,91,92,87,90,89,82,85,83,81,80,87,73,70,61,70,76,78,77,80,81,87,91,93,95,98,94,90,96,94,82,72,70,73,72,71,72,72,65,68,57,50,52,68,66,71,72,75,81,87,85,82,91,87,90,92,99,100,97,105,111,113,113,114,111,115,115,78,153,179,181,184,186,187,191,192,194,197,198,202,203,206,207,208,209,211,212,213,214,215,214,214,214,215,216,217,218,218,217,218,219,219,219,219,218,219,219,219,219,219,219,217,218
206,207,207,208,208,208,208,208,208,209,208,209,209,209,209,209,209,209,210,210,210,211,211,211,211,211,212,212,211,212,212,212,212,212,213,213,213,212,212,212,212,212,211,210,209,207,205,204,202,201,199,183,101,71,71,75,65,59,57,53,48,45,44,45,45,44,41,40,45,47,47,42,38,38,38,45,50,52,52,50,55,68,56,71,70,76,77,76,73,80,87,88,85,74,76,79,82,83,83,78,72,63,69,75,77,79,82,78,84,86,83,84,87,86,83,86,84,76,68,70,68,67,64,66,63,57,58,58,54,65,71,75,72,72,74,76,80,80,81,88,87,84,82,100,101,103,107,110,110,112,112,111,114,114,76,140,179,181,183,186,187,191,192,193,195,198,201,203,205,207,208,210,210,212,212,214,214,212,213,214,215,216,217,218,218,218,218,219,218,219,219,219,219,218,219,219,219,219,218,218
207,207,207,208,208,209,209,208,209,209,209,209,209,209,209,209,209,210,210,211,210,211,211,210,212,212,212,212,213,212,213,212,213,213,213,213,213,212,212,212,213,213,212,211,209,208,205,203,202,200,198,176,113,70,70,77,65,58,54,53,50,48,48,49,49,47,43,46,49,51,51,47,43,39,39,41,43,45,47,48,50,56,62,64,72,72,75,73,67,71,77,73,69,68,70,72,83,84,79,79,77,73,72,75,77,77,78,71,76,76,70,71,72,71,74,74,69,65,65,63,63,65,63,63,63,64,60,63,69,73,72,78,77,76,76,84,85,77,77,77,83,86,97,102,101,105,112,114,113,113,111,111,114,114,80,142,178,180,181,185,186,189,191,193,194,196,199,203,204,206,207,209,210,211,212,212,214,212,213,214,214,215,216,217,218,218,219,219,219,219,219,219,219,219,219,219,219,219,218,217
206,206,207,208,208,208,209,209,209,209,209,209,209,209,209,210,210,210,211,211,211,211,211,212,212,212,212,212,213,213,213,213,213,212,213,213,213,213,212,213,213,213,212,211,210,208,205,204,201,199,196,184,134,67,71,76,67,62,55,51,52,52,52,52,53,54,54,47,54,52,53,51,46,43,41,39,41,43,44,45,49,51,53,60,61,63,65,64,66,67,64,61,61,64,64,67,74,80,87,82,80,77,75,70,75,69,71,63,61,64,62,61,60,55,56,57,58,58,52,52,54,56,61,64,71,72,74,74,70,67,70,75,76,75,80,92,93,81,84,84,78,84,91,90,95,104,110,114,116,114,112,110,113,114,94,163,176,180,178,182,184,188,190,193,194,196,199,201,203,204,206,208,209,210,212,212,213,212,212,214,215,216,216,217,218,219,219,219,219,219,219,219,219,219,219,219,219,219,218,218
207,207,207,208,208,208,209,209,209,209,209,209,209,209,210,210,210,211,211,211,211,211,212,212,212,212,212,213,213,213,213,213,213,212,212,213,213,213,213,213,213,213,212,211,210,208,205,203,201,195,194,194,144,71,72,73,63,59,57,55,52,54,53,55,55,55,56,56,53,52,52,52,51,48,40,41,40,44,45,46,39,43,46,50,53,57,55,56,54,55,59,59,57,57,61,63,71,73,85,85,78,76,75,76,71,68,66,64,60,60,54,57,56,55,55,56,57,52,49,53,53,58,59,63,67,67,63,66,65,67,71,72,75,74,78,80,81,85,86,92,89,91,97,96,104,109,108,111,113,118,108,108,110,114,121,171,177,168,148,136,149,179,189,193,194,196,199,201,202,204,206,207,209,210,210,212,213,212,212,214,215,215,216,217,218,218,218,219,219,219,219,219,219,219,219,218,219,219,218,218
207,207,207,207,208,209,209,209,209,209,210,210,209,210,210,210,210,211,211,211,212,211,212,212,212,212,212,212,213,213,213,213,214,213,213,213,214,213,213,213,214,213,212,211,210,207,205,202,198,157,121,136,130,68,72,71,63,60,57,55,53,54,51,51,52,53,55,56,55,55,54,53,53,54,51,54,47,47,45,45,44,44,46,52,51,54,52,50,50,47,50,52,53,53,54,54,65,69,80,80,80,78,74,79,72,71,68,66,67,65,56,53,54,52,51,51,51,50,48,51,57,63,62,60,62,64,64,69,71,73,74,73,74,75,78,77,82,86,87,88,92,92,99,103,105,107,110,110,114,119,107,106,109,112,127,175,161,87,50,54,65,92,168,193,194,195,199,199,202,204,205,206,207,208,210,211,212,212,213,213,214,214,216,217,217,218,218,218,219,219,219,219,219,219,219,219,219,219,218,219
207,207,208,208,208,209,210,210,210,210,210,210,210,210,210,210,210,211,210,211,212,212,212,212,213,213,213,213,214,214,214,214,214,213,214,214,214,213,213,214,214,214,213,212,210,208,206,199,114,58,40,30,37,68,68,69,62,60,57,54,55,54,51,51,52,54,55,55,57,59,60,61,64,63,59,60,59,56,49,47,45,44,47,50,51,51,53,50,48,44,45,47,45,46,45,50,54,59,69,74,77,75,79,74,74,74,68,66,68,62,55,57,58,52,54,52,54,53,52,53,54,59,66,67,70,75,72,75,76,76,76,72,74,78,79,79,85,86,88,86,94,97,102,111,107,102,105,109,111,112,101,103,107,114,122,136,45,33,41,49,69,87,107,175,193,195,197,200,201,203,204,206,207,208,208,211,212,211,212,213,214,215,215,217,217,218,218,219,219,219,219,219,219,219,220,219,219,219,218,219
207,208,208,208,208,209,210,210,210,210,211,210,210,210,209,210,211,211,211,212,212,212,212,213,213,213,213,213,214,214,214,214,214,214,214,215,214,213,214,214,214,214,213,213,210,208,205,151,68,51,39,33,25,68,68,67,65,63,61,57,56,49,51,50,52,55,55,55,58,61,60,63,68,69,67,71,71,67,64,60,57,57,50,48,48,50,50,49,48,48,46,42,36,37,42,47,51,60,66,67,64,71,66,66,65,69,68,69,73,63,57,56,55,55,59,57,54,55,57,61,65,67,71,77,75,78,77,73,73,70,70,65,70,72,71,74,77,75,77,84,96,104,106,108,105,103,105,105,108,108,99,103,109,114,108,25,26,35,46,66,92,101,96,143,194,195,197,199,200,202,203,204,206,207,209,210,211,210,212,213,214,215,216,216,217,218,218,219,219,219,219,219,219,220,219,219,219,219,218,219
208,208,208,209,209,209,209,210,210,210,210,209,210,210,210,211,211,211,211,212,212,213,213,213,213,213,213,213,213,213,214,214,214,214,213,214,214,214,215,215,214,215,214,213,211,208,205,120,67,52,39,33,27,65,67,69,65,63,62,58,55,47,53,53,56,57,54,55,60,60,60,64,65,70,70,75,74,71,69,67,64,60,60,60,57,55,54,51,47,47,47,44,39,38,41,43,48,56,65,67,62,61,64,62,57,61,63,63,59,57,57,55,54,54,58,55,52,62,66,69,69,71,69,66,62,54,45,42,38,39,37,24,22,24,28,32,42,52,60,70,92,99,105,111,110,101,102,107,107,103,99,105,107,113,94,20,28,48,72,96,98,35,40,131,195,195,197,199,200,201,203,204,205,206,208,209,210,210,213,214,215,215,215,216,217,219,219,219,219,219,219,219,219,219,219,219,219,219,219,219
207,208,209,208,209,209,210,209,210,211,210,209,210,210,210,211,211,212,212,213,213,213,213,213,213,213,213,212,213,214,214,214,214,215,214,215,214,214,214,214,214,215,214,213,211,209,206,141,56,61,43,33,29,64,64,65,65,63,61,59,56,53,54,55,57,58,54,52,54,57,51,52,51,50,51,54,53,56,60,62,64,65,65,65,63,61,57,52,48,47,48,46,43,40,41,43,49,53,61,64,58,58,56,54,54,57,58,59,54,52,50,53,53,50,49,51,53,67,67,69,65,61,54,44,30,25,38,41,40,35,30,26,30,33,41,45,45,42,38,36,44,71,95,110,111,101,105,110,107,100,100,106,105,114,101,31,42,69,96,101,40,11,42,132,195,196,198,199,201,201,201,203,203,204,207,209,210,211,214,214,215,215,215,215,217,218,219,219,220,219,219,219,219,220,219,219,219,219,219,219
208,208,209,209,209,209,209,210,210,211,211,210,210,211,212,212,212,212,213,213,213,213,213,214,213,214,214,213,213,213,215,215,215,215,214,215,215,214,215,215,215,215,214,213,211,209,207,195,45,30,55,37,32,65,64,62,63,63,62,60,57,53,53,55,52,50,47,45,31,16,20,19,26,34,37,42,41,36,32,33,42,49,57,60,61,59,56,53,49,48,49,44,42,41,42,42,49,48,48,51,52,54,57,57,52,46,49,50,50,50,48,51,51,49,49,51,51,60,61,61,52,43,21,20,23,40,56,56,58,64,55,40,35,40,46,63,63,67,68,72,55,28,66,94,106,108,104,102,106,100,99,105,103,112,112,47,62,90,104,47,16,8,51,146,194,195,197,200,200,201,201,203,204,204,206,208,209,211,212,214,215,214,215,216,217,218,219,220,219,219,219,219,220,219,219,220,219,220,219,219
208,208,209,208,209,209,209,209,210,210,211,211,211,211,211,212,212,212,212,213,213,213,214,213,214,214,214,214,214,214,214,214,215,214,214,215,214,215,215,215,215,215,215,213,212,209,207,205,75,25,37,47,37,64,62,60,59,62,60,61,58,54,51,52,51,46,22,11,13,23,35,38,43,48,51,49,50,46,38,28,23,24,27,38,46,54,59,56,51,46,45,44,43,45,44,42,40,39,38,46,54,59,60,55,54,53,53,53,49,51,49,47,47,48,48,49,49,51,50,46,42,19,21,25,27,40,44,52,48,45,43,40,37,38,44,54,56,63,75,87,87,59,34,67,100,105,101,102,105,101,100,100,101,109,116,60,84,100,50,19,16,10,57,159,194,194,199,201,201,202,203,203,203,204,206,207,208,210,212,214,214,215,215,216,217,218,219,220,220,220,219,220,220,220,220,220,219,219,220,219
208,208,209,209,209,210,210,210,210,210,211,211,211,211,211,211,212,212,212,213,214,214,214,214,214,214,214,214,214,214,214,215,215,214,214,214,215,215,215,215,215,215,214,213,211,209,207,205,87,39,17,42,43,64,60,58,58,60,60,62,60,56,52,49,41,18,17,27,32,35,39,43,43,50,53,53,54,52,45,35,27,23,23,24,32,42,49,47,47,49,45,45,42,41,47,43,41,41,40,47,56,65,64,67,63,64,63,61,57,54,53,48,46,44,43,42,42,44,40,39,20,26,24,29,27,33,40,40,63,84,90,63,55,46,50,55,56,66,73,84,86,82,56,37,83,104,98,101,103,100,100,101,101,106,113,72,98,78,17,23,16,23,80,174,194,196,199,200,201,203,203,204,204,205,206,207,208,209,211,213,214,216,215,215,217,217,219,219,219,219,220,220,219,219,219,220,220,220,220,219
208,209,209,209,209,209,210,210,210,210,210,211,211,211,212,212,212,213,213,213,214,215,214,214,214,214,214,215,214,214,215,215,215,215,214,215,215,215,215,216,216,215,215,213,211,210,208,204,97,46,12,37,42,62,57,56,57,59,60,62,63,59,49,36,10,25,31,32,33,35,40,45,46,51,54,53,52,49,46,43,32,27,27,23,19,26,37,42,42,42,41,41,42,41,43,41,41,40,45,56,60,65,66,69,70,73,74,69,67,66,54,49,49,50,38,38,38,41,39,22,28,30,20,28,26,26,28,26,32,34,26,38,40,43,58,75,75,85,109,103,84,90,83,44,56,102,99,96,97,96,97,100,100,104,109,80,104,67,10,23,6,33,92,189,195,197,199,200,202,202,203,204,205,205,206,207,207,208,210,212,214,215,214,215,217,218,219,220,219,219,220,219,219,219,219,220,220,220,220,220
208,209,209,210,210,209,210,210,211,211,211,211,211,211,212,212,212,212,213,213,213,214,214,214,214,214,215,215,216,216,216,215,215,215,215,215,215,215,216,216,216,215,215,214,211,210,208,207,114,51,8,37,40,62,56,54,54,57,59,61,68,54,35,11,28,33,34,32,34,36,39,44,48,56,56,55,54,50,46,44,37,34,28,26,26,19,23,37,42,42,41,41,41,40,41,37,41,41,44,55,59,64,69,67,66,67,70,71,74,66,53,52,51,47,41,40,42,40,19,24,22,21,21,18,18,26,10,7,8,32,10,4,5,7,6,17,36,58,103,118,100,95,95,83,61,83,101,93,93,92,91,96,98,102,106,84,120,66,8,13,6,45,121,193,195,197,199,201,201,201,203,204,203,204,205,207,209,208,210,212,213,215,216,216,216,217,218,220,220,220,219,220,220,219,219,220,219,220,220,220
209,210,210,210,210,210,210,211,211,211,211,212,211,212,212,213,213,213,213,214,213,214,213,213,214,215,215,215,216,216,216,215,215,216,215,215,216,216,215,216,216,216,215,214,212,211,209,208,130,51,7,31,35,65,55,53,52,53,53,54,61,37,15,24,40,36,33,34,34,35,37,42,59,70,72,76,70,69,49,42,37,34,30,25,27,26,21,22,29,43,44,42,42,40,38,36,40,42,45,48,54,60,61,61,59,66,73,76,73,61,46,42,51,53,53,54,42,30,35,28,17,14,28,63,88,78,16,12,7,61,102,10,16,8,20,70,62,31,28,56,90,99,94,85,91,88,99,97,95,95,95,97,98,100,106,94,126,66,7,13,8,60,144,193,195,197,199,199,201,200,202,203,204,204,205,206,208,207,209,211,213,215,216,216,217,218,219,219,220,220,219,219,220,220,220,220,220,220,220,219
209,209,210,211,211,210,211,211,211,211,212,211,212,212,212,213,212,213,213,214,214,214,214,214,214,215,215,215,216,216,216,215,215,216,216,216,216,216,216,217,217,216,215,215,213,212,209,207,145,51,5,27,32,66,55,52,51,51,50,52,57,31,28,49,47,41,40,37,36,35,36,37,37,39,34,38,25,27,20,18,14,16,17,20,21,22,26,23,29,40,42,43,42,38,32,35,38,42,45,48,51,59,62,64,60,62,64,69,73,58,44,38,40,54,59,46,58,35,18,10,17,39,77,104,125,90,18,14,8,24,99,7,21,97,86,126,128,116,66,18,25,59,68,75,83,94,96,97,96,94,94,95,98,100,105,99,119,68,6,10,9,63,167,194,196,197,199,199,200,200,201,202,203,203,205,206,207,206,209,211,213,214,216,216,216,218,219,219,219,219,219,220,220,220,220,220,219,220,220,219
209,210,210,210,211,211,212,211,212,212,212,212,212,212,212,213,213,214,214,214,214,214,214,214,214,215,215,215,216,216,215,215,215,216,216,216,216,216,217,216,216,217,216,215,213,212,209,206,159,53,7,23,29,75,54,51,51,51,50,50,48,36,40,48,56,48,44,40,37,32,24,17,10,6,3,8,94,11,9,7,6,49,66,53,25,16,19,24,27,41,39,46,39,32,25,31,34,36,39,44,46,53,60,60,59,60,61,67,73,62,45,36,30,53,61,44,29,23,57,51,48,89,100,125,133,104,22,10,8,22,9,5,18,51,50,128,161,156,112,26,11,30,60,70,74,90,96,99,95,93,94,95,100,100,105,98,116,85,9,7,18,87,183,193,196,197,199,199,200,200,200,201,202,203,205,206,207,207,209,211,212,214,214,217,217,218,219,219,219,219,220,220,220,220,220,220,220,220,219,219
210,209,210,211,211,211,211,211,211,212,212,213,212,213,213,214,214,213,215,215,214,214,214,214,214,215,215,215,216,216,216,216,216,216,216,216,216,217,217,217,216,216,216,215,214,212,210,208,174,56,9,19,25,73,51,50,50,51,51,48,42,36,31,34,56,51,47,36,17,19,31,13,11,19,12,9,29,7,7,7,15,94,107,101,62,49,37,60,35,23,40,51,40,30,26,32,32,36,36,40,42,49,55,54,52,53,59,59,67,62,49,42,28,41,51,29,19,11,18,31,50,48,52,92,133,129,48,11,8,19,15,10,9,22,65,156,171,142,61,26,59,63,56,70,83,94,98,99,97,92,92,95,101,101,108,82,97,95,16,7,34,100,192,193,196,198,197,199,200,200,200,202,202,202,204,206,207,207,209,210,211,214,215,217,216,218,219,219,219,220,219,220,220,220,221,220,220,220,220,220
209,210,210,211,211,212,212,212,212,212,212,212,213,213,213,213,214,214,215,215,215,215,214,214,215,216,216,216,216,216,216,216,216,216,216,216,217,216,217,217,217,217,216,215,214,212,210,208,196,66,22,14,28,64,52,50,51,51,51,48,43,38,36,32,28,22,17,7,23,51,73,87,24,22,10,24,10,8,5,9,32,112,122,75,33,23,24,30,15,15,27,37,36,34,25,27,29,35,38,46,46,45,53,51,55,57,58,60,64,63,55,43,31,31,43,34,37,50,49,30,17,22,25,29,50,91,93,27,12,14,15,15,19,46,130,158,121,52,43,77,95,92,100,95,90,90,93,93,99,93,93,96,100,102,109,73,76,86,25,12,46,126,192,193,196,197,198,198,200,200,201,201,202,202,204,205,207,208,209,210,212,213,214,216,216,218,219,219,220,220,220,220,220,221,220,220,220,221,219,220
209,210,211,211,211,212,212,213,213,213,213,213,213,213,214,213,214,215,214,214,215,215,214,214,215,216,216,216,216,216,216,217,216,216,216,217,217,217,217,217,217,217,217,215,214,212,209,208,207,88,38,15,31,63,53,51,51,53,52,50,46,42,39,34,24,23,11,6,11,59,116,124,69,23,20,25,14,12,11,14,65,69,34,23,20,21,34,38,45,49,45,37,40,31,25,29,32,37,42,43,48,46,53,51,53,55,57,61,72,69,57,50,37,34,37,39,47,52,62,54,65,63,72,62,51,33,32,30,27,27,17,17,34,61,61,39,30,54,114,119,103,96,108,93,92,86,87,90,96,94,94,96,99,103,106,71,53,77,37,13,53,152,193,194,195,197,198,198,199,200,199,201,202,202,204,205,206,208,210,210,212,213,214,216,216,217,219,219,220,220,220,220,220,221,221,220,220,220,220,220
210,211,211,211,211,212,212,212,213,213,213,213,214,213,214,214,214,215,215,215,215,215,215,215,216,216,217,216,216,216,216,217,217,217,216,216,217,217,217,217,217,217,217,216,214,213,209,208,206,124,49,19,30,61,54,52,51,53,52,51,48,44,43,40,38,40,23,19,12,22,58,98,117,62,20,14,12,19,19,22,24,29,39,44,40,35,38,42,47,57,39,41,41,27,31,34,38,42,43,45,46,47,52,51,50,55,59,62,69,62,66,55,45,41,39,36,47,55,51,59,41,43,62,78,82,105,95,56,42,39,36,31,27,31,42,59,80,90,103,124,102,100,103,92,89,86,83,87,91,92,91,97,100,104,104,76,49,65,51,23,61,172,193,194,195,196,197,199,199,200,200,201,200,201,202,204,206,208,209,209,212,213,214,216,216,217,219,219,220,220,220,220,220,221,220,220,220,221,220,220
210,211,211,212,212,212,213,213,213,213,213,213,214,214,214,214,214,214,215,215,215,215,215,215,216,216,216,216,216,216,216,217,217,216,217,217,217,217,217,217,217,217,216,215,214,212,210,209,208,161,53,25,36,62,54,52,52,53,53,51,49,48,47,51,50,47,45,44,35,25,17,16,21,28,24,24,28,39,42,50,58,65,65,57,30,45,32,43,57,46,42,39,36,34,32,36,38,41,41,44,44,48,52,54,54,57,64,67,73,74,74,77,54,46,41,39,48,56,58,61,54,58,33,54,52,50,65,61,72,66,60,37,37,60,64,79,76,88,96,106,106,99,94,91,85,84,81,85,89,88,92,96,100,102,104,70,43,56,60,30,73,187,193,194,195,197,196,201,200,199,200,201,201,202,202,205,206,207,209,211,212,212,214,216,216,217,219,219,220,220,220,221,221,221,220,220,221,221,221,221
211,211,211,212,213,212,213,213,213,213,214,213,214,214,214,214,214,215,215,215,215,215,215,215,216,215,216,216,216,216,216,217,217,216,217,217,217,217,217,218,217,217,216,215,215,212,212,209,208,188,53,27,38,60,55,53,53,53,53,53,51,50,49,49,49,50,50,46,43,41,38,35,39,44,56,69,74,70,78,92,74,61,41,28,49,27,45,57,52,45,41,40,33,40,38,35,38,41,42,49,48,53,53,54,54,59,71,79,78,75,75,93,72,59,49,36,37,47,59,61,60,64,71,51,37,48,39,37,31,37,40,35,39,58,72,91,116,125,125,114,108,88,88,85,81,80,82,82,86,87,91,98,102,103,106,70,36,49,66,31,95,191,193,194,195,197,196,201,200,200,200,200,201,202,202,204,205,207,210,212,212,212,214,216,218,217,219,220,220,220,220,220,221,221,220,221,221,221,221,220
211,211,211,212,213,212,213,213,214,214,214,213,214,215,214,214,215,215,216,215,215,216,214,215,215,216,216,216,216,216,216,216,217,217,217,217,217,217,217,217,218,218,217,216,215,213,211,209,208,203,66,27,37,61,58,54,53,54,53,53,53,53,49,47,48,50,50,48,45,43,43,42,40,43,39,41,36,43,47,57,50,34,45,53,32,55,61,53,43,44,39,38,33,38,40,32,38,44,45,54,55,51,53,56,56,61,63,76,83,77,72,90,87,72,61,46,42,46,49,56,63,68,61,61,64,45,41,55,57,49,44,48,55,63,67,76,91,104,114,105,101,89,83,82,79,74,77,83,85,90,93,96,103,105,106,72,30,49,64,33,111,193,192,195,195,197,197,199,200,200,200,201,201,202,201,204,206,207,209,211,212,212,214,215,217,218,219,219,220,220,220,220,221,221,221,220,221,221,221,221
211,212,212,212,213,213,214,214,213,214,214,214,214,214,214,215,215,216,216,216,216,215,216,216,215,216,216,216,217,216,216,216,217,217,217,217,217,217,217,217,218,217,217,216,214,213,211,209,209,198,63,23,36,62,57,51,54,55,54,54,53,51,48,46,46,47,48,47,47,46,44,42,42,44,39,38,43,47,38,30,45,63,48,44,62,65,65,44,44,44,39,41,37,42,37,33,36,38,44,49,59,54,59,58,54,59,65,72,78,78,64,77,85,76,73,69,58,55,52,57,56,64,72,75,68,60,62,52,45,49,58,54,53,67,68,81,92,94,97,95,90,88,81,78,76,73,79,82,85,92,95,99,104,107,106,75,29,55,53,37,122,192,192,195,195,198,197,199,199,199,200,201,201,202,202,204,205,206,208,211,211,213,214,215,217,217,219,220,220,220,220,220,220,221,221,220,221,221,221,221
212,212,212,213,212,213,213,213,214,214,213,214,215,214,215,215,215,216,215,216,216,215,216,216,216,216,216,217,217,217,217,216,217,217,218,217,217,217,217,218,218,218,217,216,215,213,212,210,208,199,57,17,28,60,59,53,54,56,55,54,51,50,46,44,46,44,46,45,45,44,44,44,49,47,45,40,38,36,48,65,50,48,60,72,72,64,50,48,44,42,39,41,40,42,32,35,37,43,52,55,57,58,58,59,58,60,65,70,72,72,65,65,71,80,80,75,68,64,59,61,62,62,64,71,70,73,65,67,69,62,55,56,58,66,73,77,87,86,83,82,81,86,81,77,73,72,82,81,91,94,96,99,105,107,108,77,35,72,29,39,122,190,192,194,195,198,197,198,199,199,199,201,202,203,202,204,204,205,208,211,211,213,215,215,217,217,218,220,220,220,220,220,220,220,221,221,221,221,221,221
212,212,212,213,213,214,214,213,214,214,214,214,215,215,215,215,215,216,216,216,216,215,216,216,216,216,216,217,217,217,217,217,217,217,217,217,217,217,217,217,218,217,217,216,215,213,212,211,199,168,36,10,21,56,59,56,54,56,54,54,54,50,48,45,44,44,43,42,42,40,43,44,45,42,40,39,51,59,51,51,56,67,73,73,72,60,57,55,52,45,43,43,42,37,31,40,42,48,50,54,57,54,57,58,61,67,72,73,68,75,65,59,64,80,83,81,74,69,66,65,63,61,60,69,69,69,81,72,67,71,71,72,71,69,70,72,78,79,81,82,87,91,87,82,77,78,81,81,91,95,97,103,107,109,107,77,55,77,13,34,110,172,191,195,196,197,198,198,199,200,200,200,202,203,202,203,202,206,208,211,212,212,214,215,217,217,219,219,220,220,221,220,221,221,221,220,221,221,221,221
212,213,212,213,213,214,214,214,215,214,215,214,215,215,216,216,215,216,216,216,215,216,215,215,214,216,216,216,215,216,217,217,218,217,217,217,218,218,217,217,218,217,217,216,215,214,213,209,194,121,25,5,16,57,60,57,57,56,54,54,53,51,49,48,48,47,46,43,41,40,40,41,44,47,52,56,54,53,60,70,76,70,69,64,57,56,58,52,50,51,46,46,39,30,31,39,44,47,54,58,57,56,59,61,64,65,62,67,72,69,62,62,55,75,84,84,83,75,74,72,68,65,63,68,66,69,71,70,71,72,68,72,73,71,77,78,79,83,86,84,85,85,86,77,80,80,78,83,93,99,103,103,109,108,103,76,68,40,12,40,106,184,196,195,196,197,199,197,200,200,200,201,201,201,202,203,204,206,209,211,213,212,213,214,217,217,218,220,220,220,221,220,220,220,220,221,221,221,221,221
212,213,213,213,213,213,214,214,214,215,214,214,215,215,216,215,215,214,214,214,214,215,214,214,214,216,216,216,216,216,216,217,217,217,217,217,217,217,217,217,218,217,217,216,215,214,213,210,185,116,32,26,37,51,60,59,59,57,56,54,53,50,50,52,50,49,47,44,43,44,45,47,48,50,46,46,55,71,72,72,71,68,71,52,56,60,60,57,52,49,47,45,33,27,34,39,41,50,55,57,59,59,62,64,64,68,66,73,70,70,70,74,58,70,84,87,80,79,77,80,78,72,65,64,67,65,66,67,69,71,71,75,81,77,79,81,83,86,89,90,89,87,86,82,80,80,83,86,96,101,108,112,112,108,100,74,52,18,19,43,115,169,192,195,196,198,198,198,199,199,200,200,201,202,203,203,203,205,209,211,213,213,214,215,217,217,218,218,220,220,220,220,221,221,221,221,221,221,221,222
212,213,213,213,214,214,214,214,214,215,215,214,215,215,216,215,215,214,214,214,215,215,214,214,214,216,215,216,216,216,216,216,216,217,218,217,216,216,216,217,217,218,217,216,215,214,213,209,161,96,54,53,36,56,62,61,61,60,59,56,55,51,51,52,50,50,50,46,43,45,45,45,51,55,59,64,70,66,67,69,64,66,58,60,64,64,65,60,55,50,43,42,29,33,45,45,49,57,54,60,61,62,63,65,69,69,75,72,68,70,71,77,72,66,85,92,101,90,85,81,78,78,75,67,66,62,64,62,65,65,64,66,72,73,78,79,83,84,89,93,90,86,83,80,79,82,83,85,97,102,112,117,113,111,103,80,55,40,35,63,125,176,188,196,197,198,198,198,200,200,200,201,201,202,202,203,204,204,209,211,213,213,213,216,217,217,218,219,220,220,220,221,221,222,221,221,221,221,221,222
212,213,213,213,214,214,214,214,215,215,215,214,215,214,215,215,215,214,214,214,215,215,214,215,215,215,215,215,215,215,215,215,216,217,217,217,216,216,216,217,218,218,217,216,216,215,213,211,184,73,53,48,25,60,63,62,63,62,60,58,57,54,53,54,52,53,52,49,48,48,49,56,60,58,60,65,60,58,58,61,60,60,65,67,60,69,67,61,56,56,43,39,27,40,50,54,60,69,66,69,66,66,67,72,73,75,76,74,70,69,70,77,78,71,82,90,98,91,89,82,79,80,78,76,70,65,63,62,66,67,65,65,66,71,80,80,84,88,90,86,83,77,78,76,74,87,91,92,95,106,115,116,114,111,104,85,53,70,62,84,127,167,191,196,197,198,199,197,199,200,200,201,201,202,202,203,204,205,208,210,213,213,213,216,217,217,219,220,220,220,221,221,221,221,221,221,221,222,221,221
212,212,212,213,214,214,214,214,214,214,215,215,215,215,214,215,215,215,215,215,215,216,215,215,216,215,215,215,215,216,216,216,216,216,216,216,216,216,216,217,218,218,217,216,215,215,213,208,177,65,52,42,24,60,65,65,64,63,61,62,62,57,55,57,54,53,51,51,54,51,52,58,61,59,54,53,53,54,57,63,62,63,63,64,70,70,63,64,57,51,39,31,39,47,53,53,66,70,68,67,69,68,68,72,71,74,76,76,77,75,79,88,81,75,78,89,94,94,87,82,82,82,78,76,72,67,64,63,64,67,64,63,67,66,72,77,75,77,76,81,83,79,80,80,86,92,101,100,101,109,116,117,116,110,104,88,48,73,75,86,141,177,190,197,197,198,197,198,199,200,200,201,201,201,202,202,204,205,208,211,212,211,214,215,217,217,218,219,220,220,220,221,221,221,221,221,221,221,221,220
211,212,212,213,214,213,214,214,215,215,215,215,215,215,214,214,214,214,214,215,215,215,215,215,215,215,215,215,215,215,215,216,215,216,216,216,216,216,216,216,216,216,217,217,215,215,214,210,180,66,53,43,24,61,66,64,62,63,61,62,65,65,60,59,56,54,52,52,51,50,51,49,47,50,49,45,45,50,59,60,56,71,63,72,74,69,57,62,54,44,35,34,46,50,52,55,68,71,73,77,78,74,75,76,77,77,76,78,80,81,88,83,83,75,74,88,92,92,80,84,86,83,79,76,76,73,70,66,67,69,67,63,62,65,63,65,68,68,71,76,78,81,85,88,95,96,98,108,109,109,116,117,117,109,104,83,50,71,78,87,143,189,194,196,197,197,198,198,199,199,199,201,201,201,202,204,204,204,208,212,212,213,213,215,217,217,218,219,220,220,221,222,221,222,221,221,221,222,221,220
212,212,211,213,214,214,214,214,214,214,214,214,215,215,213,214,214,214,214,214,215,214,215,215,215,215,215,215,215,215,215,215,215,216,216,216,216,216,216,216,216,217,217,217,216,215,214,212,188,68,54,43,22,58,64,66,65,65,62,64,66,66,61,57,57,55,53,52,51,48,48,44,43,43,46,49,51,57,58,55,57,72,68,73,74,65,65,63,53,41,35,39,52,53,56,68,72,71,78,78,79,80,77,82,82,80,81,83,84,85,94,84,85,77,73,86,88,88,80,82,82,82,81,81,75,71,73,74,73,72,69,65,68,69,79,68,71,70,81,77,80,84,89,96,106,112,113,113,111,110,114,115,118,109,102,65,38,71,79,91,146,190,196,196,197,197,198,198,199,199,200,201,201,201,203,204,204,203,208,210,212,212,214,215,216,218,218,219,220,221,220,221,221,221,222,221,221,221,221,220
213,212,211,212,212,213,215,212,213,213,213,213,214,214,214,214,214,214,214,215,215,215,215,215,215,215,215,215,215,215,215,215,215,216,216,216,216,216,216,215,216,217,217,216,215,214,213,212,205,77,52,43,21,55,63,64,65,66,64,66,67,66,66,59,55,55,54,53,51,48,47,44,45,47,54,57,59,58,67,56,60,70,68,72,66,65,66,61,44,36,35,42,53,53,62,71,76,75,76,84,88,87,85,86,84,82,84,84,86,91,96,86,82,76,62,78,84,81,78,82,82,84,84,81,79,75,73,75,75,72,74,71,72,71,73,65,73,72,85,81,81,83,90,102,108,113,115,117,115,113,112,115,118,110,103,63,42,70,79,97,166,196,196,196,198,197,198,198,198,199,199,200,200,201,203,203,203,204,207,210,212,212,214,214,216,219,219,219,220,221,221,221,221,221,221,221,221,221,221,220
213,213,213,213,213,213,213,213,213,213,213,213,214,214,214,214,215,214,215,215,215,215,215,215,215,214,215,215,215,216,216,215,215,216,216,216,216,216,216,215,215,216,217,216,215,214,213,212,213,126,57,46,19,53,62,63,65,66,66,66,65,60,63,61,60,57,57,53,56,57,60,61,64,59,56,62,59,61,60,60,62,68,70,71,65,71,70,60,38,35,37,42,52,59,70,73,75,79,85,91,95,93,93,90,88,85,88,89,90,97,99,96,84,73,66,67,77,80,76,77,85,79,79,76,84,78,78,77,70,72,78,77,77,77,77,76,75,71,82,86,83,83,94,103,112,114,115,118,113,113,113,114,117,109,103,63,56,75,89,108,186,195,196,197,197,197,197,198,198,199,199,201,201,203,202,203,204,204,206,210,214,212,213,214,216,219,218,219,220,220,221,220,221,221,221,222,220,221,221,220
211,211,212,213,213,213,213,213,213,213,214,214,214,214,214,215,214,215,215,215,215,214,214,215,215,215,215,215,215,215,216,216,215,216,216,216,216,216,215,215,215,215,217,217,215,215,214,213,211,192,76,50,22,47,59,64,64,65,66,68,65,64,65,65,63,66,64,56,59,60,64,58,61,60,61,61,63,64,63,63,68,69,76,78,75,76,71,59,32,40,43,54,54,64,67,73,73,81,94,104,99,99,98,90,88,88,90,90,92,98,99,102,90,78,68,60,59,74,66,66,82,76,81,76,78,79,78,80,76,75,77,75,77,78,80,82,82,84,86,83,87,87,101,108,111,116,119,117,115,112,112,115,115,108,102,61,58,85,104,142,194,196,196,196,195,197,197,197,199,199,199,201,201,204,202,202,204,205,207,210,214,212,213,214,216,219,219,220,220,220,220,221,221,221,222,221,221,222,221,220
212,213,213,213,212,213,213,213,213,214,214,214,214,215,215,215,215,215,215,215,215,215,215,215,215,215,215,215,215,215,215,215,215,215,216,216,216,216,215,215,215,216,217,216,216,214,214,213,211,210,161,56,31,37,58,64,63,65,68,68,65,69,67,61,62,67,63,61,64,67,68,56,59,61,64,67,65,66,72,69,77,85,82,75,77,75,60,49,36,47,53,58,61,67,69,74,75,85,95,114,107,109,106,97,92,94,94,95,95,99,111,119,106,95,80,69,64,73,58,53,68,77,79,76,76,78,80,79,78,79,81,77,76,76,83,82,83,86,84,90,91,92,100,105,111,115,117,109,112,114,113,114,116,108,97,63,60,100,120,184,194,196,197,196,197,198,197,198,198,199,200,200,202,203,203,202,204,204,208,210,212,213,214,215,216,219,219,218,220,220,220,221,221,221,221,221,221,221,221,220
212,212,212,213,213,213,213,213,213,214,214,214,214,215,215,215,215,215,215,215,215,216,215,215,216,215,215,215,215,215,215,215,215,215,216,216,216,216,215,215,215,215,216,216,216,215,214,213,211,210,196,125,42,32,57,62,63,64,67,69,69,67,64,63,61,61,60,61,63,67,65,60,58,64,66,71,64,71,71,77,75,74,79,74,73,76,56,43,47,54,55,60,64,65,69,79,82,89,95,113,121,125,122,111,107,98,98,95,100,99,106,124,121,106,92,86,78,72,60,40,60,70,75,74,76,77,83,79,81,78,82,79,81,85,82,81,80,82,91,91,92,94,101,100,107,112,115,109,114,113,111,113,114,107,96,58,68,117,175,194,195,196,196,196,197,197,197,198,198,198,199,200,200,202,201,202,203,204,208,210,212,213,214,216,216,219,219,220,221,220,221,220,221,221,221,221,221,222,221,221
212,212,212,213,213,213,213,213,214,214,214,214,214,215,215,215,215,215,215,215,215,215,215,215,215,215,215,215,215,215,215,215,215,216,216,215,215,215,215,215,215,214,216,216,215,215,214,213,211,210,199,151,76,38,51,62,61,63,63,67,70,67,66,64,63,60,59,61,65,61,62,66,67,73,81,69,68,77,74,80,74,81,85,77,74,61,35,44,55,59,61,62,69,69,71,76,83,89,99,112,117,130,142,128,116,109,107,100,103,101,110,127,127,115,102,94,89,84,77,46,50,62,70,73,76,78,82,75,82,83,81,83,82,89,82,88,83,87,91,91,92,97,97,95,110,109,112,110,115,116,112,112,114,107,90,74,127,185,193,195,195,196,196,196,197,196,198,197,198,198,199,200,200,202,201,202,203,205,208,210,212,212,214,216,216,217,218,219,221,219,221,220,222,221,221,221,222,222,221,221
211,212,212,213,213,212,213,213,213,214,214,214,214,215,214,214,215,215,215,215,215,215,215,215,215,215,215,215,215,215,215,215,215,215,215,215,215,215,215,215,214,214,216,216,215,215,215,213,211,211,211,170,51,37,49,62,62,62,65,69,71,72,69,64,60,59,57,61,60,60,67,71,69,72,70,71,80,74,78,79,75,77,82,77,71,50,43,55,63,61,64,68,74,74,75,81,79,87,90,106,109,119,130,138,123,112,106,105,107,111,109,118,129,121,102,102,101,97,91,72,42,50,66,75,81,82,86,79,80,83,85,85,83,86,84,85,84,88,89,97,86,100,97,104,103,105,105,110,104,107,109,109,111,107,88,79,167,191,195,194,196,195,197,196,196,197,198,198,198,198,200,200,201,201,201,204,205,206,207,210,212,212,213,217,216,218,218,219,220,220,221,221,221,221,221,221,222,222,221,221
212,212,212,212,212,212,213,213,214,214,214,214,214,215,214,215,214,214,215,215,215,215,215,215,215,214,215,215,215,215,214,215,215,215,215,215,214,214,215,214,214,215,216,216,215,215,215,213,211,211,209,207,91,37,46,55,62,64,65,66,65,70,65,63,61,57,58,61,59,62,66,69,68,68,71,78,81,77,87,83,82,75,74,74,62,38,54,61,63,63,67,76,74,76,75,77,78,84,85,96,98,104,107,107,115,102,103,99,100,106,92,98,110,115,106,110,114,113,106,89,61,47,65,70,73,83,88,89,85,86,88,84,84,91,88,82,82,83,85,91,93,94,97,110,105,103,102,104,111,107,112,112,110,106,80,85,154,190,194,194,195,196,197,197,198,197,197,198,199,199,200,199,200,201,204,204,205,205,207,210,213,213,213,217,216,218,219,219,219,220,220,221,220,221,221,221,221,221,222,221
212,212,212,213,213,213,214,214,214,215,214,215,215,215,215,214,215,214,215,213,213,213,214,213,213,213,214,214,215,213,213,215,214,215,215,215,214,214,214,214,214,214,215,215,215,215,214,213,211,210,206,198,115,37,36,51,61,66,66,58,62,68,64,59,60,58,58,63,60,61,66,71,69,71,76,84,84,83,75,90,80,83,69,65,49,50,59,67,66,66,68,74,73,71,69,72,78,78,81,90,93,97,97,101,97,96,88,90,94,98,96,99,104,107,110,112,120,120,115,110,83,55,65,66,70,89,91,91,83,87,86,77,83,83,86,81,82,83,81,95,97,97,96,95,105,107,109,113,111,107,111,111,108,100,82,61,171,187,194,194,196,195,197,197,198,197,198,197,199,198,199,200,201,201,203,205,207,206,206,211,213,212,213,216,217,219,220,220,219,220,221,221,221,220,221,221,221,221,221,221
212,212,213,214,213,213,214,214,214,215,215,215,214,215,214,215,215,214,214,213,213,213,215,215,215,214,214,214,214,213,213,214,213,213,213,213,215,214,214,214,214,213,214,214,215,214,214,213,212,210,209,208,120,37,30,48,61,65,60,62,70,69,65,61,58,57,59,63,63,60,70,69,68,81,85,83,86,86,84,87,88,75,74,72,49,56,67,68,66,66,66,69,66,65,67,73,74,73,75,79,87,88,91,91,90,87,80,81,87,92,97,94,97,89,90,98,105,115,118,120,103,63,59,66,69,83,77,85,80,84,86,85,83,84,84,87,82,87,86,98,98,100,103,96,106,111,110,107,111,112,114,110,109,100,74,63,160,185,193,194,196,197,197,197,198,198,198,197,198,200,199,200,200,201,202,202,205,207,207,212,212,213,214,216,217,219,220,220,220,220,220,221,221,221,222,222,221,221,221,221
213,213,213,213,213,214,214,214,214,215,215,215,215,215,215,215,214,215,214,214,213,213,214,214,215,213,213,213,214,213,214,213,213,213,213,213,214,214,214,214,214,213,213,213,214,214,214,213,212,210,209,209,172,88,33,47,56,61,62,58,67,68,66,64,59,58,59,63,60,64,67,73,73,81,87,84,84,94,93,77,80,82,74,70,58,61,70,68,66,64,62,55,47,50,58,71,72,70,69,77,85,88,86,87,89,87,79,79,93,96,85,70,52,48,58,70,82,95,107,111,108,74,60,68,66,78,78,80,95,94,90,85,96,90,85,84,89,95,102,94,102,109,109,97,102,107,112,107,107,109,109,107,108,96,65,67,175,190,194,195,195,197,197,197,198,197,199,196,198,198,199,199,199,201,203,202,204,206,207,211,212,212,215,218,218,219,220,220,220,220,221,220,221,221,222,222,222,221,221,221
213,213,213,213,214,214,214,214,214,214,215,215,215,215,215,215,215,214,214,214,213,213,214,215,215,213,213,213,214,214,213,213,213,213,212,213,214,214,214,214,213,214,213,213,214,214,214,213,212,211,209,208,197,121,33,54,57,60,61,65,66,67,63,64,59,57,59,61,63,66,67,74,75,79,77,79,83,94,86,88,78,73,71,69,63,58,68,68,60,46,33,18,11,11,32,41,68,76,70,76,80,82,81,83,79,83,78,84,87,83,50,40,9,8,9,33,53,68,78,86,97,80,65,67,74,78,84,88,85,91,92,88,88,95,99,91,97,106,103,100,99,98,105,106,100,110,108,106,105,103,108,106,104,90,74,75,172,189,195,196,195,199,198,197,197,198,198,197,199,198,199,200,200,201,203,203,204,204,208,211,211,213,214,216,217,219,219,220,220,220,220,220,221,221,221,222,222,221,221,222
214,213,213,213,213,213,214,214,214,214,215,216,216,216,215,215,214,215,216,214,214,213,213,213,214,213,213,213,213,213,213,212,212,213,212,212,214,213,214,214,214,213,212,213,213,212,212,212,212,211,209,209,181,142,52,53,50,58,60,59,63,65,63,65,60,55,58,59,57,67,71,73,77,71,77,77,86,91,91,84,81,72,73,71,61,55,62,54,33,18,19,24,21,37,36,27,16,48,70,76,74,71,70,77,77,74,76,79,62,8,1,8,10,11,22,22,19,24,53,80,88,73,64,65,67,71,76,80,85,79,93,89,94,94,100,96,107,104,110,106,114,104,114,107,101,112,111,106,104,104,107,108,96,71,71,110,176,192,195,196,196,198,198,198,198,198,198,197,198,198,199,200,200,201,202,203,203,205,208,210,211,213,215,216,218,219,219,220,221,220,220,221,220,221,221,221,221,221,221,222
214,213,213,214,214,214,214,214,215,215,215,214,216,215,214,214,214,214,215,213,214,213,213,213,214,213,213,213,213,213,212,212,212,213,212,212,213,214,214,214,213,214,213,213,212,212,212,211,212,211,210,209,205,173,66,55,48,54,60,63,63,65,67,65,57,55,59,62,57,65,65,71,82,68,78,78,89,88,84,90,81,72,69,71,68,53,52,40,23,16,20,18,13,5,3,4,5,18,41,60,61,61,60,57,63,62,65,69,43,6,2,5,8,13,20,25,28,39,42,67,76,60,65,64,70,78,77,74,79,89,90,88,92,89,93,93,101,103,107,123,113,106,114,104,100,107,108,103,101,104,105,101,83,62,65,102,190,192,196,196,196,198,198,198,198,198,198,198,199,199,199,200,201,201,203,202,203,205,208,211,211,214,215,216,218,219,219,220,220,220,220,220,221,221,221,222,221,222,221,222
214,213,213,214,214,214,214,214,214,215,215,215,215,215,214,215,213,213,213,213,213,214,213,213,213,214,213,213,213,212,212,213,212,212,212,212,212,214,214,214,213,213,214,213,212,212,212,212,212,211,210,208,202,191,99,61,40,45,58,60,59,62,65,60,58,60,56,56,59,62,59,70,77,70,74,81,84,87,88,81,85,72,72,73,72,53,42,33,30,35,42,30,23,19,18,10,21,49,55,39,55,65,60,57,62,62,61,68,65,35,22,23,36,53,66,73,65,55,51,67,68,51,64,67,73,75,77,79,85,83,82,83,87,88,86,81,87,100,110,121,121,114,112,103,105,103,110,108,100,101,102,96,69,56,66,109,186,192,195,197,197,197,197,198,198,199,198,198,198,198,199,200,200,200,201,203,204,206,208,212,213,213,215,216,217,219,219,220,221,220,220,221,221,221,221,221,221,221,221,222
213,213,213,213,214,214,214,213,214,214,215,215,215,215,215,215,213,213,213,213,213,214,213,213,213,213,213,212,212,212,212,212,213,213,213,212,212,214,214,213,214,214,213,213,213,212,212,211,210,211,210,208,203,187,127,57,39,39,47,55,54,56,64,63,60,57,53,54,60,59,59,65,67,72,75,72,79,81,86,84,76,71,76,73,68,55,42,40,36,54,117,72,69,53,40,40,55,79,79,56,43,59,59,58,61,51,47,58,74,77,74,76,80,83,80,81,71,65,64,60,38,49,65,67,66,69,74,75,79,75,77,79,85,83,85,82,88,91,103,108,118,110,111,106,106,108,102,106,99,96,97,96,54,50,95,134,192,194,196,197,196,197,197,197,197,198,198,199,197,199,199,200,201,202,202,204,203,206,208,211,212,214,215,215,217,219,219,220,220,220,221,220,220,221,221,221,221,222,221,221
213,212,213,213,214,214,214,214,214,215,215,215,215,215,214,213,212,212,213,213,212,213,213,212,213,213,213,213,213,213,213,212,212,212,213,212,212,213,213,213,213,213,213,213,212,212,212,211,211,211,210,209,207,203,147,50,40,31,26,53,58,55,61,65,64,56,57,56,61,61,61,68,63,72,72,69,75,75,80,72,67,66,68,64,53,45,42,42,46,52,43,73,61,60,59,63,73,80,74,60,43,42,54,61,49,27,18,28,38,59,71,80,92,87,76,69,67,65,48,36,46,58,64,68,75,72,69,68,72,74,83,84,81,83,87,79,87,91,95,109,110,108,113,98,98,98,107,100,98,91,88,83,59,63,94,151,193,195,196,196,197,196,197,198,197,198,198,199,198,199,199,200,200,201,203,203,204,205,207,209,212,212,213,216,217,219,219,219,220,220,220,221,221,221,221,221,222,222,221,222
213,212,212,213,214,214,214,214,214,214,215,215,215,215,213,213,212,212,212,212,212,213,213,212,213,213,214,212,213,213,213,212,212,212,212,212,212,213,213,213,213,214,213,213,212,212,212,211,211,210,209,209,207,191,186,49,22,26,25,50,55,51,55,63,66,66,60,57,62,62,64,57,56,68,65,69,75,68,71,68,75,71,63,59,52,50,37,34,33,52,49,43,39,42,39,39,36,33,35,32,30,32,45,46,38,32,24,30,27,28,30,38,38,50,45,30,29,28,38,52,50,57,64,67,68,74,68,66,67,75,74,74,85,77,80,85,78,89,89,106,108,105,115,99,90,102,98,94,89,94,75,58,62,65,70,167,193,193,196,197,197,197,197,198,197,198,197,198,198,199,199,200,201,202,202,203,204,204,207,209,212,212,213,215,217,218,219,220,220,220,221,221,221,221,221,221,222,222,221,221
212,212,213,213,213,213,214,214,214,215,215,215,214,213,213,213,212,212,213,213,213,213,212,212,212,213,213,213,213,213,212,212,211,212,212,211,212,211,211,212,213,213,213,212,212,212,212,211,211,209,208,208,206,202,185,75,25,45,21,39,50,54,51,60,62,60,59,58,59,63,62,48,45,61,72,75,79,81,70,70,65,62,59,57,55,52,48,39,29,22,21,21,31,29,24,20,24,26,40,38,30,35,38,40,41,45,45,43,34,34,36,36,39,44,42,44,47,51,55,69,66,71,69,68,68,63,68,67,69,76,69,66,73,67,69,87,88,96,101,107,101,116,114,108,88,99,97,88,92,91,62,51,54,56,103,173,181,190,195,197,197,196,197,198,197,198,198,198,199,199,199,199,200,201,203,203,204,206,208,209,211,212,214,215,218,217,219,219,220,220,221,221,221,221,221,221,221,222,221,221
212,212,212,213,213,213,214,214,215,215,215,215,214,213,212,213,212,212,212,213,213,213,213,213,212,212,213,212,213,212,212,212,212,212,212,211,212,211,211,213,212,212,212,213,212,212,212,211,211,210,209,209,207,207,198,122,26,30,26,32,50,48,57,53,58,52,54,53,57,57,53,52,46,59,76,69,64,63,63,62,60,57,56,55,57,56,54,46,41,36,36,36,34,33,32,27,37,40,39,38,38,36,40,51,45,48,43,52,42,40,45,41,47,43,44,49,58,61,61,62,63,67,69,68,69,64,68,73,72,71,67,64,76,73,68,82,81,90,94,105,105,113,102,102,92,97,94,82,95,88,55,37,51,71,132,182,183,196,196,195,197,198,197,197,199,197,198,199,199,199,199,200,200,200,202,203,205,206,208,209,211,212,214,216,218,217,218,219,221,220,220,221,221,221,221,221,221,222,221,221
212,212,212,212,213,213,214,214,214,215,215,215,214,212,212,212,212,212,213,214,214,213,213,212,213,213,213,213,212,212,212,212,212,211,211,211,212,211,211,212,212,212,212,212,212,212,212,211,211,210,211,209,208,207,202,148,34,25,14,35,47,46,56,60,59,47,53,58,57,63,61,51,47,63,66,63,71,62,55,62,58,55,55,54,54,55,51,50,43,43,38,37,36,34,37,29,32,38,36,48,46,53,45,50,40,47,48,46,40,63,48,51,52,50,53,46,52,52,62,61,60,67,71,71,69,67,73,80,72,75,66,66,70,79,76,71,70,83,98,99,106,97,89,92,97,100,87,81,95,75,46,38,46,78,156,185,195,195,195,195,198,198,197,199,199,199,199,199,200,199,199,200,200,201,203,203,205,206,208,210,212,213,214,215,216,217,218,220,220,221,221,220,221,221,221,221,221,221,221,221
212,212,212,212,213,213,213,213,214,214,215,215,213,213,212,212,212,212,213,212,213,212,212,212,213,212,212,213,212,212,212,212,212,211,211,211,211,211,211,212,211,212,212,212,212,212,211,211,211,210,209,208,209,207,205,175,42,29,23,17,35,49,38,49,56,48,53,52,54,55,57,52,55,54,64,62,61,59,59,63,53,54,52,51,55,51,55,50,42,37,38,36,37,24,42,46,42,28,33,53,54,57,47,65,42,43,51,43,38,51,51,67,53,60,52,51,51,47,53,56,52,64,66,66,69,70,65,74,64,81,68,77,72,67,68,62,74,83,82,102,112,111,108,100,86,89,85,85,92,72,48,32,48,90,174,186,195,195,196,197,198,197,196,199,199,199,198,199,199,199,200,200,201,202,203,204,205,205,208,209,211,213,215,215,215,217,219,219,220,221,220,220,221,221,221,221,221,221,222,221
212,212,211,212,213,213,213,213,213,214,214,214,214,213,212,212,212,212,212,212,212,212,212,212,213,212,212,213,212,212,212,212,212,211,211,211,211,211,211,212,211,212,212,212,212,211,211,211,211,210,210,208,208,208,206,181,80,20,18,14,23,41,39,42,51,44,46,45,45,52,66,69,49,57,56,49,53,56,57,55,48,48,50,50,56,51,58,50,44,33,40,40,37,26,47,42,41,30,44,60,51,60,44,45,59,38,42,42,41,39,56,60,48,58,57,48,62,53,47,48,41,61,70,65,52,62,65,71,65,58,72,77,72,61,70,80,74,76,86,97,109,98,106,101,93,96,95,87,90,46,45,32,50,94,178,195,194,197,197,198,198,198,197,198,198,199,197,199,199,199,200,200,201,202,203,204,205,206,209,209,211,213,214,215,218,217,219,219,220,221,221,221,221,221,221,221,222,222,221,222
212,212,212,212,213,213,213,213,213,214,213,213,213,212,212,212,212,212,212,213,213,213,211,212,212,213,212,212,212,212,212,212,211,211,211,211,211,210,210,210,210,211,211,211,211,211,211,211,211,210,210,208,207,208,206,197,100,38,17,15,25,41,29,36,52,46,40,45,40,45,66,52,46,47,44,52,48,50,45,48,52,39,47,47,41,48,47,47,42,28,38,28,25,36,42,33,32,52,47,54,50,63,38,38,55,36,43,34,51,48,50,39,31,40,69,61,60,59,57,54,44,61,84,79,51,48,53,72,57,50,75,80,76,69,72,72,74,70,67,72,103,101,97,103,91,90,91,86,74,46,45,35,48,114,184,195,195,197,197,199,197,200,197,198,198,198,199,199,199,200,200,200,201,202,203,204,205,207,208,210,211,213,215,217,218,217,218,219,220,221,219,221,221,221,221,221,221,221,221,221
212,212,212,212,213,213,213,213,212,212,212,212,212,213,212,212,212,212,212,212,212,212,211,212,212,211,212,212,211,212,211,212,211,211,211,211,211,210,210,210,210,211,212,211,212,211,211,211,210,211,210,208,207,206,205,200,150,27,13,18,27,41,43,44,50,47,43,41,43,53,46,48,33,46,52,49,44,37,37,45,45,44,47,43,38,44,42,47,40,41,32,32,28,40,30,23,38,42,35,38,45,61,40,51,55,51,48,41,38,55,52,33,42,40,45,50,49,55,62,67,54,57,83,62,61,52,50,60,53,45,54,75,82,71,57,68,66,70,71,74,84,110,96,104,84,93,88,80,62,38,41,31,49,135,185,196,197,197,197,199,197,198,197,198,198,198,199,199,199,199,200,199,200,202,203,204,205,208,208,210,211,213,215,216,218,217,219,219,220,220,220,220,221,221,220,221,221,221,221,221
212,212,213,213,213,213,212,213,214,212,213,212,212,212,212,212,212,212,212,212,212,212,211,212,211,211,211,211,211,212,211,211,211,211,211,211,211,210,210,210,210,211,211,211,212,211,211,211,211,210,209,208,206,205,204,202,169,33,32,34,19,35,47,45,50,47,56,49,52,51,44,41,50,56,38,48,39,33,27,38,41,46,50,39,33,44,50,51,61,34,24,20,25,32,21,37,35,46,16,19,38,42,30,40,46,48,41,21,33,64,51,65,49,37,48,52,79,56,62,64,51,53,75,80,46,39,50,64,52,48,64,58,61,64,56,59,60,56,60,76,77,104,120,107,90,107,79,73,51,32,43,40,98,161,192,195,197,196,197,199,199,198,198,198,197,199,198,199,199,200,200,201,200,203,203,203,205,208,209,210,211,213,215,216,218,217,218,220,220,220,219,220,220,221,221,221,221,221,221,221
211,212,212,212,213,213,212,213,213,212,212,212,212,212,212,211,211,212,212,212,211,212,211,209,209,210,210,211,212,212,211,210,210,210,210,211,210,210,210,210,209,211,210,210,211,211,211,210,209,209,208,208,206,204,203,200,188,86,32,32,19,34,42,43,40,38,52,41,43,44,41,42,38,45,42,48,37,37,31,36,54,56,47,44,39,47,51,42,55,51,23,20,19,28,20,48,40,39,18,30,45,32,28,41,25,43,47,12,42,40,66,38,48,48,36,63,88,38,57,55,51,60,71,72,57,51,70,82,61,44,51,68,57,79,63,65,61,56,65,60,70,91,105,99,86,99,72,60,46,48,47,45,123,189,196,196,197,197,197,198,199,198,198,198,198,198,199,198,200,198,200,199,201,202,203,204,205,207,208,209,211,213,215,216,218,218,218,220,220,220,220,220,219,220,221,221,221,222,221,221
211,212,212,212,212,212,212,213,212,211,211,211,211,211,211,211,211,211,211,211,211,212,210,210,209,211,211,211,211,212,211,210,210,210,210,210,210,210,210,210,209,210,210,209,210,209,210,209,208,208,207,207,205,203,201,199,192,115,34,36,22,28,41,40,34,38,53,49,44,47,45,41,37,43,51,53,39,37,33,43,63,41,45,45,48,48,50,27,54,58,25,33,27,23,34,26,39,35,16,27,55,28,26,41,32,37,24,24,25,36,45,38,34,38,47,59,72,26,38,52,44,55,68,62,54,50,68,87,73,37,54,61,72,45,81,61,68,54,65,64,76,81,80,78,82,90,66,57,34,38,31,56,134,172,196,196,196,198,197,197,198,198,199,199,198,199,198,199,200,200,200,201,201,202,204,203,206,207,209,209,212,213,215,217,218,218,218,219,220,220,221,221,220,220,221,221,221,221,221,221
211,211,211,211,211,212,212,212,211,211,211,211,211,211,211,211,211,211,211,211,211,211,210,210,210,211,212,211,211,211,211,210,210,210,210,210,210,209,209,210,210,210,209,207,209,208,208,208,208,207,207,205,203,202,201,197,196,133,32,39,18,29,37,38,52,50,56,45,46,48,42,37,41,54,32,29,41,29,39,59,49,35,33,38,47,48,30,17,49,37,26,24,26,31,47,22,33,39,29,47,40,38,22,22,28,20,28,22,18,37,45,34,31,40,53,53,64,28,37,39,55,39,57,51,58,45,66,59,63,41,54,64,65,49,83,53,59,56,56,57,81,88,89,71,88,87,78,72,36,44,40,75,137,184,196,196,196,198,198,198,198,197,199,197,199,199,198,200,200,200,199,200,200,202,204,204,206,208,210,209,212,213,215,216,218,217,218,219,220,220,219,220,220,220,221,221,221,221,221,221
211,211,210,208,210,211,211,211,211,211,211,212,210,211,211,211,210,209,209,210,209,209,209,209,210,211,211,211,211,211,211,210,210,210,210,209,209,209,209,209,208,209,207,206,207,207,206,206,206,206,206,204,203,201,199,197,196,180,65,32,22,31,34,42,51,62,51,39,47,46,29,71,78,58,21,78,50,43,41,71,46,37,37,61,41,54,27,15,32,46,25,27,25,31,41,32,38,46,43,48,37,50,24,21,29,22,33,47,33,44,49,46,50,44,66,64,33,28,30,38,46,49,48,63,52,45,64,51,52,51,69,64,81,41,76,54,62,53,51,63,80,89,82,85,78,71,59,74,50,42,73,73,140,189,189,194,198,198,198,196,198,198,198,198,198,198,199,200,200,199,201,201,202,203,203,204,205,207,208,211,212,213,214,215,217,218,219,220,219,220,220,220,220,220,221,220,221,221,221,221
211,211,210,209,210,210,210,211,210,211,210,210,210,210,211,210,210,208,209,208,208,208,208,209,209,210,210,210,210,210,210,210,210,210,209,209,209,209,208,207,207,207,206,206,205,205,204,204,205,205,204,204,201,200,198,196,194,181,103,30,35,27,39,37,43,57,41,26,37,43,37,89,53,40,39,80,55,43,55,43,46,30,29,65,43,57,13,21,38,32,26,27,33,57,38,44,51,64,59,59,55,63,39,37,44,44,54,67,65,61,63,74,69,65,58,55,45,33,32,56,34,53,38,74,66,62,37,66,47,64,95,72,73,90,85,47,49,52,52,59,71,70,75,76,81,63,58,49,47,68,69,99,171,186,196,196,198,197,197,198,197,198,198,198,198,199,198,199,200,200,200,201,203,203,203,205,207,206,208,211,212,213,214,215,217,217,219,220,220,220,219,220,220,220,220,220,221,221,221,220
211,211,210,209,210,210,209,211,210,211,210,210,210,210,209,209,208,208,208,208,208,208,208,209,209,210,210,209,210,209,209,209,209,209,208,208,208,207,206,206,206,205,205,204,204,204,204,205,203,203,203,200,200,198,196,194,190,179,134,48,26,17,28,20,29,51,41,31,34,43,37,80,59,48,46,69,43,40,51,68,42,26,40,28,67,42,21,26,31,29,32,31,54,54,64,74,77,78,90,87,83,88,67,65,77,81,90,92,96,95,93,94,94,92,89,85,74,57,57,53,45,51,35,77,87,69,49,48,48,54,92,69,66,65,68,60,62,51,52,60,71,62,55,78,66,55,48,46,34,78,81,145,186,197,196,198,198,198,198,198,198,199,198,198,198,199,198,200,200,200,202,202,203,203,204,204,207,207,208,210,211,214,214,215,217,217,219,219,220,220,220,220,220,220,220,221,221,222,221,221
210,209,209,209,210,210,210,210,210,210,210,211,211,210,209,208,208,207,208,208,206,207,209,209,209,210,210,209,209,208,208,208,207,207,207,207,206,206,205,205,204,203,204,203,204,202,201,200,198,199,199,198,196,194,193,191,188,189,164,84,25,19,37,31,20,38,42,38,34,45,56,48,59,52,55,48,31,50,68,51,37,49,30,31,49,46,30,38,26,37,46,55,69,73,78,73,73,72,78,84,100,115,111,110,113,124,104,98,85,84,77,76,75,80,86,93,94,100,96,89,76,54,59,82,73,48,57,56,59,63,99,60,58,64,72,85,67,72,56,53,77,82,54,73,63,33,40,56,45,76,74,147,197,197,197,197,198,198,198,198,199,199,198,199,198,199,198,200,200,201,203,202,202,202,204,206,206,207,208,210,212,214,214,214,216,217,218,219,219,220,220,220,220,220,220,221,221,221,222,222
208,209,209,210,210,209,210,210,209,210,210,211,210,210,208,208,208,207,208,207,206,208,208,208,209,209,208,208,208,207,207,207,207,206,206,206,205,205,204,204,204,202,202,201,201,199,199,196,196,196,196,195,192,190,190,189,187,181,170,97,30,33,41,29,20,33,42,46,37,42,50,39,46,78,69,43,45,48,73,50,59,39,28,45,49,32,37,40,45,59,74,75,71,64,69,65,61,64,61,64,68,76,94,113,108,95,86,80,83,85,86,88,85,88,92,89,87,91,99,112,104,92,82,81,61,56,37,47,53,52,73,71,76,74,76,57,69,57,65,60,89,71,63,93,68,45,36,41,55,85,80,145,197,197,197,196,198,199,199,199,198,199,198,200,199,200,199,199,200,201,202,203,202,203,205,206,204,207,209,211,213,214,214,215,216,218,218,218,219,220,220,220,220,220,221,220,220,221,221,221
208,209,209,209,209,209,208,209,208,209,209,209,210,209,207,208,207,207,207,207,206,206,206,207,206,207,206,207,206,206,206,206,205,205,205,204,204,202,202,202,201,200,200,199,198,196,195,194,193,193,191,189,189,188,185,184,183,177,175,124,46,49,37,23,24,24,38,41,45,39,35,57,39,63,51,39,58,58,74,59,34,28,24,39,38,37,51,57,67,74,70,69,69,67,72,70,68,64,66,68,66,75,79,95,96,95,92,87,89,89,90,95,94,95,92,92,92,92,92,94,104,113,106,94,83,58,55,49,31,70,64,82,39,94,87,64,60,67,55,68,89,77,52,77,84,46,44,44,64,71,133,193,193,194,195,197,197,198,198,198,199,198,199,198,199,200,199,199,201,201,203,204,204,205,204,205,207,208,209,213,213,214,215,217,217,218,219,219,219,220,220,220,219,220,220,221,220,221,221,221
207,207,207,207,208,208,208,208,208,208,208,208,207,208,206,206,206,206,206,206,205,206,205,205,205,204,205,206,205,205,204,205,205,204,204,203,202,201,200,199,199,197,195,194,194,193,192,191,190,189,187,186,184,182,182,180,179,176,175,134,46,43,32,25,26,22,34,32,41,56,55,25,41,67,31,42,46,49,63,72,33,16,23,38,40,51,66,73,73,70,64,68,66,71,75,73,72,67,65,66,59,69,79,87,92,92,91,85,85,83,86,93,94,92,89,89,90,100,96,92,83,88,103,103,99,71,52,56,25,45,61,79,60,71,71,56,59,39,53,54,91,85,71,89,84,55,51,52,48,81,169,191,191,193,193,195,196,197,197,198,198,198,198,199,200,200,199,201,200,200,203,203,204,205,204,203,207,208,209,212,213,214,216,217,216,218,218,218,219,220,220,220,220,220,221,220,220,221,220,221
207,207,207,207,207,207,207,208,207,207,207,207,207,207,205,206,205,205,205,205,205,204,204,204,204,203,204,205,204,204,204,204,203,203,202,201,200,198,197,197,194,193,192,191,190,189,187,187,187,185,184,182,180,179,177,176,176,169,173,134,68,52,40,43,28,17,23,31,35,54,46,25,44,85,39,35,42,34,65,49,27,21,33,52,42,52,70,71,64,64,67,65,70,71,74,72,72,67,61,62,54,60,70,78,85,88,83,80,79,77,75,78,81,81,89,89,89,92,92,95,93,83,89,94,98,70,73,40,30,49,43,56,60,68,73,58,41,40,55,61,74,70,70,110,52,33,68,58,39,85,167,188,189,190,192,194,195,195,196,197,198,197,198,198,199,199,200,200,201,201,203,203,204,206,205,205,206,208,209,212,213,216,217,217,218,218,219,218,219,220,220,220,220,220,221,220,220,221,220,221
206,206,206,206,207,206,206,206,206,206,207,207,207,206,204,203,203,203,204,204,203,203,203,202,203,203,202,203,204,203,201,201,199,200,199,197,193,191,192,191,188,188,187,187,186,183,183,183,183,182,179,177,176,175,173,173,171,167,167,166,91,60,53,36,29,21,35,38,43,38,32,43,47,66,59,45,35,36,56,29,27,32,47,53,44,68,68,68,68,62,62,63,65,70,71,72,69,66,61,56,54,57,64,69,76,77,78,70,66,62,62,60,66,70,71,78,79,79,83,85,94,84,77,79,82,64,77,38,33,37,38,35,59,73,57,53,51,47,33,62,56,54,58,71,48,40,63,48,37,76,137,185,188,190,192,193,194,194,195,195,197,196,198,198,198,200,199,200,200,201,202,203,204,204,204,205,206,209,210,212,214,215,215,216,217,218,219,219,220,220,220,221,220,220,220,220,220,221,221,221
205,205,205,205,206,206,205,206,205,205,205,206,206,206,204,203,203,203,203,204,204,203,203,202,200,201,203,201,201,199,198,196,197,195,193,194,190,190,189,186,184,183,184,183,182,182,181,179,178,175,174,173,173,170,168,169,167,165,163,161,115,75,40,32,22,21,28,38,34,39,54,48,61,74,42,45,47,28,20,38,33,44,54,56,55,68,63,60,60,58,56,56,65,62,62,60,61,57,54,51,48,52,57,58,61,63,63,60,56,56,57,50,53,56,56,59,65,66,69,73,75,70,67,65,66,60,58,46,40,37,35,23,64,62,88,35,45,79,46,62,42,63,62,50,46,42,63,44,80,130,169,174,178,182,190,191,193,193,194,194,196,196,197,197,199,199,200,199,200,200,202,203,204,205,205,205,206,209,211,212,214,214,216,216,217,218,218,219,219,220,220,220,220,220,220,220,221,221,221,220
205,204,205,205,205,205,205,205,205,204,204,204,204,204,204,204,203,201,201,203,203,203,202,199,199,200,198,200,198,196,196,194,193,192,190,189,185,185,183,181,180,180,180,177,177,177,176,176,173,172,170,169,166,163,163,164,163,161,158,156,130,69,25,28,37,27,28,35,30,11,85,50,55,70,63,46,32,22,35,30,39,55,52,57,61,64,63,58,57,58,52,52,60,52,52,51,49,49,45,38,39,44,49,48,49,55,57,53,55,52,51,51,50,50,47,53,59,60,63,65,61,58,54,45,40,36,38,39,47,45,43,30,68,89,47,54,60,51,55,50,45,42,54,79,59,39,53,42,116,153,175,181,183,186,187,189,191,193,193,194,194,196,195,196,196,197,198,199,199,200,203,203,203,205,206,206,208,210,211,212,213,215,215,216,217,218,218,219,219,219,219,220,221,220,220,220,221,220,222,221
204,204,203,204,204,204,204,204,203,203,203,201,201,201,200,200,200,201,200,201,201,198,199,198,196,194,194,195,194,193,190,186,186,184,185,183,184,181,179,177,174,175,172,171,171,169,167,166,162,163,163,161,161,160,158,152,151,152,156,153,132,51,38,19,33,17,27,30,33,24,70,52,72,51,51,51,29,22,32,35,45,48,48,50,54,49,46,46,48,53,55,47,48,40,44,51,48,58,46,35,47,63,68,53,55,55,46,43,49,64,49,54,49,60,60,65,68,65,63,51,46,46,28,16,19,22,33,39,29,43,45,40,35,44,49,43,50,49,59,65,69,60,50,62,74,52,40,70,117,170,160,171,178,181,183,186,189,189,190,190,192,193,193,195,195,196,196,197,197,198,200,202,202,204,205,206,208,210,212,211,213,214,215,216,218,218,218,218,219,219,219,220,220,221,221,221,221,221,221,220
203,203,202,203,203,202,202,202,202,202,202,200,200,200,199,199,199,200,199,198,197,196,195,194,192,191,192,191,190,188,185,183,182,182,180,178,177,175,173,172,170,169,167,165,164,163,163,162,160,161,158,153,145,132,126,115,113,128,147,122,65,45,41,38,15,24,23,42,30,35,80,69,50,49,46,38,34,26,37,46,47,38,32,29,30,26,27,28,30,35,39,28,38,27,38,51,45,56,59,41,50,61,62,52,44,48,49,50,52,54,52,53,61,64,66,75,73,64,70,61,52,27,22,35,47,48,45,41,28,37,43,43,30,41,51,25,26,26,37,59,43,52,48,64,63,54,58,95,137,157,174,171,176,179,178,183,182,185,187,186,187,188,190,192,194,195,194,195,197,198,200,201,202,205,204,206,209,210,212,213,212,214,214,216,217,218,218,219,218,219,220,220,219,220,220,220,221,221,221,221
201,201,200,200,200,200,199,199,200,201,200,198,197,197,197,197,198,197,196,195,194,194,192,190,189,187,188,187,184,182,180,178,177,176,174,174,172,170,167,168,166,165,165,160,158,154,149,148,144,140,140,134,117,100,123,142,150,148,124,55,66,68,59,37,17,40,52,54,40,56,44,78,57,30,44,39,30,25,36,40,36,30,27,27,20,15,22,30,41,29,35,35,34,37,59,58,55,44,45,44,48,51,55,53,53,56,52,59,61,58,65,63,66,66,74,77,82,73,76,62,41,43,49,67,77,76,74,68,47,44,43,42,30,26,45,39,31,29,53,64,49,49,60,73,57,57,79,111,159,167,169,170,173,175,176,181,180,181,182,184,184,186,187,190,191,192,194,194,195,196,199,200,202,204,204,206,210,212,213,213,213,215,215,216,218,218,218,218,219,219,219,220,219,220,220,220,221,220,220,221
198,198,198,197,197,198,198,197,198,197,197,195,195,194,194,196,195,193,192,191,190,190,186,185,184,183,182,180,179,176,175,173,172,171,169,168,168,165,165,166,162,158,152,147,139,132,131,130,137,145,137,116,105,141,145,147,150,141,65,39,78,86,76,10,29,35,42,51,46,55,32,34,62,32,42,47,19,24,23,29,26,32,36,38,32,24,22,21,26,33,44,44,43,55,74,55,56,49,57,58,58,63,69,63,57,64,65,58,63,64,66,80,71,78,83,76,80,76,63,64,62,65,83,95,91,90,78,70,55,38,39,43,36,32,28,30,41,57,66,57,47,39,52,47,37,53,86,123,160,167,167,169,171,172,173,176,177,177,178,181,180,183,185,185,189,189,190,192,194,196,197,200,202,203,205,206,211,212,214,213,213,215,216,216,218,218,218,218,219,220,219,219,220,220,220,219,220,220,220,221
196,196,196,195,195,195,194,194,197,196,196,193,192,191,189,188,190,190,189,186,186,187,182,180,179,178,178,174,173,171,171,169,167,166,164,164,161,159,157,151,145,144,146,146,138,130,128,133,143,140,127,102,135,145,145,145,148,127,32,46,65,56,66,17,42,17,38,47,37,69,33,19,52,33,44,42,26,38,28,28,27,37,39,44,44,43,41,36,38,35,47,47,48,60,69,67,68,68,60,67,69,75,77,58,62,73,74,70,77,73,72,83,78,87,88,82,81,72,70,71,80,95,103,100,92,75,69,66,61,45,30,32,28,27,26,22,32,40,50,63,61,61,75,44,33,60,107,161,170,162,164,165,167,169,170,172,173,174,176,178,178,180,181,182,186,187,187,188,191,193,195,198,201,203,204,207,210,212,214,213,214,214,217,216,217,218,218,218,219,221,220,220,220,220,219,220,220,220,220,220
194,194,193,193,194,193,192,191,193,192,194,191,191,191,188,188,187,185,182,181,181,181,179,177,176,175,173,170,169,167,165,163,162,162,159,150,146,142,140,139,138,139,143,146,139,132,129,133,139,135,122,108,146,148,148,148,149,118,25,35,36,69,65,21,24,40,56,40,27,51,20,23,42,34,33,16,26,38,28,29,37,39,47,47,46,52,54,52,49,44,50,49,49,58,65,62,70,68,70,76,80,82,78,58,63,71,85,80,86,82,78,85,83,87,87,86,80,72,79,92,112,113,98,89,85,74,71,72,64,49,33,21,28,17,21,23,34,36,43,72,57,36,31,64,62,74,133,162,157,159,162,159,163,166,168,169,170,171,172,173,174,176,177,179,182,182,185,185,187,189,192,195,197,201,203,205,208,210,211,210,212,213,213,215,217,217,218,218,217,219,219,219,220,220,220,220,219,220,220,221
192,192,191,192,192,190,189,189,190,190,190,188,188,187,185,185,184,181,181,180,178,177,176,173,170,168,166,164,162,159,159,155,148,142,139,137,137,136,138,137,136,136,138,141,136,134,135,136,138,133,114,118,147,148,149,148,149,110,27,30,33,55,62,46,30,60,42,44,65,45,29,33,35,60,33,32,39,32,28,25,36,33,41,49,52,58,61,59,57,52,49,52,54,64,60,68,73,68,73,81,83,81,85,74,75,78,93,90,91,90,86,93,89,93,79,88,87,89,105,117,110,100,91,87,84,80,69,67,51,43,47,37,43,23,20,24,38,24,42,50,46,29,32,48,59,107,130,156,155,157,159,156,163,161,164,166,166,169,169,170,170,173,174,175,177,179,181,182,183,186,187,191,191,194,200,202,207,208,207,209,211,212,212,214,215,216,216,217,217,219,218,219,219,220,220,219,219,219,220,220
189,188,188,191,190,188,185,185,188,187,188,185,185,184,182,180,179,176,175,174,174,172,169,166,165,162,159,156,152,149,143,142,141,141,138,134,134,134,137,136,135,136,137,137,133,135,138,138,138,133,110,127,150,149,149,150,152,113,29,29,36,47,72,57,77,35,47,56,57,37,32,33,55,54,40,25,23,29,31,34,30,31,39,45,52,55,60,59,59,62,59,60,61,65,64,69,73,71,86,80,84,86,86,79,77,89,91,95,94,93,92,94,94,95,93,93,96,116,116,102,94,85,87,85,84,76,76,67,61,56,37,54,58,35,15,20,27,37,39,41,35,48,41,60,69,104,144,174,161,151,152,163,166,160,160,159,163,164,166,166,170,169,170,174,175,175,179,178,180,181,185,186,188,190,195,198,202,202,204,208,209,210,211,214,214,215,216,216,217,217,218,218,218,219,220,220,219,219,218,220
187,186,186,186,187,186,184,184,183,183,182,182,180,179,177,175,175,174,173,172,169,167,165,162,160,154,143,141,140,138,138,138,139,144,137,131,130,133,135,137,137,136,137,136,134,134,137,138,138,133,109,130,153,150,149,151,153,131,28,30,31,50,58,75,77,66,61,42,61,39,44,54,46,32,43,43,26,42,38,49,36,33,41,47,56,52,58,58,58,67,65,69,67,67,66,72,70,75,85,82,85,96,96,85,90,97,100,106,98,93,96,98,96,96,99,105,109,98,91,77,76,76,80,85,83,83,83,84,67,63,54,49,52,39,28,26,30,58,31,44,54,40,74,94,100,129,142,168,187,173,168,168,170,177,167,161,156,158,159,162,166,166,168,168,172,174,174,177,178,179,182,182,187,187,191,194,198,200,202,204,206,209,212,212,214,215,215,216,216,217,217,218,219,218,219,219,220,219,219,219
184,184,183,183,183,182,181,182,182,184,181,179,178,176,175,173,171,171,170,166,164,159,153,147,140,140,140,139,138,136,136,137,140,146,138,128,128,134,137,140,139,138,136,135,133,134,137,137,140,134,114,128,154,151,151,152,153,143,39,28,28,51,43,80,75,62,58,62,78,40,48,51,47,27,58,22,41,32,38,29,28,27,41,45,52,54,53,52,55,66,64,66,66,67,68,72,72,79,86,91,88,98,109,93,104,95,92,99,97,94,95,96,95,97,96,90,81,78,74,74,70,71,76,76,80,78,79,91,75,78,62,49,39,41,27,35,74,66,47,69,64,57,80,88,88,106,140,152,181,181,171,169,172,173,179,173,164,159,159,159,162,160,163,166,170,169,172,174,173,175,179,180,182,185,188,192,194,193,196,199,201,205,208,211,214,213,214,215,215,216,217,217,217,217,218,217,219,218,219,218
182,182,180,180,179,179,179,178,177,176,175,175,173,172,170,171,167,166,161,154,145,138,138,133,138,138,141,140,136,135,136,137,141,147,138,126,126,132,138,141,140,139,136,134,133,133,136,138,142,137,119,120,155,153,152,154,153,149,66,27,26,49,44,51,119,70,62,77,76,54,66,54,76,54,55,45,45,39,39,34,22,33,40,42,47,52,54,52,54,56,63,63,69,64,64,66,70,75,80,87,84,87,91,87,88,84,80,79,78,77,80,79,74,72,69,68,61,68,63,62,70,76,81,84,81,78,77,81,68,82,65,46,46,45,38,36,47,64,54,58,47,87,72,78,135,159,146,129,166,183,173,174,169,170,172,176,173,163,157,160,165,159,160,160,164,167,168,170,170,172,175,178,179,181,184,187,190,191,193,193,195,199,203,206,209,211,213,213,214,215,216,217,217,216,217,217,218,218,218,217
179,179,178,177,177,176,175,175,174,173,172,172,172,170,169,166,161,154,138,128,124,126,130,134,138,138,141,143,137,135,136,138,143,151,141,127,125,132,137,139,139,137,135,132,131,132,135,141,144,138,125,116,155,156,154,155,155,150,101,27,25,48,43,57,86,71,42,87,106,57,86,84,51,45,49,73,73,65,52,13,11,33,39,40,46,51,52,50,53,49,56,54,57,60,61,65,67,66,68,72,72,69,64,64,65,62,62,64,69,68,67,65,62,61,61,58,70,52,55,67,72,70,73,77,72,73,71,70,70,83,68,38,47,65,65,42,33,59,39,62,79,83,72,100,150,171,158,117,161,179,181,180,163,164,169,171,171,170,169,168,168,171,172,165,162,162,164,166,166,169,173,175,176,180,181,184,186,187,191,192,194,198,200,202,205,207,207,210,213,213,214,215,216,214,215,217,216,217,215,216
178,177,176,174,174,173,172,172,171,170,170,169,166,161,152,147,147,147,128,118,117,122,130,137,138,137,140,144,139,135,137,140,145,153,142,127,125,132,139,139,140,138,136,132,130,132,138,144,148,142,131,110,154,158,155,157,156,155,139,39,27,46,45,52,67,99,36,103,84,57,116,94,68,39,55,106,89,77,60,25,32,33,39,43,47,44,52,55,54,52,52,49,43,55,53,61,59,62,65,66,63,58,48,53,53,49,48,43,41,53,50,54,60,50,42,52,74,62,63,69,64,64,70,71,69,68,61,70,81,75,80,46,53,65,43,59,63,81,68,79,65,98,115,134,175,169,159,122,157,176,182,178,159,163,167,169,169,170,167,171,174,173,170,173,167,165,162,163,163,166,168,170,173,177,179,182,183,185,187,189,192,193,196,198,199,201,203,206,209,209,212,212,213,213,213,216,215,215,215,214
175,174,173,172,171,171,171,171,168,164,155,147,136,133,133,136,145,147,126,114,114,121,129,135,136,136,138,142,140,137,137,141,147,155,141,129,127,133,139,140,140,139,137,131,129,132,137,144,149,142,136,112,148,161,161,160,159,157,152,80,24,44,45,38,74,98,75,92,93,80,110,111,82,59,100,99,72,59,83,60,38,51,44,42,45,43,46,51,56,58,56,53,48,57,65,58,48,46,38,53,45,38,44,43,32,51,49,47,36,43,45,45,47,46,48,53,55,63,64,64,69,58,73,78,69,76,63,66,87,59,61,57,63,70,62,64,76,105,81,82,91,112,128,152,176,174,163,125,153,176,181,174,163,162,166,168,168,168,168,166,170,174,164,170,176,166,162,162,164,163,163,166,171,172,175,177,181,182,184,186,187,190,193,195,197,197,199,201,205,204,206,208,209,211,211,213,214,214,214,215
172,172,171,169,166,161,158,153,139,131,132,132,132,131,129,133,146,146,124,112,112,118,124,132,133,136,138,142,141,136,137,142,148,155,140,131,128,133,139,140,141,141,137,132,130,133,138,144,151,147,142,122,131,162,162,162,161,157,150,130,24,37,45,42,52,79,100,102,99,85,89,98,82,63,111,82,69,92,65,24,22,31,37,41,44,43,48,49,47,60,64,61,53,56,57,55,49,47,42,59,45,44,46,45,47,52,50,49,47,54,44,44,59,57,62,58,67,64,63,57,60,55,64,70,58,82,72,104,100,75,51,83,84,59,63,121,89,89,109,75,117,116,143,180,177,177,170,134,148,174,182,167,162,164,167,167,167,166,172,166,173,173,168,159,166,182,175,168,166,170,166,168,167,172,173,174,177,179,183,185,184,189,191,195,196,195,196,197,201,202,204,205,206,207,209,211,211,212,212,214
164,159,154,149,144,142,141,131,127,128,128,127,125,123,124,130,147,142,120,109,110,115,123,131,134,135,138,140,140,138,138,142,149,156,143,132,131,136,140,141,142,142,138,130,131,134,139,144,153,151,148,134,118,162,164,163,161,157,159,154,62,34,47,42,38,46,91,120,119,120,110,126,103,86,78,70,104,69,36,22,24,38,33,39,51,52,52,50,49,61,64,61,55,52,53,51,59,58,55,52,54,51,51,49,52,52,58,60,49,60,52,53,52,50,55,56,65,64,66,55,62,61,76,83,65,66,70,75,73,77,61,108,114,115,92,127,102,93,122,136,125,145,169,177,180,179,173,141,148,172,179,172,161,165,167,167,165,166,166,173,175,172,177,161,155,173,182,179,179,175,175,177,172,167,168,171,173,174,175,181,179,185,188,193,192,193,195,195,199,201,201,201,202,202,203,207,207,208,209,211
144,140,138,135,132,131,131,127,123,126,127,124,123,122,123,129,150,139,117,109,110,116,121,127,132,134,136,140,141,139,138,142,148,156,147,134,134,136,142,144,144,144,137,130,130,133,137,142,151,153,153,144,118,149,164,166,163,159,159,160,123,31,40,45,42,41,45,56,106,121,109,119,122,104,90,102,107,61,52,77,78,65,43,45,50,55,46,47,51,58,58,56,50,54,56,59,62,60,62,59,53,64,59,61,60,59,56,64,62,61,58,57,54,53,55,57,60,63,64,63,65,65,70,72,61,51,75,85,95,81,86,82,117,129,114,119,132,139,136,141,111,145,179,181,183,182,175,140,149,174,173,171,164,165,166,167,165,165,169,171,175,172,178,165,155,159,188,179,176,180,180,178,181,178,168,167,171,171,171,173,174,179,183,189,189,191,194,193,197,199,198,199,201,200,203,204,205,205,207,207
138,136,133,132,129,129,129,126,124,126,125,123,122,122,124,130,150,138,115,109,109,114,118,125,131,132,134,138,141,141,141,143,147,157,149,136,136,138,145,146,146,146,137,126,128,133,136,142,148,152,157,148,130,128,165,168,165,161,159,159,156,74,37,46,46,42,45,53,59,101,128,115,124,108,61,95,93,74,104,80,41,45,60,91,48,37,37,43,49,49,59,53,49,54,57,59,59,61,60,59,59,63,64,66,67,61,66,63,61,64,62,60,62,64,65,63,58,64,64,66,66,68,64,77,49,41,55,69,79,105,54,76,108,110,98,100,108,141,158,159,120,150,178,188,187,185,175,136,149,176,176,168,169,169,164,164,166,167,173,167,175,175,178,170,153,156,175,187,170,177,182,181,181,185,180,170,169,166,169,171,171,175,180,181,184,187,191,192,192,196,196,198,200,198,201,201,202,202,204,207
136,134,132,131,128,129,129,125,124,125,125,123,122,123,124,131,151,138,116,108,109,112,118,124,129,131,133,137,141,142,143,144,148,154,153,138,137,140,145,149,150,148,138,126,127,134,136,141,146,152,159,154,139,116,156,167,168,165,161,160,162,139,41,38,47,42,42,47,54,55,88,142,92,85,84,100,117,108,101,56,34,65,55,90,73,35,35,41,45,54,57,46,48,54,61,59,57,58,52,58,59,62,68,63,71,70,68,65,66,64,61,64,66,68,75,60,59,67,74,72,64,65,61,58,81,57,73,53,68,87,67,63,112,128,115,83,119,153,113,91,70,156,181,187,193,191,174,132,150,177,180,164,165,168,166,163,165,166,172,168,175,178,179,179,157,156,164,191,169,170,182,183,179,181,181,176,165,164,169,166,170,172,173,177,178,183,183,186,190,192,192,195,197,199,199,201,201,201,201,203
132,131,131,131,129,128,128,125,125,126,125,123,124,123,123,132,153,136,116,108,108,113,119,124,130,130,134,136,141,142,143,144,148,153,156,140,139,141,146,148,153,150,138,125,125,133,137,142,145,150,162,158,144,124,133,166,168,168,163,161,162,164,95,38,46,45,45,40,30,37,54,133,125,92,85,79,122,122,76,34,44,78,101,85,65,36,34,39,66,53,48,47,52,56,61,57,61,60,65,59,61,62,68,71,68,64,76,78,75,77,66,66,68,69,68,63,68,67,85,76,58,58,52,67,52,83,99,69,78,80,107,108,128,135,106,96,123,132,110,79,71,164,183,187,195,193,172,131,154,176,182,167,164,165,164,161,164,167,169,172,174,177,180,182,163,153,156,188,174,169,183,184,177,179,179,178,176,160,155,150,151,158,170,172,173,173,176,178,182,185,188,192,192,194,196,199,197,199,200,201
134,133,131,131,130,129,129,126,125,127,126,124,124,123,124,134,154,136,114,107,107,114,119,124,128,129,133,137,141,143,144,144,147,152,161,143,140,141,145,148,155,152,138,125,123,133,138,142,144,146,160,162,147,137,117,161,169,169,167,164,163,163,155,59,38,46,45,40,39,61,75,113,132,127,118,106,132,91,94,64,78,90,96,70,65,54,63,61,53,37,45,45,51,57,62,60,54,54,61,59,59,59,57,64,69,66,67,79,70,78,69,75,75,69,68,66,70,68,67,78,68,51,65,64,75,77,126,98,96,101,138,139,141,135,85,117,112,121,81,49,109,171,180,191,197,191,167,129,163,179,188,168,165,164,162,163,165,167,169,172,174,179,179,183,174,153,152,171,187,167,183,182,174,173,177,174,174,179,167,156,147,147,155,163,173,178,176,174,176,180,183,185,186,190,194,195,195,195,197,199
132,132,132,131,129,128,128,126,126,126,125,124,124,124,126,136,155,134,113,106,106,114,120,124,126,128,133,137,142,143,145,145,147,153,161,147,140,142,145,148,156,155,138,125,124,133,138,142,145,147,160,165,151,139,122,142,171,172,169,165,163,164,166,129,38,40,43,45,46,45,66,75,110,111,120,109,123,73,81,80,79,81,110,90,65,65,62,75,44,50,42,51,53,60,51,58,50,56,62,53,59,66,58,62,65,61,69,69,64,70,70,74,81,84,85,85,78,72,80,74,73,69,76,90,118,80,125,124,117,140,141,154,135,152,117,119,114,90,68,50,146,177,180,194,198,193,158,130,172,187,179,178,165,161,162,165,165,170,171,173,174,181,178,182,180,155,149,155,188,172,181,181,175,173,179,175,172,174,177,170,162,148,141,138,146,166,181,177,174,176,179,180,181,185,187,191,192,193,195,197
133,134,131,131,130,128,128,127,127,127,127,124,124,126,129,137,156,131,112,106,106,114,120,123,127,128,133,138,141,144,145,147,149,151,158,150,143,143,145,148,154,155,141,127,123,131,138,142,146,147,157,164,152,139,128,120,162,172,172,169,163,162,167,164,105,36,42,40,44,41,62,54,58,106,122,123,120,94,62,79,94,90,92,58,79,58,79,80,49,33,47,46,40,49,50,63,49,57,48,54,47,60,66,65,62,52,53,58,67,53,60,76,78,81,74,77,67,55,58,80,80,76,60,103,108,88,130,120,130,134,140,139,130,159,99,68,99,79,55,74,169,175,186,199,201,185,141,144,187,197,175,183,166,158,160,162,165,169,170,172,177,179,179,182,184,166,149,148,172,180,178,183,176,174,175,174,166,170,173,172,166,157,148,136,134,135,147,168,178,174,178,178,178,176,180,187,185,187,188,191
135,134,133,132,130,130,129,127,127,127,127,126,126,126,131,142,155,130,111,105,107,115,121,124,128,128,133,137,141,144,146,147,150,151,159,156,146,141,144,147,156,157,143,128,121,127,137,143,149,148,154,162,155,141,129,127,132,170,171,171,169,166,165,168,158,80,39,35,35,58,57,61,70,50,113,120,130,117,104,100,100,73,105,54,87,80,74,61,39,56,49,58,41,50,51,54,56,59,46,53,52,53,64,65,62,60,54,54,55,47,51,61,72,72,66,75,64,52,74,79,76,91,57,75,128,85,107,133,119,77,131,156,152,155,80,69,74,63,49,123,176,177,192,205,201,170,127,159,195,201,174,177,173,158,160,160,169,170,171,171,175,179,179,180,184,173,153,145,154,182,181,182,175,174,175,174,162,165,176,171,166,158,150,143,137,133,137,148,161,170,176,175,175,175,174,176,178,180,183,188
136,135,135,132,130,129,128,128,128,129,128,128,127,127,132,149,152,128,110,105,109,116,121,125,128,130,134,136,140,143,146,147,149,152,159,162,151,142,144,146,155,156,144,128,121,124,135,143,149,148,151,161,161,144,131,132,124,155,170,172,173,169,166,166,166,151,65,35,36,33,40,48,59,57,96,79,104,107,132,109,96,80,95,83,80,80,61,67,53,66,42,53,49,55,46,45,48,54,57,52,63,64,77,64,55,53,60,45,46,54,49,51,61,63,50,56,48,51,59,87,82,105,65,86,101,121,87,113,118,119,140,152,141,126,86,73,74,52,61,159,177,184,198,204,198,153,130,163,205,197,169,165,178,161,160,161,168,171,172,173,175,179,180,180,183,179,157,144,143,178,183,181,175,172,176,174,159,155,169,168,160,153,146,147,146,135,134,141,152,157,164,171,171,165,161,162,160,164,167,171
136,136,136,132,129,127,128,129,130,129,128,128,128,129,132,154,145,124,109,104,110,116,121,127,128,131,135,137,140,143,144,146,147,149,158,163,160,150,146,146,155,156,144,128,121,124,134,142,148,150,152,160,163,149,134,135,132,131,168,173,175,172,168,167,165,165,148,60,39,37,34,40,49,51,35,56,73,85,100,90,93,79,75,42,49,94,65,71,64,48,51,46,47,53,37,31,32,59,67,56,64,75,52,53,58,63,58,48,51,53,43,35,58,65,56,41,45,45,68,62,102,80,80,88,121,107,101,130,115,122,143,139,119,85,68,73,54,43,116,172,178,189,198,205,179,133,143,171,212,193,163,164,174,162,160,162,166,171,173,173,175,178,179,180,184,183,157,142,139,167,186,180,174,169,174,169,156,152,164,167,157,150,144,138,142,140,140,142,149,151,152,158,167,172,162,151,142,144,144,145
137,136,137,134,130,127,130,132,133,129,128,129,129,132,136,158,143,120,110,105,111,117,123,126,129,131,137,136,140,142,144,146,148,149,156,161,164,154,148,149,156,157,146,130,121,122,132,141,150,151,157,161,163,151,136,137,138,137,140,171,173,173,171,169,166,167,165,147,63,41,38,33,32,39,47,74,47,76,77,74,109,80,86,56,71,110,44,60,74,53,57,49,42,62,36,37,42,71,62,71,56,76,44,55,50,52,46,55,48,53,40,44,43,50,52,48,44,58,79,59,82,79,95,92,100,116,107,117,127,124,140,113,100,68,65,59,43,66,159,178,180,191,200,203,157,128,149,181,212,186,164,163,168,162,161,166,168,172,173,171,176,178,179,182,184,182,160,144,139,156,188,180,174,167,167,165,157,154,160,163,157,146,142,140,137,138,138,141,148,147,146,147,154,168,167,167,157,146,138,135
138,138,139,134,131,128,130,135,133,128,127,129,130,133,144,160,139,119,109,106,111,119,123,126,129,132,137,137,141,140,144,146,148,149,155,160,165,162,155,152,155,158,149,133,122,121,132,143,149,152,158,162,164,151,139,136,136,142,133,157,172,175,175,171,170,167,167,166,147,60,38,38,32,36,56,56,24,54,59,62,115,78,88,55,75,99,93,73,75,64,79,61,60,58,38,52,47,63,52,58,61,58,53,51,43,47,46,56,75,48,45,49,66,40,45,62,57,59,90,74,65,83,84,91,83,94,99,122,133,128,156,105,82,64,61,42,39,136,178,181,185,196,204,190,134,133,145,189,211,181,167,163,162,162,167,171,166,168,172,172,177,179,179,181,183,185,164,145,139,144,184,182,178,165,163,163,159,155,157,158,156,145,142,141,139,136,137,136,145,146,146,146,147,154,158,159,161,155,151,142
139,139,140,135,130,128,130,134,132,129,127,128,131,134,149,159,137,117,109,108,112,120,124,126,129,133,136,140,140,142,145,148,148,150,155,160,164,164,158,155,156,156,149,137,125,120,129,139,147,151,158,162,165,152,141,135,137,142,142,135,164,172,175,173,172,168,167,168,167,145,62,37,37,39,55,25,42,69,81,75,97,104,82,88,88,103,94,63,96,84,66,58,43,34,46,74,48,63,57,68,51,53,60,61,42,52,45,41,100,60,53,87,72,36,61,73,86,62,88,75,89,102,68,88,125,91,90,126,152,134,127,73,65,63,39,34,102,167,182,184,190,198,200,169,127,141,152,189,211,180,169,164,159,160,167,169,163,167,170,172,176,180,181,184,184,181,166,146,140,137,173,187,179,167,160,165,160,156,154,156,153,148,142,142,138,137,137,137,141,143,144,141,142,148,154,154,157,155,152,148
140,139,139,135,130,128,130,133,132,131,130,131,131,139,152,156,133,115,108,106,111,121,125,127,129,134,137,140,141,142,145,148,149,151,153,156,161,164,161,158,158,158,153,140,128,121,127,139,146,151,158,164,165,155,141,134,138,140,145,143,140,172,174,175,175,173,171,170,167,165,152,76,40,39,57,50,47,55,75,89,85,78,97,121,107,79,81,87,88,64,71,73,49,41,39,70,37,73,54,50,39,72,60,60,67,59,47,41,102,53,48,77,78,61,80,70,77,64,72,86,108,76,81,75,96,107,93,144,135,133,86,62,57,40,29,77,163,179,180,186,195,199,188,143,134,142,157,192,209,180,171,164,157,160,166,168,163,165,169,171,176,183,184,185,184,184,165,150,142,136,154,185,178,165,161,165,159,156,153,154,150,149,145,140,137,136,138,137,139,141,141,141,141,144,147,150,151,153,149,149
140,140,140,136,129,128,130,133,134,134,133,133,133,141,160,154,129,113,108,107,111,121,127,128,130,134,138,139,140,141,143,147,149,150,152,153,160,165,165,163,162,159,152,140,128,122,125,137,145,150,161,164,163,155,144,134,137,139,144,148,137,153,173,175,177,176,173,174,173,164,163,155,91,37,39,39,37,41,68,75,75,55,76,83,96,82,98,96,80,86,78,94,48,61,59,62,32,68,60,36,54,75,70,41,58,51,34,54,76,58,45,73,56,65,73,74,77,83,74,85,121,90,106,94,108,105,115,133,122,122,77,59,38,34,60,153,176,178,186,196,197,196,165,128,143,145,159,194,207,183,169,161,155,157,168,168,167,163,163,170,176,184,185,186,186,184,167,152,140,137,139,181,182,168,162,162,158,156,152,150,148,148,145,143,139,136,139,138,139,143,141,140,140,141,141,145,147,151,150,147
141,140,140,136,130,129,130,133,134,135,135,135,139,147,162,149,127,114,107,107,113,120,128,129,132,135,137,138,140,142,142,145,148,149,151,154,158,164,166,165,164,162,154,141,129,124,125,136,144,153,159,168,163,157,147,136,133,138,142,148,150,142,157,172,176,178,177,176,174,168,168,169,163,114,41,40,37,36,40,71,72,98,93,100,110,96,119,87,100,100,110,84,76,88,59,78,33,75,52,32,68,97,51,45,57,52,37,54,54,60,54,70,55,61,62,94,84,78,78,65,89,116,111,78,97,130,126,102,117,77,72,41,26,56,147,174,180,185,196,197,196,180,137,140,144,146,160,197,207,178,167,161,153,154,167,169,169,163,161,172,173,185,186,188,185,183,165,153,142,137,135,174,183,170,164,162,159,154,151,148,146,146,145,141,138,138,136,134,138,143,142,141,140,140,140,140,141,148,149,148
142,140,140,138,131,129,130,132,134,136,135,135,141,152,163,145,126,111,108,109,113,120,129,131,134,135,137,138,140,141,140,144,147,148,150,152,157,163,168,167,167,162,154,141,130,124,126,133,142,150,157,168,166,158,146,136,129,135,142,147,150,152,139,156,172,175,178,179,177,170,170,171,171,173,143,67,36,36,35,36,53,97,106,107,91,104,119,120,86,108,107,111,73,60,52,56,54,70,64,48,81,59,55,62,54,72,52,68,62,46,70,50,67,81,82,107,89,74,87,86,97,136,80,117,98,121,111,71,78,56,45,26,50,149,176,185,184,190,199,199,190,148,129,141,144,145,161,198,204,186,166,160,151,153,167,168,171,166,162,167,174,185,186,189,184,183,165,154,141,138,135,164,183,172,166,162,157,153,149,146,143,143,141,140,139,137,136,135,138,141,143,142,141,141,140,139,141,144,149,149
142,139,139,137,130,127,129,133,134,136,136,138,145,156,163,142,125,111,109,109,116,123,131,133,134,135,137,137,140,141,140,143,145,147,148,150,158,165,171,171,171,163,155,142,130,125,125,131,141,146,157,168,171,160,148,138,130,131,140,148,149,155,152,140,154,175,177,179,180,175,173,171,170,171,172,166,107,48,38,40,52,44,40,95,83,87,126,143,103,60,125,68,110,93,83,64,50,69,77,51,71,45,54,52,57,99,76,58,44,74,89,59,79,80,97,83,63,88,72,76,119,130,151,138,116,75,74,43,53,35,26,50,147,174,182,184,188,196,199,194,162,133,139,146,146,148,162,199,203,187,164,158,151,152,165,169,173,164,161,165,176,185,188,188,186,180,164,152,141,136,134,156,185,175,162,160,158,152,147,144,142,140,140,140,141,138,135,136,139,141,143,143,141,141,139,139,141,142,146,150
143,140,139,136,130,127,129,134,134,136,138,138,146,159,162,140,125,112,109,110,116,124,131,133,136,137,139,139,140,140,140,141,145,147,148,149,155,160,169,172,172,167,155,143,131,126,125,130,140,148,153,165,169,163,151,139,131,130,135,145,145,150,156,157,142,155,175,177,182,177,178,174,174,172,172,173,170,148,77,40,43,41,39,53,94,58,107,122,112,77,90,110,69,99,96,60,33,68,71,79,71,70,52,35,53,82,42,63,61,56,80,100,59,52,56,57,60,76,73,100,132,135,128,103,63,49,53,39,29,24,62,156,178,181,184,187,198,201,196,168,138,137,139,146,150,155,163,203,204,185,163,157,152,152,162,170,168,161,162,168,175,182,187,189,187,177,160,149,140,136,134,142,178,180,162,161,158,150,147,146,142,139,142,140,142,138,136,134,140,140,143,141,142,139,141,140,140,141,144,147
143,142,139,136,130,127,128,135,135,135,138,137,147,161,159,139,124,111,110,110,117,127,132,134,136,137,139,139,140,140,139,142,144,148,150,150,155,160,170,175,175,168,156,142,132,127,126,129,139,147,152,164,168,165,159,144,134,128,132,142,146,150,154,158,159,140,155,176,180,181,177,180,176,175,173,172,168,170,167,132,71,40,42,44,83,37,86,94,118,115,100,82,68,112,93,89,66,80,37,27,52,73,77,42,44,60,41,52,46,57,63,99,76,48,55,54,88,57,77,113,131,119,99,74,44,41,34,25,23,88,169,182,182,187,189,196,203,199,175,146,133,140,140,149,156,158,169,202,206,185,163,156,154,153,158,170,166,162,162,169,175,180,187,188,187,176,160,149,140,137,135,139,169,183,164,160,156,150,147,144,143,140,141,140,140,139,137,136,138,139,140,141,140,140,141,141,141,140,142,143
144,143,139,136,131,127,129,135,135,135,139,138,151,164,156,137,121,111,110,111,119,128,135,135,139,138,137,139,141,141,142,144,146,148,149,150,153,161,169,176,178,171,157,144,134,128,127,127,136,145,155,166,168,168,162,151,143,133,130,143,146,146,152,157,160,161,145,152,173,180,179,180,179,177,178,173,171,170,171,172,160,118,60,55,36,51,70,74,84,98,105,92,90,123,101,122,102,54,77,49,48,67,57,49,47,62,47,61,34,74,91,95,88,81,100,117,101,92,77,100,75,76,80,56,34,28,23,46,132,182,187,189,189,193,196,202,201,182,157,133,145,143,145,153,156,159,171,203,207,186,163,154,152,153,157,169,165,164,166,171,174,179,184,188,190,176,161,150,142,138,134,138,161,186,169,159,155,150,148,144,143,141,140,139,142,139,138,138,136,138,139,139,140,141,140,140,141,142,142,143
145,142,140,134,130,128,129,134,136,136,141,144,157,167,153,136,119,110,110,113,120,130,136,138,140,140,138,139,141,141,142,143,145,147,150,150,152,158,166,174,179,172,158,145,136,129,127,127,134,145,156,165,168,166,161,154,145,136,129,138,141,146,153,160,162,163,165,150,149,173,176,184,182,180,179,179,174,171,172,175,168,165,154,120,55,36,57,53,84,85,60,84,53,95,114,122,93,88,51,70,79,76,59,56,71,94,80,88,59,99,74,93,89,88,98,125,103,98,75,55,51,46,47,42,24,26,88,167,190,188,189,193,194,196,201,199,187,163,137,153,149,144,149,153,159,162,178,203,208,185,163,156,153,151,158,166,163,166,167,171,172,178,183,189,191,177,159,150,141,139,135,138,151,181,171,161,155,152,149,144,142,141,140,141,140,137,137,140,137,138,139,140,139,142,140,141,141,142,142,142
146,142,140,135,131,129,131,133,138,138,142,146,159,166,149,134,117,110,110,113,122,131,137,138,139,140,139,139,139,139,141,143,145,147,150,150,152,156,163,172,177,173,159,145,136,131,128,127,135,146,155,162,167,166,162,154,146,139,132,134,144,147,148,158,159,161,161,168,151,140,165,177,180,183,181,181,178,172,172,172,171,174,169,162,160,129,74,31,41,82,79,50,48,83,65,63,62,89,85,61,54,54,59,97,113,90,83,102,92,69,94,78,109,101,95,75,35,35,29,31,33,29,45,23,71,155,187,190,189,188,191,195,197,200,202,195,168,141,153,154,145,145,152,157,162,166,183,209,207,184,164,157,154,152,156,163,167,166,165,171,168,175,182,192,191,177,160,150,143,138,137,135,144,173,177,162,156,154,149,146,143,141,141,139,140,138,139,138,138,139,139,140,139,141,142,142,142,142,142,143
147,143,140,135,130,128,130,135,137,139,142,148,160,165,145,131,116,111,111,114,124,130,139,138,138,139,139,139,139,139,141,143,144,146,150,152,153,155,160,170,177,176,165,149,139,132,129,128,133,144,155,162,169,168,163,155,149,139,134,133,140,145,146,151,157,160,160,163,172,157,136,161,177,182,183,183,178,177,175,174,174,172,173,171,169,171,163,145,96,65,64,42,55,72,86,80,73,81,91,73,68,54,58,89,109,112,80,83,91,78,93,82,86,63,36,34,34,33,27,23,25,40,94,153,181,191,189,188,190,193,198,201,203,205,200,174,143,156,160,151,145,149,150,157,161,168,185,209,205,183,166,159,151,151,154,162,167,163,161,169,167,176,185,193,194,178,160,151,144,140,136,134,141,163,183,165,157,154,148,145,143,139,139,138,138,139,138,138,140,139,140,140,139,140,142,142,142,143,142,142
147,143,139,136,129,127,128,135,137,140,142,150,161,161,141,129,116,111,111,117,126,132,137,138,139,139,140,139,138,139,142,143,143,146,149,152,154,157,162,171,179,179,167,151,142,133,128,127,137,146,153,163,169,169,165,157,150,144,136,133,138,142,146,148,155,160,161,158,168,172,165,141,151,177,180,182,181,181,178,175,174,175,175,173,171,169,171,172,169,164,144,103,68,61,71,72,76,56,54,56,100,74,70,89,95,100,74,70,45,77,71,54,35,44,28,23,22,20,24,75,127,179,193,194,195,194,196,195,196,197,202,204,202,202,181,144,159,163,157,149,149,150,149,157,161,170,195,209,205,183,167,161,151,151,152,162,168,162,159,162,167,179,186,191,190,176,157,149,144,140,136,138,140,156,184,168,159,154,149,145,144,140,139,138,139,140,138,139,140,141,141,139,138,139,142,142,143,145,143,142
148,143,138,136,130,128,128,134,137,139,145,153,164,158,142,128,115,110,110,117,126,132,137,139,139,140,141,140,140,141,143,143,145,146,150,153,155,157,162,173,177,178,168,152,142,134,129,126,136,146,153,162,169,172,167,161,151,148,137,135,136,141,145,151,153,160,163,159,165,173,175,168,151,142,169,180,181,182,181,179,176,179,179,177,176,174,174,173,173,174,173,173,170,158,137,103,101,77,53,27,73,80,60,70,83,53,40,41,23,26,54,50,36,36,17,25,58,108,168,195,201,200,194,195,194,196,197,199,200,199,204,205,199,180,149,163,165,163,157,153,150,150,150,158,161,174,194,208,205,186,169,161,151,152,155,160,164,157,156,160,172,179,184,190,192,175,157,149,144,140,136,137,138,150,178,173,160,155,149,147,143,140,138,137,138,139,138,138,139,139,139,139,139,141,142,142,143,144,143,142
149,143,139,135,129,127,128,131,136,141,148,156,164,158,142,127,115,112,113,120,129,135,137,139,139,140,141,142,140,139,142,143,144,145,150,154,154,155,158,169,176,177,169,155,144,137,132,127,134,144,152,160,168,174,169,165,152,147,140,137,139,144,145,149,150,154,161,162,161,167,174,176,174,163,140,157,175,183,183,180,180,183,183,181,180,179,177,177,177,176,177,175,176,177,177,176,173,179,163,151,133,107,105,82,98,58,48,46,39,39,48,57,77,111,136,174,193,200,203,202,203,200,197,195,195,202,199,201,202,204,205,200,171,146,169,171,167,160,154,152,150,151,151,157,160,175,189,207,206,186,170,159,152,151,151,156,160,151,153,159,168,180,185,188,191,178,158,153,145,141,137,134,139,146,167,179,161,154,150,147,143,142,139,138,139,139,137,138,138,139,139,139,140,141,143,144,143,144,143,143
151,143,138,135,129,127,129,132,138,143,150,159,167,155,140,127,117,112,113,122,130,136,139,140,140,141,142,142,141,139,143,143,145,146,149,152,153,156,157,166,176,179,171,157,149,139,134,129,134,143,149,161,169,174,169,165,156,150,142,138,138,144,145,149,150,153,159,159,159,162,165,172,175,177,171,152,140,157,177,181,184,185,183,183,182,182,182,178,182,180,180,179,180,180,179,183,180,182,176,177,178,172,173,186,176,169,169,170,166,170,179,181,191,199,200,205,203,202,201,202,204,201,197,201,201,200,200,204,205,204,198,163,151,173,178,171,165,159,155,155,152,150,153,159,161,171,187,207,206,186,170,159,152,152,152,158,158,150,148,158,169,181,186,190,189,177,158,153,145,141,139,135,138,140,161,181,165,157,152,149,145,143,140,137,137,136,138,137,140,139,139,142,141,141,143,145,144,145,146,145
149,143,138,133,129,128,131,135,141,144,151,160,166,154,141,127,117,112,115,124,133,139,141,142,141,145,146,145,143,140,140,143,143,146,149,153,154,156,158,166,174,181,174,159,154,146,137,130,135,142,150,159,169,173,171,168,160,148,144,139,141,145,146,149,148,151,157,156,156,158,161,167,170,177,178,175,164,143,143,159,181,184,183,183,183,183,179,185,182,182,179,182,180,181,178,180,185,181,185,178,182,177,183,188,184,181,182,188,183,184,195,191,196,205,202,206,203,203,202,204,201,203,202,201,202,206,205,202,203,185,155,159,173,179,175,168,165,161,156,154,153,150,152,157,164,169,185,207,209,188,172,159,151,150,152,155,153,148,147,159,171,180,182,190,191,174,157,152,145,141,138,135,137,137,151,178,171,160,153,150,145,144,140,139,137,137,139,140,139,140,142,141,141,141,143,144,144,146,147,148
150,144,139,133,129,128,131,134,140,147,151,161,167,154,142,130,118,113,116,125,133,137,142,142,142,146,149,149,146,142,140,142,144,145,147,151,155,156,160,166,173,182,176,160,155,148,139,131,135,141,149,159,167,173,174,169,162,152,147,142,143,144,147,148,148,149,153,154,153,156,160,162,165,174,178,180,178,172,163,144,141,161,179,181,183,180,183,182,185,183,184,178,183,184,186,183,186,184,185,187,179,180,182,186,187,186,182,187,184,188,195,192,196,206,201,203,203,206,206,205,203,206,202,205,206,204,202,193,164,150,176,175,186,186,173,169,165,161,154,156,152,151,153,157,163,168,184,207,208,188,173,161,154,151,152,154,151,146,147,158,173,178,182,188,191,175,158,153,147,141,140,135,136,137,150,174,177,161,156,150,147,142,141,139,139,138,140,141,142,142,142,141,141,142,143,144,145,147,147,147
153,145,137,133,129,128,132,137,142,149,155,164,169,153,142,129,118,114,116,126,135,138,142,142,142,145,148,150,148,144,141,139,143,145,147,150,153,156,160,165,172,181,175,161,155,149,141,131,135,143,148,157,164,168,173,169,164,153,151,147,143,144,149,152,151,150,150,156,154,155,159,159,164,169,177,181,183,179,176,177,167,148,141,155,167,180,180,185,182,185,181,186,183,188,186,193,185,190,187,192,184,183,187,187,190,188,182,188,184,192,192,194,201,206,201,205,208,210,205,206,208,207,208,207,205,192,169,149,163,173,187,179,188,186,171,165,162,157,154,154,150,151,152,156,162,170,184,206,207,190,172,159,156,152,151,154,151,146,147,159,171,176,182,188,193,176,157,152,147,142,140,135,137,138,142,165,182,163,156,152,148,144,141,140,139,139,138,141,143,142,141,141,141,143,144,144,145,146,146,145
153,145,139,133,131,128,133,138,143,151,157,167,170,151,141,128,119,115,118,127,136,143,144,142,143,144,150,151,153,146,140,139,141,145,147,149,152,155,158,163,172,178,177,167,156,151,143,131,131,143,148,152,160,169,174,174,167,157,158,152,146,145,147,153,155,152,153,157,157,155,155,157,158,163,171,177,177,180,181,181,179,168,161,154,147,145,161,169,183,183,187,182,186,185,189,189,188,188,189,191,190,183,196,188,193,192,188,193,188,194,193,192,206,204,202,209,208,206,204,205,209,208,205,197,172,158,165,170,178,180,192,190,192,182,168,166,165,157,156,152,152,153,155,157,163,171,184,205,205,192,171,158,156,152,152,154,148,148,147,159,165,173,182,190,190,176,160,152,149,143,141,136,137,139,141,153,184,168,158,153,148,146,143,140,139,140,138,141,142,142,141,142,142,142,142,142,145,145,145,145
153,145,139,134,132,130,133,138,145,151,159,169,170,151,143,129,119,115,121,130,138,144,145,143,143,146,149,152,154,147,142,140,141,145,147,148,151,154,158,163,170,178,179,168,159,153,146,135,137,142,150,155,162,172,175,173,167,162,159,153,149,150,150,151,154,153,152,154,155,154,152,154,154,155,162,165,170,177,179,181,181,175,171,166,165,161,155,152,149,154,167,174,186,182,191,184,193,185,193,188,193,186,194,188,191,191,190,198,191,194,196,192,203,200,203,208,207,203,207,201,199,179,164,163,185,184,181,170,178,182,194,194,188,178,163,163,162,158,156,156,151,153,157,160,164,169,184,204,206,191,171,160,156,152,152,150,148,146,147,153,163,169,183,190,189,175,160,152,149,144,140,136,138,138,140,150,177,175,162,157,151,146,142,142,139,142,140,139,141,142,142,144,142,143,142,142,146,146,145,143
153,146,138,133,131,132,133,140,146,154,163,172,170,153,143,130,120,116,125,132,141,146,145,144,143,144,148,152,154,149,144,141,141,145,148,149,150,154,158,160,169,179,181,170,159,157,150,135,134,143,146,154,158,166,174,173,167,165,161,152,151,149,152,154,154,154,150,150,154,154,155,153,155,154,159,161,167,170,175,178,180,181,177,172,171,165,161,163,161,161,154,149,147,153,155,166,168,180,184,186,191,187,190,190,187,196,189,193,192,197,199,190,201,193,196,199,191,182,173,160,162,172,192,198,198,179,172,168,179,189,194,195,186,176,167,166,163,159,157,153,150,152,155,162,164,170,183,203,204,190,172,163,157,152,151,152,149,145,149,155,160,173,185,189,186,175,159,154,150,148,141,138,137,138,138,148,169,180,162,160,151,146,145,144,140,141,140,140,141,142,143,144,143,144,145,145,145,147,147,147
151,145,140,134,132,132,134,143,148,156,164,171,169,152,143,130,120,117,126,134,143,148,146,145,145,143,146,151,153,151,146,142,140,143,147,150,151,155,159,161,169,182,181,171,160,157,152,137,137,144,148,154,160,164,175,175,171,169,163,159,152,150,151,153,156,156,154,152,155,156,157,152,154,157,159,159,163,168,173,179,183,183,177,172,174,170,169,171,168,168,168,168,169,168,160,152,147,151,146,151,155,164,161,167,166,173,170,171,174,171,176,165,166,157,154,158,156,161,171,183,192,200,208,204,194,171,168,170,181,190,196,188,181,169,166,164,161,158,156,151,150,156,158,160,163,171,180,198,205,188,172,161,158,153,152,151,148,146,147,153,158,172,183,188,187,174,160,153,150,147,140,137,136,136,137,143,164,182,166,159,153,150,148,145,144,143,141,142,142,142,143,144,145,146,145,146,146,147,149,147
150,145,140,134,133,132,136,143,150,155,162,171,167,152,143,132,120,118,126,135,144,149,146,146,146,146,146,149,151,151,149,145,141,144,147,150,151,154,156,162,168,180,181,173,161,158,156,139,139,146,150,154,160,164,173,175,167,167,165,164,157,155,151,155,155,154,158,157,155,157,157,155,155,157,159,156,159,164,168,175,180,184,181,178,177,173,168,167,167,169,174,177,178,180,179,178,180,177,176,165,162,165,163,160,158,159,156,158,162,163,163,164,174,178,183,189,196,199,199,206,208,211,208,201,177,165,169,172,181,192,195,186,174,165,164,165,161,157,154,152,153,155,158,160,166,169,180,197,203,189,172,160,157,155,152,151,147,147,147,149,157,166,181,189,187,175,160,155,153,148,141,139,139,136,137,140,158,181,174,162,155,150,147,146,144,143,143,144,143,147,144,145,146,147,147,146,146,148,146,145
150,145,140,135,133,133,139,144,152,157,164,169,166,153,142,133,121,119,126,137,145,148,146,146,146,146,148,149,150,149,151,147,142,144,147,151,152,155,156,162,170,180,182,176,165,162,159,143,140,145,147,153,159,161,172,176,168,165,168,165,163,159,155,155,160,159,161,159,157,158,157,154,154,153,157,155,157,159,165,169,171,179,182,181,180,177,172,168,168,172,178,177,180,182,189,192,192,186,187,185,187,186,180,183,183,182,182,187,191,192,193,194,196,195,200,202,204,206,208,207,209,211,201,189,172,166,170,172,182,192,192,183,169,166,166,162,157,154,155,153,153,158,159,159,162,163,178,196,205,191,170,162,158,155,152,151,149,147,148,150,156,166,184,192,187,176,160,156,155,149,143,139,138,137,140,141,152,173,183,162,156,151,147,146,146,145,143,145,146,145,146,146,145,147,147,147,147,147,147,146
150,144,140,136,134,135,140,146,153,160,165,169,164,155,144,132,123,121,129,139,146,146,145,146,145,145,150,152,151,150,151,150,147,146,150,152,152,155,157,160,169,179,183,177,168,162,159,145,140,146,149,153,155,160,169,178,174,167,168,166,165,161,158,157,158,160,160,162,162,163,157,156,155,157,156,159,160,160,162,167,175,179,178,179,180,178,173,170,170,174,177,178,178,181,183,187,190,188,191,189,187,187,186,188,189,187,192,191,192,193,192,196,196,198,204,202,205,208,210,210,211,204,191,178,168,165,168,170,183,190,187,178,174,169,167,162,156,155,155,153,157,158,159,159,159,161,173,192,205,193,172,167,161,154,151,149,148,146,146,149,153,164,181,192,187,172,160,156,153,148,143,140,139,138,139,139,150,168,185,167,158,153,149,149,147,146,146,146,148,147,145,144,146,148,147,148,146,146,149,148
149,145,141,137,135,136,141,147,154,159,163,170,165,156,144,132,124,124,132,143,147,146,146,147,146,146,151,153,153,150,151,151,149,148,150,151,152,154,155,159,168,179,184,180,169,164,160,149,141,148,151,154,155,158,167,177,178,171,168,167,168,165,163,161,161,161,161,162,162,161,166,164,161,162,162,163,162,163,162,165,168,177,178,180,182,182,177,175,173,176,178,181,178,176,175,182,185,184,190,189,188,188,188,190,192,191,190,187,190,190,193,194,199,203,207,205,205,210,210,210,206,195,182,170,162,162,165,171,184,192,186,174,169,168,163,161,158,156,156,158,158,158,159,161,162,163,176,192,205,192,170,166,161,155,151,149,148,147,147,148,152,165,181,192,188,171,158,156,154,149,144,140,138,138,139,139,145,158,185,170,160,154,151,149,147,148,146,146,148,146,146,147,146,150,149,150,148,146,147,146
150,146,143,138,135,135,140,147,153,161,168,171,160,156,145,131,124,126,132,146,149,146,146,147,149,148,152,153,154,150,150,151,150,148,151,153,153,153,153,158,167,178,184,181,170,165,162,152,144,149,155,156,158,159,166,174,178,174,168,166,166,166,164,160,159,161,162,161,162,163,166,168,166,163,163,166,167,166,164,163,166,174,176,179,182,185,182,176,172,175,177,181,179,177,184,181,179,179,184,183,186,188,189,191,190,192,193,191,194,193,195,197,200,205,208,209,208,211,208,206,201,190,176,165,163,165,169,179,188,192,186,175,171,166,163,160,159,157,157,156,158,158,159,162,162,163,171,190,203,192,172,165,161,157,151,149,147,148,147,149,150,163,179,192,188,171,159,156,153,149,145,139,138,138,141,137,141,155,176,178,163,157,153,150,147,150,148,147,148,146,147,147,147,148,148,148,148,145,148,146
151,147,144,139,136,137,142,148,154,162,168,168,159,153,145,133,126,129,136,148,150,148,146,147,150,148,151,153,153,151,150,150,149,151,152,154,152,153,153,159,167,176,185,183,171,166,164,156,147,153,156,157,158,157,166,173,178,175,171,168,169,168,165,162,162,165,165,164,162,162,163,170,169,168,166,168,168,169,166,165,167,171,175,178,179,184,181,178,174,178,179,179,183,184,183,182,180,183,181,181,187,192,191,191,190,189,195,196,195,195,199,200,202,209,207,207,207,209,203,200,189,177,170,167,168,169,174,182,188,192,188,178,171,170,164,165,157,158,160,157,158,158,162,161,162,162,174,191,204,193,173,165,161,156,152,147,145,146,145,147,150,160,180,193,190,173,165,159,153,150,149,144,140,139,139,140,142,150,168,186,163,155,153,152,149,150,149,149,147,148,148,147,148,146,148,149,149,148,148,147
150,147,145,140,137,139,142,149,153,161,169,167,160,155,145,135,127,130,140,150,149,147,146,145,151,151,151,152,153,151,150,151,150,151,152,154,154,154,153,159,164,171,181,182,172,168,166,160,147,155,157,159,159,157,164,173,178,176,170,169,169,165,165,166,164,165,167,166,165,167,167,169,171,170,168,164,160,166,168,168,171,171,172,176,181,182,185,184,181,181,181,179,178,186,187,187,184,185,185,183,182,184,186,188,190,190,188,194,195,198,199,199,200,205,203,207,206,202,197,191,179,175,169,168,169,169,174,182,189,192,182,179,176,172,162,164,158,158,157,159,157,161,163,161,160,164,173,189,200,191,171,163,161,156,153,150,145,148,148,147,151,159,180,195,190,173,167,160,155,151,146,145,142,141,140,140,143,146,165,187,172,158,155,153,153,151,150,150,148,149,149,148,148,151,150,148,149,147,148,148
150,147,144,141,138,138,142,147,153,163,171,165,159,155,144,134,129,130,144,151,150,148,147,146,152,153,154,154,154,153,153,153,153,155,154,157,155,155,156,160,165,172,183,185,174,171,169,163,149,155,158,161,163,159,165,172,179,179,172,170,169,172,168,168,166,167,167,167,168,168,170,170,170,170,167,166,164,165,167,169,170,170,167,172,180,179,183,182,184,183,182,182,182,187,185,179,177,181,181,183,181,185,188,189,189,192,194,194,193,198,201,203,204,201,202,206,204,196,193,188,178,176,168,168,170,170,179,185,190,185,179,173,174,170,165,163,158,158,159,158,160,162,160,162,160,162,170,184,200,193,173,164,160,158,153,151,149,149,148,146,147,156,179,193,190,174,165,161,156,156,152,147,143,141,139,142,141,144,155,183,180,158,156,156,154,152,151,150,151,150,150,150,149,149,148,148,147,148,148,147
