2.0,-3.0,-2.0,0.0,-2.0,-2.0,0.0,3.0,-1.0,0.0,1.0,-4.0,2.0,-4.0,4.0,-3.0,0.0,2.0,0.0,4.0,-7.0,1.0,0.0,1.0,-1.0,0.0,0.0,0.0,3.0,-2.0,3.0,0.0,0.0,1.0,-1.0,0.0,2.0,3.0,-3.0,-2.0,0.0,0.0,0.0,1.0,-1.0,0.0,0.0,-2.0,0.0,0.0,3.0,-3.0,-2.0,-1.0,3.0,1.0,-4.0,3.0,0.0,0.0,0.0,0.0,2.0,0.0,-1.0,3.0,0.0,0.0,0.0,0.0,0.0,-1.0,1.0,-1.0,4.0,-2.0,0.0,2.0,-4.0,1.0,0.0,-1.0,4.0,-1.0,-2.0,-3.0,1.0,-2.0,0.0,-3.0,1.0,0.0,0.0,0.0,0.0,0.0,0.0,-3.0,2.0,-3.0,-2.0,0.0,-5.0,1.0,2.0,1.0,-1.0,-2.0,0.0,-1.0,3.0,3.0,-3.0,1.0,-5.0,-1.0,-3.0,0.0,-1.0,2.0,0.0,-2.0,3.0,3.0,-1.0,0.0,0.0,1.0,-1.0,1.0,-1.0,0.0,0.0,1.0,-4.0,1.0,0.0,1.0,-1.0,1.0,-1.0,2.0,3.0,-1.0,0.0,0.0,1.0,-3.0,0.0,-1.0,4.0,-4.0,2.0,-3.0,0.0,0.0,3.0,-2.0,3.0,0.0,1.0,4.0,-1.0,0.0,0.0,1.0,-4.0,2.0,-3.0,0.0,-3.0,3.0,1.0,-6.0,2.0,-4.0,1.0,0.0,2.0,3.0,-4.0,3.0,2.0,0.0,2.0,1.0,-1.0,-3.0,3.0,1.0,-1.0,-1.0,4.0,-2.0,2.0,0.0,-4.0,1.0,0.0,-2.0
0.0,2.0,3.0,-2.0,2.0,3.0,0.0,-2.0,-1.0,-1.0,0.0,1.0,1.0,3.0,-3.0,4.0,1.0,-3.0,3.0,-3.0,6.0,-1.0,1.0,2.0,-2.0,0.0,0.0,1.0,-2.0,0.0,-3.0,1.0,0.0,2.0,0.0,1.0,-2.0,-2.0,3.0,3.0,-1.0,1.0,0.0,1.0,-1.0,0.0,-1.0,5.0,-1.0,2.0,-4.0,3.0,2.0,-2.0,-2.0,1.0,2.0,-4.0,1.0,1.0,0.0,2.0,-3.0,1.0,-1.0,-3.0,1.0,0.0,0.0,0.0,0.0,-2.0,1.0,-1.0,-2.0,-2.0,-1.0,1.0,1.0,0.0,-1.0,0.0,-2.0,-2.0,2.0,0.0,-1.0,3.0,-3.0,2.0,-1.0,0.0,-1.0,-1.0,-1.0,-1.0,-2.0,2.0,0.0,0.0,2.0,-4.0,6.0,0.0,-4.0,2.0,-3.0,4.0,-1.0,-1.0,-2.0,-3.0,3.0,-2.0,5.0,1.0,1.0,-1.0,-2.0,1.0,-1.0,-2.0,-2.0,-2.0,0.0,-1.0,0.0,1.0,-2.0,1.0,-2.0,0.0,0.0,0.0,2.0,0.0,0.0,2.0,-1.0,1.0,0.0,-2.0,-2.0,-1.0,0.0,0.0,1.0,3.0,-2.0,0.0,-2.0,2.0,1.0,2.0,-1.0,1.0,-3.0,0.0,-3.0,2.0,-4.0,0.0,0.0,0.0,1.0,1.0,1.0,1.0,2.0,-2.0,4.0,-3.0,0.0,6.0,0.0,3.0,1.0,2.0,-2.0,-2.0,5.0,-2.0,-2.0,2.0,-3.0,3.0,-2.0,4.0,-3.0,2.0,-1.0,0.0,-1.0,-1.0,2.0,-1.0,1.0,0.0,-1.0,4.0
3.0,-2.0,-2.0,-1.0,2.0,-2.0,1.0,-2.0,3.0,3.0,-2.0,1.0,-3.0,-2.0,0.0,1.0,-2.0,1.0,-1.0,2.0,-4.0,3.0,-3.0,-2.0,4.0,0.0,0.0,1.0,-2.0,-1.0,3.0,1.0,2.0,-1.0,-4.0,3.0,-1.0,0.0,-1.0,-1.0,1.0,-3.0,1.0,1.0,-1.0,0.0,1.0,-5.0,2.0,-4.0,4.0,-3.0,2.0,3.0,-2.0,1.0,1.0,2.0,1.0,-4.0,2.0,-3.0,-1.0,0.0,3.0,1.0,0.0,0.0,-1.0,-1.0,-2.0,2.0,-1.0,2.0,0.0,-2.0,2.0,0.0,0.0,-2.0,3.0,-2.0,2.0,1.0,-1.0,4.0,-3.0,1.0,1.0,-2.0,3.0,-3.0,1.0,0.0,0.0,0.0,1.0,-1.0,-1.0,3.0,-2.0,0.0,-2.0,-1.0,0.0,-1.0,2.0,-2.0,-3.0,2.0,1.0,1.0,1.0,-1.0,-2.0,1.0,0.0,-3.0,1.0,4.0,2.0,0.0,1.0,2.0,-2.0,4.0,-1.0,0.0,2.0,-2.0,2.0,-2.0,-1.0,0.0,-4.0,2.0,1.0,-3.0,0.0,1.0,0.0,-2.0,3.0,3.0,-1.0,2.0,-2.0,-3.0,4.0,-1.0,0.0,3.0,-3.0,3.0,-1.0,0.0,2.0,-3.0,2.0,0.0,2.0,0.0,1.0,2.0,-2.0,-2.0,2.0,-3.0,3.0,-1.0,-1.0,-1.0,3.0,-3.0,-1.0,-5.0,0.0,-1.0,0.0,1.0,-5.0,1.0,0.0,3.0,-1.0,-1.0,0.0,-1.0,-1.0,3.0,-1.0,0.0,0.0,0.0,3.0,-2.0,1.0,0.0,-1.0,0.0
-2.0,-1.0,4.0,-3.0,2.0,-1.0,0.0,-2.0,-1.0,-2.0,4.0,-2.0,1.0,2.0,0.0,-3.0,1.0,-4.0,2.0,-3.0,-1.0,-3.0,4.0,0.0,0.0,-3.0,2.0,0.0,3.0,-1.0,-1.0,-1.0,-1.0,0.0,2.0,-2.0,0.0,-1.0,0.0,0.0,1.0,-3.0,1.0,1.0,-1.0,-1.0,0.0,1.0,0.0,2.0,-2.0,-1.0,-1.0,-1.0,-1.0,3.0,-2.0,-3.0,2.0,1.0,0.0,2.0,-3.0,2.0,-2.0,1.0,0.0,-1.0,2.0,1.0,1.0,-1.0,-2.0,0.0,1.0,4.0,-1.0,0.0,-2.0,2.0,1.0,-3.0,0.0,0.0,-1.0,-2.0,2.0,0.0,-1.0,2.0,0.0,-1.0,2.0,1.0,1.0,2.0,-3.0,3.0,-3.0,0.0,1.0,0.0,1.0,1.0,0.0,1.0,-1.0,-5.0,6.0,-2.0,0.0,1.0,1.0,-3.0,3.0,-1.0,-2.0,1.0,0.0,0.0,-3.0,0.0,0.0,1.0,-2.0,-2.0,0.0,-1.0,0.0,2.0,-1.0,1.0,1.0,2.0,0.0,-4.0,1.0,2.0,-1.0,1.0,-1.0,-1.0,-1.0,-1.0,1.0,-3.0,-1.0,3.0,-2.0,1.0,-4.0,0.0,-1.0,-1.0,0.0,1.0,0.0,2.0,1.0,2.0,-3.0,3.0,-2.0,-1.0,0.0,-1.0,4.0,-1.0,-1.0,0.0,0.0,0.0,-1.0,-1.0,4.0,0.0,0.0,0.0,0.0,0.0,2.0,1.0,-3.0,0.0,0.0,1.0,0.0,0.0,0.0,0.0,0.0,0.0,1.0,-3.0,0.0,5.0,-5.0,0.0,4.0,-6.0
4.0,-2.0,-3.0,3.0,2.0,-3.0,3.0,1.0,-1.0,0.0,-2.0,3.0,-1.0,1.0,0.0,2.0,-2.0,1.0,-1.0,0.0,1.0,2.0,-1.0,-4.0,3.0,-1.0,-2.0,3.0,-2.0,0.0,0.0,0.0,0.0,0.0,2.0,-2.0,-1.0,4.0,-1.0,0.0,0.0,2.0,1.0,2.0,-2.0,3.0,-1.0,0.0,1.0,1.0,-2.0,4.0,-2.0,0.0,0.0,-1.0,-1.0,3.0,-4.0,1.0,0.0,1.0,3.0,-4.0,-1.0,1.0,0.0,-2.0,2.0,0.0,-1.0,2.0,2.0,-1.0,0.0,3.0,-1.0,-1.0,2.0,-1.0,0.0,-1.0,4.0,-2.0,3.0,-3.0,1.0,-1.0,-3.0,0.0,-2.0,3.0,0.0,0.0,-1.0,0.0,1.0,-1.0,0.0,3.0,-3.0,3.0,-2.0,-2.0,2.0,2.0,0.0,3.0,-3.0,3.0,-1.0,-4.0,0.0,1.0,0.0,2.0,0.0,-2.0,-1.0,0.0,3.0,-2.0,-1.0,-1.0,1.0,2.0,-3.0,4.0,-2.0,1.0,0.0,-1.0,1.0,0.0,3.0,0.0,0.0,2.0,-2.0,0.0,3.0,-2.0,-1.0,0.0,1.0,2.0,-2.0,3.0,-1.0,0.0,1.0,-1.0,4.0,-1.0,2.0,-3.0,3.0,-2.0,-1.0,0.0,0.0,0.0,1.0,0.0,0.0,1.0,-5.0,1.0,0.0,0.0,0.0,0.0,0.0,0.0,-1.0,0.0,0.0,1.0,1.0,1.0,-3.0,3.0,-2.0,2.0,2.0,-4.0,2.0,1.0,2.0,-3.0,1.0,1.0,1.0,-2.0,-3.0,0.0,1.0,0.0,4.0,-1.0
-3.0,3.0,2.0,-3.0,-2.0,2.0,2.0,0.0,-2.0,-1.0,-1.0,3.0,0.0,3.0,-4.0,2.0,2.0,-2.0,3.0,3.0,-1.0,1.0,-1.0,2.0,-3.0,0.0,0.0,-2.0,0.0,0.0,1.0,0.0,0.0,2.0,-3.0,3.0,-2.0,0.0,-1.0,0.0,2.0,-2.0,-2.0,-1.0,-1.0,3.0,-1.0,2.0,-4.0,2.0,-2.0,-2.0,4.0,-1.0,0.0,0.0,-1.0,2.0,2.0,1.0,1.0,-2.0,-3.0,1.0,2.0,0.0,-2.0,3.0,-4.0,1.0,-2.0,2.0,-5.0,0.0,1.0,-1.0,-1.0,-1.0,0.0,3.0,-3.0,3.0,-3.0,-2.0,1.0,0.0,-2.0,1.0,3.0,1.0,2.0,-5.0,0.0,-2.0,3.0,-2.0,-1.0,3.0,-4.0,1.0,0.0,-1.0,1.0,1.0,0.0,1.0,-3.0,0.0,-4.0,0.0,2.0,-3.0,3.0,-2.0,-1.0,0.0,2.0,0.0,2.0,0.0,-5.0,2.0,0.0,1.0,-2.0,-1.0,2.0,-4.0,3.0,1.0,-6.0,6.0,-5.0,2.0,-2.0,0.0,1.0,-4.0,4.0,-1.0,2.0,-3.0,4.0,0.0,-4.0,3.0,-1.0,-2.0,1.0,0.0,0.0,0.0,-1.0,2.0,-2.0,1.0,-1.0,0.0,1.0,-4.0,3.0,-3.0,-2.0,1.0,1.0,0.0,1.0,1.0,0.0,0.0,0.0,0.0,0.0,0.0,1.0,0.0,2.0,-2.0,-3.0,2.0,-1.0,0.0,0.0,-1.0,-1.0,4.0,-2.0,-1.0,-1.0,-1.0,3.0,-3.0,1.0,2.0,1.0,0.0,1.0,-2.0,-3.0,3.0
-1.0,-2.0,0.0,3.0,-2.0,3.0,-3.0,0.0,1.0,2.0,-2.0,-1.0,-3.0,0.0,-3.0,-2.0,3.0,-1.0,-1.0,-1.0,0.0,2.0,-1.0,1.0,2.0,-1.0,-1.0,3.0,-1.0,1.0,-3.0,1.0,2.0,-2.0,-2.0,2.0,4.0,-6.0,5.0,1.0,-3.0,-2.0,4.0,-1.0,0.0,-1.0,2.0,-3.0,3.0,1.0,3.0,-1.0,-1.0,0.0,0.0,0.0,-1.0,-1.0,-1.0,-2.0,3.0,-2.0,2.0,-1.0,1.0,-1.0,2.0,0.0,0.0,-1.0,2.0,-1.0,5.0,-3.0,2.0,-1.0,4.0,-2.0,0.0,1.0,1.0,0.0,0.0,1.0,-1.0,3.0,0.0,-2.0,0.0,-1.0,0.0,3.0,1.0,1.0,0.0,1.0,-3.0,-2.0,3.0,-3.0,1.0,2.0,-3.0,-2.0,-1.0,-2.0,3.0,-1.0,1.0,1.0,-3.0,4.0,-1.0,2.0,2.0,-2.0,0.0,-2.0,1.0,-2.0,5.0,-3.0,3.0,2.0,0.0,2.0,-2.0,1.0,1.0,0.0,0.0,-1.0,1.0,1.0,-1.0,0.0,0.0,2.0,-3.0,0.0,3.0,-3.0,-1.0,0.0,3.0,-2.0,-1.0,5.0,-4.0,2.0,1.0,0.0,2.0,-3.0,1.0,-4.0,1.0,0.0,0.0,2.0,-4.0,4.0,-2.0,3.0,-3.0,1.0,1.0,-4.0,1.0,0.0,0.0,1.0,0.0,1.0,-4.0,3.0,-3.0,-1.0,2.0,2.0,0.0,-4.0,1.0,1.0,-4.0,1.0,0.0,-1.0,0.0,0.0,-1.0,-1.0,2.0,-4.0,1.0,0.0,2.0,-1.0,-1.0,-1.0
4.0,-3.0,6.0,-4.0,0.0,-2.0,3.0,-1.0,1.0,0.0,2.0,3.0,1.0,-2.0,7.0,-3.0,-1.0,0.0,0.0,0.0,1.0,-2.0,1.0,-4.0,3.0,-1.0,-1.0,3.0,-1.0,1.0,-3.0,3.0,-2.0,-1.0,4.0,-2.0,0.0,1.0,0.0,-3.0,3.0,3.0,-2.0,0.0,0.0,1.0,-3.0,0.0,-1.0,-1.0,-1.0,0.0,0.0,0.0,0.0,-1.0,4.0,-1.0,0.0,0.0,-2.0,-1.0,1.0,-2.0,1.0,-2.0,2.0,-1.0,4.0,-2.0,1.0,0.0,-3.0,4.0,-4.0,1.0,-2.0,-2.0,0.0,1.0,0.0,-2.0,4.0,-1.0,-1.0,-4.0,3.0,0.0,3.0,3.0,-6.0,2.0,0.0,0.0,-4.0,-2.0,-8.0,-1.0,-8.0,-12.0,-9.0,-13.0,-10.0,-12.0,-15.0,-14.0,-7.0,-3.0,-1.0,2.0,0.0,1.0,0.0,-5.0,1.0,1.0,2.0,0.0,-1.0,-3.0,-3.0,3.0,-4.0,2.0,-1.0,0.0,2.0,-2.0,0.0,0.0,-2.0,-1.0,-1.0,1.0,-2.0,-1.0,0.0,0.0,2.0,0.0,-3.0,1.0,-2.0,1.0,-3.0,0.0,0.0,0.0,-1.0,-1.0,-2.0,2.0,-4.0,4.0,-1.0,2.0,0.0,0.0,0.0,0.0,3.0,-2.0,0.0,-1.0,-2.0,1.0,0.0,2.0,0.0,0.0,1.0,-3.0,1.0,0.0,3.0,-4.0,4.0,-3.0,2.0,-3.0,0.0,1.0,0.0,0.0,1.0,-4.0,0.0,4.0,-1.0,1.0,0.0,-1.0,1.0,1.0,1.0,1.0,-3.0,-1.0,4.0,-2.0
-2.0,-2.0,0.0,3.0,-2.0,-1.0,3.0,0.0,-5.0,2.0,-3.0,-1.0,1.0,-1.0,-5.0,3.0,-1.0,-1.0,0.0,0.0,1.0,-2.0,-1.0,2.0,-3.0,0.0,-1.0,-1.0,1.0,0.0,3.0,-2.0,0.0,0.0,-1.0,1.0,-3.0,2.0,1.0,-1.0,-1.0,-1.0,0.0,0.0,0.0,0.0,3.0,-1.0,0.0,0.0,0.0,0.0,1.0,0.0,1.0,0.0,-1.0,0.0,-1.0,-1.0,3.0,-3.0,0.0,3.0,-1.0,4.0,-3.0,1.0,-1.0,-2.0,1.0,-2.0,3.0,-4.0,3.0,-1.0,3.0,1.0,-2.0,1.0,-2.0,3.0,-3.0,-2.0,2.0,-1.0,1.0,-1.0,-3.0,2.0,-3.0,1.0,-3.0,-9.0,-4.0,-5.0,-29.0,-36.0,-30.0,-41.0,-34.0,-45.0,-39.0,-34.0,-35.0,-24.0,-25.0,-35.0,-13.0,-11.0,-7.0,-3.0,-4.0,3.0,-3.0,0.0,-1.0,2.0,0.0,3.0,-1.0,-1.0,1.0,0.0,-1.0,-1.0,0.0,1.0,3.0,-3.0,1.0,0.0,2.0,-1.0,1.0,2.0,-1.0,0.0,1.0,-1.0,1.0,2.0,1.0,-1.0,3.0,-2.0,0.0,1.0,-1.0,0.0,-1.0,2.0,3.0,-2.0,1.0,-3.0,1.0,0.0,0.0,1.0,-2.0,0.0,0.0,-2.0,2.0,0.0,1.0,-3.0,2.0,1.0,2.0,-2.0,2.0,2.0,-3.0,4.0,-3.0,3.0,1.0,2.0,-2.0,0.0,0.0,-1.0,4.0,0.0,0.0,-1.0,1.0,-4.0,1.0,-1.0,2.0,1.0,-4.0,2.0,3.0,-1.0,0.0,0.0
0.0,1.0,1.0,-3.0,4.0,-1.0,-1.0,-1.0,6.0,-1.0,3.0,-1.0,0.0,2.0,0.0,0.0,-3.0,3.0,-1.0,0.0,0.0,1.0,3.0,-1.0,3.0,-3.0,4.0,0.0,-4.0,2.0,-3.0,0.0,1.0,0.0,0.0,1.0,-1.0,-3.0,3.0,-1.0,0.0,0.0,0.0,1.0,1.0,2.0,-2.0,0.0,-1.0,0.0,-1.0,1.0,-3.0,2.0,-4.0,1.0,0.0,-2.0,3.0,-3.0,1.0,1.0,0.0,-3.0,1.0,-1.0,-2.0,1.0,-3.0,2.0,-1.0,2.0,0.0,2.0,-5.0,0.0,-3.0,-1.0,1.0,-1.0,2.0,-1.0,0.0,0.0,-2.0,2.0,-2.0,2.0,0.0,-2.0,0.0,-17.0,-29.0,-39.0,-57.0,-64.0,3.0,-14.0,23.0,29.0,31.0,19.0,34.0,32.0,30.0,-6.0,16.0,-21.0,-51.0,-54.0,-50.0,-29.0,-18.0,-6.0,3.0,-4.0,3.0,-1.0,-2.0,0.0,1.0,2.0,-2.0,4.0,-4.0,3.0,-2.0,1.0,1.0,1.0,-3.0,3.0,-1.0,-2.0,0.0,1.0,-1.0,-1.0,1.0,0.0,0.0,2.0,0.0,0.0,-4.0,3.0,0.0,1.0,-2.0,0.0,1.0,-1.0,-1.0,0.0,1.0,-3.0,1.0,1.0,0.0,1.0,-1.0,0.0,-1.0,2.0,1.0,0.0,2.0,-1.0,-1.0,-1.0,-1.0,0.0,-1.0,-2.0,0.0,-1.0,0.0,-1.0,-2.0,2.0,3.0,-2.0,1.0,0.0,-1.0,0.0,0.0,0.0,0.0,1.0,1.0,0.0,-2.0,2.0,3.0,-2.0,-1.0,2.0,-3.0,3.0
4.0,-1.0,1.0,-2.0,-1.0,0.0,0.0,1.0,-5.0,3.0,-3.0,0.0,0.0,2.0,-2.0,4.0,0.0,1.0,-1.0,0.0,0.0,2.0,-2.0,1.0,-4.0,4.0,-3.0,-1.0,2.0,-1.0,3.0,0.0,-4.0,1.0,1.0,2.0,-2.0,4.0,-2.0,0.0,1.0,1.0,1.0,-2.0,-2.0,-1.0,0.0,-2.0,4.0,-3.0,4.0,0.0,-3.0,1.0,1.0,-1.0,-2.0,3.0,0.0,1.0,0.0,0.0,-2.0,2.0,-1.0,-2.0,2.0,-3.0,5.0,-2.0,-2.0,0.0,0.0,-2.0,3.0,1.0,0.0,1.0,3.0,-3.0,0.0,3.0,1.0,1.0,1.0,-1.0,2.0,-1.0,-7.0,-20.0,-41.0,-63.0,-17.0,-5.0,35.0,60.0,41.0,20.0,10.0,1.0,-2.0,9.0,8.0,13.0,21.0,30.0,28.0,45.0,39.0,50.0,36.0,-10.0,-49.0,-52.0,-40.0,-18.0,-4.0,2.0,0.0,-2.0,-1.0,0.0,-4.0,2.0,-1.0,-1.0,3.0,-5.0,2.0,-2.0,1.0,0.0,3.0,0.0,-1.0,1.0,-3.0,3.0,0.0,-5.0,2.0,-3.0,1.0,-2.0,1.0,2.0,-5.0,1.0,3.0,0.0,-4.0,0.0,0.0,0.0,1.0,1.0,2.0,-3.0,2.0,1.0,-1.0,0.0,-1.0,3.0,-3.0,3.0,-1.0,0.0,1.0,1.0,0.0,1.0,-1.0,4.0,-1.0,0.0,0.0,0.0,0.0,-1.0,-2.0,5.0,-5.0,1.0,0.0,0.0,0.0,0.0,1.0,2.0,-3.0,1.0,0.0,-1.0,-1.0,0.0,2.0,-3.0,0.0,-1.0
-1.0,0.0,0.0,3.0,-2.0,-1.0,0.0,0.0,2.0,-3.0,3.0,-1.0,1.0,-2.0,0.0,-1.0,0.0,1.0,-2.0,0.0,1.0,-3.0,0.0,0.0,2.0,-4.0,3.0,4.0,-6.0,6.0,-3.0,0.0,1.0,1.0,-3.0,-1.0,0.0,-1.0,0.0,1.0,-2.0,-2.0,3.0,-2.0,3.0,-1.0,-1.0,3.0,-3.0,3.0,-2.0,0.0,1.0,0.0,-1.0,3.0,3.0,-4.0,1.0,0.0,0.0,-2.0,2.0,-2.0,2.0,1.0,-1.0,0.0,1.0,1.0,0.0,4.0,-3.0,2.0,-1.0,-1.0,-2.0,-1.0,1.0,1.0,0.0,-3.0,1.0,-1.0,-2.0,-3.0,-2.0,-32.0,-37.0,-66.0,-12.0,49.0,56.0,34.0,12.0,0.0,-11.0,1.0,12.0,5.0,0.0,-1.0,-4.0,-6.0,-13.0,-7.0,-4.0,-10.0,12.0,5.0,9.0,34.0,42.0,45.0,-5.0,-48.0,-56.0,-28.0,-4.0,-1.0,1.0,2.0,4.0,-1.0,2.0,3.0,0.0,-1.0,-1.0,2.0,-2.0,-1.0,-4.0,5.0,-2.0,0.0,2.0,0.0,3.0,-2.0,-1.0,2.0,-1.0,2.0,-1.0,1.0,1.0,1.0,-2.0,0.0,0.0,4.0,-1.0,1.0,-4.0,2.0,-3.0,0.0,-2.0,2.0,-1.0,0.0,0.0,0.0,1.0,1.0,-3.0,2.0,-3.0,-2.0,3.0,-4.0,1.0,0.0,0.0,0.0,1.0,0.0,0.0,0.0,0.0,-1.0,1.0,1.0,1.0,0.0,0.0,1.0,-2.0,-1.0,-3.0,1.0,1.0,1.0,0.0,1.0,-3.0,4.0,-1.0,0.0
1.0,0.0,1.0,-4.0,3.0,3.0,-1.0,0.0,2.0,-3.0,2.0,-1.0,2.0,-2.0,0.0,-1.0,0.0,0.0,3.0,0.0,0.0,3.0,-1.0,0.0,0.0,3.0,-2.0,-1.0,0.0,0.0,-1.0,-1.0,0.0,0.0,2.0,-1.0,-1.0,0.0,0.0,1.0,-1.0,0.0,-2.0,-1.0,3.0,-1.0,-1.0,3.0,-2.0,3.0,-1.0,0.0,0.0,0.0,0.0,-2.0,-3.0,2.0,0.0,0.0,-1.0,3.0,-2.0,2.0,0.0,-1.0,-4.0,3.0,0.0,-1.0,-1.0,-2.0,2.0,-2.0,2.0,1.0,-1.0,2.0,0.0,0.0,-1.0,2.0,-1.0,0.0,1.0,-15.0,-72.0,-60.0,22.0,49.0,56.0,19.0,-1.0,2.0,1.0,10.0,17.0,8.0,6.0,5.0,14.0,14.0,8.0,6.0,6.0,5.0,7.0,-12.0,-8.0,-9.0,-11.0,-7.0,11.0,14.0,28.0,54.0,40.0,-36.0,-53.0,-24.0,1.0,-4.0,-2.0,1.0,-4.0,-2.0,-1.0,0.0,1.0,-2.0,0.0,5.0,-1.0,-2.0,-2.0,0.0,-5.0,1.0,1.0,-1.0,3.0,-1.0,-2.0,1.0,-2.0,2.0,-5.0,2.0,-2.0,0.0,-1.0,-1.0,0.0,0.0,2.0,1.0,3.0,-1.0,-1.0,3.0,-1.0,1.0,2.0,-2.0,-1.0,-2.0,-2.0,1.0,3.0,-2.0,-2.0,2.0,1.0,-3.0,2.0,2.0,-3.0,1.0,1.0,1.0,0.0,0.0,1.0,-2.0,-2.0,2.0,1.0,2.0,-1.0,-2.0,7.0,0.0,-3.0,-3.0,1.0,1.0,0.0,-1.0,1.0,0.0
-4.0,1.0,0.0,3.0,-2.0,-1.0,0.0,1.0,-4.0,2.0,1.0,0.0,-4.0,3.0,-3.0,4.0,-1.0,1.0,-1.0,-4.0,2.0,-2.0,-1.0,0.0,1.0,-3.0,-1.0,-2.0,4.0,0.0,-2.0,4.0,-1.0,0.0,2.0,-3.0,3.0,-1.0,0.0,1.0,-2.0,-2.0,4.0,-1.0,-1.0,0.0,0.0,-1.0,1.0,-1.0,0.0,0.0,0.0,0.0,-1.0,2.0,2.0,0.0,0.0,-1.0,0.0,-4.0,2.0,0.0,-2.0,1.0,3.0,0.0,-2.0,2.0,2.0,-4.0,-1.0,1.0,-1.0,-2.0,3.0,0.0,0.0,-1.0,-3.0,0.0,-3.0,-4.0,-48.0,-86.0,39.0,61.0,30.0,3.0,4.0,-9.0,-9.0,2.0,-1.0,3.0,-5.0,8.0,1.0,12.0,3.0,6.0,6.0,16.0,13.0,20.0,13.0,20.0,16.0,17.0,4.0,8.0,-13.0,-14.0,-13.0,3.0,9.0,41.0,36.0,-43.0,-74.0,-5.0,-1.0,-4.0,3.0,-1.0,1.0,1.0,3.0,1.0,-3.0,2.0,1.0,1.0,-1.0,0.0,3.0,-1.0,0.0,3.0,-5.0,4.0,1.0,-1.0,2.0,0.0,-1.0,1.0,2.0,-2.0,4.0,-1.0,0.0,2.0,-3.0,-1.0,-1.0,0.0,0.0,-1.0,1.0,-3.0,-2.0,-1.0,-1.0,3.0,1.0,1.0,-3.0,4.0,-2.0,1.0,1.0,-1.0,-1.0,-2.0,0.0,3.0,-3.0,-2.0,2.0,1.0,2.0,-1.0,0.0,-1.0,-1.0,-1.0,0.0,0.0,-3.0,2.0,2.0,1.0,0.0,2.0,-6.0,2.0,-4.0,3.0
1.0,0.0,1.0,-2.0,0.0,0.0,0.0,0.0,1.0,0.0,2.0,-1.0,2.0,0.0,2.0,-3.0,0.0,1.0,-2.0,1.0,1.0,-3.0,4.0,-2.0,-1.0,1.0,1.0,3.0,-2.0,2.0,-1.0,-1.0,0.0,2.0,-4.0,3.0,2.0,-1.0,0.0,1.0,1.0,3.0,-3.0,0.0,0.0,1.0,0.0,1.0,-4.0,1.0,0.0,0.0,0.0,0.0,-1.0,2.0,-4.0,1.0,-1.0,3.0,-4.0,-1.0,5.0,-3.0,2.0,-1.0,1.0,-1.0,2.0,1.0,-1.0,3.0,-1.0,2.0,1.0,2.0,-5.0,0.0,-1.0,1.0,4.0,1.0,-20.0,-85.0,-19.0,79.0,32.0,14.0,7.0,2.0,5.0,0.0,9.0,6.0,12.0,7.0,5.0,6.0,2.0,5.0,7.0,-1.0,3.0,-4.0,1.0,4.0,3.0,2.0,11.0,13.0,10.0,13.0,15.0,18.0,8.0,0.0,-5.0,6.0,17.0,61.0,34.0,-73.0,-35.0,-3.0,-1.0,1.0,-1.0,2.0,-2.0,-1.0,2.0,2.0,0.0,-1.0,1.0,2.0,-1.0,-2.0,-1.0,1.0,1.0,-3.0,0.0,-1.0,1.0,-1.0,3.0,-5.0,3.0,-1.0,-2.0,0.0,1.0,-4.0,3.0,-1.0,0.0,0.0,1.0,0.0,1.0,2.0,2.0,3.0,-1.0,-2.0,1.0,2.0,-2.0,-2.0,-1.0,2.0,2.0,-1.0,-1.0,4.0,-5.0,-1.0,4.0,-1.0,-1.0,-1.0,-1.0,0.0,0.0,-1.0,0.0,0.0,-1.0,0.0,0.0,-1.0,-3.0,2.0,0.0,0.0,3.0,-1.0,2.0,-4.0
1.0,0.0,1.0,-2.0,0.0,0.0,-1.0,0.0,0.0,2.0,-3.0,1.0,-4.0,1.0,0.0,3.0,-1.0,0.0,2.0,-1.0,0.0,2.0,-4.0,3.0,2.0,-1.0,1.0,-2.0,1.0,-3.0,0.0,0.0,1.0,-4.0,3.0,-2.0,-1.0,0.0,1.0,-4.0,2.0,-3.0,3.0,-1.0,1.0,-4.0,1.0,0.0,1.0,0.0,0.0,0.0,0.0,0.0,-2.0,1.0,1.0,0.0,-2.0,0.0,3.0,1.0,-2.0,2.0,0.0,-2.0,1.0,-2.0,2.0,-5.0,-2.0,0.0,2.0,-1.0,0.0,-1.0,3.0,3.0,-3.0,0.0,-5.0,-48.0,-88.0,51.0,49.0,9.0,3.0,-2.0,5.0,-1.0,-1.0,7.0,9.0,6.0,3.0,6.0,2.0,5.0,0.0,-1.0,0.0,4.0,1.0,4.0,-1.0,0.0,1.0,-2.0,-3.0,2.0,4.0,7.0,3.0,4.0,9.0,13.0,10.0,-10.0,-14.0,-9.0,17.0,67.0,-23.0,-67.0,-6.0,-4.0,-1.0,-3.0,-2.0,4.0,-4.0,-2.0,0.0,-2.0,-1.0,0.0,2.0,-1.0,2.0,0.0,-1.0,1.0,3.0,-3.0,1.0,-1.0,1.0,1.0,-2.0,-1.0,3.0,-1.0,0.0,2.0,2.0,0.0,0.0,1.0,-3.0,3.0,-3.0,-1.0,-1.0,-1.0,0.0,-1.0,3.0,-3.0,3.0,3.0,-1.0,-1.0,-1.0,0.0,-1.0,3.0,-1.0,0.0,-1.0,0.0,0.0,0.0,0.0,0.0,0.0,3.0,-1.0,-1.0,4.0,-2.0,0.0,-1.0,3.0,-4.0,2.0,0.0,2.0,-1.0,0.0,1.0
-5.0,2.0,0.0,2.0,-2.0,-2.0,4.0,-1.0,1.0,-3.0,3.0,-2.0,1.0,0.0,1.0,-4.0,0.0,0.0,2.0,-1.0,0.0,0.0,3.0,-3.0,3.0,-1.0,1.0,-1.0,0.0,3.0,-1.0,0.0,0.0,1.0,1.0,-1.0,0.0,0.0,0.0,1.0,2.0,-2.0,3.0,-1.0,0.0,1.0,0.0,0.0,0.0,0.0,0.0,0.0,-1.0,-1.0,2.0,0.0,0.0,-2.0,3.0,-1.0,1.0,0.0,-2.0,1.0,-1.0,2.0,-2.0,1.0,-2.0,2.0,4.0,-2.0,0.0,3.0,-2.0,-2.0,2.0,-4.0,-1.0,-4.0,-80.0,-45.0,72.0,19.0,9.0,7.0,1.0,1.0,-2.0,6.0,8.0,3.0,0.0,4.0,1.0,1.0,1.0,0.0,2.0,-3.0,1.0,-2.0,-3.0,-2.0,1.0,-4.0,0.0,-1.0,-1.0,3.0,-4.0,7.0,-1.0,5.0,2.0,7.0,18.0,7.0,-13.0,11.0,-14.0,-2.0,48.0,32.0,-57.0,-37.0,0.0,-1.0,1.0,1.0,-1.0,0.0,2.0,-1.0,2.0,-2.0,-1.0,2.0,0.0,0.0,-2.0,0.0,2.0,1.0,0.0,-2.0,1.0,0.0,-2.0,-2.0,3.0,-1.0,2.0,-2.0,0.0,-4.0,1.0,2.0,-1.0,-3.0,4.0,-1.0,1.0,0.0,0.0,0.0,-1.0,0.0,-1.0,-1.0,0.0,0.0,0.0,0.0,0.0,-2.0,4.0,-1.0,0.0,1.0,0.0,0.0,0.0,2.0,-4.0,4.0,-1.0,0.0,-3.0,4.0,-1.0,-1.0,2.0,3.0,-3.0,3.0,-2.0,-1.0,-1.0,0.0
8.0,-4.0,2.0,0.0,1.0,3.0,-3.0,-1.0,2.0,-2.0,1.0,3.0,-1.0,1.0,-1.0,6.0,-3.0,1.0,-2.0,0.0,0.0,2.0,-2.0,0.0,-1.0,0.0,2.0,-1.0,0.0,-3.0,0.0,0.0,0.0,1.0,2.0,-1.0,0.0,0.0,0.0,1.0,-2.0,0.0,-1.0,0.0,0.0,0.0,0.0,0.0,0.0,0.0,0.0,-1.0,4.0,-2.0,2.0,0.0,-1.0,3.0,-4.0,0.0,1.0,-1.0,2.0,-1.0,-2.0,-1.0,1.0,2.0,1.0,-2.0,1.0,-4.0,-1.0,1.0,1.0,2.0,-1.0,-2.0,-12.0,-113.0,12.0,78.0,9.0,10.0,9.0,2.0,5.0,1.0,8.0,8.0,3.0,2.0,-1.0,1.0,1.0,4.0,-1.0,-1.0,0.0,-1.0,-3.0,0.0,-2.0,0.0,-4.0,-2.0,0.0,4.0,-3.0,3.0,-2.0,-4.0,2.0,-4.0,3.0,0.0,5.0,15.0,24.0,14.0,0.0,-3.0,-5.0,13.0,57.0,-39.0,-65.0,-9.0,-3.0,-1.0,1.0,2.0,-2.0,1.0,-2.0,1.0,2.0,0.0,-1.0,-2.0,2.0,-1.0,-3.0,1.0,-2.0,2.0,0.0,-2.0,0.0,2.0,-2.0,2.0,-2.0,0.0,0.0,2.0,1.0,-2.0,-1.0,4.0,-3.0,0.0,-4.0,1.0,0.0,0.0,0.0,1.0,0.0,0.0,0.0,0.0,0.0,0.0,1.0,0.0,-1.0,0.0,1.0,-4.0,1.0,0.0,2.0,-2.0,-1.0,0.0,1.0,-1.0,4.0,-2.0,0.0,0.0,-1.0,0.0,0.0,-1.0,-1.0,4.0,3.0,-1.0
-2.0,-1.0,-3.0,2.0,2.0,-3.0,3.0,4.0,-3.0,-1.0,3.0,-2.0,1.0,-4.0,2.0,-1.0,2.0,-1.0,-2.0,-1.0,2.0,-2.0,0.0,0.0,0.0,1.0,-3.0,-1.0,3.0,1.0,-2.0,0.0,1.0,-2.0,-2.0,0.0,0.0,0.0,0.0,2.0,-1.0,0.0,1.0,0.0,0.0,0.0,0.0,0.0,0.0,0.0,0.0,0.0,-1.0,0.0,-2.0,1.0,-1.0,2.0,1.0,-2.0,0.0,-2.0,0.0,2.0,-1.0,2.0,-3.0,0.0,-2.0,1.0,2.0,2.0,1.0,0.0,1.0,-5.0,3.0,-37.0,-105.0,56.0,61.0,-4.0,19.0,7.0,8.0,1.0,2.0,11.0,4.0,-2.0,-2.0,-2.0,2.0,1.0,-1.0,-2.0,-2.0,3.0,-4.0,3.0,0.0,3.0,0.0,1.0,3.0,0.0,0.0,-2.0,2.0,1.0,1.0,-1.0,3.0,3.0,-3.0,2.0,0.0,0.0,6.0,11.0,18.0,-1.0,8.0,-1.0,9.0,44.0,17.0,-63.0,-23.0,0.0,-2.0,-1.0,0.0,2.0,1.0,-1.0,0.0,-2.0,2.0,1.0,-2.0,2.0,0.0,-1.0,2.0,0.0,-1.0,1.0,2.0,0.0,0.0,-3.0,0.0,0.0,1.0,-3.0,3.0,-1.0,0.0,-3.0,3.0,3.0,0.0,0.0,0.0,0.0,2.0,-3.0,1.0,1.0,0.0,0.0,0.0,2.0,-3.0,1.0,0.0,0.0,1.0,2.0,1.0,1.0,-2.0,0.0,-1.0,2.0,-4.0,1.0,-1.0,1.0,1.0,1.0,2.0,-4.0,1.0,1.0,1.0,-4.0,1.0,-4.0
-2.0,2.0,3.0,-3.0,-2.0,1.0,-1.0,-1.0,-1.0,-1.0,-1.0,0.0,0.0,3.0,-3.0,2.0,1.0,3.0,0.0,4.0,-4.0,-1.0,-1.0,0.0,0.0,0.0,3.0,-2.0,3.0,-1.0,3.0,-1.0,1.0,-3.0,4.0,-1.0,1.0,0.0,2.0,-3.0,0.0,1.0,-4.0,1.0,0.0,1.0,0.0,0.0,0.0,0.0,0.0,0.0,-1.0,-1.0,-2.0,1.0,0.0,-3.0,-1.0,1.0,2.0,1.0,-1.0,-1.0,1.0,-4.0,4.0,1.0,1.0,-1.0,1.0,0.0,0.0,0.0,-1.0,-2.0,-59.0,-92.0,83.0,48.0,-6.0,13.0,12.0,1.0,4.0,3.0,3.0,2.0,0.0,-1.0,4.0,0.0,2.0,2.0,0.0,1.0,0.0,-1.0,-3.0,2.0,-1.0,-3.0,0.0,0.0,1.0,-2.0,0.0,-1.0,2.0,0.0,-1.0,2.0,-3.0,1.0,2.0,0.0,0.0,-4.0,-1.0,1.0,11.0,15.0,0.0,7.0,10.0,7.0,15.0,46.0,-60.0,-48.0,-4.0,1.0,2.0,0.0,-1.0,-3.0,3.0,0.0,-1.0,-2.0,1.0,-1.0,3.0,-3.0,1.0,0.0,-1.0,0.0,1.0,0.0,-2.0,2.0,-1.0,0.0,1.0,-1.0,-1.0,0.0,-1.0,4.0,-2.0,-1.0,1.0,0.0,1.0,2.0,-2.0,-2.0,3.0,-3.0,2.0,1.0,2.0,-2.0,-1.0,2.0,1.0,2.0,-2.0,-1.0,-2.0,2.0,-1.0,0.0,-1.0,1.0,2.0,0.0,1.0,-2.0,-2.0,-1.0,-2.0,3.0,1.0,-3.0,2.0,-3.0,1.0,2.0
-2.0,2.0,-4.0,4.0,4.0,-5.0,0.0,5.0,-4.0,4.0,-2.0,0.0,1.0,-2.0,0.0,-1.0,-2.0,-1.0,1.0,-3.0,1.0,1.0,3.0,-1.0,0.0,1.0,-2.0,0.0,-1.0,2.0,-3.0,0.0,0.0,2.0,-2.0,1.0,-4.0,2.0,-3.0,4.0,-1.0,0.0,1.0,0.0,2.0,-4.0,2.0,0.0,0.0,-1.0,0.0,-1.0,3.0,1.0,1.0,0.0,-1.0,1.0,2.0,-2.0,1.0,-1.0,-3.0,2.0,1.0,3.0,0.0,-1.0,-1.0,-2.0,1.0,0.0,-1.0,-2.0,-1.0,-80.0,-68.0,112.0,16.0,15.0,18.0,7.0,-1.0,1.0,7.0,-5.0,5.0,-5.0,-1.0,2.0,0.0,1.0,-8.0,-1.0,3.0,-3.0,2.0,-1.0,1.0,0.0,2.0,1.0,-1.0,0.0,-1.0,1.0,-2.0,1.0,-4.0,6.0,-3.0,5.0,-4.0,3.0,-4.0,0.0,3.0,-1.0,-2.0,1.0,1.0,5.0,-1.0,4.0,2.0,4.0,17.0,-1.0,62.0,-18.0,-66.0,-9.0,1.0,-3.0,2.0,0.0,0.0,2.0,2.0,0.0,3.0,-3.0,1.0,1.0,-1.0,-1.0,-2.0,0.0,1.0,-1.0,3.0,0.0,-1.0,0.0,1.0,-2.0,-1.0,0.0,0.0,0.0,0.0,1.0,-4.0,3.0,-2.0,-1.0,-2.0,4.0,-2.0,0.0,-1.0,-1.0,-1.0,0.0,0.0,-1.0,-1.0,-2.0,0.0,0.0,-1.0,3.0,-1.0,0.0,0.0,2.0,-3.0,2.0,2.0,-2.0,4.0,-1.0,0.0,-3.0,3.0,-2.0,1.0,2.0,2.0,-3.0
-3.0,1.0,3.0,-7.0,0.0,2.0,-1.0,-1.0,3.0,-3.0,4.0,-1.0,1.0,-1.0,0.0,-2.0,4.0,-1.0,1.0,3.0,-1.0,1.0,-3.0,1.0,0.0,2.0,-1.0,0.0,1.0,-4.0,4.0,-1.0,0.0,1.0,-1.0,0.0,0.0,1.0,-2.0,-1.0,0.0,0.0,0.0,2.0,-3.0,3.0,-4.0,1.0,-2.0,3.0,-2.0,-1.0,-3.0,1.0,0.0,-1.0,-3.0,-1.0,0.0,1.0,-2.0,2.0,-1.0,0.0,0.0,1.0,-2.0,2.0,1.0,1.0,0.0,-2.0,1.0,-5.0,-106.0,-34.0,115.0,8.0,13.0,3.0,-1.0,-1.0,1.0,-3.0,0.0,-2.0,-1.0,1.0,-1.0,-3.0,5.0,-4.0,5.0,2.0,-3.0,-1.0,-3.0,0.0,-1.0,-1.0,1.0,-1.0,-1.0,-2.0,3.0,2.0,2.0,-5.0,3.0,0.0,-3.0,3.0,0.0,-4.0,1.0,-1.0,0.0,2.0,3.0,-5.0,5.0,4.0,6.0,4.0,7.0,2.0,7.0,14.0,10.0,35.0,24.0,-89.0,-30.0,6.0,-1.0,-2.0,-1.0,1.0,-5.0,-1.0,1.0,1.0,-1.0,-1.0,2.0,1.0,1.0,-1.0,1.0,-1.0,-3.0,1.0,-2.0,0.0,0.0,2.0,2.0,-1.0,1.0,-3.0,2.0,1.0,3.0,-2.0,0.0,-1.0,4.0,-2.0,0.0,0.0,0.0,0.0,0.0,0.0,0.0,-1.0,-2.0,4.0,-1.0,0.0,0.0,-1.0,1.0,1.0,-4.0,4.0,-1.0,-1.0,-1.0,0.0,-1.0,0.0,-1.0,4.0,-2.0,-1.0,2.0,-1.0,-1.0,0.0
1.0,0.0,1.0,4.0,0.0,-5.0,5.0,0.0,-3.0,0.0,-2.0,0.0,1.0,-1.0,-1.0,3.0,-2.0,1.0,-2.0,-1.0,1.0,1.0,4.0,-5.0,2.0,-3.0,0.0,0.0,0.0,3.0,-2.0,1.0,0.0,1.0,-1.0,-1.0,4.0,0.0,3.0,-1.0,0.0,0.0,1.0,-3.0,-2.0,1.0,1.0,-1.0,3.0,0.0,2.0,2.0,1.0,0.0,-1.0,1.0,4.0,1.0,-3.0,3.0,1.0,-2.0,2.0,-2.0,-1.0,-1.0,2.0,0.0,-1.0,0.0,-2.0,1.0,-13.0,-121.0,16.0,105.0,7.0,11.0,-3.0,5.0,-2.0,0.0,1.0,4.0,-3.0,2.0,2.0,3.0,2.0,4.0,-5.0,0.0,1.0,1.0,2.0,2.0,0.0,-4.0,0.0,2.0,-2.0,3.0,-3.0,4.0,-3.0,3.0,1.0,-5.0,1.0,0.0,2.0,2.0,2.0,-1.0,3.0,-3.0,6.0,-5.0,-2.0,-3.0,1.0,-2.0,1.0,8.0,1.0,7.0,2.0,3.0,14.0,22.0,20.0,45.0,-31.0,-46.0,-6.0,-2.0,0.0,3.0,1.0,0.0,-1.0,-2.0,3.0,-3.0,0.0,0.0,-1.0,-2.0,0.0,2.0,2.0,-1.0,2.0,-1.0,1.0,-3.0,2.0,-1.0,1.0,-2.0,-2.0,-1.0,-1.0,0.0,0.0,0.0,-1.0,0.0,0.0,0.0,0.0,0.0,0.0,0.0,-1.0,3.0,3.0,-3.0,0.0,0.0,0.0,2.0,-4.0,3.0,-2.0,0.0,1.0,0.0,1.0,0.0,0.0,1.0,0.0,-1.0,0.0,-1.0,3.0,-4.0,1.0,0.0
1.0,2.0,-2.0,-1.0,0.0,0.0,-1.0,0.0,3.0,-3.0,4.0,-2.0,1.0,-1.0,-1.0,2.0,-1.0,1.0,-1.0,1.0,-2.0,-1.0,-1.0,1.0,1.0,3.0,-1.0,0.0,2.0,-2.0,1.0,-4.0,1.0,1.0,-1.0,0.0,0.0,-3.0,-1.0,0.0,0.0,0.0,1.0,1.0,1.0,0.0,0.0,0.0,-3.0,3.0,-3.0,-3.0,1.0,0.0,-2.0,1.0,-2.0,-1.0,1.0,1.0,-2.0,2.0,-2.0,0.0,0.0,2.0,0.0,-1.0,3.0,-3.0,2.0,-22.0,-100.0,26.0,96.0,18.0,3.0,-5.0,6.0,5.0,-3.0,0.0,-2.0,2.0,-5.0,4.0,3.0,-1.0,-2.0,-1.0,2.0,1.0,2.0,-4.0,-3.0,-5.0,1.0,0.0,5.0,-3.0,3.0,2.0,-2.0,-1.0,1.0,1.0,2.0,-3.0,3.0,-2.0,-4.0,0.0,4.0,-3.0,1.0,-3.0,-2.0,4.0,-1.0,-1.0,-1.0,-3.0,-1.0,2.0,2.0,-2.0,4.0,-1.0,2.0,9.0,13.0,23.0,39.0,-64.0,-46.0,-1.0,-1.0,-6.0,3.0,1.0,1.0,0.0,0.0,-1.0,2.0,-4.0,1.0,0.0,-1.0,2.0,-4.0,-1.0,1.0,-1.0,1.0,-3.0,2.0,-1.0,0.0,2.0,3.0,-1.0,0.0,0.0,0.0,0.0,1.0,0.0,0.0,0.0,0.0,0.0,0.0,0.0,0.0,-1.0,-3.0,4.0,-1.0,0.0,1.0,-4.0,3.0,-2.0,-2.0,2.0,-4.0,2.0,-4.0,2.0,2.0,-3.0,2.0,1.0,1.0,0.0,4.0,-4.0,2.0,0.0
-1.0,-1.0,0.0,1.0,0.0,4.0,0.0,1.0,-3.0,4.0,-3.0,4.0,0.0,-2.0,0.0,3.0,0.0,2.0,-1.0,1.0,-1.0,0.0,0.0,1.0,-2.0,-2.0,0.0,1.0,-3.0,-1.0,-1.0,2.0,0.0,2.0,-1.0,0.0,1.0,3.0,-1.0,0.0,1.0,1.0,-3.0,1.0,0.0,0.0,-1.0,-1.0,4.0,-4.0,2.0,1.0,0.0,-1.0,2.0,0.0,-3.0,3.0,-1.0,0.0,3.0,-2.0,1.0,1.0,2.0,0.0,0.0,-2.0,1.0,1.0,-19.0,-125.0,59.0,80.0,9.0,-7.0,0.0,-1.0,4.0,1.0,-4.0,5.0,-1.0,0.0,-1.0,-5.0,-1.0,-1.0,4.0,-1.0,3.0,-1.0,-5.0,5.0,2.0,0.0,2.0,1.0,3.0,5.0,-2.0,0.0,-1.0,1.0,-1.0,-5.0,0.0,1.0,3.0,4.0,4.0,-4.0,-4.0,2.0,2.0,-2.0,1.0,-1.0,0.0,-3.0,5.0,2.0,1.0,0.0,1.0,2.0,6.0,6.0,-3.0,1.0,11.0,14.0,10.0,79.0,-29.0,-64.0,-5.0,-2.0,-1.0,0.0,-1.0,3.0,-3.0,1.0,2.0,2.0,1.0,2.0,-3.0,1.0,0.0,2.0,0.0,-1.0,0.0,1.0,2.0,-1.0,1.0,-3.0,-1.0,0.0,0.0,0.0,0.0,1.0,-4.0,1.0,0.0,0.0,0.0,1.0,0.0,0.0,1.0,0.0,4.0,-2.0,0.0,0.0,1.0,2.0,2.0,-2.0,3.0,0.0,1.0,1.0,3.0,-2.0,-2.0,0.0,-2.0,-1.0,-2.0,-3.0,1.0,3.0,-3.0,2.0
0.0,0.0,1.0,-3.0,-2.0,2.0,-3.0,3.0,-1.0,-1.0,0.0,-1.0,0.0,4.0,-5.0,1.0,-2.0,-1.0,0.0,1.0,-1.0,0.0,0.0,2.0,-2.0,3.0,-1.0,0.0,1.0,1.0,3.0,-5.0,3.0,-2.0,-1.0,1.0,-3.0,-1.0,0.0,1.0,-3.0,3.0,-2.0,1.0,1.0,-1.0,4.0,-2.0,-3.0,2.0,0.0,0.0,-1.0,-2.0,1.0,-1.0,0.0,1.0,-2.0,0.0,-4.0,3.0,-2.0,0.0,1.0,0.0,-1.0,2.0,0.0,-18.0,-124.0,69.0,68.0,7.0,-3.0,0.0,3.0,-2.0,1.0,-2.0,4.0,1.0,1.0,-3.0,-1.0,3.0,8.0,5.0,0.0,4.0,1.0,3.0,1.0,-1.0,1.0,3.0,-4.0,3.0,-4.0,-10.0,3.0,-4.0,-1.0,2.0,-1.0,2.0,-3.0,-3.0,8.0,-1.0,3.0,1.0,-3.0,1.0,5.0,-2.0,3.0,1.0,0.0,3.0,-3.0,1.0,0.0,0.0,-2.0,2.0,5.0,0.0,-1.0,0.0,-1.0,-3.0,15.0,5.0,87.0,-25.0,-76.0,-17.0,-6.0,-1.0,-2.0,-1.0,-1.0,-2.0,0.0,-1.0,-1.0,0.0,1.0,0.0,-1.0,1.0,0.0,-2.0,0.0,1.0,-2.0,0.0,0.0,2.0,-1.0,0.0,0.0,1.0,1.0,0.0,1.0,0.0,0.0,0.0,1.0,-4.0,1.0,1.0,-2.0,-3.0,0.0,0.0,0.0,1.0,-2.0,-1.0,-1.0,0.0,-2.0,2.0,2.0,-3.0,-2.0,-1.0,4.0,-3.0,3.0,-2.0,2.0,2.0,-2.0,-1.0,-1.0,2.0
0.0,0.0,0.0,3.0,-1.0,-1.0,0.0,-1.0,0.0,0.0,0.0,0.0,1.0,-2.0,2.0,2.0,-2.0,0.0,0.0,2.0,-1.0,0.0,1.0,-2.0,-1.0,3.0,0.0,1.0,0.0,1.0,2.0,1.0,-3.0,-1.0,4.0,0.0,3.0,-1.0,0.0,1.0,-2.0,-1.0,-1.0,2.0,-4.0,1.0,-2.0,3.0,1.0,0.0,0.0,-2.0,2.0,1.0,-1.0,-4.0,3.0,-2.0,1.0,2.0,-1.0,-1.0,2.0,-2.0,0.0,-1.0,-2.0,1.0,-17.0,-128.0,80.0,60.0,7.0,0.0,3.0,-2.0,3.0,-2.0,3.0,2.0,-2.0,-3.0,5.0,0.0,-3.0,10.0,1.0,2.0,4.0,2.0,5.0,4.0,0.0,-1.0,-1.0,5.0,-3.0,2.0,3.0,7.0,-3.0,0.0,3.0,-5.0,0.0,1.0,-3.0,2.0,-7.0,1.0,-1.0,-1.0,-3.0,-2.0,0.0,3.0,-3.0,0.0,-2.0,6.0,-4.0,1.0,0.0,-1.0,3.0,2.0,0.0,2.0,2.0,6.0,4.0,0.0,1.0,-1.0,14.0,84.0,-14.0,-54.0,-37.0,-18.0,-4.0,4.0,3.0,-2.0,2.0,1.0,2.0,-1.0,-1.0,0.0,-2.0,1.0,-2.0,2.0,-2.0,1.0,-1.0,0.0,1.0,3.0,-1.0,1.0,2.0,-3.0,-2.0,1.0,1.0,0.0,0.0,1.0,0.0,1.0,0.0,1.0,-2.0,3.0,1.0,0.0,1.0,2.0,-1.0,0.0,0.0,-1.0,0.0,-2.0,-2.0,3.0,2.0,-2.0,-2.0,3.0,2.0,-2.0,1.0,1.0,-2.0,-1.0,-1.0,3.0
1.0,0.0,1.0,-2.0,1.0,0.0,1.0,-1.0,0.0,0.0,0.0,1.0,2.0,1.0,-2.0,-2.0,4.0,-1.0,1.0,-2.0,0.0,0.0,2.0,-2.0,0.0,0.0,-2.0,-2.0,3.0,-2.0,-1.0,1.0,2.0,-1.0,0.0,-2.0,-1.0,0.0,0.0,0.0,3.0,-1.0,-1.0,2.0,1.0,0.0,0.0,-2.0,2.0,0.0,0.0,2.0,0.0,-1.0,2.0,4.0,-1.0,3.0,-1.0,-1.0,1.0,2.0,-1.0,1.0,3.0,1.0,1.0,-17.0,-116.0,57.0,66.0,2.0,1.0,2.0,-2.0,1.0,0.0,2.0,2.0,2.0,-2.0,-1.0,0.0,2.0,-2.0,0.0,3.0,-1.0,2.0,-3.0,-1.0,-2.0,-1.0,0.0,1.0,-1.0,2.0,0.0,-3.0,5.0,2.0,-2.0,-1.0,4.0,-4.0,-1.0,1.0,0.0,-3.0,0.0,2.0,5.0,-1.0,-2.0,1.0,3.0,-3.0,4.0,-3.0,0.0,1.0,0.0,0.0,0.0,0.0,-1.0,-1.0,-5.0,4.0,0.0,1.0,0.0,-4.0,7.0,-7.0,20.0,55.0,47.0,-8.0,-50.0,-12.0,-2.0,0.0,0.0,-1.0,-1.0,1.0,-3.0,3.0,-3.0,2.0,-1.0,2.0,-1.0,3.0,0.0,-1.0,1.0,-2.0,-5.0,2.0,-3.0,-2.0,4.0,-3.0,2.0,-3.0,2.0,1.0,-3.0,1.0,1.0,0.0,2.0,-1.0,-1.0,-2.0,3.0,-2.0,-1.0,0.0,0.0,-1.0,4.0,-2.0,4.0,-1.0,-2.0,2.0,3.0,-1.0,-1.0,-1.0,-1.0,2.0,1.0,2.0,3.0,-1.0,-2.0
-4.0,2.0,2.0,0.0,-3.0,2.0,-5.0,6.0,-1.0,0.0,2.0,-2.0,0.0,-2.0,-1.0,0.0,-1.0,0.0,1.0,-1.0,0.0,1.0,-3.0,4.0,-1.0,1.0,-1.0,0.0,-2.0,0.0,2.0,-3.0,2.0,0.0,2.0,-1.0,0.0,0.0,0.0,1.0,-2.0,1.0,0.0,-3.0,1.0,0.0,0.0,-1.0,-2.0,2.0,-6.0,2.0,0.0,0.0,-3.0,-1.0,0.0,-3.0,-2.0,2.0,-2.0,0.0,-1.0,1.0,-3.0,0.0,-17.0,-116.0,50.0,73.0,3.0,4.0,0.0,-2.0,2.0,-1.0,1.0,-3.0,1.0,-2.0,5.0,-1.0,5.0,0.0,0.0,-1.0,0.0,-3.0,1.0,-4.0,-7.0,-1.0,-1.0,2.0,-4.0,2.0,-3.0,-1.0,8.0,-3.0,-1.0,-1.0,5.0,-1.0,3.0,1.0,-2.0,4.0,-8.0,3.0,-1.0,2.0,-1.0,-2.0,2.0,-2.0,-4.0,2.0,2.0,0.0,0.0,0.0,0.0,1.0,-5.0,6.0,-5.0,3.0,1.0,-3.0,2.0,-3.0,4.0,1.0,0.0,-3.0,20.0,38.0,30.0,-33.0,-31.0,-33.0,-4.0,1.0,0.0,1.0,-2.0,0.0,-1.0,0.0,-1.0,-1.0,1.0,0.0,-2.0,1.0,-1.0,0.0,3.0,0.0,0.0,2.0,-1.0,-3.0,3.0,2.0,-1.0,-2.0,3.0,-2.0,3.0,-4.0,3.0,-2.0,1.0,0.0,0.0,-1.0,0.0,0.0,0.0,0.0,1.0,-1.0,0.0,0.0,1.0,0.0,-1.0,0.0,0.0,0.0,0.0,0.0,-1.0,-1.0,-1.0,-1.0,-1.0,4.0
4.0,-2.0,-1.0,2.0,-3.0,2.0,2.0,-4.0,1.0,1.0,-3.0,0.0,2.0,-2.0,4.0,-1.0,0.0,0.0,1.0,-1.0,1.0,2.0,-1.0,-1.0,0.0,1.0,-1.0,-1.0,4.0,1.0,-2.0,-1.0,4.0,-4.0,-2.0,0.0,0.0,1.0,0.0,1.0,0.0,-4.0,0.0,3.0,1.0,0.0,-1.0,4.0,-2.0,0.0,4.0,0.0,0.0,-1.0,2.0,-3.0,3.0,0.0,-1.0,3.0,-1.0,3.0,-4.0,-2.0,0.0,-18.0,-105.0,47.0,74.0,9.0,0.0,1.0,0.0,0.0,-1.0,-2.0,0.0,4.0,-1.0,3.0,-3.0,1.0,-5.0,4.0,2.0,-2.0,-5.0,-2.0,-5.0,-9.0,4.0,0.0,8.0,-5.0,3.0,3.0,-3.0,0.0,-6.0,2.0,2.0,-3.0,-3.0,3.0,5.0,2.0,-1.0,1.0,5.0,6.0,4.0,7.0,-7.0,-2.0,2.0,3.0,5.0,3.0,-3.0,1.0,0.0,0.0,0.0,0.0,1.0,-3.0,3.0,4.0,-3.0,5.0,2.0,-3.0,-1.0,-8.0,6.0,1.0,-3.0,14.0,9.0,88.0,-37.0,-38.0,-24.0,-2.0,0.0,1.0,-2.0,1.0,0.0,1.0,2.0,-4.0,0.0,0.0,-2.0,1.0,-1.0,1.0,-2.0,0.0,1.0,2.0,-2.0,4.0,-2.0,-1.0,0.0,1.0,-1.0,0.0,-2.0,4.0,-1.0,1.0,-3.0,2.0,0.0,0.0,0.0,0.0,1.0,2.0,-4.0,1.0,1.0,-2.0,-3.0,1.0,1.0,-4.0,1.0,0.0,1.0,0.0,-1.0,0.0,0.0,1.0,0.0,-1.0
-1.0,0.0,1.0,-3.0,4.0,-4.0,3.0,-2.0,2.0,1.0,3.0,0.0,-3.0,0.0,0.0,1.0,0.0,1.0,2.0,1.0,-3.0,-1.0,0.0,0.0,0.0,1.0,-1.0,0.0,0.0,-2.0,0.0,0.0,-1.0,2.0,2.0,-1.0,1.0,-4.0,1.0,1.0,-2.0,1.0,0.0,-1.0,-2.0,1.0,-1.0,-1.0,-2.0,1.0,-2.0,1.0,0.0,-2.0,-1.0,1.0,1.0,-3.0,2.0,0.0,2.0,-1.0,3.0,3.0,-18.0,-74.0,25.0,71.0,7.0,3.0,-1.0,0.0,-1.0,0.0,1.0,1.0,0.0,1.0,-7.0,2.0,2.0,0.0,5.0,-2.0,-1.0,1.0,-1.0,1.0,4.0,8.0,0.0,2.0,4.0,-1.0,-1.0,-5.0,3.0,1.0,7.0,2.0,0.0,0.0,3.0,-1.0,-8.0,1.0,-1.0,2.0,3.0,-3.0,-2.0,5.0,-2.0,3.0,1.0,-2.0,0.0,-3.0,2.0,3.0,2.0,2.0,1.0,0.0,0.0,1.0,1.0,-2.0,4.0,-3.0,-1.0,2.0,3.0,-2.0,-2.0,2.0,-3.0,0.0,10.0,-12.0,117.0,-25.0,-69.0,-34.0,-3.0,0.0,4.0,-4.0,3.0,-2.0,-1.0,2.0,2.0,-3.0,2.0,1.0,-1.0,1.0,-2.0,1.0,-2.0,-1.0,1.0,-1.0,0.0,0.0,1.0,-4.0,1.0,0.0,1.0,1.0,-3.0,3.0,-2.0,-2.0,1.0,1.0,0.0,2.0,-2.0,-2.0,3.0,1.0,2.0,-2.0,2.0,1.0,1.0,1.0,1.0,1.0,-3.0,0.0,4.0,-1.0,1.0,-3.0,1.0,0.0
0.0,1.0,1.0,-1.0,-2.0,4.0,-2.0,0.0,-1.0,0.0,-1.0,0.0,3.0,0.0,-3.0,-2.0,3.0,-2.0,0.0,-4.0,4.0,-1.0,0.0,0.0,0.0,2.0,-1.0,0.0,1.0,-1.0,0.0,0.0,1.0,-3.0,2.0,-1.0,0.0,2.0,1.0,0.0,3.0,-2.0,0.0,0.0,-1.0,1.0,4.0,-2.0,3.0,-1.0,-2.0,1.0,-1.0,1.0,3.0,-2.0,-1.0,0.0,-1.0,-1.0,1.0,-1.0,-4.0,-9.0,-75.0,-9.0,78.0,4.0,6.0,-1.0,-1.0,4.0,2.0,0.0,-2.0,1.0,2.0,3.0,3.0,1.0,1.0,-3.0,-1.0,-6.0,2.0,2.0,7.0,3.0,2.0,-4.0,-1.0,0.0,3.0,-2.0,7.0,-2.0,-1.0,-2.0,2.0,5.0,-3.0,0.0,-4.0,3.0,5.0,-5.0,0.0,0.0,-6.0,-5.0,-2.0,7.0,1.0,2.0,-2.0,-1.0,0.0,4.0,-3.0,0.0,1.0,-1.0,1.0,3.0,-4.0,7.0,1.0,1.0,-1.0,3.0,1.0,-2.0,-2.0,3.0,-4.0,-6.0,4.0,-3.0,2.0,18.0,-47.0,137.0,-9.0,-28.0,-34.0,-4.0,-1.0,0.0,0.0,2.0,-4.0,5.0,-1.0,1.0,1.0,-4.0,0.0,0.0,2.0,0.0,0.0,1.0,-4.0,1.0,0.0,0.0,0.0,1.0,0.0,2.0,-2.0,-1.0,0.0,-2.0,4.0,-1.0,3.0,-3.0,3.0,-2.0,0.0,0.0,0.0,-1.0,-1.0,0.0,3.0,-2.0,-3.0,2.0,-4.0,3.0,-2.0,1.0,0.0,0.0,1.0,-2.0,1.0,0.0
2.0,-3.0,3.0,-1.0,0.0,-1.0,0.0,0.0,1.0,-4.0,2.0,2.0,-2.0,0.0,1.0,-1.0,-1.0,0.0,0.0,3.0,-2.0,0.0,1.0,1.0,2.0,-2.0,0.0,0.0,1.0,-1.0,0.0,0.0,2.0,-2.0,3.0,-1.0,1.0,-3.0,-3.0,3.0,-3.0,4.0,-1.0,0.0,0.0,-3.0,0.0,0.0,-4.0,4.0,1.0,0.0,-2.0,1.0,-4.0,2.0,0.0,0.0,0.0,1.0,-3.0,1.0,-8.0,-58.0,-28.0,89.0,10.0,5.0,0.0,-3.0,1.0,-2.0,3.0,1.0,3.0,-2.0,-3.0,1.0,-6.0,-2.0,7.0,2.0,1.0,-4.0,2.0,2.0,14.0,2.0,-6.0,1.0,-4.0,0.0,-2.0,-4.0,2.0,-4.0,0.0,0.0,1.0,-2.0,-7.0,5.0,-1.0,3.0,-7.0,2.0,4.0,3.0,-5.0,-3.0,0.0,0.0,-1.0,1.0,-6.0,6.0,1.0,-1.0,-2.0,4.0,-6.0,0.0,-1.0,4.0,-4.0,2.0,2.0,0.0,-1.0,0.0,6.0,0.0,-2.0,1.0,-1.0,-2.0,1.0,0.0,1.0,8.0,8.0,-31.0,125.0,-40.0,-49.0,-23.0,-3.0,-3.0,-1.0,-1.0,1.0,-1.0,0.0,0.0,0.0,1.0,-1.0,1.0,1.0,2.0,-6.0,0.0,1.0,0.0,0.0,0.0,1.0,0.0,2.0,-2.0,0.0,0.0,0.0,0.0,0.0,-4.0,0.0,0.0,-2.0,1.0,0.0,1.0,-4.0,1.0,1.0,-4.0,0.0,0.0,3.0,0.0,3.0,-2.0,-1.0,3.0,-3.0,2.0,2.0,-2.0,2.0,1.0
3.0,-1.0,-1.0,0.0,0.0,1.0,1.0,0.0,1.0,2.0,-2.0,-1.0,0.0,0.0,6.0,-1.0,0.0,0.0,1.0,-2.0,0.0,1.0,-3.0,-1.0,-1.0,0.0,0.0,0.0,1.0,-1.0,0.0,1.0,-3.0,0.0,-1.0,0.0,0.0,2.0,2.0,-2.0,1.0,-1.0,0.0,1.0,-1.0,3.0,0.0,-1.0,2.0,-2.0,1.0,-1.0,2.0,-2.0,0.0,-2.0,2.0,2.0,0.0,1.0,2.0,-10.0,-48.0,-84.0,92.0,20.0,4.0,3.0,-5.0,-1.0,1.0,6.0,0.0,2.0,-2.0,0.0,0.0,0.0,1.0,1.0,0.0,1.0,-1.0,6.0,-6.0,-1.0,-2.0,-10.0,4.0,-4.0,-1.0,-1.0,-2.0,0.0,-1.0,-5.0,4.0,0.0,3.0,3.0,2.0,-5.0,2.0,3.0,1.0,-1.0,-3.0,0.0,5.0,2.0,-4.0,1.0,0.0,-3.0,1.0,-5.0,-2.0,0.0,2.0,-3.0,1.0,-5.0,-3.0,0.0,0.0,-2.0,0.0,3.0,2.0,-2.0,3.0,1.0,6.0,1.0,2.0,1.0,2.0,0.0,2.0,1.0,10.0,-8.0,-29.0,180.0,-78.0,-13.0,-15.0,-4.0,-1.0,0.0,-2.0,0.0,-1.0,-1.0,0.0,-1.0,0.0,-3.0,3.0,-5.0,4.0,3.0,0.0,0.0,0.0,2.0,-3.0,3.0,-3.0,0.0,0.0,0.0,0.0,0.0,0.0,1.0,0.0,-1.0,4.0,-5.0,1.0,0.0,1.0,-1.0,0.0,2.0,0.0,-4.0,-1.0,4.0,-2.0,0.0,0.0,-1.0,1.0,-2.0,-1.0,0.0,-1.0,0.0
-1.0,0.0,0.0,1.0,1.0,-3.0,-2.0,2.0,-3.0,3.0,-1.0,0.0,2.0,-3.0,-1.0,-4.0,1.0,0.0,2.0,-1.0,0.0,1.0,3.0,-1.0,0.0,0.0,0.0,0.0,2.0,-1.0,1.0,0.0,3.0,-1.0,0.0,1.0,1.0,-4.0,3.0,0.0,-3.0,2.0,2.0,-3.0,1.0,-2.0,2.0,-1.0,2.0,-1.0,2.0,-1.0,1.0,1.0,1.0,1.0,1.0,-5.0,5.0,-2.0,-3.0,-26.0,-49.0,75.0,26.0,6.0,4.0,6.0,-3.0,-3.0,-2.0,0.0,3.0,-2.0,-1.0,2.0,2.0,2.0,-3.0,0.0,2.0,3.0,-4.0,2.0,2.0,-1.0,-7.0,4.0,-2.0,8.0,2.0,-2.0,-1.0,0.0,5.0,4.0,3.0,-2.0,-5.0,-1.0,-1.0,2.0,4.0,-5.0,-1.0,-2.0,-1.0,-1.0,11.0,9.0,-1.0,5.0,5.0,-3.0,2.0,2.0,1.0,-3.0,4.0,0.0,0.0,2.0,0.0,-4.0,7.0,3.0,-3.0,-2.0,-3.0,-1.0,-6.0,0.0,1.0,-1.0,2.0,0.0,-2.0,1.0,2.0,-3.0,4.0,3.0,-18.0,5.0,149.0,-92.0,-50.0,-5.0,0.0,4.0,0.0,-3.0,1.0,2.0,-3.0,4.0,-1.0,-2.0,3.0,1.0,-2.0,0.0,-3.0,1.0,2.0,-2.0,0.0,-2.0,3.0,-1.0,0.0,-1.0,0.0,1.0,1.0,1.0,0.0,0.0,3.0,0.0,0.0,0.0,-1.0,4.0,0.0,-5.0,5.0,0.0,2.0,-4.0,1.0,0.0,0.0,1.0,-5.0,5.0,-1.0,0.0,1.0,-3.0
1.0,1.0,2.0,-3.0,1.0,3.0,-2.0,3.0,-1.0,-1.0,0.0,1.0,-3.0,4.0,-1.0,1.0,0.0,2.0,-2.0,0.0,1.0,-2.0,-1.0,0.0,0.0,0.0,1.0,2.0,-2.0,2.0,-3.0,3.0,-2.0,0.0,1.0,-4.0,2.0,3.0,-2.0,1.0,-1.0,-1.0,-1.0,-1.0,2.0,0.0,-2.0,1.0,-3.0,1.0,-2.0,1.0,-5.0,2.0,1.0,0.0,0.0,1.0,-2.0,-1.0,-38.0,-59.0,41.0,39.0,9.0,-4.0,-2.0,-4.0,3.0,1.0,3.0,-1.0,-1.0,0.0,5.0,-7.0,4.0,-6.0,1.0,-2.0,-1.0,-1.0,0.0,-8.0,3.0,-1.0,7.0,3.0,2.0,-2.0,3.0,7.0,1.0,1.0,-5.0,-1.0,2.0,-4.0,5.0,4.0,-1.0,4.0,9.0,-5.0,0.0,4.0,-7.0,10.0,4.0,-4.0,-1.0,2.0,2.0,-5.0,2.0,5.0,-4.0,-1.0,1.0,-2.0,3.0,-2.0,-3.0,6.0,2.0,-1.0,5.0,0.0,1.0,7.0,-5.0,4.0,-3.0,-1.0,-2.0,1.0,-5.0,-4.0,4.0,0.0,-2.0,3.0,9.0,-34.0,64.0,68.0,-96.0,-13.0,-4.0,1.0,-3.0,0.0,4.0,0.0,3.0,-3.0,-1.0,-2.0,-1.0,2.0,-1.0,2.0,-2.0,3.0,-2.0,0.0,0.0,-1.0,3.0,-1.0,0.0,4.0,1.0,-2.0,-1.0,-2.0,3.0,-3.0,0.0,0.0,0.0,0.0,0.0,-1.0,0.0,1.0,-1.0,1.0,-2.0,-1.0,2.0,0.0,0.0,0.0,2.0,-1.0,0.0,1.0,2.0,-2.0
-1.0,-1.0,-1.0,-1.0,3.0,-2.0,0.0,-1.0,0.0,0.0,0.0,1.0,-2.0,-1.0,0.0,0.0,2.0,-2.0,0.0,0.0,1.0,-1.0,0.0,1.0,0.0,1.0,-2.0,-1.0,1.0,-2.0,0.0,-1.0,0.0,0.0,1.0,3.0,-3.0,-1.0,0.0,2.0,-1.0,0.0,0.0,0.0,-3.0,1.0,-1.0,0.0,3.0,0.0,-1.0,-1.0,6.0,-4.0,-2.0,1.0,-1.0,-1.0,3.0,-16.0,-79.0,3.0,66.0,8.0,0.0,3.0,-4.0,1.0,5.0,3.0,-3.0,3.0,1.0,-3.0,5.0,1.0,4.0,-4.0,0.0,4.0,-2.0,6.0,-6.0,5.0,0.0,-3.0,-10.0,-3.0,-2.0,1.0,-6.0,-3.0,1.0,-1.0,2.0,0.0,-3.0,7.0,0.0,1.0,-6.0,5.0,-4.0,2.0,2.0,1.0,-14.0,11.0,-9.0,-4.0,6.0,2.0,-8.0,0.0,-1.0,1.0,7.0,6.0,6.0,-3.0,3.0,3.0,-2.0,5.0,1.0,3.0,-1.0,-1.0,-7.0,-2.0,6.0,-6.0,3.0,0.0,2.0,2.0,-5.0,4.0,-2.0,-2.0,1.0,2.0,-1.0,11.0,-52.0,173.0,-21.0,-94.0,8.0,-9.0,1.0,-2.0,-1.0,-4.0,-3.0,2.0,1.0,2.0,0.0,-3.0,1.0,-3.0,1.0,-1.0,0.0,1.0,0.0,0.0,-1.0,1.0,-3.0,2.0,-2.0,0.0,0.0,0.0,-1.0,-1.0,2.0,1.0,1.0,1.0,0.0,1.0,1.0,1.0,0.0,2.0,-2.0,-1.0,-3.0,1.0,0.0,2.0,-3.0,1.0,1.0,-2.0,-2.0,0.0
0.0,1.0,0.0,0.0,-1.0,0.0,1.0,0.0,1.0,1.0,1.0,1.0,3.0,-1.0,1.0,2.0,-3.0,0.0,0.0,0.0,1.0,-1.0,1.0,-4.0,2.0,1.0,-1.0,0.0,1.0,-1.0,0.0,1.0,0.0,2.0,-2.0,-1.0,4.0,-1.0,2.0,-2.0,0.0,0.0,0.0,-1.0,3.0,0.0,-1.0,1.0,-2.0,1.0,-1.0,0.0,-1.0,2.0,-2.0,-1.0,3.0,-2.0,-15.0,-86.0,31.0,102.0,-7.0,-4.0,5.0,2.0,-2.0,3.0,-5.0,4.0,0.0,3.0,0.0,-3.0,4.0,0.0,-5.0,-5.0,1.0,6.0,-7.0,-3.0,3.0,7.0,4.0,3.0,3.0,-2.0,-2.0,0.0,2.0,1.0,0.0,-7.0,9.0,-1.0,14.0,9.0,3.0,-9.0,4.0,6.0,3.0,6.0,0.0,12.0,-18.0,-2.0,7.0,10.0,-36.0,2.0,6.0,-2.0,0.0,-3.0,-8.0,3.0,8.0,7.0,0.0,5.0,-2.0,-2.0,-8.0,-5.0,1.0,14.0,-1.0,-3.0,0.0,-2.0,4.0,-1.0,2.0,4.0,0.0,4.0,4.0,-7.0,-2.0,-1.0,3.0,1.0,-2.0,-31.0,156.0,-43.0,-51.0,-14.0,-2.0,-4.0,-1.0,3.0,-1.0,-2.0,0.0,-4.0,0.0,2.0,-1.0,4.0,-5.0,1.0,2.0,-4.0,1.0,0.0,0.0,2.0,-1.0,-1.0,0.0,0.0,0.0,0.0,0.0,0.0,-1.0,-1.0,-1.0,-2.0,3.0,-2.0,-1.0,-2.0,3.0,-3.0,3.0,1.0,1.0,0.0,2.0,-2.0,-1.0,1.0,2.0,-2.0,3.0,-2.0
3.0,-4.0,2.0,0.0,0.0,1.0,-3.0,3.0,-2.0,-1.0,-2.0,-1.0,0.0,1.0,-2.0,-2.0,4.0,-2.0,0.0,1.0,1.0,-1.0,0.0,2.0,-3.0,3.0,-1.0,0.0,2.0,-1.0,1.0,-3.0,3.0,-2.0,1.0,-4.0,0.0,1.0,-3.0,-1.0,0.0,0.0,0.0,1.0,-2.0,2.0,-1.0,2.0,-2.0,1.0,-2.0,0.0,-1.0,1.0,-3.0,3.0,0.0,-9.0,-46.0,-65.0,97.0,-2.0,4.0,3.0,4.0,-2.0,3.0,-7.0,4.0,5.0,-1.0,3.0,-5.0,-2.0,4.0,1.0,-7.0,8.0,-6.0,1.0,-1.0,-8.0,1.0,-7.0,-8.0,-4.0,3.0,-11.0,5.0,5.0,-2.0,-3.0,3.0,-1.0,-8.0,-9.0,-10.0,-13.0,3.0,9.0,-6.0,0.0,2.0,2.0,6.0,-2.0,-13.0,-1.0,-12.0,6.0,16.0,14.0,-9.0,-4.0,8.0,0.0,10.0,0.0,-33.0,13.0,5.0,-3.0,4.0,5.0,-4.0,8.0,-10.0,-6.0,-12.0,-7.0,-3.0,0.0,-3.0,-3.0,2.0,1.0,1.0,1.0,-2.0,2.0,1.0,1.0,-3.0,1.0,5.0,-36.0,57.0,98.0,-119.0,-37.0,7.0,3.0,1.0,-5.0,-1.0,5.0,1.0,-1.0,-2.0,1.0,0.0,-3.0,1.0,2.0,-3.0,3.0,1.0,0.0,2.0,-2.0,1.0,0.0,0.0,0.0,0.0,0.0,0.0,0.0,0.0,-1.0,0.0,0.0,-1.0,0.0,0.0,-1.0,-1.0,0.0,-2.0,2.0,1.0,2.0,-2.0,0.0,-1.0,3.0,-3.0,-1.0,3.0,-2.0
-3.0,4.0,-3.0,3.0,0.0,2.0,-1.0,-1.0,0.0,0.0,5.0,1.0,-4.0,3.0,-1.0,0.0,-3.0,4.0,0.0,-3.0,3.0,-1.0,1.0,2.0,-1.0,-1.0,0.0,2.0,-2.0,0.0,1.0,-1.0,-1.0,0.0,0.0,2.0,1.0,1.0,2.0,3.0,0.0,0.0,1.0,-3.0,2.0,-2.0,1.0,-4.0,4.0,-1.0,3.0,-3.0,4.0,0.0,-4.0,2.0,-2.0,-40.0,17.0,55.0,32.0,-9.0,1.0,4.0,1.0,1.0,1.0,-4.0,1.0,5.0,1.0,-6.0,-1.0,-4.0,-4.0,3.0,4.0,-7.0,-3.0,1.0,9.0,-16.0,22.0,-10.0,9.0,0.0,8.0,-9.0,4.0,-9.0,-16.0,1.0,-8.0,0.0,-2.0,-1.0,0.0,4.0,12.0,-10.0,-10.0,-1.0,0.0,-15.0,-8.0,10.0,-8.0,-8.0,-3.0,8.0,11.0,-4.0,5.0,5.0,4.0,4.0,0.0,3.0,14.0,-12.0,-15.0,4.0,2.0,2.0,-1.0,1.0,0.0,5.0,13.0,-8.0,6.0,-2.0,-4.0,-1.0,3.0,1.0,0.0,0.0,1.0,2.0,2.0,4.0,-3.0,0.0,-4.0,12.0,-58.0,144.0,3.0,-41.0,-13.0,-2.0,-2.0,5.0,-1.0,-3.0,-1.0,1.0,1.0,-1.0,-1.0,3.0,0.0,-2.0,0.0,-1.0,-3.0,3.0,-3.0,1.0,-4.0,2.0,0.0,0.0,0.0,0.0,0.0,0.0,-1.0,4.0,-1.0,0.0,0.0,0.0,-1.0,4.0,-1.0,0.0,0.0,-2.0,-1.0,-1.0,0.0,0.0,0.0,-2.0,4.0,-2.0,-1.0,0.0
0.0,-1.0,1.0,-6.0,5.0,-2.0,0.0,0.0,2.0,-2.0,-2.0,-2.0,4.0,-2.0,0.0,-1.0,4.0,-2.0,2.0,0.0,0.0,1.0,-2.0,-1.0,0.0,0.0,2.0,-2.0,0.0,1.0,2.0,0.0,0.0,0.0,1.0,-3.0,-1.0,-1.0,-1.0,0.0,-3.0,2.0,1.0,-1.0,-3.0,0.0,1.0,3.0,-2.0,1.0,-4.0,4.0,-2.0,0.0,-1.0,0.0,-7.0,-60.0,-45.0,96.0,-8.0,-6.0,-1.0,3.0,1.0,4.0,0.0,-4.0,1.0,2.0,2.0,4.0,3.0,2.0,1.0,3.0,8.0,-1.0,-2.0,0.0,-1.0,-3.0,8.0,-19.0,-4.0,3.0,3.0,-8.0,6.0,-12.0,18.0,-7.0,8.0,-3.0,10.0,-5.0,5.0,1.0,5.0,1.0,1.0,11.0,6.0,-14.0,0.0,-4.0,4.0,-5.0,2.0,7.0,0.0,-11.0,-9.0,11.0,0.0,-2.0,4.0,15.0,-4.0,-19.0,-13.0,3.0,6.0,2.0,1.0,2.0,-1.0,8.0,-15.0,-1.0,-1.0,4.0,0.0,-8.0,-1.0,2.0,0.0,0.0,2.0,-3.0,-1.0,-1.0,-5.0,3.0,3.0,8.0,-14.0,-21.0,196.0,-118.0,-32.0,2.0,-3.0,-1.0,-1.0,-1.0,1.0,-3.0,-2.0,3.0,-2.0,-3.0,1.0,-1.0,0.0,-1.0,3.0,-3.0,4.0,-1.0,2.0,-4.0,1.0,1.0,0.0,1.0,0.0,1.0,0.0,-1.0,1.0,1.0,0.0,0.0,0.0,-1.0,0.0,0.0,0.0,4.0,-1.0,0.0,0.0,0.0,1.0,0.0,-2.0,4.0,-1.0,0.0
0.0,0.0,0.0,2.0,-5.0,2.0,1.0,2.0,-2.0,0.0,-1.0,0.0,-1.0,1.0,0.0,1.0,0.0,2.0,-1.0,-2.0,-3.0,3.0,-1.0,0.0,1.0,1.0,-2.0,0.0,2.0,-2.0,1.0,-3.0,2.0,1.0,1.0,3.0,-1.0,0.0,0.0,1.0,-1.0,-2.0,2.0,-3.0,2.0,-1.0,-3.0,-2.0,0.0,0.0,2.0,-2.0,-2.0,-2.0,0.0,0.0,-20.0,-65.0,64.0,20.0,-8.0,7.0,-2.0,4.0,-4.0,5.0,-2.0,1.0,2.0,3.0,-2.0,3.0,-6.0,-8.0,-1.0,7.0,-3.0,3.0,0.0,4.0,9.0,2.0,-3.0,-8.0,13.0,1.0,-1.0,9.0,-9.0,21.0,37.0,-8.0,2.0,0.0,0.0,3.0,-9.0,3.0,-19.0,6.0,5.0,-2.0,7.0,1.0,9.0,2.0,-15.0,10.0,-10.0,-10.0,4.0,-6.0,0.0,-4.0,7.0,-25.0,-7.0,-5.0,2.0,4.0,2.0,-13.0,-19.0,0.0,4.0,3.0,-3.0,3.0,-1.0,-5.0,6.0,3.0,1.0,-4.0,-2.0,-2.0,-2.0,-1.0,-1.0,4.0,-1.0,4.0,5.0,0.0,1.0,0.0,7.0,-44.0,84.0,53.0,-91.0,-12.0,1.0,-4.0,3.0,-2.0,0.0,3.0,-1.0,-1.0,1.0,1.0,0.0,-1.0,0.0,-1.0,2.0,-2.0,-1.0,0.0,0.0,1.0,1.0,-4.0,3.0,-3.0,3.0,-3.0,2.0,1.0,-3.0,-2.0,1.0,1.0,0.0,0.0,0.0,1.0,-4.0,0.0,0.0,0.0,0.0,1.0,-4.0,2.0,0.0,-1.0,0.0,0.0
0.0,0.0,0.0,0.0,3.0,-2.0,-1.0,-1.0,0.0,-1.0,4.0,0.0,1.0,-4.0,3.0,-2.0,-1.0,-1.0,1.0,-2.0,4.0,-2.0,0.0,1.0,-4.0,3.0,-1.0,2.0,-2.0,1.0,-3.0,-1.0,0.0,-1.0,-1.0,-1.0,0.0,1.0,0.0,2.0,-1.0,-1.0,2.0,1.0,-1.0,2.0,0.0,2.0,-1.0,-1.0,0.0,-4.0,5.0,-2.0,0.0,-2.0,-74.0,-33.0,118.0,-16.0,-8.0,5.0,1.0,-2.0,4.0,0.0,5.0,3.0,-2.0,2.0,-4.0,9.0,1.0,6.0,1.0,-1.0,2.0,-1.0,-2.0,-4.0,1.0,-3.0,0.0,-3.0,-4.0,8.0,-3.0,-9.0,1.0,4.0,-25.0,3.0,-7.0,1.0,3.0,-4.0,-1.0,5.0,-9.0,4.0,1.0,-6.0,1.0,5.0,3.0,0.0,11.0,17.0,5.0,-4.0,-8.0,-4.0,4.0,-3.0,10.0,15.0,-10.0,-13.0,-7.0,-12.0,-13.0,10.0,-1.0,-14.0,5.0,0.0,-9.0,5.0,-15.0,7.0,-4.0,4.0,-2.0,-6.0,5.0,1.0,-3.0,6.0,-15.0,9.0,-2.0,0.0,1.0,-8.0,4.0,-1.0,-2.0,-3.0,-22.0,170.0,-107.0,-44.0,0.0,3.0,-1.0,-3.0,0.0,-3.0,0.0,2.0,-1.0,0.0,0.0,-2.0,-1.0,-1.0,1.0,2.0,-1.0,-1.0,0.0,0.0,0.0,3.0,-2.0,0.0,-1.0,0.0,-2.0,1.0,2.0,-2.0,2.0,-4.0,1.0,1.0,1.0,1.0,2.0,1.0,1.0,0.0,0.0,0.0,3.0,-3.0,1.0,0.0,0.0,0.0
1.0,0.0,0.0,2.0,-2.0,1.0,-1.0,0.0,0.0,0.0,0.0,-3.0,1.0,3.0,-2.0,0.0,0.0,0.0,2.0,-1.0,-1.0,0.0,0.0,1.0,2.0,-2.0,1.0,-2.0,0.0,0.0,1.0,4.0,-5.0,1.0,0.0,0.0,2.0,-3.0,2.0,-2.0,0.0,0.0,-2.0,2.0,0.0,2.0,-1.0,1.0,-3.0,3.0,2.0,-2.0,1.0,0.0,-3.0,-25.0,-86.0,111.0,16.0,-16.0,10.0,-2.0,0.0,1.0,1.0,1.0,-2.0,5.0,-11.0,2.0,-8.0,1.0,-13.0,-22.0,6.0,1.0,3.0,0.0,6.0,-6.0,3.0,-7.0,4.0,2.0,-12.0,8.0,-9.0,4.0,0.0,-10.0,-2.0,-2.0,1.0,-5.0,-4.0,-6.0,5.0,3.0,-6.0,1.0,-8.0,1.0,-5.0,9.0,-7.0,7.0,-6.0,-12.0,-7.0,5.0,-7.0,-5.0,-12.0,5.0,10.0,-34.0,22.0,-16.0,6.0,-9.0,12.0,5.0,24.0,5.0,-4.0,15.0,-3.0,0.0,3.0,6.0,1.0,-3.0,-1.0,-3.0,11.0,8.0,9.0,-2.0,16.0,-35.0,13.0,-2.0,4.0,-2.0,5.0,-6.0,1.0,-5.0,-30.0,55.0,98.0,-102.0,-17.0,-2.0,0.0,-2.0,1.0,0.0,0.0,-1.0,-3.0,-1.0,-2.0,1.0,3.0,-3.0,2.0,2.0,-3.0,4.0,-1.0,0.0,1.0,-2.0,0.0,-1.0,-1.0,0.0,-1.0,1.0,1.0,-2.0,2.0,2.0,1.0,-3.0,-1.0,-1.0,-1.0,-1.0,-2.0,2.0,0.0,1.0,-2.0,-1.0,1.0,1.0,1.0,1.0
-3.0,2.0,2.0,-2.0,2.0,-5.0,5.0,-1.0,0.0,1.0,1.0,-2.0,3.0,-2.0,1.0,0.0,1.0,2.0,-2.0,0.0,0.0,0.0,2.0,-3.0,3.0,-1.0,2.0,-1.0,0.0,0.0,1.0,-2.0,1.0,1.0,1.0,2.0,-2.0,-1.0,3.0,-1.0,0.0,1.0,1.0,-1.0,-3.0,-2.0,-1.0,0.0,2.0,-4.0,2.0,1.0,1.0,-3.0,-7.0,-34.0,-39.0,98.0,-12.0,-2.0,6.0,1.0,1.0,-1.0,1.0,0.0,3.0,7.0,-9.0,-11.0,1.0,7.0,-4.0,-10.0,9.0,-1.0,-1.0,-1.0,-4.0,0.0,-5.0,1.0,-2.0,-1.0,-13.0,7.0,3.0,3.0,0.0,8.0,0.0,1.0,5.0,18.0,9.0,-5.0,15.0,5.0,-12.0,0.0,3.0,2.0,-5.0,7.0,-14.0,-1.0,-1.0,-2.0,0.0,-4.0,4.0,-16.0,0.0,-7.0,5.0,6.0,-6.0,9.0,-31.0,9.0,16.0,-7.0,22.0,-2.0,2.0,1.0,4.0,2.0,11.0,-14.0,4.0,0.0,4.0,0.0,-8.0,-12.0,2.0,-3.0,8.0,32.0,-12.0,-3.0,-1.0,0.0,-1.0,4.0,-4.0,1.0,3.0,-47.0,184.0,-29.0,-59.0,1.0,1.0,-4.0,1.0,1.0,0.0,-2.0,2.0,-1.0,1.0,-1.0,-4.0,3.0,-2.0,-3.0,4.0,-2.0,0.0,0.0,1.0,-1.0,-2.0,2.0,2.0,-2.0,-1.0,2.0,1.0,-1.0,-1.0,-2.0,2.0,3.0,-1.0,0.0,0.0,0.0,0.0,-2.0,2.0,2.0,-1.0,-1.0,2.0,-2.0,-1.0,-1.0
0.0,-1.0,-1.0,1.0,-4.0,2.0,-1.0,1.0,2.0,-3.0,2.0,-1.0,-1.0,1.0,-4.0,3.0,-2.0,-1.0,0.0,0.0,0.0,2.0,-2.0,0.0,0.0,2.0,-2.0,0.0,0.0,1.0,2.0,-1.0,2.0,-2.0,-1.0,-1.0,0.0,1.0,0.0,1.0,2.0,-2.0,-2.0,1.0,2.0,2.0,3.0,-1.0,0.0,2.0,-4.0,3.0,-4.0,-1.0,-30.0,-99.0,132.0,10.0,-13.0,3.0,0.0,4.0,-1.0,-2.0,0.0,1.0,-2.0,3.0,2.0,10.0,0.0,3.0,3.0,-4.0,3.0,-3.0,2.0,-2.0,1.0,6.0,-1.0,1.0,6.0,-2.0,-2.0,-3.0,1.0,-3.0,7.0,-8.0,1.0,-1.0,-15.0,-16.0,-13.0,-15.0,6.0,-8.0,-5.0,3.0,-12.0,-1.0,-3.0,-5.0,0.0,-10.0,-6.0,0.0,10.0,-8.0,-3.0,8.0,8.0,26.0,-5.0,-6.0,15.0,14.0,13.0,18.0,-22.0,-7.0,-18.0,-39.0,-7.0,19.0,0.0,0.0,-18.0,3.0,0.0,5.0,4.0,7.0,1.0,-2.0,-5.0,6.0,-3.0,-20.0,-9.0,0.0,-2.0,3.0,1.0,1.0,-1.0,-2.0,1.0,-23.0,27.0,91.0,-114.0,-12.0,12.0,0.0,2.0,4.0,-6.0,4.0,1.0,0.0,-4.0,2.0,-1.0,0.0,-3.0,4.0,-2.0,0.0,0.0,0.0,1.0,-2.0,3.0,1.0,1.0,3.0,-1.0,-2.0,3.0,-1.0,0.0,0.0,-2.0,-1.0,0.0,0.0,0.0,0.0,1.0,0.0,0.0,-1.0,0.0,-1.0,2.0,-1.0,1.0,0.0
0.0,0.0,0.0,0.0,1.0,0.0,1.0,-2.0,-1.0,-1.0,3.0,0.0,1.0,0.0,3.0,-2.0,0.0,0.0,0.0,1.0,2.0,-2.0,0.0,1.0,-2.0,-1.0,0.0,0.0,2.0,-2.0,-1.0,1.0,-1.0,1.0,0.0,0.0,2.0,-2.0,-1.0,-1.0,0.0,0.0,-1.0,-3.0,-1.0,-1.0,-2.0,0.0,0.0,0.0,2.0,-4.0,2.0,-6.0,-66.0,30.0,84.0,-12.0,-1.0,-3.0,6.0,-3.0,-3.0,0.0,3.0,-2.0,-2.0,-4.0,2.0,1.0,0.0,2.0,-1.0,0.0,0.0,8.0,-1.0,-4.0,-3.0,-6.0,2.0,1.0,0.0,-3.0,4.0,1.0,0.0,-6.0,1.0,-2.0,-9.0,5.0,-3.0,10.0,-2.0,-1.0,-8.0,3.0,-7.0,2.0,-5.0,4.0,2.0,7.0,10.0,7.0,8.0,-4.0,0.0,6.0,-14.0,27.0,-5.0,-3.0,-3.0,-6.0,2.0,6.0,-9.0,-11.0,15.0,-8.0,-4.0,9.0,5.0,-14.0,7.0,1.0,0.0,8.0,-6.0,-2.0,-1.0,4.0,-5.0,2.0,13.0,-1.0,7.0,-15.0,0.0,4.0,-5.0,-4.0,-2.0,2.0,1.0,-4.0,1.0,1.0,-34.0,162.0,-97.0,-15.0,-19.0,-1.0,-3.0,4.0,-6.0,-1.0,-3.0,-1.0,2.0,-4.0,0.0,1.0,0.0,-3.0,0.0,0.0,1.0,0.0,1.0,-1.0,-1.0,-1.0,-1.0,-1.0,0.0,1.0,-1.0,-1.0,0.0,-1.0,4.0,-2.0,1.0,0.0,0.0,2.0,-3.0,3.0,-4.0,1.0,0.0,0.0,2.0,0.0,-4.0,2.0
1.0,1.0,0.0,1.0,1.0,1.0,1.0,-1.0,0.0,0.0,0.0,-3.0,-2.0,2.0,-2.0,0.0,0.0,1.0,2.0,-2.0,-1.0,0.0,1.0,2.0,-1.0,0.0,0.0,2.0,-2.0,0.0,1.0,2.0,-4.0,-3.0,2.0,2.0,-2.0,0.0,0.0,1.0,-4.0,1.0,3.0,1.0,-2.0,-2.0,4.0,-1.0,0.0,0.0,0.0,2.0,0.0,-15.0,-120.0,86.0,29.0,-12.0,-4.0,1.0,-2.0,0.0,3.0,1.0,-2.0,5.0,3.0,3.0,-2.0,1.0,-2.0,-2.0,1.0,3.0,2.0,6.0,5.0,1.0,-2.0,3.0,-2.0,8.0,0.0,5.0,2.0,-13.0,7.0,-4.0,12.0,-5.0,4.0,-4.0,4.0,-4.0,-5.0,24.0,-7.0,7.0,-1.0,13.0,16.0,-3.0,2.0,-3.0,-6.0,-4.0,-1.0,-1.0,-6.0,5.0,2.0,13.0,1.0,-4.0,-2.0,13.0,-16.0,-2.0,12.0,-1.0,-9.0,-13.0,15.0,22.0,-3.0,0.0,2.0,-2.0,16.0,-4.0,17.0,-21.0,3.0,-5.0,8.0,11.0,-2.0,0.0,-15.0,7.0,5.0,-3.0,-7.0,-3.0,0.0,-6.0,6.0,-5.0,-2.0,5.0,-13.0,69.0,46.0,-80.0,4.0,-8.0,1.0,1.0,1.0,1.0,0.0,3.0,-1.0,1.0,-2.0,1.0,1.0,1.0,-2.0,1.0,-4.0,1.0,1.0,-1.0,0.0,0.0,1.0,0.0,1.0,-4.0,0.0,4.0,-1.0,0.0,-2.0,5.0,-5.0,2.0,2.0,-3.0,-1.0,-2.0,2.0,1.0,2.0,-4.0,4.0,0.0,1.0,1.0
-1.0,-2.0,3.0,-2.0,-1.0,-2.0,3.0,0.0,1.0,1.0,1.0,3.0,-2.0,3.0,-1.0,1.0,2.0,-2.0,-1.0,0.0,0.0,2.0,-2.0,0.0,1.0,1.0,2.0,-3.0,0.0,2.0,-4.0,3.0,0.0,2.0,-2.0,-1.0,1.0,0.0,0.0,0.0,2.0,-4.0,-1.0,0.0,1.0,3.0,-3.0,0.0,0.0,0.0,2.0,-3.0,-3.0,-38.0,-57.0,119.0,-1.0,-2.0,-4.0,2.0,0.0,1.0,0.0,-1.0,3.0,-2.0,-3.0,2.0,4.0,-2.0,-1.0,-3.0,0.0,3.0,1.0,-2.0,-2.0,-2.0,-4.0,4.0,4.0,-6.0,-16.0,5.0,8.0,12.0,-2.0,4.0,3.0,1.0,-3.0,9.0,-5.0,-1.0,21.0,-27.0,-11.0,-15.0,5.0,-17.0,10.0,6.0,-5.0,3.0,8.0,-3.0,2.0,-5.0,6.0,13.0,14.0,-21.0,14.0,-5.0,5.0,-2.0,10.0,9.0,-3.0,-5.0,2.0,10.0,11.0,-12.0,-4.0,-4.0,-3.0,-3.0,-29.0,21.0,-6.0,-15.0,-26.0,1.0,17.0,-1.0,-5.0,3.0,3.0,6.0,-1.0,8.0,-13.0,9.0,4.0,-2.0,-2.0,-4.0,-7.0,9.0,-4.0,-8.0,127.0,-77.0,-36.0,-4.0,4.0,0.0,-1.0,-1.0,1.0,-1.0,0.0,0.0,3.0,2.0,-2.0,-2.0,2.0,-1.0,1.0,0.0,1.0,-1.0,0.0,1.0,-4.0,1.0,0.0,2.0,0.0,-2.0,0.0,1.0,1.0,-1.0,2.0,-3.0,-3.0,2.0,3.0,-2.0,3.0,-2.0,-1.0,-1.0,1.0,-4.0,2.0,-3.0
0.0,0.0,-1.0,1.0,1.0,1.0,1.0,-2.0,-1.0,-1.0,-1.0,-1.0,-1.0,-1.0,1.0,-2.0,-1.0,0.0,0.0,0.0,2.0,-2.0,1.0,-2.0,-1.0,-1.0,-2.0,5.0,0.0,-3.0,4.0,-2.0,0.0,2.0,-1.0,1.0,-4.0,1.0,1.0,0.0,1.0,2.0,-1.0,0.0,1.0,-3.0,4.0,-1.0,0.0,1.0,-2.0,-1.0,-5.0,-100.0,73.0,61.0,-15.0,-3.0,-2.0,-2.0,2.0,3.0,-2.0,-1.0,1.0,2.0,3.0,-2.0,-6.0,3.0,2.0,5.0,0.0,2.0,2.0,8.0,-6.0,15.0,2.0,-9.0,1.0,3.0,7.0,-7.0,-8.0,4.0,-3.0,2.0,6.0,-7.0,0.0,5.0,-12.0,-7.0,-2.0,-5.0,-1.0,13.0,14.0,-9.0,9.0,10.0,-2.0,10.0,10.0,8.0,-2.0,9.0,12.0,-25.0,-19.0,10.0,-3.0,7.0,-15.0,0.0,-5.0,-1.0,-4.0,7.0,8.0,2.0,2.0,-9.0,0.0,21.0,-39.0,3.0,21.0,1.0,0.0,-18.0,17.0,12.0,-19.0,-11.0,-2.0,11.0,-3.0,-5.0,0.0,3.0,-12.0,-6.0,0.0,4.0,-1.0,-2.0,-3.0,-6.0,10.0,-32.0,73.0,46.0,-76.0,-8.0,0.0,3.0,-2.0,5.0,-3.0,-3.0,3.0,-3.0,0.0,-1.0,0.0,0.0,-1.0,-2.0,0.0,0.0,2.0,-1.0,0.0,1.0,1.0,0.0,2.0,-3.0,0.0,4.0,0.0,-3.0,-3.0,1.0,1.0,2.0,2.0,2.0,-2.0,0.0,-1.0,0.0,0.0,-1.0,2.0,1.0,1.0,-3.0
1.0,1.0,2.0,-2.0,0.0,-1.0,0.0,0.0,1.0,1.0,1.0,-1.0,4.0,-1.0,2.0,-1.0,0.0,0.0,0.0,1.0,-2.0,0.0,1.0,-1.0,0.0,0.0,1.0,-4.0,3.0,-1.0,-1.0,0.0,2.0,-2.0,0.0,1.0,2.0,2.0,-4.0,3.0,-2.0,-2.0,0.0,1.0,1.0,-2.0,-1.0,0.0,0.0,1.0,-1.0,-1.0,-24.0,-101.0,110.0,19.0,-6.0,-1.0,-2.0,1.0,-1.0,1.0,2.0,-2.0,2.0,1.0,-3.0,3.0,0.0,-3.0,1.0,3.0,1.0,-1.0,-1.0,1.0,-5.0,-3.0,-3.0,10.0,-6.0,-5.0,-4.0,6.0,13.0,2.0,3.0,-1.0,-2.0,-5.0,-9.0,10.0,2.0,7.0,3.0,3.0,6.0,11.0,-27.0,7.0,-10.0,4.0,-22.0,4.0,-5.0,-8.0,8.0,5.0,-5.0,-5.0,-17.0,1.0,15.0,4.0,-25.0,16.0,-14.0,5.0,11.0,0.0,-13.0,11.0,2.0,6.0,5.0,8.0,-6.0,-6.0,-14.0,3.0,-11.0,8.0,-11.0,-11.0,-1.0,9.0,-9.0,15.0,15.0,1.0,-6.0,4.0,2.0,-2.0,4.0,7.0,-10.0,3.0,-6.0,-3.0,5.0,-8.0,7.0,182.0,-91.0,-19.0,1.0,-4.0,2.0,0.0,-1.0,-1.0,-1.0,-1.0,1.0,0.0,1.0,0.0,1.0,1.0,-2.0,1.0,-3.0,0.0,1.0,-3.0,2.0,2.0,-3.0,-1.0,1.0,0.0,0.0,2.0,2.0,2.0,-2.0,-1.0,0.0,-1.0,0.0,0.0,0.0,0.0,0.0,0.0,-2.0,2.0,1.0,2.0
-1.0,-1.0,-1.0,1.0,-3.0,3.0,-3.0,3.0,-2.0,-1.0,-3.0,2.0,0.0,2.0,-2.0,0.0,0.0,0.0,1.0,2.0,-1.0,0.0,2.0,-1.0,1.0,1.0,2.0,-1.0,-1.0,0.0,0.0,2.0,-2.0,0.0,2.0,-2.0,-1.0,-2.0,4.0,-2.0,0.0,-1.0,1.0,-3.0,2.0,3.0,-1.0,0.0,0.0,1.0,-2.0,-5.0,-51.0,-23.0,92.0,2.0,-4.0,-3.0,1.0,-3.0,3.0,-1.0,1.0,-2.0,-4.0,6.0,-5.0,1.0,-1.0,-3.0,1.0,-1.0,-2.0,10.0,-1.0,-2.0,-1.0,-2.0,2.0,-1.0,-10.0,1.0,-5.0,7.0,-7.0,0.0,1.0,2.0,-3.0,10.0,1.0,-1.0,-5.0,-2.0,1.0,-2.0,-6.0,8.0,-6.0,5.0,7.0,2.0,-16.0,-7.0,-8.0,-4.0,-7.0,3.0,5.0,-2.0,2.0,15.0,4.0,8.0,-17.0,1.0,-19.0,10.0,16.0,-16.0,-11.0,6.0,1.0,5.0,1.0,-4.0,-16.0,-5.0,29.0,1.0,0.0,6.0,23.0,6.0,11.0,10.0,-6.0,-13.0,-1.0,-2.0,-11.0,-3.0,-1.0,3.0,-2.0,-9.0,12.0,-7.0,-11.0,0.0,14.0,7.0,-25.0,135.0,-82.0,-33.0,2.0,0.0,-2.0,3.0,-1.0,-1.0,0.0,-1.0,2.0,2.0,-3.0,2.0,-3.0,-3.0,1.0,-2.0,2.0,-2.0,0.0,-1.0,-1.0,-2.0,4.0,-2.0,2.0,-4.0,3.0,-3.0,-1.0,-1.0,1.0,1.0,-4.0,1.0,0.0,0.0,0.0,1.0,0.0,-1.0,0.0,-2.0,-1.0,-1.0
1.0,1.0,1.0,1.0,-1.0,-1.0,0.0,-1.0,0.0,-1.0,4.0,-2.0,0.0,-1.0,0.0,0.0,0.0,1.0,-2.0,-1.0,1.0,2.0,-2.0,1.0,-2.0,-1.0,-1.0,0.0,0.0,1.0,2.0,-2.0,0.0,1.0,-3.0,0.0,0.0,0.0,-1.0,1.0,0.0,-1.0,1.0,-1.0,-1.0,-1.0,0.0,0.0,0.0,0.0,1.0,-7.0,-73.0,24.0,72.0,3.0,-8.0,-3.0,-1.0,1.0,0.0,2.0,-2.0,0.0,-1.0,2.0,2.0,4.0,-4.0,0.0,4.0,5.0,-2.0,-5.0,3.0,-2.0,5.0,6.0,-12.0,-2.0,-3.0,0.0,0.0,5.0,-2.0,7.0,2.0,6.0,-11.0,9.0,-1.0,7.0,11.0,-4.0,0.0,7.0,3.0,2.0,-4.0,1.0,2.0,-5.0,5.0,0.0,-4.0,1.0,3.0,2.0,4.0,7.0,3.0,10.0,3.0,7.0,-14.0,14.0,14.0,4.0,-15.0,3.0,11.0,-1.0,0.0,6.0,1.0,4.0,4.0,18.0,-13.0,5.0,-2.0,0.0,-8.0,4.0,4.0,12.0,-4.0,10.0,3.0,-1.0,0.0,0.0,-4.0,13.0,0.0,0.0,-3.0,1.0,-16.0,-7.0,-2.0,7.0,-26.0,134.0,-96.0,-13.0,-11.0,2.0,1.0,-1.0,0.0,-1.0,0.0,0.0,-1.0,-1.0,-2.0,2.0,1.0,2.0,0.0,0.0,-2.0,1.0,3.0,-3.0,-1.0,-1.0,-1.0,-2.0,1.0,3.0,-3.0,4.0,-1.0,1.0,-4.0,1.0,1.0,0.0,-1.0,0.0,1.0,-4.0,0.0,4.0,-1.0,3.0,-1.0,0.0
-1.0,-1.0,-2.0,3.0,-1.0,0.0,0.0,0.0,0.0,0.0,-1.0,1.0,-3.0,2.0,0.0,0.0,0.0,1.0,-1.0,2.0,-2.0,-1.0,0.0,2.0,-1.0,0.0,0.0,1.0,1.0,-1.0,-1.0,1.0,1.0,1.0,3.0,-1.0,1.0,1.0,2.0,-3.0,1.0,-1.0,2.0,-1.0,1.0,0.0,0.0,0.0,0.0,-1.0,-2.0,-8.0,-121.0,110.0,31.0,-2.0,-6.0,0.0,-3.0,-1.0,-2.0,4.0,-1.0,0.0,1.0,1.0,1.0,-2.0,2.0,-1.0,0.0,1.0,0.0,-1.0,-3.0,-4.0,4.0,3.0,-7.0,0.0,2.0,-4.0,0.0,0.0,1.0,2.0,-1.0,-15.0,2.0,-4.0,-3.0,-2.0,4.0,-5.0,-1.0,0.0,-8.0,-7.0,15.0,-2.0,-12.0,1.0,5.0,1.0,2.0,0.0,3.0,-1.0,7.0,-14.0,13.0,3.0,-7.0,2.0,-1.0,8.0,12.0,15.0,-4.0,-1.0,2.0,-4.0,9.0,-12.0,-9.0,2.0,-2.0,10.0,-18.0,-14.0,3.0,-4.0,18.0,-22.0,-4.0,-5.0,4.0,2.0,3.0,0.0,0.0,4.0,-24.0,-9.0,22.0,3.0,4.0,-4.0,-4.0,-2.0,-5.0,27.0,-40.0,98.0,-56.0,-46.0,-1.0,1.0,-4.0,2.0,1.0,-1.0,1.0,2.0,1.0,0.0,5.0,-3.0,3.0,-2.0,1.0,1.0,0.0,-2.0,1.0,0.0,2.0,3.0,-2.0,3.0,1.0,-2.0,0.0,-1.0,0.0,0.0,1.0,0.0,0.0,-1.0,4.0,-1.0,1.0,2.0,1.0,1.0,-5.0,4.0,-1.0,0.0
0.0,0.0,0.0,-1.0,1.0,0.0,0.0,0.0,1.0,1.0,0.0,1.0,-1.0,-2.0,2.0,0.0,0.0,1.0,0.0,-2.0,0.0,0.0,2.0,-2.0,0.0,0.0,2.0,-3.0,4.0,-5.0,2.0,-3.0,-1.0,-1.0,-1.0,2.0,-2.0,-1.0,-1.0,-1.0,1.0,1.0,-2.0,2.0,-4.0,1.0,0.0,0.0,-1.0,3.0,0.0,-32.0,-82.0,112.0,2.0,-9.0,0.0,1.0,-2.0,1.0,1.0,1.0,0.0,2.0,-1.0,2.0,2.0,1.0,-3.0,1.0,2.0,2.0,-4.0,4.0,-2.0,-4.0,-17.0,-2.0,-11.0,61.0,-2.0,0.0,-1.0,-9.0,-3.0,-2.0,-1.0,7.0,5.0,6.0,6.0,-3.0,0.0,4.0,6.0,12.0,9.0,-14.0,3.0,-7.0,9.0,-3.0,0.0,-4.0,9.0,2.0,-4.0,10.0,6.0,12.0,-4.0,-17.0,-1.0,-5.0,0.0,2.0,-3.0,2.0,-14.0,3.0,1.0,11.0,-24.0,5.0,3.0,-4.0,-3.0,-2.0,14.0,2.0,-5.0,0.0,6.0,-3.0,-5.0,5.0,-1.0,1.0,7.0,4.0,-10.0,7.0,22.0,2.0,-11.0,2.0,8.0,-1.0,-3.0,-3.0,-10.0,12.0,-21.0,76.0,63.0,-94.0,3.0,-4.0,1.0,-3.0,-2.0,2.0,0.0,-3.0,1.0,0.0,-2.0,2.0,1.0,-4.0,4.0,-3.0,3.0,1.0,0.0,0.0,-3.0,-2.0,0.0,-3.0,3.0,-1.0,0.0,0.0,0.0,0.0,0.0,1.0,0.0,0.0,0.0,2.0,-2.0,-2.0,-1.0,-2.0,2.0,-1.0,0.0,0.0
0.0,0.0,0.0,1.0,-3.0,1.0,0.0,2.0,-2.0,-2.0,2.0,3.0,-1.0,0.0,-2.0,2.0,1.0,2.0,0.0,-1.0,0.0,1.0,-2.0,0.0,0.0,2.0,-2.0,1.0,0.0,1.0,1.0,3.0,-1.0,0.0,1.0,-2.0,0.0,0.0,0.0,-1.0,3.0,-3.0,2.0,-4.0,3.0,0.0,0.0,0.0,0.0,-2.0,-3.0,-52.0,-18.0,106.0,-6.0,-6.0,6.0,-1.0,2.0,-1.0,0.0,0.0,5.0,1.0,1.0,0.0,2.0,0.0,1.0,-2.0,-2.0,1.0,2.0,4.0,8.0,-11.0,6.0,-4.0,-5.0,-10.0,-9.0,-10.0,-4.0,-8.0,7.0,8.0,4.0,3.0,-6.0,-10.0,10.0,2.0,25.0,-27.0,-10.0,-23.0,1.0,17.0,1.0,-11.0,-5.0,-6.0,-1.0,-4.0,-9.0,3.0,7.0,-2.0,0.0,1.0,-2.0,-11.0,6.0,-1.0,-3.0,-7.0,-2.0,-7.0,0.0,-3.0,4.0,7.0,-4.0,9.0,-7.0,-2.0,10.0,-7.0,6.0,5.0,0.0,2.0,-6.0,10.0,1.0,-3.0,-5.0,-9.0,7.0,7.0,0.0,-9.0,-25.0,6.0,-22.0,10.0,8.0,4.0,-12.0,3.0,1.0,-14.0,8.0,53.0,69.0,-61.0,-10.0,0.0,0.0,0.0,-2.0,-1.0,-1.0,-4.0,0.0,0.0,-1.0,1.0,0.0,0.0,1.0,2.0,-4.0,1.0,0.0,-1.0,1.0,2.0,-2.0,4.0,-3.0,0.0,0.0,0.0,0.0,0.0,2.0,-3.0,2.0,2.0,-2.0,-1.0,-1.0,4.0,-1.0,-1.0,2.0,0.0,1.0,0.0
0.0,0.0,1.0,2.0,-2.0,1.0,1.0,-3.0,0.0,0.0,0.0,-5.0,1.0,0.0,0.0,-2.0,-1.0,-1.0,2.0,-1.0,0.0,2.0,-1.0,0.0,2.0,-2.0,1.0,-3.0,-3.0,2.0,-2.0,-1.0,0.0,1.0,1.0,-1.0,1.0,1.0,1.0,0.0,-1.0,0.0,-4.0,3.0,-4.0,1.0,0.0,0.0,0.0,0.0,-12.0,-52.0,30.0,90.0,-27.0,-1.0,0.0,-1.0,-2.0,0.0,0.0,3.0,-4.0,-1.0,-1.0,0.0,-2.0,-4.0,0.0,1.0,7.0,2.0,4.0,5.0,7.0,12.0,6.0,0.0,14.0,-4.0,-1.0,-4.0,-8.0,6.0,-9.0,5.0,6.0,-6.0,1.0,-4.0,4.0,-7.0,5.0,11.0,0.0,15.0,4.0,-4.0,0.0,-2.0,9.0,-3.0,2.0,0.0,-8.0,-1.0,1.0,8.0,-9.0,-13.0,-5.0,8.0,5.0,-12.0,-2.0,-5.0,5.0,0.0,16.0,-11.0,-1.0,-7.0,6.0,2.0,0.0,0.0,-8.0,4.0,6.0,6.0,1.0,8.0,-12.0,2.0,6.0,-10.0,1.0,2.0,1.0,-12.0,10.0,2.0,7.0,-1.0,-5.0,-2.0,4.0,-3.0,7.0,-10.0,3.0,-3.0,-21.0,-27.0,133.0,-106.0,-17.0,3.0,0.0,1.0,1.0,-1.0,0.0,1.0,1.0,-3.0,-2.0,1.0,-1.0,-1.0,1.0,0.0,1.0,-1.0,-1.0,-2.0,0.0,1.0,-1.0,-2.0,3.0,-1.0,0.0,0.0,0.0,1.0,-2.0,0.0,-1.0,-1.0,0.0,0.0,0.0,-1.0,0.0,-1.0,-3.0,2.0,-4.0,2.0
1.0,2.0,-2.0,-1.0,-1.0,2.0,1.0,3.0,0.0,1.0,0.0,1.0,0.0,1.0,0.0,4.0,-1.0,1.0,-2.0,0.0,2.0,-2.0,0.0,2.0,-3.0,0.0,0.0,2.0,2.0,2.0,-1.0,0.0,2.0,-3.0,3.0,1.0,-2.0,-1.0,-2.0,2.0,1.0,0.0,2.0,1.0,1.0,0.0,0.0,-1.0,0.0,0.0,-8.0,-75.0,8.0,62.0,-4.0,0.0,-3.0,-4.0,1.0,-2.0,0.0,-3.0,0.0,3.0,0.0,3.0,2.0,1.0,1.0,0.0,-3.0,7.0,-1.0,3.0,2.0,1.0,3.0,11.0,5.0,-1.0,-2.0,5.0,6.0,-5.0,-3.0,5.0,14.0,1.0,4.0,-10.0,-7.0,15.0,-7.0,6.0,-1.0,-5.0,-2.0,2.0,5.0,10.0,2.0,5.0,4.0,-3.0,10.0,-4.0,-17.0,-17.0,-2.0,0.0,1.0,3.0,1.0,1.0,-16.0,-2.0,3.0,-1.0,4.0,-6.0,-1.0,-4.0,3.0,4.0,-6.0,9.0,13.0,-1.0,-1.0,-3.0,-4.0,1.0,2.0,-2.0,11.0,-17.0,-7.0,-1.0,3.0,5.0,-5.0,0.0,6.0,-3.0,3.0,-6.0,-2.0,-5.0,5.0,-3.0,0.0,1.0,-20.0,-15.0,138.0,-61.0,-17.0,7.0,-3.0,1.0,0.0,-1.0,-5.0,1.0,0.0,3.0,0.0,-1.0,3.0,-3.0,1.0,-1.0,-3.0,2.0,1.0,1.0,-2.0,2.0,-2.0,-2.0,2.0,-1.0,0.0,0.0,0.0,1.0,-1.0,-1.0,0.0,0.0,0.0,0.0,0.0,0.0,-1.0,3.0,2.0,0.0,2.0,0.0
-1.0,-1.0,0.0,0.0,-1.0,-1.0,-1.0,0.0,-3.0,-3.0,1.0,1.0,2.0,-2.0,-3.0,-1.0,-1.0,3.0,0.0,2.0,-2.0,1.0,2.0,-3.0,5.0,0.0,2.0,-2.0,0.0,-1.0,0.0,2.0,-2.0,1.0,0.0,-2.0,0.0,0.0,0.0,-1.0,-1.0,-2.0,-1.0,-2.0,2.0,0.0,-1.0,4.0,-1.0,-2.0,-4.0,-89.0,64.0,38.0,-22.0,3.0,6.0,0.0,-7.0,5.0,0.0,-3.0,6.0,0.0,-3.0,-1.0,0.0,-2.0,-1.0,2.0,-2.0,0.0,-6.0,1.0,-9.0,-8.0,-6.0,-7.0,-3.0,5.0,1.0,-6.0,0.0,4.0,-15.0,6.0,6.0,-6.0,-10.0,-5.0,-10.0,7.0,7.0,-6.0,7.0,2.0,-7.0,-1.0,9.0,-7.0,10.0,-4.0,9.0,-2.0,8.0,0.0,13.0,-10.0,-4.0,-5.0,6.0,-7.0,6.0,2.0,9.0,-2.0,-3.0,6.0,0.0,5.0,1.0,3.0,3.0,-18.0,-11.0,-2.0,0.0,-2.0,11.0,-3.0,11.0,-4.0,-1.0,-1.0,13.0,-40.0,-9.0,10.0,-14.0,-6.0,3.0,10.0,2.0,2.0,-3.0,-5.0,-6.0,-1.0,-4.0,-2.0,3.0,-2.0,-17.0,-9.0,128.0,-63.0,-24.0,-2.0,-2.0,-5.0,-3.0,-1.0,-3.0,-1.0,1.0,-1.0,-2.0,-2.0,1.0,1.0,-1.0,1.0,5.0,-1.0,-1.0,-2.0,2.0,-5.0,3.0,2.0,2.0,-1.0,0.0,1.0,0.0,1.0,-3.0,3.0,-1.0,0.0,0.0,-1.0,0.0,0.0,0.0,-1.0,-3.0,2.0,-4.0,3.0
0.0,0.0,1.0,-1.0,4.0,-1.0,0.0,0.0,1.0,2.0,2.0,-2.0,-1.0,-1.0,1.0,2.0,5.0,-6.0,0.0,0.0,2.0,-2.0,-1.0,1.0,-3.0,-1.0,-1.0,2.0,-3.0,2.0,2.0,-2.0,1.0,-3.0,3.0,-1.0,0.0,1.0,1.0,0.0,0.0,-1.0,0.0,1.0,-2.0,2.0,0.0,-1.0,-2.0,3.0,-15.0,-79.0,119.0,13.0,2.0,2.0,0.0,0.0,-3.0,5.0,-1.0,2.0,0.0,1.0,2.0,-3.0,-5.0,-1.0,0.0,-6.0,-3.0,-7.0,-1.0,-1.0,-1.0,1.0,-3.0,0.0,-7.0,-15.0,-9.0,0.0,5.0,7.0,-1.0,-6.0,-10.0,-25.0,9.0,6.0,-6.0,2.0,5.0,4.0,17.0,-14.0,-11.0,-11.0,-23.0,-23.0,17.0,-8.0,-6.0,4.0,-2.0,2.0,2.0,7.0,10.0,-7.0,-1.0,11.0,-9.0,-3.0,11.0,10.0,7.0,-1.0,-2.0,4.0,6.0,0.0,4.0,-5.0,9.0,-2.0,1.0,-2.0,-15.0,19.0,-20.0,8.0,-4.0,11.0,-7.0,28.0,-1.0,9.0,20.0,2.0,-2.0,-18.0,1.0,9.0,-4.0,6.0,3.0,-4.0,-6.0,-2.0,-1.0,0.0,-19.0,-28.0,153.0,-111.0,-24.0,-2.0,4.0,-2.0,5.0,7.0,0.0,1.0,0.0,0.0,-1.0,1.0,0.0,-1.0,-2.0,0.0,-2.0,-2.0,2.0,0.0,3.0,-1.0,-3.0,-1.0,-2.0,0.0,1.0,-3.0,1.0,0.0,2.0,2.0,-1.0,-1.0,-1.0,4.0,-1.0,0.0,-1.0,-1.0,3.0,1.0,2.0,-3.0
0.0,2.0,-3.0,1.0,-1.0,1.0,1.0,1.0,2.0,-2.0,-1.0,1.0,1.0,0.0,2.0,4.0,1.0,3.0,-3.0,-1.0,-1.0,0.0,0.0,2.0,-1.0,1.0,2.0,-2.0,0.0,-1.0,-1.0,0.0,2.0,-1.0,-1.0,0.0,2.0,-2.0,-2.0,2.0,0.0,0.0,2.0,-3.0,1.0,-2.0,1.0,-1.0,3.0,0.0,-1.0,-126.0,82.0,13.0,-7.0,1.0,3.0,-4.0,-4.0,2.0,0.0,1.0,-2.0,3.0,-4.0,-3.0,-6.0,-10.0,-1.0,-8.0,-5.0,1.0,-4.0,-4.0,3.0,-8.0,2.0,-3.0,9.0,-3.0,4.0,1.0,-6.0,12.0,3.0,-2.0,-8.0,9.0,-7.0,-4.0,10.0,-10.0,1.0,1.0,4.0,-20.0,12.0,66.0,16.0,-13.0,10.0,15.0,-1.0,-4.0,-1.0,-7.0,9.0,6.0,-4.0,18.0,10.0,1.0,1.0,-1.0,1.0,-20.0,1.0,1.0,3.0,-11.0,7.0,0.0,3.0,7.0,-2.0,-2.0,7.0,-1.0,17.0,-13.0,7.0,-25.0,5.0,-28.0,4.0,10.0,-23.0,-19.0,3.0,-3.0,25.0,15.0,-30.0,4.0,8.0,-5.0,7.0,-2.0,-6.0,-1.0,-3.0,3.0,-15.0,-30.0,140.0,-13.0,-43.0,1.0,0.0,1.0,-1.0,-4.0,-1.0,0.0,0.0,0.0,0.0,-2.0,-2.0,3.0,-1.0,1.0,1.0,1.0,-1.0,-2.0,1.0,1.0,1.0,-2.0,3.0,-1.0,1.0,-2.0,2.0,2.0,-2.0,-1.0,-1.0,4.0,-1.0,-1.0,0.0,-1.0,4.0,-1.0,0.0,-3.0,3.0,-2.0
2.0,-3.0,-1.0,1.0,2.0,-2.0,-1.0,-1.0,-1.0,1.0,2.0,-2.0,-1.0,-1.0,-3.0,1.0,-3.0,1.0,-1.0,0.0,0.0,1.0,2.0,-2.0,1.0,-2.0,-1.0,1.0,0.0,0.0,0.0,2.0,-2.0,0.0,0.0,1.0,-2.0,0.0,0.0,-3.0,3.0,-3.0,-1.0,-1.0,2.0,0.0,2.0,0.0,-1.0,0.0,-7.0,-99.0,77.0,12.0,-8.0,3.0,6.0,-3.0,-3.0,3.0,0.0,-4.0,2.0,9.0,-12.0,-5.0,-1.0,7.0,-2.0,-5.0,7.0,-6.0,2.0,0.0,-4.0,-1.0,-7.0,1.0,10.0,-8.0,6.0,-8.0,7.0,2.0,17.0,-6.0,11.0,8.0,11.0,17.0,-26.0,-14.0,8.0,5.0,-9.0,4.0,-4.0,0.0,-10.0,1.0,-10.0,22.0,-2.0,-18.0,16.0,-5.0,-7.0,3.0,-14.0,8.0,14.0,-23.0,0.0,3.0,6.0,17.0,14.0,-2.0,-8.0,3.0,-5.0,-1.0,0.0,-3.0,-2.0,1.0,-3.0,7.0,2.0,-17.0,-5.0,8.0,3.0,12.0,-11.0,-12.0,3.0,-2.0,-8.0,46.0,-27.0,-5.0,26.0,-1.0,2.0,5.0,2.0,7.0,-5.0,-3.0,-2.0,-2.0,-10.0,-45.0,140.0,-35.0,-22.0,-9.0,1.0,-1.0,-2.0,1.0,2.0,-1.0,0.0,0.0,0.0,-1.0,2.0,-5.0,2.0,3.0,-2.0,-1.0,2.0,1.0,-1.0,-1.0,-1.0,-3.0,2.0,-1.0,1.0,-2.0,-2.0,-1.0,0.0,1.0,0.0,-1.0,0.0,0.0,0.0,0.0,0.0,1.0,-5.0,3.0,-2.0,-1.0
0.0,3.0,-2.0,3.0,-2.0,0.0,0.0,1.0,2.0,-2.0,-1.0,0.0,0.0,0.0,1.0,0.0,2.0,-2.0,0.0,1.0,2.0,-2.0,-1.0,1.0,2.0,0.0,1.0,-3.0,2.0,1.0,2.0,-2.0,1.0,1.0,1.0,2.0,-1.0,0.0,-1.0,4.0,-2.0,0.0,0.0,0.0,-1.0,-2.0,-2.0,3.0,-4.0,2.0,-32.0,-51.0,129.0,-9.0,-4.0,6.0,-2.0,-7.0,3.0,2.0,-6.0,5.0,-7.0,4.0,5.0,15.0,3.0,-1.0,2.0,-1.0,17.0,2.0,11.0,-8.0,3.0,7.0,-5.0,-1.0,-4.0,-2.0,-11.0,-2.0,5.0,-1.0,0.0,-9.0,4.0,11.0,2.0,10.0,-14.0,8.0,-2.0,10.0,0.0,-13.0,-18.0,7.0,-2.0,9.0,-6.0,-4.0,3.0,-11.0,-6.0,5.0,11.0,3.0,-13.0,-1.0,7.0,-1.0,3.0,1.0,0.0,9.0,-4.0,5.0,7.0,2.0,2.0,2.0,5.0,-8.0,2.0,4.0,7.0,4.0,-13.0,38.0,-15.0,-10.0,17.0,-37.0,33.0,-16.0,2.0,14.0,-11.0,-9.0,-4.0,13.0,5.0,-10.0,-4.0,7.0,2.0,-2.0,-1.0,-8.0,-1.0,0.0,-9.0,-25.0,106.0,-82.0,-19.0,-2.0,-1.0,3.0,1.0,-2.0,1.0,-2.0,-1.0,0.0,0.0,-1.0,-3.0,-1.0,-1.0,1.0,2.0,-4.0,1.0,-2.0,2.0,2.0,1.0,0.0,1.0,-1.0,0.0,2.0,3.0,-1.0,1.0,-4.0,2.0,0.0,0.0,0.0,1.0,1.0,-4.0,1.0,-1.0,6.0,-3.0,4.0
3.0,-1.0,0.0,-1.0,0.0,1.0,2.0,-2.0,-1.0,0.0,0.0,0.0,1.0,1.0,-2.0,-2.0,-1.0,1.0,2.0,-2.0,-1.0,1.0,1.0,-2.0,0.0,-4.0,2.0,-1.0,-1.0,-1.0,-1.0,2.0,-2.0,-1.0,-1.0,-1.0,1.0,1.0,1.0,0.0,2.0,-4.0,2.0,0.0,0.0,-2.0,5.0,-2.0,-3.0,2.0,-30.0,-31.0,101.0,4.0,4.0,3.0,-9.0,-1.0,4.0,-1.0,4.0,-1.0,14.0,4.0,-1.0,-5.0,-2.0,7.0,3.0,2.0,3.0,0.0,2.0,-4.0,-11.0,1.0,-1.0,-10.0,8.0,-5.0,2.0,1.0,4.0,1.0,-7.0,-1.0,6.0,-10.0,-3.0,-4.0,4.0,6.0,6.0,4.0,19.0,9.0,-7.0,4.0,9.0,5.0,-3.0,-1.0,8.0,-20.0,-7.0,6.0,-18.0,8.0,11.0,-5.0,-9.0,7.0,-3.0,7.0,3.0,-5.0,1.0,-15.0,-3.0,-2.0,-2.0,1.0,3.0,-6.0,4.0,-12.0,15.0,-20.0,-44.0,14.0,7.0,-9.0,10.0,8.0,-18.0,12.0,15.0,10.0,19.0,33.0,-16.0,-18.0,2.0,8.0,3.0,-6.0,5.0,3.0,1.0,-7.0,2.0,-1.0,-8.0,-25.0,132.0,-34.0,-32.0,-4.0,0.0,-2.0,0.0,2.0,-2.0,1.0,2.0,0.0,-1.0,3.0,2.0,-2.0,1.0,0.0,-1.0,5.0,-2.0,3.0,1.0,-3.0,1.0,-2.0,0.0,-1.0,1.0,-2.0,-1.0,0.0,0.0,2.0,-4.0,1.0,1.0,1.0,-4.0,1.0,1.0,0.0,-1.0,2.0,-1.0,-1.0
1.0,-4.0,2.0,1.0,2.0,-2.0,-1.0,1.0,1.0,1.0,1.0,1.0,-4.0,2.0,-3.0,4.0,0.0,-2.0,-1.0,0.0,1.0,-4.0,2.0,-1.0,0.0,2.0,2.0,-1.0,1.0,0.0,1.0,-2.0,0.0,0.0,0.0,1.0,-2.0,-1.0,-1.0,-1.0,-1.0,-1.0,-2.0,2.0,1.0,-2.0,0.0,-2.0,2.0,-4.0,-12.0,-74.0,26.0,32.0,0.0,8.0,-15.0,6.0,-4.0,0.0,0.0,10.0,1.0,8.0,-1.0,-5.0,-1.0,-11.0,0.0,6.0,0.0,3.0,3.0,-6.0,13.0,-6.0,2.0,7.0,-1.0,15.0,3.0,-6.0,5.0,-11.0,-3.0,8.0,-14.0,-16.0,-16.0,-12.0,-14.0,-5.0,5.0,-2.0,-10.0,2.0,8.0,-9.0,-12.0,-17.0,-14.0,-3.0,22.0,-2.0,42.0,6.0,-7.0,-1.0,-3.0,3.0,-1.0,4.0,6.0,-11.0,-8.0,-5.0,5.0,-28.0,6.0,7.0,3.0,4.0,0.0,9.0,-9.0,-5.0,-17.0,-3.0,17.0,-6.0,-46.0,-19.0,9.0,2.0,16.0,-16.0,-3.0,-2.0,-29.0,18.0,10.0,-7.0,-18.0,3.0,12.0,0.0,7.0,0.0,-5.0,1.0,-1.0,-3.0,-4.0,-25.0,78.0,-40.0,-10.0,2.0,-3.0,-2.0,1.0,1.0,2.0,-2.0,2.0,-6.0,0.0,-1.0,-3.0,-1.0,3.0,-2.0,0.0,-1.0,0.0,-3.0,2.0,-3.0,-1.0,1.0,3.0,-2.0,1.0,-1.0,0.0,-1.0,0.0,0.0,1.0,1.0,-3.0,1.0,2.0,1.0,0.0,1.0,0.0,-1.0,0.0,0.0
1.0,3.0,-3.0,-1.0,-1.0,0.0,1.0,-2.0,-1.0,-1.0,-2.0,2.0,3.0,1.0,3.0,-1.0,2.0,-1.0,1.0,1.0,1.0,2.0,2.0,-1.0,2.0,-2.0,-1.0,2.0,-4.0,2.0,1.0,-1.0,0.0,0.0,1.0,2.0,-2.0,-1.0,0.0,0.0,0.0,-1.0,1.0,-1.0,-3.0,5.0,-1.0,3.0,-1.0,1.0,-1.0,-77.0,33.0,24.0,4.0,10.0,-13.0,-5.0,-3.0,8.0,-1.0,2.0,1.0,-1.0,4.0,11.0,-6.0,12.0,-6.0,0.0,-4.0,3.0,-11.0,-2.0,3.0,14.0,-5.0,0.0,2.0,-10.0,0.0,5.0,0.0,-7.0,3.0,-6.0,0.0,8.0,0.0,1.0,2.0,2.0,-22.0,-24.0,-8.0,0.0,2.0,2.0,0.0,5.0,13.0,10.0,5.0,-15.0,-13.0,4.0,-13.0,3.0,-3.0,-6.0,-4.0,21.0,-20.0,0.0,12.0,-14.0,-12.0,4.0,7.0,-4.0,-12.0,6.0,-5.0,-13.0,-9.0,21.0,-1.0,7.0,13.0,19.0,16.0,18.0,-9.0,6.0,0.0,4.0,-21.0,9.0,7.0,2.0,3.0,14.0,-1.0,1.0,-10.0,2.0,-10.0,11.0,-3.0,-2.0,-4.0,2.0,1.0,-29.0,77.0,-45.0,-16.0,-5.0,4.0,3.0,-5.0,-2.0,1.0,2.0,-1.0,1.0,2.0,-3.0,2.0,-1.0,-1.0,1.0,-2.0,-1.0,-2.0,2.0,0.0,0.0,2.0,-2.0,2.0,-3.0,1.0,-1.0,-1.0,3.0,-1.0,1.0,1.0,2.0,-2.0,2.0,-2.0,-2.0,3.0,-3.0,2.0,1.0,-1.0,0.0
-1.0,-2.0,4.0,0.0,1.0,1.0,2.0,-1.0,0.0,1.0,0.0,1.0,-4.0,1.0,1.0,-2.0,-1.0,1.0,-2.0,-1.0,-1.0,0.0,0.0,2.0,-2.0,0.0,2.0,-3.0,3.0,-3.0,3.0,-1.0,0.0,2.0,-1.0,-2.0,3.0,3.0,-1.0,0.0,0.0,0.0,-4.0,1.0,0.0,-4.0,3.0,-2.0,1.0,-4.0,4.0,-94.0,30.0,34.0,0.0,-6.0,-8.0,12.0,8.0,-4.0,4.0,4.0,1.0,-3.0,1.0,-3.0,-9.0,34.0,24.0,-3.0,0.0,11.0,9.0,3.0,0.0,-2.0,2.0,-8.0,3.0,30.0,-44.0,18.0,-8.0,-10.0,8.0,1.0,-27.0,-12.0,-15.0,-17.0,12.0,-6.0,-1.0,14.0,-9.0,-4.0,1.0,11.0,-30.0,17.0,-8.0,21.0,-6.0,-6.0,-1.0,2.0,2.0,2.0,-7.0,-10.0,-16.0,-18.0,-19.0,-12.0,1.0,-19.0,-21.0,-2.0,7.0,9.0,-9.0,-3.0,-2.0,-6.0,-8.0,2.0,-22.0,13.0,20.0,33.0,-16.0,23.0,-5.0,0.0,5.0,-4.0,-12.0,-9.0,9.0,-26.0,2.0,-15.0,-5.0,-6.0,-5.0,19.0,1.0,-7.0,-4.0,1.0,-5.0,7.0,-2.0,-42.0,121.0,-59.0,-26.0,-1.0,-3.0,-1.0,6.0,-2.0,2.0,1.0,-3.0,4.0,0.0,2.0,1.0,0.0,1.0,3.0,-1.0,1.0,0.0,0.0,0.0,-3.0,-1.0,2.0,0.0,1.0,0.0,-1.0,-1.0,3.0,0.0,-2.0,-2.0,-1.0,-1.0,3.0,-1.0,-1.0,-1.0,0.0,-1.0,-3.0,5.0,-2.0
0.0,0.0,1.0,-2.0,-1.0,0.0,0.0,0.0,2.0,-3.0,3.0,-2.0,0.0,-1.0,-1.0,0.0,0.0,2.0,-1.0,1.0,1.0,-2.0,-1.0,-1.0,1.0,2.0,-2.0,-1.0,4.0,-1.0,0.0,1.0,2.0,-1.0,-3.0,1.0,0.0,-1.0,0.0,0.0,1.0,0.0,2.0,1.0,0.0,-1.0,-1.0,-1.0,1.0,-2.0,-17.0,-65.0,90.0,27.0,1.0,-14.0,6.0,3.0,-7.0,1.0,2.0,6.0,4.0,2.0,3.0,-3.0,6.0,2.0,-10.0,-4.0,-6.0,3.0,9.0,3.0,12.0,-5.0,-11.0,-7.0,-7.0,5.0,17.0,-42.0,45.0,-19.0,13.0,-4.0,10.0,10.0,18.0,4.0,-16.0,-16.0,-21.0,11.0,7.0,-2.0,-2.0,-3.0,-3.0,-5.0,-1.0,22.0,5.0,-3.0,1.0,-4.0,-13.0,7.0,-9.0,-10.0,2.0,-1.0,-9.0,-9.0,4.0,-7.0,-11.0,-5.0,11.0,-13.0,-4.0,2.0,10.0,-5.0,6.0,23.0,10.0,1.0,29.0,-9.0,-1.0,-13.0,9.0,10.0,2.0,15.0,4.0,3.0,4.0,-15.0,-6.0,7.0,45.0,-14.0,-1.0,0.0,1.0,0.0,4.0,2.0,0.0,2.0,1.0,-41.0,112.0,-7.0,-44.0,2.0,-1.0,-3.0,2.0,-5.0,-1.0,2.0,2.0,-2.0,-3.0,0.0,-1.0,-2.0,0.0,-4.0,3.0,-3.0,3.0,-3.0,-3.0,4.0,1.0,0.0,-1.0,-1.0,-1.0,-2.0,0.0,-1.0,2.0,-2.0,4.0,-1.0,0.0,-1.0,-1.0,4.0,-1.0,0.0,0.0,-1.0,0.0,0.0
0.0,1.0,-2.0,0.0,1.0,-3.0,-2.0,3.0,-2.0,0.0,-1.0,0.0,0.0,0.0,0.0,1.0,2.0,-2.0,2.0,-3.0,3.0,-1.0,0.0,2.0,-2.0,-1.0,0.0,1.0,-4.0,3.0,-2.0,-1.0,-1.0,1.0,-2.0,3.0,-3.0,2.0,1.0,2.0,-2.0,-2.0,-1.0,-2.0,2.0,-1.0,-2.0,4.0,-2.0,0.0,-22.0,-26.0,40.0,36.0,7.0,-21.0,7.0,5.0,8.0,-5.0,2.0,1.0,1.0,0.0,-5.0,1.0,15.0,-6.0,-4.0,-1.0,-3.0,-3.0,1.0,9.0,2.0,1.0,9.0,4.0,1.0,0.0,8.0,7.0,-19.0,9.0,-21.0,-2.0,-13.0,-10.0,16.0,7.0,-12.0,-1.0,11.0,8.0,0.0,10.0,-17.0,-9.0,15.0,2.0,-6.0,-4.0,6.0,-5.0,-2.0,-6.0,-11.0,6.0,-11.0,-7.0,8.0,5.0,1.0,3.0,-13.0,-11.0,3.0,5.0,-18.0,0.0,2.0,-10.0,2.0,4.0,10.0,-1.0,16.0,5.0,-16.0,-15.0,3.0,-10.0,-10.0,-5.0,9.0,-3.0,-7.0,11.0,16.0,21.0,-3.0,2.0,-27.0,-17.0,-1.0,-2.0,-10.0,-7.0,-1.0,0.0,3.0,0.0,-1.0,-38.0,110.0,-10.0,-30.0,1.0,1.0,-5.0,1.0,0.0,0.0,-1.0,2.0,2.0,3.0,-5.0,1.0,-2.0,1.0,-1.0,-1.0,0.0,-1.0,4.0,-1.0,1.0,-1.0,-1.0,3.0,1.0,1.0,1.0,-1.0,2.0,-2.0,0.0,-1.0,0.0,0.0,0.0,0.0,-1.0,0.0,0.0,0.0,-1.0,1.0,0.0
0.0,2.0,-1.0,0.0,1.0,3.0,-1.0,-1.0,0.0,0.0,0.0,0.0,0.0,0.0,2.0,-2.0,-1.0,2.0,-2.0,0.0,-1.0,0.0,2.0,-2.0,0.0,0.0,0.0,2.0,-1.0,-1.0,0.0,0.0,0.0,1.0,-2.0,-1.0,0.0,-1.0,-1.0,0.0,1.0,0.0,0.0,0.0,-2.0,-1.0,3.0,-4.0,2.0,-3.0,-9.0,-35.0,-26.0,75.0,-1.0,-15.0,-4.0,-6.0,3.0,5.0,0.0,-2.0,-1.0,-2.0,1.0,-4.0,-17.0,21.0,-12.0,2.0,-6.0,-5.0,3.0,-3.0,5.0,7.0,0.0,2.0,4.0,7.0,-11.0,-3.0,7.0,-12.0,4.0,3.0,-3.0,4.0,-12.0,-12.0,8.0,15.0,7.0,-7.0,5.0,4.0,2.0,-2.0,-21.0,-1.0,-3.0,-5.0,-7.0,20.0,-14.0,14.0,-6.0,17.0,16.0,1.0,1.0,0.0,3.0,19.0,18.0,15.0,9.0,-3.0,21.0,14.0,8.0,14.0,-2.0,2.0,-20.0,-12.0,-24.0,-18.0,-8.0,10.0,5.0,-4.0,1.0,5.0,1.0,-33.0,-32.0,20.0,-12.0,-4.0,31.0,8.0,5.0,24.0,20.0,2.0,-5.0,-4.0,-12.0,4.0,-1.0,0.0,1.0,-25.0,106.0,-71.0,-6.0,-21.0,-22.0,-47.0,-33.0,-11.0,1.0,-2.0,0.0,5.0,-2.0,2.0,-1.0,3.0,1.0,-1.0,1.0,2.0,-4.0,2.0,-3.0,0.0,3.0,-1.0,-2.0,1.0,0.0,0.0,0.0,-3.0,-1.0,0.0,0.0,0.0,0.0,0.0,0.0,0.0,0.0,-1.0,0.0,-1.0,1.0,-1.0
3.0,-2.0,0.0,1.0,-2.0,-1.0,0.0,0.0,0.0,0.0,1.0,1.0,0.0,2.0,-2.0,0.0,1.0,-2.0,0.0,0.0,1.0,1.0,-2.0,0.0,0.0,0.0,1.0,-2.0,1.0,0.0,1.0,0.0,1.0,1.0,3.0,-1.0,1.0,0.0,1.0,-3.0,-1.0,-3.0,1.0,0.0,-1.0,-1.0,2.0,0.0,-6.0,-32.0,-74.0,-117.0,-38.0,63.0,-3.0,-9.0,13.0,7.0,-3.0,-3.0,4.0,-7.0,-2.0,-9.0,-6.0,-3.0,-3.0,-11.0,5.0,3.0,2.0,-3.0,-5.0,-1.0,17.0,11.0,13.0,-2.0,-1.0,-10.0,25.0,8.0,8.0,11.0,7.0,-3.0,10.0,-1.0,11.0,7.0,-7.0,-11.0,3.0,7.0,-6.0,1.0,-11.0,14.0,-15.0,-14.0,9.0,1.0,0.0,-9.0,6.0,3.0,5.0,1.0,13.0,4.0,20.0,-2.0,3.0,-1.0,-2.0,-6.0,-6.0,7.0,16.0,-8.0,10.0,-1.0,8.0,-2.0,-4.0,-3.0,24.0,9.0,16.0,12.0,-2.0,6.0,-4.0,8.0,0.0,7.0,18.0,-8.0,6.0,-22.0,-7.0,-2.0,-9.0,6.0,-10.0,-10.0,9.0,1.0,4.0,-15.0,12.0,6.0,0.0,-1.0,26.0,-45.0,-34.0,-80.0,-63.0,-8.0,-30.0,-99.0,-29.0,-4.0,1.0,-1.0,-1.0,-3.0,2.0,0.0,-2.0,1.0,-3.0,-3.0,4.0,-2.0,0.0,-1.0,3.0,-2.0,-2.0,0.0,0.0,0.0,-2.0,1.0,2.0,-2.0,0.0,0.0,0.0,0.0,0.0,0.0,-1.0,4.0,-1.0,-1.0,0.0,5.0
-1.0,0.0,1.0,2.0,-1.0,1.0,1.0,1.0,1.0,2.0,-2.0,-2.0,3.0,-2.0,0.0,0.0,1.0,-1.0,-1.0,1.0,-3.0,3.0,-1.0,0.0,1.0,1.0,2.0,0.0,-3.0,3.0,-3.0,3.0,-2.0,-1.0,-1.0,2.0,-3.0,1.0,1.0,3.0,-1.0,-2.0,2.0,1.0,-1.0,0.0,-3.0,-2.0,-118.0,-53.0,48.0,-63.0,-127.0,68.0,-9.0,-9.0,3.0,3.0,1.0,3.0,1.0,-7.0,8.0,3.0,2.0,4.0,-3.0,-4.0,-1.0,0.0,3.0,6.0,11.0,-3.0,1.0,-11.0,15.0,10.0,5.0,1.0,0.0,-1.0,5.0,-11.0,6.0,-5.0,4.0,8.0,-1.0,10.0,3.0,0.0,-8.0,-4.0,-4.0,14.0,-9.0,1.0,-17.0,-2.0,-5.0,-4.0,15.0,-24.0,8.0,-5.0,5.0,-1.0,-6.0,-14.0,4.0,13.0,4.0,5.0,9.0,7.0,6.0,4.0,5.0,4.0,-5.0,-15.0,1.0,17.0,12.0,14.0,9.0,-3.0,-6.0,-9.0,-3.0,0.0,0.0,0.0,-2.0,10.0,-3.0,-6.0,-1.0,6.0,-8.0,11.0,-1.0,-2.0,2.0,-5.0,-9.0,3.0,0.0,-25.0,5.0,3.0,-1.0,14.0,23.0,-106.0,-155.0,66.0,142.0,85.0,110.0,138.0,-90.0,-41.0,-2.0,4.0,-6.0,6.0,-2.0,-2.0,0.0,1.0,2.0,3.0,-3.0,1.0,2.0,-2.0,-3.0,2.0,-1.0,4.0,-2.0,-1.0,2.0,-1.0,0.0,3.0,-1.0,0.0,0.0,0.0,0.0,0.0,1.0,-1.0,0.0,-1.0,2.0,-4.0
0.0,2.0,-2.0,-1.0,1.0,-2.0,-1.0,-1.0,-1.0,-1.0,1.0,0.0,-1.0,0.0,0.0,0.0,2.0,-2.0,4.0,1.0,-1.0,-1.0,0.0,2.0,-2.0,-1.0,-1.0,1.0,-1.0,-1.0,0.0,-1.0,0.0,0.0,2.0,-2.0,0.0,3.0,-2.0,-1.0,0.0,-1.0,-1.0,-1.0,0.0,0.0,-6.0,-122.0,71.0,132.0,80.0,123.0,107.0,-35.0,2.0,-8.0,11.0,-2.0,4.0,5.0,-3.0,-9.0,0.0,-1.0,1.0,0.0,-1.0,1.0,-4.0,0.0,-4.0,-3.0,-10.0,-8.0,6.0,5.0,-7.0,-2.0,22.0,13.0,15.0,20.0,1.0,-2.0,-4.0,4.0,-9.0,0.0,-3.0,14.0,2.0,-2.0,7.0,-3.0,10.0,1.0,4.0,16.0,2.0,-5.0,-14.0,5.0,-26.0,4.0,-11.0,-9.0,1.0,6.0,-7.0,3.0,11.0,-7.0,-14.0,10.0,-2.0,7.0,-2.0,-2.0,5.0,9.0,16.0,14.0,-3.0,2.0,0.0,-11.0,-1.0,-10.0,-7.0,-8.0,-11.0,-5.0,-5.0,-7.0,-13.0,0.0,-13.0,-6.0,-14.0,11.0,-4.0,3.0,3.0,-17.0,-7.0,16.0,6.0,-5.0,-2.0,-10.0,14.0,8.0,-1.0,1.0,-1.0,-178.0,173.0,75.0,13.0,28.0,15.0,14.0,107.0,-66.0,-15.0,-1.0,3.0,-4.0,1.0,-1.0,1.0,-3.0,-1.0,-2.0,6.0,-3.0,-1.0,0.0,1.0,-1.0,4.0,-3.0,4.0,-3.0,1.0,-1.0,1.0,-2.0,0.0,0.0,0.0,0.0,0.0,2.0,-4.0,1.0,0.0,-1.0,2.0,-2.0
3.0,-2.0,0.0,1.0,2.0,-1.0,0.0,1.0,1.0,2.0,-3.0,1.0,0.0,0.0,0.0,2.0,-2.0,0.0,0.0,-2.0,0.0,1.0,2.0,-2.0,0.0,0.0,0.0,1.0,-2.0,0.0,0.0,0.0,0.0,2.0,-3.0,1.0,-4.0,0.0,1.0,1.0,0.0,0.0,2.0,-4.0,2.0,-1.0,-49.0,-13.0,113.0,8.0,5.0,-8.0,66.0,-47.0,1.0,1.0,-2.0,0.0,-5.0,0.0,-10.0,12.0,4.0,8.0,4.0,0.0,0.0,1.0,-1.0,-4.0,-1.0,2.0,-16.0,-4.0,-2.0,-15.0,-17.0,-8.0,-15.0,-8.0,-1.0,-16.0,12.0,15.0,13.0,4.0,5.0,1.0,4.0,-6.0,-1.0,7.0,19.0,14.0,4.0,-3.0,7.0,-7.0,-1.0,5.0,20.0,-19.0,15.0,3.0,4.0,-12.0,-2.0,-6.0,-34.0,-1.0,4.0,1.0,-1.0,3.0,-13.0,-8.0,2.0,8.0,4.0,-1.0,-7.0,-2.0,-9.0,-25.0,-18.0,-38.0,-49.0,-35.0,-51.0,-32.0,-44.0,-31.0,-51.0,-53.0,-37.0,-44.0,-38.0,-9.0,-10.0,-7.0,-8.0,-19.0,-1.0,1.0,6.0,2.0,-5.0,9.0,-1.0,-10.0,13.0,4.0,1.0,-8.0,-72.0,195.0,29.0,12.0,24.0,22.0,-33.0,-97.0,8.0,26.0,-55.0,5.0,-1.0,-1.0,1.0,-1.0,1.0,3.0,-1.0,1.0,-3.0,0.0,1.0,1.0,-1.0,0.0,-1.0,0.0,-3.0,2.0,0.0,0.0,2.0,-1.0,0.0,0.0,0.0,0.0,1.0,-4.0,2.0,0.0,0.0,-1.0,3.0,-2.0
-2.0,0.0,2.0,-3.0,-1.0,-1.0,1.0,-3.0,-1.0,-1.0,-1.0,1.0,0.0,0.0,2.0,-1.0,0.0,1.0,2.0,0.0,2.0,-2.0,-1.0,0.0,0.0,0.0,1.0,0.0,3.0,0.0,0.0,0.0,1.0,-3.0,4.0,-1.0,1.0,1.0,-3.0,-3.0,2.0,-3.0,-1.0,-1.0,-2.0,1.0,-80.0,85.0,25.0,11.0,11.0,1.0,44.0,-32.0,-5.0,-8.0,3.0,-1.0,-3.0,-3.0,-1.0,21.0,-8.0,4.0,-3.0,-7.0,1.0,4.0,-10.0,-10.0,-2.0,-16.0,-11.0,-28.0,-21.0,-32.0,-26.0,-25.0,-12.0,-15.0,-11.0,6.0,-5.0,-7.0,0.0,-2.0,0.0,-5.0,9.0,1.0,-4.0,-1.0,4.0,8.0,3.0,8.0,5.0,3.0,-13.0,-15.0,5.0,12.0,-9.0,-12.0,19.0,3.0,-2.0,-2.0,11.0,2.0,-10.0,3.0,4.0,0.0,-17.0,-1.0,14.0,-9.0,-9.0,-10.0,-6.0,-21.0,-17.0,-19.0,-28.0,-11.0,31.0,39.0,55.0,31.0,24.0,61.0,63.0,67.0,59.0,67.0,32.0,2.0,-10.0,-15.0,-66.0,-30.0,-11.0,-11.0,-10.0,12.0,10.0,-4.0,-3.0,1.0,9.0,-3.0,1.0,-21.0,-38.0,94.0,22.0,11.0,-3.0,-45.0,-131.0,110.0,144.0,-6.0,-62.0,0.0,0.0,2.0,3.0,1.0,-3.0,-1.0,-1.0,0.0,-1.0,2.0,-3.0,4.0,-2.0,-1.0,0.0,-1.0,2.0,-1.0,1.0,-4.0,-1.0,0.0,1.0,0.0,0.0,0.0,0.0,2.0,0.0,0.0,0.0,0.0,-1.0,0.0
4.0,0.0,-3.0,4.0,-2.0,4.0,-1.0,2.0,-1.0,0.0,-1.0,2.0,1.0,2.0,0.0,-3.0,3.0,-2.0,1.0,-2.0,-1.0,0.0,0.0,1.0,0.0,2.0,-3.0,3.0,-1.0,-4.0,2.0,1.0,2.0,-1.0,-1.0,0.0,1.0,0.0,2.0,2.0,2.0,-2.0,0.0,-1.0,0.0,-2.0,-62.0,18.0,80.0,-62.0,13.0,9.0,39.0,-34.0,4.0,-1.0,-2.0,0.0,-4.0,4.0,-2.0,-3.0,-1.0,-1.0,-12.0,-9.0,-6.0,-5.0,-17.0,-48.0,-22.0,-26.0,-16.0,2.0,3.0,2.0,6.0,-9.0,-33.0,-34.0,-31.0,-25.0,-14.0,-15.0,-6.0,-3.0,-4.0,-3.0,1.0,4.0,-4.0,-4.0,-5.0,2.0,1.0,3.0,-1.0,0.0,-15.0,-17.0,4.0,-3.0,8.0,17.0,0.0,-7.0,-5.0,-12.0,3.0,3.0,7.0,-5.0,-3.0,7.0,13.0,4.0,8.0,-26.0,-4.0,-12.0,-17.0,-17.0,-23.0,-6.0,41.0,74.0,22.0,13.0,13.0,35.0,37.0,20.0,-6.0,5.0,-11.0,2.0,17.0,44.0,58.0,84.0,83.0,-21.0,-25.0,-26.0,-16.0,21.0,-3.0,-19.0,-6.0,14.0,1.0,-6.0,10.0,-24.0,-57.0,83.0,24.0,1.0,-38.0,-121.0,68.0,76.0,60.0,-6.0,-66.0,-2.0,-3.0,-1.0,-2.0,-1.0,4.0,-1.0,4.0,4.0,-1.0,-2.0,0.0,2.0,-5.0,3.0,-1.0,-2.0,0.0,4.0,-1.0,1.0,-1.0,2.0,-4.0,1.0,0.0,0.0,2.0,-4.0,1.0,1.0,0.0,1.0,0.0,0.0
-1.0,1.0,-1.0,-2.0,0.0,-1.0,0.0,1.0,0.0,0.0,1.0,0.0,0.0,1.0,-2.0,0.0,0.0,1.0,-2.0,0.0,0.0,0.0,2.0,-4.0,3.0,-2.0,0.0,-1.0,1.0,3.0,-2.0,-1.0,-1.0,0.0,0.0,2.0,-4.0,3.0,-2.0,-1.0,-1.0,-1.0,1.0,-1.0,1.0,0.0,-12.0,-179.0,187.0,54.0,-68.0,18.0,40.0,-36.0,-3.0,5.0,0.0,-5.0,-1.0,-1.0,1.0,1.0,1.0,-7.0,-5.0,-1.0,-17.0,-45.0,1.0,64.0,48.0,62.0,47.0,28.0,36.0,24.0,21.0,39.0,53.0,38.0,4.0,-8.0,-30.0,-21.0,-24.0,-10.0,0.0,5.0,5.0,-1.0,-13.0,6.0,3.0,5.0,0.0,8.0,-17.0,-2.0,7.0,10.0,8.0,9.0,-3.0,-7.0,-2.0,30.0,14.0,13.0,5.0,4.0,12.0,-8.0,-3.0,3.0,2.0,-4.0,8.0,-9.0,-9.0,-17.0,3.0,-14.0,59.0,38.0,28.0,-22.0,-41.0,-18.0,-24.0,-63.0,-41.0,-7.0,6.0,-10.0,-1.0,-40.0,-17.0,-32.0,-16.0,-40.0,15.0,135.0,-14.0,-29.0,-14.0,-15.0,0.0,14.0,-10.0,5.0,7.0,-13.0,12.0,-10.0,-66.0,74.0,14.0,-28.0,-125.0,56.0,34.0,49.0,55.0,-37.0,-50.0,0.0,1.0,-2.0,4.0,-2.0,3.0,-2.0,-3.0,2.0,1.0,-1.0,1.0,-2.0,3.0,0.0,-4.0,2.0,0.0,-1.0,0.0,0.0,0.0,-3.0,3.0,1.0,0.0,2.0,-3.0,3.0,2.0,-3.0,2.0,-4.0,2.0,0.0
0.0,1.0,-2.0,4.0,-1.0,1.0,1.0,3.0,-5.0,2.0,-2.0,-1.0,-1.0,-1.0,0.0,1.0,-3.0,3.0,-1.0,0.0,1.0,2.0,-3.0,4.0,-2.0,0.0,0.0,2.0,-2.0,-1.0,0.0,1.0,0.0,0.0,1.0,-4.0,4.0,-2.0,0.0,0.0,0.0,0.0,-4.0,1.0,-4.0,1.0,-1.0,-137.0,73.0,70.0,-3.0,-34.0,39.0,-28.0,1.0,-2.0,5.0,-5.0,4.0,-5.0,-3.0,3.0,6.0,-5.0,-16.0,-48.0,40.0,68.0,49.0,9.0,-17.0,-11.0,-15.0,-11.0,-16.0,0.0,-7.0,-7.0,-1.0,18.0,36.0,30.0,41.0,5.0,0.0,-17.0,-21.0,-16.0,-7.0,8.0,6.0,1.0,1.0,-11.0,0.0,1.0,12.0,13.0,18.0,6.0,-3.0,0.0,-2.0,16.0,8.0,9.0,10.0,2.0,15.0,0.0,0.0,5.0,5.0,-1.0,-6.0,-5.0,-4.0,0.0,-4.0,2.0,-27.0,64.0,2.0,-1.0,3.0,-13.0,7.0,-19.0,25.0,58.0,59.0,20.0,23.0,17.0,12.0,3.0,8.0,10.0,-12.0,-31.0,-58.0,-4.0,110.0,-2.0,-38.0,-7.0,5.0,1.0,-8.0,0.0,3.0,7.0,10.0,0.0,-70.0,76.0,-19.0,-90.0,39.0,53.0,-15.0,66.0,71.0,-57.0,-33.0,3.0,-1.0,-2.0,-2.0,0.0,-3.0,2.0,1.0,1.0,-2.0,1.0,2.0,0.0,-1.0,-3.0,4.0,-1.0,0.0,-1.0,0.0,-1.0,0.0,-2.0,-2.0,-3.0,3.0,-2.0,-1.0,-2.0,-2.0,-1.0,2.0,3.0,-3.0,2.0
0.0,2.0,-1.0,-1.0,1.0,-3.0,-1.0,-1.0,2.0,1.0,-2.0,0.0,0.0,0.0,1.0,2.0,-1.0,-1.0,1.0,1.0,-2.0,0.0,0.0,-1.0,0.0,0.0,2.0,-1.0,0.0,0.0,2.0,-3.0,2.0,1.0,0.0,3.0,-2.0,0.0,0.0,1.0,1.0,-1.0,2.0,-1.0,1.0,1.0,0.0,-114.0,73.0,14.0,60.0,-24.0,10.0,-26.0,1.0,3.0,3.0,1.0,2.0,-6.0,0.0,2.0,-3.0,-18.0,-28.0,60.0,34.0,-17.0,-18.0,-10.0,-4.0,-9.0,11.0,-9.0,-3.0,-3.0,-8.0,-14.0,-10.0,3.0,5.0,5.0,8.0,29.0,9.0,0.0,-11.0,7.0,1.0,-19.0,1.0,-8.0,3.0,11.0,-17.0,0.0,-2.0,-5.0,9.0,12.0,-1.0,-15.0,4.0,-19.0,6.0,-7.0,-3.0,0.0,5.0,11.0,-5.0,-1.0,6.0,8.0,-2.0,5.0,3.0,-1.0,5.0,-32.0,55.0,-8.0,-3.0,-11.0,8.0,1.0,-14.0,20.0,-46.0,-102.0,-146.0,-23.0,-35.0,0.0,5.0,12.0,30.0,13.0,45.0,12.0,-2.0,-35.0,11.0,100.0,-36.0,-29.0,12.0,-5.0,-9.0,0.0,-3.0,-7.0,6.0,4.0,-49.0,60.0,-49.0,-29.0,86.0,-17.0,-4.0,46.0,30.0,-73.0,-20.0,-1.0,-1.0,1.0,3.0,-3.0,2.0,0.0,0.0,-1.0,2.0,-2.0,-1.0,1.0,0.0,-1.0,1.0,-2.0,-2.0,3.0,-2.0,4.0,-2.0,2.0,1.0,2.0,-2.0,-2.0,2.0,1.0,2.0,-1.0,-1.0,-1.0,-1.0,3.0
2.0,-2.0,0.0,1.0,1.0,2.0,-1.0,2.0,-3.0,2.0,3.0,-1.0,0.0,2.0,-2.0,-1.0,0.0,1.0,-3.0,3.0,0.0,-3.0,2.0,1.0,1.0,2.0,0.0,-3.0,2.0,2.0,-1.0,1.0,-1.0,-2.0,3.0,-2.0,0.0,0.0,2.0,-2.0,-2.0,1.0,-3.0,1.0,1.0,-2.0,-3.0,-101.0,68.0,8.0,60.0,-18.0,17.0,-23.0,6.0,2.0,-1.0,-2.0,2.0,-3.0,-5.0,-10.0,-19.0,-22.0,92.0,-7.0,-16.0,-2.0,-5.0,3.0,0.0,-6.0,1.0,2.0,-3.0,1.0,3.0,1.0,1.0,-18.0,4.0,7.0,-9.0,1.0,30.0,13.0,-4.0,-5.0,5.0,4.0,4.0,5.0,-3.0,2.0,-2.0,1.0,2.0,6.0,4.0,-13.0,-3.0,-3.0,1.0,-5.0,-15.0,-15.0,-21.0,-4.0,-2.0,-18.0,3.0,5.0,-3.0,-17.0,18.0,3.0,12.0,-8.0,-38.0,49.0,-11.0,-20.0,17.0,-18.0,-5.0,8.0,-14.0,-4.0,0.0,37.0,64.0,-28.0,-23.0,-23.0,-62.0,-96.0,-43.0,-32.0,-66.0,-12.0,45.0,-13.0,-54.0,81.0,66.0,-64.0,4.0,5.0,0.0,2.0,-2.0,-4.0,6.0,4.0,-34.0,51.0,-46.0,-13.0,71.0,-44.0,52.0,28.0,65.0,-102.0,-4.0,0.0,-1.0,2.0,-4.0,1.0,0.0,0.0,-3.0,2.0,-3.0,1.0,1.0,2.0,1.0,1.0,-2.0,1.0,1.0,2.0,-2.0,-2.0,-1.0,-3.0,2.0,2.0,-3.0,3.0,1.0,0.0,1.0,-1.0,-1.0,0.0,0.0,-1.0
3.0,0.0,2.0,-2.0,-2.0,3.0,0.0,-2.0,0.0,-1.0,-1.0,1.0,1.0,-2.0,1.0,1.0,1.0,2.0,-1.0,0.0,1.0,-1.0,-1.0,-1.0,-1.0,1.0,-2.0,0.0,-1.0,0.0,-2.0,-3.0,2.0,0.0,-1.0,0.0,1.0,2.0,-3.0,0.0,-1.0,2.0,-1.0,-3.0,3.0,0.0,1.0,-92.0,39.0,9.0,75.0,-37.0,20.0,-25.0,4.0,3.0,5.0,-3.0,-5.0,-1.0,-30.0,-14.0,-11.0,81.0,-18.0,-10.0,-7.0,6.0,0.0,0.0,1.0,-3.0,13.0,3.0,9.0,21.0,9.0,22.0,6.0,-5.0,1.0,-7.0,8.0,-2.0,-14.0,25.0,24.0,-21.0,-16.0,3.0,5.0,0.0,1.0,3.0,-5.0,9.0,-6.0,5.0,9.0,-15.0,-4.0,-4.0,-17.0,-1.0,3.0,5.0,8.0,1.0,-20.0,-5.0,6.0,-11.0,-2.0,5.0,16.0,16.0,-9.0,-33.0,67.0,-1.0,-1.0,4.0,7.0,59.0,88.0,27.0,43.0,39.0,51.0,-20.0,127.0,49.0,47.0,39.0,78.0,118.0,57.0,23.0,-97.0,-112.0,-18.0,11.0,-23.0,-41.0,70.0,17.0,-31.0,15.0,5.0,7.0,16.0,1.0,2.0,-2.0,-27.0,69.0,-93.0,-2.0,61.0,-1.0,43.0,34.0,2.0,-75.0,0.0,0.0,0.0,-5.0,1.0,2.0,-2.0,-3.0,5.0,1.0,4.0,-4.0,-1.0,0.0,-1.0,-2.0,2.0,-1.0,1.0,-3.0,3.0,2.0,3.0,-3.0,-1.0,-2.0,3.0,-3.0,-2.0,2.0,2.0,-2.0,4.0,-1.0,0.0,-1.0
2.0,-2.0,-1.0,1.0,1.0,-1.0,2.0,0.0,0.0,0.0,2.0,-4.0,3.0,0.0,-2.0,-1.0,-1.0,-1.0,2.0,-3.0,3.0,-1.0,1.0,0.0,2.0,-2.0,0.0,0.0,0.0,1.0,-2.0,4.0,-3.0,2.0,1.0,2.0,-2.0,-2.0,4.0,0.0,1.0,-2.0,0.0,0.0,1.0,-1.0,0.0,-83.0,11.0,32.0,67.0,-25.0,29.0,-41.0,9.0,2.0,-1.0,2.0,4.0,10.0,-26.0,10.0,62.0,19.0,-28.0,5.0,9.0,-3.0,5.0,1.0,4.0,6.0,-35.0,-56.0,-47.0,-64.0,-59.0,-76.0,-16.0,-22.0,-16.0,-21.0,-13.0,7.0,-12.0,-15.0,15.0,21.0,16.0,-15.0,-7.0,1.0,-3.0,-2.0,-2.0,5.0,-2.0,0.0,1.0,6.0,4.0,-1.0,8.0,4.0,10.0,-3.0,-15.0,-20.0,-6.0,0.0,15.0,19.0,-18.0,-6.0,-3.0,-34.0,12.0,33.0,-43.0,-22.0,10.0,51.0,68.0,-14.0,-73.0,-89.0,51.0,-6.0,60.0,-72.0,-229.0,94.0,-16.0,104.0,91.0,-54.0,16.0,131.0,153.0,25.0,-83.0,-58.0,-30.0,4.0,-46.0,12.0,-14.0,-4.0,1.0,-4.0,-3.0,-4.0,1.0,6.0,-21.0,40.0,-101.0,0.0,60.0,-14.0,54.0,18.0,-32.0,-46.0,1.0,0.0,-2.0,4.0,-4.0,4.0,-1.0,0.0,-3.0,0.0,0.0,3.0,0.0,1.0,0.0,1.0,0.0,-2.0,1.0,-2.0,-2.0,-1.0,-2.0,2.0,-2.0,-2.0,1.0,3.0,-1.0,-1.0,-1.0,0.0,-2.0,0.0,-1.0,3.0
-2.0,0.0,1.0,-2.0,-2.0,3.0,0.0,-4.0,2.0,2.0,-3.0,4.0,-2.0,2.0,-2.0,0.0,0.0,2.0,-2.0,0.0,-1.0,1.0,-4.0,2.0,-3.0,0.0,0.0,0.0,1.0,2.0,-1.0,-2.0,-1.0,-1.0,-1.0,-1.0,0.0,0.0,1.0,-3.0,-3.0,1.0,2.0,-3.0,0.0,-3.0,1.0,-62.0,-24.0,42.0,73.0,-24.0,32.0,-36.0,5.0,2.0,3.0,1.0,6.0,2.0,-34.0,35.0,22.0,-49.0,1.0,8.0,-3.0,4.0,2.0,-3.0,-13.0,-18.0,-11.0,-14.0,6.0,-19.0,123.0,6.0,12.0,2.0,8.0,50.0,61.0,36.0,8.0,2.0,-16.0,5.0,3.0,-3.0,-7.0,-1.0,-7.0,-6.0,8.0,-5.0,1.0,-7.0,-8.0,-5.0,1.0,-6.0,-9.0,-10.0,3.0,-2.0,8.0,-4.0,-16.0,7.0,13.0,7.0,11.0,-13.0,-23.0,26.0,-81.0,-6.0,68.0,81.0,50.0,47.0,-42.0,-29.0,-93.0,-34.0,81.0,-12.0,20.0,98.0,-250.0,106.0,53.0,-217.0,-43.0,-89.0,-44.0,-83.0,12.0,116.0,81.0,-20.0,13.0,6.0,3.0,-17.0,1.0,0.0,-3.0,2.0,2.0,4.0,1.0,3.0,-12.0,22.0,-62.0,-2.0,67.0,-5.0,59.0,70.0,-73.0,-29.0,-2.0,1.0,-2.0,1.0,0.0,1.0,0.0,0.0,-1.0,3.0,-1.0,1.0,-3.0,3.0,3.0,-2.0,-2.0,2.0,-2.0,1.0,3.0,-1.0,-1.0,0.0,1.0,1.0,2.0,-2.0,0.0,0.0,0.0,-1.0,4.0,-1.0,-2.0,2.0
4.0,-1.0,1.0,-1.0,0.0,1.0,-4.0,3.0,-3.0,-1.0,0.0,0.0,1.0,-3.0,4.0,0.0,2.0,-2.0,1.0,1.0,0.0,0.0,1.0,0.0,2.0,-1.0,0.0,2.0,-2.0,-1.0,-1.0,3.0,3.0,-1.0,0.0,0.0,0.0,2.0,-3.0,3.0,2.0,-4.0,-1.0,-1.0,2.0,-2.0,1.0,-44.0,-49.0,57.0,61.0,-12.0,35.0,-78.0,24.0,0.0,-1.0,-1.0,2.0,-2.0,-9.0,11.0,-16.0,-11.0,-25.0,0.0,-2.0,-7.0,-21.0,-18.0,13.0,16.0,32.0,46.0,49.0,119.0,-300.0,105.0,20.0,25.0,73.0,-21.0,-38.0,6.0,57.0,49.0,26.0,37.0,21.0,-38.0,14.0,-14.0,5.0,0.0,23.0,3.0,3.0,5.0,4.0,-4.0,7.0,3.0,-8.0,-2.0,-2.0,-6.0,6.0,-9.0,-19.0,-5.0,12.0,13.0,39.0,-24.0,-35.0,-8.0,31.0,39.0,-123.0,-70.0,-3.0,-135.0,-53.0,-69.0,-60.0,-46.0,104.0,15.0,16.0,-30.0,104.0,18.0,20.0,-24.0,135.0,-17.0,-58.0,-99.0,-143.0,64.0,98.0,83.0,-15.0,-7.0,33.0,-7.0,-2.0,-9.0,5.0,3.0,-2.0,4.0,-6.0,6.0,-11.0,13.0,-62.0,-46.0,72.0,16.0,60.0,19.0,-90.0,-7.0,-2.0,2.0,-4.0,1.0,-1.0,0.0,2.0,2.0,1.0,0.0,-2.0,0.0,1.0,2.0,-3.0,2.0,0.0,-1.0,2.0,0.0,-3.0,0.0,-1.0,0.0,0.0,2.0,-3.0,0.0,0.0,0.0,1.0,0.0,-1.0,-1.0,3.0,1.0
-1.0,0.0,1.0,-1.0,1.0,-3.0,3.0,1.0,3.0,-1.0,1.0,-4.0,3.0,-1.0,0.0,-2.0,-1.0,1.0,-2.0,-2.0,2.0,1.0,1.0,0.0,2.0,0.0,2.0,-2.0,0.0,1.0,0.0,-1.0,0.0,1.0,0.0,0.0,2.0,-3.0,0.0,-2.0,2.0,2.0,-1.0,0.0,-2.0,0.0,-2.0,-33.0,-70.0,73.0,66.0,-11.0,54.0,-78.0,22.0,6.0,2.0,-1.0,-4.0,-1.0,6.0,3.0,22.0,32.0,-55.0,-33.0,-39.0,-34.0,44.0,54.0,11.0,107.0,30.0,-12.0,-1.0,42.0,6.0,26.0,-3.0,8.0,91.0,-100.0,-53.0,-105.0,-46.0,-60.0,1.0,-112.0,-14.0,42.0,-17.0,-41.0,-5.0,13.0,12.0,-13.0,5.0,-5.0,6.0,7.0,11.0,-7.0,-4.0,1.0,11.0,14.0,-2.0,14.0,-5.0,-4.0,9.0,-12.0,32.0,-1.0,-30.0,32.0,30.0,67.0,80.0,33.0,-50.0,25.0,62.0,-31.0,-126.0,-144.0,67.0,53.0,19.0,-16.0,-6.0,3.0,24.0,84.0,115.0,-106.0,-102.0,-128.0,76.0,107.0,-45.0,-17.0,64.0,28.0,-5.0,-12.0,-9.0,-10.0,-3.0,7.0,6.0,4.0,-8.0,7.0,-36.0,49.0,-15.0,-97.0,72.0,40.0,29.0,46.0,-98.0,2.0,-1.0,-4.0,6.0,-2.0,-1.0,0.0,3.0,-4.0,0.0,3.0,1.0,-2.0,0.0,2.0,-3.0,0.0,4.0,-3.0,0.0,-1.0,1.0,-1.0,-1.0,0.0,2.0,-3.0,4.0,-1.0,0.0,2.0,-4.0,1.0,0.0,1.0,-2.0,-1.0
0.0,0.0,2.0,-1.0,2.0,-1.0,-1.0,0.0,0.0,1.0,1.0,3.0,-2.0,0.0,2.0,-2.0,1.0,2.0,-2.0,-1.0,-1.0,-1.0,-2.0,2.0,0.0,-2.0,-1.0,0.0,1.0,-4.0,2.0,2.0,-2.0,-2.0,1.0,2.0,-3.0,4.0,-1.0,0.0,-1.0,-2.0,1.0,0.0,-1.0,0.0,-2.0,-10.0,-126.0,107.0,30.0,24.0,22.0,-37.0,8.0,3.0,-2.0,2.0,-2.0,0.0,1.0,5.0,-3.0,5.0,20.0,31.0,19.0,62.0,-1.0,-36.0,-5.0,-116.0,96.0,-12.0,35.0,-42.0,36.0,1.0,13.0,18.0,78.0,-131.0,-156.0,-16.0,50.0,38.0,23.0,21.0,66.0,50.0,29.0,9.0,6.0,-10.0,10.0,6.0,12.0,1.0,5.0,-16.0,-4.0,17.0,-10.0,8.0,-9.0,-9.0,-1.0,2.0,5.0,5.0,-10.0,7.0,15.0,24.0,-19.0,12.0,2.0,-50.0,-40.0,33.0,95.0,65.0,71.0,107.0,107.0,-54.0,-181.0,44.0,33.0,20.0,6.0,0.0,34.0,64.0,-191.0,-179.0,-63.0,148.0,122.0,-28.0,-42.0,-14.0,-45.0,-26.0,-1.0,5.0,-3.0,8.0,-17.0,6.0,3.0,0.0,-2.0,5.0,-47.0,47.0,3.0,-72.0,53.0,43.0,35.0,-7.0,-61.0,-2.0,-1.0,-3.0,-1.0,3.0,-3.0,1.0,-4.0,2.0,-1.0,2.0,-1.0,2.0,-2.0,1.0,1.0,-1.0,-2.0,1.0,3.0,-4.0,4.0,-3.0,-1.0,1.0,-2.0,0.0,-1.0,0.0,1.0,-3.0,3.0,0.0,1.0,-5.0,5.0,-2.0
0.0,2.0,-2.0,1.0,-2.0,0.0,1.0,-3.0,-1.0,-1.0,-1.0,-1.0,1.0,1.0,-3.0,5.0,-3.0,-2.0,3.0,3.0,-1.0,0.0,-1.0,4.0,-3.0,0.0,1.0,0.0,0.0,2.0,-3.0,-1.0,0.0,-1.0,2.0,-3.0,0.0,-1.0,0.0,0.0,0.0,0.0,-3.0,2.0,-1.0,0.0,2.0,0.0,-127.0,89.0,17.0,42.0,14.0,-43.0,10.0,1.0,2.0,-5.0,-2.0,-3.0,-2.0,1.0,-4.0,2.0,31.0,11.0,28.0,32.0,56.0,-40.0,-160.0,-129.0,17.0,77.0,-1.0,-27.0,4.0,6.0,13.0,62.0,-114.0,-41.0,116.0,74.0,33.0,27.0,-9.0,-7.0,-29.0,-33.0,-28.0,15.0,-15.0,1.0,15.0,8.0,9.0,2.0,-6.0,6.0,-9.0,7.0,-10.0,4.0,-2.0,2.0,4.0,-2.0,-23.0,-15.0,9.0,-5.0,11.0,14.0,6.0,-2.0,-13.0,6.0,-42.0,3.0,-79.0,-53.0,-80.0,-24.0,20.0,144.0,123.0,17.0,2.0,-14.0,36.0,35.0,-2.0,-82.0,19.0,141.0,157.0,70.0,-125.0,-51.0,-1.0,19.0,-41.0,13.0,-8.0,11.0,2.0,4.0,-9.0,0.0,-2.0,2.0,3.0,-1.0,-36.0,29.0,50.0,-67.0,20.0,70.0,53.0,-53.0,-44.0,0.0,2.0,-1.0,-2.0,2.0,1.0,-2.0,6.0,-1.0,-3.0,1.0,-3.0,-1.0,2.0,0.0,-2.0,3.0,-2.0,0.0,1.0,0.0,1.0,1.0,-2.0,1.0,-1.0,0.0,0.0,0.0,1.0,-1.0,-3.0,1.0,0.0,2.0,-1.0,0.0
2.0,-2.0,0.0,2.0,-1.0,0.0,1.0,3.0,-1.0,0.0,0.0,1.0,-3.0,3.0,-1.0,0.0,-1.0,-1.0,-1.0,-1.0,0.0,0.0,0.0,1.0,-1.0,1.0,-4.0,1.0,0.0,0.0,2.0,-1.0,0.0,-2.0,2.0,3.0,-1.0,0.0,0.0,0.0,0.0,0.0,-2.0,-3.0,1.0,-5.0,3.0,1.0,-79.0,17.0,33.0,39.0,28.0,-35.0,5.0,-1.0,4.0,-3.0,1.0,-3.0,-2.0,3.0,0.0,4.0,0.0,-32.0,20.0,6.0,35.0,72.0,27.0,-75.0,-217.0,-45.0,51.0,41.0,37.0,20.0,22.0,21.0,69.0,75.0,11.0,-17.0,-24.0,-3.0,-3.0,-6.0,16.0,-45.0,30.0,-7.0,-20.0,29.0,-3.0,-7.0,-5.0,-14.0,-2.0,-4.0,-2.0,3.0,-5.0,3.0,12.0,2.0,1.0,2.0,-5.0,34.0,-17.0,18.0,10.0,-1.0,-1.0,20.0,-2.0,-14.0,30.0,-31.0,58.0,57.0,-19.0,-45.0,-43.0,-160.0,-122.0,2.0,22.0,5.0,-11.0,-14.0,14.0,52.0,43.0,-1.0,-65.0,-33.0,17.0,-62.0,23.0,0.0,-17.0,8.0,-2.0,-4.0,11.0,0.0,0.0,-6.0,12.0,-5.0,0.0,-6.0,-30.0,-5.0,37.0,-34.0,-17.0,62.0,80.0,-92.0,-21.0,0.0,0.0,2.0,1.0,-1.0,2.0,-2.0,0.0,-2.0,5.0,2.0,3.0,2.0,0.0,-2.0,3.0,2.0,-2.0,-1.0,1.0,-1.0,1.0,0.0,-2.0,1.0,-1.0,0.0,0.0,1.0,2.0,-2.0,2.0,0.0,2.0,-3.0,2.0,1.0
3.0,-1.0,1.0,-2.0,1.0,1.0,-2.0,-1.0,0.0,0.0,1.0,1.0,-1.0,-1.0,0.0,1.0,-3.0,4.0,-1.0,0.0,0.0,0.0,2.0,-3.0,0.0,-1.0,1.0,0.0,0.0,0.0,1.0,-1.0,-1.0,3.0,-2.0,-1.0,0.0,0.0,0.0,1.0,0.0,-1.0,1.0,1.0,0.0,1.0,0.0,1.0,-49.0,-64.0,70.0,35.0,12.0,-37.0,8.0,2.0,1.0,-1.0,-3.0,2.0,3.0,-2.0,1.0,-15.0,-16.0,-3.0,-17.0,-29.0,-22.0,9.0,66.0,99.0,112.0,32.0,25.0,21.0,26.0,-10.0,13.0,7.0,-21.0,-46.0,-60.0,-58.0,70.0,-56.0,45.0,14.0,-38.0,13.0,-3.0,6.0,4.0,1.0,10.0,-6.0,4.0,-5.0,3.0,5.0,8.0,8.0,-2.0,-5.0,-1.0,0.0,0.0,6.0,-5.0,-11.0,-12.0,-26.0,19.0,14.0,9.0,5.0,-13.0,-16.0,-5.0,-13.0,7.0,-40.0,113.0,-1.0,15.0,71.0,-12.0,-12.0,-84.0,-48.0,-60.0,16.0,16.0,-44.0,2.0,-24.0,66.0,36.0,35.0,12.0,-4.0,-6.0,3.0,-5.0,8.0,-2.0,11.0,-2.0,-8.0,8.0,0.0,3.0,0.0,3.0,-34.0,16.0,35.0,-2.0,-37.0,59.0,85.0,-115.0,-6.0,0.0,1.0,-4.0,7.0,-8.0,-1.0,4.0,0.0,-2.0,0.0,-2.0,3.0,-4.0,-1.0,3.0,-2.0,-1.0,-3.0,3.0,0.0,-1.0,2.0,0.0,-2.0,2.0,-1.0,0.0,1.0,-3.0,-1.0,-1.0,1.0,2.0,-2.0,0.0,-1.0,-2.0
-1.0,0.0,1.0,0.0,-3.0,2.0,-1.0,0.0,1.0,2.0,-3.0,2.0,-1.0,1.0,0.0,0.0,3.0,-2.0,1.0,0.0,0.0,2.0,-4.0,3.0,-3.0,4.0,-1.0,0.0,0.0,0.0,1.0,-2.0,-1.0,3.0,-1.0,0.0,0.0,0.0,1.0,-4.0,2.0,0.0,1.0,2.0,-4.0,3.0,-2.0,-1.0,-18.0,-123.0,126.0,28.0,6.0,-24.0,6.0,1.0,-1.0,1.0,1.0,-1.0,-2.0,2.0,-1.0,0.0,-2.0,-7.0,-7.0,-3.0,0.0,-16.0,-18.0,-3.0,-17.0,-12.0,-51.0,-78.0,-92.0,-46.0,-62.0,-111.0,-33.0,-34.0,35.0,89.0,-79.0,86.0,-4.0,-35.0,-7.0,3.0,0.0,-7.0,17.0,-17.0,-4.0,3.0,1.0,-1.0,7.0,-10.0,9.0,-13.0,0.0,1.0,7.0,1.0,-15.0,-23.0,1.0,3.0,17.0,-58.0,4.0,1.0,2.0,27.0,25.0,10.0,-21.0,-8.0,3.0,3.0,-73.0,22.0,67.0,-19.0,36.0,34.0,77.0,35.0,22.0,20.0,26.0,1.0,-10.0,-22.0,-78.0,-63.0,-50.0,-9.0,-22.0,28.0,-1.0,3.0,3.0,2.0,-10.0,8.0,0.0,9.0,4.0,-6.0,-4.0,2.0,-37.0,6.0,43.0,13.0,-61.0,95.0,32.0,-98.0,-2.0,1.0,1.0,-3.0,7.0,-8.0,1.0,-1.0,0.0,3.0,0.0,-1.0,1.0,0.0,3.0,1.0,-1.0,-1.0,0.0,1.0,0.0,-1.0,-3.0,1.0,-1.0,-3.0,0.0,0.0,0.0,2.0,-1.0,-1.0,3.0,-3.0,0.0,0.0,-1.0,4.0
0.0,1.0,2.0,0.0,-2.0,3.0,0.0,2.0,-3.0,-1.0,-1.0,3.0,0.0,-4.0,1.0,2.0,-2.0,2.0,-3.0,2.0,2.0,-4.0,3.0,1.0,2.0,-2.0,0.0,0.0,1.0,0.0,0.0,2.0,-1.0,-1.0,0.0,0.0,0.0,0.0,0.0,2.0,-2.0,-3.0,-1.0,-1.0,-2.0,-1.0,0.0,1.0,-7.0,-149.0,91.0,38.0,11.0,-22.0,-6.0,-2.0,3.0,-1.0,0.0,-4.0,-2.0,-7.0,2.0,4.0,1.0,-4.0,-4.0,-1.0,-1.0,7.0,-2.0,-6.0,8.0,-4.0,23.0,17.0,55.0,30.0,28.0,-7.0,13.0,86.0,-3.0,-63.0,91.0,-34.0,-26.0,-7.0,21.0,-5.0,6.0,1.0,14.0,1.0,-13.0,16.0,2.0,-1.0,-3.0,-16.0,-6.0,13.0,9.0,-3.0,0.0,-2.0,18.0,-6.0,-27.0,5.0,19.0,-30.0,-31.0,-1.0,-4.0,24.0,21.0,11.0,19.0,9.0,-17.0,-22.0,26.0,5.0,-46.0,35.0,39.0,-31.0,-46.0,-7.0,22.0,-6.0,-20.0,-7.0,10.0,26.0,25.0,9.0,-21.0,3.0,-6.0,7.0,7.0,2.0,-8.0,14.0,12.0,-10.0,6.0,-3.0,1.0,9.0,-5.0,-1.0,-38.0,-4.0,61.0,4.0,-57.0,109.0,6.0,-83.0,4.0,-4.0,2.0,-1.0,1.0,1.0,-2.0,-1.0,1.0,-2.0,1.0,-2.0,6.0,-1.0,-3.0,2.0,-2.0,-2.0,3.0,1.0,-1.0,3.0,1.0,0.0,-2.0,3.0,-1.0,0.0,0.0,1.0,-2.0,0.0,-2.0,3.0,-1.0,0.0,0.0,-1.0
3.0,-2.0,-1.0,2.0,-2.0,0.0,-3.0,-3.0,4.0,-1.0,-1.0,-1.0,1.0,1.0,2.0,-2.0,1.0,-2.0,-1.0,-1.0,-2.0,3.0,-2.0,-2.0,3.0,-1.0,0.0,2.0,-3.0,2.0,1.0,1.0,-1.0,0.0,1.0,0.0,0.0,0.0,0.0,2.0,-2.0,3.0,-1.0,-1.0,3.0,-1.0,1.0,2.0,-12.0,-116.0,101.0,39.0,9.0,-36.0,7.0,11.0,-3.0,-2.0,4.0,-2.0,-2.0,0.0,-1.0,3.0,3.0,0.0,-1.0,-2.0,-9.0,-8.0,-4.0,2.0,4.0,-4.0,13.0,12.0,-12.0,-29.0,18.0,85.0,14.0,-80.0,23.0,60.0,-33.0,-16.0,-38.0,36.0,0.0,-7.0,7.0,-5.0,5.0,-14.0,0.0,9.0,1.0,14.0,5.0,13.0,-22.0,10.0,-17.0,0.0,12.0,-1.0,0.0,1.0,-4.0,-20.0,35.0,-1.0,-30.0,5.0,-5.0,-22.0,-2.0,-2.0,9.0,-3.0,24.0,0.0,-24.0,-28.0,-1.0,7.0,-36.0,14.0,46.0,16.0,-33.0,-2.0,22.0,-10.0,14.0,-7.0,-14.0,9.0,1.0,1.0,11.0,-4.0,6.0,-4.0,-3.0,10.0,-4.0,-2.0,7.0,-3.0,-2.0,4.0,-3.0,-8.0,-22.0,-15.0,72.0,-15.0,-29.0,92.0,-17.0,-72.0,3.0,-4.0,3.0,-5.0,3.0,-3.0,1.0,2.0,-1.0,-1.0,2.0,0.0,1.0,-1.0,1.0,-2.0,1.0,-4.0,3.0,-3.0,1.0,-2.0,2.0,0.0,-2.0,-2.0,0.0,0.0,0.0,0.0,2.0,-2.0,-1.0,3.0,-1.0,0.0,0.0,0.0
-1.0,0.0,1.0,-3.0,4.0,0.0,2.0,2.0,-2.0,-1.0,4.0,0.0,-3.0,3.0,-2.0,0.0,1.0,-2.0,4.0,-1.0,-1.0,2.0,-1.0,0.0,-1.0,0.0,2.0,-2.0,0.0,-1.0,-2.0,3.0,-1.0,1.0,-4.0,2.0,0.0,0.0,1.0,-3.0,0.0,-3.0,0.0,0.0,-2.0,1.0,-2.0,-1.0,-15.0,-161.0,95.0,41.0,25.0,-36.0,-8.0,10.0,0.0,-3.0,-3.0,0.0,5.0,-2.0,4.0,7.0,-3.0,8.0,-2.0,3.0,4.0,-4.0,3.0,2.0,-17.0,-13.0,-17.0,1.0,17.0,50.0,-1.0,-82.0,14.0,57.0,-3.0,-38.0,-17.0,-12.0,36.0,-3.0,9.0,6.0,12.0,-5.0,2.0,-18.0,23.0,-2.0,14.0,-1.0,-20.0,-6.0,0.0,-10.0,1.0,-3.0,1.0,11.0,3.0,3.0,-1.0,2.0,4.0,13.0,10.0,-13.0,-8.0,0.0,-3.0,-5.0,7.0,2.0,-4.0,7.0,8.0,-6.0,5.0,-34.0,27.0,-7.0,-36.0,-5.0,31.0,14.0,12.0,0.0,-8.0,3.0,-10.0,-4.0,13.0,13.0,10.0,-5.0,3.0,8.0,8.0,14.0,-11.0,12.0,-12.0,-2.0,-1.0,9.0,-3.0,-1.0,-30.0,-14.0,94.0,-93.0,64.0,60.0,-22.0,-86.0,1.0,1.0,3.0,-5.0,3.0,1.0,-1.0,1.0,4.0,-2.0,-1.0,-3.0,3.0,-3.0,0.0,5.0,1.0,-1.0,3.0,-4.0,1.0,-1.0,-3.0,0.0,3.0,-3.0,0.0,0.0,1.0,0.0,1.0,3.0,-1.0,-2.0,0.0,0.0,0.0,0.0
0.0,1.0,1.0,-1.0,0.0,-2.0,-2.0,3.0,0.0,0.0,0.0,1.0,-1.0,-1.0,1.0,1.0,1.0,-1.0,-1.0,0.0,-2.0,3.0,-2.0,0.0,0.0,2.0,-2.0,0.0,0.0,0.0,0.0,0.0,1.0,1.0,3.0,-3.0,2.0,1.0,0.0,2.0,-2.0,2.0,-1.0,0.0,-1.0,2.0,1.0,-15.0,-14.0,-114.0,116.0,29.0,25.0,-22.0,-6.0,0.0,5.0,-1.0,0.0,-1.0,-7.0,-1.0,-1.0,3.0,5.0,4.0,3.0,4.0,-1.0,9.0,-5.0,-3.0,-1.0,10.0,22.0,29.0,-17.0,-45.0,14.0,38.0,18.0,-25.0,-22.0,-10.0,-25.0,11.0,-4.0,-10.0,-10.0,9.0,2.0,-2.0,-9.0,-4.0,24.0,-10.0,2.0,-8.0,7.0,4.0,-8.0,9.0,5.0,6.0,-1.0,-6.0,-25.0,-8.0,19.0,-24.0,1.0,17.0,10.0,-18.0,-6.0,-6.0,3.0,4.0,1.0,1.0,2.0,3.0,18.0,-6.0,-2.0,16.0,-45.0,-6.0,15.0,-12.0,-19.0,-18.0,-11.0,2.0,8.0,11.0,10.0,11.0,8.0,6.0,-11.0,-24.0,-5.0,-11.0,5.0,-2.0,-8.0,11.0,-5.0,0.0,3.0,-2.0,-2.0,-8.0,-28.0,7.0,34.0,-128.0,97.0,59.0,3.0,-12.0,-13.0,-3.0,-1.0,1.0,-1.0,0.0,1.0,-2.0,-1.0,4.0,-2.0,-4.0,2.0,-1.0,9.0,-3.0,2.0,-1.0,-3.0,6.0,-3.0,2.0,2.0,0.0,-4.0,3.0,-1.0,1.0,-3.0,2.0,-3.0,-2.0,-2.0,4.0,-1.0,0.0,0.0,0.0
2.0,-3.0,3.0,-1.0,1.0,-2.0,0.0,0.0,-4.0,3.0,-4.0,2.0,-1.0,1.0,-2.0,-3.0,3.0,-1.0,0.0,-1.0,4.0,-2.0,4.0,-1.0,1.0,-2.0,0.0,0.0,0.0,0.0,1.0,-3.0,-2.0,-1.0,-1.0,0.0,-1.0,-3.0,1.0,1.0,-2.0,1.0,-1.0,0.0,0.0,-1.0,-4.0,-9.0,-61.0,25.0,93.0,51.0,55.0,-45.0,-6.0,4.0,2.0,-1.0,4.0,1.0,2.0,2.0,3.0,4.0,-5.0,1.0,-1.0,0.0,4.0,7.0,9.0,12.0,6.0,5.0,-19.0,-32.0,3.0,35.0,4.0,-23.0,-34.0,-2.0,-2.0,-1.0,19.0,11.0,-8.0,9.0,2.0,-16.0,3.0,-7.0,-6.0,16.0,13.0,-7.0,-8.0,7.0,-7.0,-11.0,3.0,7.0,-2.0,2.0,-3.0,-3.0,23.0,13.0,-7.0,3.0,19.0,4.0,39.0,-12.0,-9.0,1.0,-23.0,6.0,-6.0,-4.0,7.0,4.0,10.0,-9.0,8.0,-5.0,4.0,-1.0,-6.0,-8.0,14.0,1.0,1.0,11.0,-12.0,-1.0,3.0,-3.0,-12.0,7.0,6.0,12.0,-10.0,19.0,-5.0,-3.0,13.0,7.0,-2.0,-6.0,-2.0,17.0,-6.0,-2.0,-26.0,18.0,-44.0,11.0,65.0,30.0,31.0,-94.0,-21.0,2.0,0.0,2.0,-6.0,7.0,-5.0,-1.0,1.0,-3.0,1.0,4.0,1.0,0.0,-2.0,0.0,-2.0,0.0,-1.0,-1.0,3.0,1.0,-4.0,-1.0,2.0,-5.0,0.0,1.0,-3.0,1.0,2.0,2.0,3.0,-2.0,0.0,0.0,0.0,1.0
2.0,-1.0,-1.0,0.0,1.0,3.0,0.0,0.0,2.0,-3.0,3.0,1.0,-1.0,1.0,-2.0,3.0,-2.0,0.0,0.0,0.0,1.0,-3.0,0.0,0.0,1.0,-1.0,-1.0,0.0,0.0,0.0,0.0,1.0,3.0,-1.0,0.0,0.0,-1.0,3.0,0.0,1.0,-3.0,2.0,-1.0,0.0,0.0,0.0,-2.0,-25.0,-57.0,-26.0,88.0,24.0,-19.0,7.0,-12.0,3.0,-2.0,1.0,-2.0,1.0,1.0,2.0,2.0,-4.0,-1.0,-2.0,1.0,5.0,-4.0,-2.0,0.0,-8.0,-4.0,-2.0,19.0,32.0,18.0,-43.0,-17.0,-6.0,-5.0,6.0,-37.0,43.0,6.0,-7.0,-1.0,2.0,6.0,5.0,-7.0,-12.0,7.0,27.0,2.0,-1.0,16.0,0.0,-7.0,2.0,-1.0,0.0,-3.0,-8.0,5.0,-6.0,15.0,-18.0,-4.0,1.0,-1.0,-25.0,36.0,6.0,-10.0,-8.0,34.0,5.0,10.0,-14.0,-9.0,-2.0,15.0,8.0,-9.0,6.0,6.0,-3.0,-3.0,-3.0,-7.0,-8.0,-28.0,-4.0,-2.0,-10.0,-3.0,-5.0,-8.0,-5.0,-6.0,-2.0,-4.0,-6.0,5.0,1.0,0.0,0.0,-9.0,-1.0,-3.0,-6.0,-7.0,-1.0,-11.0,11.0,9.0,79.0,30.0,61.0,-8.0,-10.0,-20.0,-1.0,2.0,-3.0,1.0,0.0,1.0,3.0,-1.0,3.0,0.0,-1.0,-3.0,0.0,4.0,2.0,-2.0,0.0,-1.0,1.0,-3.0,2.0,0.0,2.0,-2.0,5.0,-2.0,0.0,1.0,2.0,-2.0,0.0,-1.0,0.0,0.0,0.0,1.0,-3.0
2.0,-1.0,0.0,1.0,-2.0,0.0,-4.0,1.0,2.0,-1.0,-2.0,3.0,0.0,1.0,-2.0,3.0,-1.0,0.0,0.0,1.0,-2.0,-1.0,1.0,1.0,2.0,-2.0,4.0,-1.0,0.0,0.0,0.0,1.0,-2.0,0.0,0.0,0.0,0.0,-2.0,2.0,0.0,3.0,-3.0,0.0,0.0,1.0,1.0,-3.0,-42.0,33.0,22.0,16.0,-50.0,31.0,-16.0,-7.0,2.0,0.0,-3.0,1.0,-1.0,-5.0,3.0,2.0,-3.0,2.0,0.0,-7.0,0.0,7.0,3.0,5.0,15.0,6.0,-8.0,-8.0,-14.0,-31.0,6.0,-4.0,-12.0,10.0,-14.0,31.0,0.0,-15.0,4.0,-10.0,-6.0,-5.0,1.0,9.0,-13.0,23.0,14.0,-18.0,6.0,4.0,-3.0,22.0,1.0,2.0,-4.0,6.0,11.0,-6.0,13.0,-13.0,0.0,11.0,-3.0,2.0,-18.0,-2.0,34.0,-16.0,-5.0,-41.0,-4.0,-2.0,3.0,0.0,-9.0,-14.0,15.0,3.0,12.0,-4.0,9.0,2.0,6.0,12.0,8.0,-3.0,6.0,-1.0,7.0,-2.0,11.0,-3.0,-17.0,-4.0,-9.0,-1.0,-2.0,-3.0,0.0,8.0,16.0,-13.0,9.0,-7.0,-13.0,6.0,-10.0,-17.0,-4.0,8.0,16.0,40.0,34.0,-11.0,-60.0,4.0,-8.0,-1.0,-1.0,1.0,1.0,-4.0,-1.0,1.0,-2.0,1.0,-1.0,2.0,0.0,-2.0,7.0,-4.0,0.0,-1.0,0.0,3.0,-3.0,0.0,1.0,0.0,0.0,-1.0,0.0,2.0,-2.0,1.0,-4.0,1.0,0.0,0.0,1.0,1.0,-3.0
2.0,-1.0,0.0,1.0,-1.0,0.0,1.0,1.0,-3.0,-1.0,0.0,1.0,-4.0,3.0,-1.0,-1.0,0.0,0.0,0.0,1.0,-1.0,0.0,3.0,-2.0,0.0,0.0,-1.0,0.0,0.0,1.0,1.0,2.0,-1.0,0.0,0.0,0.0,0.0,0.0,-2.0,3.0,-2.0,-1.0,0.0,1.0,-3.0,-2.0,0.0,-31.0,-110.0,106.0,10.0,-19.0,67.0,-36.0,-1.0,2.0,-1.0,-2.0,3.0,3.0,3.0,-3.0,2.0,-4.0,4.0,-5.0,-5.0,1.0,2.0,-1.0,2.0,-12.0,-13.0,3.0,-6.0,-21.0,5.0,4.0,11.0,6.0,7.0,14.0,-9.0,-22.0,30.0,-21.0,-7.0,1.0,7.0,-24.0,6.0,-9.0,38.0,3.0,-10.0,-8.0,-8.0,-21.0,-7.0,-16.0,0.0,0.0,-1.0,-9.0,-3.0,-13.0,-5.0,-4.0,8.0,5.0,7.0,11.0,-7.0,17.0,-4.0,2.0,-17.0,5.0,-12.0,4.0,2.0,0.0,-4.0,-11.0,0.0,-1.0,9.0,3.0,-6.0,-5.0,-1.0,5.0,12.0,-1.0,-19.0,0.0,-10.0,-17.0,-20.0,3.0,5.0,15.0,3.0,8.0,30.0,-7.0,1.0,2.0,13.0,-2.0,-7.0,-3.0,-1.0,-5.0,-13.0,-15.0,44.0,-49.0,16.0,0.0,18.0,-2.0,-21.0,-3.0,0.0,0.0,-6.0,6.0,0.0,-1.0,1.0,-1.0,1.0,-2.0,1.0,-1.0,0.0,1.0,1.0,0.0,-2.0,-2.0,3.0,-3.0,0.0,3.0,-4.0,-3.0,0.0,1.0,-3.0,0.0,0.0,1.0,0.0,0.0,1.0,-4.0,1.0,0.0
2.0,-1.0,0.0,1.0,-1.0,0.0,0.0,1.0,2.0,3.0,0.0,-4.0,3.0,-2.0,0.0,0.0,0.0,0.0,0.0,2.0,0.0,-4.0,0.0,1.0,-4.0,1.0,0.0,0.0,1.0,-3.0,-2.0,-1.0,-1.0,0.0,0.0,0.0,0.0,0.0,0.0,-1.0,0.0,-2.0,0.0,1.0,2.0,-2.0,-2.0,-22.0,-68.0,109.0,1.0,-1.0,53.0,-30.0,-9.0,-5.0,2.0,-2.0,-4.0,-4.0,-10.0,9.0,8.0,-8.0,3.0,1.0,4.0,2.0,-15.0,0.0,0.0,-13.0,-19.0,-12.0,-1.0,8.0,-1.0,6.0,5.0,-12.0,-5.0,6.0,3.0,16.0,-10.0,-7.0,4.0,-15.0,-4.0,-6.0,3.0,26.0,0.0,-8.0,-12.0,22.0,-11.0,-6.0,5.0,18.0,3.0,6.0,12.0,-3.0,4.0,7.0,-1.0,1.0,-5.0,1.0,4.0,-32.0,8.0,7.0,8.0,-6.0,0.0,-15.0,-1.0,6.0,0.0,-2.0,0.0,-1.0,-3.0,9.0,9.0,7.0,6.0,-5.0,6.0,6.0,-11.0,13.0,-3.0,-16.0,6.0,-1.0,15.0,-3.0,-9.0,3.0,1.0,9.0,-8.0,1.0,-24.0,1.0,11.0,-2.0,-6.0,-5.0,-1.0,-1.0,-10.0,-34.0,70.0,-30.0,-5.0,38.0,-26.0,-19.0,-5.0,-8.0,1.0,-3.0,5.0,-1.0,0.0,-2.0,0.0,-1.0,0.0,2.0,-1.0,5.0,-1.0,1.0,1.0,-5.0,1.0,7.0,-5.0,2.0,0.0,-3.0,1.0,1.0,-1.0,0.0,3.0,0.0,0.0,1.0,0.0,0.0,0.0,2.0,-1.0,3.0
2.0,-1.0,0.0,2.0,-1.0,0.0,1.0,-2.0,-1.0,-1.0,0.0,1.0,2.0,-1.0,-1.0,0.0,0.0,0.0,1.0,-3.0,0.0,0.0,0.0,0.0,1.0,0.0,0.0,0.0,0.0,1.0,2.0,-3.0,3.0,-1.0,0.0,0.0,0.0,0.0,0.0,0.0,-2.0,3.0,0.0,-3.0,3.0,-1.0,-4.0,-28.0,-72.0,102.0,-2.0,-13.0,59.0,-36.0,-9.0,4.0,6.0,-3.0,3.0,0.0,-2.0,-13.0,-6.0,-3.0,1.0,-3.0,3.0,-2.0,3.0,1.0,-5.0,0.0,17.0,-2.0,-2.0,19.0,20.0,15.0,-11.0,-5.0,25.0,-28.0,22.0,-14.0,-15.0,-11.0,30.0,-9.0,0.0,8.0,14.0,14.0,-6.0,-7.0,6.0,24.0,-14.0,-3.0,-1.0,-14.0,-14.0,4.0,-6.0,2.0,-1.0,-3.0,7.0,1.0,-3.0,2.0,-13.0,15.0,-10.0,6.0,21.0,-13.0,-1.0,-15.0,22.0,-9.0,-11.0,-4.0,-3.0,6.0,-4.0,-9.0,-5.0,11.0,4.0,2.0,-3.0,5.0,15.0,1.0,28.0,16.0,7.0,14.0,17.0,3.0,10.0,-3.0,-1.0,0.0,-1.0,15.0,25.0,-12.0,-9.0,8.0,-7.0,-4.0,-9.0,4.0,-20.0,-22.0,42.0,-11.0,0.0,49.0,-3.0,-57.0,-3.0,0.0,-1.0,2.0,-2.0,1.0,-1.0,1.0,4.0,-2.0,0.0,1.0,2.0,-4.0,0.0,4.0,0.0,-6.0,1.0,0.0,1.0,0.0,-2.0,2.0,-2.0,0.0,-1.0,2.0,-2.0,-4.0,2.0,-4.0,2.0,0.0,1.0,-4.0,0.0,2.0
3.0,0.0,1.0,-2.0,0.0,0.0,2.0,-2.0,0.0,0.0,0.0,1.0,-2.0,-1.0,4.0,-1.0,0.0,0.0,0.0,3.0,-2.0,4.0,-1.0,0.0,0.0,0.0,0.0,0.0,0.0,0.0,0.0,1.0,1.0,-1.0,0.0,0.0,0.0,0.0,0.0,-2.0,3.0,-4.0,1.0,-2.0,-2.0,-1.0,-2.0,-26.0,-81.0,112.0,-1.0,-10.0,58.0,-27.0,-4.0,-4.0,-2.0,-2.0,0.0,0.0,-2.0,-5.0,7.0,8.0,-3.0,-3.0,3.0,1.0,-2.0,5.0,-3.0,9.0,8.0,14.0,11.0,6.0,7.0,-12.0,10.0,11.0,16.0,-24.0,5.0,-8.0,-19.0,13.0,-10.0,-12.0,-7.0,5.0,10.0,12.0,-12.0,-3.0,12.0,-16.0,-8.0,11.0,-13.0,7.0,8.0,-3.0,14.0,-7.0,-4.0,-1.0,-2.0,-7.0,1.0,5.0,-19.0,14.0,-10.0,2.0,7.0,-12.0,-1.0,-4.0,1.0,-1.0,7.0,-1.0,1.0,-13.0,6.0,8.0,-3.0,-8.0,-5.0,-6.0,0.0,12.0,-4.0,9.0,-44.0,8.0,-5.0,12.0,-21.0,10.0,0.0,-2.0,-4.0,6.0,-15.0,-19.0,-15.0,-3.0,2.0,10.0,-3.0,2.0,-8.0,2.0,-31.0,29.0,80.0,-30.0,-2.0,43.0,10.0,-33.0,-8.0,1.0,0.0,1.0,-1.0,1.0,-2.0,1.0,-2.0,-2.0,-1.0,2.0,-2.0,-2.0,-2.0,8.0,-4.0,2.0,-1.0,0.0,0.0,-2.0,2.0,0.0,3.0,-1.0,0.0,-3.0,4.0,0.0,0.0,2.0,-4.0,1.0,0.0,1.0,-1.0,2.0
1.0,-4.0,2.0,-1.0,0.0,2.0,-3.0,4.0,-1.0,0.0,0.0,1.0,-1.0,0.0,-1.0,0.0,1.0,0.0,2.0,-2.0,0.0,-1.0,0.0,0.0,0.0,-1.0,0.0,0.0,0.0,1.0,1.0,0.0,1.0,-1.0,0.0,0.0,0.0,0.0,-1.0,2.0,0.0,1.0,-1.0,1.0,1.0,1.0,1.0,-8.0,-123.0,141.0,17.0,-9.0,56.0,-25.0,-6.0,-3.0,-3.0,-1.0,9.0,-3.0,-6.0,-5.0,-15.0,4.0,8.0,1.0,-1.0,-1.0,4.0,11.0,11.0,22.0,21.0,16.0,-10.0,-9.0,-14.0,12.0,-38.0,19.0,1.0,-13.0,7.0,-10.0,11.0,8.0,-4.0,-13.0,13.0,11.0,13.0,0.0,-13.0,18.0,0.0,-8.0,-12.0,0.0,17.0,-6.0,-5.0,-2.0,3.0,-3.0,3.0,3.0,0.0,3.0,4.0,-4.0,-10.0,13.0,3.0,-6.0,42.0,-14.0,-6.0,11.0,5.0,-11.0,8.0,-11.0,-12.0,-5.0,1.0,1.0,9.0,0.0,-6.0,1.0,-5.0,6.0,1.0,5.0,0.0,30.0,-9.0,11.0,-24.0,4.0,1.0,6.0,9.0,-16.0,3.0,-4.0,-3.0,-7.0,-6.0,-2.0,7.0,-2.0,-12.0,-2.0,-35.0,27.0,60.0,-18.0,17.0,55.0,-30.0,-39.0,0.0,3.0,-5.0,2.0,-2.0,0.0,2.0,-1.0,2.0,0.0,1.0,1.0,-3.0,1.0,3.0,1.0,0.0,-1.0,0.0,4.0,-3.0,2.0,1.0,-3.0,-2.0,0.0,0.0,-2.0,-1.0,-1.0,0.0,0.0,1.0,1.0,-1.0,0.0,-1.0,2.0
0.0,1.0,2.0,-1.0,1.0,-2.0,0.0,-1.0,0.0,0.0,1.0,2.0,-1.0,0.0,0.0,2.0,-4.0,3.0,-2.0,0.0,0.0,-1.0,-1.0,0.0,-1.0,4.0,-1.0,0.0,1.0,-3.0,-2.0,2.0,1.0,-1.0,0.0,0.0,0.0,0.0,-2.0,1.0,0.0,-1.0,-1.0,1.0,0.0,1.0,1.0,2.0,-96.0,41.0,66.0,-25.0,78.0,-29.0,-9.0,0.0,-5.0,0.0,-4.0,0.0,-4.0,18.0,0.0,3.0,-2.0,7.0,2.0,10.0,-4.0,-4.0,-11.0,-19.0,-32.0,-11.0,11.0,-17.0,13.0,-2.0,13.0,5.0,6.0,-1.0,3.0,1.0,22.0,-9.0,-14.0,-12.0,22.0,16.0,8.0,18.0,1.0,4.0,-18.0,-8.0,0.0,0.0,-2.0,6.0,-14.0,3.0,-6.0,-3.0,-4.0,3.0,-3.0,-4.0,-3.0,-15.0,-4.0,-15.0,8.0,8.0,6.0,18.0,-21.0,-7.0,-7.0,0.0,-16.0,7.0,2.0,16.0,-26.0,2.0,-5.0,-7.0,18.0,13.0,-14.0,-5.0,-5.0,-5.0,-2.0,-5.0,2.0,29.0,-2.0,-13.0,4.0,13.0,1.0,5.0,-10.0,2.0,4.0,-10.0,10.0,3.0,-2.0,3.0,-11.0,1.0,-37.0,30.0,20.0,-5.0,6.0,85.0,-82.0,-6.0,0.0,-2.0,0.0,0.0,2.0,-2.0,2.0,-1.0,1.0,-3.0,4.0,0.0,1.0,-1.0,-2.0,3.0,4.0,0.0,-8.0,4.0,1.0,0.0,1.0,-3.0,4.0,0.0,-1.0,2.0,-3.0,4.0,-1.0,0.0,2.0,-5.0,5.0,0.0,-1.0,2.0
0.0,1.0,-2.0,0.0,1.0,-1.0,0.0,0.0,0.0,2.0,-2.0,-1.0,0.0,1.0,2.0,-3.0,4.0,-2.0,0.0,0.0,-1.0,3.0,3.0,-1.0,0.0,-1.0,0.0,0.0,0.0,2.0,-2.0,-3.0,2.0,-2.0,0.0,0.0,0.0,-1.0,2.0,0.0,-1.0,4.0,-1.0,-4.0,3.0,-3.0,-1.0,-2.0,-17.0,-137.0,148.0,-15.0,71.0,-15.0,-11.0,-6.0,0.0,7.0,-2.0,-5.0,4.0,2.0,-1.0,-10.0,1.0,-12.0,-15.0,12.0,-1.0,7.0,-10.0,10.0,-3.0,2.0,-3.0,8.0,-2.0,-2.0,4.0,6.0,-1.0,21.0,-5.0,-15.0,-6.0,-7.0,-21.0,-21.0,47.0,1.0,11.0,-20.0,19.0,-1.0,3.0,-10.0,8.0,7.0,-10.0,-17.0,12.0,0.0,-6.0,13.0,6.0,6.0,0.0,5.0,4.0,-4.0,11.0,0.0,8.0,11.0,15.0,16.0,42.0,-17.0,16.0,7.0,-30.0,8.0,-10.0,6.0,3.0,-4.0,4.0,-12.0,-1.0,4.0,0.0,5.0,-3.0,0.0,0.0,-8.0,-4.0,-12.0,-9.0,15.0,-5.0,14.0,-10.0,-11.0,3.0,-3.0,-13.0,-5.0,-6.0,4.0,5.0,-6.0,-3.0,0.0,-37.0,47.0,28.0,-4.0,24.0,21.0,-57.0,-3.0,2.0,-2.0,4.0,0.0,0.0,4.0,-4.0,0.0,1.0,1.0,4.0,-5.0,1.0,3.0,-1.0,-1.0,1.0,1.0,-8.0,5.0,1.0,1.0,1.0,-2.0,0.0,-5.0,0.0,0.0,2.0,-2.0,0.0,1.0,-4.0,2.0,0.0,-4.0,0.0,2.0
1.0,2.0,-1.0,1.0,2.0,-1.0,0.0,0.0,1.0,-2.0,0.0,0.0,1.0,-2.0,-1.0,0.0,-1.0,0.0,0.0,0.0,0.0,0.0,-1.0,0.0,1.0,0.0,0.0,0.0,0.0,0.0,1.0,1.0,0.0,2.0,-1.0,0.0,0.0,-1.0,1.0,0.0,0.0,-1.0,-2.0,2.0,-3.0,4.0,-1.0,-1.0,0.0,-63.0,-100.0,138.0,37.0,23.0,-19.0,-7.0,1.0,-1.0,-1.0,-1.0,7.0,-13.0,-9.0,13.0,4.0,-17.0,3.0,1.0,-3.0,-10.0,-20.0,21.0,0.0,3.0,-1.0,-7.0,0.0,8.0,-19.0,13.0,-11.0,-38.0,-13.0,11.0,-10.0,-15.0,0.0,5.0,37.0,-2.0,-9.0,-3.0,-6.0,-7.0,-1.0,-3.0,13.0,-2.0,7.0,-33.0,10.0,1.0,2.0,5.0,15.0,-6.0,0.0,-7.0,-2.0,1.0,-13.0,-31.0,6.0,-15.0,5.0,8.0,22.0,-17.0,25.0,19.0,-4.0,-10.0,-11.0,1.0,4.0,0.0,-2.0,3.0,3.0,-2.0,-6.0,4.0,10.0,17.0,-11.0,1.0,-2.0,-12.0,16.0,-11.0,-6.0,7.0,2.0,0.0,-4.0,-5.0,-8.0,19.0,3.0,-3.0,-2.0,-1.0,-12.0,-6.0,-22.0,25.0,46.0,-18.0,88.0,-89.0,-5.0,-1.0,-2.0,-1.0,0.0,-4.0,2.0,-2.0,2.0,-1.0,-4.0,3.0,-1.0,3.0,-6.0,3.0,-3.0,5.0,-3.0,0.0,1.0,0.0,-1.0,-2.0,2.0,-2.0,-1.0,5.0,-1.0,0.0,2.0,-2.0,0.0,0.0,1.0,0.0,0.0,2.0,-1.0,3.0
-1.0,-1.0,1.0,-2.0,-1.0,0.0,0.0,0.0,2.0,-1.0,0.0,0.0,1.0,-1.0,0.0,0.0,0.0,0.0,0.0,0.0,1.0,-4.0,1.0,1.0,-4.0,1.0,0.0,0.0,0.0,0.0,0.0,0.0,0.0,2.0,-1.0,-1.0,-1.0,-2.0,1.0,0.0,0.0,-2.0,2.0,0.0,-2.0,-1.0,0.0,-1.0,1.0,-14.0,-92.0,-46.0,94.0,47.0,-26.0,-3.0,-2.0,0.0,-4.0,-10.0,-4.0,-1.0,5.0,-3.0,3.0,2.0,1.0,2.0,1.0,-12.0,-3.0,5.0,18.0,2.0,16.0,-17.0,17.0,-9.0,11.0,-13.0,2.0,24.0,-1.0,8.0,7.0,-36.0,-9.0,34.0,5.0,-12.0,6.0,1.0,0.0,6.0,10.0,-13.0,-2.0,-3.0,14.0,-10.0,-17.0,-16.0,2.0,11.0,-10.0,18.0,2.0,12.0,-7.0,4.0,13.0,-19.0,-17.0,2.0,4.0,-5.0,-7.0,7.0,7.0,56.0,-10.0,-9.0,-5.0,3.0,-1.0,7.0,-12.0,-2.0,-9.0,8.0,-8.0,6.0,-2.0,-14.0,5.0,9.0,9.0,12.0,-15.0,-2.0,3.0,5.0,-11.0,8.0,6.0,-2.0,-15.0,12.0,-9.0,5.0,4.0,1.0,-7.0,-2.0,-30.0,66.0,93.0,58.0,-78.0,-23.0,-4.0,1.0,-3.0,3.0,-1.0,0.0,2.0,-2.0,0.0,2.0,1.0,-2.0,2.0,-4.0,4.0,0.0,1.0,4.0,-2.0,0.0,-1.0,1.0,0.0,-1.0,2.0,-3.0,0.0,0.0,-4.0,1.0,-3.0,3.0,0.0,0.0,0.0,0.0,2.0,-3.0,1.0,-1.0
-1.0,0.0,1.0,-1.0,0.0,-1.0,0.0,1.0,-3.0,0.0,0.0,0.0,1.0,-1.0,-1.0,-1.0,0.0,0.0,0.0,0.0,0.0,1.0,0.0,0.0,1.0,1.0,1.0,0.0,0.0,0.0,0.0,0.0,1.0,-3.0,-2.0,2.0,1.0,1.0,0.0,0.0,-2.0,2.0,0.0,-1.0,2.0,-1.0,1.0,-1.0,1.0,-9.0,-32.0,-34.0,-12.0,53.0,-8.0,-14.0,6.0,3.0,5.0,6.0,-6.0,3.0,3.0,-3.0,-5.0,4.0,0.0,4.0,-11.0,7.0,11.0,-4.0,-2.0,-8.0,-46.0,16.0,15.0,-19.0,10.0,-16.0,15.0,-14.0,-22.0,2.0,-16.0,-7.0,61.0,11.0,-9.0,-6.0,-5.0,8.0,-9.0,3.0,4.0,8.0,-13.0,0.0,-10.0,-11.0,1.0,-12.0,-54.0,-3.0,7.0,-6.0,-18.0,3.0,-9.0,19.0,2.0,-20.0,-15.0,-8.0,-5.0,3.0,-1.0,-2.0,-26.0,61.0,6.0,-13.0,-3.0,2.0,5.0,6.0,-3.0,20.0,-9.0,-9.0,11.0,-9.0,4.0,-20.0,18.0,-25.0,5.0,-2.0,-7.0,11.0,-3.0,-7.0,4.0,31.0,-27.0,-2.0,-7.0,7.0,-15.0,-17.0,0.0,-1.0,-13.0,-10.0,-1.0,62.0,-8.0,-119.0,-19.0,-7.0,0.0,-1.0,2.0,1.0,-3.0,5.0,-4.0,4.0,-1.0,1.0,0.0,-1.0,3.0,-4.0,2.0,1.0,2.0,1.0,-2.0,0.0,-1.0,0.0,-1.0,-1.0,1.0,2.0,-1.0,1.0,-5.0,6.0,-3.0,4.0,-5.0,1.0,0.0,1.0,-2.0,-1.0,1.0,0.0
4.0,-1.0,1.0,-2.0,-2.0,3.0,-1.0,0.0,3.0,-1.0,0.0,0.0,1.0,-2.0,2.0,3.0,-2.0,-1.0,0.0,0.0,0.0,0.0,0.0,0.0,1.0,-3.0,-3.0,1.0,0.0,0.0,0.0,0.0,0.0,1.0,1.0,0.0,-1.0,-1.0,0.0,-2.0,2.0,0.0,0.0,-1.0,1.0,0.0,-3.0,0.0,2.0,-3.0,-54.0,-62.0,175.0,32.0,-6.0,-20.0,2.0,6.0,1.0,-11.0,-9.0,-6.0,-10.0,2.0,7.0,-1.0,7.0,-7.0,7.0,9.0,-10.0,-13.0,2.0,-8.0,16.0,14.0,-24.0,16.0,1.0,-2.0,10.0,2.0,-13.0,-5.0,-23.0,15.0,25.0,-9.0,-16.0,6.0,2.0,-2.0,-15.0,0.0,3.0,-13.0,14.0,-11.0,15.0,-18.0,6.0,-5.0,-9.0,-60.0,-9.0,-9.0,4.0,-14.0,3.0,-21.0,-3.0,-7.0,-32.0,-22.0,22.0,0.0,-5.0,1.0,-9.0,-23.0,71.0,19.0,-8.0,-10.0,-20.0,0.0,-12.0,13.0,9.0,2.0,-4.0,-6.0,4.0,5.0,8.0,-1.0,2.0,-9.0,5.0,-30.0,35.0,-25.0,11.0,-13.0,16.0,4.0,10.0,-19.0,26.0,6.0,5.0,9.0,-9.0,-12.0,2.0,99.0,-112.0,-29.0,-4.0,4.0,-4.0,5.0,-4.0,2.0,4.0,-1.0,-2.0,-1.0,1.0,1.0,0.0,-1.0,-3.0,1.0,3.0,-3.0,0.0,-3.0,3.0,-1.0,-1.0,4.0,2.0,-2.0,2.0,-3.0,0.0,0.0,-1.0,0.0,-2.0,-1.0,0.0,0.0,0.0,1.0,-2.0,-2.0,2.0,0.0
-1.0,0.0,0.0,2.0,2.0,2.0,0.0,2.0,-2.0,1.0,0.0,1.0,2.0,-2.0,3.0,-4.0,3.0,2.0,-1.0,-1.0,0.0,0.0,1.0,0.0,0.0,1.0,1.0,-1.0,0.0,0.0,0.0,0.0,-1.0,0.0,0.0,-1.0,2.0,2.0,-3.0,2.0,0.0,0.0,-1.0,-2.0,1.0,-1.0,-3.0,0.0,1.0,1.0,-7.0,-156.0,53.0,64.0,-16.0,1.0,-8.0,-1.0,3.0,-6.0,8.0,-11.0,8.0,-5.0,-2.0,9.0,3.0,3.0,-1.0,5.0,-3.0,0.0,3.0,11.0,5.0,-6.0,-8.0,17.0,-34.0,9.0,-13.0,18.0,7.0,-20.0,-17.0,62.0,-8.0,-5.0,-1.0,1.0,1.0,-21.0,2.0,-6.0,-1.0,-2.0,6.0,-6.0,2.0,-4.0,10.0,8.0,5.0,31.0,-28.0,18.0,-18.0,0.0,15.0,-14.0,37.0,27.0,5.0,-16.0,14.0,-6.0,-11.0,-15.0,-17.0,-9.0,16.0,48.0,-11.0,-5.0,12.0,-2.0,-4.0,-13.0,-2.0,-1.0,-11.0,-2.0,0.0,-23.0,-7.0,5.0,1.0,13.0,5.0,3.0,-6.0,14.0,9.0,-41.0,3.0,8.0,11.0,20.0,-18.0,8.0,-6.0,-3.0,0.0,-31.0,40.0,30.0,5.0,-34.0,-5.0,1.0,2.0,-2.0,-1.0,0.0,-4.0,1.0,3.0,-1.0,-3.0,1.0,-2.0,3.0,2.0,0.0,-2.0,4.0,0.0,3.0,0.0,1.0,-4.0,-1.0,2.0,-2.0,3.0,-2.0,0.0,-1.0,2.0,-1.0,3.0,-2.0,4.0,-2.0,0.0,0.0,1.0,2.0,-4.0,2.0
0.0,0.0,2.0,-1.0,-1.0,0.0,-2.0,-1.0,1.0,-3.0,3.0,-2.0,-2.0,0.0,-3.0,4.0,-3.0,3.0,-2.0,3.0,-1.0,1.0,-4.0,1.0,0.0,0.0,-1.0,4.0,-1.0,0.0,-1.0,-1.0,3.0,-2.0,-1.0,-2.0,1.0,0.0,1.0,0.0,0.0,-2.0,2.0,1.0,-1.0,2.0,0.0,-1.0,2.0,-3.0,0.0,-61.0,-3.0,87.0,13.0,-7.0,-6.0,-8.0,-16.0,25.0,11.0,-6.0,-1.0,7.0,-4.0,-1.0,7.0,-14.0,8.0,7.0,1.0,-11.0,2.0,10.0,8.0,-18.0,0.0,-12.0,44.0,-34.0,23.0,-33.0,22.0,2.0,29.0,4.0,-2.0,-14.0,-2.0,1.0,3.0,-13.0,-8.0,-2.0,9.0,14.0,0.0,-4.0,-1.0,-7.0,-2.0,-9.0,5.0,-12.0,13.0,-10.0,8.0,-6.0,6.0,-4.0,-3.0,-4.0,-2.0,-10.0,-25.0,-6.0,-27.0,-16.0,-7.0,-33.0,3.0,38.0,-15.0,10.0,14.0,-31.0,-20.0,-16.0,11.0,-9.0,-6.0,29.0,-5.0,13.0,-10.0,12.0,-1.0,1.0,23.0,-11.0,-2.0,-1.0,8.0,25.0,-5.0,0.0,-3.0,-20.0,-1.0,15.0,-2.0,-9.0,0.0,-3.0,-16.0,153.0,-114.0,-9.0,-9.0,2.0,-4.0,6.0,-2.0,1.0,-2.0,3.0,-3.0,4.0,-5.0,6.0,3.0,-2.0,-3.0,1.0,0.0,-1.0,-3.0,-1.0,7.0,-3.0,-4.0,5.0,2.0,-1.0,-1.0,-1.0,0.0,-1.0,2.0,0.0,-3.0,0.0,-2.0,4.0,0.0,1.0,0.0,0.0,1.0,0.0
-1.0,2.0,-1.0,-4.0,1.0,2.0,-1.0,0.0,1.0,-1.0,-1.0,-1.0,4.0,-2.0,4.0,-2.0,0.0,-1.0,-1.0,3.0,-1.0,0.0,1.0,0.0,0.0,0.0,0.0,-1.0,0.0,-1.0,5.0,-2.0,2.0,2.0,2.0,1.0,0.0,0.0,0.0,0.0,-1.0,2.0,0.0,0.0,-2.0,1.0,-1.0,0.0,-2.0,1.0,-4.0,-100.0,57.0,134.0,36.0,-5.0,-13.0,-14.0,17.0,-1.0,-17.0,-5.0,2.0,6.0,4.0,6.0,-1.0,2.0,-11.0,22.0,-22.0,5.0,20.0,-20.0,-10.0,5.0,-9.0,4.0,3.0,-8.0,-30.0,27.0,-4.0,-32.0,38.0,6.0,-16.0,-3.0,4.0,-7.0,1.0,-16.0,-14.0,-8.0,-4.0,-8.0,-6.0,6.0,9.0,12.0,-7.0,10.0,-5.0,2.0,-4.0,1.0,11.0,13.0,14.0,12.0,-21.0,-11.0,-52.0,-15.0,-9.0,-16.0,-4.0,-20.0,-13.0,-37.0,-32.0,38.0,21.0,-4.0,8.0,-21.0,30.0,-13.0,27.0,11.0,1.0,-9.0,16.0,4.0,11.0,-19.0,15.0,2.0,23.0,-16.0,5.0,7.0,-11.0,14.0,-8.0,-14.0,-1.0,13.0,-7.0,-7.0,-12.0,-1.0,-9.0,-23.0,13.0,108.0,-42.0,-9.0,-6.0,2.0,-2.0,-3.0,0.0,1.0,-1.0,-2.0,0.0,1.0,1.0,-4.0,0.0,-2.0,1.0,0.0,0.0,3.0,2.0,-5.0,4.0,-7.0,2.0,0.0,0.0,2.0,0.0,-1.0,0.0,1.0,-2.0,0.0,3.0,-2.0,0.0,0.0,-2.0,-2.0,2.0,0.0,0.0,0.0
6.0,-3.0,0.0,1.0,2.0,-2.0,0.0,0.0,1.0,-2.0,0.0,0.0,-1.0,0.0,-1.0,0.0,0.0,0.0,0.0,0.0,0.0,0.0,0.0,1.0,1.0,0.0,0.0,0.0,0.0,1.0,-5.0,1.0,-1.0,-1.0,-3.0,2.0,0.0,0.0,0.0,0.0,-2.0,2.0,0.0,-1.0,3.0,0.0,-1.0,0.0,-1.0,2.0,1.0,-44.0,-72.0,16.0,66.0,-6.0,1.0,-4.0,-7.0,24.0,-5.0,-5.0,-5.0,-7.0,4.0,3.0,1.0,-9.0,12.0,-4.0,6.0,-6.0,4.0,-5.0,-20.0,3.0,11.0,-17.0,-30.0,40.0,5.0,-26.0,3.0,-9.0,11.0,-3.0,-16.0,2.0,-13.0,-16.0,-40.0,-37.0,-23.0,-33.0,-24.0,-51.0,-4.0,5.0,15.0,-3.0,-8.0,-7.0,9.0,6.0,-7.0,-6.0,3.0,31.0,-28.0,-30.0,-37.0,-26.0,12.0,6.0,-19.0,-25.0,-15.0,-14.0,-20.0,-20.0,-45.0,17.0,27.0,-12.0,22.0,-4.0,10.0,24.0,-40.0,-16.0,-2.0,15.0,-41.0,5.0,14.0,16.0,1.0,6.0,-28.0,26.0,-9.0,-29.0,-25.0,25.0,3.0,7.0,-16.0,4.0,4.0,-5.0,2.0,6.0,-17.0,-21.0,51.0,115.0,-112.0,-18.0,-3.0,-1.0,3.0,0.0,1.0,1.0,-3.0,5.0,-7.0,7.0,-1.0,2.0,-1.0,2.0,4.0,0.0,-4.0,4.0,0.0,-2.0,4.0,-2.0,-1.0,4.0,-1.0,-6.0,2.0,-1.0,1.0,-3.0,0.0,1.0,-4.0,3.0,-1.0,1.0,-2.0,0.0,-2.0,1.0,0.0,1.0
2.0,-1.0,0.0,1.0,-3.0,-1.0,0.0,0.0,0.0,2.0,-1.0,1.0,1.0,1.0,0.0,0.0,0.0,0.0,2.0,-4.0,2.0,0.0,1.0,-3.0,-2.0,1.0,0.0,0.0,0.0,0.0,1.0,-1.0,-1.0,-1.0,3.0,-4.0,1.0,0.0,0.0,-1.0,4.0,-4.0,0.0,0.0,-3.0,1.0,-2.0,0.0,0.0,-2.0,1.0,-12.0,-104.0,-17.0,129.0,-31.0,-5.0,-6.0,3.0,-16.0,-3.0,-5.0,9.0,-3.0,3.0,6.0,-3.0,-1.0,-5.0,-4.0,10.0,-11.0,3.0,-12.0,13.0,2.0,8.0,-19.0,22.0,-27.0,10.0,11.0,8.0,-3.0,-6.0,15.0,-14.0,-23.0,-29.0,-18.0,18.0,75.0,70.0,99.0,38.0,33.0,-81.0,-47.0,-8.0,0.0,-7.0,-9.0,-5.0,-10.0,13.0,-7.0,3.0,-14.0,-36.0,-102.0,21.0,-7.0,87.0,59.0,96.0,26.0,2.0,-19.0,-21.0,7.0,-23.0,-10.0,14.0,2.0,-14.0,-5.0,-19.0,-23.0,15.0,-13.0,-6.0,3.0,20.0,-11.0,-28.0,15.0,0.0,-21.0,7.0,7.0,19.0,29.0,10.0,-14.0,19.0,-13.0,7.0,2.0,0.0,14.0,-7.0,3.0,-18.0,-12.0,-3.0,126.0,-68.0,-13.0,-5.0,-3.0,6.0,-8.0,-1.0,2.0,3.0,-2.0,0.0,2.0,-5.0,2.0,0.0,-2.0,0.0,1.0,-3.0,0.0,-2.0,7.0,-2.0,-4.0,5.0,-6.0,1.0,0.0,1.0,-1.0,1.0,-2.0,1.0,0.0,1.0,2.0,-2.0,0.0,2.0,-2.0,-2.0,1.0,1.0,-3.0
-1.0,0.0,0.0,1.0,2.0,3.0,-1.0,0.0,1.0,2.0,0.0,-4.0,-1.0,-3.0,0.0,0.0,0.0,1.0,-3.0,3.0,-3.0,1.0,0.0,2.0,-2.0,1.0,0.0,0.0,0.0,0.0,-2.0,2.0,2.0,-2.0,1.0,1.0,0.0,0.0,0.0,0.0,-3.0,2.0,4.0,-2.0,2.0,-1.0,3.0,-1.0,0.0,-1.0,2.0,-26.0,24.0,-37.0,89.0,-3.0,16.0,-5.0,-4.0,14.0,5.0,-3.0,8.0,-6.0,-4.0,10.0,-1.0,6.0,20.0,-11.0,-13.0,4.0,-8.0,17.0,-6.0,16.0,-6.0,-6.0,-18.0,14.0,-9.0,12.0,-11.0,-11.0,12.0,14.0,-21.0,-21.0,22.0,64.0,25.0,-21.0,5.0,-69.0,-41.0,9.0,109.0,-8.0,-50.0,-29.0,-4.0,3.0,6.0,-21.0,-20.0,-6.0,-24.0,-27.0,-19.0,132.0,72.0,31.0,-1.0,16.0,-25.0,12.0,52.0,86.0,15.0,-22.0,-25.0,-1.0,12.0,0.0,14.0,13.0,9.0,1.0,-16.0,42.0,-22.0,7.0,-14.0,3.0,-19.0,7.0,-32.0,12.0,-19.0,20.0,-34.0,17.0,-28.0,-2.0,15.0,-19.0,-10.0,0.0,0.0,2.0,-3.0,-22.0,-23.0,39.0,37.0,-15.0,-35.0,-17.0,-1.0,-1.0,1.0,-1.0,0.0,-1.0,-1.0,0.0,-1.0,3.0,1.0,2.0,0.0,-1.0,2.0,0.0,2.0,-2.0,3.0,0.0,-1.0,1.0,2.0,0.0,0.0,-1.0,2.0,-1.0,2.0,-1.0,-4.0,1.0,1.0,-4.0,4.0,-1.0,0.0,2.0,1.0,1.0,1.0,-2.0
0.0,0.0,1.0,-2.0,-1.0,-1.0,0.0,1.0,-3.0,-1.0,-1.0,6.0,-4.0,1.0,3.0,-1.0,0.0,1.0,-3.0,2.0,-3.0,2.0,0.0,1.0,-3.0,2.0,0.0,0.0,0.0,-2.0,2.0,1.0,1.0,-3.0,1.0,0.0,0.0,0.0,0.0,-1.0,3.0,-4.0,1.0,-1.0,1.0,0.0,-2.0,0.0,0.0,0.0,-1.0,-6.0,-56.0,-83.0,114.0,6.0,9.0,-5.0,-7.0,-10.0,-3.0,-3.0,-9.0,-13.0,12.0,8.0,-8.0,-17.0,12.0,-5.0,5.0,3.0,-35.0,29.0,-15.0,12.0,-21.0,-2.0,22.0,-30.0,4.0,6.0,15.0,-6.0,-11.0,13.0,-9.0,0.0,31.0,36.0,13.0,13.0,13.0,55.0,65.0,42.0,56.0,86.0,52.0,-26.0,3.0,9.0,5.0,20.0,0.0,16.0,9.0,-14.0,39.0,75.0,36.0,26.0,31.0,35.0,43.0,42.0,31.0,-5.0,46.0,-7.0,-20.0,26.0,-7.0,13.0,2.0,-19.0,-1.0,16.0,17.0,-25.0,-8.0,2.0,-10.0,7.0,-3.0,-3.0,-13.0,2.0,16.0,-39.0,8.0,20.0,-20.0,9.0,17.0,-5.0,-1.0,11.0,7.0,-5.0,-6.0,-14.0,-1.0,29.0,35.0,67.0,-109.0,2.0,-6.0,1.0,3.0,-3.0,-1.0,0.0,1.0,1.0,0.0,0.0,-3.0,-2.0,1.0,0.0,-3.0,1.0,-6.0,4.0,2.0,2.0,0.0,-3.0,5.0,-2.0,0.0,0.0,-3.0,1.0,-3.0,-1.0,2.0,0.0,0.0,3.0,-2.0,0.0,1.0,-4.0,2.0,-4.0,2.0,-2.0
-1.0,0.0,1.0,-2.0,0.0,0.0,0.0,-1.0,2.0,-2.0,0.0,-1.0,1.0,-1.0,3.0,-1.0,0.0,0.0,1.0,0.0,2.0,-3.0,1.0,0.0,2.0,-4.0,1.0,-1.0,-2.0,2.0,1.0,-4.0,2.0,1.0,0.0,0.0,0.0,0.0,0.0,-2.0,2.0,3.0,-4.0,0.0,2.0,0.0,-1.0,0.0,0.0,1.0,-1.0,-3.0,-6.0,-97.0,55.0,6.0,31.0,9.0,-22.0,-5.0,3.0,-3.0,-6.0,9.0,6.0,-12.0,-1.0,12.0,2.0,-7.0,19.0,-6.0,-20.0,11.0,8.0,-16.0,-2.0,-2.0,-12.0,25.0,-28.0,13.0,4.0,-7.0,-27.0,5.0,15.0,24.0,9.0,2.0,31.0,33.0,42.0,11.0,-15.0,35.0,30.0,-30.0,-21.0,71.0,-6.0,-26.0,7.0,18.0,7.0,-7.0,2.0,-17.0,-44.0,19.0,33.0,37.0,13.0,-22.0,-35.0,-50.0,-26.0,0.0,30.0,-20.0,-37.0,36.0,-9.0,2.0,-15.0,-2.0,-1.0,-13.0,-22.0,-1.0,5.0,4.0,-1.0,-6.0,4.0,20.0,22.0,-12.0,-4.0,-22.0,-16.0,-8.0,-6.0,16.0,-8.0,18.0,-19.0,-13.0,9.0,-2.0,-9.0,-18.0,13.0,24.0,56.0,63.0,-58.0,-3.0,1.0,-3.0,-2.0,1.0,2.0,-1.0,-3.0,-2.0,1.0,1.0,0.0,3.0,0.0,-1.0,2.0,4.0,4.0,-1.0,-1.0,-1.0,2.0,-5.0,-4.0,5.0,-1.0,-2.0,2.0,-1.0,2.0,-1.0,-4.0,1.0,2.0,-3.0,-1.0,0.0,0.0,1.0,0.0,2.0,1.0,-3.0
4.0,-2.0,0.0,2.0,-1.0,0.0,-1.0,4.0,-1.0,3.0,-1.0,0.0,0.0,0.0,-2.0,0.0,-1.0,-1.0,0.0,0.0,0.0,-3.0,1.0,-1.0,0.0,1.0,-1.0,3.0,2.0,1.0,1.0,2.0,-4.0,1.0,0.0,0.0,0.0,0.0,-1.0,3.0,-3.0,-3.0,2.0,0.0,-3.0,1.0,-1.0,0.0,1.0,-3.0,0.0,-2.0,-10.0,-24.0,-10.0,44.0,24.0,8.0,-17.0,-8.0,12.0,11.0,-11.0,0.0,2.0,1.0,12.0,9.0,-7.0,3.0,8.0,5.0,8.0,-4.0,-10.0,16.0,-4.0,1.0,-13.0,-23.0,0.0,5.0,-17.0,-9.0,-21.0,-7.0,8.0,-5.0,20.0,21.0,-249.0,3.0,-69.0,-24.0,4.0,-1.0,-11.0,-57.0,-59.0,0.0,47.0,-23.0,1.0,4.0,-25.0,-7.0,3.0,-19.0,-57.0,-67.0,-49.0,-46.0,-32.0,-31.0,-15.0,-35.0,-14.0,-9.0,-37.0,-35.0,70.0,15.0,-20.0,1.0,18.0,13.0,-1.0,3.0,-10.0,9.0,10.0,11.0,-13.0,9.0,-1.0,2.0,-1.0,17.0,-14.0,24.0,-21.0,10.0,-4.0,-5.0,-7.0,-23.0,22.0,-16.0,3.0,3.0,-8.0,-58.0,61.0,67.0,-39.0,15.0,-63.0,-2.0,-2.0,-3.0,4.0,-2.0,0.0,3.0,0.0,-3.0,2.0,-4.0,6.0,-3.0,1.0,0.0,-2.0,-4.0,2.0,-5.0,6.0,-2.0,1.0,-2.0,2.0,-1.0,-2.0,3.0,0.0,-1.0,1.0,-3.0,1.0,1.0,-4.0,3.0,3.0,-1.0,0.0,0.0,2.0,-3.0,1.0,2.0
-4.0,3.0,-2.0,1.0,-1.0,0.0,0.0,-1.0,1.0,-3.0,0.0,0.0,0.0,-1.0,4.0,-2.0,2.0,2.0,-2.0,-2.0,3.0,0.0,-1.0,3.0,-1.0,0.0,1.0,-2.0,-1.0,-1.0,-2.0,1.0,1.0,0.0,0.0,0.0,0.0,0.0,-2.0,1.0,1.0,2.0,0.0,-1.0,2.0,0.0,-1.0,0.0,1.0,-3.0,1.0,-2.0,-6.0,-84.0,-20.0,94.0,-19.0,12.0,51.0,-21.0,-18.0,6.0,-4.0,-12.0,-9.0,19.0,-4.0,6.0,-4.0,-3.0,8.0,-26.0,10.0,-13.0,-8.0,12.0,-3.0,4.0,-16.0,11.0,19.0,14.0,-2.0,-4.0,13.0,20.0,-3.0,-3.0,-25.0,-9.0,117.0,-69.0,-1.0,-21.0,-33.0,-41.0,-62.0,-61.0,-41.0,-38.0,10.0,17.0,-11.0,-30.0,-9.0,44.0,52.0,29.0,33.0,-23.0,-42.0,-44.0,-83.0,-48.0,-23.0,-27.0,-39.0,-46.0,7.0,60.0,-4.0,-16.0,0.0,4.0,-28.0,1.0,3.0,10.0,6.0,5.0,-26.0,-16.0,16.0,-7.0,-21.0,24.0,-16.0,-4.0,12.0,-13.0,3.0,5.0,-17.0,24.0,0.0,22.0,-28.0,5.0,-13.0,11.0,-2.0,-35.0,32.0,12.0,7.0,-12.0,-41.0,-5.0,-1.0,3.0,-3.0,4.0,0.0,-3.0,4.0,0.0,0.0,-3.0,1.0,-1.0,1.0,-1.0,3.0,3.0,-4.0,2.0,-1.0,2.0,-1.0,1.0,1.0,-1.0,3.0,-4.0,1.0,-1.0,0.0,2.0,-1.0,0.0,3.0,-2.0,-1.0,0.0,0.0,1.0,-2.0,-1.0,2.0,-4.0
1.0,0.0,3.0,0.0,-2.0,-1.0,0.0,0.0,0.0,3.0,-1.0,0.0,-1.0,0.0,-1.0,-1.0,1.0,0.0,2.0,2.0,2.0,-1.0,-2.0,2.0,-2.0,1.0,-5.0,5.0,-1.0,0.0,-2.0,1.0,-1.0,0.0,0.0,-1.0,0.0,-2.0,2.0,0.0,1.0,-4.0,1.0,-2.0,1.0,0.0,-1.0,0.0,1.0,1.0,0.0,-2.0,-15.0,33.0,-171.0,137.0,52.0,22.0,26.0,-28.0,-12.0,13.0,7.0,-5.0,-6.0,-19.0,-3.0,10.0,-8.0,-1.0,-16.0,13.0,7.0,-20.0,23.0,4.0,-7.0,27.0,0.0,13.0,-26.0,-16.0,4.0,1.0,5.0,-13.0,25.0,17.0,32.0,-56.0,-40.0,6.0,19.0,-6.0,6.0,5.0,24.0,43.0,41.0,37.0,10.0,24.0,-10.0,-5.0,16.0,3.0,30.0,10.0,19.0,37.0,52.0,32.0,62.0,14.0,15.0,73.0,62.0,68.0,34.0,-15.0,18.0,14.0,1.0,-2.0,10.0,-25.0,5.0,8.0,10.0,-1.0,3.0,10.0,-36.0,5.0,1.0,-20.0,39.0,-4.0,33.0,-12.0,-10.0,27.0,-27.0,15.0,27.0,-25.0,7.0,1.0,23.0,-30.0,2.0,38.0,-13.0,-12.0,152.0,-80.0,-42.0,1.0,-3.0,-2.0,0.0,-2.0,1.0,-1.0,-2.0,-1.0,4.0,0.0,2.0,-1.0,1.0,-1.0,-2.0,-3.0,3.0,0.0,-1.0,7.0,-1.0,2.0,-3.0,0.0,2.0,1.0,1.0,-1.0,2.0,-4.0,0.0,1.0,-2.0,0.0,0.0,0.0,0.0,1.0,-2.0,-1.0,1.0,1.0
0.0,1.0,-3.0,0.0,1.0,2.0,-1.0,0.0,2.0,-2.0,0.0,-1.0,3.0,-1.0,-1.0,-1.0,1.0,1.0,-3.0,-1.0,-1.0,-1.0,3.0,1.0,2.0,-2.0,1.0,-2.0,0.0,-2.0,2.0,-1.0,4.0,-1.0,-1.0,3.0,-2.0,2.0,0.0,0.0,-1.0,0.0,-2.0,3.0,0.0,0.0,-1.0,1.0,-3.0,2.0,-1.0,2.0,0.0,-19.0,-83.0,87.0,64.0,-83.0,52.0,-2.0,-3.0,-15.0,17.0,-8.0,-5.0,-1.0,-4.0,-6.0,5.0,-12.0,-18.0,23.0,27.0,0.0,-9.0,-9.0,-20.0,-42.0,7.0,-11.0,4.0,4.0,-1.0,2.0,-1.0,0.0,-11.0,5.0,15.0,52.0,45.0,47.0,-1.0,17.0,22.0,36.0,24.0,35.0,-23.0,-15.0,17.0,-3.0,9.0,18.0,3.0,-12.0,-25.0,-11.0,8.0,5.0,3.0,11.0,11.0,-1.0,10.0,-9.0,-5.0,-13.0,-3.0,-40.0,-13.0,-24.0,-2.0,0.0,-4.0,24.0,-4.0,5.0,10.0,-20.0,8.0,16.0,0.0,27.0,24.0,-24.0,-11.0,-13.0,-20.0,-14.0,29.0,-30.0,-11.0,-28.0,35.0,-12.0,-7.0,14.0,-6.0,-24.0,21.0,8.0,5.0,63.0,22.0,-58.0,15.0,7.0,-2.0,-4.0,-1.0,5.0,0.0,-3.0,5.0,-2.0,-1.0,2.0,-2.0,0.0,0.0,3.0,1.0,1.0,-4.0,1.0,2.0,-1.0,-2.0,-1.0,-1.0,1.0,-2.0,3.0,-3.0,1.0,-4.0,2.0,0.0,1.0,-2.0,0.0,0.0,0.0,0.0,0.0,2.0,-2.0,1.0,0.0
0.0,0.0,2.0,-2.0,0.0,1.0,-1.0,1.0,-3.0,0.0,0.0,-1.0,2.0,-3.0,3.0,-3.0,1.0,0.0,3.0,0.0,1.0,0.0,-1.0,-3.0,2.0,3.0,-2.0,4.0,-3.0,2.0,0.0,0.0,-1.0,-1.0,-2.0,2.0,-2.0,1.0,0.0,-2.0,3.0,1.0,2.0,-4.0,1.0,0.0,-1.0,1.0,-1.0,-2.0,2.0,-2.0,2.0,-15.0,-74.0,-38.0,106.0,0.0,-2.0,24.0,-23.0,17.0,-19.0,21.0,-4.0,9.0,3.0,15.0,0.0,7.0,20.0,-15.0,21.0,11.0,-37.0,2.0,26.0,18.0,-2.0,9.0,0.0,6.0,1.0,3.0,-12.0,-1.0,-16.0,-1.0,-7.0,-2.0,-14.0,-14.0,3.0,-4.0,-7.0,9.0,-22.0,-18.0,-1.0,9.0,0.0,21.0,6.0,-27.0,-1.0,-11.0,21.0,-35.0,-2.0,23.0,-17.0,17.0,-13.0,14.0,12.0,-3.0,-24.0,-20.0,-5.0,8.0,2.0,0.0,-2.0,8.0,-10.0,12.0,5.0,-6.0,-4.0,2.0,2.0,23.0,-27.0,2.0,31.0,-23.0,6.0,-8.0,16.0,-9.0,2.0,-28.0,7.0,-17.0,17.0,-1.0,-12.0,25.0,-23.0,-39.0,15.0,42.0,12.0,32.0,-13.0,-53.0,21.0,-18.0,-4.0,5.0,0.0,-4.0,1.0,5.0,-6.0,6.0,1.0,-2.0,1.0,0.0,1.0,-2.0,0.0,4.0,1.0,1.0,-2.0,2.0,-1.0,1.0,0.0,2.0,0.0,-1.0,-2.0,0.0,1.0,2.0,-5.0,2.0,3.0,-2.0,0.0,0.0,0.0,0.0,1.0,-3.0,1.0,0.0
0.0,0.0,0.0,2.0,-1.0,1.0,-2.0,-1.0,2.0,-2.0,0.0,-1.0,1.0,1.0,0.0,1.0,0.0,1.0,-1.0,-4.0,-3.0,0.0,-2.0,3.0,-2.0,-2.0,-1.0,-2.0,2.0,0.0,0.0,0.0,-1.0,2.0,1.0,1.0,-3.0,1.0,-1.0,3.0,-4.0,1.0,0.0,1.0,0.0,0.0,-2.0,1.0,-1.0,0.0,-2.0,2.0,0.0,-4.0,-53.0,-56.0,106.0,9.0,47.0,-28.0,-24.0,18.0,-30.0,-24.0,-11.0,19.0,-1.0,-20.0,1.0,-23.0,-17.0,14.0,27.0,-27.0,-3.0,17.0,-34.0,0.0,26.0,-8.0,-3.0,6.0,-4.0,-1.0,2.0,-9.0,10.0,-8.0,0.0,-17.0,0.0,-1.0,-6.0,-7.0,-9.0,24.0,16.0,-13.0,13.0,-19.0,12.0,-26.0,9.0,4.0,23.0,-8.0,-6.0,2.0,31.0,-73.0,17.0,3.0,-4.0,7.0,-22.0,23.0,-6.0,10.0,-23.0,-9.0,0.0,-9.0,-13.0,-13.0,0.0,5.0,-12.0,-25.0,5.0,-5.0,11.0,12.0,13.0,-31.0,-25.0,4.0,29.0,9.0,-34.0,16.0,-14.0,30.0,40.0,20.0,-15.0,-30.0,11.0,27.0,-37.0,1.0,29.0,13.0,25.0,56.0,-60.0,-20.0,-20.0,-1.0,2.0,5.0,-4.0,-2.0,2.0,-4.0,0.0,-2.0,-2.0,1.0,-4.0,1.0,2.0,-1.0,2.0,1.0,-3.0,3.0,0.0,3.0,0.0,-3.0,-3.0,-1.0,1.0,-2.0,2.0,-1.0,2.0,-4.0,2.0,-2.0,-3.0,3.0,-1.0,0.0,0.0,0.0,0.0,1.0,1.0,0.0
0.0,0.0,-1.0,1.0,-1.0,0.0,1.0,2.0,-2.0,2.0,-2.0,-2.0,1.0,1.0,0.0,0.0,0.0,1.0,-3.0,4.0,-2.0,2.0,1.0,1.0,-2.0,2.0,2.0,-2.0,1.0,0.0,0.0,0.0,-1.0,1.0,0.0,0.0,1.0,0.0,-2.0,2.0,1.0,0.0,0.0,0.0,0.0,-2.0,2.0,0.0,-1.0,0.0,1.0,-1.0,-2.0,1.0,-32.0,-120.0,149.0,-7.0,-17.0,42.0,-5.0,-39.0,46.0,2.0,-16.0,11.0,-9.0,0.0,-2.0,3.0,-2.0,22.0,-17.0,22.0,-15.0,-13.0,0.0,1.0,-2.0,-20.0,6.0,-9.0,2.0,5.0,-11.0,14.0,-10.0,-8.0,12.0,4.0,-1.0,10.0,-11.0,37.0,-10.0,-29.0,-24.0,30.0,27.0,-19.0,-12.0,-19.0,27.0,-83.0,40.0,7.0,-28.0,3.0,19.0,-13.0,22.0,-58.0,17.0,-31.0,11.0,-2.0,7.0,25.0,4.0,-10.0,16.0,-12.0,14.0,9.0,-27.0,-20.0,18.0,-21.0,31.0,-62.0,23.0,-25.0,-1.0,12.0,0.0,47.0,-9.0,-21.0,37.0,-18.0,-17.0,-29.0,-23.0,-12.0,36.0,11.0,13.0,7.0,-26.0,-26.0,0.0,42.0,25.0,36.0,-89.0,4.0,-11.0,3.0,0.0,0.0,-2.0,2.0,6.0,-4.0,-1.0,-1.0,2.0,-1.0,1.0,1.0,-2.0,1.0,-1.0,-1.0,0.0,0.0,-3.0,0.0,1.0,1.0,1.0,-1.0,-1.0,2.0,1.0,0.0,-3.0,2.0,0.0,-2.0,3.0,2.0,-1.0,0.0,0.0,0.0,1.0,2.0,-4.0,3.0
0.0,-1.0,4.0,0.0,-1.0,0.0,0.0,0.0,3.0,-1.0,1.0,2.0,2.0,-4.0,1.0,0.0,0.0,0.0,1.0,1.0,2.0,1.0,0.0,1.0,-3.0,2.0,1.0,-3.0,1.0,0.0,0.0,0.0,-2.0,1.0,0.0,0.0,0.0,-2.0,3.0,-4.0,1.0,-1.0,-1.0,-1.0,-2.0,2.0,0.0,0.0,-1.0,1.0,-3.0,1.0,0.0,-2.0,-25.0,-66.0,24.0,85.0,5.0,19.0,26.0,-12.0,-4.0,5.0,-19.0,5.0,-8.0,10.0,10.0,6.0,-17.0,-56.0,36.0,-23.0,-13.0,26.0,1.0,-5.0,-16.0,-3.0,16.0,-3.0,-4.0,1.0,-22.0,10.0,-32.0,0.0,-9.0,20.0,-11.0,-20.0,-21.0,41.0,-36.0,0.0,-14.0,40.0,-1.0,-35.0,24.0,-22.0,18.0,21.0,-58.0,28.0,4.0,-8.0,4.0,45.0,-22.0,-29.0,7.0,-26.0,1.0,38.0,-32.0,5.0,24.0,13.0,44.0,-7.0,-7.0,6.0,44.0,-6.0,-8.0,-5.0,-7.0,37.0,-13.0,-8.0,-6.0,33.0,5.0,-38.0,6.0,6.0,-24.0,-15.0,-20.0,33.0,-17.0,0.0,3.0,-17.0,-20.0,11.0,-59.0,65.0,-5.0,35.0,18.0,61.0,-65.0,-28.0,6.0,-5.0,1.0,-5.0,0.0,0.0,1.0,0.0,2.0,-4.0,7.0,-2.0,0.0,2.0,-1.0,1.0,0.0,0.0,0.0,0.0,2.0,2.0,-4.0,2.0,0.0,-2.0,5.0,3.0,-3.0,1.0,-3.0,1.0,0.0,-1.0,-3.0,-1.0,0.0,0.0,0.0,1.0,-3.0,-3.0,3.0,-4.0
0.0,0.0,-1.0,1.0,-1.0,0.0,0.0,1.0,-3.0,0.0,1.0,-3.0,-3.0,3.0,0.0,0.0,0.0,0.0,1.0,-3.0,-2.0,-3.0,1.0,0.0,2.0,-5.0,1.0,1.0,-1.0,0.0,-1.0,-1.0,2.0,0.0,0.0,0.0,-1.0,2.0,0.0,1.0,-1.0,3.0,2.0,1.0,2.0,0.0,0.0,0.0,-2.0,2.0,-2.0,1.0,0.0,-1.0,-8.0,-107.0,74.0,9.0,13.0,15.0,12.0,-34.0,44.0,26.0,-28.0,6.0,23.0,-13.0,22.0,25.0,-61.0,25.0,-2.0,4.0,32.0,-18.0,8.0,-13.0,11.0,4.0,-36.0,33.0,-14.0,-7.0,26.0,-8.0,6.0,-10.0,-6.0,39.0,-23.0,22.0,28.0,-10.0,-25.0,4.0,36.0,-56.0,-5.0,-23.0,8.0,-51.0,34.0,40.0,-31.0,44.0,-14.0,46.0,-48.0,6.0,-5.0,18.0,40.0,36.0,-72.0,-21.0,-13.0,-15.0,-10.0,-5.0,30.0,-3.0,-41.0,-54.0,40.0,26.0,29.0,-47.0,15.0,44.0,-43.0,-22.0,-5.0,1.0,-22.0,4.0,-20.0,4.0,29.0,50.0,-48.0,6.0,15.0,-22.0,10.0,8.0,-8.0,-9.0,-13.0,18.0,-12.0,16.0,56.0,9.0,-66.0,-11.0,3.0,-2.0,2.0,-4.0,6.0,-10.0,4.0,-1.0,0.0,2.0,-3.0,0.0,1.0,-3.0,0.0,0.0,-1.0,0.0,0.0,0.0,2.0,-3.0,3.0,-3.0,1.0,0.0,-2.0,-4.0,0.0,0.0,2.0,0.0,0.0,-4.0,7.0,-3.0,0.0,0.0,-1.0,0.0,1.0,1.0,0.0,1.0
0.0,0.0,1.0,2.0,-1.0,0.0,-1.0,0.0,3.0,-1.0,0.0,1.0,2.0,-4.0,1.0,0.0,0.0,0.0,0.0,1.0,1.0,1.0,0.0,0.0,-2.0,4.0,-2.0,-2.0,3.0,-2.0,3.0,-3.0,1.0,0.0,0.0,0.0,-1.0,1.0,0.0,0.0,0.0,-1.0,-2.0,2.0,-3.0,1.0,0.0,-1.0,4.0,-4.0,-2.0,1.0,-1.0,-3.0,-2.0,-46.0,-97.0,127.0,38.0,18.0,0.0,-25.0,-11.0,2.0,-6.0,-1.0,6.0,18.0,10.0,-20.0,27.0,-19.0,56.0,4.0,-32.0,4.0,-5.0,19.0,6.0,-8.0,4.0,1.0,-3.0,-1.0,12.0,-5.0,22.0,-11.0,36.0,-31.0,4.0,-19.0,12.0,-36.0,5.0,50.0,-21.0,-6.0,1.0,1.0,5.0,-52.0,19.0,-29.0,-15.0,-19.0,-16.0,-17.0,20.0,-15.0,-21.0,70.0,-8.0,7.0,27.0,9.0,51.0,9.0,-4.0,-31.0,6.0,25.0,-55.0,55.0,-32.0,-10.0,14.0,-4.0,1.0,32.0,46.0,-24.0,-44.0,-17.0,35.0,-19.0,10.0,-12.0,-11.0,-6.0,32.0,-54.0,47.0,-31.0,48.0,-5.0,-11.0,-9.0,-3.0,30.0,-7.0,41.0,117.0,-30.0,-29.0,-14.0,-3.0,-1.0,2.0,-4.0,5.0,0.0,3.0,-1.0,-1.0,2.0,-2.0,0.0,0.0,3.0,-2.0,5.0,2.0,0.0,0.0,-1.0,2.0,-2.0,3.0,-2.0,1.0,0.0,-1.0,2.0,-1.0,1.0,-4.0,2.0,-1.0,1.0,-2.0,2.0,-2.0,-1.0,4.0,-1.0,0.0,0.0,0.0,0.0
-1.0,1.0,-3.0,-2.0,0.0,-1.0,4.0,0.0,-2.0,0.0,0.0,0.0,0.0,1.0,0.0,-1.0,-1.0,0.0,0.0,0.0,0.0,0.0,0.0,-2.0,2.0,0.0,1.0,1.0,2.0,-2.0,1.0,0.0,-1.0,-1.0,-1.0,0.0,-2.0,1.0,0.0,0.0,-1.0,0.0,-1.0,2.0,-3.0,1.0,0.0,-1.0,-4.0,0.0,0.0,-1.0,2.0,-1.0,-1.0,-35.0,-102.0,181.0,-16.0,-35.0,41.0,2.0,-23.0,3.0,-17.0,3.0,-28.0,-6.0,-24.0,-12.0,1.0,19.0,-27.0,-45.0,45.0,-20.0,3.0,1.0,37.0,-1.0,18.0,8.0,-19.0,20.0,30.0,-2.0,-9.0,-15.0,-60.0,46.0,14.0,21.0,-4.0,-15.0,33.0,-18.0,25.0,-59.0,59.0,54.0,-3.0,-9.0,36.0,7.0,-15.0,-14.0,-1.0,46.0,32.0,-76.0,41.0,-90.0,-9.0,38.0,-15.0,34.0,-73.0,10.0,-9.0,-21.0,17.0,34.0,-12.0,-62.0,53.0,43.0,19.0,-7.0,16.0,10.0,-47.0,40.0,24.0,14.0,16.0,16.0,5.0,24.0,33.0,-35.0,29.0,-18.0,-68.0,-20.0,26.0,-68.0,21.0,-20.0,11.0,53.0,-12.0,58.0,-21.0,-34.0,-28.0,0.0,-3.0,4.0,1.0,-3.0,-3.0,1.0,-1.0,-1.0,5.0,-5.0,4.0,-2.0,2.0,-4.0,1.0,-6.0,5.0,-5.0,0.0,4.0,1.0,-2.0,-1.0,-2.0,1.0,0.0,-1.0,1.0,-1.0,0.0,2.0,-3.0,0.0,-1.0,4.0,-1.0,1.0,-2.0,-1.0,0.0,0.0,1.0,0.0,0.0
3.0,-1.0,1.0,3.0,-1.0,-1.0,-1.0,1.0,-2.0,-1.0,-1.0,-1.0,-1.0,-1.0,-2.0,2.0,2.0,-1.0,0.0,0.0,0.0,0.0,-1.0,3.0,0.0,0.0,0.0,1.0,-3.0,-1.0,0.0,2.0,1.0,1.0,2.0,-3.0,2.0,0.0,0.0,-1.0,3.0,-2.0,-1.0,0.0,0.0,-2.0,-2.0,0.0,2.0,-1.0,1.0,-3.0,-1.0,1.0,-4.0,-14.0,-106.0,33.0,52.0,-8.0,38.0,-14.0,-8.0,-3.0,2.0,22.0,-26.0,31.0,5.0,10.0,13.0,-9.0,26.0,-5.0,16.0,-13.0,20.0,-6.0,11.0,25.0,-22.0,-31.0,4.0,-7.0,13.0,-6.0,-19.0,17.0,-13.0,-34.0,30.0,21.0,26.0,-15.0,57.0,-66.0,3.0,-12.0,30.0,-8.0,-26.0,16.0,16.0,-30.0,62.0,-14.0,-70.0,89.0,-56.0,47.0,-89.0,66.0,-23.0,-35.0,61.0,-19.0,-98.0,72.0,-36.0,3.0,5.0,-11.0,-12.0,-19.0,-3.0,9.0,-24.0,-46.0,8.0,22.0,27.0,-45.0,50.0,-75.0,28.0,-11.0,3.0,12.0,-19.0,36.0,24.0,-4.0,-34.0,-17.0,28.0,-42.0,18.0,11.0,8.0,-31.0,-20.0,85.0,-23.0,-104.0,-16.0,1.0,-2.0,0.0,2.0,1.0,-2.0,1.0,1.0,1.0,-1.0,3.0,-4.0,5.0,-5.0,8.0,-3.0,7.0,-2.0,1.0,1.0,-2.0,2.0,2.0,-2.0,1.0,1.0,0.0,-1.0,2.0,-1.0,0.0,2.0,-3.0,0.0,0.0,0.0,0.0,4.0,1.0,-1.0,0.0,1.0,-4.0,1.0,0.0
2.0,-2.0,1.0,-3.0,-1.0,4.0,-1.0,0.0,1.0,1.0,1.0,1.0,1.0,1.0,1.0,0.0,1.0,-1.0,0.0,0.0,0.0,-1.0,0.0,-2.0,2.0,1.0,1.0,0.0,2.0,-3.0,0.0,1.0,0.0,0.0,0.0,1.0,0.0,-1.0,-1.0,-1.0,2.0,3.0,-5.0,2.0,-1.0,3.0,-3.0,0.0,2.0,-1.0,2.0,-3.0,-1.0,0.0,1.0,-5.0,-69.0,-13.0,79.0,-18.0,13.0,14.0,-21.0,-5.0,35.0,27.0,-15.0,-15.0,10.0,-8.0,-10.0,-4.0,12.0,10.0,-28.0,-50.0,15.0,-11.0,20.0,15.0,-68.0,37.0,-15.0,-3.0,-12.0,-3.0,-47.0,64.0,-33.0,-66.0,46.0,-38.0,-8.0,30.0,-26.0,37.0,-26.0,-8.0,47.0,39.0,-81.0,39.0,15.0,-43.0,3.0,-29.0,39.0,-13.0,15.0,1.0,2.0,2.0,21.0,14.0,-2.0,-4.0,-48.0,75.0,19.0,-32.0,38.0,-12.0,-26.0,-4.0,6.0,20.0,-2.0,-65.0,-44.0,64.0,-13.0,14.0,-59.0,101.0,-73.0,21.0,-40.0,27.0,-24.0,4.0,-11.0,7.0,37.0,20.0,14.0,-30.0,32.0,4.0,42.0,4.0,57.0,65.0,-46.0,9.0,-22.0,0.0,4.0,-3.0,-1.0,1.0,-2.0,2.0,-2.0,-4.0,3.0,-3.0,3.0,0.0,-1.0,-2.0,0.0,-4.0,0.0,1.0,-4.0,6.0,-3.0,3.0,-2.0,6.0,-4.0,1.0,0.0,-2.0,0.0,1.0,-4.0,2.0,-1.0,1.0,-4.0,-3.0,0.0,1.0,-1.0,0.0,0.0,1.0,0.0,0.0
0.0,2.0,-1.0,0.0,-2.0,-1.0,0.0,0.0,0.0,0.0,0.0,1.0,-1.0,0.0,0.0,0.0,1.0,-2.0,-1.0,0.0,-2.0,3.0,-2.0,-1.0,-2.0,-2.0,-3.0,1.0,0.0,1.0,-1.0,1.0,0.0,0.0,0.0,-1.0,-2.0,2.0,2.0,-2.0,-3.0,-5.0,2.0,1.0,-1.0,2.0,1.0,0.0,-2.0,1.0,-3.0,1.0,3.0,0.0,-5.0,2.0,-66.0,-4.0,145.0,-41.0,43.0,0.0,-3.0,18.0,-40.0,7.0,-25.0,12.0,-2.0,-11.0,-17.0,44.0,38.0,-35.0,22.0,91.0,-15.0,38.0,4.0,-32.0,6.0,20.0,25.0,32.0,-16.0,-18.0,26.0,64.0,-60.0,30.0,9.0,15.0,5.0,0.0,-51.0,51.0,8.0,-9.0,37.0,-40.0,18.0,-11.0,21.0,24.0,-9.0,34.0,-11.0,32.0,58.0,1.0,-6.0,31.0,39.0,12.0,2.0,32.0,-66.0,45.0,-11.0,29.0,-49.0,60.0,-22.0,35.0,-28.0,41.0,-27.0,31.0,-27.0,41.0,12.0,-9.0,3.0,41.0,-77.0,46.0,5.0,0.0,7.0,37.0,-21.0,-8.0,-33.0,59.0,-39.0,-19.0,-31.0,-42.0,56.0,-22.0,64.0,5.0,-12.0,-43.0,-19.0,-1.0,0.0,-1.0,0.0,-1.0,-3.0,2.0,-3.0,7.0,-4.0,-2.0,4.0,-3.0,0.0,-2.0,5.0,1.0,5.0,1.0,-3.0,1.0,-1.0,1.0,-6.0,4.0,-2.0,1.0,0.0,-1.0,1.0,1.0,2.0,1.0,-2.0,-1.0,5.0,0.0,0.0,1.0,-1.0,-1.0,0.0,0.0,0.0,0.0
0.0,1.0,-4.0,7.0,0.0,-2.0,-1.0,0.0,-1.0,0.0,0.0,-6.0,4.0,-2.0,0.0,-1.0,-1.0,0.0,1.0,-4.0,1.0,-1.0,0.0,1.0,0.0,0.0,0.0,-1.0,-1.0,-1.0,-2.0,1.0,0.0,0.0,-2.0,2.0,1.0,0.0,-1.0,-2.0,2.0,-1.0,0.0,2.0,0.0,-2.0,1.0,0.0,-1.0,1.0,-3.0,2.0,-3.0,0.0,1.0,0.0,-22.0,-146.0,95.0,24.0,29.0,-8.0,13.0,-4.0,-10.0,-43.0,-9.0,10.0,-22.0,-19.0,77.0,-44.0,-81.0,-39.0,122.0,-127.0,16.0,-1.0,43.0,-91.0,13.0,-1.0,9.0,-60.0,40.0,-44.0,5.0,39.0,17.0,-59.0,25.0,-4.0,27.0,35.0,-3.0,16.0,14.0,7.0,11.0,-1.0,53.0,-32.0,52.0,37.0,6.0,51.0,24.0,-29.0,45.0,12.0,8.0,21.0,-3.0,45.0,-43.0,-46.0,70.0,9.0,16.0,15.0,-7.0,-17.0,22.0,-27.0,22.0,44.0,-57.0,37.0,4.0,22.0,-9.0,25.0,-80.0,133.0,-37.0,20.0,-33.0,9.0,20.0,-5.0,-14.0,-42.0,7.0,-37.0,15.0,0.0,50.0,-68.0,2.0,69.0,-68.0,96.0,9.0,-58.0,20.0,3.0,-5.0,-1.0,-3.0,8.0,-1.0,1.0,-3.0,0.0,1.0,3.0,-2.0,-2.0,-1.0,5.0,-5.0,0.0,-1.0,-2.0,2.0,1.0,6.0,-6.0,7.0,-5.0,0.0,1.0,1.0,0.0,-2.0,-2.0,-1.0,-3.0,4.0,-1.0,-2.0,0.0,0.0,1.0,-3.0,3.0,-1.0,0.0,0.0,-1.0
0.0,0.0,2.0,0.0,-1.0,1.0,1.0,-2.0,3.0,-2.0,2.0,2.0,0.0,2.0,-3.0,2.0,1.0,1.0,1.0,2.0,1.0,1.0,2.0,-3.0,2.0,1.0,1.0,0.0,1.0,0.0,0.0,-1.0,-1.0,-2.0,1.0,-1.0,-1.0,-3.0,-1.0,2.0,-1.0,2.0,0.0,-3.0,1.0,-1.0,2.0,2.0,-1.0,0.0,2.0,-7.0,3.0,-2.0,-1.0,-1.0,-15.0,-70.0,1.0,93.0,-32.0,12.0,-25.0,-7.0,4.0,-29.0,14.0,47.0,6.0,-12.0,45.0,-111.0,56.0,35.0,33.0,-76.0,-5.0,20.0,-42.0,76.0,-25.0,15.0,58.0,-100.0,59.0,-79.0,74.0,8.0,-40.0,18.0,16.0,7.0,30.0,-63.0,55.0,5.0,5.0,-25.0,9.0,5.0,9.0,-19.0,21.0,12.0,5.0,34.0,0.0,-27.0,-19.0,12.0,10.0,-32.0,0.0,-5.0,31.0,24.0,14.0,40.0,53.0,-65.0,69.0,-40.0,62.0,-54.0,14.0,-31.0,93.0,-81.0,42.0,-8.0,-83.0,12.0,13.0,-94.0,-57.0,57.0,26.0,-3.0,6.0,10.0,-4.0,19.0,-17.0,10.0,-42.0,12.0,-12.0,26.0,16.0,-40.0,45.0,63.0,-72.0,9.0,-21.0,3.0,-3.0,3.0,3.0,-2.0,0.0,1.0,1.0,0.0,1.0,-3.0,3.0,2.0,-1.0,-1.0,4.0,2.0,-3.0,0.0,3.0,-1.0,-2.0,3.0,0.0,-3.0,-1.0,3.0,-4.0,1.0,-2.0,3.0,-1.0,-2.0,-1.0,-1.0,4.0,-1.0,0.0,0.0,1.0,2.0,-1.0,1.0,-1.0,4.0
-1.0,1.0,-4.0,2.0,-1.0,-1.0,5.0,-4.0,2.0,-3.0,1.0,1.0,1.0,0.0,2.0,0.0,0.0,-1.0,0.0,0.0,-2.0,-1.0,-1.0,1.0,0.0,0.0,-1.0,3.0,-3.0,1.0,0.0,0.0,-1.0,-2.0,1.0,0.0,-2.0,1.0,2.0,0.0,-2.0,0.0,-1.0,2.0,1.0,-1.0,-2.0,-9.0,-3.0,-3.0,-5.0,5.0,-5.0,-1.0,-1.0,-3.0,-7.0,-23.0,-33.0,85.0,19.0,34.0,1.0,47.0,19.0,-41.0,1.0,15.0,7.0,-10.0,76.0,-87.0,5.0,7.0,23.0,-59.0,23.0,27.0,27.0,-84.0,7.0,58.0,-48.0,96.0,-101.0,25.0,31.0,9.0,2.0,19.0,7.0,45.0,-34.0,32.0,-18.0,-42.0,-32.0,-16.0,-56.0,-29.0,0.0,-33.0,33.0,25.0,-3.0,3.0,-38.0,-13.0,-42.0,-45.0,-43.0,-37.0,-50.0,-38.0,-42.0,-33.0,-9.0,39.0,12.0,33.0,34.0,-18.0,93.0,-31.0,-66.0,-29.0,14.0,27.0,16.0,54.0,-53.0,13.0,2.0,29.0,11.0,21.0,-20.0,31.0,9.0,-5.0,-15.0,32.0,49.0,-42.0,10.0,-7.0,8.0,2.0,81.0,-52.0,46.0,-66.0,-37.0,-23.0,5.0,-5.0,0.0,-1.0,0.0,-4.0,3.0,-3.0,1.0,1.0,1.0,-2.0,3.0,-3.0,0.0,3.0,-3.0,0.0,-2.0,0.0,-1.0,3.0,-4.0,-1.0,1.0,0.0,4.0,-3.0,2.0,-1.0,-3.0,2.0,-3.0,2.0,-2.0,0.0,-1.0,0.0,0.0,0.0,1.0,-2.0,1.0,-4.0,2.0,0.0
3.0,-1.0,1.0,2.0,-1.0,-1.0,-1.0,1.0,-1.0,1.0,1.0,-2.0,-3.0,2.0,-4.0,1.0,-1.0,3.0,-1.0,-3.0,5.0,1.0,2.0,-2.0,-1.0,-1.0,-3.0,0.0,-1.0,1.0,0.0,-1.0,3.0,1.0,0.0,-1.0,2.0,-1.0,1.0,-1.0,2.0,3.0,-3.0,1.0,-6.0,0.0,1.0,0.0,5.0,0.0,1.0,-2.0,2.0,-1.0,0.0,0.0,4.0,-43.0,-81.0,4.0,54.0,36.0,-30.0,-22.0,44.0,-12.0,-9.0,1.0,16.0,-3.0,-49.0,39.0,-29.0,32.0,-4.0,6.0,62.0,-14.0,-47.0,20.0,53.0,-63.0,31.0,23.0,-6.0,-31.0,25.0,-30.0,51.0,8.0,5.0,-4.0,-26.0,-28.0,-40.0,-4.0,-17.0,-1.0,-12.0,-16.0,-56.0,-77.0,-55.0,-36.0,-34.0,-101.0,-15.0,-27.0,15.0,4.0,26.0,29.0,31.0,16.0,1.0,-17.0,-24.0,-68.0,-44.0,-22.0,-19.0,57.0,28.0,-36.0,-10.0,62.0,-34.0,-14.0,-15.0,11.0,-112.0,57.0,32.0,14.0,5.0,-83.0,21.0,-55.0,22.0,36.0,-16.0,-59.0,54.0,-5.0,-10.0,73.0,15.0,-51.0,42.0,-25.0,88.0,-25.0,-63.0,0.0,-1.0,1.0,-1.0,1.0,1.0,3.0,-2.0,-1.0,2.0,-2.0,3.0,-1.0,4.0,-3.0,1.0,0.0,-5.0,2.0,1.0,4.0,1.0,-2.0,1.0,-1.0,2.0,1.0,0.0,-1.0,0.0,3.0,0.0,1.0,1.0,-2.0,2.0,-1.0,0.0,0.0,0.0,0.0,2.0,-2.0,-1.0,2.0,-3.0,-2.0
2.0,-1.0,1.0,-3.0,-2.0,3.0,-3.0,-2.0,2.0,-2.0,0.0,-4.0,2.0,-1.0,0.0,0.0,-2.0,2.0,-3.0,1.0,3.0,-6.0,0.0,0.0,0.0,-2.0,2.0,0.0,-2.0,1.0,0.0,0.0,-3.0,1.0,0.0,-2.0,1.0,-3.0,0.0,-1.0,-5.0,1.0,-1.0,1.0,-2.0,2.0,-5.0,5.0,-2.0,1.0,0.0,-2.0,1.0,-2.0,-1.0,-3.0,-3.0,-10.0,-59.0,23.0,81.0,6.0,-31.0,0.0,23.0,0.0,-12.0,-26.0,17.0,3.0,-23.0,45.0,32.0,-82.0,-49.0,29.0,-1.0,37.0,-53.0,43.0,-78.0,8.0,28.0,-32.0,-29.0,47.0,0.0,17.0,11.0,-7.0,-48.0,-30.0,-8.0,20.0,13.0,15.0,30.0,11.0,32.0,31.0,33.0,37.0,-3.0,-50.0,-15.0,27.0,23.0,29.0,11.0,6.0,3.0,-6.0,6.0,4.0,-6.0,9.0,20.0,16.0,-6.0,-67.0,-35.0,-19.0,2.0,1.0,47.0,-18.0,66.0,8.0,-21.0,56.0,-11.0,4.0,-54.0,13.0,-13.0,66.0,-35.0,45.0,-34.0,43.0,-62.0,30.0,12.0,-89.0,13.0,3.0,27.0,28.0,16.0,-61.0,118.0,40.0,-57.0,-2.0,-3.0,5.0,-2.0,-3.0,-2.0,-2.0,0.0,-1.0,4.0,-6.0,1.0,-3.0,0.0,2.0,1.0,0.0,2.0,-2.0,5.0,2.0,-2.0,0.0,6.0,0.0,-1.0,1.0,-2.0,0.0,1.0,-1.0,2.0,-3.0,1.0,3.0,0.0,-1.0,0.0,0.0,-1.0,1.0,-4.0,3.0,2.0,-1.0,1.0,1.0
1.0,-3.0,-2.0,-1.0,0.0,-2.0,4.0,-2.0,3.0,-1.0,0.0,2.0,-5.0,1.0,1.0,-4.0,1.0,-1.0,0.0,-2.0,0.0,2.0,0.0,0.0,-1.0,2.0,0.0,-1.0,2.0,0.0,-1.0,-1.0,3.0,0.0,-1.0,2.0,-3.0,4.0,0.0,-2.0,1.0,0.0,-4.0,-3.0,-2.0,1.0,1.0,-1.0,1.0,-4.0,-1.0,2.0,-2.0,-1.0,6.0,1.0,-8.0,6.0,-59.0,-41.0,68.0,-37.0,0.0,25.0,-5.0,22.0,-14.0,-4.0,-25.0,23.0,60.0,-90.0,52.0,-17.0,-2.0,38.0,-45.0,0.0,-44.0,-6.0,45.0,1.0,20.0,-13.0,15.0,29.0,-6.0,-2.0,-24.0,-37.0,-2.0,5.0,-1.0,6.0,-2.0,-6.0,-3.0,8.0,-6.0,-7.0,9.0,-5.0,29.0,0.0,4.0,2.0,-12.0,-2.0,-7.0,-11.0,-8.0,-10.0,-9.0,-13.0,0.0,-6.0,-6.0,7.0,13.0,29.0,-23.0,-65.0,-35.0,0.0,-19.0,36.0,-23.0,-7.0,69.0,-87.0,29.0,-72.0,154.0,-102.0,-47.0,5.0,19.0,-58.0,38.0,-19.0,-29.0,-11.0,82.0,9.0,-66.0,49.0,2.0,22.0,-37.0,79.0,-17.0,-109.0,0.0,-1.0,3.0,-5.0,1.0,-1.0,0.0,2.0,-1.0,-1.0,-2.0,5.0,1.0,-2.0,1.0,4.0,-4.0,1.0,-2.0,-2.0,-5.0,-2.0,2.0,-4.0,-1.0,-2.0,3.0,-7.0,1.0,0.0,3.0,-3.0,-2.0,0.0,-3.0,-2.0,1.0,-1.0,0.0,-1.0,4.0,-1.0,3.0,-4.0,2.0,-1.0,-1.0,0.0
1.0,2.0,2.0,3.0,-1.0,0.0,-1.0,1.0,-1.0,0.0,0.0,-1.0,5.0,-1.0,0.0,2.0,0.0,0.0,0.0,-1.0,3.0,-4.0,1.0,0.0,-1.0,1.0,1.0,-1.0,1.0,-1.0,4.0,-1.0,-3.0,1.0,-2.0,-1.0,0.0,-2.0,-1.0,2.0,-5.0,-1.0,3.0,3.0,-1.0,-1.0,-2.0,-1.0,0.0,-1.0,2.0,-2.0,0.0,2.0,-2.0,-1.0,-1.0,-4.0,-47.0,-56.0,109.0,6.0,18.0,24.0,-7.0,15.0,-21.0,19.0,3.0,-35.0,-58.0,78.0,12.0,-48.0,74.0,-17.0,7.0,4.0,8.0,-84.0,20.0,40.0,21.0,1.0,14.0,-8.0,-26.0,-27.0,-23.0,-5.0,13.0,-2.0,10.0,-3.0,-11.0,-2.0,-9.0,4.0,-1.0,-10.0,21.0,-3.0,-9.0,-1.0,-3.0,-3.0,-9.0,4.0,-5.0,5.0,-3.0,-22.0,-16.0,-7.0,4.0,-3.0,11.0,-31.0,-10.0,7.0,46.0,20.0,-31.0,-26.0,-37.0,7.0,53.0,-59.0,62.0,28.0,-14.0,-58.0,6.0,7.0,4.0,28.0,-40.0,63.0,-9.0,53.0,-61.0,-32.0,10.0,-11.0,-62.0,-1.0,16.0,-9.0,44.0,53.0,-105.0,-22.0,1.0,0.0,-1.0,1.0,0.0,-2.0,1.0,-1.0,-3.0,3.0,-2.0,-1.0,-3.0,-2.0,4.0,-6.0,3.0,5.0,-3.0,2.0,1.0,0.0,1.0,7.0,-2.0,-1.0,2.0,-1.0,0.0,3.0,0.0,-3.0,4.0,-2.0,2.0,2.0,0.0,-1.0,0.0,0.0,-1.0,1.0,-3.0,2.0,1.0,-2.0,3.0,-2.0
-1.0,-1.0,-1.0,-1.0,1.0,0.0,1.0,-4.0,1.0,1.0,1.0,1.0,0.0,1.0,1.0,-5.0,0.0,-1.0,0.0,0.0,-3.0,2.0,0.0,-1.0,-1.0,3.0,-4.0,0.0,2.0,0.0,-3.0,-3.0,-1.0,-3.0,-1.0,-1.0,-4.0,-1.0,1.0,-5.0,3.0,0.0,-2.0,-1.0,0.0,-3.0,3.0,0.0,-3.0,2.0,-3.0,-1.0,1.0,-2.0,1.0,2.0,-9.0,16.0,-51.0,8.0,58.0,1.0,20.0,-39.0,1.0,24.0,23.0,6.0,30.0,-42.0,-17.0,57.0,23.0,-125.0,58.0,27.0,-17.0,57.0,-57.0,0.0,16.0,23.0,21.0,-33.0,29.0,12.0,-25.0,-9.0,21.0,8.0,-8.0,6.0,-10.0,-1.0,-9.0,1.0,-10.0,-3.0,4.0,-11.0,19.0,7.0,1.0,2.0,-10.0,-13.0,2.0,-1.0,-8.0,-9.0,4.0,-4.0,-4.0,12.0,-22.0,-8.0,-6.0,-6.0,-5.0,-21.0,-16.0,33.0,0.0,-8.0,-54.0,25.0,-52.0,36.0,29.0,-38.0,32.0,-8.0,3.0,5.0,-34.0,-9.0,44.0,22.0,-34.0,5.0,-22.0,4.0,30.0,-158.0,65.0,84.0,-66.0,-26.0,72.0,27.0,-93.0,-23.0,-1.0,2.0,3.0,-1.0,-1.0,2.0,0.0,-1.0,-1.0,-2.0,1.0,2.0,-1.0,4.0,-3.0,2.0,-3.0,1.0,-3.0,1.0,1.0,-5.0,-1.0,-3.0,4.0,-1.0,3.0,-2.0,4.0,-5.0,-3.0,4.0,-2.0,0.0,-3.0,3.0,1.0,-1.0,0.0,1.0,0.0,1.0,-3.0,1.0,1.0,-2.0,3.0,-2.0
0.0,0.0,0.0,1.0,-3.0,2.0,0.0,2.0,2.0,-3.0,-2.0,-1.0,-1.0,-2.0,1.0,4.0,2.0,3.0,-1.0,-1.0,3.0,0.0,-1.0,3.0,-3.0,-4.0,2.0,-1.0,-4.0,-4.0,2.0,-4.0,5.0,-4.0,-3.0,-3.0,3.0,7.0,-2.0,-3.0,2.0,-2.0,4.0,-1.0,-2.0,8.0,2.0,0.0,-2.0,-6.0,1.0,2.0,1.0,-1.0,2.0,-2.0,-1.0,4.0,-1.0,-115.0,50.0,30.0,-35.0,17.0,-11.0,15.0,-27.0,-5.0,-28.0,14.0,48.0,-16.0,26.0,2.0,-45.0,-5.0,28.0,8.0,-75.0,53.0,15.0,24.0,-13.0,-27.0,42.0,-43.0,-10.0,-4.0,-15.0,8.0,3.0,-10.0,11.0,-14.0,-4.0,-15.0,-3.0,-13.0,-5.0,2.0,-1.0,6.0,-5.0,-3.0,-12.0,0.0,-20.0,2.0,4.0,14.0,1.0,17.0,0.0,-11.0,3.0,-14.0,-2.0,1.0,-3.0,0.0,-36.0,-11.0,9.0,-2.0,-23.0,23.0,-67.0,45.0,10.0,5.0,1.0,34.0,-3.0,-42.0,59.0,-14.0,-17.0,15.0,76.0,-36.0,12.0,34.0,24.0,-20.0,19.0,22.0,-25.0,2.0,96.0,89.0,57.0,-61.0,-11.0,-5.0,-3.0,-1.0,-1.0,1.0,-1.0,3.0,-3.0,5.0,-3.0,-1.0,5.0,-9.0,5.0,-2.0,2.0,-1.0,1.0,0.0,-1.0,4.0,4.0,-2.0,5.0,-4.0,1.0,2.0,-5.0,2.0,3.0,-2.0,0.0,0.0,-2.0,0.0,-3.0,0.0,1.0,-4.0,1.0,0.0,1.0,0.0,2.0,-1.0,-1.0,-1.0
1.0,0.0,1.0,2.0,-1.0,-2.0,3.0,-2.0,-2.0,2.0,2.0,-2.0,-1.0,0.0,-3.0,0.0,-1.0,-2.0,-2.0,0.0,-3.0,1.0,-1.0,-1.0,2.0,3.0,-5.0,0.0,-1.0,2.0,1.0,7.0,-5.0,3.0,6.0,-4.0,0.0,-5.0,-5.0,1.0,0.0,4.0,-1.0,-1.0,0.0,-4.0,-3.0,2.0,-1.0,7.0,2.0,2.0,-5.0,-2.0,3.0,-6.0,2.0,-2.0,-3.0,-44.0,0.0,-14.0,24.0,-2.0,28.0,16.0,7.0,-17.0,14.0,-15.0,-15.0,17.0,-19.0,-61.0,74.0,1.0,-49.0,14.0,78.0,-39.0,15.0,-5.0,-25.0,-10.0,6.0,-24.0,4.0,8.0,3.0,1.0,5.0,12.0,-15.0,2.0,-5.0,4.0,-11.0,0.0,-1.0,-8.0,5.0,-2.0,-5.0,2.0,3.0,3.0,5.0,0.0,14.0,2.0,-5.0,19.0,8.0,3.0,6.0,15.0,-1.0,6.0,10.0,2.0,-9.0,-6.0,-6.0,-10.0,-21.0,-20.0,-15.0,-14.0,3.0,5.0,7.0,70.0,-38.0,64.0,-153.0,99.0,46.0,-128.0,47.0,-49.0,57.0,-55.0,-24.0,61.0,15.0,17.0,-49.0,58.0,9.0,-42.0,-60.0,16.0,13.0,19.0,-8.0,1.0,-3.0,2.0,-1.0,3.0,-3.0,1.0,-2.0,2.0,-6.0,2.0,-5.0,3.0,-1.0,3.0,0.0,0.0,-1.0,1.0,-4.0,1.0,3.0,0.0,-1.0,-2.0,-3.0,3.0,-2.0,0.0,0.0,-1.0,2.0,-1.0,2.0,-2.0,-1.0,1.0,1.0,0.0,0.0,1.0,-2.0,-1.0,0.0,4.0
-3.0,3.0,-3.0,-1.0,0.0,0.0,-1.0,0.0,-2.0,1.0,0.0,1.0,2.0,-3.0,1.0,-1.0,-3.0,0.0,4.0,-5.0,1.0,-2.0,-4.0,1.0,1.0,-7.0,2.0,-6.0,-1.0,3.0,-8.0,-6.0,1.0,-8.0,2.0,0.0,6.0,-2.0,2.0,2.0,-2.0,0.0,-7.0,2.0,3.0,-5.0,-4.0,-6.0,-5.0,-8.0,-3.0,-7.0,2.0,5.0,-1.0,-6.0,-9.0,-3.0,4.0,-24.0,-44.0,4.0,69.0,8.0,-37.0,-7.0,2.0,-15.0,-4.0,134.0,-157.0,44.0,32.0,-36.0,-43.0,8.0,16.0,26.0,-39.0,39.0,12.0,-37.0,1.0,-10.0,-27.0,-20.0,-15.0,-2.0,-6.0,-13.0,10.0,8.0,-26.0,5.0,5.0,10.0,15.0,15.0,7.0,20.0,16.0,24.0,22.0,15.0,25.0,3.0,-8.0,6.0,-9.0,18.0,8.0,3.0,8.0,17.0,31.0,15.0,11.0,10.0,3.0,-14.0,8.0,1.0,-16.0,-4.0,7.0,17.0,12.0,14.0,-35.0,-10.0,-17.0,52.0,-51.0,-130.0,89.0,-33.0,-39.0,39.0,-14.0,31.0,21.0,61.0,14.0,-94.0,2.0,50.0,-28.0,120.0,-73.0,-25.0,-36.0,-22.0,-10.0,-11.0,3.0,-1.0,0.0,-6.0,0.0,-5.0,2.0,-6.0,2.0,-1.0,4.0,-3.0,3.0,0.0,-2.0,3.0,-5.0,1.0,5.0,-3.0,-1.0,4.0,-3.0,-2.0,1.0,2.0,2.0,-2.0,0.0,0.0,1.0,-1.0,1.0,-2.0,0.0,1.0,2.0,0.0,-4.0,2.0,1.0,2.0,-2.0,5.0,-5.0,0.0
0.0,-2.0,3.0,-1.0,0.0,-1.0,-1.0,-2.0,2.0,0.0,0.0,0.0,0.0,0.0,2.0,0.0,3.0,0.0,3.0,0.0,-2.0,1.0,-2.0,-3.0,0.0,0.0,6.0,-1.0,0.0,-3.0,0.0,7.0,-1.0,8.0,-5.0,2.0,-11.0,3.0,-3.0,-2.0,6.0,-6.0,4.0,0.0,-5.0,1.0,5.0,1.0,12.0,8.0,0.0,2.0,-9.0,-24.0,-29.0,-23.0,-27.0,-13.0,-14.0,-48.0,-130.0,86.0,-12.0,57.0,-48.0,49.0,-11.0,14.0,-17.0,52.0,-37.0,56.0,-81.0,38.0,7.0,-39.0,24.0,23.0,6.0,6.0,-14.0,-8.0,-5.0,-15.0,-19.0,-8.0,-1.0,-3.0,-5.0,-16.0,-30.0,-9.0,-7.0,7.0,8.0,-9.0,13.0,-33.0,18.0,37.0,4.0,-30.0,-43.0,17.0,-21.0,-14.0,21.0,23.0,19.0,-50.0,24.0,-16.0,21.0,-14.0,7.0,5.0,1.0,3.0,1.0,38.0,25.0,-19.0,32.0,67.0,54.0,48.0,14.0,-14.0,39.0,-20.0,-11.0,-9.0,40.0,41.0,-10.0,7.0,-21.0,-15.0,-29.0,-23.0,-68.0,-26.0,25.0,20.0,-62.0,2.0,73.0,16.0,27.0,-93.0,47.0,5.0,-1.0,0.0,-4.0,2.0,-6.0,3.0,-5.0,5.0,-2.0,-1.0,3.0,-4.0,1.0,2.0,-3.0,-3.0,2.0,1.0,1.0,-5.0,1.0,0.0,-1.0,0.0,1.0,0.0,-3.0,5.0,-4.0,0.0,-1.0,1.0,-4.0,0.0,0.0,3.0,-2.0,0.0,2.0,-1.0,1.0,-3.0,-2.0,-2.0,0.0,-1.0,0.0,4.0
-1.0,-2.0,2.0,-2.0,-2.0,1.0,0.0,0.0,-1.0,0.0,-1.0,-1.0,-2.0,-3.0,0.0,-3.0,0.0,-3.0,-1.0,-2.0,0.0,0.0,1.0,-1.0,2.0,1.0,-2.0,1.0,-2.0,0.0,2.0,-2.0,0.0,-6.0,-1.0,2.0,1.0,0.0,0.0,0.0,1.0,1.0,3.0,2.0,2.0,-1.0,-10.0,-10.0,-10.0,-24.0,-12.0,-10.0,-17.0,-3.0,26.0,74.0,92.0,46.0,-61.0,-67.0,100.0,45.0,20.0,-38.0,48.0,3.0,48.0,-32.0,34.0,49.0,-105.0,-16.0,47.0,-19.0,-2.0,21.0,-20.0,19.0,-10.0,-34.0,-27.0,1.0,8.0,21.0,6.0,20.0,15.0,18.0,30.0,12.0,1.0,55.0,-9.0,51.0,29.0,-10.0,26.0,-16.0,-54.0,22.0,-6.0,-18.0,-17.0,2.0,32.0,14.0,2.0,1.0,10.0,2.0,15.0,21.0,-7.0,-2.0,9.0,-21.0,-3.0,22.0,-15.0,-9.0,-32.0,52.0,45.0,7.0,-12.0,0.0,11.0,15.0,45.0,8.0,-4.0,-18.0,31.0,-17.0,-42.0,59.0,28.0,37.0,54.0,-28.0,56.0,-6.0,34.0,-10.0,-5.0,17.0,39.0,-8.0,-17.0,16.0,-36.0,10.0,-5.0,-2.0,5.0,-1.0,3.0,-2.0,0.0,0.0,-1.0,1.0,-4.0,4.0,-3.0,-2.0,2.0,2.0,-3.0,-1.0,-3.0,4.0,1.0,-6.0,4.0,1.0,-2.0,3.0,1.0,-5.0,4.0,-1.0,4.0,-1.0,2.0,-1.0,1.0,-4.0,4.0,0.0,-3.0,-1.0,3.0,0.0,1.0,2.0,-2.0,-1.0,-1.0,-1.0
1.0,1.0,0.0,0.0,-1.0,3.0,2.0,1.0,2.0,-5.0,0.0,-2.0,2.0,0.0,-2.0,2.0,-2.0,0.0,1.0,-2.0,-1.0,-1.0,-3.0,1.0,-2.0,4.0,-4.0,-5.0,2.0,1.0,-2.0,1.0,0.0,0.0,3.0,-4.0,1.0,-2.0,11.0,-2.0,2.0,-2.0,-16.0,-4.0,-17.0,-15.0,-1.0,-8.0,8.0,30.0,7.0,-8.0,13.0,108.0,23.0,-34.0,-46.0,-51.0,-81.0,137.0,-1.0,-15.0,-11.0,-23.0,49.0,-30.0,-46.0,-31.0,28.0,-52.0,72.0,-108.0,-8.0,62.0,-19.0,6.0,-8.0,22.0,-18.0,-13.0,2.0,19.0,25.0,20.0,30.0,34.0,13.0,-3.0,-46.0,32.0,8.0,-3.0,13.0,27.0,-28.0,-12.0,-13.0,29.0,35.0,20.0,11.0,24.0,16.0,12.0,2.0,-6.0,23.0,-11.0,-10.0,20.0,-21.0,11.0,-8.0,17.0,-4.0,-7.0,-29.0,8.0,-34.0,1.0,60.0,14.0,17.0,-10.0,-23.0,-15.0,-24.0,-38.0,9.0,-12.0,-6.0,-10.0,16.0,42.0,-32.0,-25.0,12.0,46.0,-16.0,-40.0,10.0,1.0,-17.0,-64.0,2.0,14.0,-5.0,12.0,-64.0,-16.0,1.0,1.0,0.0,-2.0,4.0,-7.0,1.0,1.0,3.0,-5.0,4.0,1.0,1.0,-5.0,3.0,4.0,-8.0,0.0,1.0,4.0,-3.0,1.0,0.0,-2.0,3.0,2.0,-2.0,-3.0,-1.0,4.0,-1.0,-3.0,1.0,1.0,-3.0,0.0,0.0,2.0,-2.0,1.0,2.0,-3.0,3.0,-1.0,0.0,-1.0,1.0,1.0,2.0,-2.0
-1.0,-1.0,-2.0,1.0,1.0,-4.0,-5.0,-1.0,-3.0,5.0,2.0,1.0,-2.0,1.0,-2.0,-5.0,0.0,0.0,0.0,0.0,1.0,0.0,2.0,-1.0,-1.0,-2.0,0.0,1.0,-4.0,2.0,0.0,2.0,0.0,-1.0,1.0,3.0,-6.0,1.0,-2.0,-18.0,-16.0,-7.0,9.0,11.0,18.0,26.0,15.0,29.0,15.0,-29.0,-15.0,10.0,89.0,-68.0,-25.0,-7.0,-9.0,-77.0,83.0,87.0,-53.0,-70.0,-87.0,127.0,-18.0,-9.0,5.0,-15.0,1.0,-19.0,40.0,56.0,-73.0,39.0,-1.0,-43.0,48.0,7.0,27.0,5.0,18.0,2.0,-13.0,-9.0,-3.0,16.0,23.0,29.0,26.0,1.0,-22.0,-6.0,10.0,-5.0,-60.0,32.0,3.0,29.0,-17.0,-7.0,4.0,3.0,-13.0,-16.0,11.0,-3.0,-14.0,22.0,4.0,1.0,17.0,-37.0,17.0,-5.0,-15.0,19.0,-5.0,-17.0,33.0,-1.0,-5.0,25.0,-20.0,-37.0,-12.0,-39.0,-11.0,-12.0,-4.0,32.0,-1.0,-25.0,-8.0,-11.0,17.0,13.0,-14.0,-53.0,-44.0,13.0,19.0,51.0,16.0,20.0,35.0,31.0,19.0,32.0,-27.0,-11.0,1.0,-3.0,-3.0,-1.0,3.0,3.0,-1.0,0.0,3.0,-4.0,5.0,-2.0,-4.0,4.0,-5.0,1.0,1.0,-2.0,-2.0,-4.0,2.0,-3.0,-2.0,2.0,-3.0,5.0,-6.0,1.0,-3.0,0.0,2.0,-2.0,-1.0,2.0,-3.0,0.0,0.0,1.0,0.0,-2.0,2.0,3.0,-2.0,0.0,-2.0,4.0,-1.0,0.0,1.0,-3.0
0.0,0.0,-2.0,0.0,0.0,0.0,3.0,1.0,-4.0,-2.0,-2.0,0.0,1.0,0.0,5.0,9.0,-3.0,-2.0,-4.0,1.0,-3.0,-4.0,1.0,3.0,2.0,3.0,-5.0,5.0,0.0,2.0,-5.0,-2.0,1.0,0.0,2.0,-13.0,-7.0,-11.0,-13.0,5.0,14.0,11.0,0.0,-8.0,2.0,10.0,12.0,4.0,-20.0,-10.0,-10.0,78.0,-42.0,-10.0,6.0,3.0,-25.0,-71.0,136.0,-21.0,-46.0,61.0,-46.0,72.0,-82.0,89.0,7.0,-23.0,43.0,-101.0,6.0,63.0,-51.0,30.0,-26.0,-32.0,18.0,-35.0,6.0,-3.0,19.0,-12.0,8.0,-14.0,-10.0,-12.0,-8.0,12.0,-3.0,23.0,-11.0,1.0,5.0,-10.0,-14.0,-12.0,-11.0,-29.0,22.0,-8.0,-2.0,-17.0,-25.0,19.0,3.0,-24.0,-2.0,2.0,-17.0,4.0,8.0,-17.0,10.0,-13.0,-13.0,3.0,-9.0,8.0,5.0,16.0,16.0,-23.0,-36.0,-21.0,-16.0,26.0,12.0,9.0,-14.0,-2.0,29.0,-7.0,10.0,-3.0,-7.0,21.0,11.0,14.0,15.0,-10.0,-14.0,-34.0,-119.0,41.0,72.0,30.0,18.0,-86.0,-44.0,12.0,0.0,1.0,0.0,-1.0,1.0,-2.0,0.0,1.0,-2.0,-4.0,0.0,-2.0,0.0,2.0,-3.0,2.0,0.0,3.0,-2.0,-1.0,0.0,-1.0,-4.0,-3.0,2.0,-3.0,-2.0,-1.0,-4.0,0.0,-5.0,3.0,-9.0,1.0,1.0,-2.0,0.0,1.0,-1.0,-6.0,-1.0,-2.0,0.0,-1.0,4.0,-2.0,-1.0,0.0,0.0,2.0
0.0,-1.0,1.0,3.0,-2.0,-3.0,-1.0,2.0,1.0,5.0,-5.0,-1.0,-1.0,-2.0,-1.0,-5.0,-3.0,3.0,6.0,5.0,1.0,1.0,3.0,-1.0,-3.0,-5.0,-3.0,-1.0,-1.0,-2.0,3.0,-2.0,-8.0,-18.0,-20.0,7.0,7.0,15.0,14.0,9.0,7.0,5.0,-3.0,-15.0,-4.0,5.0,10.0,2.0,-10.0,-3.0,-5.0,56.0,-45.0,-7.0,-3.0,-3.0,-42.0,-46.0,109.0,-4.0,58.0,-62.0,-41.0,71.0,34.0,-3.0,-65.0,16.0,86.0,-46.0,58.0,23.0,-24.0,32.0,-5.0,72.0,10.0,-27.0,6.0,5.0,-17.0,-3.0,-26.0,-1.0,8.0,-10.0,-15.0,-13.0,-8.0,12.0,-7.0,6.0,13.0,7.0,-8.0,19.0,-5.0,1.0,-5.0,-5.0,-5.0,-9.0,-10.0,34.0,15.0,18.0,-23.0,15.0,-14.0,-2.0,15.0,-7.0,12.0,5.0,-7.0,-7.0,6.0,34.0,26.0,13.0,-51.0,-40.0,0.0,12.0,-4.0,16.0,2.0,-20.0,-23.0,-11.0,15.0,45.0,-1.0,28.0,1.0,13.0,-9.0,-5.0,31.0,-79.0,-13.0,35.0,89.0,-79.0,-15.0,69.0,-56.0,-41.0,17.0,6.0,-5.0,4.0,5.0,-3.0,-3.0,0.0,-1.0,1.0,1.0,2.0,1.0,0.0,2.0,0.0,-5.0,3.0,-5.0,2.0,0.0,2.0,-2.0,-2.0,0.0,-7.0,-2.0,0.0,1.0,-2.0,-2.0,3.0,0.0,-1.0,5.0,0.0,-4.0,1.0,-3.0,-2.0,5.0,0.0,0.0,2.0,-2.0,0.0,-1.0,-2.0,4.0,-1.0,1.0,-4.0
-1.0,-3.0,-1.0,2.0,0.0,3.0,-1.0,-2.0,-2.0,0.0,2.0,-1.0,-2.0,3.0,-1.0,0.0,-2.0,0.0,-6.0,-6.0,0.0,-2.0,-7.0,-4.0,2.0,1.0,0.0,-2.0,-5.0,0.0,-14.0,-7.0,10.0,20.0,19.0,11.0,4.0,6.0,-2.0,1.0,2.0,5.0,5.0,-7.0,3.0,2.0,0.0,-2.0,-6.0,-13.0,27.0,24.0,-25.0,-1.0,2.0,2.0,-45.0,-23.0,87.0,2.0,23.0,-12.0,-13.0,-9.0,87.0,-90.0,40.0,27.0,-87.0,3.0,14.0,-12.0,50.0,-84.0,33.0,-14.0,-41.0,6.0,7.0,27.0,-20.0,14.0,1.0,-11.0,-6.0,-11.0,-13.0,-9.0,-10.0,5.0,16.0,2.0,12.0,-18.0,22.0,-6.0,-12.0,12.0,12.0,-9.0,-6.0,11.0,-18.0,9.0,0.0,12.0,-27.0,-3.0,-6.0,-9.0,4.0,-14.0,6.0,-17.0,45.0,-4.0,8.0,23.0,-18.0,-61.0,-18.0,-2.0,6.0,4.0,2.0,-15.0,19.0,-9.0,31.0,31.0,-38.0,17.0,-29.0,27.0,1.0,8.0,-44.0,52.0,-10.0,0.0,-18.0,47.0,21.0,27.0,49.0,-58.0,21.0,-6.0,16.0,-2.0,-10.0,15.0,-4.0,9.0,-1.0,-6.0,4.0,-6.0,1.0,-2.0,7.0,-3.0,-1.0,4.0,3.0,-1.0,1.0,-1.0,3.0,-4.0,6.0,-5.0,6.0,6.0,-6.0,2.0,-6.0,-9.0,3.0,0.0,-2.0,-2.0,2.0,0.0,1.0,-1.0,3.0,-1.0,2.0,-5.0,3.0,-2.0,1.0,-2.0,-1.0,4.0,-3.0,-1.0,-1.0,0.0
-1.0,3.0,2.0,-4.0,1.0,0.0,5.0,4.0,-2.0,3.0,-4.0,-1.0,2.0,1.0,-4.0,-1.0,2.0,3.0,4.0,5.0,-4.0,-2.0,2.0,9.0,-4.0,-2.0,-8.0,-7.0,0.0,-2.0,14.0,9.0,5.0,1.0,-1.0,4.0,-1.0,4.0,-5.0,2.0,5.0,0.0,0.0,-1.0,10.0,0.0,-4.0,-4.0,-5.0,-18.0,44.0,1.0,-23.0,0.0,2.0,-1.0,-51.0,-18.0,81.0,6.0,-6.0,25.0,-69.0,44.0,-108.0,109.0,7.0,-34.0,-9.0,25.0,15.0,42.0,-52.0,-30.0,-4.0,40.0,26.0,15.0,5.0,-3.0,19.0,10.0,7.0,1.0,-2.0,3.0,-7.0,-1.0,2.0,-14.0,-3.0,-3.0,2.0,-5.0,3.0,-1.0,-7.0,20.0,-32.0,9.0,-2.0,2.0,1.0,4.0,23.0,-13.0,13.0,4.0,-2.0,-5.0,-1.0,-7.0,-3.0,-6.0,-8.0,11.0,22.0,-64.0,-48.0,-3.0,-2.0,14.0,-7.0,2.0,-8.0,14.0,-5.0,20.0,-3.0,-20.0,61.0,-37.0,-50.0,-7.0,42.0,15.0,20.0,0.0,-9.0,6.0,52.0,-48.0,51.0,13.0,53.0,30.0,-25.0,-75.0,17.0,40.0,34.0,-5.0,-6.0,26.0,12.0,16.0,-6.0,1.0,-4.0,4.0,-9.0,3.0,5.0,-8.0,-2.0,7.0,-8.0,6.0,0.0,6.0,-4.0,2.0,2.0,4.0,-1.0,1.0,-1.0,2.0,2.0,-7.0,-1.0,1.0,4.0,-5.0,2.0,1.0,-2.0,2.0,-2.0,3.0,-2.0,1.0,3.0,0.0,-2.0,-3.0,3.0,1.0,1.0,1.0
-3.0,1.0,-1.0,1.0,-5.0,-4.0,0.0,-2.0,3.0,2.0,4.0,-2.0,2.0,-1.0,3.0,5.0,-3.0,3.0,-2.0,-7.0,4.0,0.0,-10.0,-11.0,-14.0,-10.0,20.0,13.0,8.0,10.0,5.0,0.0,8.0,-13.0,3.0,5.0,6.0,1.0,4.0,0.0,-1.0,4.0,-3.0,-1.0,2.0,2.0,-1.0,-3.0,-3.0,-17.0,49.0,-4.0,-25.0,3.0,3.0,0.0,-31.0,-81.0,117.0,-4.0,21.0,-15.0,9.0,-26.0,-11.0,-33.0,-29.0,72.0,-28.0,26.0,-3.0,-42.0,3.0,46.0,-2.0,-57.0,45.0,-41.0,7.0,-57.0,-5.0,5.0,-2.0,-3.0,-20.0,15.0,-10.0,-7.0,8.0,-18.0,4.0,-13.0,-6.0,-3.0,6.0,-12.0,11.0,3.0,-14.0,13.0,11.0,-18.0,-11.0,16.0,-1.0,-13.0,-14.0,-30.0,-3.0,12.0,-4.0,-9.0,0.0,9.0,2.0,-27.0,-61.0,3.0,-6.0,34.0,15.0,5.0,4.0,-15.0,3.0,-14.0,-9.0,-27.0,15.0,1.0,-1.0,16.0,-25.0,2.0,-6.0,8.0,62.0,-72.0,64.0,18.0,-32.0,74.0,-43.0,-55.0,-17.0,-62.0,12.0,-16.0,-66.0,-9.0,-6.0,-4.0,1.0,-40.0,7.0,10.0,23.0,7.0,3.0,5.0,-3.0,0.0,-4.0,8.0,-1.0,-6.0,6.0,-4.0,-3.0,0.0,-3.0,7.0,-9.0,5.0,0.0,3.0,-3.0,-2.0,-5.0,1.0,-2.0,-3.0,-8.0,3.0,-1.0,-3.0,1.0,-2.0,1.0,-2.0,2.0,-1.0,-5.0,2.0,-1.0,0.0,-4.0,0.0,0.0,-1.0
1.0,-1.0,1.0,0.0,-1.0,1.0,3.0,-3.0,-2.0,-14.0,-4.0,0.0,-4.0,0.0,-4.0,0.0,2.0,-4.0,-9.0,-4.0,-17.0,-15.0,-1.0,-2.0,23.0,13.0,3.0,4.0,0.0,5.0,-1.0,5.0,3.0,-15.0,-3.0,11.0,6.0,-6.0,-1.0,-5.0,0.0,-1.0,2.0,0.0,2.0,1.0,-2.0,4.0,-9.0,-11.0,34.0,2.0,-28.0,2.0,0.0,1.0,-14.0,-99.0,113.0,10.0,24.0,-34.0,59.0,-70.0,34.0,20.0,16.0,6.0,-74.0,59.0,9.0,-1.0,11.0,87.0,-87.0,99.0,-39.0,34.0,-15.0,33.0,0.0,28.0,-14.0,0.0,-6.0,-9.0,6.0,9.0,14.0,-27.0,-3.0,-6.0,6.0,-3.0,0.0,-7.0,0.0,-7.0,-10.0,-20.0,8.0,-11.0,-56.0,15.0,-42.0,-1.0,9.0,-22.0,-16.0,-9.0,-9.0,-10.0,-13.0,-29.0,-36.0,-21.0,13.0,2.0,7.0,-12.0,10.0,15.0,4.0,20.0,-7.0,9.0,10.0,-43.0,4.0,-32.0,0.0,0.0,33.0,-14.0,32.0,27.0,-115.0,-15.0,31.0,-60.0,-28.0,40.0,-29.0,-11.0,81.0,95.0,-14.0,7.0,-38.0,-17.0,7.0,11.0,-5.0,8.0,-27.0,-18.0,8.0,6.0,0.0,7.0,2.0,10.0,1.0,-2.0,-9.0,7.0,-3.0,-4.0,5.0,3.0,-4.0,1.0,3.0,-2.0,0.0,-6.0,1.0,8.0,5.0,-3.0,0.0,-3.0,-1.0,-4.0,-9.0,2.0,0.0,-2.0,1.0,0.0,-2.0,1.0,2.0,1.0,-2.0,5.0,-3.0,3.0,-3.0,2.0
-1.0,-3.0,3.0,-1.0,3.0,0.0,-3.0,1.0,2.0,5.0,4.0,-1.0,4.0,1.0,7.0,-8.0,1.0,-11.0,-15.0,-14.0,-3.0,19.0,0.0,25.0,-1.0,-1.0,0.0,-3.0,4.0,0.0,2.0,4.0,3.0,-12.0,0.0,15.0,7.0,2.0,-3.0,-8.0,-2.0,-6.0,3.0,3.0,-1.0,5.0,-3.0,4.0,-9.0,-14.0,19.0,40.0,-36.0,1.0,4.0,-3.0,-8.0,-86.0,69.0,33.0,26.0,-29.0,4.0,103.0,-193.0,30.0,4.0,-19.0,14.0,21.0,-21.0,60.0,-98.0,-13.0,-16.0,14.0,17.0,27.0,3.0,-29.0,15.0,-10.0,-7.0,0.0,3.0,-3.0,-1.0,1.0,5.0,7.0,-9.0,-7.0,-30.0,-2.0,2.0,5.0,1.0,-2.0,-2.0,-20.0,2.0,-3.0,-11.0,-8.0,-12.0,-9.0,4.0,9.0,4.0,12.0,-7.0,-9.0,1.0,-8.0,15.0,12.0,48.0,-8.0,10.0,32.0,2.0,-13.0,-15.0,-24.0,-10.0,-5.0,2.0,-17.0,36.0,-38.0,0.0,14.0,-7.0,8.0,19.0,12.0,18.0,-31.0,-9.0,-3.0,102.0,-92.0,31.0,90.0,-67.0,-78.0,0.0,66.0,-10.0,-34.0,15.0,-3.0,0.0,-4.0,4.0,-15.0,-21.0,10.0,28.0,8.0,-11.0,21.0,11.0,19.0,5.0,-3.0,1.0,-2.0,2.0,1.0,2.0,-3.0,1.0,4.0,1.0,2.0,-3.0,-1.0,-1.0,10.0,3.0,3.0,0.0,1.0,0.0,-2.0,-7.0,0.0,0.0,-1.0,-1.0,-3.0,-2.0,3.0,0.0,1.0,-2.0,-1.0,-1.0,4.0
2.0,0.0,0.0,1.0,-2.0,0.0,2.0,-1.0,0.0,0.0,2.0,-1.0,-2.0,-6.0,-17.0,-15.0,-9.0,-2.0,18.0,21.0,20.0,10.0,9.0,2.0,-2.0,0.0,-5.0,-11.0,7.0,4.0,2.0,4.0,3.0,-20.0,-6.0,11.0,10.0,-1.0,-2.0,-2.0,-1.0,2.0,-1.0,2.0,2.0,2.0,7.0,-1.0,-5.0,-2.0,4.0,44.0,-40.0,-4.0,2.0,-1.0,1.0,-55.0,-19.0,86.0,28.0,-29.0,17.0,5.0,-37.0,21.0,87.0,-21.0,-122.0,79.0,-26.0,-47.0,68.0,13.0,33.0,-18.0,-18.0,-21.0,-26.0,62.0,62.0,-13.0,-2.0,4.0,-2.0,-6.0,-2.0,12.0,-6.0,21.0,-3.0,9.0,3.0,-8.0,-8.0,-11.0,-10.0,4.0,7.0,-2.0,-5.0,4.0,5.0,-1.0,-6.0,-6.0,-15.0,-23.0,-36.0,-22.0,-17.0,-10.0,7.0,-1.0,-10.0,28.0,-32.0,41.0,22.0,-11.0,-18.0,5.0,4.0,-4.0,11.0,-3.0,1.0,11.0,18.0,-33.0,-6.0,55.0,12.0,-34.0,-70.0,25.0,79.0,-16.0,88.0,8.0,-58.0,9.0,79.0,35.0,-18.0,-53.0,-43.0,101.0,-24.0,-11.0,-10.0,-24.0,21.0,9.0,-2.0,3.0,-4.0,-7.0,-17.0,-3.0,7.0,-17.0,-19.0,7.0,9.0,5.0,5.0,0.0,1.0,3.0,-3.0,-2.0,3.0,-5.0,3.0,0.0,0.0,5.0,-5.0,-1.0,3.0,-3.0,0.0,0.0,-3.0,-4.0,5.0,-1.0,-6.0,-1.0,0.0,-1.0,-3.0,-1.0,-4.0,-2.0,3.0,-1.0,1.0,-6.0
-4.0,-1.0,-2.0,3.0,-1.0,1.0,3.0,1.0,0.0,-1.0,-13.0,-20.0,-29.0,-24.0,1.0,12.0,11.0,-12.0,13.0,16.0,11.0,3.0,-4.0,-9.0,-1.0,2.0,-2.0,-8.0,1.0,9.0,1.0,2.0,4.0,-18.0,-5.0,16.0,12.0,2.0,-5.0,0.0,-4.0,0.0,-2.0,1.0,4.0,4.0,-1.0,-9.0,-17.0,-8.0,-9.0,72.0,-45.0,-7.0,10.0,-2.0,2.0,-22.0,-113.0,137.0,18.0,-18.0,4.0,-4.0,46.0,-123.0,176.0,-113.0,22.0,112.0,-121.0,6.0,-6.0,71.0,73.0,-108.0,-28.0,-33.0,-4.0,64.0,-23.0,28.0,8.0,-4.0,-18.0,14.0,-10.0,-13.0,0.0,2.0,8.0,12.0,37.0,-2.0,38.0,-16.0,-3.0,-19.0,-28.0,-16.0,-22.0,-36.0,19.0,-7.0,-10.0,21.0,20.0,43.0,48.0,5.0,29.0,23.0,-17.0,21.0,50.0,17.0,-61.0,8.0,-4.0,-17.0,18.0,6.0,-1.0,11.0,6.0,5.0,25.0,0.0,-19.0,3.0,-70.0,44.0,5.0,-27.0,78.0,-23.0,0.0,-32.0,10.0,-37.0,87.0,-19.0,-29.0,5.0,-73.0,3.0,-27.0,73.0,-18.0,-8.0,-14.0,-18.0,29.0,2.0,1.0,-3.0,2.0,-7.0,8.0,-9.0,-14.0,-4.0,5.0,-24.0,7.0,2.0,5.0,4.0,6.0,0.0,-4.0,1.0,3.0,-4.0,-1.0,-5.0,2.0,-1.0,1.0,1.0,-5.0,5.0,0.0,-2.0,4.0,2.0,1.0,-1.0,-4.0,2.0,-8.0,0.0,-1.0,-1.0,4.0,-5.0,2.0,-2.0,-1.0,5.0
-2.0,1.0,1.0,-1.0,-1.0,-8.0,-12.0,-20.0,-25.0,-34.0,-9.0,7.0,33.0,29.0,18.0,14.0,-4.0,-24.0,10.0,14.0,8.0,1.0,-6.0,-6.0,-1.0,2.0,3.0,-3.0,-1.0,0.0,4.0,2.0,1.0,-24.0,2.0,10.0,7.0,-1.0,-4.0,-3.0,0.0,0.0,-5.0,6.0,7.0,4.0,2.0,-4.0,-7.0,5.0,-18.0,69.0,-35.0,-11.0,-6.0,-1.0,0.0,-8.0,-89.0,42.0,72.0,-25.0,-6.0,53.0,-37.0,-60.0,28.0,6.0,-18.0,29.0,-49.0,-55.0,-13.0,49.0,-72.0,-37.0,28.0,88.0,-87.0,-67.0,13.0,-57.0,-4.0,3.0,-5.0,8.0,7.0,0.0,-15.0,-6.0,2.0,2.0,20.0,-5.0,-29.0,4.0,30.0,23.0,62.0,7.0,34.0,63.0,19.0,19.0,78.0,-8.0,9.0,-7.0,35.0,15.0,7.0,9.0,31.0,17.0,9.0,2.0,37.0,-8.0,-3.0,5.0,-30.0,29.0,-25.0,-28.0,4.0,-22.0,23.0,58.0,-42.0,62.0,1.0,21.0,16.0,-33.0,-11.0,61.0,19.0,-95.0,39.0,-2.0,11.0,-12.0,12.0,14.0,-31.0,-11.0,-21.0,67.0,-3.0,-21.0,-10.0,-7.0,5.0,7.0,-1.0,-2.0,0.0,0.0,0.0,14.0,4.0,-13.0,22.0,-7.0,-36.0,20.0,18.0,11.0,0.0,9.0,10.0,7.0,-5.0,7.0,1.0,4.0,-5.0,1.0,2.0,1.0,4.0,3.0,-2.0,3.0,0.0,2.0,1.0,2.0,-3.0,2.0,7.0,-1.0,3.0,-5.0,-4.0,2.0,-3.0,1.0,-3.0,-1.0
-5.0,-12.0,-16.0,-18.0,-19.0,-7.0,-6.0,-12.0,20.0,39.0,18.0,9.0,-4.0,-7.0,5.0,9.0,-13.0,-25.0,8.0,11.0,6.0,2.0,3.0,-6.0,5.0,-2.0,2.0,-8.0,-7.0,8.0,4.0,-1.0,0.0,-22.0,9.0,4.0,9.0,3.0,-5.0,1.0,-1.0,-5.0,0.0,0.0,5.0,2.0,4.0,-1.0,-11.0,-5.0,-13.0,27.0,27.0,-32.0,-1.0,2.0,-6.0,-2.0,-13.0,-103.0,159.0,-8.0,-10.0,9.0,18.0,-12.0,-49.0,2.0,4.0,47.0,48.0,15.0,20.0,82.0,-121.0,21.0,74.0,-106.0,-26.0,72.0,26.0,23.0,3.0,3.0,-2.0,16.0,1.0,5.0,23.0,-8.0,-18.0,-12.0,3.0,-10.0,3.0,-5.0,11.0,7.0,32.0,-40.0,21.0,2.0,0.0,-1.0,-17.0,-6.0,4.0,10.0,-1.0,-19.0,18.0,18.0,-51.0,-12.0,-33.0,1.0,-23.0,3.0,-4.0,13.0,3.0,21.0,18.0,1.0,55.0,-56.0,30.0,-100.0,-60.0,-17.0,80.0,-30.0,-20.0,101.0,84.0,-140.0,32.0,42.0,-70.0,147.0,-63.0,52.0,20.0,-73.0,8.0,-9.0,-30.0,42.0,17.0,-17.0,-27.0,22.0,7.0,0.0,-4.0,1.0,-2.0,9.0,-22.0,19.0,-8.0,-6.0,0.0,32.0,5.0,-47.0,-8.0,10.0,20.0,-8.0,12.0,9.0,16.0,-7.0,-3.0,2.0,-1.0,0.0,-9.0,-6.0,4.0,-6.0,2.0,-4.0,-3.0,2.0,0.0,3.0,2.0,5.0,-2.0,-2.0,-1.0,1.0,-2.0,-4.0,0.0,-3.0,2.0,-6.0
-21.0,-5.0,2.0,7.0,14.0,10.0,-1.0,25.0,16.0,-1.0,2.0,1.0,5.0,10.0,9.0,13.0,-20.0,-16.0,12.0,15.0,6.0,9.0,-4.0,-8.0,-5.0,2.0,-3.0,0.0,0.0,1.0,3.0,3.0,-2.0,-21.0,3.0,11.0,6.0,-4.0,-2.0,2.0,0.0,-3.0,-6.0,11.0,1.0,2.0,0.0,0.0,-14.0,-6.0,-10.0,-3.0,72.0,-53.0,-7.0,-2.0,-1.0,5.0,-15.0,-105.0,100.0,40.0,-27.0,2.0,26.0,57.0,-51.0,-112.0,-27.0,-43.0,4.0,-74.0,4.0,5.0,46.0,86.0,-101.0,16.0,66.0,79.0,68.0,1.0,28.0,17.0,-19.0,-8.0,-15.0,-3.0,11.0,-10.0,-14.0,-6.0,-2.0,13.0,1.0,21.0,-17.0,-14.0,-7.0,18.0,-18.0,7.0,-1.0,13.0,0.0,13.0,-17.0,-25.0,33.0,-23.0,5.0,1.0,14.0,14.0,5.0,13.0,-14.0,1.0,-19.0,26.0,-4.0,15.0,-25.0,-51.0,10.0,4.0,8.0,35.0,57.0,-20.0,79.0,-94.0,-30.0,-69.0,52.0,-74.0,34.0,81.0,-15.0,-83.0,8.0,-28.0,-33.0,-1.0,-6.0,-4.0,-24.0,25.0,19.0,-12.0,-17.0,-10.0,19.0,-3.0,-3.0,-2.0,5.0,-2.0,16.0,-14.0,-6.0,11.0,-28.0,11.0,35.0,-15.0,-14.0,-10.0,-24.0,4.0,-5.0,-14.0,8.0,17.0,10.0,-2.0,1.0,3.0,10.0,-11.0,8.0,-5.0,0.0,-8.0,3.0,3.0,-2.0,-1.0,0.0,-2.0,0.0,1.0,1.0,3.0,8.0,-4.0,2.0,0.0,1.0,-7.0
5.0,16.0,9.0,10.0,10.0,9.0,3.0,2.0,11.0,0.0,-5.0,4.0,1.0,3.0,7.0,17.0,-35.0,-9.0,15.0,9.0,4.0,-3.0,2.0,0.0,-2.0,-1.0,2.0,-5.0,-4.0,2.0,8.0,3.0,2.0,-16.0,-6.0,13.0,1.0,6.0,-3.0,-3.0,0.0,-7.0,1.0,4.0,1.0,-2.0,4.0,5.0,-8.0,-3.0,-14.0,-23.0,72.0,-21.0,-19.0,-2.0,-3.0,4.0,-3.0,-54.0,-61.0,140.0,-6.0,-11.0,0.0,7.0,55.0,104.0,-69.0,-52.0,45.0,-5.0,-38.0,-9.0,-19.0,-45.0,-68.0,59.0,70.0,-76.0,-110.0,-55.0,33.0,44.0,-5.0,-39.0,6.0,0.0,-3.0,-15.0,5.0,-3.0,13.0,-5.0,0.0,-10.0,-11.0,0.0,-13.0,-12.0,20.0,-32.0,2.0,-12.0,-6.0,-5.0,20.0,-19.0,-13.0,-4.0,-1.0,-3.0,9.0,9.0,13.0,3.0,4.0,0.0,-2.0,1.0,-1.0,-2.0,-5.0,9.0,-11.0,42.0,-42.0,-23.0,-62.0,39.0,-69.0,60.0,-37.0,-58.0,-18.0,-3.0,-66.0,-54.0,18.0,-19.0,93.0,6.0,-45.0,4.0,0.0,-7.0,-28.0,39.0,15.0,-24.0,9.0,-7.0,10.0,4.0,-1.0,-6.0,3.0,7.0,-1.0,1.0,-7.0,8.0,-20.0,6.0,13.0,37.0,-57.0,14.0,4.0,-13.0,-7.0,7.0,-20.0,-8.0,21.0,14.0,-3.0,-5.0,2.0,2.0,7.0,1.0,4.0,-10.0,0.0,-1.0,-5.0,8.0,-5.0,-3.0,1.0,2.0,-3.0,5.0,-2.0,2.0,-1.0,3.0,-3.0,8.0
0.0,1.0,6.0,0.0,5.0,2.0,-1.0,1.0,3.0,-4.0,1.0,2.0,2.0,3.0,3.0,14.0,-31.0,-10.0,20.0,5.0,6.0,1.0,3.0,0.0,-6.0,2.0,3.0,0.0,-3.0,-1.0,1.0,2.0,8.0,-22.0,-3.0,13.0,1.0,5.0,-9.0,0.0,2.0,-9.0,-1.0,18.0,5.0,-2.0,3.0,-1.0,-1.0,2.0,-15.0,-8.0,16.0,45.0,-44.0,-8.0,2.0,3.0,4.0,-6.0,-117.0,88.0,46.0,-18.0,-6.0,5.0,-3.0,-6.0,82.0,-39.0,-100.0,59.0,-60.0,-58.0,134.0,-24.0,22.0,67.0,-111.0,-44.0,75.0,51.0,-5.0,-119.0,57.0,25.0,19.0,2.0,-11.0,24.0,-22.0,-2.0,9.0,-2.0,3.0,-3.0,-1.0,-4.0,-5.0,-2.0,0.0,-5.0,-1.0,-11.0,-10.0,19.0,-15.0,3.0,14.0,-7.0,-5.0,4.0,-5.0,-8.0,-5.0,-14.0,15.0,-5.0,11.0,1.0,-3.0,-11.0,19.0,-71.0,68.0,45.0,39.0,-7.0,21.0,-117.0,121.0,4.0,-15.0,23.0,46.0,9.0,65.0,-5.0,-77.0,-132.0,16.0,-4.0,-15.0,-19.0,3.0,-6.0,-28.0,49.0,16.0,-28.0,-9.0,9.0,-8.0,-8.0,10.0,5.0,-2.0,3.0,-17.0,21.0,-12.0,3.0,-12.0,-4.0,26.0,18.0,-3.0,-32.0,29.0,-6.0,-8.0,-2.0,4.0,-23.0,-13.0,14.0,1.0,12.0,4.0,-2.0,8.0,3.0,-8.0,6.0,-1.0,1.0,-8.0,-6.0,7.0,-5.0,1.0,-1.0,-4.0,6.0,-7.0,0.0,1.0,3.0,-1.0,-8.0
-5.0,0.0,1.0,-1.0,6.0,-2.0,-5.0,4.0,3.0,1.0,-2.0,1.0,4.0,-1.0,5.0,13.0,-32.0,-11.0,13.0,10.0,1.0,8.0,-3.0,-2.0,-2.0,0.0,4.0,0.0,-3.0,-1.0,-2.0,2.0,1.0,-5.0,-15.0,14.0,5.0,1.0,0.0,-7.0,-4.0,-7.0,-2.0,16.0,2.0,-6.0,4.0,2.0,2.0,-1.0,-11.0,-13.0,-9.0,86.0,-50.0,-7.0,-5.0,-3.0,3.0,3.0,-39.0,-104.0,153.0,13.0,-16.0,5.0,10.0,-1.0,-27.0,60.0,29.0,-142.0,109.0,36.0,-5.0,-25.0,-45.0,-17.0,-58.0,22.0,71.0,-48.0,96.0,-54.0,-47.0,37.0,7.0,0.0,27.0,-8.0,-18.0,18.0,7.0,3.0,-13.0,1.0,3.0,-1.0,32.0,-2.0,2.0,4.0,-15.0,24.0,-14.0,-16.0,5.0,13.0,4.0,12.0,12.0,-3.0,-3.0,0.0,-37.0,21.0,15.0,-2.0,-10.0,-11.0,3.0,-6.0,-6.0,56.0,-108.0,53.0,-28.0,66.0,22.0,-33.0,45.0,112.0,-24.0,-37.0,-46.0,97.0,-5.0,-102.0,59.0,49.0,162.0,-58.0,-20.0,3.0,-14.0,-19.0,-23.0,60.0,14.0,-29.0,-20.0,29.0,1.0,-10.0,-4.0,4.0,-1.0,6.0,-10.0,15.0,-3.0,-7.0,-1.0,-29.0,22.0,4.0,23.0,-59.0,30.0,18.0,-8.0,-5.0,5.0,-1.0,-12.0,-10.0,21.0,8.0,-20.0,0.0,-14.0,-4.0,12.0,-1.0,7.0,-9.0,6.0,1.0,-7.0,-5.0,3.0,-1.0,-3.0,-4.0,2.0,-2.0,-2.0,-1.0,5.0,-2.0
2.0,3.0,2.0,-2.0,1.0,3.0,-1.0,4.0,0.0,-2.0,0.0,4.0,-4.0,1.0,11.0,13.0,-39.0,-1.0,10.0,7.0,5.0,1.0,0.0,3.0,-5.0,2.0,-4.0,5.0,-4.0,1.0,1.0,3.0,0.0,-2.0,-17.0,16.0,2.0,2.0,-5.0,4.0,-8.0,-10.0,0.0,11.0,9.0,-7.0,2.0,-3.0,2.0,5.0,-21.0,-10.0,-8.0,38.0,30.0,-35.0,-2.0,-7.0,6.0,2.0,0.0,-98.0,35.0,81.0,-22.0,3.0,-6.0,-2.0,51.0,49.0,113.0,-96.0,-50.0,54.0,33.0,96.0,-37.0,-90.0,48.0,106.0,49.0,-11.0,-90.0,-12.0,-3.0,42.0,31.0,49.0,-68.0,-13.0,10.0,0.0,-1.0,-2.0,-9.0,12.0,-16.0,-1.0,-27.0,9.0,-5.0,2.0,-12.0,-24.0,3.0,24.0,-27.0,-18.0,-9.0,-23.0,10.0,7.0,6.0,-2.0,3.0,9.0,-13.0,23.0,-56.0,-16.0,27.0,2.0,45.0,-38.0,99.0,-50.0,-44.0,53.0,5.0,52.0,-36.0,6.0,-16.0,-48.0,7.0,52.0,-35.0,-18.0,-35.0,-4.0,138.0,-75.0,-22.0,7.0,-10.0,-21.0,-24.0,61.0,7.0,-13.0,-19.0,7.0,6.0,0.0,-3.0,9.0,1.0,-4.0,3.0,-1.0,-1.0,3.0,-3.0,-24.0,13.0,16.0,31.0,-56.0,19.0,17.0,-18.0,-11.0,10.0,-4.0,3.0,-7.0,-26.0,31.0,25.0,23.0,7.0,-6.0,-17.0,-3.0,7.0,16.0,4.0,3.0,1.0,4.0,0.0,-8.0,0.0,3.0,0.0,-7.0,5.0,1.0,-3.0,-3.0
-3.0,-3.0,3.0,-1.0,-2.0,-1.0,-5.0,1.0,4.0,-5.0,-3.0,1.0,-1.0,3.0,10.0,10.0,-38.0,-6.0,16.0,7.0,7.0,-3.0,1.0,-1.0,0.0,1.0,1.0,-1.0,-1.0,-2.0,-1.0,4.0,3.0,6.0,-32.0,16.0,3.0,4.0,0.0,4.0,-9.0,-14.0,0.0,11.0,15.0,-4.0,-2.0,-2.0,2.0,17.0,-10.0,-17.0,5.0,-24.0,87.0,-54.0,-6.0,0.0,-1.0,0.0,-4.0,-19.0,-141.0,144.0,31.0,-15.0,-4.0,7.0,20.0,-48.0,-2.0,-35.0,-52.0,-55.0,-34.0,21.0,-89.0,56.0,-66.0,28.0,-37.0,-30.0,-12.0,58.0,-5.0,12.0,-43.0,-10.0,-6.0,50.0,-7.0,17.0,3.0,-4.0,-18.0,-9.0,8.0,18.0,-6.0,-4.0,-2.0,10.0,19.0,2.0,-10.0,-4.0,22.0,-33.0,13.0,-25.0,9.0,-12.0,-7.0,20.0,16.0,20.0,3.0,4.0,43.0,-31.0,-11.0,56.0,-20.0,43.0,8.0,60.0,-110.0,27.0,14.0,56.0,-63.0,-14.0,-27.0,-32.0,137.0,-55.0,29.0,-68.0,19.0,115.0,8.0,-53.0,4.0,-6.0,-12.0,-15.0,-16.0,74.0,-19.0,-3.0,-41.0,29.0,0.0,-2.0,6.0,1.0,-1.0,2.0,5.0,1.0,2.0,-5.0,2.0,-12.0,-14.0,23.0,18.0,0.0,-47.0,45.0,-19.0,-7.0,15.0,11.0,-5.0,4.0,0.0,-39.0,0.0,12.0,26.0,19.0,2.0,-19.0,-35.0,-17.0,6.0,12.0,4.0,0.0,1.0,0.0,3.0,0.0,-6.0,-2.0,-2.0,3.0,0.0,0.0
-4.0,5.0,-2.0,-1.0,3.0,2.0,-1.0,3.0,0.0,1.0,3.0,1.0,0.0,3.0,9.0,8.0,-40.0,-1.0,14.0,8.0,9.0,-2.0,-3.0,-2.0,1.0,3.0,-1.0,2.0,-6.0,2.0,-3.0,3.0,6.0,1.0,-23.0,8.0,12.0,1.0,0.0,5.0,-11.0,-18.0,6.0,14.0,8.0,-6.0,-1.0,-1.0,-1.0,10.0,-11.0,-22.0,-1.0,-7.0,34.0,8.0,-39.0,-6.0,-2.0,5.0,4.0,-3.0,-55.0,-78.0,168.0,-4.0,-2.0,-9.0,-14.0,34.0,-8.0,45.0,-59.0,22.0,-21.0,30.0,-57.0,96.0,-13.0,-15.0,18.0,45.0,-80.0,-60.0,37.0,-20.0,43.0,-49.0,53.0,-48.0,24.0,-19.0,-10.0,-30.0,27.0,-5.0,17.0,-2.0,-30.0,23.0,-10.0,-26.0,18.0,4.0,-7.0,3.0,-30.0,-7.0,18.0,-24.0,-6.0,2.0,-13.0,-21.0,-30.0,-37.0,-16.0,-8.0,-51.0,15.0,7.0,-3.0,-24.0,6.0,-120.0,93.0,-35.0,-43.0,20.0,-76.0,12.0,-65.0,36.0,-60.0,-9.0,-58.0,-34.0,25.0,5.0,136.0,-78.0,-38.0,17.0,-7.0,-5.0,-43.0,-1.0,83.0,-22.0,-21.0,11.0,-18.0,13.0,4.0,-1.0,-5.0,7.0,-6.0,-1.0,-2.0,9.0,-15.0,13.0,-7.0,-26.0,26.0,11.0,40.0,-71.0,29.0,-11.0,-4.0,0.0,7.0,-17.0,-1.0,0.0,3.0,-23.0,-15.0,-14.0,10.0,20.0,33.0,23.0,-18.0,-51.0,-10.0,11.0,-1.0,1.0,7.0,3.0,-3.0,4.0,-6.0,0.0,-4.0,-5.0,-9.0
1.0,-3.0,3.0,1.0,-2.0,4.0,0.0,0.0,-1.0,-1.0,-5.0,5.0,4.0,-1.0,4.0,15.0,-46.0,8.0,13.0,5.0,9.0,-1.0,-2.0,3.0,0.0,2.0,0.0,-4.0,1.0,-3.0,2.0,-2.0,1.0,3.0,-13.0,0.0,10.0,0.0,1.0,2.0,0.0,-13.0,-2.0,9.0,11.0,-3.0,-4.0,1.0,-1.0,10.0,-3.0,-18.0,1.0,4.0,-1.0,79.0,-53.0,-11.0,-8.0,-5.0,11.0,12.0,-14.0,-102.0,-6.0,121.0,-8.0,-1.0,-12.0,45.0,-33.0,43.0,107.0,-83.0,-24.0,-20.0,-10.0,-6.0,112.0,17.0,-28.0,-16.0,-6.0,84.0,-47.0,71.0,-45.0,-52.0,1.0,72.0,-26.0,12.0,35.0,3.0,13.0,-50.0,34.0,-15.0,29.0,-18.0,40.0,-10.0,-16.0,-6.0,-3.0,34.0,20.0,12.0,-35.0,36.0,8.0,-32.0,-3.0,-16.0,13.0,-8.0,7.0,24.0,58.0,-26.0,-19.0,-3.0,71.0,-76.0,5.0,46.0,-81.0,38.0,-27.0,-44.0,-13.0,22.0,62.0,-94.0,30.0,105.0,-64.0,-10.0,50.0,103.0,-103.0,8.0,3.0,-14.0,-18.0,-35.0,47.0,41.0,-36.0,-39.0,33.0,-34.0,11.0,12.0,1.0,0.0,3.0,-3.0,1.0,-1.0,-4.0,0.0,1.0,-3.0,-19.0,1.0,18.0,26.0,-12.0,-14.0,6.0,-10.0,-1.0,1.0,2.0,-6.0,14.0,-3.0,2.0,-8.0,-7.0,-4.0,-7.0,17.0,17.0,29.0,30.0,-24.0,-24.0,10.0,3.0,-1.0,0.0,10.0,5.0,-9.0,5.0,0.0,4.0,-3.0
1.0,0.0,-2.0,0.0,3.0,-4.0,-2.0,4.0,2.0,2.0,0.0,1.0,-1.0,7.0,6.0,5.0,-40.0,5.0,13.0,9.0,7.0,-2.0,-4.0,1.0,-2.0,5.0,0.0,0.0,-2.0,-2.0,-1.0,3.0,-1.0,5.0,-12.0,-8.0,8.0,11.0,-1.0,8.0,-10.0,-18.0,-2.0,6.0,15.0,5.0,-5.0,-1.0,-10.0,6.0,3.0,-16.0,-2.0,-2.0,12.0,5.0,55.0,-49.0,-2.0,-3.0,-3.0,1.0,7.0,-23.0,-123.0,85.0,64.0,3.0,32.0,-66.0,-7.0,-18.0,-52.0,144.0,-65.0,-34.0,-60.0,-29.0,-3.0,-11.0,-36.0,82.0,-106.0,117.0,-55.0,-21.0,-15.0,15.0,69.0,-44.0,13.0,-44.0,30.0,-3.0,1.0,-3.0,-13.0,-24.0,32.0,-8.0,6.0,28.0,1.0,-5.0,-5.0,-21.0,12.0,-3.0,-5.0,25.0,13.0,8.0,-16.0,-9.0,5.0,-39.0,-19.0,34.0,-44.0,0.0,30.0,-53.0,61.0,79.0,-145.0,112.0,3.0,-70.0,-16.0,193.0,-12.0,-54.0,-26.0,-94.0,88.0,13.0,8.0,-1.0,101.0,-28.0,-59.0,20.0,-1.0,-23.0,-26.0,-17.0,92.0,-7.0,-29.0,-41.0,26.0,-11.0,-15.0,20.0,-2.0,12.0,-13.0,0.0,-1.0,7.0,-2.0,-2.0,4.0,4.0,-16.0,-13.0,13.0,18.0,22.0,-31.0,3.0,-8.0,10.0,2.0,-2.0,-11.0,16.0,4.0,-25.0,-2.0,-8.0,-7.0,-3.0,-3.0,9.0,11.0,8.0,13.0,5.0,-18.0,-16.0,1.0,1.0,-6.0,-2.0,-5.0,-12.0,-8.0,-2.0,-20.0
-1.0,-3.0,2.0,0.0,-1.0,3.0,1.0,0.0,-1.0,-3.0,0.0,-3.0,2.0,3.0,11.0,-17.0,-29.0,4.0,13.0,8.0,2.0,-3.0,1.0,1.0,-1.0,0.0,-2.0,4.0,0.0,2.0,-6.0,0.0,0.0,3.0,-6.0,-19.0,5.0,16.0,4.0,7.0,-3.0,-10.0,-11.0,13.0,7.0,9.0,-2.0,-3.0,-8.0,6.0,12.0,-12.0,-20.0,4.0,14.0,-12.0,54.0,-25.0,-15.0,-1.0,-7.0,1.0,4.0,2.0,-27.0,-137.0,139.0,44.0,-3.0,37.0,10.0,6.0,-10.0,26.0,-91.0,60.0,-26.0,5.0,-109.0,-16.0,-2.0,23.0,-37.0,-62.0,-22.0,-6.0,41.0,-21.0,23.0,-65.0,54.0,-18.0,1.0,-25.0,-1.0,-3.0,-9.0,7.0,-9.0,18.0,-17.0,13.0,-64.0,-7.0,19.0,24.0,-30.0,27.0,27.0,-20.0,9.0,4.0,0.0,-2.0,43.0,-8.0,24.0,5.0,40.0,-64.0,48.0,-105.0,65.0,-19.0,53.0,-113.0,96.0,19.0,-9.0,-14.0,-16.0,-27.0,-9.0,-36.0,-1.0,10.0,-39.0,31.0,130.0,-103.0,-11.0,5.0,-15.0,-7.0,-50.0,16.0,63.0,19.0,-56.0,-20.0,25.0,32.0,-41.0,14.0,2.0,6.0,-5.0,-3.0,0.0,-1.0,0.0,1.0,-3.0,1.0,-6.0,-20.0,8.0,9.0,36.0,-35.0,-5.0,-5.0,5.0,3.0,-9.0,-18.0,14.0,23.0,-15.0,-3.0,8.0,-1.0,9.0,-15.0,-22.0,11.0,14.0,13.0,-2.0,6.0,-1.0,-19.0,-3.0,18.0,13.0,-3.0,3.0,-5.0,-10.0,-16.0
0.0,-1.0,-6.0,2.0,2.0,3.0,1.0,-1.0,2.0,0.0,1.0,1.0,1.0,6.0,20.0,-34.0,-8.0,7.0,12.0,13.0,0.0,2.0,-4.0,-2.0,-1.0,0.0,-1.0,-1.0,0.0,-2.0,4.0,-2.0,3.0,9.0,-5.0,-11.0,-12.0,2.0,3.0,11.0,-9.0,-13.0,-2.0,10.0,13.0,9.0,-5.0,-2.0,-1.0,-1.0,10.0,-1.0,-21.0,0.0,15.0,-4.0,0.0,70.0,-60.0,-6.0,-9.0,-3.0,4.0,0.0,2.0,-34.0,-142.0,150.0,33.0,-5.0,23.0,4.0,-17.0,-26.0,105.0,43.0,0.0,17.0,-17.0,17.0,2.0,12.0,2.0,96.0,92.0,-71.0,12.0,-28.0,-11.0,44.0,-12.0,18.0,-5.0,-6.0,19.0,29.0,54.0,-10.0,-38.0,37.0,-12.0,-38.0,39.0,16.0,-15.0,-28.0,-16.0,19.0,-14.0,-8.0,4.0,56.0,-27.0,-32.0,-15.0,42.0,-4.0,41.0,-30.0,77.0,-106.0,48.0,9.0,25.0,-81.0,30.0,32.0,-76.0,37.0,16.0,-39.0,-30.0,-6.0,38.0,35.0,-36.0,18.0,114.0,-25.0,-59.0,5.0,-6.0,-3.0,-32.0,-29.0,71.0,6.0,16.0,-61.0,-14.0,36.0,7.0,-24.0,10.0,6.0,5.0,5.0,-2.0,-3.0,0.0,2.0,-3.0,0.0,5.0,-6.0,-29.0,13.0,16.0,29.0,-5.0,-26.0,6.0,-1.0,10.0,-15.0,-5.0,8.0,23.0,-7.0,-15.0,3.0,0.0,0.0,21.0,-7.0,-4.0,-5.0,1.0,-5.0,4.0,13.0,6.0,-13.0,-25.0,3.0,31.0,42.0,18.0,17.0,13.0
-2.0,4.0,-3.0,-3.0,1.0,7.0,-3.0,-3.0,-4.0,3.0,3.0,-1.0,4.0,2.0,20.0,-39.0,-10.0,17.0,3.0,11.0,-1.0,2.0,-4.0,-3.0,1.0,4.0,-9.0,7.0,-1.0,1.0,-4.0,0.0,-2.0,6.0,-1.0,-1.0,-17.0,7.0,11.0,6.0,-8.0,-13.0,-6.0,12.0,11.0,12.0,-2.0,3.0,-11.0,5.0,-6.0,-1.0,-16.0,-3.0,15.0,-5.0,-8.0,7.0,44.0,-41.0,-1.0,-1.0,1.0,-1.0,7.0,-7.0,-40.0,-129.0,136.0,28.0,-8.0,17.0,26.0,7.0,15.0,-88.0,63.0,-39.0,0.0,45.0,-73.0,33.0,-50.0,36.0,6.0,-132.0,152.0,20.0,-46.0,30.0,6.0,4.0,53.0,-56.0,31.0,15.0,21.0,-57.0,15.0,-52.0,50.0,-70.0,58.0,-19.0,9.0,0.0,28.0,-17.0,39.0,-25.0,26.0,-10.0,46.0,-1.0,-10.0,4.0,34.0,-6.0,-41.0,63.0,-27.0,25.0,-43.0,1.0,12.0,-58.0,5.0,18.0,-16.0,18.0,-19.0,36.0,-19.0,40.0,-4.0,-10.0,42.0,117.0,-99.0,-20.0,12.0,0.0,-3.0,-51.0,10.0,58.0,4.0,-7.0,-52.0,9.0,14.0,10.0,-9.0,3.0,10.0,-1.0,-1.0,-7.0,-4.0,10.0,-3.0,0.0,2.0,-4.0,-5.0,-15.0,7.0,9.0,22.0,14.0,-44.0,2.0,6.0,5.0,2.0,-1.0,4.0,7.0,-3.0,-11.0,-6.0,10.0,4.0,-2.0,11.0,-1.0,4.0,-1.0,-9.0,2.0,4.0,16.0,16.0,-24.0,-14.0,-33.0,-11.0,12.0,23.0,21.0
0.0,0.0,-7.0,3.0,-2.0,4.0,3.0,-11.0,-7.0,8.0,0.0,-1.0,2.0,9.0,2.0,-44.0,4.0,10.0,8.0,8.0,4.0,-4.0,1.0,-2.0,3.0,1.0,-6.0,6.0,-7.0,10.0,0.0,1.0,-1.0,6.0,0.0,0.0,-7.0,-8.0,3.0,5.0,1.0,-11.0,-12.0,4.0,13.0,13.0,-2.0,-12.0,-4.0,1.0,-3.0,-3.0,-14.0,2.0,9.0,4.0,9.0,-19.0,53.0,-20.0,-19.0,-8.0,-8.0,3.0,-4.0,3.0,-1.0,-46.0,-125.0,140.0,39.0,-8.0,13.0,24.0,-29.0,-46.0,109.0,10.0,42.0,71.0,-116.0,78.0,-55.0,90.0,9.0,-15.0,-60.0,3.0,5.0,36.0,-67.0,6.0,-35.0,-40.0,37.0,-15.0,14.0,-18.0,31.0,20.0,-21.0,11.0,3.0,8.0,16.0,8.0,5.0,-8.0,-54.0,43.0,8.0,47.0,-63.0,37.0,35.0,-30.0,28.0,29.0,-64.0,-7.0,66.0,7.0,-3.0,-15.0,81.0,15.0,17.0,-12.0,-9.0,42.0,-128.0,7.0,5.0,14.0,-36.0,24.0,160.0,-88.0,-55.0,1.0,8.0,-6.0,-21.0,-49.0,56.0,20.0,42.0,-27.0,-49.0,19.0,7.0,4.0,4.0,5.0,-11.0,-11.0,4.0,3.0,-4.0,4.0,-5.0,-2.0,4.0,4.0,2.0,-29.0,0.0,13.0,8.0,40.0,-45.0,4.0,-11.0,14.0,1.0,-1.0,-2.0,6.0,-1.0,0.0,-11.0,12.0,2.0,-1.0,-4.0,7.0,-1.0,15.0,-6.0,-5.0,-4.0,-5.0,10.0,9.0,1.0,0.0,-15.0,-7.0,-13.0,9.0
0.0,0.0,-8.0,-1.0,4.0,4.0,2.0,-6.0,0.0,1.0,6.0,5.0,-2.0,15.0,-6.0,-37.0,0.0,13.0,5.0,5.0,1.0,-2.0,-5.0,2.0,0.0,-1.0,3.0,-7.0,4.0,0.0,-1.0,-6.0,3.0,3.0,-2.0,-5.0,-7.0,-9.0,2.0,4.0,0.0,-5.0,-4.0,1.0,6.0,17.0,1.0,1.0,-3.0,4.0,-3.0,1.0,-17.0,4.0,3.0,8.0,3.0,-5.0,-18.0,67.0,-39.0,-2.0,-6.0,1.0,-2.0,7.0,5.0,-4.0,-52.0,-114.0,131.0,52.0,-3.0,8.0,-41.0,96.0,-10.0,-44.0,-45.0,26.0,-5.0,-85.0,51.0,-8.0,23.0,-53.0,-35.0,99.0,-73.0,-47.0,28.0,12.0,35.0,50.0,1.0,-75.0,29.0,-14.0,10.0,-58.0,14.0,28.0,-18.0,-32.0,57.0,-21.0,9.0,80.0,-119.0,15.0,26.0,-90.0,-26.0,95.0,-13.0,-10.0,-72.0,50.0,-55.0,43.0,-9.0,-94.0,85.0,7.0,-142.0,51.0,48.0,11.0,-86.0,7.0,-57.0,62.0,20.0,-42.0,27.0,123.0,-2.0,-70.0,-18.0,6.0,2.0,-12.0,-34.0,-18.0,68.0,-10.0,17.0,-9.0,-53.0,21.0,8.0,-4.0,6.0,7.0,-6.0,-10.0,15.0,-3.0,1.0,1.0,1.0,-1.0,3.0,-5.0,-4.0,-4.0,-8.0,17.0,3.0,40.0,-30.0,-25.0,-5.0,1.0,14.0,-8.0,-3.0,1.0,6.0,-5.0,-2.0,-3.0,8.0,-6.0,3.0,-1.0,1.0,4.0,0.0,1.0,-5.0,8.0,5.0,-2.0,-4.0,4.0,-6.0,-3.0,-2.0,-2.0
-3.0,2.0,-2.0,0.0,2.0,4.0,1.0,-3.0,2.0,1.0,2.0,-2.0,10.0,2.0,-3.0,-31.0,10.0,11.0,6.0,9.0,6.0,-4.0,-3.0,0.0,4.0,-3.0,0.0,-3.0,-2.0,2.0,-2.0,-4.0,0.0,-2.0,2.0,4.0,0.0,-5.0,2.0,5.0,1.0,-4.0,-15.0,2.0,5.0,12.0,9.0,-9.0,-2.0,1.0,2.0,-7.0,-13.0,-7.0,10.0,12.0,-4.0,4.0,-8.0,-2.0,57.0,-51.0,-1.0,-3.0,-3.0,-2.0,-1.0,0.0,5.0,-44.0,-124.0,101.0,77.0,15.0,-50.0,-34.0,5.0,7.0,3.0,-45.0,2.0,30.0,-31.0,-111.0,-42.0,56.0,36.0,-19.0,-25.0,72.0,-3.0,-24.0,5.0,12.0,60.0,-70.0,71.0,-67.0,29.0,-8.0,77.0,-60.0,23.0,-11.0,-48.0,-19.0,-12.0,84.0,-139.0,53.0,37.0,-23.0,-43.0,15.0,-57.0,28.0,-17.0,40.0,27.0,-1.0,-64.0,76.0,2.0,60.0,29.0,-47.0,93.0,-91.0,17.0,-55.0,62.0,29.0,-32.0,22.0,97.0,74.0,-118.0,-26.0,13.0,8.0,-9.0,-17.0,-44.0,42.0,23.0,10.0,11.0,-12.0,-40.0,18.0,3.0,-4.0,10.0,1.0,-2.0,-6.0,9.0,3.0,-4.0,4.0,2.0,-8.0,-2.0,-2.0,3.0,-21.0,6.0,5.0,-3.0,26.0,13.0,-32.0,1.0,9.0,7.0,-9.0,1.0,0.0,4.0,-7.0,4.0,-6.0,1.0,2.0,6.0,4.0,-2.0,1.0,0.0,0.0,4.0,-1.0,2.0,3.0,0.0,-2.0,0.0,-6.0,5.0,0.0
1.0,-1.0,-5.0,-4.0,8.0,4.0,1.0,-2.0,-3.0,-3.0,0.0,0.0,12.0,15.0,-31.0,-22.0,10.0,15.0,3.0,4.0,9.0,-6.0,-7.0,1.0,3.0,1.0,-5.0,0.0,1.0,4.0,4.0,-4.0,-2.0,1.0,0.0,6.0,-2.0,-6.0,-9.0,0.0,-5.0,-2.0,0.0,0.0,6.0,10.0,13.0,-5.0,-3.0,10.0,-13.0,0.0,-5.0,-1.0,1.0,15.0,-4.0,3.0,0.0,-24.0,43.0,13.0,-34.0,-3.0,-6.0,-3.0,6.0,-4.0,-11.0,6.0,-25.0,-125.0,56.0,129.0,16.0,11.0,7.0,27.0,-38.0,6.0,-17.0,109.0,24.0,66.0,-4.0,44.0,-15.0,-30.0,50.0,-25.0,50.0,-88.0,91.0,-7.0,-17.0,-11.0,74.0,-34.0,-29.0,54.0,2.0,-4.0,-57.0,65.0,-13.0,3.0,52.0,-9.0,-41.0,6.0,56.0,-51.0,49.0,-10.0,-10.0,18.0,13.0,-40.0,25.0,2.0,-114.0,61.0,-45.0,-7.0,-42.0,41.0,-4.0,-58.0,27.0,-79.0,35.0,-21.0,12.0,58.0,123.0,-124.0,-28.0,14.0,4.0,-18.0,-4.0,-42.0,-11.0,75.0,-24.0,8.0,16.0,-19.0,-29.0,1.0,0.0,3.0,11.0,5.0,-11.0,-1.0,-5.0,5.0,8.0,1.0,0.0,-7.0,0.0,0.0,-5.0,-16.0,1.0,2.0,14.0,2.0,44.0,-43.0,-15.0,6.0,5.0,-1.0,3.0,-4.0,2.0,3.0,3.0,-4.0,0.0,-5.0,-1.0,8.0,-7.0,-1.0,4.0,-11.0,3.0,3.0,2.0,0.0,8.0,-2.0,-5.0,2.0,-11.0,13.0
-1.0,2.0,-3.0,0.0,5.0,1.0,2.0,-3.0,0.0,-1.0,-2.0,2.0,0.0,6.0,-29.0,-9.0,9.0,3.0,9.0,8.0,0.0,3.0,-8.0,3.0,0.0,-2.0,0.0,2.0,0.0,-2.0,-1.0,1.0,-2.0,1.0,1.0,-1.0,3.0,-4.0,0.0,-4.0,0.0,-9.0,-6.0,0.0,7.0,4.0,13.0,-7.0,0.0,-9.0,3.0,-18.0,2.0,-5.0,-5.0,6.0,8.0,-3.0,5.0,-4.0,-25.0,49.0,-5.0,-25.0,-5.0,-8.0,-3.0,0.0,0.0,1.0,-3.0,-28.0,-108.0,-33.0,174.0,26.0,-3.0,4.0,60.0,-56.0,12.0,-69.0,6.0,-11.0,-61.0,27.0,-78.0,90.0,-49.0,5.0,-73.0,58.0,-8.0,-99.0,42.0,-101.0,106.0,-77.0,23.0,76.0,-8.0,-135.0,65.0,34.0,-24.0,12.0,41.0,-2.0,40.0,-28.0,28.0,-46.0,34.0,17.0,61.0,-49.0,4.0,8.0,-11.0,84.0,46.0,-34.0,-75.0,106.0,31.0,-76.0,-43.0,42.0,-87.0,58.0,-50.0,17.0,81.0,136.0,-121.0,-29.0,-1.0,4.0,-16.0,-1.0,-18.0,-41.0,61.0,-6.0,-5.0,15.0,18.0,-25.0,-35.0,29.0,4.0,-3.0,8.0,11.0,-3.0,-6.0,-6.0,7.0,15.0,-17.0,17.0,-12.0,0.0,-6.0,1.0,-15.0,11.0,-2.0,1.0,4.0,39.0,-24.0,-22.0,8.0,7.0,-1.0,-6.0,3.0,0.0,-2.0,-1.0,0.0,-5.0,0.0,3.0,-2.0,1.0,9.0,3.0,-7.0,0.0,0.0,2.0,2.0,1.0,6.0,8.0,-4.0,-2.0,4.0
-5.0,1.0,-5.0,-7.0,3.0,1.0,0.0,2.0,0.0,-4.0,2.0,9.0,7.0,0.0,-30.0,-2.0,7.0,15.0,4.0,1.0,8.0,2.0,-6.0,1.0,-4.0,1.0,-1.0,0.0,-1.0,1.0,4.0,-1.0,-3.0,1.0,-1.0,3.0,1.0,0.0,-7.0,2.0,-7.0,-3.0,-3.0,3.0,4.0,9.0,5.0,0.0,0.0,-2.0,6.0,-13.0,-4.0,-3.0,5.0,5.0,18.0,0.0,-3.0,0.0,-3.0,-23.0,62.0,1.0,-29.0,3.0,-4.0,-6.0,-3.0,5.0,1.0,-3.0,-13.0,-90.0,-112.0,123.0,101.0,-2.0,-2.0,46.0,51.0,-87.0,-84.0,-29.0,48.0,-23.0,-9.0,-41.0,90.0,-80.0,32.0,-120.0,67.0,69.0,49.0,23.0,-2.0,-17.0,-10.0,35.0,-77.0,42.0,8.0,-41.0,32.0,-31.0,48.0,-49.0,-38.0,82.0,-38.0,63.0,-5.0,-34.0,21.0,-80.0,-30.0,45.0,-35.0,-21.0,51.0,-126.0,201.0,-69.0,61.0,-62.0,-46.0,53.0,-15.0,14.0,-7.0,75.0,149.0,-138.0,-40.0,-22.0,7.0,-1.0,-12.0,-13.0,-47.0,37.0,44.0,-4.0,-4.0,16.0,19.0,-30.0,-18.0,-5.0,6.0,-2.0,13.0,10.0,-11.0,3.0,-8.0,-4.0,6.0,7.0,2.0,-9.0,4.0,-10.0,7.0,-20.0,9.0,-7.0,9.0,-2.0,28.0,-6.0,-26.0,7.0,-11.0,0.0,3.0,0.0,2.0,3.0,4.0,-3.0,3.0,1.0,0.0,2.0,-1.0,3.0,2.0,1.0,-4.0,0.0,0.0,-2.0,-1.0,4.0,2.0,3.0,-9.0,2.0
-6.0,3.0,-1.0,-4.0,5.0,7.0,3.0,-3.0,1.0,-2.0,3.0,2.0,2.0,-9.0,-28.0,3.0,6.0,13.0,1.0,8.0,0.0,-3.0,-8.0,-3.0,2.0,3.0,0.0,6.0,-2.0,-2.0,5.0,-3.0,2.0,0.0,3.0,4.0,0.0,-5.0,-8.0,-1.0,-9.0,4.0,-6.0,1.0,8.0,5.0,8.0,5.0,-7.0,12.0,-4.0,-11.0,-20.0,1.0,3.0,1.0,9.0,11.0,-3.0,-10.0,1.0,-17.0,-18.0,59.0,15.0,-41.0,-1.0,-3.0,-7.0,2.0,3.0,4.0,5.0,0.0,-42.0,-142.0,0.0,158.0,36.0,3.0,-34.0,57.0,127.0,-101.0,39.0,19.0,-47.0,-105.0,-10.0,172.0,-180.0,189.0,-136.0,-19.0,-24.0,-3.0,18.0,-11.0,-56.0,76.0,-40.0,77.0,-18.0,-2.0,29.0,-102.0,-56.0,17.0,82.0,-62.0,-73.0,86.0,-52.0,-8.0,-87.0,-9.0,73.0,-70.0,32.0,72.0,-44.0,17.0,-122.0,-68.0,-92.0,56.0,-18.0,63.0,-24.0,16.0,78.0,166.0,-134.0,-40.0,-5.0,3.0,12.0,-8.0,-12.0,-45.0,4.0,52.0,-8.0,-12.0,5.0,14.0,21.0,-27.0,-17.0,-6.0,13.0,-3.0,10.0,13.0,-13.0,1.0,-20.0,5.0,9.0,9.0,-1.0,-9.0,-6.0,0.0,-5.0,-9.0,6.0,-2.0,10.0,2.0,21.0,-2.0,-40.0,1.0,14.0,0.0,-5.0,1.0,1.0,4.0,1.0,4.0,3.0,1.0,-5.0,-1.0,6.0,-2.0,0.0,-1.0,-2.0,-5.0,3.0,-4.0,5.0,3.0,-2.0,4.0,0.0,-10.0
-7.0,2.0,-1.0,-1.0,3.0,5.0,2.0,-5.0,3.0,-1.0,-4.0,8.0,6.0,-9.0,-27.0,5.0,2.0,8.0,5.0,5.0,1.0,0.0,-4.0,2.0,-4.0,-1.0,-4.0,-1.0,-1.0,2.0,1.0,5.0,-3.0,-2.0,-1.0,8.0,0.0,7.0,-6.0,0.0,-3.0,-10.0,1.0,-2.0,7.0,4.0,7.0,7.0,-2.0,-8.0,10.0,-5.0,-11.0,-8.0,6.0,8.0,9.0,5.0,9.0,-14.0,10.0,6.0,-11.0,-32.0,57.0,14.0,-38.0,4.0,-14.0,8.0,-11.0,7.0,-4.0,2.0,3.0,-16.0,-89.0,-124.0,99.0,127.0,25.0,-4.0,13.0,63.0,-93.0,98.0,-35.0,-29.0,-25.0,64.0,55.0,-132.0,110.0,-26.0,-53.0,37.0,112.0,-16.0,-21.0,-97.0,-15.0,-37.0,25.0,61.0,6.0,-77.0,92.0,-43.0,-34.0,47.0,-12.0,-101.0,70.0,32.0,38.0,25.0,45.0,-30.0,41.0,-10.0,-38.0,-40.0,-22.0,-1.0,62.0,31.0,-14.0,-14.0,17.0,107.0,141.0,-156.0,-45.0,2.0,2.0,14.0,-10.0,-17.0,-36.0,-1.0,45.0,3.0,6.0,0.0,3.0,-3.0,35.0,-41.0,-17.0,3.0,11.0,4.0,6.0,11.0,-4.0,-10.0,-2.0,12.0,4.0,-2.0,-1.0,0.0,-2.0,-6.0,-8.0,-7.0,9.0,4.0,3.0,3.0,9.0,37.0,-31.0,-15.0,15.0,-1.0,-8.0,7.0,4.0,-8.0,2.0,8.0,-8.0,4.0,-9.0,3.0,0.0,10.0,-8.0,3.0,-8.0,5.0,-7.0,8.0,-5.0,1.0,3.0,2.0,-1.0,-4.0
-1.0,-3.0,-3.0,-1.0,4.0,4.0,8.0,-8.0,-1.0,4.0,-2.0,12.0,7.0,-16.0,-17.0,4.0,5.0,12.0,0.0,8.0,8.0,-9.0,-1.0,0.0,2.0,2.0,-4.0,1.0,0.0,2.0,3.0,-2.0,1.0,1.0,-3.0,5.0,-1.0,7.0,-6.0,-7.0,-7.0,-3.0,-2.0,7.0,6.0,4.0,4.0,6.0,-1.0,-2.0,10.0,-3.0,-5.0,-6.0,-10.0,8.0,10.0,15.0,7.0,-2.0,-4.0,-4.0,0.0,-4.0,-36.0,70.0,17.0,-41.0,-8.0,-10.0,10.0,-13.0,4.0,-2.0,4.0,-2.0,10.0,-38.0,-117.0,-65.0,106.0,113.0,6.0,52.0,-136.0,140.0,-37.0,26.0,-67.0,-72.0,-5.0,44.0,82.0,-64.0,25.0,-11.0,37.0,-91.0,104.0,107.0,10.0,-29.0,-81.0,35.0,23.0,-12.0,39.0,3.0,22.0,8.0,75.0,-60.0,-11.0,74.0,38.0,102.0,-84.0,107.0,14.0,-50.0,-84.0,-35.0,11.0,9.0,26.0,-7.0,8.0,39.0,173.0,63.0,-154.0,-35.0,5.0,-3.0,2.0,0.0,-19.0,-33.0,-1.0,20.0,32.0,-5.0,13.0,-1.0,-11.0,5.0,16.0,-23.0,-26.0,4.0,10.0,4.0,0.0,6.0,10.0,-16.0,1.0,5.0,11.0,-2.0,1.0,3.0,-9.0,-2.0,-9.0,-1.0,7.0,-2.0,8.0,1.0,4.0,21.0,-14.0,-29.0,17.0,-2.0,0.0,4.0,2.0,3.0,-3.0,4.0,-2.0,0.0,3.0,-2.0,0.0,6.0,0.0,1.0,3.0,-3.0,4.0,2.0,-2.0,-2.0,-2.0,7.0,1.0,1.0
-2.0,-5.0,-1.0,-2.0,-1.0,7.0,3.0,-7.0,1.0,5.0,-2.0,16.0,1.0,-23.0,-13.0,4.0,6.0,8.0,2.0,9.0,-1.0,-2.0,-9.0,6.0,-7.0,1.0,6.0,0.0,-3.0,0.0,0.0,-1.0,-1.0,-2.0,2.0,2.0,6.0,-4.0,-3.0,-8.0,-11.0,-9.0,1.0,2.0,4.0,5.0,0.0,12.0,0.0,1.0,0.0,-12.0,-4.0,-11.0,-12.0,-2.0,-10.0,10.0,17.0,-16.0,-2.0,6.0,3.0,-2.0,0.0,-37.0,58.0,33.0,-33.0,-14.0,-3.0,2.0,-1.0,4.0,-10.0,8.0,2.0,4.0,-10.0,-62.0,-113.0,-33.0,146.0,40.0,96.0,-33.0,-16.0,12.0,40.0,2.0,-71.0,-11.0,-24.0,-97.0,51.0,-74.0,-70.0,130.0,-122.0,31.0,57.0,-12.0,26.0,4.0,40.0,2.0,56.0,-23.0,108.0,-14.0,-60.0,-5.0,-17.0,2.0,-49.0,-87.0,1.0,-31.0,43.0,-76.0,66.0,19.0,-37.0,-4.0,12.0,6.0,93.0,169.0,-78.0,-133.0,-24.0,-4.0,2.0,-6.0,-1.0,-11.0,-27.0,-6.0,-4.0,64.0,-18.0,2.0,5.0,-8.0,3.0,9.0,24.0,-31.0,-15.0,-2.0,11.0,6.0,4.0,2.0,7.0,-16.0,2.0,3.0,0.0,-6.0,4.0,0.0,0.0,0.0,-13.0,0.0,2.0,2.0,0.0,0.0,11.0,16.0,5.0,-42.0,-1.0,10.0,-2.0,3.0,1.0,2.0,-2.0,0.0,1.0,7.0,-10.0,0.0,-1.0,-3.0,6.0,-1.0,-1.0,3.0,-2.0,-4.0,4.0,4.0,2.0,-6.0,3.0,-2.0
-6.0,1.0,-3.0,6.0,4.0,3.0,6.0,-3.0,-1.0,6.0,-1.0,4.0,-7.0,-29.0,-7.0,2.0,12.0,9.0,3.0,3.0,3.0,-6.0,-3.0,-2.0,-4.0,-4.0,3.0,1.0,-3.0,0.0,0.0,2.0,1.0,2.0,-4.0,2.0,5.0,3.0,1.0,-2.0,-15.0,-7.0,1.0,3.0,0.0,6.0,3.0,7.0,6.0,-1.0,-2.0,-12.0,-6.0,-1.0,-1.0,-5.0,-2.0,5.0,23.0,-7.0,2.0,9.0,-8.0,-10.0,-6.0,-3.0,-42.0,34.0,57.0,-49.0,-3.0,-21.0,-5.0,1.0,2.0,-9.0,5.0,0.0,-2.0,-11.0,-10.0,-61.0,-109.0,-35.0,141.0,145.0,-3.0,23.0,-69.0,-11.0,116.0,-82.0,107.0,-8.0,-70.0,-93.0,1.0,-66.0,122.0,-43.0,-66.0,-44.0,13.0,53.0,24.0,-70.0,-6.0,-51.0,77.0,-124.0,86.0,-39.0,22.0,20.0,19.0,-105.0,-56.0,-85.0,-40.0,35.0,1.0,14.0,21.0,-18.0,73.0,194.0,59.0,-150.0,-88.0,-4.0,3.0,-4.0,-1.0,4.0,-11.0,-11.0,-17.0,-7.0,71.0,-35.0,-9.0,10.0,-1.0,2.0,-2.0,11.0,5.0,-15.0,-26.0,4.0,12.0,1.0,3.0,10.0,-3.0,-8.0,12.0,-4.0,0.0,-4.0,2.0,-2.0,0.0,-1.0,-14.0,-4.0,8.0,1.0,9.0,-3.0,5.0,2.0,21.0,-41.0,1.0,3.0,3.0,0.0,-5.0,5.0,3.0,0.0,3.0,-6.0,0.0,6.0,7.0,-9.0,4.0,1.0,0.0,-3.0,5.0,-7.0,4.0,-2.0,1.0,-1.0,-1.0,1.0
-8.0,3.0,-7.0,2.0,0.0,2.0,-3.0,6.0,-8.0,3.0,1.0,7.0,-7.0,-26.0,4.0,-1.0,10.0,8.0,4.0,7.0,4.0,-4.0,-7.0,-2.0,2.0,-3.0,0.0,1.0,0.0,3.0,-2.0,1.0,-1.0,0.0,-3.0,4.0,3.0,5.0,0.0,-5.0,-6.0,-8.0,5.0,9.0,7.0,1.0,1.0,13.0,1.0,-5.0,-1.0,3.0,-4.0,-1.0,-5.0,1.0,3.0,-3.0,10.0,15.0,-15.0,-3.0,8.0,-10.0,1.0,-1.0,10.0,-47.0,26.0,85.0,-31.0,-18.0,0.0,-9.0,2.0,-3.0,-6.0,9.0,2.0,5.0,7.0,-19.0,-18.0,-50.0,-127.0,-42.0,106.0,191.0,118.0,-68.0,-64.0,51.0,50.0,-55.0,89.0,73.0,68.0,-37.0,-52.0,41.0,46.0,27.0,29.0,-70.0,-87.0,46.0,22.0,-63.0,-46.0,85.0,-63.0,72.0,-80.0,-49.0,-66.0,1.0,100.0,52.0,50.0,11.0,-2.0,41.0,11.0,218.0,111.0,-135.0,-122.0,-33.0,2.0,8.0,8.0,4.0,6.0,-5.0,-10.0,-37.0,-6.0,75.0,-18.0,-14.0,13.0,10.0,-7.0,-3.0,-6.0,10.0,6.0,-33.0,-17.0,5.0,15.0,-2.0,-4.0,4.0,4.0,-3.0,-7.0,-2.0,5.0,-12.0,14.0,6.0,5.0,-17.0,-6.0,-3.0,9.0,-1.0,1.0,7.0,-2.0,9.0,24.0,-21.0,-19.0,14.0,1.0,-6.0,5.0,-4.0,0.0,2.0,-4.0,6.0,-3.0,5.0,-6.0,1.0,3.0,-2.0,2.0,-2.0,3.0,-1.0,-3.0,-1.0,-1.0,1.0,1.0,-4.0
-9.0,-1.0,-3.0,2.0,3.0,4.0,2.0,-5.0,1.0,1.0,5.0,4.0,-7.0,-29.0,3.0,3.0,10.0,4.0,2.0,10.0,-3.0,-1.0,-9.0,0.0,0.0,2.0,1.0,1.0,-1.0,2.0,4.0,-1.0,1.0,3.0,-3.0,-3.0,1.0,7.0,10.0,-5.0,-4.0,-10.0,-9.0,4.0,3.0,4.0,-1.0,7.0,11.0,7.0,-6.0,-2.0,-10.0,-5.0,-3.0,3.0,-5.0,8.0,3.0,12.0,1.0,-5.0,7.0,2.0,-3.0,-2.0,5.0,7.0,-51.0,-8.0,104.0,-12.0,-38.0,-7.0,-6.0,-8.0,7.0,-1.0,2.0,0.0,-5.0,11.0,-5.0,-8.0,-9.0,-64.0,-108.0,-106.0,50.0,169.0,90.0,100.0,7.0,-3.0,-57.0,-22.0,6.0,-16.0,-70.0,-20.0,9.0,35.0,44.0,-3.0,-27.0,-71.0,34.0,13.0,-62.0,18.0,-43.0,-21.0,-51.0,16.0,71.0,27.0,-13.0,-20.0,-11.0,48.0,133.0,176.0,60.0,-116.0,-119.0,-51.0,3.0,7.0,6.0,-1.0,-4.0,-3.0,-8.0,-14.0,-36.0,-15.0,83.0,-17.0,-23.0,4.0,14.0,-6.0,7.0,-3.0,2.0,13.0,11.0,-24.0,-14.0,10.0,8.0,-4.0,11.0,5.0,1.0,4.0,-10.0,2.0,14.0,-14.0,10.0,-2.0,4.0,-11.0,-22.0,-1.0,2.0,1.0,1.0,-2.0,4.0,10.0,17.0,1.0,-41.0,10.0,7.0,-4.0,4.0,2.0,1.0,1.0,3.0,-1.0,1.0,0.0,-1.0,4.0,-4.0,4.0,-1.0,-2.0,1.0,2.0,-2.0,0.0,2.0,-1.0,2.0,1.0
-7.0,-2.0,6.0,-5.0,7.0,5.0,8.0,-6.0,1.0,-3.0,12.0,2.0,-9.0,-20.0,9.0,2.0,11.0,3.0,5.0,1.0,-3.0,-7.0,-2.0,0.0,1.0,-2.0,-1.0,3.0,0.0,0.0,-4.0,0.0,6.0,0.0,2.0,0.0,1.0,1.0,0.0,-1.0,-9.0,-15.0,-5.0,6.0,-3.0,4.0,6.0,10.0,-6.0,-2.0,6.0,-8.0,-6.0,-2.0,-5.0,3.0,2.0,-5.0,6.0,10.0,0.0,2.0,-5.0,12.0,-3.0,-4.0,-3.0,20.0,-7.0,-26.0,-35.0,84.0,41.0,-54.0,-9.0,-4.0,-2.0,-6.0,0.0,5.0,5.0,-3.0,5.0,-2.0,1.0,0.0,-4.0,-41.0,-90.0,-107.0,-71.0,30.0,130.0,132.0,80.0,44.0,-5.0,63.0,40.0,26.0,-130.0,6.0,-1.0,-31.0,2.0,-69.0,-7.0,-35.0,78.0,-91.0,0.0,23.0,72.0,-17.0,-2.0,9.0,36.0,106.0,190.0,94.0,-17.0,-155.0,-119.0,-43.0,-17.0,-2.0,-8.0,0.0,-2.0,2.0,-5.0,-6.0,-3.0,-39.0,-24.0,96.0,-21.0,-17.0,1.0,14.0,-2.0,-3.0,11.0,-3.0,4.0,15.0,-23.0,-11.0,-23.0,11.0,10.0,-4.0,5.0,4.0,12.0,-3.0,-16.0,0.0,4.0,5.0,11.0,-7.0,-6.0,-5.0,-5.0,0.0,12.0,2.0,1.0,0.0,6.0,-4.0,11.0,14.0,-54.0,15.0,2.0,0.0,0.0,5.0,-2.0,4.0,-3.0,1.0,-2.0,-6.0,3.0,-5.0,3.0,-3.0,-4.0,3.0,6.0,1.0,-1.0,2.0,0.0,-7.0,0.0,2.0
-10.0,0.0,0.0,-3.0,2.0,0.0,6.0,-5.0,-2.0,8.0,2.0,2.0,-20.0,-11.0,4.0,2.0,8.0,8.0,11.0,6.0,3.0,-4.0,-3.0,-5.0,2.0,0.0,-3.0,2.0,1.0,-1.0,-3.0,2.0,-4.0,2.0,-2.0,-1.0,-2.0,1.0,3.0,-10.0,-7.0,-11.0,-4.0,8.0,4.0,5.0,4.0,15.0,-1.0,-2.0,-2.0,-3.0,-5.0,-9.0,-2.0,-4.0,7.0,-10.0,7.0,-1.0,10.0,0.0,3.0,-7.0,0.0,-11.0,-11.0,13.0,3.0,-10.0,-22.0,-41.0,40.0,94.0,-35.0,-30.0,-6.0,-2.0,-2.0,-4.0,9.0,-5.0,-5.0,4.0,0.0,5.0,0.0,2.0,2.0,-21.0,-32.0,-81.0,-112.0,-87.0,-39.0,81.0,51.0,90.0,116.0,230.0,56.0,-4.0,89.0,35.0,-16.0,72.0,54.0,6.0,58.0,86.0,-25.0,-1.0,56.0,65.0,156.0,181.0,128.0,31.0,-123.0,-138.0,-88.0,-27.0,8.0,-3.0,5.0,4.0,2.0,-3.0,-4.0,10.0,-9.0,-10.0,-40.0,-20.0,93.0,-21.0,-9.0,-7.0,-1.0,-4.0,2.0,1.0,8.0,-7.0,8.0,1.0,-8.0,-11.0,-19.0,2.0,8.0,-7.0,9.0,2.0,-5.0,-6.0,-10.0,4.0,7.0,9.0,-16.0,2.0,9.0,-10.0,-17.0,3.0,10.0,5.0,2.0,1.0,6.0,-1.0,10.0,16.0,-34.0,-7.0,9.0,-4.0,5.0,-1.0,-2.0,0.0,3.0,4.0,2.0,-1.0,0.0,2.0,-3.0,-1.0,3.0,-1.0,0.0,1.0,-3.0,0.0,1.0,-1.0,0.0,3.0
-11.0,1.0,-1.0,0.0,5.0,4.0,3.0,6.0,3.0,4.0,-3.0,0.0,-12.0,-13.0,4.0,4.0,10.0,2.0,3.0,3.0,-8.0,-4.0,3.0,0.0,2.0,1.0,1.0,-4.0,2.0,6.0,0.0,0.0,2.0,6.0,-2.0,-7.0,1.0,5.0,11.0,-1.0,-7.0,-8.0,-5.0,4.0,7.0,1.0,-1.0,13.0,5.0,2.0,-2.0,-2.0,1.0,-13.0,-2.0,-14.0,10.0,1.0,6.0,6.0,0.0,-4.0,2.0,0.0,7.0,8.0,-6.0,-10.0,6.0,4.0,-12.0,-18.0,-28.0,-21.0,101.0,15.0,-38.0,-35.0,-11.0,3.0,3.0,-4.0,-5.0,-1.0,-2.0,-3.0,4.0,-1.0,-2.0,3.0,-1.0,-1.0,-10.0,-24.0,-50.0,-82.0,-68.0,-126.0,-89.0,-97.0,-16.0,66.0,11.0,141.0,20.0,149.0,132.0,129.0,126.0,141.0,145.0,136.0,97.0,11.0,-30.0,-134.0,-143.0,-103.0,-49.0,-9.0,-5.0,1.0,-2.0,8.0,12.0,-18.0,4.0,0.0,2.0,-6.0,-11.0,-58.0,13.0,109.0,-34.0,-13.0,-8.0,3.0,8.0,4.0,5.0,-3.0,7.0,0.0,13.0,-9.0,9.0,-13.0,-19.0,6.0,4.0,4.0,2.0,5.0,10.0,5.0,-12.0,14.0,3.0,-1.0,7.0,-4.0,-3.0,2.0,-16.0,-9.0,13.0,-9.0,3.0,-1.0,2.0,13.0,-3.0,11.0,-1.0,-32.0,10.0,7.0,3.0,-1.0,0.0,3.0,-1.0,0.0,-4.0,-5.0,5.0,-2.0,4.0,-1.0,-2.0,4.0,0.0,-1.0,0.0,-2.0,3.0,-1.0,4.0,1.0
-20.0,2.0,2.0,-4.0,4.0,5.0,2.0,5.0,0.0,3.0,-1.0,-3.0,-23.0,-7.0,5.0,2.0,6.0,5.0,10.0,1.0,-1.0,-1.0,-2.0,0.0,1.0,3.0,3.0,-2.0,1.0,7.0,-8.0,2.0,-4.0,1.0,1.0,1.0,4.0,-3.0,10.0,6.0,-11.0,-11.0,-7.0,5.0,-2.0,8.0,-1.0,8.0,5.0,1.0,4.0,-6.0,-4.0,-11.0,1.0,0.0,5.0,-3.0,4.0,4.0,10.0,-4.0,5.0,-2.0,0.0,4.0,-8.0,-3.0,4.0,2.0,8.0,-4.0,-7.0,-22.0,-36.0,36.0,88.0,16.0,-44.0,-24.0,-9.0,-6.0,2.0,-3.0,0.0,-2.0,-12.0,14.0,-10.0,1.0,-4.0,-1.0,-2.0,-2.0,3.0,-18.0,0.0,-21.0,-2.0,-35.0,-57.0,-60.0,-52.0,-134.0,-76.0,-100.0,-115.0,-120.0,-107.0,-120.0,-126.0,-107.0,-118.0,-93.0,-68.0,-37.0,-12.0,-2.0,3.0,6.0,-11.0,-2.0,15.0,-9.0,-5.0,9.0,8.0,-8.0,-7.0,-22.0,-67.0,57.0,72.0,-37.0,-22.0,-1.0,1.0,5.0,4.0,-7.0,0.0,6.0,0.0,-8.0,9.0,7.0,3.0,-13.0,-22.0,8.0,7.0,2.0,2.0,-1.0,5.0,-11.0,-11.0,5.0,14.0,6.0,-1.0,-6.0,0.0,-10.0,-5.0,-6.0,12.0,-6.0,4.0,2.0,-5.0,7.0,-5.0,22.0,-1.0,-39.0,11.0,1.0,1.0,-1.0,2.0,0.0,0.0,5.0,1.0,7.0,-3.0,8.0,-7.0,2.0,3.0,-2.0,-1.0,1.0,1.0,-5.0,1.0,0.0,-4.0,3.0
-9.0,-1.0,4.0,3.0,3.0,3.0,-1.0,-2.0,-7.0,8.0,-1.0,-2.0,-21.0,2.0,1.0,10.0,8.0,8.0,5.0,3.0,-11.0,-7.0,-2.0,-4.0,5.0,-6.0,-3.0,1.0,0.0,4.0,6.0,-4.0,6.0,-1.0,-1.0,-6.0,1.0,0.0,7.0,2.0,-2.0,-15.0,-10.0,9.0,-6.0,-3.0,4.0,12.0,0.0,5.0,-2.0,1.0,-8.0,-5.0,-3.0,-5.0,-7.0,10.0,2.0,9.0,1.0,-5.0,1.0,-1.0,8.0,2.0,-8.0,2.0,2.0,4.0,4.0,-2.0,1.0,-7.0,-15.0,-25.0,-19.0,59.0,71.0,13.0,-56.0,-26.0,-3.0,-2.0,-1.0,-8.0,17.0,-19.0,6.0,-4.0,12.0,-11.0,6.0,-2.0,12.0,12.0,-16.0,14.0,-21.0,16.0,-15.0,8.0,-15.0,-11.0,-7.0,-10.0,-10.0,-34.0,-12.0,-3.0,-36.0,-4.0,-2.0,-20.0,1.0,-10.0,3.0,1.0,6.0,-7.0,10.0,-2.0,-6.0,5.0,4.0,-12.0,-10.0,-1.0,-53.0,-29.0,98.0,30.0,-16.0,-9.0,2.0,5.0,-1.0,-3.0,0.0,4.0,-4.0,6.0,5.0,4.0,-6.0,8.0,6.0,-17.0,-24.0,8.0,0.0,4.0,10.0,7.0,1.0,-3.0,0.0,5.0,10.0,-4.0,0.0,-8.0,8.0,-10.0,-18.0,2.0,14.0,-2.0,5.0,1.0,3.0,5.0,-1.0,13.0,24.0,-36.0,-4.0,4.0,5.0,-3.0,6.0,-5.0,4.0,-4.0,4.0,2.0,-1.0,-4.0,5.0,0.0,-2.0,-2.0,2.0,2.0,0.0,0.0,3.0,-1.0,-1.0,-6.0
-13.0,1.0,-3.0,2.0,3.0,4.0,1.0,7.0,5.0,-2.0,8.0,-1.0,-24.0,5.0,0.0,-5.0,4.0,8.0,6.0,-1.0,-5.0,2.0,-5.0,0.0,3.0,-3.0,-7.0,-6.0,-2.0,2.0,5.0,-2.0,-3.0,2.0,4.0,1.0,-5.0,3.0,0.0,3.0,0.0,-17.0,-13.0,5.0,3.0,-3.0,1.0,14.0,0.0,4.0,-1.0,-2.0,-5.0,-11.0,-8.0,-1.0,-3.0,0.0,3.0,8.0,-2.0,3.0,-1.0,3.0,7.0,5.0,-1.0,1.0,7.0,2.0,0.0,3.0,7.0,-7.0,-3.0,-9.0,-16.0,-21.0,-18.0,64.0,89.0,8.0,-49.0,-24.0,-20.0,9.0,-11.0,10.0,-11.0,4.0,-15.0,23.0,-7.0,1.0,-11.0,13.0,-6.0,6.0,2.0,-10.0,15.0,0.0,7.0,-3.0,-2.0,-5.0,9.0,-8.0,7.0,3.0,-14.0,8.0,11.0,-13.0,4.0,6.0,8.0,-2.0,-6.0,-1.0,8.0,-9.0,13.0,-4.0,-9.0,-8.0,-34.0,-58.0,52.0,97.0,-36.0,0.0,-22.0,-18.0,5.0,-5.0,-3.0,-7.0,11.0,-10.0,2.0,2.0,0.0,1.0,-1.0,12.0,4.0,-18.0,-19.0,5.0,5.0,-4.0,5.0,4.0,0.0,-4.0,0.0,9.0,6.0,5.0,-12.0,0.0,2.0,-3.0,-12.0,2.0,9.0,-5.0,-2.0,6.0,-6.0,6.0,2.0,10.0,9.0,-27.0,-21.0,13.0,-5.0,5.0,-3.0,9.0,-2.0,2.0,-3.0,3.0,-4.0,-2.0,-2.0,0.0,-4.0,1.0,-1.0,-1.0,3.0,1.0,0.0,-4.0,-1.0,-1.0
-21.0,1.0,8.0,0.0,5.0,5.0,1.0,-1.0,-2.0,2.0,-1.0,-4.0,-24.0,3.0,-2.0,1.0,11.0,4.0,10.0,-1.0,-6.0,2.0,-1.0,0.0,4.0,0.0,2.0,-4.0,1.0,1.0,-1.0,9.0,-3.0,0.0,1.0,1.0,-1.0,3.0,2.0,1.0,2.0,-17.0,-6.0,14.0,2.0,0.0,-2.0,15.0,1.0,-4.0,5.0,-5.0,-2.0,6.0,-9.0,3.0,-4.0,9.0,1.0,-1.0,8.0,5.0,-6.0,-6.0,0.0,3.0,8.0,-12.0,7.0,3.0,-6.0,4.0,-6.0,4.0,-8.0,-7.0,-12.0,-4.0,-5.0,-41.0,-23.0,46.0,75.0,24.0,-9.0,-49.0,-13.0,-28.0,10.0,-11.0,18.0,-20.0,11.0,-15.0,12.0,-30.0,16.0,-16.0,8.0,-20.0,8.0,2.0,-2.0,0.0,0.0,-3.0,17.0,-4.0,16.0,-10.0,5.0,1.0,-2.0,-12.0,10.0,-2.0,-5.0,-15.0,6.0,-1.0,-8.0,1.0,-11.0,-13.0,-43.0,-32.0,35.0,96.0,11.0,-15.0,-26.0,24.0,-9.0,-15.0,6.0,8.0,4.0,6.0,5.0,-4.0,9.0,2.0,7.0,4.0,4.0,2.0,5.0,-14.0,-18.0,3.0,3.0,6.0,-2.0,2.0,6.0,-6.0,-5.0,8.0,12.0,-3.0,-8.0,2.0,0.0,-1.0,-20.0,-6.0,18.0,-1.0,1.0,3.0,-2.0,8.0,-2.0,2.0,23.0,-3.0,-37.0,15.0,4.0,-1.0,-1.0,2.0,4.0,-2.0,1.0,-1.0,6.0,-3.0,1.0,1.0,1.0,1.0,1.0,3.0,-5.0,-2.0,2.0,-1.0,-1.0,4.0
-15.0,2.0,-2.0,5.0,-2.0,10.0,-1.0,0.0,1.0,-1.0,1.0,-10.0,-22.0,8.0,5.0,3.0,6.0,8.0,10.0,1.0,-2.0,-9.0,-4.0,4.0,-1.0,8.0,-8.0,1.0,-13.0,0.0,8.0,4.0,4.0,-2.0,0.0,3.0,-3.0,-2.0,2.0,5.0,-3.0,-3.0,-9.0,-9.0,7.0,0.0,-3.0,17.0,20.0,-3.0,0.0,8.0,10.0,-3.0,-6.0,-13.0,-6.0,11.0,-7.0,-4.0,3.0,7.0,9.0,-5.0,-10.0,3.0,-3.0,-5.0,-4.0,-3.0,1.0,-2.0,7.0,1.0,-5.0,-14.0,2.0,-9.0,-9.0,-2.0,-21.0,-9.0,-10.0,15.0,48.0,72.0,8.0,4.0,-53.0,-26.0,-37.0,3.0,-11.0,2.0,-1.0,-1.0,5.0,-1.0,3.0,-5.0,-9.0,21.0,-26.0,12.0,-12.0,-7.0,4.0,-9.0,10.0,-9.0,1.0,17.0,-25.0,1.0,10.0,-12.0,-2.0,1.0,7.0,-1.0,-13.0,-29.0,-44.0,-41.0,58.0,81.0,15.0,-18.0,-21.0,3.0,-15.0,-3.0,-20.0,-2.0,8.0,-3.0,-13.0,8.0,-5.0,10.0,-2.0,-1.0,-1.0,6.0,1.0,4.0,6.0,-23.0,-7.0,-7.0,7.0,13.0,-2.0,4.0,1.0,-12.0,9.0,-4.0,8.0,-12.0,6.0,0.0,1.0,-10.0,-14.0,1.0,4.0,2.0,-1.0,3.0,-5.0,5.0,2.0,-2.0,7.0,26.0,-52.0,8.0,5.0,3.0,6.0,-2.0,-3.0,3.0,2.0,-2.0,7.0,-4.0,-3.0,-2.0,3.0,0.0,-1.0,0.0,1.0,3.0,-4.0,3.0,1.0,-1.0
-16.0,3.0,0.0,1.0,-2.0,5.0,2.0,4.0,-1.0,6.0,3.0,-8.0,-23.0,13.0,-6.0,6.0,4.0,8.0,7.0,-3.0,-2.0,-4.0,-4.0,2.0,3.0,-3.0,1.0,-2.0,-10.0,3.0,3.0,3.0,3.0,-2.0,0.0,7.0,-2.0,2.0,0.0,1.0,-3.0,-7.0,-10.0,1.0,1.0,-1.0,-2.0,9.0,-2.0,4.0,-9.0,-4.0,-4.0,-15.0,-7.0,-2.0,1.0,-1.0,2.0,2.0,4.0,-8.0,1.0,4.0,-2.0,-1.0,4.0,-2.0,-1.0,2.0,13.0,0.0,3.0,12.0,1.0,10.0,5.0,-6.0,-3.0,-8.0,-5.0,0.0,-5.0,-4.0,-14.0,-16.0,16.0,33.0,58.0,48.0,0.0,-12.0,-49.0,-15.0,-56.0,5.0,-45.0,12.0,-26.0,10.0,-17.0,12.0,-16.0,11.0,-4.0,1.0,5.0,-24.0,7.0,1.0,-8.0,13.0,-14.0,7.0,-5.0,-13.0,-17.0,-8.0,-46.0,-31.0,-44.0,26.0,83.0,92.0,-21.0,-36.0,-33.0,17.0,-3.0,10.0,-12.0,-9.0,-2.0,0.0,22.0,5.0,1.0,2.0,3.0,-12.0,7.0,1.0,-5.0,0.0,0.0,10.0,3.0,-13.0,-15.0,-6.0,8.0,5.0,1.0,4.0,-3.0,6.0,1.0,4.0,8.0,11.0,-3.0,12.0,-4.0,-9.0,-15.0,3.0,5.0,5.0,-2.0,4.0,2.0,8.0,-4.0,3.0,5.0,19.0,-30.0,-14.0,7.0,-4.0,-2.0,2.0,8.0,-5.0,7.0,-9.0,-1.0,6.0,0.0,-2.0,1.0,-7.0,4.0,-3.0,3.0,4.0,-2.0,-1.0,2.0,6.0
-16.0,-3.0,6.0,5.0,5.0,-2.0,7.0,0.0,3.0,0.0,-2.0,-14.0,-17.0,6.0,-2.0,2.0,6.0,15.0,-3.0,0.0,-6.0,-6.0,1.0,0.0,5.0,3.0,-2.0,-2.0,-8.0,0.0,2.0,3.0,3.0,-3.0,-3.0,-2.0,2.0,-2.0,1.0,11.0,-2.0,-6.0,-16.0,-3.0,10.0,-6.0,-10.0,18.0,15.0,-5.0,11.0,-6.0,11.0,1.0,-10.0,-5.0,10.0,-5.0,-3.0,17.0,1.0,3.0,-5.0,-4.0,2.0,-3.0,6.0,11.0,-2.0,3.0,-4.0,5.0,-2.0,9.0,2.0,3.0,1.0,3.0,-2.0,7.0,1.0,-9.0,-7.0,-2.0,-10.0,5.0,7.0,-10.0,-3.0,-6.0,34.0,47.0,70.0,40.0,46.0,-10.0,8.0,-32.0,-36.0,-28.0,-46.0,-19.0,-28.0,-29.0,-6.0,-45.0,-5.0,-23.0,-12.0,-32.0,-37.0,-5.0,-51.0,-21.0,-33.0,-43.0,-19.0,-4.0,30.0,75.0,70.0,46.0,-27.0,-35.0,-33.0,7.0,8.0,19.0,-1.0,-11.0,-1.0,-18.0,-2.0,-4.0,2.0,-7.0,-4.0,0.0,-4.0,2.0,6.0,6.0,9.0,-9.0,3.0,6.0,0.0,-19.0,-15.0,1.0,7.0,-2.0,0.0,5.0,4.0,-7.0,-3.0,11.0,-7.0,-4.0,12.0,-5.0,-11.0,-7.0,-4.0,-3.0,12.0,-4.0,1.0,-10.0,2.0,-1.0,2.0,-3.0,9.0,9.0,-7.0,-27.0,15.0,-8.0,3.0,8.0,-2.0,-3.0,4.0,3.0,0.0,0.0,-2.0,1.0,-1.0,-1.0,-1.0,2.0,-4.0,-2.0,1.0,-2.0,0.0,-3.0
-11.0,2.0,-3.0,3.0,2.0,2.0,8.0,-7.0,4.0,-1.0,-2.0,-8.0,-17.0,10.0,-2.0,5.0,9.0,8.0,0.0,3.0,-7.0,-8.0,0.0,1.0,-1.0,4.0,1.0,-1.0,-5.0,-5.0,2.0,4.0,7.0,4.0,0.0,-2.0,4.0,0.0,-4.0,8.0,2.0,-15.0,-16.0,3.0,6.0,2.0,-7.0,14.0,6.0,-1.0,1.0,1.0,-5.0,10.0,-13.0,-8.0,-2.0,-12.0,1.0,-3.0,9.0,10.0,2.0,4.0,-6.0,-7.0,1.0,8.0,-3.0,-1.0,-8.0,11.0,3.0,-2.0,-3.0,6.0,-1.0,-1.0,0.0,-10.0,-10.0,-7.0,5.0,13.0,-6.0,-2.0,-5.0,-17.0,-7.0,-7.0,-8.0,-9.0,-15.0,-10.0,17.0,50.0,69.0,52.0,80.0,46.0,49.0,8.0,40.0,8.0,21.0,-1.0,9.0,8.0,3.0,27.0,-5.0,37.0,33.0,64.0,73.0,66.0,81.0,63.0,28.0,-2.0,-18.0,-14.0,-26.0,-15.0,-27.0,21.0,10.0,9.0,-6.0,1.0,-17.0,7.0,-8.0,10.0,0.0,2.0,2.0,1.0,-4.0,7.0,10.0,-9.0,-3.0,3.0,9.0,-4.0,15.0,-8.0,-26.0,4.0,9.0,8.0,-5.0,5.0,-1.0,-1.0,1.0,3.0,8.0,-5.0,5.0,-6.0,-5.0,-4.0,-13.0,4.0,5.0,5.0,3.0,-2.0,6.0,5.0,5.0,3.0,5.0,20.0,-3.0,-38.0,13.0,3.0,8.0,-2.0,-5.0,3.0,-2.0,-1.0,2.0,2.0,2.0,7.0,2.0,2.0,1.0,-2.0,5.0,-1.0,1.0,2.0,-9.0,2.0
-9.0,0.0,-1.0,6.0,-1.0,6.0,4.0,4.0,-2.0,2.0,2.0,-10.0,-15.0,11.0,-6.0,0.0,8.0,12.0,4.0,-1.0,-5.0,-10.0,3.0,-1.0,-1.0,1.0,1.0,0.0,0.0,-4.0,-3.0,-1.0,7.0,-1.0,0.0,-1.0,3.0,1.0,8.0,0.0,5.0,-7.0,-9.0,-3.0,16.0,2.0,-13.0,12.0,11.0,-6.0,-6.0,1.0,-5.0,1.0,-7.0,-11.0,7.0,-2.0,0.0,-7.0,6.0,-3.0,15.0,-7.0,4.0,10.0,-7.0,-5.0,5.0,-2.0,-2.0,-2.0,0.0,-3.0,-7.0,6.0,4.0,-2.0,5.0,-2.0,-8.0,-13.0,-3.0,-1.0,-4.0,3.0,9.0,6.0,3.0,4.0,-3.0,-12.0,-7.0,-15.0,-8.0,-14.0,-29.0,-20.0,-26.0,16.0,26.0,18.0,16.0,34.0,35.0,34.0,41.0,44.0,39.0,36.0,44.0,40.0,8.0,-3.0,-11.0,-18.0,-38.0,-33.0,-9.0,-27.0,-10.0,-17.0,-9.0,-26.0,25.0,22.0,-1.0,4.0,1.0,-8.0,-14.0,-3.0,5.0,11.0,5.0,-9.0,-4.0,-1.0,4.0,3.0,-2.0,5.0,0.0,3.0,-10.0,5.0,-3.0,-5.0,-17.0,0.0,4.0,7.0,3.0,-3.0,2.0,-3.0,7.0,-1.0,3.0,9.0,3.0,14.0,-1.0,-8.0,-10.0,0.0,9.0,0.0,-5.0,-2.0,6.0,0.0,-7.0,6.0,1.0,15.0,10.0,-37.0,-3.0,4.0,-1.0,4.0,2.0,-2.0,3.0,3.0,0.0,-3.0,7.0,-14.0,5.0,0.0,-2.0,-2.0,-3.0,2.0,3.0,-6.0,5.0,5.0
-10.0,-1.0,0.0,3.0,3.0,7.0,-1.0,0.0,-5.0,3.0,-3.0,-8.0,-12.0,2.0,8.0,-4.0,9.0,12.0,5.0,-2.0,-6.0,-6.0,1.0,0.0,-1.0,2.0,-2.0,1.0,1.0,6.0,-8.0,0.0,11.0,3.0,4.0,-3.0,1.0,-3.0,7.0,0.0,-1.0,-7.0,-14.0,-4.0,6.0,-3.0,-15.0,13.0,9.0,-1.0,8.0,0.0,-6.0,12.0,-10.0,-8.0,12.0,6.0,-2.0,-2.0,-5.0,-2.0,5.0,4.0,-11.0,-2.0,-8.0,1.0,7.0,1.0,-2.0,6.0,1.0,14.0,-5.0,8.0,5.0,10.0,-2.0,3.0,18.0,0.0,-9.0,-5.0,-5.0,-7.0,-1.0,5.0,3.0,5.0,-13.0,7.0,-5.0,1.0,-18.0,-19.0,-21.0,-1.0,-9.0,-12.0,-28.0,-25.0,-2.0,-21.0,-19.0,-16.0,-9.0,-25.0,-31.0,-28.0,-31.0,-27.0,-25.0,-10.0,-15.0,-13.0,-7.0,-7.0,-9.0,5.0,-1.0,-16.0,-7.0,-1.0,9.0,8.0,-5.0,6.0,-2.0,-10.0,-11.0,-6.0,20.0,5.0,-4.0,1.0,5.0,8.0,-4.0,1.0,9.0,-7.0,-2.0,5.0,1.0,15.0,-5.0,-8.0,-23.0,-6.0,13.0,7.0,1.0,0.0,2.0,-3.0,-3.0,2.0,-2.0,1.0,0.0,5.0,-13.0,-16.0,-6.0,-7.0,11.0,-2.0,-6.0,-3.0,0.0,4.0,2.0,4.0,-5.0,6.0,13.0,-12.0,-33.0,21.0,1.0,3.0,3.0,4.0,-2.0,-2.0,7.0,-1.0,-3.0,6.0,-3.0,-3.0,5.0,-1.0,0.0,0.0,-2.0,0.0,0.0,3.0
-13.0,4.0,1.0,2.0,3.0,3.0,4.0,-2.0,2.0,-4.0,-1.0,-12.0,-1.0,-4.0,-1.0,5.0,3.0,12.0,6.0,-5.0,-7.0,1.0,4.0,-1.0,3.0,7.0,-3.0,-4.0,1.0,1.0,-2.0,-4.0,-1.0,5.0,-5.0,-4.0,3.0,-2.0,-1.0,8.0,0.0,-3.0,-15.0,-2.0,4.0,1.0,-9.0,11.0,14.0,-2.0,0.0,-2.0,7.0,2.0,4.0,-16.0,-5.0,5.0,3.0,-2.0,-1.0,3.0,5.0,5.0,5.0,-1.0,5.0,-4.0,-1.0,-16.0,14.0,6.0,8.0,-1.0,11.0,-3.0,-2.0,3.0,4.0,2.0,-17.0,-7.0,6.0,3.0,-1.0,-1.0,6.0,6.0,4.0,-2.0,0.0,0.0,7.0,-4.0,0.0,-1.0,-7.0,0.0,-10.0,-4.0,3.0,-1.0,-1.0,-4.0,-6.0,6.0,-18.0,-6.0,-3.0,-6.0,7.0,-8.0,4.0,6.0,-7.0,9.0,0.0,0.0,-4.0,-2.0,-15.0,-9.0,2.0,6.0,4.0,4.0,-2.0,14.0,-8.0,-3.0,-2.0,7.0,-14.0,2.0,-4.0,-4.0,8.0,1.0,-1.0,11.0,-6.0,0.0,0.0,-1.0,5.0,10.0,13.0,1.0,-21.0,-8.0,12.0,-5.0,-2.0,2.0,-1.0,4.0,0.0,4.0,6.0,0.0,7.0,11.0,-4.0,-15.0,-9.0,10.0,4.0,1.0,2.0,1.0,3.0,1.0,-2.0,1.0,0.0,13.0,0.0,-4.0,-34.0,4.0,4.0,0.0,6.0,-6.0,0.0,2.0,-3.0,1.0,-5.0,-3.0,0.0,5.0,0.0,-2.0,4.0,-2.0,5.0,4.0,-8.0,-2.0
-6.0,0.0,1.0,2.0,2.0,3.0,-3.0,1.0,-9.0,0.0,7.0,-14.0,-10.0,-1.0,2.0,3.0,8.0,7.0,6.0,-11.0,-4.0,1.0,0.0,-3.0,3.0,6.0,-3.0,-3.0,-4.0,4.0,-2.0,-3.0,0.0,1.0,0.0,3.0,2.0,-1.0,6.0,2.0,2.0,-6.0,-12.0,-9.0,3.0,0.0,-2.0,0.0,19.0,-7.0,-1.0,-3.0,3.0,8.0,-1.0,-8.0,-11.0,5.0,3.0,4.0,-9.0,-2.0,-3.0,-3.0,-6.0,-1.0,1.0,-2.0,1.0,7.0,-16.0,-5.0,3.0,-4.0,-5.0,-6.0,2.0,-2.0,9.0,4.0,9.0,-12.0,-2.0,-2.0,-4.0,-8.0,5.0,-4.0,0.0,-4.0,-2.0,-5.0,2.0,7.0,25.0,0.0,-5.0,6.0,-12.0,-6.0,-2.0,-1.0,1.0,-1.0,-8.0,-3.0,3.0,14.0,3.0,9.0,-1.0,9.0,-5.0,0.0,-8.0,3.0,8.0,-6.0,-2.0,-8.0,-7.0,2.0,7.0,4.0,15.0,9.0,10.0,13.0,-5.0,-18.0,-2.0,13.0,14.0,-6.0,8.0,-2.0,0.0,2.0,2.0,-9.0,-1.0,1.0,1.0,-2.0,1.0,12.0,-4.0,-7.0,-22.0,-8.0,19.0,-2.0,1.0,3.0,3.0,1.0,-1.0,1.0,0.0,3.0,11.0,-3.0,-7.0,-14.0,-13.0,5.0,13.0,-2.0,-4.0,-2.0,1.0,2.0,3.0,2.0,1.0,5.0,7.0,22.0,-43.0,6.0,5.0,5.0,2.0,0.0,3.0,-3.0,4.0,3.0,-4.0,3.0,2.0,-4.0,6.0,-9.0,-1.0,-7.0,-2.0,3.0,2.0,4.0
-8.0,1.0,-3.0,2.0,4.0,8.0,8.0,-2.0,5.0,-3.0,-11.0,-14.0,5.0,-6.0,-3.0,10.0,11.0,8.0,6.0,-12.0,-7.0,5.0,1.0,1.0,-5.0,3.0,-5.0,0.0,-7.0,5.0,2.0,-3.0,-3.0,8.0,-1.0,-3.0,-2.0,3.0,7.0,5.0,3.0,-6.0,-7.0,-9.0,7.0,5.0,-6.0,5.0,12.0,9.0,-6.0,-3.0,0.0,3.0,5.0,-6.0,-11.0,-8.0,9.0,1.0,7.0,-1.0,-1.0,6.0,7.0,3.0,0.0,6.0,1.0,-1.0,-5.0,-6.0,-3.0,7.0,6.0,-1.0,-4.0,0.0,1.0,8.0,11.0,-3.0,3.0,-1.0,-4.0,-7.0,-9.0,3.0,9.0,2.0,5.0,-10.0,4.0,15.0,-20.0,3.0,9.0,14.0,-3.0,8.0,2.0,3.0,2.0,-4.0,5.0,-5.0,-4.0,6.0,-7.0,2.0,2.0,1.0,0.0,2.0,-4.0,-8.0,0.0,-9.0,-2.0,-5.0,-13.0,-10.0,3.0,15.0,8.0,3.0,6.0,-4.0,-5.0,-7.0,-9.0,8.0,-3.0,6.0,0.0,8.0,-4.0,2.0,1.0,6.0,-2.0,1.0,5.0,-5.0,0.0,4.0,15.0,-2.0,-20.0,-6.0,11.0,1.0,-1.0,-5.0,5.0,-2.0,2.0,-5.0,1.0,-6.0,16.0,-2.0,5.0,-16.0,-10.0,7.0,12.0,5.0,-1.0,-1.0,2.0,7.0,4.0,0.0,-9.0,11.0,6.0,5.0,-14.0,-15.0,5.0,-3.0,1.0,0.0,8.0,-7.0,0.0,3.0,-4.0,5.0,-1.0,0.0,1.0,-1.0,1.0,3.0,-1.0,8.0,-8.0,7.0
-10.0,0.0,-2.0,2.0,4.0,4.0,0.0,1.0,-1.0,-5.0,-6.0,-9.0,5.0,1.0,-2.0,5.0,9.0,5.0,1.0,-10.0,-6.0,-3.0,3.0,0.0,-5.0,8.0,0.0,-3.0,-1.0,0.0,1.0,1.0,5.0,-4.0,0.0,-5.0,7.0,-2.0,4.0,1.0,-2.0,-3.0,-16.0,-15.0,8.0,3.0,-3.0,0.0,12.0,-6.0,-2.0,1.0,0.0,11.0,-2.0,-4.0,-9.0,-2.0,2.0,0.0,-3.0,-7.0,0.0,5.0,1.0,-7.0,-2.0,-2.0,5.0,10.0,11.0,-11.0,-1.0,-4.0,3.0,-8.0,-8.0,-10.0,2.0,4.0,7.0,0.0,-1.0,-4.0,8.0,-11.0,6.0,3.0,11.0,1.0,-2.0,9.0,-12.0,-7.0,5.0,3.0,8.0,-7.0,9.0,10.0,-7.0,-18.0,-6.0,-4.0,0.0,11.0,-14.0,-9.0,0.0,5.0,-7.0,-4.0,3.0,-16.0,-1.0,2.0,2.0,-13.0,2.0,-10.0,2.0,19.0,6.0,3.0,-4.0,0.0,-2.0,-7.0,-2.0,-6.0,-16.0,4.0,11.0,-8.0,4.0,-15.0,12.0,0.0,-11.0,5.0,-2.0,7.0,-7.0,3.0,-3.0,12.0,2.0,-9.0,-21.0,-11.0,8.0,0.0,-1.0,2.0,-1.0,8.0,5.0,2.0,8.0,1.0,10.0,14.0,-9.0,-14.0,-16.0,12.0,-5.0,-2.0,7.0,2.0,-12.0,-3.0,7.0,1.0,4.0,-2.0,5.0,12.0,8.0,-51.0,23.0,12.0,1.0,-3.0,6.0,-1.0,1.0,-3.0,5.0,-2.0,-1.0,3.0,-4.0,11.0,1.0,-3.0,-1.0,-4.0,-3.0,4.0
-5.0,1.0,-5.0,2.0,5.0,-2.0,4.0,0.0,3.0,2.0,-10.0,-7.0,3.0,-6.0,1.0,-1.0,12.0,8.0,0.0,-13.0,1.0,3.0,1.0,10.0,-6.0,-1.0,4.0,3.0,-2.0,3.0,5.0,-1.0,4.0,4.0,3.0,1.0,-1.0,2.0,7.0,0.0,6.0,9.0,-3.0,-9.0,11.0,-1.0,-4.0,-6.0,23.0,-8.0,0.0,-4.0,2.0,10.0,6.0,-4.0,-7.0,-5.0,5.0,6.0,-1.0,14.0,5.0,-5.0,2.0,3.0,-5.0,-1.0,3.0,-4.0,-3.0,0.0,-6.0,-3.0,-5.0,6.0,22.0,-2.0,-5.0,1.0,-6.0,-2.0,-2.0,-3.0,-5.0,-2.0,-8.0,-10.0,-2.0,0.0,-7.0,9.0,19.0,-8.0,-7.0,-16.0,-7.0,-7.0,-10.0,-1.0,7.0,9.0,7.0,4.0,-3.0,-1.0,21.0,-3.0,0.0,-5.0,0.0,4.0,5.0,-5.0,9.0,-6.0,-4.0,0.0,2.0,-1.0,17.0,2.0,4.0,1.0,-1.0,6.0,8.0,-1.0,-5.0,-19.0,11.0,-6.0,-9.0,-13.0,15.0,-9.0,5.0,-1.0,8.0,-7.0,10.0,-4.0,-8.0,2.0,6.0,4.0,3.0,-3.0,-18.0,-4.0,15.0,6.0,-4.0,4.0,-1.0,-4.0,12.0,-4.0,-4.0,3.0,-1.0,9.0,-6.0,-23.0,-11.0,12.0,-7.0,2.0,0.0,6.0,10.0,-1.0,-1.0,2.0,-3.0,8.0,-1.0,14.0,-4.0,-41.0,2.0,8.0,-1.0,3.0,-5.0,1.0,1.0,-3.0,5.0,-1.0,-1.0,2.0,4.0,-11.0,-5.0,4.0,-4.0,2.0,1.0,-2.0
-6.0,0.0,2.0,-2.0,1.0,6.0,3.0,0.0,4.0,-7.0,-18.0,-1.0,1.0,0.0,-1.0,8.0,2.0,15.0,-16.0,-11.0,-3.0,-1.0,-2.0,5.0,-7.0,-4.0,-7.0,-4.0,-3.0,-3.0,-6.0,-4.0,-4.0,-11.0,0.0,-11.0,0.0,0.0,-1.0,-2.0,0.0,2.0,-13.0,-19.0,-3.0,-2.0,-6.0,-13.0,16.0,-3.0,-3.0,-2.0,-14.0,5.0,0.0,2.0,-10.0,-15.0,2.0,-5.0,-1.0,-19.0,-1.0,-6.0,-2.0,-5.0,0.0,-1.0,-7.0,0.0,-4.0,4.0,0.0,-3.0,4.0,-5.0,-5.0,3.0,2.0,-3.0,2.0,1.0,19.0,12.0,-3.0,13.0,-5.0,8.0,-9.0,-7.0,-1.0,-10.0,-5.0,-8.0,0.0,20.0,20.0,4.0,10.0,-4.0,8.0,-3.0,-6.0,-3.0,5.0,-5.0,-14.0,-1.0,10.0,-3.0,-3.0,-4.0,-8.0,12.0,5.0,-4.0,-2.0,17.0,8.0,-3.0,8.0,-10.0,10.0,2.0,-4.0,7.0,-15.0,-1.0,-10.0,13.0,6.0,19.0,1.0,7.0,2.0,1.0,4.0,1.0,-6.0,5.0,-6.0,-6.0,10.0,-6.0,5.0,2.0,13.0,11.0,-22.0,-14.0,5.0,5.0,3.0,-7.0,3.0,-2.0,-6.0,-3.0,-1.0,5.0,12.0,20.0,-6.0,-12.0,-12.0,6.0,7.0,-3.0,3.0,-13.0,-11.0,-4.0,0.0,-2.0,7.0,-10.0,4.0,15.0,36.0,-18.0,-35.0,20.0,-2.0,-4.0,-3.0,-1.0,-2.0,2.0,-8.0,-1.0,-2.0,-5.0,-1.0,3.0,5.0,-1.0,6.0,-1.0,-1.0,4.0
