56,55,55,55,55,55,55,55,54,54,54,53,54,53,54,53,53,53,53,53,51,52,52,52,51,51,51,51,51,50,51,51,51,51,50,50,50,50,49,49,49,49,49,49,48,48,48,48,48,48,48,47,47,47,48,48,47,48,48,48,48,48,48,48,48,49,49,49,49,49,49,49,50,50,51,50,51,52,51,52,52,52,53,52,52,52,53,53,53,53,54,54,54,54,54,54,54,54,55,54,54,54,54,55,55,55,54,54,54,54,55,55,54,54,53,53,52,52,52,53,52,51,52,52,51,51,51,51,50,50,49,49,49,49,48,49,49,49,48,48,47,47,47,46,46,46,46,45,45,45,46,45,46,45,45,45,45,44,45,45,45,46,45,45,45,45,44,45,44,44,44,45,45,44,45,44,45,45,45,45,44,45,45,45,45,45,44,44,45,45,44,44,45,44,45,44,43,44,44,44
56,56,56,55,56,56,55,54,54,54,54,54,54,54,53,54,53,52,53,52,53,52,52,52,51,51,51,51,50,50,50,51,51,51,50,50,49,49,50,50,49,49,49,49,48,48,48,49,48,48,47,48,48,47,47,48,48,47,48,48,48,48,47,48,48,48,49,49,49,49,49,49,50,50,50,50,51,52,52,52,52,52,52,52,53,53,53,54,53,54,54,54,54,54,54,54,54,55,55,55,55,54,56,55,54,55,54,55,54,54,54,54,55,54,55,54,53,52,52,53,52,51,51,51,51,51,51,51,50,50,49,49,49,49,49,49,49,49,48,48,47,46,46,46,46,46,46,46,45,45,45,46,46,46,45,45,44,44,44,45,44,45,45,45,45,45,45,45,45,44,45,44,45,46,45,45,45,45,44,44,45,44,44,45,44,45,44,45,44,45,44,44,44,44,45,44,44,44,44,45
56,55,55,55,56,55,55,54,55,55,54,54,53,53,53,53,52,52,52,52,51,52,51,51,52,51,51,51,50,50,51,51,51,50,49,50,49,49,49,49,49,48,49,49,48,48,48,47,48,47,48,47,48,48,47,48,48,48,48,47,48,47,47,48,49,49,49,49,49,49,49,50,50,51,51,51,52,52,52,52,53,52,53,53,53,54,53,54,54,54,55,54,55,55,55,55,55,55,55,56,55,55,55,55,55,55,55,54,54,55,55,55,55,54,54,54,53,52,53,54,53,52,52,52,51,52,51,51,51,50,50,49,49,49,48,49,49,48,48,48,47,46,47,47,46,46,45,45,46,45,45,46,45,46,45,45,45,44,45,45,45,45,45,45,44,44,45,44,45,44,44,44,45,44,44,43,44,44,44,44,43,44,44,45,44,44,44,44,44,45,44,44,44,44,45,44,44,44,44,44
55,55,56,55,56,55,55,54,54,54,55,54,54,54,53,52,52,51,52,51,51,51,52,51,51,50,51,51,51,50,50,50,50,50,50,49,49,49,49,49,49,48,49,49,48,48,48,48,48,48,47,47,47,47,47,48,47,47,48,48,48,48,47,48,48,49,49,49,50,50,50,50,50,51,52,53,52,52,52,53,53,52,53,53,53,53,54,54,54,55,55,55,56,56,56,56,55,56,55,56,56,56,56,56,56,56,55,54,56,55,55,55,55,54,55,54,53,53,53,53,52,52,52,52,51,51,51,51,51,51,50,50,50,50,49,48,49,49,48,48,47,46,46,46,46,45,45,46,45,45,44,45,45,45,45,45,45,45,45,45,44,45,44,44,44,44,45,44,44,44,44,44,44,44,45,44,44,44,44,44,44,44,43,44,44,44,44,44,44,44,44,44,44,43,44,45,43,44,45,43
56,55,55,56,56,55,56,55,54,54,54,55,54,54,53,53,52,52,52,52,52,52,51,50,51,50,50,51,50,50,50,50,50,50,50,49,49,50,49,49,49,49,49,49,48,49,48,48,48,48,47,48,47,47,47,47,47,48,47,48,48,48,48,47,48,49,49,49,50,50,50,51,51,51,52,53,52,52,53,53,53,53,54,53,54,53,54,54,54,55,55,56,56,56,56,56,56,56,56,57,56,57,56,56,57,57,56,56,55,56,55,54,55,55,55,55,54,53,53,53,53,52,52,52,52,52,51,52,51,51,50,50,50,50,50,49,49,49,48,48,48,46,46,46,46,46,45,46,45,45,45,45,46,45,45,44,45,44,44,44,44,44,44,44,44,44,43,44,44,44,44,44,44,44,44,44,44,44,44,44,43,44,43,44,44,43,44,44,44,43,44,44,44,43,43,44,44,44,45,44
55,56,56,55,55,56,56,55,54,54,54,55,54,54,52,53,53,52,53,53,52,52,51,51,50,50,50,50,50,50,50,50,50,50,49,50,49,49,49,49,49,48,48,48,48,49,48,48,47,48,47,47,48,47,47,47,47,48,48,48,48,47,47,48,49,49,49,50,49,50,50,51,50,51,52,52,52,52,53,54,53,54,53,53,54,54,54,55,56,56,56,55,56,56,57,56,56,57,56,57,57,57,57,57,57,57,56,56,55,56,56,55,56,55,55,55,55,54,54,53,52,53,53,53,52,52,52,51,52,51,49,51,49,50,49,49,49,48,49,48,48,46,47,46,45,46,45,45,45,45,45,45,45,45,44,44,44,44,44,43,44,43,43,44,44,44,44,44,44,44,44,44,44,44,44,44,44,43,43,44,43,43,43,43,43,44,43,43,43,43,44,43,44,44,44,44,44,43,43,44
55,55,56,56,55,56,55,55,55,55,54,54,53,53,52,52,53,52,52,52,52,52,51,51,51,50,50,51,50,50,49,50,50,49,49,50,50,48,50,49,48,48,49,48,48,48,48,47,48,48,48,47,47,47,47,47,47,47,47,47,48,47,48,48,49,49,50,50,50,50,51,51,52,51,52,52,53,52,53,54,54,54,54,54,54,55,55,55,56,56,56,57,57,57,57,57,56,57,58,57,58,58,57,57,57,57,58,57,57,57,56,57,56,56,56,55,55,54,54,53,54,53,54,54,53,53,52,52,52,51,50,50,50,50,49,49,49,49,48,48,48,46,46,46,46,45,45,46,44,45,45,45,45,44,44,43,44,44,44,44,43,44,43,44,43,44,44,43,44,44,44,44,44,44,43,44,43,43,44,44,43,42,43,43,42,43,43,43,43,43,43,43,44,43,44,44,44,43,43,43
56,55,57,55,55,55,56,55,55,55,55,55,54,53,54,52,52,52,52,52,52,51,51,50,51,50,50,51,50,50,49,50,49,49,50,49,49,49,49,48,49,49,48,48,48,48,47,47,47,47,47,47,47,47,47,47,48,47,47,47,47,47,48,48,49,49,50,50,51,50,51,51,51,52,51,52,52,52,53,54,54,54,55,54,54,54,56,56,57,57,55,57,57,57,57,58,57,59,59,58,59,58,59,59,58,58,59,58,58,58,57,57,56,55,56,56,56,55,54,53,53,54,53,54,53,53,53,52,52,51,50,50,50,50,49,49,49,49,49,48,47,47,46,46,45,45,45,45,44,44,44,45,44,45,44,44,44,44,44,44,44,43,43,43,43,44,44,44,44,44,44,43,44,44,44,43,44,43,44,43,43,43,43,43,43,42,43,44,43,43,43,43,44,44,44,44,43,43,44,43
55,55,56,56,55,55,56,55,54,55,54,54,54,53,52,53,52,52,52,52,52,51,51,51,50,50,50,50,50,50,50,49,49,49,49,49,48,49,49,48,48,48,48,48,48,48,48,47,47,47,47,47,47,47,47,47,47,47,47,47,48,47,48,49,49,50,49,50,50,50,51,51,52,51,52,52,53,53,53,54,54,55,54,54,55,55,56,56,56,57,56,57,57,57,60,63,63,64,69,69,71,69,72,74,73,72,69,61,60,58,57,57,56,57,56,56,56,56,55,55,54,54,54,54,53,53,53,53,53,51,51,51,51,50,50,50,49,49,49,48,48,48,47,46,46,45,45,45,44,44,44,45,45,44,44,43,44,44,44,44,43,43,43,43,44,44,44,43,44,44,44,43,44,44,43,44,43,44,44,44,43,43,43,43,44,43,43,43,43,42,43,43,44,44,43,44,44,43,43,43
56,56,56,55,56,55,55,55,56,55,55,54,54,54,53,53,52,53,52,52,52,52,52,51,51,50,51,50,49,50,49,49,49,49,49,49,48,48,49,48,48,48,48,48,48,48,47,47,47,47,47,47,46,47,46,47,47,47,48,47,48,48,48,48,49,49,49,50,50,51,51,52,52,52,51,52,52,53,54,54,55,55,55,55,55,56,56,57,57,57,58,57,60,63,67,76,97,101,114,119,121,120,125,126,123,112,109,92,76,68,63,61,58,58,58,56,57,56,55,55,55,55,54,55,53,54,53,53,53,52,51,52,51,50,50,50,49,49,49,48,48,48,47,46,45,46,45,45,44,44,44,44,44,44,44,43,44,44,44,44,43,43,43,44,44,44,44,43,43,43,43,43,43,43,43,43,43,43,43,44,44,43,43,43,43,43,43,43,43,43,43,43,43,44,44,43,43,43,42,43
57,56,56,55,55,55,55,55,54,55,54,54,54,54,53,54,53,53,52,52,52,52,51,51,50,51,50,50,50,50,50,49,48,49,49,49,48,49,48,48,48,48,48,47,47,47,47,47,48,47,48,47,46,47,47,47,47,48,48,48,48,48,48,49,49,49,50,50,52,51,51,52,52,52,53,53,53,54,55,54,55,56,56,56,56,56,57,57,58,58,62,70,92,107,126,141,145,143,144,143,143,146,148,150,151,150,147,143,135,129,116,95,75,65,59,57,57,57,56,55,55,55,54,55,54,54,54,52,53,52,52,52,52,51,50,50,49,50,49,47,48,47,47,46,46,46,44,45,45,44,43,44,44,44,44,44,44,43,44,44,43,43,43,44,43,44,43,43,43,43,43,43,43,44,43,43,43,43,43,43,43,44,42,43,43,43,43,43,43,43,42,43,43,43,43,43,43,42,42,42
56,56,56,56,55,55,55,55,55,54,55,54,54,53,53,53,53,53,52,52,52,51,51,51,51,50,51,51,49,51,49,49,49,49,48,48,48,48,48,48,47,47,48,47,48,47,47,48,47,48,47,47,47,47,47,48,48,47,48,48,48,48,49,49,50,50,50,51,52,52,52,53,52,53,53,53,53,54,55,55,55,55,56,56,56,56,57,57,67,75,103,132,148,152,154,157,158,162,166,165,164,164,163,162,160,160,158,153,153,147,141,138,131,120,96,74,61,57,57,56,56,56,56,55,55,55,54,53,53,53,52,52,51,52,50,50,50,50,50,48,48,48,47,47,46,46,45,45,44,44,44,45,44,44,43,44,43,43,43,44,43,43,43,43,43,43,42,43,42,42,43,42,43,43,43,43,43,43,43,43,43,43,43,43,43,43,43,43,42,42,42,43,43,43,43,43,42,43,42,42
56,56,56,55,56,56,55,55,55,54,55,54,54,53,53,53,53,53,53,52,52,52,51,51,51,51,50,50,50,50,49,49,49,49,49,48,48,48,48,48,47,47,47,47,48,47,47,48,47,48,47,47,47,47,47,47,47,48,48,48,48,49,49,50,50,50,50,52,52,52,52,52,53,53,54,54,54,55,55,55,55,56,56,57,58,58,60,79,115,138,155,158,160,165,169,175,179,180,181,182,184,184,182,181,180,179,176,168,165,160,154,151,149,143,136,130,112,81,63,57,56,55,55,55,54,54,54,54,54,53,53,54,52,51,50,50,49,50,50,49,49,48,47,47,46,46,44,45,44,44,44,44,44,44,44,44,44,43,43,44,43,43,43,42,42,42,42,43,43,42,42,43,43,42,43,43,42,43,43,43,43,43,43,42,42,43,43,43,42,42,44,43,42,42,43,43,42,42,42,42
55,56,56,56,55,55,55,55,54,55,55,54,53,54,53,54,53,53,52,51,52,51,51,51,51,50,50,50,51,50,49,50,49,49,49,48,49,48,48,48,47,47,48,47,47,47,47,47,47,47,47,47,47,47,47,48,48,48,48,48,48,48,50,50,50,51,52,52,52,53,53,52,53,54,54,54,55,55,55,55,55,56,56,58,60,73,118,144,154,158,165,166,170,177,181,185,186,190,190,193,192,192,192,194,194,195,192,190,187,183,175,170,160,153,147,144,136,128,110,77,55,57,56,55,56,55,55,55,55,54,53,54,53,52,51,51,51,50,50,50,48,49,48,47,47,46,45,45,45,44,45,44,44,44,43,43,43,43,43,43,43,42,42,42,42,43,43,43,42,43,42,43,43,42,42,42,42,43,42,42,43,43,43,42,42,42,42,42,42,42,42,43,43,43,43,43,41,42,41,42
56,56,56,55,55,55,55,55,55,55,55,54,54,54,54,53,53,53,52,52,52,51,52,51,51,51,51,51,50,50,49,49,49,49,48,49,49,48,48,48,48,48,47,47,47,47,47,47,46,47,47,47,47,47,47,48,47,48,48,49,48,49,51,50,51,51,52,52,53,53,53,54,54,55,55,55,54,55,55,56,57,57,57,63,99,142,156,164,169,172,177,180,186,190,194,195,195,196,195,196,196,194,194,193,194,195,194,193,194,193,189,186,181,176,168,160,151,144,136,129,104,67,58,57,57,56,55,55,54,54,54,54,53,52,52,52,51,50,50,50,49,48,48,47,47,46,46,44,45,44,44,44,44,43,44,43,43,43,43,43,43,43,43,43,42,42,43,43,42,42,42,43,43,42,42,43,41,42,43,42,42,42,42,42,42,42,42,42,42,42,42,42,42,43,43,43,43,42,42,41
56,56,56,55,55,55,55,55,55,55,54,54,53,54,54,54,53,53,53,52,52,52,51,52,52,51,51,50,50,49,49,49,49,48,49,48,48,48,48,47,48,47,48,47,47,46,47,47,47,47,47,47,47,47,47,48,48,48,48,49,50,50,50,51,51,51,52,52,53,52,53,54,55,55,55,55,56,56,55,56,56,57,72,123,150,161,168,173,179,182,186,191,195,197,198,199,198,198,196,195,195,195,194,194,193,193,193,192,192,193,192,191,187,184,181,177,169,155,144,138,131,122,87,61,60,56,55,54,54,55,53,53,53,52,52,52,52,51,51,50,49,49,49,47,47,46,46,45,44,44,45,44,44,44,44,43,43,43,42,43,42,42,42,42,42,42,43,42,43,43,42,42,42,42,42,43,42,42,42,42,42,42,42,42,42,43,42,42,43,42,42,42,43,42,43,43,43,42,42,42
55,56,56,56,55,55,56,55,55,54,55,54,54,54,54,53,53,53,53,52,52,52,52,51,52,51,51,50,50,50,49,49,49,49,49,48,48,48,48,48,48,47,48,47,47,47,47,47,47,47,47,47,47,47,48,48,48,48,49,49,50,50,50,51,51,52,52,53,53,54,55,54,55,56,55,55,56,55,56,57,59,91,139,156,168,175,179,183,187,192,195,196,197,199,199,199,198,197,196,194,194,193,192,192,192,191,192,192,192,193,191,192,189,188,186,185,183,173,161,157,143,136,130,107,72,57,56,55,55,55,54,54,54,53,53,52,52,52,51,50,49,49,49,48,47,46,46,45,44,44,45,44,44,43,43,42,43,43,42,42,43,42,42,42,42,42,42,42,42,42,42,42,42,42,42,42,43,42,42,42,42,42,42,42,41,43,42,42,42,43,42,42,43,43,42,43,42,42,42,42
57,55,56,56,56,56,55,55,55,54,55,55,54,54,54,55,53,53,52,52,52,52,51,51,51,51,51,50,50,49,49,49,49,49,49,48,48,48,48,48,47,47,47,47,47,47,47,47,47,47,47,47,48,47,48,48,48,49,48,49,50,50,51,51,51,52,53,54,54,54,55,54,55,56,56,56,56,56,58,61,112,154,165,175,182,185,189,192,196,198,198,198,198,199,199,199,197,196,195,194,193,193,192,192,191,191,192,193,192,193,191,190,190,188,188,187,187,186,183,175,162,151,142,133,121,81,57,56,55,55,55,55,54,54,53,53,53,52,51,50,50,49,48,48,47,47,46,45,45,45,44,44,43,43,43,43,43,42,42,43,42,42,41,42,42,42,42,42,42,42,42,42,42,42,42,42,42,42,42,41,42,42,42,41,41,42,42,42,43,42,42,42,42,42,42,42,42,43,43,42
55,55,55,56,56,55,56,56,54,54,55,54,54,53,54,54,54,53,52,52,52,51,51,51,51,51,50,50,51,50,49,49,49,48,48,48,48,48,48,48,47,47,47,47,47,47,47,47,47,47,47,47,47,47,47,48,48,49,49,49,50,50,51,52,52,53,53,54,54,55,56,56,56,56,56,55,57,57,71,130,162,170,183,187,191,192,195,199,199,198,198,198,199,199,198,197,196,196,194,195,194,194,193,193,193,192,192,192,193,193,192,191,191,190,188,188,187,186,186,184,179,167,159,149,141,128,100,66,57,56,55,55,55,55,54,53,53,52,52,51,50,50,49,48,48,47,46,46,46,45,44,43,43,43,43,42,43,42,42,42,43,43,42,42,42,42,42,41,42,42,42,42,42,42,41,42,42,42,42,42,42,42,41,41,41,42,41,42,42,42,42,42,42,41,42,42,42,41,42,41
55,56,56,55,55,55,55,55,54,54,54,54,54,54,53,54,54,54,53,53,51,51,51,51,51,51,51,50,51,50,50,49,49,48,49,48,48,48,48,47,47,47,46,47,47,47,47,47,47,47,47,47,47,47,47,48,48,48,49,50,51,51,51,52,53,53,55,55,55,55,56,56,56,56,56,56,57,81,144,170,175,185,191,192,195,196,198,199,199,199,200,199,199,199,198,197,196,195,194,195,194,193,193,193,193,192,192,192,193,193,192,192,190,190,189,188,187,185,185,185,185,180,170,164,157,146,132,114,74,57,56,56,56,55,54,53,54,53,52,51,51,50,50,48,48,47,46,46,46,45,44,44,43,43,43,42,42,42,42,43,42,42,42,42,42,42,41,41,42,41,42,42,42,41,41,42,42,42,41,41,41,42,41,41,41,42,42,42,42,41,41,41,41,42,42,41,42,41,42,42
55,56,55,56,56,54,55,56,54,55,54,54,54,53,53,53,53,53,53,52,52,52,52,51,51,51,50,50,50,50,49,49,49,49,48,48,47,48,47,48,47,47,47,47,47,46,47,47,47,47,47,47,48,48,48,48,48,49,50,50,51,51,51,53,54,55,55,55,55,55,56,56,56,56,57,58,93,158,171,183,189,191,192,194,197,196,199,198,199,200,200,199,197,198,198,196,196,195,195,195,195,194,193,193,193,193,192,192,192,194,192,193,190,190,188,188,188,186,185,185,185,183,177,173,167,160,153,138,128,90,60,56,56,55,55,54,54,54,53,52,52,50,50,49,48,47,46,46,46,45,45,44,43,43,43,42,42,42,42,42,42,42,41,42,41,41,41,42,41,41,41,41,41,41,41,41,41,41,41,41,41,42,41,41,41,42,41,42,42,41,42,41,41,41,42,41,42,42,42,41
55,56,56,54,55,55,55,55,55,54,55,54,54,53,53,53,54,53,53,53,52,52,51,51,51,51,50,50,50,49,50,49,49,49,48,48,48,48,47,47,47,47,47,47,46,47,46,47,47,48,47,47,47,48,48,48,48,49,50,51,51,52,52,53,54,55,55,56,56,56,56,56,57,57,59,106,167,175,183,187,189,191,193,194,196,197,199,200,200,200,201,199,200,199,197,196,195,195,195,195,195,194,193,193,194,194,193,191,193,193,192,193,191,189,189,188,188,187,186,184,186,185,183,180,176,170,165,158,148,133,104,61,56,57,55,54,54,54,52,52,52,51,50,49,49,48,47,46,46,45,44,44,43,43,43,43,43,42,42,41,42,42,42,41,41,41,42,41,41,41,41,41,41,41,41,41,41,42,41,41,41,41,41,41,40,42,41,41,41,41,41,41,41,42,41,41,42,41,41,41
56,56,56,56,55,54,56,55,54,54,54,54,54,53,53,54,53,53,52,52,52,52,52,50,51,50,50,50,50,50,49,49,49,49,48,48,49,48,48,47,47,47,47,46,46,47,47,47,48,48,48,48,48,48,48,49,50,50,50,52,52,52,53,53,54,55,56,56,56,56,56,57,58,61,122,174,179,184,186,190,190,192,194,196,196,199,201,202,202,202,200,200,200,199,198,197,196,195,196,196,195,195,193,194,193,194,193,191,193,193,193,193,192,190,190,188,189,186,185,184,185,184,184,184,180,177,172,167,163,155,138,117,80,56,55,55,55,55,54,53,52,51,51,49,49,48,47,46,46,46,45,44,44,43,43,42,43,42,42,41,41,41,41,41,41,41,41,41,41,41,41,41,41,41,41,42,42,41,41,41,41,41,40,41,40,41,41,41,41,41,41,41,41,41,41,41,42,40,41,41
56,56,55,55,55,55,55,55,55,54,55,54,54,53,53,54,53,53,52,52,51,51,51,51,51,51,50,50,50,49,49,48,49,49,48,48,48,47,47,47,47,47,47,47,47,47,47,47,47,48,47,47,48,48,48,49,49,50,51,52,52,53,53,54,55,56,56,56,57,56,57,57,70,128,178,184,184,185,190,192,191,193,194,196,196,200,202,202,202,202,202,201,200,198,197,196,197,197,198,196,196,195,193,193,193,193,193,192,194,193,192,192,192,190,190,188,188,188,186,185,185,184,184,184,182,179,177,172,168,164,156,144,122,78,60,58,56,54,55,54,53,52,51,50,50,48,48,47,46,46,44,44,44,43,43,42,43,42,42,42,42,41,41,41,41,41,41,41,41,41,41,41,41,41,41,41,41,42,41,41,41,40,41,40,40,41,40,41,40,41,41,40,41,41,41,41,42,40,41,41
55,55,55,55,55,56,55,55,54,55,54,55,54,53,53,54,53,53,52,52,51,51,51,51,50,50,50,50,49,49,49,49,49,49,48,48,48,48,47,47,47,47,46,47,47,47,47,47,48,47,48,48,48,48,49,49,49,51,51,52,53,53,54,55,56,56,56,56,57,57,57,66,137,177,182,182,185,187,191,192,192,195,195,196,197,199,202,203,204,203,203,201,199,200,199,198,198,198,198,197,195,194,193,193,192,191,192,193,195,195,194,191,190,191,191,189,189,188,187,186,187,186,185,184,183,182,181,177,171,168,165,158,147,138,95,62,58,56,55,54,53,53,51,51,51,50,49,48,46,46,45,45,44,43,43,43,43,42,42,41,41,41,41,41,41,41,40,41,41,41,41,41,41,41,41,41,42,41,41,41,41,41,41,40,41,41,41,41,41,40,40,40,40,40,40,40,41,41,40,41
55,55,55,54,54,55,54,55,54,54,54,54,54,54,52,53,52,52,52,52,51,51,51,51,50,51,50,50,50,50,50,48,49,48,48,48,47,47,47,47,46,47,46,47,47,47,48,47,47,48,48,48,48,48,49,49,50,51,51,52,52,54,54,55,56,56,56,57,57,57,67,138,176,181,182,184,187,188,191,192,194,195,196,196,198,202,205,205,204,204,203,202,200,199,199,199,197,198,196,194,195,193,193,193,192,192,191,192,195,194,194,192,190,191,192,190,190,189,188,188,186,186,185,184,183,183,182,178,174,171,167,162,160,153,149,101,63,59,56,54,53,53,52,51,51,50,49,48,47,46,45,45,44,43,43,43,42,42,42,42,41,41,41,41,41,41,41,41,41,41,41,40,41,41,40,40,41,41,41,41,40,40,40,40,40,41,41,40,40,40,41,40,41,40,41,41,40,40,40,41
55,55,55,55,54,54,54,54,54,54,54,54,54,53,53,53,52,52,52,52,51,51,51,50,50,51,50,50,50,50,50,49,48,48,49,48,48,47,47,47,46,46,46,47,46,47,47,48,48,48,48,48,49,49,49,49,51,51,52,53,53,54,55,55,56,56,56,57,57,65,140,174,180,182,184,185,188,189,192,193,193,194,197,197,198,203,203,203,203,202,202,201,199,198,198,199,197,198,198,198,195,194,194,192,192,192,191,192,191,193,193,192,190,190,191,191,189,189,188,189,186,186,185,184,184,183,181,179,177,175,171,166,163,160,160,155,110,78,62,54,54,55,54,52,52,51,50,48,47,46,45,45,44,44,43,43,42,42,42,42,41,41,41,40,40,41,41,41,41,41,41,41,41,41,40,41,41,41,41,41,40,40,40,40,40,40,40,41,41,40,40,41,41,40,41,41,40,40,40,41
55,55,55,54,54,54,54,54,54,54,54,54,54,53,52,52,53,52,52,51,51,51,51,50,50,50,49,49,50,49,49,49,49,48,48,47,47,47,47,47,47,46,46,47,47,47,47,47,48,48,48,49,49,49,50,51,51,52,52,53,54,55,55,56,57,57,57,57,66,134,174,178,181,183,184,186,188,190,192,193,193,194,196,197,197,199,200,199,199,197,197,197,197,197,197,197,197,197,197,198,196,194,194,194,192,192,192,192,191,193,194,194,191,190,191,191,189,190,188,188,187,186,185,184,183,182,180,178,178,175,172,168,165,165,162,165,158,135,97,64,58,55,54,53,52,51,50,48,48,46,46,45,45,44,44,43,42,42,41,40,41,40,40,41,40,41,40,41,41,40,41,41,41,41,40,40,40,41,40,40,40,40,40,41,40,41,40,40,41,41,40,40,40,40,41,41,41,41,40,40
54,55,55,54,53,54,53,55,54,54,54,53,53,52,52,52,52,52,52,51,51,51,50,51,50,50,49,49,49,49,49,48,49,48,48,47,47,47,47,47,46,46,46,46,47,47,47,47,47,48,47,49,49,49,49,50,51,51,52,54,54,55,55,56,56,57,57,65,132,174,178,181,182,183,185,186,188,189,191,192,194,194,196,196,196,196,196,195,195,193,193,195,196,196,195,196,195,196,198,196,195,194,195,194,194,193,192,193,191,194,194,194,191,190,191,190,189,190,189,188,187,186,185,184,182,183,180,180,178,175,173,169,168,166,165,165,167,160,135,97,71,55,54,54,53,52,50,49,48,47,46,45,45,44,43,43,42,42,42,41,41,41,40,40,41,41,40,40,41,40,41,40,41,40,40,40,40,40,40,40,40,40,40,40,40,40,40,40,40,40,40,40,40,40,40,40,40,40,40,41
55,54,54,54,53,54,54,53,54,54,53,53,53,52,53,52,52,52,52,51,51,51,50,50,50,50,49,49,50,49,48,48,49,47,47,47,47,47,47,47,46,45,46,47,47,47,47,48,47,48,49,49,49,49,50,50,52,52,53,55,55,56,55,56,57,58,66,130,173,179,180,182,183,184,185,186,188,190,190,192,192,193,193,195,195,194,193,193,192,191,194,195,197,194,195,195,194,195,195,196,195,193,193,194,194,193,192,193,194,195,195,195,190,190,191,191,191,190,188,188,187,186,185,184,183,182,182,181,178,177,174,170,168,165,167,166,165,165,156,151,105,73,57,55,54,53,51,50,49,48,47,45,45,44,43,43,42,42,41,41,41,41,40,41,40,40,40,40,40,40,40,41,40,40,39,40,40,40,40,40,40,40,39,40,40,39,39,40,40,39,40,40,40,40,40,40,40,40,40,40
54,54,54,53,54,53,54,53,54,54,54,53,52,52,52,52,52,52,52,51,50,50,50,50,50,50,49,49,49,48,48,48,48,48,48,47,47,46,47,47,46,46,46,46,46,47,47,47,47,48,48,49,49,49,50,51,52,52,54,55,56,56,57,58,58,70,124,169,177,180,181,183,184,185,186,187,188,189,188,191,192,192,193,192,193,194,194,194,194,194,193,194,195,193,193,192,194,195,197,196,194,193,193,192,190,191,191,192,192,191,192,194,191,191,190,189,189,188,188,188,187,186,185,184,183,183,182,180,179,176,174,172,170,167,166,166,165,165,164,158,162,113,70,57,55,54,53,50,50,48,47,47,46,44,44,43,42,42,41,41,40,40,40,40,40,40,40,39,40,40,40,40,39,40,39,39,40,40,40,40,39,39,40,40,40,39,40,40,40,40,40,40,39,40,41,40,40,39,40,40
54,54,54,53,53,54,53,53,53,53,53,53,53,52,51,51,52,51,51,50,51,50,50,50,50,50,49,49,49,48,48,48,48,47,48,47,47,47,47,47,47,46,46,46,46,47,48,47,48,48,48,49,49,50,51,51,52,53,54,55,56,56,56,58,65,114,166,174,179,180,182,185,186,186,186,187,188,189,189,190,191,190,190,189,192,194,196,194,192,190,190,191,192,191,193,191,192,193,195,195,192,192,191,192,191,189,190,190,188,188,190,193,191,190,188,188,188,188,186,186,185,184,184,184,182,184,182,180,178,177,175,172,170,169,166,165,167,166,167,167,155,172,122,82,58,55,53,51,50,49,47,48,46,45,44,42,42,42,42,41,40,40,39,40,40,40,40,40,40,40,39,39,39,39,40,39,40,39,40,39,39,39,39,39,39,39,40,39,39,40,39,40,39,40,40,40,40,39,40,40
54,53,54,53,53,53,53,53,53,52,53,53,52,52,52,51,51,51,51,51,50,50,50,50,50,49,49,49,49,48,48,48,48,47,48,47,47,46,46,47,46,47,46,46,46,46,47,47,47,49,49,49,49,50,50,52,53,54,55,56,56,57,57,62,105,164,174,178,179,180,183,185,187,187,187,186,186,187,186,188,191,190,189,188,190,192,195,191,188,188,187,188,188,188,190,189,191,192,193,192,190,192,191,191,188,189,190,190,188,188,189,190,189,188,186,188,187,186,185,185,182,182,182,183,181,182,181,179,177,176,176,173,171,170,168,167,168,168,169,170,166,161,173,119,74,59,54,51,50,49,48,47,46,45,44,43,42,42,42,41,39,40,40,40,40,40,40,40,40,39,39,39,39,39,39,38,39,39,39,39,39,39,38,39,39,38,39,39,40,40,40,39,39,40,39,40,40,39,40,40
54,53,53,53,53,53,53,53,53,53,52,52,52,52,53,51,51,51,51,50,50,50,49,49,49,49,49,49,49,48,48,48,47,47,47,47,47,47,47,46,46,46,46,46,46,47,47,47,48,48,49,49,50,50,51,52,54,55,56,57,58,58,61,86,157,174,178,180,179,181,184,187,187,187,186,186,186,186,186,187,188,188,187,188,186,187,187,185,187,186,186,186,186,187,188,188,191,191,192,192,191,190,191,190,188,187,187,189,191,190,188,189,188,186,186,185,185,185,185,183,182,180,180,181,181,180,179,178,176,174,174,173,173,171,170,169,169,169,170,170,170,164,165,187,109,76,56,52,51,50,48,47,46,45,44,43,42,41,42,40,41,41,40,40,40,40,39,40,39,39,39,39,39,39,39,39,39,39,40,38,39,39,39,39,39,39,39,38,39,40,39,39,39,39,39,39,39,39,39,39
53,53,53,53,53,52,52,53,52,53,52,52,52,51,51,50,51,51,51,50,50,50,50,49,49,49,49,49,49,48,48,48,48,47,47,47,47,46,47,46,45,46,46,45,46,46,47,47,48,48,49,49,50,51,52,53,54,54,57,57,59,66,91,148,171,177,180,182,181,182,184,186,187,186,186,186,186,185,184,185,186,186,184,185,185,184,183,185,185,187,186,185,185,186,188,189,190,189,189,190,190,191,191,187,186,185,185,188,192,191,188,189,188,185,186,186,185,184,185,183,182,181,180,180,182,180,177,175,173,172,170,171,171,170,170,169,168,169,170,169,170,168,165,175,177,93,57,54,53,52,49,47,47,46,44,44,42,41,42,41,40,40,39,40,40,39,39,39,40,39,39,39,39,39,39,39,39,39,40,39,39,39,39,40,39,38,40,39,39,38,39,39,39,39,38,40,39,39,39,38
53,53,53,52,53,53,52,53,52,52,52,52,51,52,51,51,51,51,50,50,50,49,49,49,49,49,49,49,48,48,47,48,47,47,47,46,47,47,46,46,45,45,45,45,46,46,46,47,47,48,48,49,49,51,52,53,54,55,56,57,58,82,138,169,176,177,179,181,184,185,186,186,186,186,187,184,185,182,183,183,183,183,182,181,183,182,183,183,183,183,184,185,184,184,184,186,188,188,190,190,189,191,191,186,185,184,181,187,187,185,185,186,185,183,185,186,184,184,184,182,182,180,179,181,180,178,177,174,172,172,169,170,169,169,169,169,167,168,170,169,169,170,170,166,182,154,75,59,55,52,49,48,48,46,45,43,42,41,41,41,40,40,39,40,39,39,39,39,40,39,39,40,39,38,38,38,39,38,39,39,39,39,39,39,39,39,39,39,38,38,39,39,39,39,39,39,39,39,39,38
52,52,52,52,53,52,52,52,52,52,52,52,51,51,51,51,51,50,50,50,50,49,49,49,49,49,48,48,48,47,47,47,47,47,47,47,46,46,46,46,45,45,45,45,45,46,46,47,48,48,48,49,51,50,51,53,54,55,57,58,72,125,169,175,178,180,180,183,186,187,186,187,186,185,187,185,184,181,182,183,181,182,180,182,181,179,177,178,179,180,179,180,181,181,183,184,186,189,188,187,186,189,187,186,184,181,175,182,180,181,182,183,181,182,183,184,185,185,184,181,181,180,178,179,177,176,174,172,168,168,169,167,169,169,170,170,168,170,169,168,169,170,170,171,167,198,126,65,60,51,50,48,47,45,44,44,43,42,41,40,40,39,39,39,39,39,39,39,39,39,38,39,38,38,38,38,38,38,39,39,39,39,39,39,39,39,39,39,38,38,38,39,39,39,38,39,39,38,38,38
52,52,52,52,52,52,52,52,52,52,52,52,52,51,51,51,50,50,50,50,50,49,49,48,49,49,48,48,48,47,47,47,47,47,46,46,47,46,46,45,45,45,45,45,46,46,46,47,47,48,48,49,50,51,51,53,55,55,56,62,126,174,172,176,181,182,182,184,185,188,187,187,185,184,186,184,181,180,181,182,178,178,180,181,180,179,178,176,177,178,178,178,178,177,181,181,186,187,186,183,185,187,186,185,182,180,170,175,179,181,173,181,182,181,182,181,180,181,180,180,178,178,176,175,172,172,172,173,167,165,166,166,168,168,170,171,170,171,170,167,168,169,170,170,169,172,187,109,61,51,51,49,48,47,45,44,43,41,41,41,40,40,38,39,39,38,39,39,39,39,38,38,38,38,38,38,38,38,38,38,38,38,39,38,38,38,39,38,39,39,39,39,39,38,38,39,39,38,39,38
52,51,52,52,52,52,51,52,51,51,51,51,51,51,50,50,51,50,50,50,50,49,49,49,48,49,48,48,48,47,47,46,47,46,46,45,46,46,45,45,45,45,45,45,45,46,46,47,47,48,48,49,50,51,51,54,55,56,65,94,165,171,176,180,183,183,184,183,187,189,187,186,183,183,185,184,181,182,179,180,178,175,178,175,175,176,177,173,177,177,175,175,176,175,174,174,176,178,183,183,180,182,182,180,179,175,168,171,173,181,184,184,179,180,183,181,181,176,167,174,173,173,175,175,172,173,168,167,163,162,164,165,165,166,169,170,170,170,169,169,169,169,168,169,169,165,185,166,75,55,56,53,50,47,46,46,44,42,41,41,40,39,39,39,38,39,39,39,39,38,38,38,38,38,38,38,38,38,38,38,38,38,38,38,38,38,38,38,38,39,39,39,38,38,38,39,38,38,39,38
51,52,51,52,52,52,51,51,51,51,52,51,50,51,50,50,50,51,50,49,50,49,49,49,48,48,48,48,47,47,47,46,46,46,46,46,46,46,46,46,45,45,45,44,45,45,46,46,48,48,49,49,51,51,51,54,55,58,100,149,172,171,177,182,184,185,185,184,187,189,187,184,183,182,183,185,184,180,179,180,180,174,181,173,177,177,178,173,176,173,172,174,173,174,174,174,176,179,182,177,176,179,178,172,173,175,169,169,173,180,182,178,179,181,181,179,177,175,171,163,162,169,172,173,172,172,170,170,168,163,166,165,164,165,168,169,169,169,169,169,169,169,167,168,168,170,165,197,137,75,58,54,51,50,47,45,44,43,42,41,40,40,39,38,38,38,38,39,38,38,37,38,38,38,38,38,38,38,38,39,38,38,38,38,38,39,38,38,38,38,38,38,38,38,38,38,39,38,38,38
51,51,51,50,52,51,51,51,51,50,50,50,51,50,50,50,51,50,50,49,49,49,48,48,48,48,48,47,47,47,47,46,46,46,46,45,45,45,45,45,44,45,45,44,44,45,46,47,47,48,48,50,50,51,52,54,55,61,111,175,171,173,178,183,185,187,186,185,187,188,187,186,184,183,184,186,186,182,180,180,179,176,177,169,174,177,177,174,177,176,182,175,176,174,176,173,175,176,177,177,178,181,179,172,174,173,172,171,173,176,175,171,173,179,177,173,173,173,165,157,158,165,169,171,172,172,170,170,163,164,166,167,165,163,166,168,168,168,168,167,167,167,166,168,169,170,166,176,198,91,60,56,52,50,48,46,45,43,42,42,40,39,39,38,38,38,39,38,39,38,38,37,38,38,38,38,38,38,38,38,38,38,38,38,38,38,38,38,38,39,38,38,38,38,38,38,38,39,38,38
51,51,51,51,50,51,51,51,50,50,50,50,50,50,50,50,50,50,49,48,48,49,48,48,48,48,47,47,47,46,46,45,46,46,46,46,45,45,45,45,44,44,45,44,45,45,45,46,47,48,49,49,50,51,53,55,57,80,153,173,172,178,180,184,185,188,187,187,187,187,185,185,181,180,183,186,184,183,181,181,181,177,174,171,177,177,176,177,176,184,187,175,174,173,173,172,170,172,168,175,177,177,179,177,178,175,171,175,170,169,171,169,172,174,175,165,165,164,163,161,161,161,162,168,172,172,169,169,165,165,168,168,166,164,166,167,167,167,166,167,166,167,167,166,167,167,167,164,192,149,67,56,54,51,50,47,46,45,43,42,41,40,39,38,38,38,39,38,38,38,38,38,38,37,38,37,38,37,38,38,37,37,38,38,38,38,38,38,37,38,38,38,38,38,37,38,38,38,38,38
51,51,51,51,51,50,50,50,50,50,51,50,50,49,50,49,49,49,49,48,49,48,48,48,47,48,47,47,46,46,45,45,45,45,45,45,45,45,45,45,44,44,45,45,45,46,46,47,47,48,49,49,52,52,54,56,58,114,184,172,174,180,182,184,187,188,189,188,185,185,183,185,181,181,183,184,184,182,180,178,178,175,174,172,173,177,174,173,175,176,170,172,170,171,171,169,170,171,167,172,173,173,176,178,177,176,177,178,173,169,167,168,172,174,177,172,165,160,160,159,162,169,169,167,172,172,168,169,164,168,167,168,166,165,169,169,168,168,163,165,164,164,164,162,165,164,164,165,173,193,94,59,56,54,51,48,47,45,44,43,41,40,39,38,38,38,39,39,38,38,38,38,38,38,37,37,37,37,37,38,38,37,38,37,38,38,38,38,38,38,38,38,38,38,38,37,38,38,38,38
51,51,51,51,50,50,50,50,50,50,50,49,50,50,49,49,49,49,49,48,48,48,48,48,48,47,47,46,46,46,46,46,44,45,45,45,45,44,45,44,44,44,44,45,45,46,46,47,47,49,50,50,52,53,55,59,79,167,179,173,180,181,183,185,187,188,188,188,182,183,181,182,176,174,183,184,184,182,181,177,177,174,175,173,170,176,173,175,174,171,170,170,170,169,168,167,171,170,166,169,169,172,173,177,173,175,172,170,170,171,168,168,170,176,177,166,173,164,165,165,172,174,179,173,172,176,171,170,169,169,168,167,167,167,171,171,171,168,168,157,163,161,162,161,163,161,162,162,164,186,164,74,57,55,53,50,49,47,45,43,41,40,39,39,39,38,39,39,38,39,38,38,38,37,37,37,37,37,37,38,38,37,38,38,38,37,37,37,37,37,37,38,38,38,37,37,38,38,38,38
50,51,51,50,50,49,51,50,50,50,50,49,50,49,49,49,49,49,48,48,48,48,48,47,48,47,47,46,46,46,46,45,45,45,45,45,44,44,45,44,44,44,44,44,44,45,46,47,48,48,50,51,52,53,57,71,118,185,176,177,182,183,184,185,187,188,189,189,183,182,184,185,180,178,185,184,183,181,179,178,176,176,175,173,170,176,176,176,175,174,171,170,170,172,169,166,172,169,164,168,170,172,172,175,170,172,172,172,173,172,173,171,176,178,179,176,175,174,165,173,175,171,176,169,171,174,173,171,170,165,168,168,169,168,166,165,168,167,168,167,157,157,158,159,160,161,160,162,165,168,204,118,60,58,56,52,51,49,46,44,43,41,40,39,38,39,38,38,39,38,38,38,38,37,37,38,38,37,37,38,38,37,37,37,38,38,37,37,37,37,37,37,38,38,37,37,38,37,37,37
50,50,50,50,49,50,50,50,50,49,50,49,49,49,48,49,48,48,48,48,48,48,47,47,47,47,46,46,46,46,46,45,45,44,44,44,44,44,44,44,44,43,43,44,45,46,47,47,48,49,49,51,51,53,56,84,176,181,175,179,182,184,184,185,187,188,188,189,188,189,187,187,185,183,186,185,184,181,180,180,178,178,178,175,174,175,176,175,176,171,170,168,163,162,161,161,167,165,165,169,168,172,173,174,174,172,173,175,178,175,177,183,185,188,180,178,183,183,179,178,168,166,163,158,167,175,172,169,164,167,167,168,169,170,168,167,167,167,162,154,153,155,155,157,158,159,159,160,163,164,182,163,66,60,60,55,53,51,46,46,44,42,40,40,39,39,38,39,38,38,38,38,38,37,38,38,38,38,37,37,38,37,37,37,37,37,37,37,37,37,37,37,37,37,37,37,38,37,37,37
50,50,50,50,50,50,50,49,49,49,50,49,49,49,49,48,48,48,48,48,48,47,47,47,46,46,46,46,46,45,45,45,44,44,44,44,44,43,43,43,43,43,43,43,44,45,46,47,48,49,50,50,52,53,60,132,189,178,177,179,183,183,184,186,188,188,188,188,189,189,188,188,187,187,188,189,185,181,179,178,179,179,178,177,178,177,177,175,176,172,169,170,167,168,165,165,164,167,167,172,173,176,177,179,180,179,179,177,179,181,180,191,185,183,180,179,181,182,177,174,175,169,170,172,171,168,171,169,168,169,165,163,165,168,168,170,171,166,162,154,155,155,152,153,155,157,158,158,162,166,170,195,95,68,57,55,53,52,47,46,44,43,42,40,40,40,39,38,38,38,38,38,38,37,37,37,37,37,37,37,37,37,37,37,38,37,37,37,37,37,36,37,36,37,37,37,38,37,36,37
50,50,50,50,50,50,50,49,49,49,49,48,48,49,48,48,48,48,48,47,47,47,47,47,46,46,46,46,45,45,45,45,43,43,44,44,43,43,43,43,42,43,44,44,44,45,47,47,48,49,50,51,52,53,65,165,186,177,177,180,182,184,186,187,188,190,190,190,189,189,188,188,189,190,190,190,187,183,180,180,179,180,178,180,180,177,180,178,180,174,173,171,170,168,168,171,165,169,171,177,181,178,178,178,178,178,179,179,180,184,185,189,186,182,181,183,178,181,182,177,174,173,180,180,172,169,168,167,170,168,167,156,161,165,171,172,168,165,159,160,158,154,150,152,154,154,157,156,160,167,171,190,148,75,64,56,55,53,50,48,46,45,43,42,41,41,40,39,38,38,37,38,38,37,37,37,37,37,37,36,37,38,37,37,37,38,36,37,37,36,36,36,37,37,37,36,38,37,37,37
49,49,50,49,49,49,50,49,49,49,49,49,48,49,48,48,48,47,47,47,47,47,46,46,46,46,46,45,45,45,44,45,44,44,43,43,43,43,43,43,43,42,43,44,45,46,46,47,48,49,50,50,52,57,102,191,184,179,178,181,183,185,186,187,189,189,189,190,190,189,189,189,190,191,190,188,185,183,180,180,179,176,174,180,183,184,181,181,180,176,174,175,170,170,173,162,163,166,172,171,180,180,177,180,182,180,181,181,184,185,185,181,187,182,181,181,183,184,181,179,180,182,182,174,171,168,163,163,161,170,162,154,155,165,171,168,166,167,164,162,158,156,149,154,155,154,154,154,157,166,170,177,186,100,64,58,57,54,51,49,47,45,44,43,43,42,40,39,39,38,38,38,38,37,37,37,36,37,37,37,37,37,37,37,37,37,37,36,36,37,37,36,37,36,36,36,37,36,37,36
49,49,49,49,49,49,49,48,48,48,48,48,48,48,48,47,47,47,47,47,47,46,46,45,45,45,45,46,45,44,45,44,44,44,43,43,42,43,43,43,43,43,43,44,45,45,47,47,48,49,49,50,52,59,152,194,181,179,179,181,184,186,186,187,189,190,190,189,188,190,191,192,191,191,190,189,184,186,181,177,177,177,178,178,180,183,181,181,180,175,175,176,170,170,171,168,170,175,175,172,178,179,175,180,182,182,182,185,184,174,175,184,185,183,175,179,179,182,182,183,183,183,181,175,174,173,156,164,170,168,163,158,166,168,163,164,166,170,165,160,157,155,149,151,154,155,153,153,155,161,170,170,192,152,70,59,57,55,52,51,47,45,45,43,43,42,41,40,39,38,38,38,38,37,37,37,37,37,37,36,37,38,37,36,36,37,37,37,37,37,36,36,36,36,36,36,37,37,37,36
49,49,49,48,48,48,48,48,48,48,48,48,49,48,48,47,47,47,47,47,46,46,46,45,45,45,45,44,45,44,44,44,44,43,43,43,43,43,42,43,42,42,43,44,45,45,46,47,48,49,49,50,52,75,180,191,182,180,180,182,184,186,187,187,189,190,189,190,189,189,191,192,191,190,188,186,182,181,179,179,174,174,176,181,184,183,182,180,178,176,175,179,176,176,175,174,175,176,167,173,172,173,166,173,174,176,182,184,181,177,176,185,189,183,172,181,177,184,186,181,178,184,182,180,177,173,163,164,166,168,164,167,166,166,168,170,166,171,169,161,155,155,153,153,155,155,151,152,152,159,169,173,187,200,81,59,57,54,53,51,48,46,45,44,44,43,42,41,40,39,38,38,37,37,37,36,37,37,36,36,37,37,37,37,37,37,36,36,36,36,36,36,36,36,36,36,36,37,37,37
48,48,48,48,47,48,47,48,47,47,47,48,48,48,47,47,47,47,47,47,46,46,46,45,45,45,45,44,44,44,44,44,43,43,43,42,42,42,43,42,42,42,43,43,45,46,46,47,48,49,49,50,55,110,192,189,182,180,181,182,185,186,187,187,188,191,189,190,189,189,191,191,190,191,187,184,182,180,178,176,172,174,175,180,179,181,181,180,178,181,179,179,177,176,176,175,174,176,171,174,174,171,165,168,170,174,178,183,184,182,184,190,188,184,174,180,178,186,186,177,177,182,181,180,176,171,165,169,176,171,169,172,176,173,174,173,166,164,164,159,153,153,153,155,154,152,154,149,148,157,169,174,176,198,86,58,57,55,53,52,49,47,46,45,45,44,42,42,40,39,39,38,38,37,37,36,36,36,37,36,37,36,37,36,36,36,36,36,35,36,36,36,36,36,36,36,36,36,36,36
48,48,48,48,47,47,47,47,47,47,48,47,47,47,47,47,47,47,46,46,46,46,45,45,44,44,44,44,44,44,44,43,43,43,42,42,42,42,42,42,42,42,43,43,44,45,46,47,48,49,50,51,59,141,197,189,181,180,181,183,185,187,187,188,189,191,191,191,189,190,192,192,189,187,186,183,183,181,175,176,174,174,175,178,178,181,180,179,176,181,180,182,182,177,177,178,176,175,173,173,172,170,171,171,172,176,180,183,185,185,186,188,185,183,177,186,188,186,179,180,182,180,179,178,175,174,173,176,169,170,169,170,170,170,171,172,167,168,165,160,156,154,152,157,156,154,152,149,145,152,162,171,170,195,89,63,56,56,54,52,50,48,47,46,45,44,43,43,42,41,40,39,38,38,38,36,36,36,36,36,37,37,36,37,36,36,35,36,36,36,36,36,36,35,36,37,36,37,36,36
47,47,47,48,47,47,47,47,47,47,47,47,46,47,47,47,47,47,46,46,45,45,45,45,44,44,44,44,44,43,43,43,43,43,43,42,42,42,42,41,42,42,43,43,44,45,46,47,48,49,50,52,62,174,194,186,181,181,181,183,185,188,188,189,190,191,191,190,190,190,191,191,189,187,184,181,181,180,177,181,177,173,173,174,176,178,177,174,177,178,179,180,181,177,177,177,174,173,177,172,169,171,173,173,175,177,180,182,184,180,184,181,178,179,179,185,188,187,179,179,180,178,177,172,171,173,173,175,167,166,169,169,172,162,164,165,166,166,165,161,157,155,148,152,159,156,154,149,147,151,158,171,164,189,108,62,59,57,54,53,51,49,48,47,46,45,45,43,43,41,41,40,39,38,38,37,37,37,36,37,37,36,36,36,36,36,36,36,36,36,37,36,36,36,36,36,35,37,36,36
47,47,47,47,47,47,47,47,47,47,47,47,46,46,47,47,47,47,46,45,45,45,45,44,44,44,44,43,44,42,43,42,42,42,42,42,41,41,41,41,42,42,42,43,43,45,46,47,48,50,51,53,84,189,188,182,182,182,182,184,186,188,189,190,190,191,191,190,189,190,191,191,189,189,185,180,176,178,179,194,178,172,170,169,173,176,177,178,178,179,181,180,181,178,178,179,178,173,175,171,173,171,172,172,176,177,178,182,182,181,176,171,174,174,176,179,180,180,175,178,179,179,170,174,173,172,173,174,176,172,169,169,169,164,162,163,162,163,165,162,156,157,157,153,150,154,155,150,147,149,153,164,166,191,148,64,62,58,56,53,51,50,48,46,46,45,44,44,43,41,42,40,40,39,38,37,36,36,36,36,37,36,36,36,36,36,36,36,36,36,36,36,35,35,35,35,36,36,36,36
47,47,47,47,46,47,47,47,46,46,47,47,46,46,46,47,47,47,46,45,45,45,44,44,44,44,43,43,43,43,43,43,42,42,42,41,41,41,41,41,42,41,42,42,44,45,46,47,48,49,51,57,114,198,185,181,183,182,183,184,186,188,190,190,190,190,190,189,189,189,190,191,191,191,189,182,182,179,178,177,171,167,167,168,174,178,178,176,173,173,180,181,185,172,172,171,177,180,176,171,172,171,172,171,171,175,177,176,175,174,172,170,174,172,172,173,176,176,177,176,178,178,174,176,172,173,176,174,177,175,171,169,165,166,162,158,157,158,163,162,158,153,148,151,145,153,154,150,145,148,151,154,166,185,166,78,64,61,58,55,52,50,48,46,46,45,44,44,43,42,42,41,39,39,38,37,37,37,36,37,36,36,36,36,36,36,36,35,36,36,35,35,35,36,35,35,36,36,36,36
47,47,47,47,46,47,47,46,46,46,46,45,46,46,46,46,46,46,46,45,45,45,44,44,44,43,43,42,42,43,42,42,42,42,42,41,41,41,41,41,41,41,41,43,43,45,46,47,48,49,50,62,135,198,179,180,181,181,182,184,186,188,188,189,189,189,188,187,188,189,191,191,191,191,190,188,185,182,182,175,171,168,167,170,170,176,177,172,171,170,175,177,181,180,177,179,178,177,177,176,178,175,175,173,171,172,172,172,168,167,170,174,174,169,170,172,177,178,181,174,175,174,176,175,173,174,174,176,177,175,171,169,162,163,161,153,155,158,160,158,161,158,156,152,148,149,150,147,147,144,148,149,151,164,184,79,65,64,60,57,54,51,49,48,47,45,44,44,43,42,42,41,40,39,38,37,37,37,36,36,37,36,36,36,36,36,35,35,35,35,35,35,35,35,35,35,35,36,35,36
47,47,46,46,46,47,47,47,46,46,46,46,46,46,46,47,46,46,45,45,45,44,44,44,43,43,43,43,43,43,42,42,42,41,42,41,40,40,40,41,41,41,42,43,44,45,46,47,48,49,50,58,136,190,180,180,180,180,182,184,186,187,189,190,189,189,188,187,187,187,187,189,187,187,185,183,182,182,179,174,171,171,171,169,169,174,176,170,168,165,169,178,177,179,177,175,175,177,179,180,180,179,178,175,176,171,166,164,167,169,172,174,174,172,169,173,177,178,179,175,175,174,175,173,171,176,178,175,174,171,168,166,163,161,160,148,151,157,160,161,160,160,159,154,151,147,146,144,145,143,145,146,146,163,194,95,70,67,61,58,55,52,49,49,48,47,45,44,44,42,42,41,40,40,39,38,37,37,36,36,37,36,36,36,36,36,35,35,35,35,35,35,35,35,35,36,36,36,36,36
46,46,46,46,46,46,46,46,45,45,46,46,46,45,45,46,46,46,45,45,44,44,44,43,44,43,43,42,42,42,42,42,41,41,41,40,40,40,40,40,40,40,41,42,44,45,46,48,48,49,51,59,153,184,175,180,182,181,181,186,187,188,191,190,188,187,186,185,185,185,184,184,182,182,178,176,175,174,173,172,170,169,171,171,166,170,169,163,162,163,165,174,177,176,178,174,172,175,177,175,181,178,179,176,177,174,174,168,169,170,174,173,175,175,177,176,177,179,178,178,177,176,174,167,168,172,174,173,174,170,168,163,161,160,159,145,151,160,159,161,163,163,160,157,152,148,145,143,141,141,143,143,144,163,196,98,70,66,62,58,56,54,51,50,49,47,45,44,44,43,42,42,42,40,39,38,38,36,37,37,37,36,36,36,36,36,35,36,35,35,35,35,35,35,35,35,35,36,35,36
46,46,46,46,47,46,46,46,46,46,46,45,45,45,46,47,47,44,44,44,44,43,43,43,42,42,42,42,41,42,42,41,41,40,41,40,40,40,40,40,40,40,41,42,43,45,46,47,48,50,50,63,169,180,178,180,181,181,182,187,188,190,191,191,189,186,184,184,184,182,182,181,181,180,178,176,174,173,170,166,167,170,173,174,169,165,161,157,164,165,164,169,174,176,178,169,171,175,170,169,181,177,175,175,174,174,175,175,175,173,175,176,172,174,179,179,179,177,176,177,178,176,175,171,173,172,173,171,168,170,160,161,159,160,158,162,157,163,169,167,165,159,159,160,155,153,149,143,139,139,140,141,141,158,201,94,70,67,65,61,60,58,54,52,50,48,46,45,44,43,42,42,41,40,40,39,39,37,36,36,36,36,36,35,36,36,36,36,35,35,35,36,35,35,35,35,36,36,36,35
46,46,45,46,46,46,46,46,46,45,45,45,45,45,46,47,46,45,43,43,43,43,43,43,42,42,42,41,41,41,41,41,41,40,40,40,40,39,39,40,40,40,41,41,43,44,46,47,49,50,51,53,161,176,175,179,181,180,182,187,189,191,192,193,189,187,185,184,185,183,184,184,182,180,179,175,175,174,175,170,171,171,172,176,172,166,163,165,163,163,163,162,169,172,172,167,179,195,182,173,180,182,175,171,172,171,175,175,173,179,178,173,172,173,175,172,176,175,174,172,176,175,175,174,172,172,174,172,172,163,161,154,158,152,158,160,153,157,167,171,173,167,156,160,159,154,152,145,139,138,138,140,140,155,203,118,73,69,66,63,60,57,55,53,51,49,47,45,44,44,43,43,42,41,40,39,39,38,37,36,37,36,36,35,36,36,35,35,35,36,35,35,35,35,36,35,35,35,36,35
46,45,45,46,46,45,45,45,45,45,45,44,44,44,44,45,44,44,43,43,43,43,43,42,42,41,41,41,41,41,41,41,40,40,40,40,39,39,39,39,40,39,40,41,43,44,46,47,48,50,52,63,164,175,174,179,181,180,183,188,190,192,195,197,191,191,191,192,190,189,192,188,187,183,180,178,175,176,177,171,172,170,174,174,174,166,168,168,167,165,153,157,167,170,167,168,171,178,174,174,174,181,173,166,173,170,170,171,167,174,175,165,169,172,175,178,177,172,170,172,172,173,173,171,171,172,172,172,168,162,160,161,162,160,158,157,161,164,168,180,164,165,168,161,159,157,153,148,140,137,137,138,139,149,198,115,78,69,67,64,61,59,57,54,52,50,48,46,45,43,44,44,42,41,41,40,39,38,37,36,37,36,36,35,35,35,35,35,35,35,35,35,35,35,35,35,34,36,35,35
46,46,45,46,45,45,45,45,45,44,44,44,44,44,44,44,44,43,43,43,43,42,42,42,42,41,41,40,41,41,41,40,40,40,40,40,39,39,39,40,39,39,40,41,42,43,45,47,47,50,51,82,180,174,175,179,178,179,185,189,191,196,197,200,199,200,197,196,196,196,200,195,193,185,184,183,178,177,176,173,170,171,173,170,167,162,164,164,161,160,153,160,164,169,167,163,163,172,172,174,171,173,172,165,168,171,171,169,164,167,169,166,167,168,169,171,168,168,170,171,172,173,173,169,171,172,173,169,164,174,161,160,166,156,168,161,167,172,169,171,165,166,164,158,157,157,153,147,141,136,137,138,139,149,185,101,77,71,68,66,63,60,58,55,53,51,49,47,45,44,44,44,43,41,41,40,40,39,38,37,37,36,36,36,36,35,35,34,35,35,35,35,35,35,34,35,35,37,35,36
46,45,45,45,45,45,45,44,44,44,44,44,44,44,43,43,43,43,43,42,42,42,42,41,41,40,41,40,40,40,40,40,39,39,39,39,39,39,39,39,39,38,40,41,42,43,46,46,47,50,52,85,171,175,177,178,175,180,186,190,195,199,204,203,200,198,198,200,200,200,200,197,194,188,185,185,182,179,181,177,175,173,172,167,162,160,158,152,151,151,153,158,162,165,169,167,164,168,170,170,169,172,174,165,169,170,163,167,166,162,161,164,162,163,162,160,160,157,164,168,170,172,172,169,170,168,172,163,158,171,165,162,169,167,164,168,172,174,176,179,163,157,159,160,158,154,153,148,142,137,138,138,139,148,186,109,77,72,69,66,64,62,59,57,55,52,50,49,47,45,45,44,43,43,41,41,40,38,38,37,37,36,36,35,35,35,35,35,34,35,35,35,34,35,35,35,35,36,35,35
45,44,45,45,45,44,44,44,44,44,44,44,43,44,43,44,43,42,42,42,42,41,42,41,41,41,41,40,40,40,40,39,39,39,39,39,38,38,38,38,38,38,39,41,42,43,45,46,48,49,52,66,143,174,176,178,173,181,185,191,196,202,203,204,201,199,199,199,201,202,200,199,196,192,194,189,187,186,184,184,178,173,171,163,161,159,150,145,143,144,146,151,155,156,158,163,165,162,161,162,166,173,179,172,180,171,162,162,160,159,158,160,157,153,153,152,154,151,164,169,170,172,171,171,168,170,169,173,178,173,159,163,171,171,171,163,164,166,163,173,167,158,153,157,158,154,152,147,141,139,138,138,139,143,170,106,82,75,70,67,65,63,61,58,56,52,51,49,47,46,46,44,43,42,41,40,40,38,38,38,38,36,36,35,35,35,35,35,35,35,34,35,35,35,35,35,35,35,35,35
45,45,44,44,44,44,44,43,43,43,43,44,44,44,44,43,43,42,42,42,42,42,42,41,41,40,40,40,39,40,40,39,39,39,39,39,38,38,38,38,38,38,39,40,41,44,45,47,48,50,53,58,135,170,175,177,173,180,186,193,196,200,201,201,202,203,201,207,203,201,199,200,196,196,197,196,189,187,186,182,177,176,171,164,163,157,152,151,148,148,150,150,146,148,154,160,163,163,162,168,174,178,175,166,166,166,159,160,156,153,153,157,147,150,153,146,148,157,166,167,166,171,169,167,170,180,178,185,191,190,181,179,172,173,170,165,158,165,166,165,164,162,156,154,151,152,147,147,141,139,138,140,140,140,167,103,80,74,72,69,65,63,62,60,57,55,53,50,49,47,46,45,43,42,41,41,40,39,39,38,38,36,36,35,35,36,35,35,35,35,34,35,34,34,35,34,35,35,35,35
44,44,45,44,44,44,44,43,43,43,43,43,42,43,43,42,42,42,41,41,41,41,41,41,40,40,40,39,40,39,40,39,39,39,38,38,39,39,38,38,38,38,38,40,41,42,45,46,48,49,53,55,136,172,173,172,175,185,189,191,196,199,199,198,199,199,201,213,209,200,199,203,203,201,199,195,191,187,189,191,172,178,173,166,167,160,150,151,150,149,154,151,153,160,158,160,162,163,156,169,171,180,172,166,165,164,161,160,154,150,148,147,144,147,151,145,147,159,169,171,168,171,172,171,174,181,179,191,198,196,180,182,174,173,171,165,159,161,164,155,159,156,156,151,150,154,147,142,140,140,139,142,140,139,178,104,77,74,71,69,68,64,63,61,58,57,54,52,50,48,47,46,44,43,42,41,40,39,39,39,38,37,36,35,35,36,35,34,34,34,34,35,34,34,34,34,34,34,36,35
44,44,44,43,43,43,43,43,43,42,43,42,42,42,42,42,42,42,41,41,41,40,40,40,40,40,39,39,40,39,39,39,39,38,37,38,38,38,38,38,38,38,39,40,41,42,44,46,48,49,51,67,152,175,173,169,178,184,186,190,194,197,197,196,196,196,200,201,196,194,194,199,203,203,203,196,191,189,189,191,186,173,185,170,171,165,164,165,167,161,154,153,156,167,167,164,161,160,160,164,169,178,173,167,165,162,159,163,157,155,158,157,154,155,158,155,157,165,173,171,173,176,179,177,182,189,188,189,194,183,177,172,174,174,171,169,164,165,165,158,159,162,166,150,149,148,144,141,141,141,141,142,141,140,181,117,76,75,72,69,68,64,63,62,60,57,54,52,50,48,47,45,45,43,43,41,40,41,40,39,38,37,36,35,35,35,35,34,35,34,34,34,34,35,34,34,34,34,35,35
44,44,43,43,43,42,42,43,42,42,42,42,42,42,42,42,42,41,41,40,41,40,40,40,39,39,39,39,38,39,38,38,38,38,37,38,37,38,38,38,37,37,38,39,41,42,44,47,48,50,52,75,140,176,174,167,178,184,188,188,191,192,192,191,190,192,196,193,190,190,190,193,198,202,202,200,199,196,194,193,191,185,179,177,169,169,166,168,174,170,164,167,172,174,172,170,160,159,163,163,164,168,170,167,165,164,163,169,165,165,170,170,169,170,167,167,172,176,176,180,181,179,181,181,182,182,185,182,177,174,174,168,167,168,168,161,159,167,169,168,163,160,151,148,149,145,139,137,138,140,142,142,141,140,177,114,79,76,74,70,69,66,64,62,61,59,56,52,51,49,48,46,45,44,43,43,41,41,40,39,39,38,37,36,35,35,34,34,34,34,34,34,34,34,34,34,34,34,35,35
44,44,43,43,43,43,42,42,42,42,42,42,42,42,42,41,41,41,40,40,40,40,40,39,39,39,39,39,38,38,38,38,38,38,37,37,37,37,37,37,37,37,38,39,40,42,45,46,49,51,54,67,117,179,173,168,176,181,186,188,188,187,187,186,186,185,184,191,185,187,186,188,193,196,201,202,200,198,197,196,192,190,188,181,180,178,176,177,175,174,177,180,180,177,177,174,167,162,155,159,162,164,166,171,166,172,171,179,180,177,179,179,181,186,186,185,185,186,193,192,190,188,183,180,173,173,172,172,174,177,174,169,168,168,163,151,151,164,160,161,168,162,157,159,155,146,140,137,135,139,142,143,142,140,163,93,80,75,77,73,71,67,65,62,61,60,56,54,52,51,49,47,46,45,43,43,41,41,41,39,38,38,37,36,35,34,34,34,34,34,34,34,34,34,34,34,34,34,35,35
44,43,43,43,42,42,42,42,42,42,42,42,42,42,41,41,41,40,40,40,40,40,39,39,39,39,39,38,38,38,38,38,38,38,38,37,37,37,37,36,36,36,38,39,40,42,45,47,49,54,55,57,108,175,172,171,181,184,184,185,186,183,184,182,182,182,181,181,184,185,185,185,187,191,199,200,201,197,196,195,202,198,195,191,188,184,186,185,187,186,182,181,184,184,180,178,170,169,157,157,164,165,166,165,170,173,176,179,183,183,189,186,187,188,188,187,188,193,197,191,191,186,185,181,177,177,182,178,178,176,171,170,167,168,164,162,162,158,158,152,155,155,151,152,146,142,143,140,138,135,145,146,143,140,136,86,79,88,108,121,108,77,66,62,61,59,56,54,53,51,49,48,46,45,45,43,42,41,41,39,38,38,37,36,35,35,35,34,34,34,34,34,34,34,34,35,34,34,35,36
43,43,43,43,42,42,42,42,42,42,41,41,42,41,41,41,41,40,40,40,39,40,39,39,39,39,39,38,37,38,37,38,37,37,37,37,36,37,37,37,36,36,38,39,40,42,44,48,52,93,129,115,121,178,172,172,180,183,184,185,184,182,186,185,184,183,180,179,180,181,182,183,184,183,187,187,194,195,196,196,198,197,195,189,190,187,189,191,191,194,191,189,188,188,187,187,177,173,162,162,163,165,168,162,170,171,176,177,177,179,188,191,190,192,193,193,193,194,195,192,187,181,182,184,181,179,177,171,168,166,166,167,166,165,163,164,159,156,156,156,152,154,149,146,145,143,141,141,138,133,145,147,144,142,129,81,96,170,209,203,193,166,89,63,61,60,56,56,53,51,50,49,48,47,45,44,43,41,40,40,39,39,37,36,36,35,35,35,34,34,34,34,34,34,34,34,34,34,35,34
43,43,42,42,42,41,41,41,41,41,41,41,41,41,41,41,41,40,41,40,39,39,39,39,38,38,38,38,37,37,37,37,37,37,37,36,36,37,36,36,36,36,37,38,40,42,44,51,136,190,205,216,210,176,175,174,181,181,183,184,182,182,185,185,184,182,180,179,177,177,176,175,172,173,178,178,178,183,192,194,197,198,194,191,190,190,188,191,193,198,196,196,199,197,197,192,187,183,173,168,166,168,164,169,169,170,175,177,175,182,189,187,186,192,190,192,191,191,192,191,189,184,177,175,172,167,167,164,163,163,163,166,165,163,161,162,157,157,155,158,151,149,146,140,143,149,146,142,140,139,150,150,145,141,134,119,209,221,213,204,185,167,151,81,62,60,58,55,54,52,51,49,48,47,47,44,43,42,41,40,40,38,38,36,36,35,35,34,34,34,34,34,34,34,33,34,34,34,35,34
43,42,42,42,42,41,41,41,41,41,40,41,41,41,41,41,40,40,40,39,39,39,39,38,38,38,38,38,37,37,37,37,37,37,36,36,35,36,36,36,36,36,37,37,40,42,45,98,180,194,205,211,220,176,176,176,178,179,179,181,181,188,187,187,184,181,180,179,176,174,174,172,166,167,168,164,164,169,173,178,183,184,191,193,193,191,191,192,195,195,197,202,208,207,202,196,192,183,177,176,179,172,177,177,178,174,176,175,171,182,188,189,189,190,185,187,190,189,186,182,178,175,170,165,165,161,161,165,164,168,168,174,170,168,169,166,163,166,163,159,149,142,143,142,145,148,146,146,143,143,152,150,146,142,148,230,227,217,205,187,161,152,160,114,61,61,58,56,55,53,52,51,49,48,46,45,44,43,41,40,39,38,37,37,36,35,35,34,34,34,34,34,34,33,34,34,34,34,35,34
42,42,42,41,41,41,41,40,40,40,40,41,41,41,41,40,40,40,40,39,39,38,38,38,38,38,38,38,38,37,37,37,37,36,37,36,36,36,35,35,36,35,36,37,39,42,45,129,179,193,205,211,217,179,176,175,178,178,178,180,183,190,184,184,180,178,180,180,175,173,175,171,169,165,165,161,162,164,168,170,174,180,181,182,185,186,188,190,196,196,196,200,205,207,204,201,195,187,177,175,182,183,180,181,188,184,182,182,186,188,188,191,192,191,186,189,191,181,177,174,173,170,172,175,180,189,200,206,211,209,211,223,224,223,218,214,201,190,182,173,152,146,143,139,141,150,149,144,144,148,152,148,146,141,158,231,223,203,179,156,153,217,215,128,62,60,58,57,56,54,52,51,50,49,47,46,44,44,41,40,39,38,38,37,36,34,34,34,34,34,34,34,34,34,34,34,34,34,34,34
43,42,41,42,41,42,41,41,40,40,40,41,41,41,40,39,40,39,39,38,38,38,38,38,38,38,37,38,37,36,37,37,37,36,36,36,36,36,36,36,36,35,36,37,39,41,44,109,189,183,200,210,214,179,179,178,178,178,178,181,182,184,183,181,177,178,181,182,181,178,184,184,185,187,187,185,185,182,177,175,174,175,176,176,179,182,185,189,194,196,195,198,201,204,203,201,195,190,182,180,186,186,188,191,190,189,188,187,192,194,195,192,193,196,196,193,190,176,176,174,176,181,190,202,219,226,213,209,210,215,220,222,217,215,207,204,205,209,212,214,206,177,155,141,140,150,146,141,144,152,151,147,148,139,150,219,209,182,155,150,209,238,211,127,61,59,57,56,55,54,54,52,52,51,48,46,45,44,41,41,39,38,38,38,36,35,34,34,33,34,34,34,34,33,34,34,34,34,34,34
42,42,41,41,41,41,41,41,40,40,40,40,40,40,39,39,39,39,38,38,38,38,38,37,38,37,37,37,37,37,36,36,36,36,36,36,35,36,35,35,35,35,36,37,39,41,43,56,205,212,189,206,211,178,179,181,180,178,179,180,182,184,184,181,181,185,190,191,206,222,221,222,216,209,208,205,205,211,216,213,203,195,186,182,179,181,185,190,194,195,194,200,202,203,202,202,195,196,196,194,192,190,187,188,192,201,199,198,198,198,199,194,195,197,196,193,192,183,181,182,193,205,228,230,227,209,195,194,192,186,195,208,213,208,202,188,189,185,185,181,198,222,184,156,144,143,147,149,145,151,152,147,150,141,141,203,188,160,147,201,227,239,204,114,62,60,58,56,56,54,54,52,51,51,49,47,46,44,43,41,39,39,38,37,36,35,34,33,34,34,34,34,33,34,34,33,34,33,34,34
42,42,41,42,41,41,41,41,39,40,39,39,39,39,39,39,38,39,38,38,38,38,37,38,37,37,37,37,36,36,36,36,36,36,36,35,36,35,35,35,35,35,35,37,38,41,43,46,176,217,206,196,206,179,181,182,183,180,181,179,181,185,187,185,186,192,220,231,229,219,208,205,201,197,195,198,198,202,210,220,226,224,221,208,198,188,184,187,192,197,199,200,201,199,200,202,204,205,205,198,190,186,185,189,191,194,195,195,199,197,197,198,199,198,196,195,194,192,192,197,206,232,228,225,222,210,205,198,202,205,207,209,213,212,206,197,195,189,178,167,168,194,217,184,151,146,150,149,146,150,152,152,152,144,136,190,166,151,197,224,225,238,197,100,63,61,58,56,55,54,53,53,52,51,49,48,47,45,43,41,41,39,38,37,36,35,34,33,33,33,34,33,33,33,33,33,34,34,33,34
42,42,41,41,41,40,40,40,40,40,39,39,39,39,39,39,38,38,38,38,37,37,37,37,37,37,37,36,36,36,36,35,36,36,36,36,35,35,35,35,35,35,36,37,39,41,43,46,163,204,225,200,199,179,183,185,185,183,182,179,181,185,188,191,202,225,227,216,211,208,204,200,201,194,193,194,194,196,203,213,221,224,225,226,217,206,197,198,197,194,199,199,202,203,197,201,202,202,203,197,187,179,180,176,181,180,182,186,191,194,194,197,200,201,201,202,201,199,202,206,229,225,225,221,223,217,210,210,188,167,160,188,195,204,201,196,197,188,183,172,171,173,196,214,168,147,153,150,148,151,151,150,152,147,139,179,154,171,227,220,226,225,175,83,62,60,58,57,56,54,54,53,52,51,50,48,47,46,44,42,41,39,38,38,36,36,34,34,34,34,33,33,34,34,34,33,33,33,33,34
42,41,41,41,41,41,40,40,39,40,40,39,39,39,38,38,38,38,37,38,37,36,37,37,37,37,36,35,36,36,35,35,35,35,36,35,35,35,35,34,34,35,35,37,39,40,42,46,153,197,230,204,201,181,186,187,186,184,183,180,179,184,192,207,234,219,213,212,209,208,204,199,198,194,192,194,196,199,203,205,216,221,221,225,229,222,211,204,203,202,203,203,202,203,201,203,203,203,199,188,183,178,176,173,171,170,170,176,180,183,193,197,197,197,207,206,206,202,206,228,224,222,229,222,224,224,222,224,219,217,224,211,210,208,193,177,179,170,149,155,173,166,169,208,196,150,153,155,154,155,154,152,153,149,143,173,149,181,234,220,238,215,165,68,62,60,58,57,55,55,54,53,52,52,50,49,48,47,45,43,41,40,39,38,36,35,34,33,34,34,33,34,34,34,34,33,33,33,33,33
42,41,41,40,40,41,40,39,39,39,39,39,39,38,38,38,38,38,37,37,37,36,36,36,36,36,35,35,35,35,34,34,35,35,35,35,35,35,34,34,34,35,35,36,39,40,42,44,138,193,234,203,203,181,187,189,189,186,184,182,176,190,208,233,216,211,210,212,210,208,205,200,197,190,190,193,194,200,204,206,213,216,222,223,222,229,225,209,204,204,204,203,203,204,203,206,202,202,198,186,182,177,172,174,175,174,173,172,172,183,195,196,197,200,206,206,203,205,230,227,228,230,230,232,232,225,244,249,247,221,244,250,249,248,248,236,215,196,154,138,155,162,160,172,192,168,150,158,158,159,160,155,153,149,145,170,134,183,237,232,239,204,137,64,62,60,58,56,56,56,54,53,54,53,52,49,48,47,45,43,42,40,39,37,37,36,35,33,33,33,34,33,33,34,34,33,34,33,33,33
41,40,40,40,40,40,40,39,39,39,39,38,39,38,37,37,37,37,37,36,37,36,36,36,36,35,35,35,35,35,34,35,34,35,35,35,34,34,35,34,34,34,35,36,38,39,41,42,123,194,235,208,207,178,188,190,190,190,190,189,183,206,228,220,204,209,211,210,211,209,207,202,187,176,176,173,178,181,201,207,213,215,220,225,221,222,227,224,216,203,201,202,202,204,206,207,203,200,196,191,186,180,178,177,178,173,168,166,173,187,202,206,197,195,195,193,204,218,215,223,232,236,222,185,159,173,237,242,248,196,154,247,241,248,237,186,192,222,230,200,165,156,160,169,162,163,152,154,156,156,156,154,153,151,145,159,127,182,238,233,239,191,113,64,62,60,58,58,56,57,55,54,53,53,52,51,49,48,46,44,42,40,39,37,36,35,34,34,33,33,34,34,33,33,33,33,33,33,33,34
40,40,40,39,39,40,39,38,39,39,38,39,38,38,37,37,37,37,36,36,36,36,35,36,35,35,35,35,35,35,34,34,34,34,34,34,34,34,34,33,33,34,35,35,37,38,41,43,107,193,237,212,210,177,188,191,192,192,193,191,187,213,216,196,199,205,206,209,210,209,208,208,208,207,212,209,223,221,228,230,233,232,231,229,227,226,222,223,217,206,202,201,202,206,212,208,205,199,194,190,187,180,175,174,177,175,175,171,173,190,205,210,208,194,189,201,190,215,232,240,231,209,169,141,119,160,238,240,247,233,158,249,236,162,175,133,129,139,191,242,232,195,185,178,170,158,155,154,155,157,157,156,153,151,146,154,134,180,240,237,239,190,92,63,61,60,58,58,57,57,56,55,54,54,52,51,49,49,47,44,42,41,39,38,37,35,34,34,34,34,34,33,33,33,33,33,34,33,33,34
41,40,40,39,39,39,38,39,38,38,38,38,38,37,38,37,37,36,36,36,36,36,36,36,36,35,35,35,34,34,34,35,35,34,34,34,34,34,33,34,34,33,34,35,37,38,41,44,93,192,235,217,212,168,191,192,192,192,193,193,195,208,205,198,190,198,202,206,209,212,221,232,241,246,250,247,161,246,248,250,249,199,182,197,224,231,228,224,220,205,207,199,206,212,220,213,209,204,199,193,191,184,177,177,178,177,178,174,174,188,205,214,220,197,189,206,221,226,190,193,193,153,146,120,109,144,234,245,247,233,246,249,239,206,211,131,96,97,141,229,245,227,194,182,179,161,155,152,156,158,157,156,151,151,146,155,137,166,238,241,231,168,75,64,61,60,58,58,57,57,57,56,55,54,52,51,50,49,46,45,43,41,40,38,36,35,34,34,34,34,33,33,33,33,33,33,33,33,34,34
40,40,40,39,39,38,39,39,39,38,38,37,38,37,37,36,36,36,35,35,36,36,36,36,36,35,35,34,34,34,34,34,34,34,34,34,34,33,33,33,34,34,34,35,36,38,40,43,78,190,233,221,218,170,192,194,193,192,192,195,201,208,214,212,190,195,200,211,229,227,219,242,246,240,246,249,228,249,248,248,241,154,139,147,184,197,209,188,213,225,208,196,206,216,220,212,211,204,201,196,193,185,180,181,183,183,180,182,180,188,201,208,222,209,199,221,231,239,232,219,198,199,195,153,113,119,205,244,247,236,240,244,245,236,197,101,85,111,190,224,194,191,197,184,170,159,154,152,154,159,159,156,150,150,143,170,155,155,233,242,216,157,66,64,61,59,60,58,57,57,57,55,55,55,53,51,50,49,46,45,44,41,40,38,37,35,34,34,34,33,34,33,33,33,32,33,33,33,33,33
40,40,40,39,39,38,38,38,38,38,38,38,37,37,37,36,36,36,35,35,35,35,35,36,35,34,34,34,34,33,34,34,33,33,34,34,33,34,33,33,33,33,34,35,36,38,40,43,56,184,220,227,215,180,191,193,192,192,192,195,200,206,209,214,218,225,231,243,225,194,175,164,231,234,246,233,247,248,250,245,222,137,126,173,214,224,222,218,233,232,221,212,211,213,220,217,214,205,199,190,189,190,181,183,179,178,179,180,181,187,194,207,219,219,207,216,213,200,200,220,231,225,220,215,197,158,156,226,242,240,240,239,237,212,125,97,134,200,208,176,161,163,155,159,163,163,159,158,152,158,158,155,151,149,142,178,173,163,225,238,205,132,66,63,61,59,59,59,57,57,56,56,55,55,53,52,50,49,47,45,43,42,41,38,38,35,34,34,33,33,33,33,33,32,33,33,33,32,34,33
40,40,39,39,38,38,38,37,37,37,37,37,37,37,36,37,35,35,36,36,35,35,35,36,34,34,34,34,34,34,33,33,33,33,34,33,33,33,33,33,33,33,33,35,36,38,41,43,45,163,206,228,213,181,191,192,192,190,191,193,197,202,205,212,223,225,237,243,235,185,128,124,184,231,236,232,243,245,246,242,187,177,211,221,225,225,214,208,203,199,203,211,207,215,220,216,211,202,195,192,187,188,181,183,181,180,179,176,172,180,191,200,213,217,213,211,203,198,188,197,186,185,174,183,195,214,216,218,222,222,235,235,218,186,185,207,217,199,144,139,153,159,146,160,161,166,164,161,155,157,157,155,152,148,145,180,193,171,213,237,199,107,64,63,62,60,59,59,58,57,58,56,55,55,53,52,51,49,47,46,43,42,41,39,38,36,34,34,33,33,33,33,33,32,32,33,33,33,33,33
40,39,39,39,38,38,38,38,37,37,37,37,36,37,36,36,35,35,35,35,35,35,35,35,34,34,33,34,34,34,34,33,33,33,34,34,33,33,33,33,33,33,33,34,36,37,41,43,45,128,196,224,214,183,190,191,192,190,191,192,195,199,201,204,206,204,221,225,231,223,188,149,133,193,236,243,244,237,234,228,221,214,204,201,207,210,210,204,201,191,209,207,206,219,214,208,203,195,193,190,188,187,182,183,184,180,177,175,174,185,181,194,205,209,211,214,203,195,199,191,210,208,188,172,166,143,153,191,204,205,207,213,216,211,203,188,171,165,155,134,154,155,151,161,163,165,168,163,159,158,160,154,151,147,146,175,198,182,199,228,194,86,64,63,62,61,60,58,58,57,57,56,57,56,55,53,51,49,48,46,43,42,41,39,38,36,34,34,33,33,33,33,33,32,33,33,33,32,33,33
40,39,39,38,38,38,37,37,37,37,37,37,36,36,36,36,35,36,35,35,35,35,35,34,34,34,34,34,34,34,34,33,33,34,33,33,33,33,33,33,33,33,34,35,36,38,40,42,43,91,193,219,208,182,190,191,191,190,190,192,194,195,196,193,193,196,198,199,206,216,225,226,223,217,221,219,216,205,203,194,186,179,179,189,216,201,215,203,190,200,205,209,211,212,212,206,203,196,194,191,190,187,182,180,180,177,173,171,169,171,171,172,194,204,209,211,202,194,192,189,197,192,217,196,197,199,184,187,176,182,186,208,208,187,185,172,179,168,160,150,151,156,159,162,167,167,169,164,160,162,159,155,151,149,147,181,205,194,190,220,183,71,64,63,62,60,61,56,57,58,57,56,56,55,55,52,51,50,47,45,43,43,41,39,38,36,34,34,33,33,33,32,32,32,33,33,32,32,32,32
39,39,39,38,37,38,37,37,37,37,36,37,36,36,36,36,36,35,35,35,35,35,34,35,34,35,34,34,34,34,34,33,33,34,33,33,33,33,33,32,33,33,34,35,35,38,39,41,43,64,196,216,205,184,189,190,190,190,190,190,191,193,194,194,193,192,193,196,200,201,204,208,204,199,187,175,170,174,166,152,171,183,204,218,197,219,201,189,194,201,205,207,213,205,206,207,203,197,193,185,186,181,181,180,180,175,167,161,165,170,172,155,176,190,201,214,213,203,191,189,190,186,179,199,212,201,209,209,215,209,207,209,205,188,176,160,139,132,132,143,148,165,164,166,168,169,166,166,163,163,159,153,149,148,146,181,212,201,184,220,162,66,64,63,62,60,61,56,57,57,57,57,56,55,55,53,52,50,47,45,44,43,41,39,37,36,34,33,33,33,33,33,32,32,33,32,32,32,32,33
39,39,39,38,37,38,37,37,36,36,36,37,36,35,36,36,35,35,34,35,35,34,35,35,35,34,34,34,34,34,34,34,33,33,33,33,33,33,33,33,32,32,33,34,35,37,39,41,42,49,185,216,206,184,186,189,190,189,189,188,189,190,194,196,195,193,193,195,197,200,200,201,203,200,204,202,207,201,197,188,196,212,201,193,214,191,185,193,203,202,207,208,212,206,204,210,204,197,189,180,179,183,181,178,178,175,174,164,159,169,175,158,161,178,189,204,208,204,201,194,185,180,187,187,184,203,206,191,189,197,202,196,189,183,181,175,163,152,143,151,155,164,167,167,167,173,170,163,163,159,157,155,148,146,145,179,218,201,186,219,147,65,65,62,62,60,60,58,57,57,57,56,56,55,56,53,51,50,47,45,45,43,41,40,38,36,34,34,33,33,33,33,32,32,32,33,32,32,32,32
39,38,38,38,37,37,36,36,37,36,36,36,36,36,36,35,35,34,34,34,34,35,34,34,35,34,34,34,33,34,34,34,33,33,33,33,33,33,33,33,32,33,33,34,36,37,39,41,42,54,188,219,208,182,188,192,189,188,189,188,189,191,194,197,197,196,195,195,194,195,197,199,199,198,204,205,200,196,205,214,200,182,198,202,184,180,181,202,202,202,207,205,207,202,207,209,204,199,189,183,173,178,173,176,179,175,172,168,165,167,182,171,163,173,177,181,190,193,196,192,193,184,176,173,180,186,182,191,199,195,186,190,192,181,180,170,161,161,158,160,163,162,166,166,168,172,166,163,161,156,154,153,147,144,147,176,219,195,197,214,136,65,65,62,62,59,60,58,58,58,57,56,56,55,55,53,52,50,48,45,45,42,41,39,38,36,34,33,33,33,33,33,33,32,32,33,32,32,32,32
38,38,38,37,38,37,37,37,36,36,37,36,35,36,35,35,35,34,35,34,34,35,34,34,34,34,34,33,33,33,33,34,33,33,32,33,33,33,33,32,32,32,33,34,35,37,38,40,43,53,193,225,216,184,185,191,189,187,187,188,190,191,195,198,197,199,197,198,198,197,198,197,192,193,196,202,204,207,195,178,194,198,184,173,173,180,195,196,201,204,207,203,204,202,213,206,203,192,180,177,174,173,174,174,175,175,171,170,170,172,180,182,177,169,170,175,180,184,189,188,187,187,184,177,178,172,181,178,175,182,190,188,186,179,174,171,164,164,167,167,164,159,163,167,170,171,163,164,155,153,152,152,146,144,145,174,215,178,222,212,135,66,65,63,62,59,60,59,58,58,58,56,55,54,55,53,53,52,49,46,45,42,41,39,37,36,35,33,33,33,33,33,33,33,32,32,32,32,32,32
38,38,38,37,37,36,36,37,36,36,36,36,35,35,35,35,35,34,34,34,34,35,34,34,34,34,33,33,33,33,33,33,33,33,33,32,33,33,33,33,32,33,33,34,35,37,38,39,52,83,211,231,222,189,185,188,189,187,187,187,187,190,193,196,197,198,198,199,199,201,198,197,196,199,202,202,190,183,191,191,186,175,170,171,172,184,187,189,193,200,202,201,202,207,214,201,196,187,182,177,173,176,175,174,171,168,164,168,174,169,180,187,184,169,167,169,174,179,181,182,184,186,188,179,178,177,165,172,177,173,173,172,173,175,174,173,170,168,166,164,157,152,157,161,166,165,162,163,154,151,150,148,144,142,145,174,195,173,237,217,148,85,65,62,61,60,59,59,58,57,57,57,55,54,55,54,55,51,49,46,44,44,41,40,38,36,34,34,33,33,32,33,32,32,32,33,32,32,32,32
38,37,38,37,37,36,36,36,35,36,35,36,35,35,34,34,35,34,34,34,35,34,35,34,34,33,33,33,33,33,33,32,32,32,32,32,32,32,33,33,32,33,33,34,35,36,37,41,57,130,221,237,227,187,184,187,187,186,187,187,188,190,192,193,192,194,195,197,199,201,201,200,197,195,189,185,188,189,181,171,166,171,172,179,185,186,184,190,192,192,198,199,205,214,211,198,191,186,177,172,173,174,171,170,168,168,174,172,170,174,183,185,193,174,166,166,165,173,173,174,179,182,185,179,180,177,175,174,173,172,176,172,170,172,166,166,165,161,157,160,159,159,157,165,163,163,165,161,152,147,146,148,142,143,147,175,184,210,239,212,152,73,61,62,61,60,58,60,57,57,57,56,56,56,55,54,53,51,48,46,44,43,42,40,37,36,35,33,33,33,32,33,33,33,33,32,32,32,32,32
38,37,37,37,37,37,36,36,36,35,36,36,35,35,34,35,34,34,34,34,34,33,34,34,34,33,33,33,33,33,33,33,33,32,32,32,32,33,33,33,32,33,33,34,35,36,37,40,66,134,213,218,207,193,183,185,184,184,184,185,186,188,189,188,189,190,192,195,195,196,196,193,191,190,193,193,185,169,169,169,170,173,170,189,184,180,181,186,191,194,196,199,211,217,205,196,192,182,175,172,170,169,167,165,166,165,169,163,167,171,174,173,190,180,166,163,170,169,170,166,169,174,181,181,178,181,180,177,175,174,173,169,162,166,164,161,160,157,153,153,154,156,157,160,163,162,161,157,148,145,141,139,139,143,151,177,200,233,232,210,144,88,65,62,61,59,59,59,58,58,57,57,56,55,54,54,54,52,48,46,44,43,41,40,38,37,35,35,33,33,33,33,32,32,32,32,32,32,32,31
38,37,37,37,36,36,35,36,36,35,35,36,35,35,34,35,34,34,34,34,33,33,34,34,34,33,34,33,33,33,33,33,32,32,32,32,32,32,33,33,33,32,33,34,35,36,37,41,90,153,191,191,209,188,182,183,182,181,182,182,182,185,186,185,187,187,187,191,194,194,194,193,188,183,181,177,172,176,174,172,177,175,183,180,176,176,175,180,186,192,200,202,216,211,194,190,183,175,176,169,167,165,166,165,161,163,159,162,168,168,170,168,178,184,165,158,149,158,162,165,166,166,169,178,179,183,181,182,179,179,180,177,171,170,165,164,160,159,153,150,154,156,159,161,162,160,160,158,147,145,137,134,139,140,148,171,197,211,216,191,134,80,69,61,60,59,59,59,57,57,57,56,56,55,55,54,53,53,48,46,44,43,42,39,38,37,35,34,33,33,33,32,32,31,32,32,32,32,32,31
38,37,37,37,36,36,36,36,35,35,35,35,34,35,34,34,34,34,34,34,33,33,34,33,33,33,33,33,33,33,33,33,32,32,32,32,32,32,32,33,32,32,33,34,34,35,37,39,67,175,191,196,219,184,181,181,180,179,180,180,180,181,183,182,185,184,185,188,189,189,188,182,179,181,179,176,181,183,183,180,181,181,176,172,179,169,173,179,186,187,201,206,217,203,188,181,171,162,163,160,162,162,161,157,156,154,155,158,164,166,168,169,172,179,168,160,151,156,157,163,164,164,165,168,174,179,183,182,178,177,179,180,178,172,163,163,159,155,153,157,160,164,163,165,167,156,153,152,150,142,135,134,137,140,147,166,198,182,190,170,132,89,66,61,60,59,58,60,58,57,57,56,56,55,55,54,53,52,49,46,44,43,42,39,38,37,34,33,33,33,32,32,32,32,32,32,32,31,32,32
38,37,37,37,36,36,36,36,36,36,35,34,35,34,34,34,34,34,34,34,33,32,33,33,32,33,33,33,33,32,32,32,32,32,32,32,32,32,32,32,32,32,33,34,35,35,37,42,74,183,192,202,220,184,178,178,179,177,176,175,174,179,181,179,183,184,186,186,183,186,185,180,178,180,184,188,188,188,184,178,179,178,177,175,169,169,176,176,185,193,205,213,205,193,184,183,166,160,161,162,159,160,160,155,155,155,154,155,156,159,160,157,169,175,172,161,156,153,159,162,161,161,163,166,170,177,181,182,180,177,180,181,177,178,171,166,168,166,167,162,160,162,161,161,155,151,143,145,146,140,134,133,136,141,147,163,203,178,176,167,117,80,66,60,60,59,60,59,58,57,57,56,56,56,55,55,53,52,49,45,45,45,41,40,38,36,35,34,33,33,33,32,32,32,32,32,32,32,32,33
38,37,37,37,36,36,36,35,35,35,35,35,35,34,34,34,34,34,34,33,33,33,33,33,33,33,33,33,33,33,33,32,33,32,32,32,32,32,32,32,32,33,33,33,35,35,36,40,72,182,191,201,222,184,178,179,179,176,176,174,172,171,175,178,181,182,185,185,186,187,186,188,192,189,190,196,196,191,182,181,184,169,176,166,163,169,182,179,189,201,210,210,197,188,184,179,161,157,154,150,149,153,152,151,150,150,152,151,151,153,152,162,164,173,176,162,159,156,165,159,157,158,160,164,166,169,173,178,177,176,177,181,182,179,180,178,175,175,172,167,165,160,157,154,149,149,147,138,138,140,134,133,134,142,147,170,203,181,174,167,115,67,63,61,60,60,59,59,58,58,58,56,56,56,55,53,53,53,49,45,45,44,42,40,38,37,35,34,33,33,32,31,32,31,32,32,32,31,32,33
38,37,37,36,36,36,36,35,35,35,35,35,34,34,35,34,34,34,34,34,33,34,33,33,33,33,33,33,33,33,33,33,33,32,32,32,32,32,32,32,33,32,33,33,34,35,36,38,64,180,191,202,224,188,180,177,176,175,175,173,171,171,176,180,180,181,184,185,186,189,189,194,196,196,193,191,189,183,183,185,182,166,170,164,163,173,174,178,191,204,210,206,191,185,179,164,156,156,149,149,148,147,150,145,145,146,146,145,147,148,146,160,162,171,176,165,163,162,164,161,161,158,158,158,165,169,169,169,170,171,174,179,176,175,164,175,172,173,162,166,163,159,154,149,139,134,133,134,137,140,136,135,134,142,149,189,216,180,172,163,112,67,61,61,60,60,59,59,58,58,57,56,56,56,54,53,53,54,49,47,45,44,42,40,39,37,36,34,33,32,33,32,32,32,31,32,32,32,32,33
37,36,37,36,36,36,35,36,35,35,35,35,34,34,34,34,34,34,34,33,33,33,33,33,33,33,33,33,33,33,33,33,33,32,32,32,32,32,32,33,33,33,33,34,35,36,37,38,47,171,192,202,226,191,181,177,175,175,176,172,170,171,171,178,181,181,182,184,186,189,190,194,194,192,184,180,179,181,172,183,177,167,169,165,171,173,173,180,200,209,210,201,188,185,171,158,151,151,150,142,139,140,142,141,143,144,143,143,143,141,143,156,163,171,185,171,167,169,167,161,161,156,155,158,161,165,168,167,168,170,169,173,172,172,170,178,170,171,158,162,162,161,155,143,139,134,132,131,134,137,138,135,133,141,149,192,212,181,173,158,93,61,61,61,59,60,59,59,59,58,58,57,57,56,54,54,54,53,50,47,45,45,42,41,39,36,35,34,33,32,32,32,32,32,32,32,32,32,32,33
37,37,37,36,36,35,35,35,35,35,35,35,34,34,34,34,33,34,33,33,33,33,33,33,33,34,33,33,33,32,32,33,33,32,32,32,32,32,32,33,33,33,33,34,35,36,37,38,38,124,187,197,231,194,182,178,175,175,173,172,172,177,174,176,177,179,180,184,181,180,177,176,173,178,181,175,180,178,179,179,175,169,167,166,172,167,169,182,207,211,207,200,188,178,162,154,151,147,141,136,131,134,134,137,139,141,139,138,137,134,139,145,160,171,180,181,171,169,169,166,158,161,160,163,155,161,162,163,171,171,164,166,166,166,166,167,168,172,161,158,161,162,153,145,137,135,133,131,137,138,137,136,134,142,149,191,199,177,164,148,71,62,61,60,60,60,60,59,59,58,58,57,58,56,55,54,53,53,51,47,43,45,43,41,39,36,36,34,33,33,32,33,32,32,32,31,33,32,32,33
37,37,36,36,36,35,35,35,35,35,34,34,34,34,34,33,34,33,33,33,33,34,34,33,33,33,33,33,33,33,32,32,33,32,32,32,32,32,33,33,33,34,33,33,35,35,36,37,39,59,169,193,229,201,184,178,177,177,173,171,173,173,172,172,174,171,173,181,178,177,173,179,176,177,176,176,175,174,174,174,169,168,161,159,162,163,168,184,213,205,199,186,185,173,163,153,152,145,133,124,129,128,129,137,139,139,137,137,136,134,138,140,153,165,177,184,188,174,181,176,160,163,159,163,161,160,161,159,164,166,164,166,165,165,163,161,161,159,158,161,158,160,149,142,139,134,130,133,135,138,138,135,136,143,151,194,196,169,152,114,63,61,61,60,61,60,60,60,58,58,58,58,58,55,55,55,53,52,50,47,43,45,43,41,39,36,35,33,33,33,33,32,32,32,31,32,32,31,32,33
37,37,36,36,36,35,35,35,35,34,34,34,34,33,33,33,33,33,33,33,33,33,33,33,33,33,33,33,33,33,33,33,33,33,32,32,32,32,33,33,33,33,33,34,34,36,36,37,39,41,89,192,220,212,186,179,178,176,173,171,172,168,170,176,175,170,175,177,174,170,169,181,178,176,173,170,172,171,165,168,160,152,155,162,160,162,177,194,209,196,187,180,174,167,161,153,151,141,132,115,121,120,123,130,135,133,133,132,132,132,128,124,139,148,164,174,181,175,189,190,173,164,160,163,163,161,159,160,161,161,160,164,166,166,160,161,160,157,160,155,155,157,151,146,140,135,133,141,138,137,137,136,135,143,155,191,194,155,137,72,63,61,60,60,60,59,60,59,59,58,57,58,57,56,54,55,53,53,49,47,45,44,42,40,39,36,35,35,33,33,33,32,32,32,32,32,32,32,32,33
36,36,36,35,35,35,35,35,35,34,34,34,34,33,33,33,33,33,33,33,33,32,33,33,32,33,33,33,33,33,33,33,33,33,32,32,32,32,33,33,33,33,34,34,34,35,36,37,39,40,54,128,210,218,188,181,179,177,173,169,169,170,173,174,176,176,177,177,174,170,172,177,179,173,171,166,172,165,166,160,162,163,158,163,164,163,184,201,196,185,182,176,170,167,162,150,145,138,132,116,110,107,111,120,123,131,130,133,130,133,131,120,125,139,152,159,165,173,185,203,182,170,165,165,163,162,156,158,156,159,157,160,159,156,161,162,163,161,154,155,156,155,150,151,144,138,134,141,136,138,139,138,137,145,157,196,188,138,81,63,61,61,60,61,60,60,60,59,59,59,58,57,57,55,56,55,54,53,49,47,45,44,42,40,39,36,35,34,32,33,32,33,32,32,32,32,32,31,32,32
36,36,36,35,35,35,35,35,34,34,34,34,34,33,33,33,33,33,33,33,33,33,33,33,33,33,33,33,33,33,33,33,33,32,32,33,33,33,33,33,33,34,34,34,35,35,36,37,39,40,51,102,180,215,193,181,182,180,177,173,169,171,173,174,176,179,179,178,174,176,175,171,170,164,156,168,168,160,163,157,163,156,152,160,163,178,204,196,184,178,174,171,163,163,160,153,143,137,128,117,113,103,92,105,116,120,121,128,129,135,130,119,119,129,142,150,154,160,168,199,192,178,170,166,163,161,157,162,155,154,157,154,156,152,161,154,160,158,155,157,156,152,154,156,141,141,139,141,136,135,139,139,137,145,162,182,131,70,64,61,61,61,61,61,60,61,59,60,59,59,58,57,57,55,56,55,54,52,49,47,45,44,42,40,39,37,35,34,32,34,32,33,31,32,32,32,31,31,32,32
37,36,36,35,35,36,35,35,35,34,34,34,34,33,34,34,33,33,33,33,33,33,33,33,33,32,32,33,33,33,33,33,33,33,33,33,33,33,33,33,34,34,34,34,35,35,35,37,39,39,40,83,205,216,196,182,182,181,177,171,169,169,171,176,180,181,182,178,179,178,170,166,168,165,167,166,157,163,159,158,162,160,156,160,166,189,197,184,175,175,170,163,157,159,158,151,150,139,136,122,121,112,103,95,109,118,124,126,132,129,133,127,118,124,142,142,142,147,154,172,203,193,174,164,157,156,152,158,157,154,152,152,155,155,159,158,160,158,158,151,162,150,154,147,150,148,147,141,147,144,143,143,140,146,165,177,92,66,63,63,61,62,60,61,61,60,59,59,59,59,58,57,56,56,56,54,53,51,50,47,45,45,43,40,39,36,35,34,33,33,32,32,32,32,32,32,31,31,32,32
36,36,36,36,36,36,35,35,34,34,34,34,34,33,34,33,34,34,33,33,33,33,33,33,33,33,33,33,33,33,33,33,33,33,33,33,34,34,33,34,34,34,34,34,35,35,35,37,39,40,41,47,166,216,199,189,181,179,178,176,176,171,176,177,180,184,183,180,179,178,171,168,169,169,165,158,155,160,151,156,157,164,165,163,175,200,186,177,173,171,166,156,158,158,159,156,153,144,140,132,131,126,122,123,116,128,127,134,141,137,149,145,134,129,138,134,130,131,138,155,184,198,177,169,165,154,149,148,152,151,149,153,153,149,154,160,162,165,163,157,156,157,154,141,148,150,150,148,141,145,141,141,143,146,173,170,106,68,63,63,62,61,60,60,59,60,60,59,58,59,58,58,57,56,55,55,53,52,50,47,44,44,43,40,39,36,35,34,34,33,33,32,33,32,32,32,32,32,31,32
36,36,36,35,35,35,34,34,34,33,34,33,33,33,33,34,33,34,33,34,33,33,32,33,33,33,33,34,33,33,33,33,34,33,33,33,34,34,34,34,34,34,35,35,35,36,36,37,39,40,44,54,143,219,211,193,182,177,177,185,180,174,177,181,181,183,183,177,180,179,171,166,168,166,161,152,153,154,163,149,159,156,170,172,188,188,178,170,170,169,166,158,159,162,165,163,156,150,146,139,135,131,131,128,132,133,140,142,146,143,144,143,139,136,133,132,124,124,129,135,164,190,178,175,168,148,146,146,154,150,151,160,155,157,155,161,162,164,167,155,154,154,155,156,148,146,144,140,142,146,141,140,145,153,171,194,89,71,63,63,61,62,60,60,59,60,59,60,58,60,59,57,56,56,55,54,52,51,51,46,44,45,43,40,38,36,35,34,34,33,32,32,32,33,32,32,32,32,32,32
36,36,35,34,35,35,34,34,34,33,33,33,34,33,34,33,33,33,33,34,33,33,33,33,33,33,33,33,33,33,34,33,34,34,34,34,34,34,34,34,34,35,35,35,35,36,36,37,38,40,41,43,136,219,220,197,183,178,184,182,174,174,178,182,184,185,182,179,177,180,167,168,169,156,153,154,151,152,154,152,151,164,165,165,188,182,170,169,170,168,168,164,166,168,167,161,158,158,156,150,141,141,138,138,138,142,150,154,152,149,144,148,145,153,151,143,137,128,126,125,144,182,185,175,170,155,161,152,157,153,151,152,155,156,158,155,162,161,163,153,153,151,148,155,147,142,143,146,142,141,139,142,144,153,180,193,99,73,64,63,61,60,60,60,59,59,59,60,59,58,58,57,57,56,55,55,53,50,50,45,45,44,42,40,38,36,35,34,33,33,33,32,32,32,31,31,32,32,32,32
37,35,35,35,35,34,34,34,34,33,33,33,33,33,33,33,33,33,33,33,33,33,33,33,33,33,33,33,33,33,32,33,33,33,33,34,34,34,34,34,34,35,35,35,36,36,36,37,38,40,41,41,82,167,217,197,188,182,182,186,177,175,177,179,184,185,182,178,180,175,171,165,164,156,151,155,154,145,146,162,159,157,165,167,179,176,167,169,169,172,173,180,187,185,178,164,163,162,161,152,145,144,147,146,144,146,153,159,145,145,156,171,192,195,184,168,157,145,135,132,137,171,184,174,174,162,161,157,142,143,147,151,141,150,155,158,155,153,148,157,149,142,142,155,151,146,141,146,146,144,144,146,145,158,190,191,83,67,63,62,62,60,60,60,59,60,58,61,59,59,58,58,58,56,54,55,53,51,50,46,45,44,41,38,38,36,35,33,33,33,32,33,32,32,31,31,31,32,32,32
36,35,35,35,34,34,34,34,34,34,33,33,33,33,33,33,33,33,33,32,33,33,33,32,32,33,33,33,33,33,33,33,33,33,34,33,34,34,34,34,35,34,35,35,35,36,36,37,38,39,41,42,56,134,218,192,189,184,183,179,178,177,181,180,184,186,182,180,178,173,171,163,162,158,160,158,154,145,153,151,161,166,168,168,174,179,169,169,178,194,212,233,240,240,220,205,172,161,159,155,151,150,151,149,153,151,154,153,152,160,201,214,245,245,241,213,193,174,157,151,146,164,179,175,168,162,154,149,151,146,145,149,149,143,140,151,146,142,147,152,153,155,148,147,153,143,145,147,148,150,145,147,149,165,180,183,87,67,62,61,62,58,59,60,60,59,59,60,58,59,58,57,57,56,54,54,53,53,49,46,46,42,41,39,38,36,35,33,33,33,33,33,32,32,32,31,31,32,32,31
35,35,35,35,35,35,34,34,34,34,33,32,32,32,33,33,33,33,32,33,32,33,33,33,32,33,33,33,33,33,33,34,34,33,34,34,34,34,34,34,34,35,36,35,36,36,37,37,38,39,41,42,70,112,200,195,197,188,184,185,182,179,181,179,183,187,183,183,184,172,167,165,160,166,160,161,151,147,148,155,158,167,165,166,176,182,175,183,209,232,230,225,230,216,219,231,240,198,167,158,161,163,163,156,155,158,156,161,186,244,253,246,242,240,226,224,226,220,189,162,155,170,179,177,175,169,163,157,152,158,144,148,143,144,139,145,136,143,139,144,137,148,138,146,152,141,142,147,149,149,146,145,157,185,185,148,83,65,62,61,61,59,59,59,59,59,59,60,59,59,58,57,57,56,55,54,54,52,49,47,46,43,41,39,38,36,35,33,32,33,33,32,33,32,32,32,32,32,32,31
35,35,35,34,34,34,34,34,33,33,33,34,32,33,34,33,33,33,32,33,32,33,33,33,32,33,33,33,33,33,34,34,34,33,34,34,34,34,34,34,35,34,35,35,36,36,36,37,38,39,40,41,46,81,186,194,200,192,184,181,181,179,177,178,186,186,181,179,183,175,173,166,155,169,159,159,148,150,155,149,158,167,170,166,170,184,187,200,221,231,226,228,234,244,250,251,250,232,203,178,176,175,176,178,173,176,175,176,206,245,249,244,238,231,224,219,215,205,202,175,167,183,178,179,172,163,163,163,158,148,147,149,145,148,146,147,142,143,141,128,137,145,138,149,153,146,145,150,152,149,148,152,172,194,190,156,67,65,61,61,61,59,59,59,59,59,59,59,58,58,58,57,56,56,54,55,54,52,49,46,46,43,41,39,37,36,34,33,33,33,33,33,32,32,32,31,32,31,32,31
35,35,35,34,34,34,34,34,34,33,33,33,33,33,34,33,33,33,33,33,33,32,33,33,33,32,33,33,33,34,34,33,34,34,34,34,34,34,34,34,35,35,34,35,36,36,36,37,38,39,40,42,48,63,155,189,208,201,186,184,185,182,179,183,185,182,184,186,182,177,179,168,160,167,163,156,153,152,151,158,154,167,167,164,165,184,198,209,213,209,202,214,221,221,221,231,221,191,183,201,187,176,183,187,183,182,183,176,178,206,218,217,204,187,177,171,179,188,193,176,175,191,178,176,169,167,164,158,152,154,155,154,150,150,153,158,155,144,138,129,130,137,140,150,148,150,143,145,153,152,151,157,186,200,190,152,73,65,62,60,60,60,60,59,58,58,59,59,59,59,58,57,57,57,56,54,53,51,49,45,44,44,41,39,38,36,35,33,32,33,33,32,32,32,32,32,32,32,32,31
36,35,35,35,34,34,34,35,34,34,33,33,33,33,33,33,33,33,33,33,33,32,33,33,33,33,33,34,34,34,34,34,33,34,34,34,34,34,34,35,34,34,35,35,35,36,36,37,38,38,40,42,47,65,127,193,211,209,197,189,190,188,180,181,183,185,188,187,180,179,179,173,170,165,162,165,158,156,151,153,161,167,163,165,169,184,197,201,204,188,128,172,173,187,197,196,182,158,158,185,201,185,186,186,183,193,197,184,168,164,167,165,161,158,161,159,168,175,176,181,203,192,176,176,176,174,169,166,160,162,160,158,152,155,154,157,154,152,142,142,133,141,141,147,147,145,151,147,154,157,156,157,202,206,162,126,66,63,61,60,61,60,60,60,59,58,59,58,60,58,58,57,56,55,55,53,54,51,49,46,45,43,41,40,38,36,35,33,33,33,32,33,33,32,32,32,32,31,32,32
35,36,35,35,34,34,34,34,34,33,33,33,33,33,34,33,34,34,33,33,34,33,33,34,33,33,33,33,33,33,33,34,34,34,34,34,34,34,34,35,35,35,35,35,36,36,36,37,38,38,40,41,43,47,105,201,210,219,221,193,186,189,183,178,179,186,184,185,179,177,177,170,174,165,165,168,162,162,157,165,170,172,170,173,183,193,197,199,194,190,199,170,181,181,180,175,164,158,165,180,200,200,189,184,195,217,225,214,203,182,170,161,149,154,165,171,173,177,192,204,194,183,178,175,167,171,173,174,170,165,155,155,158,155,152,160,153,151,150,140,140,143,140,155,155,155,147,154,156,163,167,171,198,193,165,109,65,62,61,61,60,61,60,59,60,59,59,58,59,58,58,57,57,56,54,54,53,52,49,47,45,43,42,39,38,36,35,34,33,33,33,32,32,32,32,32,31,31,32,31
36,36,36,35,34,34,34,34,34,34,33,33,33,33,33,33,34,34,34,34,34,33,33,34,33,33,32,34,33,33,33,34,34,34,34,34,34,34,35,35,35,34,35,35,36,36,36,37,38,39,40,41,43,59,65,202,228,224,224,197,190,193,189,181,178,177,181,184,178,176,174,182,181,169,173,168,163,169,166,169,163,167,174,178,184,188,202,207,208,188,191,197,201,197,200,201,203,206,205,208,209,209,197,196,205,211,220,215,215,214,212,204,203,192,197,214,215,214,204,189,190,184,178,175,174,169,175,177,175,168,166,165,154,162,160,154,163,153,155,141,141,146,138,154,163,151,156,161,166,161,180,197,194,191,189,92,64,64,61,60,60,60,60,59,59,59,60,59,59,58,58,57,56,55,55,54,53,53,49,47,44,43,42,40,38,36,35,33,33,33,32,32,32,32,32,32,31,31,32,32
36,36,35,35,35,35,34,34,34,33,33,33,34,33,33,33,34,34,33,33,33,33,34,34,34,33,33,33,33,33,34,34,35,34,34,35,34,35,35,35,35,35,35,36,36,36,36,37,37,39,40,42,44,48,65,177,224,203,228,209,196,191,192,184,181,182,182,182,181,176,177,190,192,177,167,164,160,158,169,169,172,175,177,180,182,186,191,202,211,219,220,220,210,212,216,221,217,215,200,201,209,206,204,203,202,199,199,201,209,210,208,208,205,200,202,200,197,192,187,173,175,171,174,175,175,181,176,176,175,167,173,175,167,174,171,153,153,147,143,140,147,135,139,145,165,155,158,167,163,165,193,205,203,200,156,86,77,68,62,60,60,61,60,59,60,59,59,59,58,58,58,58,57,56,54,54,53,51,48,46,44,43,41,40,37,36,34,34,33,33,32,32,32,32,32,32,32,31,32,32
36,36,36,35,35,35,34,34,33,33,33,33,34,33,34,33,34,34,34,33,33,33,33,33,34,34,33,34,33,34,34,34,34,34,34,35,34,35,35,35,36,36,36,35,36,36,36,37,37,38,40,41,43,43,53,130,224,219,224,217,197,198,187,190,185,189,187,187,183,182,186,186,193,180,163,170,175,176,176,177,177,180,180,181,179,183,185,194,200,205,205,206,208,208,209,214,205,202,202,202,203,205,201,192,198,196,201,192,202,204,199,204,198,202,201,196,186,183,182,181,179,175,174,176,174,180,176,171,172,172,176,179,165,169,173,158,160,152,150,143,143,138,149,150,162,158,161,172,160,167,201,219,208,187,127,77,75,62,61,62,60,59,60,60,58,60,59,58,58,58,58,57,57,57,55,54,52,51,48,46,44,43,41,39,37,36,35,34,32,33,33,32,32,32,32,32,32,31,32,32
36,36,36,36,35,35,34,34,34,33,33,33,34,34,34,34,34,34,33,32,32,33,33,34,33,33,33,33,34,34,34,34,34,35,35,35,34,35,35,36,35,36,36,36,36,36,36,37,37,38,39,41,42,43,48,104,217,225,234,214,200,200,187,183,184,193,187,181,182,176,179,190,193,176,172,176,168,177,184,177,179,182,181,182,182,183,188,190,197,198,203,205,205,207,205,212,209,204,205,193,196,189,197,193,203,197,196,199,205,182,197,194,194,195,192,200,192,192,182,182,183,176,173,173,175,177,172,166,174,171,178,177,172,162,163,169,171,159,146,148,142,153,162,161,158,155,168,175,161,181,210,220,211,181,101,73,63,62,62,62,59,59,60,58,58,58,58,58,57,58,58,57,57,56,54,54,52,51,48,45,43,42,41,39,38,36,35,33,33,32,32,33,32,32,32,32,32,32,32,32
36,36,36,36,35,35,35,35,34,34,33,33,34,34,34,34,34,34,33,34,33,34,34,34,33,34,34,33,34,34,34,34,34,35,35,35,35,35,35,36,36,36,36,36,36,36,37,37,37,38,39,40,41,43,45,77,209,221,226,233,213,197,208,195,186,193,188,188,187,184,181,188,186,186,176,177,178,180,180,176,183,182,184,185,182,188,184,189,200,204,204,207,206,217,201,196,199,213,208,188,187,184,196,176,201,201,193,201,206,195,196,178,193,185,194,197,196,201,195,191,195,182,182,181,176,176,181,172,182,165,177,167,171,175,173,180,167,158,161,145,138,140,145,154,169,166,170,172,165,185,209,227,210,169,83,71,62,62,61,60,59,60,61,58,58,58,59,58,58,58,57,57,56,55,54,53,51,50,48,46,44,42,41,40,38,36,34,34,33,32,33,33,32,32,32,32,32,32,31,32
36,36,37,36,35,35,35,35,35,34,34,34,34,33,34,34,34,34,34,34,34,34,34,34,33,34,34,33,34,34,34,34,34,35,35,35,35,35,36,35,36,36,36,36,36,37,37,37,37,38,38,40,41,42,44,70,172,231,233,237,227,206,207,201,188,194,193,196,196,189,175,173,194,184,184,191,187,184,182,184,189,188,186,187,184,189,181,190,198,210,203,203,206,217,196,201,202,211,199,183,192,183,200,197,184,206,202,203,204,209,192,187,198,189,191,200,187,196,202,202,208,187,178,184,199,190,186,180,186,192,175,168,171,182,174,164,168,166,158,151,142,153,147,153,162,159,161,171,168,211,214,227,208,166,80,62,63,60,60,58,59,59,60,59,59,58,60,58,58,58,57,57,56,55,54,53,52,50,47,46,44,42,42,40,37,36,34,34,33,32,32,32,32,32,32,32,31,31,32,31
36,36,36,36,35,35,35,35,34,34,34,33,33,34,34,34,34,34,34,33,33,33,34,34,34,33,34,34,34,34,34,34,35,35,35,35,35,36,36,36,36,37,37,37,37,37,37,37,37,38,38,40,41,42,44,53,154,213,233,236,226,205,217,209,190,197,202,197,202,195,174,191,197,195,198,190,194,192,196,192,185,198,189,192,200,193,193,192,201,215,206,216,219,208,201,210,211,190,195,188,191,178,206,207,190,209,202,213,194,200,198,209,216,208,180,187,188,189,191,194,204,187,166,172,202,205,201,181,197,205,176,167,169,175,172,172,169,174,178,174,146,150,154,149,164,164,164,172,184,212,214,224,211,146,74,62,62,60,60,58,60,57,60,59,59,59,58,58,58,57,57,57,56,55,54,53,52,49,48,45,44,42,40,38,37,36,35,34,33,32,34,32,32,32,32,32,32,32,32,32
36,36,36,36,35,35,35,35,35,34,34,34,34,33,34,34,34,34,34,34,34,34,34,34,34,35,34,34,35,34,35,34,35,35,35,35,35,36,36,36,36,36,36,37,36,37,37,37,38,37,38,40,41,42,45,51,104,225,237,233,224,205,203,202,194,196,198,201,198,190,196,195,210,197,191,195,199,207,207,199,197,197,194,199,205,198,200,194,205,204,213,214,218,205,215,223,206,199,208,206,198,183,205,195,191,194,198,207,207,193,196,217,209,211,206,201,202,196,189,184,197,194,168,190,192,201,203,193,201,211,200,177,168,176,189,179,182,179,177,171,166,141,155,147,171,161,167,178,197,221,218,228,210,124,74,61,60,60,60,58,60,59,60,59,59,59,58,58,58,58,57,58,57,55,54,53,52,49,48,45,44,42,40,39,37,36,34,34,33,33,33,33,32,32,33,32,32,32,32,32
36,36,35,35,35,35,36,35,34,34,34,34,34,34,34,34,34,34,34,34,34,34,34,34,35,35,35,35,35,34,35,35,35,35,35,35,35,36,36,36,36,36,36,37,36,37,37,37,37,38,39,40,42,43,45,48,83,219,219,217,232,213,199,200,194,196,187,193,189,191,198,202,195,188,206,196,205,211,220,208,203,198,194,206,211,199,193,190,185,214,224,228,222,215,226,211,212,198,231,229,207,203,217,206,200,197,205,227,214,184,197,184,200,214,205,200,172,195,189,187,200,199,177,173,207,214,203,191,202,206,190,197,194,189,194,192,191,195,191,173,174,147,131,144,164,147,176,185,208,227,216,219,160,96,66,62,60,61,60,58,58,59,59,59,60,58,59,58,58,57,57,56,57,54,54,54,52,49,47,45,44,42,40,39,37,36,35,33,33,33,34,33,33,32,32,32,32,32,32,32
37,36,36,36,35,35,35,35,34,34,34,34,34,34,34,35,35,34,34,34,34,34,34,35,35,35,35,35,34,34,35,36,36,36,36,35,36,36,36,36,37,36,36,37,37,37,37,38,39,39,40,40,42,44,45,48,63,168,219,219,233,214,203,202,203,204,189,201,198,199,202,201,207,199,204,198,211,211,217,211,191,190,197,200,204,196,192,203,191,197,227,231,231,222,230,201,208,209,230,218,201,214,218,205,221,203,199,236,206,208,183,212,202,202,215,188,164,213,194,196,200,191,180,180,196,202,185,173,194,211,204,187,198,178,190,188,190,195,186,191,181,160,146,154,168,155,184,198,212,210,212,214,136,68,60,61,60,60,60,59,58,59,59,59,59,59,58,59,57,59,57,58,56,55,54,53,52,50,47,46,44,42,40,39,37,36,35,33,33,33,33,33,34,33,32,32,32,31,32,32
37,36,36,35,35,36,35,35,35,35,35,35,35,35,35,35,35,34,34,34,34,34,34,34,35,35,35,35,35,34,35,36,36,36,36,36,36,36,36,36,37,37,36,38,38,39,38,39,40,40,41,41,43,45,47,50,59,138,218,215,229,221,205,205,210,206,190,193,198,195,197,202,207,202,197,194,210,211,215,203,182,205,200,200,196,195,195,222,192,190,226,217,223,227,214,221,207,212,232,220,191,218,220,205,214,209,222,223,222,212,204,213,217,212,204,192,181,227,214,200,208,196,184,190,198,204,186,168,182,218,201,194,183,210,172,191,183,197,186,188,175,170,173,175,171,163,189,200,224,220,228,204,125,84,61,61,61,59,59,59,58,59,58,58,59,58,59,58,57,57,57,56,56,55,53,54,51,50,47,47,43,42,40,38,37,36,34,34,33,33,32,32,33,33,32,32,32,32,32,32
37,37,36,36,35,35,35,35,35,35,35,35,35,35,35,35,35,34,34,34,34,35,34,34,34,34,34,35,35,35,35,36,36,36,36,36,36,37,37,36,36,36,38,39,39,40,40,40,40,41,41,43,45,46,47,51,54,120,221,212,234,222,212,208,191,193,187,198,196,194,199,207,205,195,216,221,209,219,209,189,197,211,213,207,197,196,218,234,198,211,224,226,225,219,204,225,213,208,219,200,206,208,224,224,218,226,218,225,232,213,206,217,220,211,199,199,189,225,216,214,198,213,196,202,196,210,189,196,192,214,201,191,189,206,170,200,194,197,197,196,172,165,164,182,164,167,177,185,222,214,219,184,122,73,61,61,60,59,59,59,58,59,58,60,58,58,59,57,57,57,58,57,57,55,53,53,51,49,46,46,43,42,40,38,37,36,35,34,33,33,34,33,33,33,32,32,32,32,32,32
37,37,36,38,36,35,35,35,35,35,35,34,36,35,35,35,35,35,35,34,35,35,35,35,35,35,35,35,35,35,35,36,36,36,36,37,37,37,37,37,38,38,39,40,40,40,41,41,41,42,42,44,45,47,49,51,52,71,189,219,230,221,216,206,193,181,192,204,196,197,215,178,173,192,229,174,201,209,209,179,200,209,209,186,205,192,221,234,215,202,224,223,227,220,209,211,204,197,199,195,207,195,223,225,217,225,210,195,210,201,196,198,196,201,180,184,217,223,222,213,206,202,207,191,202,210,191,204,203,204,186,189,173,214,179,199,191,200,202,190,173,162,169,166,175,183,198,183,209,217,186,186,118,68,68,63,59,59,59,61,59,59,58,59,59,59,58,57,57,58,56,56,55,54,54,53,52,48,48,44,43,42,40,38,36,35,34,33,34,33,33,33,33,33,32,33,32,32,32,32
37,37,37,37,36,36,36,35,36,35,36,36,36,36,35,36,36,36,36,36,36,36,36,35,36,36,36,36,36,36,36,36,36,36,37,37,37,37,38,39,39,40,40,40,41,41,42,42,42,43,44,44,47,48,50,52,54,69,150,221,217,224,212,211,204,189,205,220,209,202,209,161,198,210,212,172,196,208,196,209,202,217,219,183,205,190,235,227,209,217,222,219,213,190,204,190,181,170,174,175,179,174,196,199,194,196,178,164,167,173,171,162,168,172,179,186,202,219,220,195,218,199,217,180,189,193,218,189,208,191,159,181,180,165,170,206,204,201,201,194,182,183,177,175,172,192,199,208,212,190,190,160,87,71,60,61,59,60,60,59,59,59,59,59,59,58,59,58,57,57,57,56,54,54,54,52,50,49,47,44,43,42,39,38,36,36,34,33,33,33,34,33,33,33,33,33,32,32,32,33
37,37,36,37,36,36,37,35,36,35,36,36,36,36,36,36,36,36,36,36,36,36,36,36,36,36,36,37,36,37,37,37,37,37,38,38,38,39,40,40,40,41,41,42,42,42,42,41,43,44,45,48,48,50,52,54,58,71,120,205,225,234,222,229,219,195,205,215,212,205,213,170,192,203,204,182,208,211,200,183,207,223,209,222,183,207,228,222,217,217,212,211,186,186,172,159,155,153,143,147,151,145,167,169,159,153,142,143,140,141,143,143,142,145,147,155,172,191,191,194,203,199,220,177,167,186,206,207,207,201,161,184,188,190,187,194,192,202,201,193,182,192,198,175,188,202,210,212,225,181,179,114,71,60,61,59,59,59,59,58,59,58,59,59,59,58,59,57,57,57,55,55,54,54,53,52,49,48,47,45,44,41,40,38,36,36,34,34,33,33,33,33,33,33,33,32,32,31,32,32
38,37,37,37,36,36,36,36,36,36,36,35,35,36,35,36,36,37,36,36,38,37,37,36,36,36,36,37,37,38,38,38,39,39,39,39,40,40,41,41,42,43,42,43,42,44,45,46,48,48,49,50,52,53,55,57,60,60,87,169,225,231,212,217,229,208,204,208,212,203,192,201,192,199,196,203,220,201,183,200,213,201,220,217,199,202,217,207,218,203,191,182,168,164,157,161,159,160,154,148,133,121,125,126,123,112,132,139,151,153,160,162,162,157,151,148,149,143,147,154,167,192,194,172,182,207,199,199,196,191,153,193,196,191,183,170,188,183,199,200,176,173,199,181,193,225,219,203,214,182,185,112,60,60,60,60,59,59,59,59,58,58,59,58,59,58,59,57,57,56,54,55,55,55,53,51,50,48,47,45,43,41,40,39,37,36,35,34,34,33,33,33,33,33,33,32,32,32,31,31
38,37,37,36,36,37,36,36,37,36,36,35,36,36,36,36,36,37,36,37,38,36,37,37,37,37,38,38,38,39,39,39,39,40,40,40,41,41,42,42,42,44,44,45,45,47,47,50,50,51,52,53,55,56,58,59,61,65,80,155,221,217,208,220,228,216,204,200,209,206,200,211,205,173,182,208,206,204,178,201,191,211,222,204,200,216,206,201,194,178,162,162,166,173,171,173,177,175,177,174,168,158,141,123,129,141,150,157,157,156,156,154,156,154,151,154,157,153,144,130,138,151,164,171,192,199,218,208,202,203,179,182,180,181,179,198,186,198,190,196,165,184,190,162,188,213,223,218,204,173,179,114,60,60,60,61,59,58,58,58,58,58,59,57,58,57,58,58,57,56,55,54,55,54,52,51,51,48,46,44,42,41,40,38,37,35,35,35,34,33,33,33,33,33,32,33,33,32,32,32
38,37,37,37,37,37,38,37,38,37,37,37,36,37,37,36,37,37,37,37,38,38,38,38,38,39,39,39,40,40,40,40,41,41,41,42,42,44,44,44,45,46,46,47,48,50,51,52,53,53,55,57,58,60,63,63,63,69,72,127,206,202,214,227,224,224,208,205,201,209,214,193,212,188,200,212,193,194,177,192,217,222,225,209,210,209,190,180,168,160,165,168,169,171,168,168,171,175,173,172,174,165,161,146,144,146,147,153,153,152,151,148,148,148,151,151,152,152,152,151,139,129,138,155,169,197,200,205,222,184,189,172,215,161,167,191,195,188,201,186,166,178,203,178,171,213,215,214,195,188,126,65,63,62,62,60,60,59,59,59,58,58,58,59,58,57,58,58,56,56,54,53,52,52,52,50,49,47,46,42,42,41,40,37,36,35,34,34,34,33,33,33,34,33,33,32,33,32,32,32
39,39,39,39,38,38,38,38,38,38,38,38,39,38,38,38,38,38,38,38,39,38,39,39,39,40,40,40,41,41,42,41,41,42,42,43,44,45,46,47,47,49,51,52,52,53,54,55,56,57,59,60,62,64,65,66,67,70,71,116,206,208,219,225,222,226,213,215,206,192,194,225,210,184,220,209,205,202,188,179,218,234,227,210,207,191,171,163,162,166,172,171,172,168,164,166,167,173,174,174,182,172,163,156,151,150,151,157,157,159,156,149,149,152,154,153,154,144,148,154,161,153,139,142,151,184,203,197,228,209,192,174,193,183,184,199,196,216,202,200,164,170,184,167,171,204,208,206,211,179,89,66,65,64,63,62,61,60,60,59,58,59,58,58,57,57,58,56,57,57,54,54,53,52,52,52,49,47,46,43,42,41,39,37,37,35,35,35,34,33,33,33,33,33,32,33,33,32,33,32
39,39,39,39,39,39,39,38,39,39,39,39,39,39,39,38,39,39,39,39,39,40,40,40,40,41,40,41,42,42,42,42,43,43,44,45,46,48,49,49,52,53,54,55,56,57,59,59,59,61,62,64,66,67,69,70,70,77,73,116,185,199,211,208,220,230,224,217,213,194,203,225,207,166,213,216,209,217,186,202,222,229,218,196,203,185,166,166,174,175,173,174,170,168,165,167,167,172,177,178,187,181,172,165,157,155,159,163,164,166,168,165,163,164,156,156,156,153,152,149,152,163,154,149,146,178,178,211,222,204,210,197,194,187,183,197,214,215,200,195,181,186,186,146,204,225,191,200,220,175,90,67,66,66,65,63,62,62,61,60,59,59,59,59,58,58,57,57,56,56,54,54,53,51,51,50,50,47,46,43,42,39,38,38,36,35,34,35,34,33,33,33,33,33,32,33,33,32,33,32
40,40,40,40,39,40,40,40,40,39,39,39,39,39,40,41,41,41,40,40,41,41,41,42,41,41,42,42,42,43,45,45,47,46,47,48,51,53,52,53,56,57,59,59,60,63,63,63,63,64,67,69,70,71,73,73,75,79,79,82,161,191,198,215,219,226,213,210,205,210,216,208,204,185,192,206,215,214,194,221,223,219,199,186,195,168,167,170,172,179,179,176,176,170,170,169,172,174,180,185,188,186,178,173,167,167,165,173,178,182,181,184,178,173,172,167,167,166,163,159,151,160,165,162,160,179,172,211,216,213,215,218,196,183,198,201,204,208,222,194,201,203,198,185,209,217,197,209,222,184,122,69,67,67,65,64,63,63,62,62,60,61,59,59,59,56,58,57,57,56,55,54,53,53,52,50,50,46,45,43,40,40,39,37,36,35,34,34,33,33,33,32,33,33,33,33,33,32,32,32
41,41,41,41,40,40,41,40,40,41,41,40,40,40,40,41,41,41,41,41,41,42,42,43,44,44,43,44,45,47,48,50,49,51,53,52,54,54,55,58,60,62,62,63,64,64,65,67,68,71,72,73,73,75,77,76,79,81,83,87,136,176,210,218,226,227,219,210,215,211,195,203,190,176,209,206,203,222,230,212,215,201,186,181,181,168,174,179,180,182,185,185,177,180,180,182,181,185,189,192,195,191,186,185,183,181,181,184,189,189,189,195,192,189,189,187,181,180,178,173,169,172,175,176,176,183,187,200,208,212,218,230,192,193,166,219,210,176,210,194,214,193,194,207,211,215,196,215,179,128,88,81,77,75,67,66,64,64,63,63,61,61,60,60,58,58,57,58,57,57,55,54,53,52,50,50,49,46,44,42,40,40,38,37,36,35,35,34,34,33,33,33,33,33,33,33,32,32,32,33
41,42,41,41,41,41,41,41,41,42,42,42,42,41,42,42,42,43,44,42,43,43,43,45,46,45,47,46,48,50,49,51,53,53,56,57,59,59,61,63,64,65,65,68,69,68,69,70,72,73,75,76,79,81,81,81,82,85,88,91,120,181,224,223,212,221,219,213,220,239,165,202,196,181,188,205,218,227,214,221,209,189,188,181,174,173,178,184,184,183,189,190,182,191,193,194,196,196,200,207,204,199,195,196,196,190,189,193,191,194,196,196,198,199,202,196,191,189,186,184,189,190,193,201,206,210,208,208,201,204,208,222,187,167,207,200,195,204,201,207,211,216,202,177,198,219,206,218,142,103,81,74,72,70,70,68,66,64,64,63,63,61,62,61,61,59,59,58,57,57,54,54,54,51,50,50,47,45,44,43,41,39,38,37,36,35,35,34,34,34,34,33,32,33,33,33,32,33,31,32
42,42,43,42,42,42,42,42,43,43,43,43,43,43,44,44,45,45,46,45,45,46,46,47,49,50,52,51,52,53,55,58,58,60,59,61,60,64,65,67,70,69,72,73,73,75,77,78,82,82,82,84,84,84,86,91,92,92,89,93,116,200,213,230,215,233,221,218,217,226,181,200,179,200,200,200,221,228,217,210,199,195,195,191,188,192,196,197,195,190,188,196,196,204,202,195,198,188,201,212,199,182,177,193,190,191,200,202,197,182,197,192,197,190,193,189,187,189,190,202,205,205,222,233,230,226,215,209,219,205,205,211,218,211,206,212,205,205,197,191,186,197,207,195,183,207,219,189,141,86,95,84,77,74,72,71,68,68,66,67,65,64,64,62,62,61,59,58,58,57,55,53,53,51,50,49,47,45,43,43,40,39,38,37,35,35,35,35,34,34,34,33,33,32,32,32,32,32,32,33
43,43,44,43,43,44,44,44,44,44,44,44,44,44,45,45,46,46,47,47,48,49,50,51,53,54,54,55,56,58,60,61,62,62,64,66,67,69,71,72,74,75,77,79,80,81,81,82,84,83,87,92,98,109,117,128,130,115,97,124,181,204,210,212,233,226,225,207,221,215,170,182,201,202,205,213,214,224,210,197,196,205,211,215,214,219,218,216,214,210,207,219,209,220,208,195,200,190,186,204,194,183,181,192,201,198,197,195,194,190,194,194,187,185,184,175,178,187,182,191,199,222,225,212,201,201,203,208,222,212,207,208,223,212,204,230,229,229,220,197,213,205,209,193,194,205,201,162,120,98,82,85,79,77,77,74,73,71,70,69,68,67,65,65,63,62,61,60,58,57,55,55,53,50,51,49,46,45,43,41,41,39,39,37,36,35,35,34,35,34,33,33,34,33,33,33,32,32,32,32
45,45,45,45,45,46,46,46,46,45,46,46,47,47,47,48,48,49,50,50,51,52,53,55,56,58,57,58,61,63,64,66,67,68,70,70,72,74,78,76,78,79,79,84,85,89,94,95,99,103,103,109,124,140,119,100,93,95,121,192,180,180,191,213,231,210,198,196,211,194,207,173,194,221,207,212,218,225,212,206,210,217,221,223,228,232,226,217,205,217,210,209,210,208,186,187,191,202,203,202,196,193,189,191,192,189,193,186,184,188,180,182,179,181,174,170,166,177,175,190,210,207,199,182,173,174,177,183,204,206,207,209,223,227,210,216,224,225,203,192,208,207,197,184,200,201,179,146,96,88,86,85,82,80,80,76,76,75,74,71,72,70,68,66,66,65,61,61,60,59,56,55,53,51,51,49,45,43,42,42,40,38,38,37,35,35,35,35,34,34,34,33,34,33,33,33,33,33,33,32
46,46,46,47,47,46,46,47,47,49,49,49,49,50,50,50,51,52,53,54,55,56,58,59,60,61,62,64,65,68,69,71,72,73,75,76,76,79,80,78,81,86,92,97,104,111,112,113,106,97,106,125,136,100,96,94,93,102,181,206,168,160,172,241,219,215,207,199,205,195,219,217,189,219,209,204,229,224,225,218,219,213,208,208,213,221,224,224,218,211,199,200,201,189,169,188,188,195,187,185,184,180,175,179,185,179,177,183,178,178,177,164,174,169,165,172,168,172,185,183,184,183,165,154,158,160,172,181,196,213,212,208,217,221,225,225,214,198,191,200,210,217,205,210,219,206,173,135,94,88,88,86,84,83,83,81,79,78,77,74,75,72,70,70,67,67,65,63,61,59,58,55,53,52,50,49,44,43,41,41,40,38,37,37,35,35,35,35,34,33,34,34,33,33,33,34,33,33,33,32
48,48,48,49,49,49,50,50,49,50,50,51,52,53,55,56,54,55,56,58,58,59,62,64,65,66,66,70,71,73,73,75,77,78,80,80,83,85,87,93,98,99,97,97,105,113,115,110,100,102,114,139,106,96,96,94,92,116,212,196,179,190,183,233,207,233,211,203,214,181,217,231,199,218,207,209,222,210,219,217,217,206,203,197,198,199,202,208,206,209,197,197,195,183,173,176,175,174,182,174,171,165,165,181,179,168,167,169,163,168,169,160,167,161,160,166,167,175,177,174,165,151,144,148,157,175,181,185,190,206,221,219,224,226,227,232,223,215,207,194,196,195,180,212,225,200,153,95,84,93,91,90,88,86,85,83,82,81,79,77,77,75,74,73,70,70,68,67,64,62,60,57,54,52,51,48,45,43,41,41,39,39,36,37,36,35,35,35,34,32,33,33,33,33,34,33,33,33,33,33
50,50,51,52,51,51,52,53,53,54,52,53,54,55,56,56,57,60,62,63,63,64,66,67,68,69,71,74,76,78,80,81,82,82,85,94,98,102,103,104,105,104,100,97,104,111,113,108,102,107,119,133,95,92,92,91,90,129,219,208,208,177,183,229,225,210,194,211,224,199,231,228,209,217,218,235,222,210,218,217,207,203,193,193,193,187,185,188,192,199,194,195,194,185,178,180,173,173,171,166,163,161,164,182,179,171,156,161,154,158,163,157,163,161,161,162,168,176,169,155,135,135,148,158,163,176,180,179,187,202,218,230,224,235,232,232,220,218,213,183,199,221,227,192,197,186,126,94,98,97,93,94,92,89,87,86,85,84,83,82,81,79,78,76,73,73,70,70,68,66,63,60,58,54,52,50,47,44,43,43,41,40,40,38,36,36,35,35,36,34,34,34,33,33,33,33,34,33,33,32
52,52,53,54,54,55,55,55,55,56,56,56,57,59,59,60,61,63,63,64,66,67,68,71,74,76,78,80,82,85,85,89,96,101,104,106,106,107,105,106,107,107,105,102,107,109,108,105,103,108,127,123,94,92,92,91,90,137,218,213,210,189,184,204,220,191,209,207,186,206,222,218,216,191,218,219,211,217,220,221,208,209,199,190,186,181,178,180,183,189,192,189,188,178,182,174,169,173,168,161,159,161,158,170,169,163,148,150,148,149,153,149,155,154,168,160,161,158,142,129,136,146,155,161,165,170,182,184,200,208,204,214,208,230,233,231,216,229,213,205,209,228,226,211,200,152,127,98,100,98,95,97,92,94,91,89,89,86,86,85,85,82,81,80,78,76,74,73,72,69,68,64,64,61,55,53,48,45,46,44,42,41,41,39,38,37,37,36,36,34,35,34,34,33,33,34,33,33,33,33
55,56,56,55,56,57,59,59,58,59,58,59,61,62,62,64,66,68,69,70,70,72,75,79,79,82,85,88,92,95,100,101,102,102,105,109,109,109,106,107,108,107,106,106,110,108,105,103,103,108,131,114,91,91,91,89,87,134,216,214,207,197,173,192,173,215,204,195,194,214,219,218,196,197,211,226,227,221,217,212,215,212,203,193,186,184,179,180,181,177,180,179,179,175,176,171,168,170,155,160,157,155,155,162,164,152,150,146,145,146,147,145,148,149,152,153,150,130,130,144,152,160,159,162,164,172,175,184,190,195,214,197,193,217,238,235,228,217,215,215,222,209,217,199,191,153,111,77,90,102,102,92,89,95,95,96,92,91,89,89,85,86,85,81,80,80,76,77,75,74,70,69,67,65,60,57,53,51,49,45,44,43,42,39,39,38,37,37,36,36,35,35,35,34,33,33,34,34,34,34
57,58,58,58,57,58,60,60,61,61,62,62,64,65,67,69,69,71,71,72,76,78,79,82,85,90,100,102,103,105,105,104,104,99,106,112,113,110,108,106,106,107,106,107,109,108,105,103,103,108,131,110,88,90,90,88,86,114,217,214,213,194,188,174,173,183,190,209,190,212,207,197,205,220,207,207,224,208,210,198,209,211,201,192,183,187,181,181,182,172,175,171,172,172,173,167,169,164,154,158,156,145,144,155,150,144,141,135,142,148,145,143,146,148,146,139,134,146,152,168,170,169,166,162,165,165,167,167,184,188,199,204,200,214,225,228,224,196,224,212,203,217,183,164,159,128,112,84,64,78,85,85,83,76,86,92,98,96,94,93,89,89,87,87,83,81,81,78,77,76,73,73,68,68,64,61,57,55,52,50,47,44,41,41,39,38,38,37,37,36,36,35,34,35,34,34,33,34,34,34
60,60,61,61,61,62,63,62,62,60,63,65,66,68,69,71,73,73,74,78,80,85,91,96,103,103,103,104,105,107,106,106,103,97,105,115,115,109,106,103,104,105,107,108,109,108,105,104,101,107,126,111,86,88,88,87,86,100,207,216,216,193,202,169,173,187,193,189,173,211,203,200,204,225,192,228,209,218,210,218,217,217,200,194,187,185,187,188,186,172,173,171,172,171,171,167,166,160,153,149,153,143,132,148,138,146,149,141,143,147,146,145,145,142,143,150,162,165,170,172,176,175,170,170,166,170,170,160,176,173,191,204,214,212,226,220,182,191,209,188,193,199,177,170,170,150,113,99,70,70,81,84,81,80,74,78,89,94,95,95,92,94,91,89,85,86,83,81,82,80,76,75,73,70,67,63,62,62,59,55,52,48,45,42,39,40,39,38,38,37,36,36,36,36,35,36,34,35,34,35
62,62,64,64,65,65,65,66,67,68,69,69,71,72,74,73,77,78,83,90,98,106,105,110,105,103,102,102,106,107,107,106,102,96,105,117,117,111,105,101,102,103,107,109,109,109,105,103,99,104,121,120,85,86,87,85,85,92,182,217,218,194,199,197,129,179,190,175,176,197,185,197,175,197,195,205,205,211,209,214,224,212,202,197,192,188,188,189,188,184,177,174,168,172,173,171,168,164,159,152,156,153,149,152,150,154,159,159,158,160,156,156,160,161,170,177,186,180,184,186,177,170,165,162,166,170,173,170,183,169,188,207,207,208,215,217,208,192,202,198,210,169,185,180,120,94,105,122,85,68,78,78,82,81,79,75,78,90,97,93,88,94,93,95,91,88,87,85,85,83,80,77,76,74,71,68,65,64,62,62,58,54,50,47,44,42,40,40,39,38,37,36,36,37,36,36,35,35,35,36
65,65,66,67,67,68,69,69,70,71,72,72,73,74,75,78,83,90,105,115,119,117,113,109,105,103,100,99,106,108,107,105,100,92,102,116,118,111,105,102,102,104,106,109,110,109,106,100,97,103,115,123,84,83,85,84,85,87,143,219,219,195,199,188,160,180,209,164,145,195,164,168,200,206,202,178,178,185,198,234,238,215,206,200,193,190,189,191,188,192,186,187,184,178,176,171,170,171,169,164,164,167,170,169,168,170,170,169,166,167,169,172,177,180,184,190,177,193,190,179,174,176,173,171,176,176,180,181,181,170,185,215,206,190,190,213,223,198,218,195,178,174,183,155,103,79,91,133,90,73,70,71,88,87,82,80,79,81,82,84,84,80,81,88,91,91,91,89,88,86,82,80,79,75,74,71,69,68,64,63,61,57,54,51,48,46,46,43,40,40,39,38,37,37,36,36,37,36,36,35
66,67,68,70,70,71,72,72,73,74,74,75,77,82,91,96,96,96,114,125,126,120,112,106,105,104,101,99,104,108,106,103,98,90,101,116,118,111,104,102,101,103,105,109,111,109,103,95,91,98,109,129,85,81,84,82,83,83,103,211,216,197,197,191,180,151,215,148,167,195,134,158,183,212,196,145,162,174,190,224,217,217,209,200,192,196,189,186,187,189,191,195,200,188,190,178,180,177,175,173,174,177,190,187,189,194,197,204,206,195,198,196,189,199,206,194,171,184,182,177,182,182,176,177,180,181,189,182,172,178,173,207,200,190,212,197,194,175,189,178,191,157,139,119,76,81,90,128,93,75,68,72,91,88,84,81,81,80,83,80,77,78,82,78,85,89,92,92,91,88,85,84,82,78,76,73,72,70,68,66,63,62,58,55,54,52,50,47,44,44,41,41,40,39,39,37,38,37,37,38
69,70,71,72,73,73,73,73,76,79,88,97,107,110,110,107,98,96,117,129,129,122,113,107,106,105,103,100,102,105,105,101,95,87,101,113,115,109,103,101,101,102,104,110,112,109,103,95,91,97,103,127,91,79,78,79,80,81,88,169,219,198,197,203,172,152,176,159,158,172,140,141,168,192,152,152,179,192,168,191,212,199,205,203,197,199,195,190,185,184,186,190,196,186,180,187,198,201,209,195,204,213,207,207,217,199,200,201,211,204,203,202,201,200,197,192,190,182,181,182,177,188,173,170,180,174,188,186,166,194,192,196,192,185,193,192,181,151,175,174,164,143,126,101,74,76,87,123,97,74,69,76,87,88,84,82,82,82,82,85,80,77,86,81,75,86,91,92,90,90,90,88,84,83,80,78,74,73,71,69,68,65,61,59,57,56,54,52,49,49,48,45,44,41,40,40,39,39,38,38
72,72,73,75,78,83,86,91,104,112,111,111,111,112,114,110,97,97,119,131,131,125,117,109,108,105,103,99,100,105,104,99,93,86,101,110,113,108,102,101,100,100,104,109,111,108,103,95,88,91,97,116,108,77,76,77,77,81,88,116,221,204,196,199,190,169,150,148,152,166,162,153,169,187,140,169,182,159,186,227,228,219,213,207,199,200,195,194,194,182,177,181,188,185,186,188,194,197,203,187,200,201,199,198,195,193,194,196,198,192,201,199,182,186,181,185,178,181,181,188,186,191,183,178,192,169,180,150,154,178,204,172,171,198,194,136,168,168,147,181,137,137,109,71,74,73,80,113,101,76,68,83,88,86,83,83,83,84,78,84,77,77,82,92,84,69,76,84,87,83,87,87,88,83,82,81,78,76,72,70,71,66,64,60,59,59,57,56,54,53,50,48,47,46,44,42,42,41,41,39
80,85,90,95,100,102,103,113,117,115,115,116,118,120,119,113,96,101,123,134,133,128,118,110,107,106,103,101,101,103,103,99,92,85,98,109,110,105,101,100,99,99,103,111,110,107,102,95,86,87,91,105,121,77,73,74,76,80,80,89,186,209,194,198,202,196,156,129,132,131,141,125,148,165,173,181,147,182,216,231,228,213,218,210,194,191,190,192,192,181,177,181,187,190,188,190,182,183,187,190,187,190,190,192,189,190,183,181,194,184,192,193,193,193,189,188,179,180,178,190,185,186,172,166,186,186,183,180,182,177,194,147,142,141,165,130,155,164,134,119,129,107,82,73,70,71,77,106,101,78,71,78,89,85,83,83,85,84,84,77,75,78,73,89,95,77,68,71,71,76,76,76,82,86,87,84,82,81,80,74,76,70,67,62,63,62,59,58,56,54,53,52,51,51,50,46,46,45,44,42
99,103,105,108,111,112,112,116,120,117,116,119,120,121,120,114,93,104,126,134,133,127,121,114,109,107,105,101,100,102,103,99,93,85,94,107,107,105,99,97,97,97,104,111,110,106,103,97,88,86,85,95,122,90,72,72,74,78,78,79,125,212,200,195,198,200,200,192,143,128,142,132,129,147,160,149,144,190,199,174,172,186,208,204,195,188,197,195,190,183,183,185,191,187,185,181,178,180,179,181,186,175,180,178,179,182,184,176,180,181,185,187,190,190,189,186,184,181,180,183,182,181,178,179,190,202,178,170,160,174,169,174,139,128,143,138,124,118,121,115,145,108,72,70,68,68,75,108,100,76,77,79,86,85,84,83,85,85,81,79,74,76,71,85,95,91,62,71,74,70,70,73,70,75,86,88,84,83,83,81,81,76,72,66,66,64,61,62,58,56,56,55,53,54,51,50,49,49,47,48
105,107,110,111,114,114,114,117,119,117,118,120,121,121,119,113,93,105,128,134,134,129,123,116,110,109,107,103,100,100,100,98,94,84,92,105,105,103,96,95,95,95,104,115,112,106,103,97,91,87,82,91,110,110,72,70,73,76,78,78,84,174,205,195,195,199,197,192,189,148,122,137,127,143,190,156,158,176,146,170,210,206,191,159,199,208,209,201,193,193,182,188,192,187,184,181,180,180,181,181,181,176,175,173,173,180,175,178,182,179,181,183,181,179,178,180,186,180,180,179,180,180,185,173,204,212,199,185,176,151,203,181,149,147,159,158,151,117,99,94,135,102,73,63,64,65,75,112,100,73,73,82,81,81,86,86,84,83,77,83,73,73,70,79,96,93,75,63,80,73,68,69,70,66,73,84,86,89,86,84,84,80,75,74,71,68,64,63,63,59,59,57,55,56,52,52,52,52,50,48
107,109,111,112,115,114,114,118,119,118,118,120,121,120,119,112,92,105,127,135,134,131,123,117,112,110,108,104,100,99,98,97,93,87,88,103,104,101,96,92,91,93,103,115,112,105,103,98,93,87,80,85,101,123,80,71,70,72,76,77,76,107,205,203,194,199,200,196,191,192,161,108,159,166,167,151,134,143,150,194,217,186,196,161,177,211,211,205,199,190,186,195,193,187,180,182,182,183,189,183,181,178,172,177,170,171,173,176,177,179,182,179,177,175,169,184,185,178,170,172,182,185,190,195,173,198,182,202,187,168,190,194,144,129,142,175,140,105,141,159,183,96,70,64,57,59,76,116,99,71,69,86,83,80,83,86,84,83,78,82,74,70,69,69,91,92,85,58,81,80,68,67,71,69,69,75,86,89,84,87,83,82,82,78,77,72,72,69,65,63,63,60,58,57,56,54,54,54,54,52
110,111,112,112,114,115,115,118,118,117,118,120,119,120,120,111,90,107,127,135,135,130,124,119,113,111,107,105,100,99,98,97,93,88,85,101,102,100,95,93,88,90,102,114,114,105,102,97,94,89,77,81,95,115,104,71,69,69,74,75,75,77,152,205,195,198,198,202,214,208,193,117,126,159,166,172,129,129,175,217,207,173,150,166,184,211,212,209,181,190,195,195,191,185,180,184,180,182,177,183,180,179,173,169,173,177,165,163,167,166,177,177,176,175,176,181,177,179,160,168,188,194,201,188,203,172,157,188,180,177,150,149,128,120,151,163,134,124,142,169,180,87,67,63,55,57,77,117,95,72,66,81,84,83,84,87,84,81,80,78,74,71,68,66,85,95,92,62,76,80,65,65,73,71,71,71,73,89,94,97,93,87,81,80,80,80,77,75,72,70,67,63,63,62,59,56,58,57,55,54
109,110,112,112,113,114,114,117,118,116,117,119,119,120,119,109,89,107,129,136,136,129,124,119,115,112,108,104,100,98,97,97,94,89,80,98,101,100,96,93,86,87,101,114,116,106,101,97,95,93,79,77,91,100,120,75,68,68,70,72,72,72,86,189,205,197,198,202,204,184,173,137,119,124,133,146,118,159,156,186,172,160,155,181,185,195,186,189,194,207,199,199,192,184,180,182,188,189,181,183,182,183,184,177,173,175,174,162,171,164,173,169,169,175,176,178,176,178,179,168,181,200,187,191,180,180,130,160,163,158,120,118,115,120,172,140,144,133,169,199,143,80,70,59,53,58,82,119,85,69,61,81,83,84,86,85,83,81,80,77,74,69,69,66,75,95,95,78,62,82,65,66,75,75,70,72,72,69,81,91,98,98,92,84,76,75,77,79,77,74,72,70,69,66,62,60,60,60,58,57
109,111,111,112,114,115,115,117,117,117,118,119,119,119,117,107,88,109,130,137,137,129,123,119,116,113,108,104,99,98,96,96,94,88,80,94,101,99,96,93,85,85,101,114,115,106,101,97,94,92,79,74,87,98,114,95,66,65,67,71,73,72,72,116,208,202,199,197,196,199,180,174,141,140,130,140,127,177,170,171,172,170,141,160,185,186,191,177,205,195,202,193,191,183,192,185,193,187,181,190,184,177,184,180,177,180,172,173,178,171,173,169,163,160,159,159,168,174,167,175,179,182,176,166,138,178,133,132,140,116,117,102,121,105,140,136,140,163,183,200,105,73,70,56,52,55,90,118,76,61,69,70,83,86,85,83,83,78,77,75,74,67,71,66,68,92,97,93,59,76,66,66,71,73,67,71,74,73,70,76,84,96,103,107,100,84,71,75,79,77,76,76,74,71,69,64,64,62,60,58
109,109,111,112,113,115,115,116,116,116,116,119,119,117,114,106,87,112,131,137,137,129,123,120,116,113,108,103,100,97,96,94,92,88,81,89,98,98,96,93,87,85,98,112,116,108,101,97,93,92,82,75,86,98,109,117,75,65,64,67,73,74,69,73,141,208,201,200,198,202,182,193,190,143,128,127,130,156,189,171,157,162,159,193,172,193,172,172,201,214,197,199,206,195,193,178,195,187,196,189,197,183,177,178,182,193,191,187,179,193,185,169,167,164,171,168,179,191,191,171,171,176,193,153,148,168,127,138,129,125,118,117,126,99,156,182,151,171,195,177,82,75,64,50,49,63,106,104,62,51,73,65,80,88,86,84,81,77,76,74,71,69,69,66,65,82,97,98,76,68,68,65,70,72,71,72,80,76,73,74,80,89,97,108,110,108,99,81,76,80,78,77,77,78,75,69,70,68,67,64
108,108,109,111,113,113,114,116,116,116,116,117,117,117,112,101,88,113,132,138,136,128,122,119,115,113,108,104,100,97,95,94,91,88,80,83,94,99,96,94,85,83,96,111,118,112,102,96,90,91,85,76,83,95,108,110,105,67,65,65,67,70,71,68,81,167,205,205,206,184,186,183,176,197,136,130,120,134,147,150,151,178,146,197,164,171,177,190,212,191,199,188,204,195,194,189,188,185,198,191,192,191,179,179,183,185,192,193,193,201,197,187,175,174,180,171,182,196,177,173,177,161,196,181,128,173,150,126,140,181,126,100,105,103,173,180,175,185,199,128,74,73,58,45,49,77,120,89,53,47,74,71,73,88,86,86,77,76,75,75,71,69,69,67,63,73,93,100,91,66,67,66,73,73,71,72,84,81,70,75,80,87,95,101,107,110,106,98,88,79,76,78,79,79,79,76,74,73,72,67
106,106,108,110,112,114,114,114,114,114,115,115,116,115,110,93,91,115,133,138,134,127,122,118,114,111,107,105,101,98,94,93,91,88,80,77,88,97,96,94,86,84,94,112,118,115,104,96,90,91,88,77,77,93,106,105,113,82,66,64,63,67,70,70,71,89,183,206,205,208,202,195,186,189,154,171,146,142,118,142,155,171,156,168,171,171,190,184,197,183,207,194,197,190,198,199,196,191,188,193,183,182,168,181,191,193,187,203,204,196,202,199,188,186,199,193,201,200,192,167,173,148,188,168,155,134,171,146,140,140,117,106,117,129,165,177,176,196,187,90,72,65,51,46,51,93,116,86,43,51,79,83,68,85,86,85,78,75,74,73,71,69,67,66,63,67,89,100,100,69,65,67,73,74,70,72,87,90,76,78,86,91,98,97,98,108,109,104,94,90,85,79,81,86,88,87,89,86,83,80
105,105,105,109,112,114,113,112,113,114,115,115,115,114,109,87,97,119,134,139,133,127,120,116,113,110,106,104,101,98,96,93,92,90,81,76,79,89,93,93,84,83,95,112,120,117,105,97,91,89,87,79,75,90,104,103,106,107,68,63,61,64,68,69,71,72,93,187,203,204,209,203,194,193,211,194,177,165,150,161,158,172,176,210,203,158,187,180,186,202,198,202,199,195,210,216,215,188,179,192,182,173,194,193,188,185,190,201,197,197,207,215,192,185,194,209,205,206,184,194,152,175,175,167,137,150,158,128,143,136,112,117,137,167,182,177,195,205,133,76,70,59,50,44,66,112,102,77,38,55,83,82,72,84,86,84,80,75,73,73,71,68,67,66,62,63,88,102,104,80,62,69,73,77,72,77,88,93,81,78,87,94,100,106,102,104,104,102,96,96,96,91,83,78,87,98,106,104,104,103
104,105,104,107,111,114,111,109,110,114,115,114,114,111,105,83,99,123,133,138,132,126,119,115,113,110,104,105,101,99,95,93,91,90,83,78,75,85,91,90,83,82,93,111,120,119,107,98,89,88,82,78,75,88,102,101,101,102,96,65,63,63,65,67,70,69,72,96,183,201,204,210,211,204,198,174,203,174,173,177,142,171,164,197,181,142,208,191,176,197,193,199,207,187,212,211,206,177,186,177,192,172,203,193,198,197,203,195,200,196,210,206,207,200,198,202,208,194,174,196,172,177,161,163,157,141,151,141,131,133,117,143,153,182,184,190,204,182,89,70,68,57,49,46,86,116,97,66,38,62,80,83,78,83,84,80,78,74,73,75,70,68,67,64,62,64,85,100,105,90,60,68,74,79,79,81,87,90,84,81,87,98,102,104,107,106,106,103,97,98,99,100,95,81,81,81,91,102,109,111
103,103,102,107,110,113,111,106,108,114,114,113,112,109,97,80,103,124,134,137,132,124,119,115,113,109,104,104,100,101,96,93,91,90,84,79,75,78,85,87,84,82,90,107,119,120,108,96,90,87,81,77,75,88,100,103,103,97,105,79,64,61,61,65,66,69,70,71,96,185,204,205,210,207,188,189,224,194,191,187,135,173,162,197,176,153,160,180,176,187,172,190,190,190,209,195,200,185,196,190,187,190,195,197,205,202,202,193,173,202,205,202,184,211,206,189,197,194,163,181,190,175,172,166,175,164,159,136,123,130,99,149,169,184,186,205,207,113,70,67,63,52,46,56,106,111,100,59,38,66,78,82,83,83,77,75,79,77,74,74,69,67,67,65,63,61,81,99,104,101,64,67,70,81,82,82,85,89,87,86,88,99,102,103,105,108,107,108,100,98,98,99,100,94,89,87,86,92,96,102
102,102,101,106,111,113,111,107,109,112,114,113,110,107,92,81,105,126,134,136,131,123,117,115,112,108,105,101,101,99,95,91,91,89,84,79,75,75,81,84,83,83,90,104,116,121,111,100,92,88,81,77,74,87,98,104,102,97,95,102,72,64,61,63,64,68,69,68,70,99,183,204,204,202,187,216,201,177,168,174,154,146,169,163,164,149,159,190,156,167,185,193,208,214,202,175,200,185,192,180,197,195,187,187,207,196,205,210,151,191,198,166,179,217,191,181,169,193,167,182,166,154,189,169,132,166,168,133,104,123,128,178,185,185,207,213,146,81,66,64,57,48,48,75,115,102,91,59,38,67,77,80,85,84,77,75,82,78,76,74,70,66,65,62,62,65,79,98,103,106,73,62,69,79,85,81,84,88,90,88,91,96,102,102,106,107,107,107,103,101,100,103,102,97,93,92,89,91,94,96
101,102,102,106,111,113,111,108,109,110,111,110,110,102,89,84,110,128,135,137,132,122,116,114,112,107,104,101,100,99,95,91,90,88,86,83,78,75,78,81,81,82,87,102,114,120,114,100,93,88,81,75,74,84,98,105,101,99,94,95,97,64,62,61,61,63,65,66,69,72,94,172,203,202,183,191,197,189,175,161,166,173,154,130,145,173,172,166,164,187,180,177,200,206,209,178,211,177,197,199,212,178,189,189,183,191,203,211,149,198,204,175,175,192,173,185,177,192,185,171,147,180,176,182,160,149,166,113,123,123,169,188,188,206,217,171,85,69,67,60,51,47,57,99,109,101,86,57,41,66,75,80,87,84,78,76,81,80,77,75,70,63,62,61,62,62,80,94,101,107,90,64,70,80,84,81,85,88,91,90,94,95,100,103,107,108,106,106,104,102,103,103,103,101,98,95,93,92,95,96
101,101,101,105,112,113,111,108,107,107,108,108,108,100,81,87,113,130,135,136,132,121,114,113,111,107,103,102,101,100,97,92,90,89,87,85,79,74,73,76,77,81,89,101,113,119,116,102,94,89,78,75,76,84,95,105,102,100,95,89,100,84,63,61,59,60,63,62,63,70,73,86,157,205,202,202,202,200,179,174,174,196,175,169,155,170,154,157,172,165,174,159,204,189,190,187,218,182,191,215,197,176,179,208,193,201,217,198,175,195,208,178,197,188,181,181,179,173,183,171,135,167,151,163,148,151,141,121,135,132,175,188,205,212,187,95,72,69,60,50,49,49,78,113,98,97,84,54,43,63,74,82,89,86,77,76,77,81,81,75,70,62,61,60,60,62,79,92,103,105,103,66,66,78,83,83,86,88,92,94,96,96,99,101,105,108,105,106,105,100,103,104,104,103,103,99,96,95,93,98
100,101,101,105,111,112,111,108,107,106,106,106,102,94,79,92,115,129,136,136,130,122,113,112,109,106,104,103,101,99,97,94,91,90,88,85,81,75,73,73,75,78,87,100,112,117,116,103,95,86,80,71,76,82,92,103,106,101,97,90,87,96,79,64,60,58,59,60,62,66,67,67,78,130,202,202,202,203,205,176,177,153,157,150,140,154,132,166,152,152,142,169,177,163,192,173,218,176,199,219,183,154,200,206,193,200,214,198,199,193,199,183,198,192,192,161,172,178,178,193,169,141,143,178,160,125,130,153,137,174,176,205,220,192,101,74,67,61,50,49,50,64,104,102,97,97,83,51,43,68,76,82,90,89,79,75,75,81,83,73,73,61,60,58,61,63,81,90,100,105,107,74,65,77,82,83,85,90,93,95,97,98,99,102,105,106,107,109,106,101,102,103,104,104,104,104,102,97,95,97
98,100,100,103,110,112,111,109,107,105,106,106,100,89,78,96,117,132,135,134,130,121,112,110,107,106,104,103,101,100,99,95,92,91,89,87,82,76,71,72,72,78,87,100,111,117,115,106,97,89,82,71,73,81,93,103,110,104,97,91,87,85,98,81,64,61,58,57,59,64,65,65,66,68,100,176,204,201,202,204,193,151,144,145,162,147,132,133,167,144,146,140,180,193,200,196,199,182,187,203,170,192,196,189,197,180,200,183,190,207,184,203,186,173,173,148,166,181,169,170,161,119,177,140,158,135,144,182,173,193,200,219,197,99,72,62,62,54,46,47,56,94,111,100,96,96,82,49,45,61,76,83,92,90,78,76,73,78,82,78,71,61,60,57,62,63,81,89,101,104,107,82,65,75,78,83,87,91,95,98,100,100,102,103,104,106,107,108,106,103,101,102,103,103,104,105,103,100,95,96
97,100,101,104,111,114,112,108,107,105,105,103,96,84,78,99,118,132,134,134,127,118,110,108,107,106,104,104,101,100,100,96,94,92,91,89,83,76,70,70,70,78,86,99,111,116,116,109,98,93,82,71,68,79,91,101,109,108,99,90,88,82,85,97,83,61,59,57,56,61,63,65,66,66,66,75,136,197,200,199,189,201,207,153,168,163,125,108,149,191,126,185,143,160,170,189,202,183,174,201,179,206,195,198,194,154,175,193,209,179,165,196,175,175,158,172,193,166,182,178,135,123,105,116,136,175,175,205,195,211,219,199,101,73,66,62,58,48,45,50,80,108,102,95,95,93,81,48,45,60,78,84,92,91,78,75,71,80,83,79,70,61,58,58,60,66,82,91,102,105,107,88,64,73,83,84,86,92,96,99,101,103,103,103,102,105,108,107,105,103,101,101,103,103,105,105,103,102,98,95
96,99,101,105,111,114,112,107,107,105,103,103,95,82,79,101,118,131,134,133,126,117,110,108,105,104,102,102,101,101,100,98,94,92,91,91,85,80,71,69,69,74,86,98,110,115,116,111,100,91,86,74,69,75,88,100,108,109,104,92,92,87,81,80,95,82,61,59,54,59,58,62,62,64,65,64,68,93,166,200,197,200,203,193,155,193,144,130,140,173,162,142,183,153,155,191,219,185,181,172,179,181,198,216,198,169,209,188,192,197,174,155,195,202,199,198,195,178,183,153,122,116,126,151,187,198,194,205,215,221,188,91,69,66,62,59,48,43,48,73,102,104,102,95,91,86,80,44,44,62,79,86,91,91,81,74,76,83,82,76,70,64,59,57,59,68,84,93,101,105,107,101,70,69,83,84,86,94,97,97,101,104,101,103,101,105,107,109,104,104,101,103,102,105,103,104,104,103,100,98
96,97,100,105,111,114,113,106,106,106,103,103,93,79,82,103,120,132,133,133,126,114,109,107,105,104,102,102,101,101,100,97,95,93,91,91,86,81,71,66,66,73,85,99,109,114,115,112,102,93,87,75,70,72,80,95,105,111,107,96,91,87,83,79,78,97,82,60,56,55,59,56,60,61,63,64,68,65,72,111,174,203,199,198,159,212,163,157,133,135,152,170,184,140,159,164,186,173,214,224,199,178,175,209,207,192,212,201,208,196,191,156,178,207,200,201,166,198,178,139,122,133,154,176,201,205,212,220,222,163,80,64,63,58,55,50,42,45,67,93,106,101,101,92,85,83,74,45,42,62,79,86,89,90,85,74,78,82,82,75,71,66,59,58,59,70,84,92,101,104,106,102,77,65,81,84,88,94,97,99,100,103,102,103,103,104,106,108,106,105,104,103,104,104,103,103,103,104,102,101
95,96,100,105,110,114,112,106,106,106,102,101,88,75,84,105,122,132,133,132,123,113,106,106,102,103,104,102,100,100,99,97,95,93,92,91,88,80,72,65,63,70,84,97,107,113,114,114,104,94,84,72,69,69,75,87,96,108,110,96,93,91,85,79,77,76,93,84,63,56,57,56,57,59,58,63,65,65,63,63,79,126,186,189,207,193,176,176,167,154,146,158,161,128,152,131,151,198,174,204,205,186,196,203,206,192,207,193,221,180,163,160,165,174,155,138,154,163,178,153,178,175,170,189,210,216,221,202,117,66,59,57,56,51,48,44,44,61,83,106,96,98,96,88,85,82,72,43,43,61,79,86,89,89,85,75,79,80,78,73,72,67,62,59,58,70,83,92,99,103,107,103,85,62,75,85,88,93,96,99,100,102,103,104,101,104,105,105,107,105,104,104,103,102,104,104,103,101,102,101
94,97,100,107,111,113,112,107,105,105,100,95,82,72,87,107,125,133,133,130,122,111,105,103,101,101,103,102,100,100,99,98,96,94,91,91,89,83,75,67,62,69,83,96,105,112,114,114,106,94,83,72,69,71,76,84,94,105,112,101,96,93,84,77,75,74,72,87,89,63,60,52,54,56,57,57,62,63,62,61,66,69,84,125,191,210,188,192,165,166,191,166,198,156,139,131,159,164,202,182,174,177,194,197,182,161,175,166,195,154,181,161,165,167,157,129,148,153,175,193,196,200,199,204,222,222,161,81,56,58,57,53,51,48,43,45,56,78,102,88,92,97,92,87,82,79,65,43,41,62,79,84,88,90,84,78,81,78,77,73,73,68,63,58,57,69,84,92,100,102,105,102,93,65,73,83,88,91,94,99,101,102,103,102,103,106,106,103,106,105,104,103,104,101,103,102,102,101,101,101
93,97,99,106,110,112,110,108,103,103,99,93,80,73,92,109,126,133,133,130,121,110,103,102,102,101,102,102,101,101,99,98,96,94,91,91,89,85,77,68,64,68,82,96,105,110,113,115,106,94,84,76,70,71,75,84,93,101,109,107,95,92,89,80,78,76,76,69,86,96,71,59,56,53,55,55,58,63,63,64,65,61,65,71,81,123,177,216,204,165,170,199,202,167,187,188,189,163,166,191,198,198,193,156,140,165,172,152,162,184,160,177,145,152,158,178,212,211,216,213,212,216,201,224,179,95,61,55,56,57,55,51,48,43,42,48,74,100,88,87,96,96,89,84,79,76,61,38,42,63,79,82,86,89,86,80,77,78,79,73,77,71,64,54,57,69,84,91,98,103,104,105,99,73,68,83,87,89,95,97,100,102,102,104,103,105,103,104,105,104,104,103,104,102,101,101,101,101,101,100
92,96,100,106,111,113,111,106,104,102,99,91,79,74,95,112,127,132,132,129,118,109,102,102,102,102,102,102,101,101,100,98,97,95,91,89,88,86,80,69,64,65,76,92,102,109,112,114,108,97,84,75,68,69,74,83,90,100,106,108,100,94,92,86,80,77,77,74,64,79,100,75,58,54,53,53,58,59,61,62,62,64,62,63,66,66,75,100,152,188,189,207,194,178,165,172,178,170,160,177,183,197,195,164,144,141,174,171,163,175,161,170,166,187,211,212,211,211,215,220,225,210,154,94,64,53,55,55,54,51,47,44,41,39,44,68,98,85,81,90,96,92,91,84,80,75,59,39,43,64,77,81,89,90,87,82,76,80,83,75,77,69,63,54,54,69,83,91,97,101,105,106,101,81,62,80,87,89,95,98,100,102,103,103,103,103,103,104,103,104,103,103,104,103,101,101,101,100,101,101
92,96,102,105,112,114,113,106,104,101,99,89,78,78,99,114,128,132,132,126,116,107,103,102,102,101,101,102,101,100,98,98,98,95,92,89,87,84,78,69,62,62,74,90,99,108,113,114,104,95,86,74,68,68,72,81,89,95,104,107,102,97,92,90,82,77,76,79,68,64,71,95,85,59,56,54,55,55,58,61,62,60,61,61,63,64,65,63,66,77,101,146,182,189,180,179,175,195,197,194,151,177,182,164,158,152,178,182,206,174,182,197,213,203,216,221,222,227,224,179,125,69,51,50,49,49,48,49,48,47,42,40,41,42,63,97,82,78,84,92,92,91,92,84,80,72,50,40,41,63,76,80,88,90,89,81,75,81,84,81,77,67,61,56,58,71,86,92,97,101,105,103,101,87,60,78,85,89,94,98,99,102,102,103,102,101,103,102,103,102,102,104,105,103,101,101,100,98,100,101
91,96,101,105,111,113,113,107,104,102,95,86,75,81,100,115,128,133,133,126,116,107,103,101,102,101,100,101,101,100,98,98,96,95,91,88,86,84,79,68,62,62,73,89,99,107,112,115,105,95,85,75,68,65,70,77,88,92,102,104,104,98,94,88,84,77,74,78,72,64,60,65,87,95,67,56,55,54,55,57,60,56,56,59,60,62,62,62,62,60,63,64,69,84,107,145,153,175,199,225,180,172,193,183,170,200,211,208,227,224,196,200,214,213,231,225,193,145,85,53,44,45,50,49,50,48,47,45,44,45,39,39,44,64,93,79,76,78,84,88,91,91,91,83,80,68,52,41,41,60,74,79,88,89,86,81,78,85,87,83,72,68,64,56,56,71,86,92,97,101,105,104,102,92,67,72,84,88,94,96,98,101,103,104,103,102,103,103,102,102,103,103,103,102,100,100,100,99,100,101
90,96,101,106,112,114,113,110,105,100,91,83,75,82,101,116,128,131,130,123,112,106,104,102,102,101,100,99,101,102,99,98,97,96,91,87,87,86,83,72,63,62,71,86,97,104,109,114,107,97,86,76,69,63,68,73,87,93,101,104,102,97,95,91,89,84,76,74,75,70,62,59,63,73,96,78,61,53,53,56,56,53,53,55,56,57,59,59,58,59,59,59,58,58,58,60,66,63,83,97,116,142,146,170,155,195,204,206,212,213,203,194,174,139,114,74,52,44,41,42,41,44,47,49,49,42,45,43,42,40,39,43,72,97,73,71,74,81,87,89,91,90,90,84,81,67,57,42,41,60,73,81,87,90,90,85,81,90,89,83,76,67,62,58,56,68,85,88,96,100,104,107,101,96,78,66,82,89,93,95,98,101,102,103,102,102,104,103,103,102,102,103,102,101,100,99,100,99,100,100
88,96,102,106,112,114,112,109,103,98,89,80,72,84,102,116,127,131,130,121,111,105,102,101,101,100,99,98,100,102,98,98,96,95,92,89,88,85,84,75,63,60,68,83,92,102,107,112,107,98,88,76,68,63,68,74,84,91,99,103,103,97,96,92,90,86,78,77,78,75,71,64,61,59,65,84,96,79,59,55,52,51,53,53,54,54,54,58,54,56,56,56,56,56,57,53,56,54,62,61,61,68,68,55,65,72,72,71,76,72,64,63,52,44,42,39,40,41,42,42,39,42,47,43,43,44,44,40,39,40,45,80,91,70,65,71,76,82,86,86,89,91,88,82,80,71,58,42,40,60,73,81,87,89,89,83,83,91,93,85,75,66,62,56,58,69,85,88,96,100,102,106,102,102,84,64,79,86,91,94,98,100,102,104,104,105,103,104,101,102,102,101,101,101,100,98,99,98,97,98
90,96,103,108,112,113,110,106,100,97,88,79,72,87,102,117,127,131,128,119,107,102,100,99,100,96,95,96,98,101,101,98,98,95,92,88,87,85,83,75,65,58,65,81,88,97,106,112,106,99,88,78,68,64,66,71,79,91,97,102,100,96,95,93,93,88,81,81,81,79,75,69,65,59,57,61,72,92,93,77,55,52,53,53,53,53,57,51,54,54,57,54,56,55,58,57,51,56,52,59,56,61,55,51,54,56,56,50,56,55,44,49,45,36,39,37,40,40,41,39,42,40,41,42,41,38,39,42,41,58,88,84,70,64,68,73,76,80,85,87,88,91,89,84,77,72,59,41,39,59,71,81,89,91,89,86,88,93,93,83,74,66,64,56,56,71,86,89,96,100,103,106,104,104,93,66,73,84,90,93,98,99,102,102,104,104,102,101,102,101,100,100,101,101,100,99,99,97,96,95
89,96,102,108,112,113,110,107,101,94,88,78,71,88,101,113,125,130,127,117,107,103,99,99,99,95,92,92,95,99,101,99,97,96,94,90,86,85,81,75,66,57,63,79,88,95,104,112,106,99,89,79,70,64,64,70,77,87,94,99,98,97,94,93,93,90,85,83,84,81,77,74,70,62,58,56,58,65,73,92,95,75,57,55,53,56,53,54,51,53,52,58,53,52,51,54,51,53,52,51,58,57,55,51,51,52,56,51,55,51,44,48,45,36,40,40,40,37,37,38,40,37,41,38,37,40,42,49,78,92,67,68,57,57,68,72,76,80,87,85,89,90,88,84,78,73,59,41,40,58,71,79,87,90,89,87,90,95,93,84,72,68,64,58,57,71,85,88,94,100,101,106,105,104,94,70,67,83,87,93,96,101,101,102,102,103,101,100,100,100,99,100,100,100,100,99,98,96,96,96
87,96,104,108,112,113,109,104,98,92,84,75,70,88,101,114,126,129,127,116,106,102,99,99,99,96,93,91,93,97,100,102,98,96,94,91,87,85,81,75,67,58,64,79,87,94,102,112,107,98,91,81,74,69,64,69,75,86,90,94,98,97,92,89,89,89,87,81,84,82,78,77,72,68,60,56,55,58,60,59,69,88,94,81,68,56,56,51,54,51,55,50,53,48,51,44,52,47,50,45,53,54,50,50,49,50,56,51,55,47,47,46,40,36,41,37,35,33,38,37,35,36,35,36,38,51,74,92,78,68,56,64,55,57,70,76,79,84,87,87,91,90,89,85,79,71,59,42,41,57,71,81,85,89,90,87,90,95,94,83,74,70,64,58,55,69,86,89,94,99,101,106,104,103,100,80,63,81,87,91,95,99,101,101,102,102,103,100,100,100,100,100,100,100,98,98,98,97,97,98
88,96,102,108,110,113,108,103,97,90,82,72,70,90,103,115,125,129,126,115,105,98,97,99,98,97,91,90,88,95,101,102,100,96,94,92,87,84,81,76,67,61,62,72,85,92,100,112,111,99,91,85,78,68,63,64,72,83,85,90,95,96,94,88,85,87,85,82,82,82,82,80,79,74,66,60,60,56,55,56,57,68,75,83,91,93,77,68,53,53,49,54,50,51,49,49,50,49,48,46,47,54,43,50,45,46,50,46,51,45,46,48,35,39,41,34,35,37,39,38,35,36,38,46,71,84,76,71,63,61,51,53,51,61,73,75,76,84,85,89,89,88,86,84,78,71,59,41,43,55,72,83,85,89,89,87,93,93,93,83,79,72,64,56,56,70,83,89,93,98,100,105,104,102,100,90,61,76,85,90,95,97,99,101,102,101,103,100,99,99,100,99,99,99,99,99,97,98,98,98
88,96,102,107,109,111,108,103,96,90,81,71,70,91,101,115,124,128,123,112,103,97,96,98,98,95,92,89,87,94,99,101,100,96,94,93,88,85,81,76,67,60,60,71,82,89,97,108,106,99,89,82,75,65,62,65,72,78,84,90,93,91,91,89,86,86,87,85,84,85,87,84,83,82,75,72,67,60,57,55,56,61,65,70,72,76,83,87,90,85,71,64,53,55,46,54,45,52,44,49,44,51,44,50,47,46,48,41,48,45,43,48,38,43,40,35,36,40,36,42,44,64,79,80,58,57,60,71,63,59,49,49,55,65,78,78,79,83,85,85,90,88,84,81,77,72,59,43,42,55,72,81,85,89,89,91,93,95,94,89,81,75,63,56,57,71,83,89,92,97,101,105,103,103,101,93,67,69,82,86,92,97,100,99,102,99,101,102,100,99,99,97,99,98,99,99,97,97,98,99
88,95,103,108,110,109,108,101,95,87,78,69,71,90,101,114,124,128,119,110,100,95,96,97,98,96,92,89,87,92,97,100,100,96,93,91,89,85,82,79,68,59,57,69,82,86,93,108,108,98,93,83,79,70,62,64,72,74,81,91,92,92,89,87,86,85,88,89,85,85,84,86,84,84,79,76,71,66,61,59,56,55,59,64,65,72,76,74,77,78,86,90,92,85,82,71,69,58,53,52,46,50,48,48,51,42,50,46,48,43,41,50,40,48,46,43,51,59,69,81,79,71,51,45,45,62,69,73,62,53,49,48,57,66,74,75,78,82,84,88,91,89,86,79,77,71,59,43,42,57,72,79,84,89,90,89,92,96,91,87,84,72,61,57,60,71,84,87,91,93,100,103,104,103,103,95,75,65,81,84,92,97,97,98,101,101,101,101,100,100,99,98,98,98,97,97,97,96,96,96
90,96,101,107,109,109,107,98,93,85,77,70,72,91,101,114,124,126,118,109,98,93,95,96,96,96,93,90,88,90,95,99,101,98,94,91,90,86,82,79,69,57,56,69,81,86,91,105,105,97,91,84,77,73,62,62,68,70,78,84,91,93,91,88,84,83,85,87,84,83,82,87,85,82,79,79,74,69,64,57,53,53,59,64,62,66,68,66,69,70,71,71,70,71,80,89,94,90,94,88,84,74,78,72,73,66,69,68,67,70,65,76,75,84,86,83,85,80,70,59,50,44,36,39,48,70,73,71,60,53,47,55,61,72,75,77,80,83,85,90,91,85,83,81,78,70,63,47,41,58,73,81,83,88,89,90,93,95,94,88,84,73,63,58,59,72,83,88,91,94,101,104,105,105,104,100,80,62,78,85,92,94,95,98,99,100,101,101,101,101,100,99,98,97,98,97,97,96,94,96
91,96,101,107,108,109,105,98,90,84,77,70,73,91,100,112,123,126,118,107,97,92,95,95,95,95,93,91,90,90,92,96,100,97,94,91,90,87,85,78,70,59,57,67,81,84,87,102,104,95,89,84,77,73,64,62,70,72,76,79,86,88,92,86,85,85,81,82,84,82,82,84,84,82,79,81,78,73,69,62,56,52,55,58,59,64,69,70,70,69,65,62,61,59,61,61,59,62,65,76,79,76,78,81,82,81,83,82,79,78,78,77,67,63,58,52,45,43,44,37,36,33,36,42,65,76,72,69,60,51,48,57,68,76,77,76,80,84,87,89,88,86,83,81,75,72,61,49,43,57,72,81,84,86,89,90,94,94,94,92,86,79,65,57,59,71,83,86,88,93,100,102,102,105,103,101,86,63,71,83,89,94,96,97,99,100,100,99,100,96,99,98,97,96,96,97,97,95,97,98
91,96,101,106,108,108,102,95,87,82,75,70,74,89,102,111,122,125,117,105,96,93,95,95,95,95,92,91,91,92,90,94,99,97,94,90,89,86,85,78,69,59,55,64,76,80,84,100,103,96,92,85,79,77,66,63,71,74,75,77,80,84,88,86,81,81,79,81,83,81,82,85,85,86,81,82,80,78,72,68,65,57,54,55,56,59,65,69,69,67,61,63,60,58,52,49,48,54,54,56,54,55,61,58,58,59,59,54,50,49,48,47,45,46,42,40,38,36,35,36,34,33,42,54,69,75,71,69,59,51,51,60,73,76,76,79,84,87,86,88,88,83,82,82,79,77,63,50,42,55,73,80,83,86,89,90,92,94,93,91,86,78,62,54,59,70,83,85,87,92,98,102,103,104,101,100,90,70,63,83,88,93,96,97,97,98,100,98,97,98,97,97,98,96,96,96,96,96,96,97
91,97,101,105,107,106,101,93,86,79,74,69,76,87,100,112,120,123,115,102,95,95,96,95,96,96,91,89,90,91,90,91,94,95,91,89,89,86,84,80,70,60,54,62,73,79,84,98,103,95,90,85,83,78,70,61,65,72,75,76,78,82,85,85,83,81,81,79,79,76,82,83,84,82,82,78,77,77,75,70,61,57,58,57,56,58,64,67,67,64,62,62,63,60,58,54,51,53,50,52,54,54,55,53,52,54,49,50,49,48,49,45,45,44,39,41,38,35,33,33,32,39,52,64,73,76,73,71,58,53,56,65,68,74,76,79,85,86,86,88,84,83,82,81,81,79,69,54,43,54,72,76,81,86,89,92,93,95,95,92,89,80,64,54,59,74,83,86,89,93,98,101,102,103,102,102,91,76,61,77,86,91,95,94,96,97,97,97,95,96,97,98,97,95,96,95,97,97,94,95
92,96,100,104,106,105,99,92,83,78,74,68,75,87,100,112,120,120,112,98,94,95,95,94,95,95,90,88,88,91,90,90,92,93,91,90,89,87,86,80,71,60,54,59,71,78,84,94,102,93,88,84,83,80,71,62,61,69,74,76,75,78,80,81,80,80,80,79,79,78,73,75,78,77,76,74,75,75,77,74,69,59,58,56,54,54,60,62,64,62,61,60,63,65,66,59,56,57,51,52,53,53,53,51,49,50,51,54,51,51,48,47,42,40,36,38,38,33,33,33,37,48,61,71,79,79,76,70,57,50,57,69,74,74,79,80,83,85,85,83,83,83,82,80,80,79,67,53,43,54,73,76,81,86,90,92,93,94,94,93,91,78,64,54,58,74,85,86,88,92,97,101,103,103,102,102,96,86,62,74,84,90,93,94,96,95,97,97,95,97,97,96,97,93,94,93,95,97,96,97
91,95,98,103,106,106,101,92,85,76,69,68,79,87,99,113,120,118,109,95,92,95,95,94,92,93,89,88,87,91,91,90,91,93,90,88,88,88,87,81,72,61,55,58,71,78,82,92,99,94,86,83,82,80,73,63,59,64,73,75,77,77,79,82,82,80,79,80,79,77,73,71,73,76,76,73,72,73,75,76,73,64,61,57,54,52,55,61,65,63,62,59,62,64,57,60,62,62,57,58,55,53,52,50,51,49,48,50,47,48,46,44,41,38,35,34,35,32,35,37,42,53,66,76,78,76,72,63,55,51,55,67,71,75,78,81,82,84,84,85,83,83,82,79,79,78,71,55,44,54,71,76,80,84,90,92,94,93,94,92,93,80,67,54,58,74,84,87,89,92,96,101,103,102,100,103,98,88,70,67,81,87,91,93,96,93,95,96,95,97,96,96,96,95,95,95,95,97,94,97
90,94,97,102,105,104,99,92,84,75,69,70,81,89,99,111,118,115,105,93,91,93,95,94,91,93,90,88,88,90,91,91,92,90,89,87,89,87,86,80,72,63,54,56,70,76,80,88,96,89,85,83,82,82,73,64,59,63,70,73,74,75,78,80,79,76,76,77,79,79,76,69,70,71,73,71,71,70,73,74,72,66,62,58,57,52,56,59,63,61,60,62,58,57,58,59,61,58,60,60,54,49,50,50,51,52,46,45,46,46,42,41,40,34,36,36,36,34,40,43,54,66,71,74,73,72,67,59,54,51,54,65,71,71,77,76,84,83,81,84,83,83,79,80,79,79,69,54,44,53,70,76,80,85,89,94,96,95,96,94,93,84,65,53,56,73,78,84,90,92,92,97,102,102,102,101,99,93,77,58,81,89,90,91,94,93,94,94,96,95,95,96,95,97,95,94,94,94,94,96
91,94,96,101,104,102,99,92,85,76,68,71,81,88,99,109,117,114,102,91,92,94,95,96,90,90,90,89,88,90,91,90,91,90,89,87,87,87,86,80,75,68,58,57,69,73,77,84,96,87,84,81,81,82,75,65,59,61,69,73,74,78,78,76,77,76,74,75,76,74,72,70,68,69,71,75,79,73,71,71,68,66,64,60,56,54,52,53,56,57,57,62,63,55,54,54,57,56,56,58,59,57,55,53,51,51,53,47,46,43,42,42,41,38,40,36,37,41,46,51,63,67,72,73,72,72,67,59,53,51,61,64,66,69,79,77,83,83,84,82,84,80,78,80,81,78,70,57,46,55,72,78,80,85,88,91,96,93,93,94,91,84,65,51,56,72,76,83,88,92,95,96,99,101,101,102,99,96,79,58,73,86,88,90,90,92,93,93,95,94,94,95,95,92,93,95,94,95,95,95
91,94,97,100,103,103,99,92,85,74,66,72,81,89,99,110,115,114,98,90,91,93,94,95,89,88,87,87,87,88,88,88,88,86,87,84,86,86,84,79,74,67,56,54,65,71,75,81,94,87,83,80,77,80,74,66,58,58,67,70,72,71,75,74,75,74,74,74,73,73,71,71,69,69,72,73,75,74,72,70,69,68,70,65,58,58,53,55,53,54,56,57,58,54,56,62,64,60,60,58,60,56,53,52,52,49,47,47,48,43,41,40,39,42,41,37,39,47,50,53,63,65,73,73,71,71,62,58,53,58,64,70,69,73,78,79,83,83,82,83,81,79,81,79,81,78,73,61,46,53,70,78,81,83,88,90,92,92,93,95,94,87,66,53,56,71,78,82,87,87,90,94,98,100,102,99,100,99,89,63,65,86,87,88,89,91,92,93,92,93,93,93,94,94,95,95,96,95,95,96
