164,164,165,164,163,164,164,164,165,167,167,167,168,166,165,167,165,164,163,163,162,161,160,159,159,158,157,155,154,154,153,152,151,150,149,147,146,146,146,145,148,150,156,175,183,186,189,190,193,195,198,200,203,205,207,209,210,212,213,214,214,215,216,216,217,217,217,218,218,218,218,218,218,219,219,219,219,219,219,219,219,219,220,219,220,220,220,219,218,219,219,219,218,219,219,218,218,218,218,217,217,217,217,217,217,217,217,217,216,216,216,215,215,215,215,215,214,215,214,213,213,213,213,213,212,213,212,212,212,211,211,211,211,211,210,210,209,209,209,209,209,209,208,208,208,208,208,207,207,206,206,206,205,205,205,205,204,204,204,204,204,203,203,203,202,202,201,201,201,201,200,201,200,200,200,200,199,199,200,200,200,200,198,200,199,199,200,199,199,198,199,200,199,200,200,199,200,199,199,199
161,161,161,160,159,158,159,159,159,160,159,159,159,159,159,159,159,159,159,159,158,158,159,158,156,155,155,154,154,153,153,152,150,150,149,147,146,144,145,144,146,148,152,170,183,185,188,190,193,195,197,199,203,205,207,209,210,212,213,213,214,215,216,216,218,218,218,218,218,218,218,219,219,219,219,219,219,219,219,219,219,219,219,220,220,220,220,220,220,219,219,219,219,219,219,218,218,218,219,218,218,218,218,218,218,218,217,217,217,216,216,216,216,215,215,215,215,215,215,214,214,213,213,213,213,213,213,212,212,212,211,211,211,211,210,211,210,209,210,209,209,209,208,208,208,208,208,207,207,206,206,206,205,205,205,204,204,204,204,204,203,204,203,203,202,202,202,202,201,201,201,200,200,200,200,200,199,199,199,199,199,200,200,199,199,199,199,199,199,199,199,200,200,200,199,200,200,200,199,200
158,159,158,157,155,154,154,154,154,152,153,153,151,153,152,153,154,154,153,155,156,155,155,155,154,154,155,154,154,153,154,153,151,150,147,146,144,144,143,143,144,145,150,165,182,184,187,189,191,194,197,199,202,204,207,209,210,211,212,214,214,215,216,216,218,218,218,219,218,219,219,219,219,220,219,219,218,219,219,219,220,219,220,220,220,220,220,220,220,220,219,219,219,219,219,219,219,218,218,218,218,218,218,218,218,217,217,217,217,216,216,216,216,216,215,215,215,215,215,214,214,214,214,214,214,213,213,213,212,212,212,212,211,210,211,210,210,210,210,210,209,209,209,208,208,208,208,207,207,206,206,205,205,205,205,204,204,204,204,204,204,203,203,203,202,202,202,201,201,201,201,200,200,200,200,200,200,199,199,200,199,200,199,199,199,199,199,199,199,199,199,199,198,199,199,200,199,200,199,200
155,154,153,152,151,150,149,148,148,147,148,147,147,147,147,149,149,150,150,149,149,148,150,150,150,151,152,150,150,149,149,148,148,146,145,144,143,143,143,143,143,144,147,160,180,183,185,188,191,194,197,200,201,203,206,208,210,212,213,214,214,215,216,216,218,219,218,218,218,217,219,220,219,220,219,219,219,219,219,220,220,220,220,220,221,221,220,220,220,221,220,219,220,220,220,219,219,219,219,219,218,218,218,218,218,218,218,218,217,217,217,217,216,216,216,216,216,216,215,215,214,214,213,214,213,214,213,213,212,212,212,212,212,211,211,210,210,209,209,209,209,209,209,208,208,208,207,207,207,207,206,206,205,205,205,205,204,204,204,205,203,203,203,203,203,202,202,202,202,202,201,201,201,200,201,200,200,199,201,199,200,199,199,199,200,200,199,200,199,200,200,199,200,199,200,199,200,200,200,200
152,151,150,149,149,148,147,147,146,145,146,145,143,143,143,143,143,144,143,144,145,144,145,144,144,144,145,144,143,144,144,145,144,143,143,142,142,141,142,141,140,141,144,155,177,182,185,188,190,194,198,199,201,204,206,208,210,212,213,214,215,216,216,217,218,219,219,219,219,219,220,220,220,220,220,220,220,220,220,220,220,221,221,221,221,221,220,221,220,220,220,219,220,220,220,219,219,219,219,219,219,219,219,219,218,218,218,217,218,218,218,217,217,217,216,216,216,216,215,215,214,214,214,214,214,214,213,213,213,213,212,212,212,211,211,210,210,210,209,209,208,209,209,209,209,208,208,208,208,207,206,206,205,205,206,205,205,204,205,203,203,203,203,202,202,202,202,202,202,201,202,202,201,201,201,200,200,200,200,199,200,199,199,200,200,200,200,199,200,200,199,200,200,200,200,199,199,199,199,200
152,153,151,149,150,149,147,146,146,146,144,142,142,142,142,141,141,142,141,142,143,142,141,141,141,141,143,143,142,142,142,142,141,141,141,142,140,140,141,140,141,141,143,153,172,182,184,187,190,193,197,198,200,204,206,209,209,211,213,214,215,215,216,217,218,218,219,219,219,220,220,219,220,220,220,220,220,220,220,220,220,221,221,221,221,221,220,221,221,220,220,219,219,220,220,220,220,220,219,219,219,219,219,219,218,219,219,218,218,217,217,217,217,217,217,217,216,215,215,214,214,215,214,214,213,214,214,214,213,213,212,213,212,211,211,211,210,210,210,209,209,209,208,208,208,208,208,208,207,207,206,206,205,205,205,206,205,205,204,204,203,203,203,203,202,203,202,202,201,202,201,201,201,201,200,199,200,201,200,201,200,200,199,200,200,200,200,199,200,200,200,200,200,199,199,200,200,200,199,200
156,156,156,154,156,154,153,150,148,147,147,147,146,145,145,143,142,142,142,144,145,143,143,142,143,143,144,144,144,144,144,144,144,142,141,141,140,140,141,140,141,141,143,152,169,182,183,186,190,192,195,196,200,203,205,209,209,211,213,214,214,215,216,217,217,219,219,218,219,220,220,220,220,219,220,220,220,220,221,221,221,221,221,221,221,221,221,221,221,221,221,220,220,220,220,220,220,220,220,219,219,219,219,220,219,219,219,218,219,218,218,218,217,217,217,216,217,216,215,215,215,215,214,214,214,214,214,214,213,213,213,213,212,211,211,211,210,210,210,209,209,209,208,208,208,208,208,208,208,207,206,205,205,205,205,204,205,205,204,204,204,204,203,203,203,203,202,202,202,201,201,202,201,201,201,200,200,199,200,200,200,199,200,199,200,200,200,200,200,200,200,199,199,200,199,199,200,200,200,200
163,163,163,163,163,162,160,157,157,154,152,152,151,148,149,146,145,148,149,149,147,148,149,149,148,147,146,147,147,147,148,149,146,143,141,139,139,138,138,137,137,138,139,142,164,182,183,186,189,193,195,196,200,202,205,208,209,211,213,214,215,215,217,217,218,219,219,220,220,220,220,220,220,220,220,220,220,220,221,221,221,221,221,220,221,221,221,221,221,221,221,220,220,220,220,220,220,220,219,220,220,219,219,219,219,219,218,218,219,218,218,218,217,218,217,216,216,217,216,216,215,215,214,214,214,215,214,214,213,213,213,212,212,212,212,211,211,210,210,209,209,209,208,209,208,208,208,208,207,207,207,206,206,206,205,205,205,205,204,204,204,203,203,203,202,202,202,202,202,202,202,200,201,201,200,200,200,200,200,199,200,199,200,200,200,200,200,200,200,200,200,200,200,200,200,200,201,201,201,200
170,170,171,170,172,169,168,165,162,160,159,158,157,154,155,152,150,151,151,151,152,150,149,149,148,148,148,148,148,146,146,147,145,142,141,139,139,138,137,137,136,136,135,138,151,179,182,185,188,193,194,197,200,202,206,208,209,211,212,214,215,215,216,217,217,218,219,219,219,220,220,220,221,221,220,221,220,221,221,222,221,221,221,221,221,222,221,221,221,221,221,221,220,221,220,220,220,220,220,220,220,219,220,219,219,220,219,219,218,219,218,218,218,218,217,216,217,216,216,216,216,215,216,215,215,215,214,214,213,213,213,213,212,212,212,211,211,210,210,209,209,210,209,209,209,208,208,208,208,207,207,206,206,206,205,205,205,205,205,204,204,204,203,203,203,203,202,202,202,201,201,201,201,201,201,201,200,201,200,201,201,201,200,200,200,200,201,200,200,201,199,201,200,200,201,201,201,200,201,201
181,179,180,179,177,176,173,171,170,168,165,165,163,161,158,157,155,153,154,153,152,150,149,149,150,150,150,149,148,145,143,141,141,141,141,139,139,138,139,138,137,138,138,140,143,176,181,184,187,195,194,196,199,201,205,206,210,211,212,213,214,216,216,217,218,219,219,220,220,220,220,220,221,221,221,221,221,221,222,222,222,221,222,221,222,222,221,221,222,222,222,221,221,221,221,221,220,220,220,220,220,219,220,220,220,219,219,219,219,219,218,218,218,218,217,217,217,216,216,216,215,215,215,215,215,215,214,214,213,213,213,213,213,212,212,211,211,211,210,210,209,210,209,209,209,208,208,208,208,207,207,206,206,206,206,205,205,205,205,205,204,204,203,203,203,202,202,203,202,201,201,201,201,201,201,200,201,201,201,200,201,201,201,201,200,200,200,201,201,200,200,200,200,200,201,201,201,200,201,201
189,187,186,186,181,181,180,178,178,177,174,173,171,167,167,166,164,160,156,156,156,155,153,152,152,150,149,149,147,144,141,141,140,140,140,139,139,137,138,137,137,137,139,140,144,167,181,183,186,192,193,197,199,203,205,206,209,211,212,213,214,216,216,217,218,219,219,219,219,220,220,220,221,221,221,221,221,222,222,222,222,222,222,222,222,222,222,222,222,222,221,221,221,221,221,221,221,220,220,220,220,220,220,220,219,220,219,218,219,219,219,218,218,218,217,217,217,217,216,216,215,216,216,215,215,215,215,214,214,213,213,213,212,212,212,211,211,211,210,210,209,209,209,209,208,208,208,207,208,207,207,206,206,205,205,205,205,204,205,205,203,204,203,203,203,203,203,202,202,201,202,201,201,201,201,201,200,201,200,201,201,200,200,200,201,200,200,200,200,201,200,201,200,201,201,201,200,201,201,201
183,184,185,187,187,186,185,185,185,186,184,183,180,177,176,175,172,169,166,164,162,160,154,152,152,152,149,149,147,145,142,142,141,140,140,138,136,136,136,135,135,135,136,139,144,158,180,183,186,190,193,196,199,202,204,206,209,211,212,213,215,216,216,217,218,220,220,219,219,221,220,220,221,221,221,222,221,222,222,222,222,222,222,222,222,221,223,222,222,222,222,221,221,221,221,221,221,220,220,220,220,221,220,219,219,219,219,219,219,218,218,218,218,218,217,218,217,216,217,216,216,216,216,215,214,214,214,214,214,213,213,213,213,212,211,211,211,211,211,210,210,209,209,210,208,208,208,208,207,207,207,206,207,206,206,206,206,205,205,205,204,204,203,203,203,203,203,202,202,202,202,202,201,201,201,200,201,201,201,201,201,201,200,201,201,201,201,201,201,201,201,201,200,201,200,200,201,201,201,202
174,174,174,176,180,179,181,182,183,184,185,185,185,184,183,183,180,180,177,176,175,173,167,162,160,159,155,153,147,145,145,143,141,140,139,138,136,136,136,136,134,134,135,137,144,148,178,182,184,189,191,194,198,201,203,206,208,211,212,213,215,216,216,216,219,219,220,219,219,219,220,220,221,221,221,222,221,221,221,221,221,222,222,222,222,223,223,222,222,221,222,221,221,221,221,221,221,221,221,221,220,220,221,220,220,220,220,220,219,219,219,219,219,218,218,217,217,217,216,216,216,216,216,215,214,214,214,214,213,213,213,213,213,213,211,212,211,211,211,210,210,209,209,209,209,209,209,208,207,206,207,207,207,206,206,205,205,205,205,204,205,204,203,204,204,203,203,203,202,203,202,202,201,201,201,201,201,201,201,201,201,201,201,201,202,201,202,201,201,201,201,201,201,202,201,201,201,202,201,201
166,167,166,168,168,168,166,164,164,165,164,165,167,167,168,171,173,174,177,181,182,183,180,176,173,171,166,161,155,153,148,146,144,141,140,138,138,136,135,135,135,134,134,135,143,145,173,181,183,187,190,193,196,200,202,205,208,211,212,214,215,216,216,217,218,219,219,219,219,220,220,220,221,221,222,221,222,221,221,222,222,222,222,222,222,222,223,222,222,222,222,222,222,222,222,222,221,221,221,221,221,221,220,220,220,220,220,219,219,220,219,219,218,218,218,218,218,217,217,217,216,216,216,215,214,214,214,214,214,213,213,213,213,212,211,211,211,211,211,210,210,210,209,209,209,209,208,208,207,207,207,206,206,206,206,206,205,206,205,205,204,204,204,204,203,204,203,203,203,203,203,203,202,202,201,202,202,202,202,202,201,202,201,201,201,201,201,202,202,201,201,202,202,202,201,201,201,202,201,202
156,156,156,156,155,155,153,155,154,154,154,152,154,154,153,153,154,155,156,160,163,168,171,173,176,177,177,176,174,166,163,158,150,146,145,143,141,138,136,135,136,136,135,136,141,145,164,180,181,186,188,193,196,199,200,205,208,210,211,213,215,215,216,217,218,219,220,219,220,220,220,220,221,221,221,221,221,221,221,221,222,222,221,222,221,221,222,222,222,221,222,221,221,222,222,222,221,221,221,220,221,221,221,221,221,221,220,220,219,219,219,219,219,219,218,218,217,218,218,217,217,216,216,216,215,214,214,214,214,214,213,213,213,212,211,212,212,211,211,209,209,210,209,209,209,208,208,208,208,207,207,207,207,206,207,206,206,205,205,205,205,205,204,204,204,204,202,203,204,203,202,203,203,202,203,202,202,202,202,202,202,201,201,201,201,201,202,202,202,202,202,203,201,203,203,202,202,202,202,201
145,146,144,142,143,143,144,143,141,141,140,140,141,142,138,139,139,140,141,143,146,148,150,152,154,156,159,163,168,171,174,175,172,168,162,154,149,148,146,144,143,142,141,142,145,148,159,177,182,184,186,191,195,199,199,205,207,210,211,213,214,214,217,217,219,219,219,219,219,220,220,220,220,221,221,221,221,221,221,222,222,222,222,222,222,222,222,222,222,222,221,222,221,222,222,222,222,221,221,221,221,221,221,220,220,221,220,220,220,219,219,219,219,218,219,219,218,218,218,217,217,216,216,216,216,215,214,214,214,214,214,213,213,213,212,211,212,211,210,208,208,209,208,209,208,208,208,208,208,208,208,207,207,207,206,206,206,206,205,205,205,205,204,204,204,205,204,204,204,203,203,203,203,202,202,201,201,201,202,202,201,201,200,202,201,202,201,202,202,201,202,202,203,203,202,202,203,202,201,202
140,138,137,135,135,135,133,132,131,131,131,130,129,130,128,128,127,127,127,128,129,130,133,135,137,137,138,140,142,145,150,152,156,158,164,167,168,167,166,165,163,162,162,159,158,157,159,172,178,182,186,189,194,198,201,204,207,209,210,213,214,214,216,217,218,219,219,219,219,220,220,220,220,221,221,221,221,221,221,221,221,221,221,222,222,222,222,222,222,222,222,221,222,222,222,222,221,222,221,221,221,221,221,221,221,220,220,220,220,220,219,220,220,220,219,219,218,218,218,217,217,217,217,216,215,215,215,214,214,214,214,213,213,213,212,212,212,211,211,209,208,209,209,209,208,208,208,208,208,208,208,207,207,207,207,206,206,206,205,204,205,204,205,204,204,204,204,204,203,203,203,203,202,203,203,202,202,202,201,202,201,201,202,202,202,202,202,202,202,202,203,203,203,202,202,203,203,203,202,202
141,141,140,137,135,132,130,129,129,127,127,126,126,125,124,124,124,122,123,123,122,122,123,123,124,123,123,126,125,127,129,131,132,136,140,142,143,146,148,148,150,150,151,154,158,159,159,165,177,182,184,187,192,195,200,203,206,209,210,212,214,214,216,217,218,218,218,219,219,220,221,221,221,221,221,221,221,221,221,221,221,221,221,222,222,222,222,222,222,222,221,221,222,222,222,222,222,221,221,221,221,221,221,221,221,221,221,221,221,220,220,219,220,220,219,219,219,218,218,217,217,217,216,216,216,215,215,215,215,215,214,214,213,213,213,213,212,212,211,210,211,209,209,209,208,208,208,208,208,208,208,208,207,207,207,206,206,206,205,205,204,205,205,205,204,204,204,204,204,203,203,203,203,203,203,202,202,202,202,202,201,202,202,202,202,202,202,202,202,202,202,203,203,203,203,203,204,203,203,202
157,153,150,146,143,140,138,137,137,136,132,129,128,128,127,125,125,122,123,123,122,122,122,122,121,121,120,119,120,120,121,121,122,121,122,123,124,125,126,128,128,127,129,132,136,138,141,150,172,181,184,186,192,193,199,202,205,208,209,211,214,215,216,217,218,219,219,219,219,220,221,221,221,221,221,221,221,222,222,221,222,221,222,222,222,223,223,222,222,222,222,222,222,222,222,222,222,222,221,221,221,221,221,221,221,221,221,220,221,221,220,220,220,219,220,220,219,219,218,218,218,217,217,217,216,215,215,214,215,215,215,214,214,214,213,213,212,212,212,212,211,210,210,209,209,209,209,209,208,208,208,208,207,207,207,207,206,206,206,205,205,205,205,205,205,204,204,204,204,203,203,203,203,203,203,203,203,203,202,202,202,203,203,202,202,203,203,202,203,203,203,203,203,203,202,203,203,203,202,202
165,164,162,160,157,153,150,148,146,145,143,140,139,138,136,134,132,129,129,126,125,125,123,122,122,121,121,119,119,118,119,118,117,116,117,117,118,118,119,120,120,121,121,121,124,126,130,140,165,177,183,185,191,192,197,201,205,208,210,213,214,215,216,217,218,218,219,219,219,221,221,221,221,221,221,222,221,221,223,222,222,221,222,222,222,222,222,223,222,221,221,222,222,222,222,222,222,222,222,221,222,221,221,221,221,221,221,221,221,220,220,220,220,219,220,220,219,219,219,218,217,217,217,217,217,216,216,215,215,215,215,215,214,214,213,213,213,212,212,212,211,210,210,210,210,210,209,209,208,208,208,208,208,207,207,207,207,207,207,206,206,205,205,205,205,205,205,204,205,204,204,204,204,203,203,203,203,203,202,203,202,203,203,203,203,203,204,203,203,203,203,203,203,203,202,203,204,203,203,202
164,163,164,163,161,160,159,158,157,155,152,150,149,148,148,144,143,139,139,137,134,133,132,129,129,128,125,125,123,123,124,123,123,122,121,119,118,118,119,120,121,121,122,122,124,126,129,136,157,175,179,185,189,192,197,200,204,207,210,212,214,214,216,216,217,217,217,219,219,220,221,221,221,221,221,222,221,222,223,222,222,221,221,222,222,223,223,222,222,222,222,222,222,222,222,222,222,222,222,222,222,222,222,222,221,220,221,221,221,220,220,220,220,220,220,219,219,219,218,218,218,218,217,217,217,216,216,216,216,215,215,214,214,214,213,213,213,212,212,212,211,211,210,210,210,210,210,209,209,209,208,208,208,207,207,207,207,206,207,206,205,205,205,205,205,205,205,205,204,205,204,204,204,204,204,204,204,203,203,203,204,203,203,203,203,203,203,203,203,203,203,203,203,203,203,203,204,204,202,204
162,161,162,160,160,160,162,163,162,160,158,157,153,152,153,150,149,148,148,146,145,144,142,141,138,137,134,133,134,133,132,131,129,128,128,127,126,126,126,125,124,126,128,127,130,133,135,138,149,170,177,183,188,191,196,199,203,206,209,212,213,214,215,217,217,219,218,219,219,220,220,221,221,221,221,222,221,221,222,222,222,222,222,223,223,222,222,222,222,222,222,222,222,222,223,222,221,222,222,221,222,223,222,222,222,221,220,220,220,221,220,220,220,220,220,219,219,219,219,219,219,218,217,217,217,217,216,216,215,215,215,215,215,214,213,214,213,213,212,212,212,211,211,210,210,210,210,209,209,209,209,208,208,208,207,207,207,207,206,206,206,206,206,206,206,205,205,205,205,205,204,204,204,204,204,204,204,203,203,203,204,204,203,203,203,204,204,203,204,203,203,204,204,203,203,203,204,203,203,203
161,160,160,160,160,159,160,160,160,159,159,158,156,156,155,153,151,152,152,153,152,150,149,146,145,145,143,142,141,139,138,136,136,135,133,133,132,132,131,131,132,132,134,137,138,142,143,142,150,164,176,180,187,189,193,197,202,205,209,212,213,214,215,216,217,218,218,219,219,220,221,221,221,221,221,221,221,221,222,222,221,222,222,222,222,222,222,222,222,222,223,222,222,222,222,222,221,222,222,222,222,222,221,221,221,220,221,221,221,220,221,220,220,220,220,219,219,220,219,219,218,218,218,217,217,217,216,216,216,216,215,215,215,214,213,213,213,213,212,212,212,211,211,211,211,210,210,210,209,209,209,209,208,208,208,207,207,207,207,207,206,206,206,206,206,205,206,205,205,205,205,205,204,204,204,204,204,203,204,203,204,204,204,203,204,203,204,204,204,204,203,204,204,204,204,204,203,204,203,203
160,159,161,161,161,160,160,160,159,158,157,156,156,156,156,154,153,154,153,153,153,152,149,148,147,147,145,143,142,141,140,140,140,139,137,136,135,136,136,136,138,139,141,145,146,148,149,146,145,159,173,176,184,188,191,196,200,204,208,210,212,213,215,216,217,218,219,219,220,220,221,221,220,221,221,221,221,221,221,222,221,221,221,222,222,222,222,223,222,222,222,222,222,222,222,222,222,222,222,222,222,222,222,221,221,221,221,221,221,220,220,221,220,219,219,219,219,219,219,219,218,218,217,218,217,217,217,216,216,216,216,215,215,214,214,214,214,213,213,212,212,212,211,211,211,211,210,210,210,210,210,209,208,208,208,208,207,207,207,207,206,206,207,206,206,206,206,205,205,205,205,204,205,205,204,204,204,205,204,204,204,204,204,204,203,204,204,204,204,204,204,204,205,204,204,205,204,204,203,203
166,165,164,163,160,159,160,160,159,157,157,157,156,156,155,154,153,153,153,153,153,154,153,150,150,148,148,146,144,143,143,142,142,142,141,140,139,139,140,142,143,145,146,148,147,149,150,150,150,152,170,176,181,187,190,195,199,202,206,209,211,214,215,216,217,218,219,219,219,220,221,220,220,220,221,221,222,222,222,221,221,222,222,222,222,223,223,223,222,222,222,222,222,222,223,222,222,222,222,222,222,223,222,221,221,221,221,221,220,220,221,221,221,221,220,219,219,220,219,219,218,218,218,217,217,217,217,217,216,216,216,216,215,215,214,214,214,213,213,213,213,211,212,211,211,211,211,211,210,210,210,209,209,209,208,207,207,208,207,207,207,207,206,206,206,206,206,205,205,205,205,205,205,205,205,205,204,204,204,204,204,204,204,203,203,204,204,204,204,205,204,205,204,204,205,204,204,203,204,204
167,165,162,162,160,159,160,160,159,159,160,158,159,160,159,155,154,154,154,153,154,154,152,151,151,149,149,149,148,148,147,146,145,145,144,142,142,142,143,144,145,146,148,149,150,150,151,152,152,152,165,173,179,186,189,194,197,201,205,210,211,214,214,215,216,218,219,219,219,220,221,220,220,220,220,222,221,221,222,221,222,222,222,222,223,222,222,222,222,222,222,222,223,222,222,222,222,221,222,222,222,222,222,222,222,222,221,221,221,221,220,221,221,221,221,220,220,220,220,219,218,218,218,218,217,217,217,217,216,216,216,216,215,215,215,214,215,214,214,213,213,212,212,212,211,211,211,211,210,210,210,209,209,209,208,208,208,207,207,207,207,206,206,206,206,206,206,206,205,205,205,205,205,204,204,205,204,205,204,204,204,204,204,204,204,204,205,204,205,204,205,205,205,205,205,205,205,204,204,204
168,165,165,166,165,164,163,162,162,163,163,164,162,163,160,156,155,155,154,153,153,152,151,153,153,151,151,151,152,151,150,151,151,149,148,147,147,147,147,148,147,148,150,152,152,152,154,155,153,152,155,170,177,184,189,193,198,201,203,208,212,213,215,215,216,217,219,219,219,220,221,220,220,220,221,221,221,221,222,222,222,223,222,222,222,222,222,222,222,222,222,222,223,222,222,222,222,222,222,222,222,222,222,221,222,222,222,221,221,221,221,221,222,221,221,220,220,220,220,220,219,218,218,218,218,217,217,217,216,216,216,216,216,215,215,214,214,214,214,213,213,212,212,212,212,211,211,211,210,210,210,209,209,209,209,208,208,208,208,207,207,207,207,207,206,206,206,206,206,206,206,206,206,205,205,205,205,205,205,205,204,205,204,204,204,204,205,205,204,205,204,205,205,205,205,205,204,204,204,204
168,166,167,167,167,166,164,164,165,166,166,165,164,163,159,157,156,154,153,153,153,153,153,153,153,151,152,152,153,154,154,151,150,151,150,151,152,151,151,150,151,152,154,154,156,155,156,156,153,151,153,167,175,181,185,191,197,200,204,209,211,213,214,215,216,217,218,218,219,220,220,220,220,220,221,221,222,222,222,221,222,221,222,221,222,222,222,222,222,222,221,222,222,222,222,222,222,222,222,222,222,222,222,222,222,222,222,222,221,221,221,221,221,221,221,221,220,220,220,220,220,219,218,218,217,217,217,217,217,217,216,216,216,216,215,215,215,215,214,214,213,213,212,213,212,212,211,211,211,211,209,210,209,209,209,209,209,208,208,208,207,207,207,207,206,206,206,206,206,206,206,206,206,205,205,205,205,205,205,205,205,205,205,205,205,204,205,205,204,205,205,205,204,204,205,204,204,204,204,204
168,167,167,168,167,165,164,165,167,168,168,167,162,160,157,155,154,154,154,154,154,155,155,154,154,154,154,154,154,155,154,155,154,154,154,155,155,156,155,155,155,155,155,154,155,153,151,149,149,150,152,163,173,179,184,190,194,199,203,207,210,213,213,214,215,217,218,219,219,220,220,220,221,220,220,221,221,221,221,222,222,222,222,221,222,222,222,222,222,222,222,222,222,222,222,222,222,222,222,222,222,222,222,222,222,222,222,222,222,221,221,221,221,221,221,221,221,220,220,220,219,219,219,218,218,217,218,218,218,217,217,217,215,215,216,215,215,214,214,214,214,213,212,213,212,211,211,211,211,210,210,210,210,209,209,209,209,209,208,208,208,207,207,207,207,206,206,206,206,206,205,206,205,205,205,206,205,205,205,205,204,204,205,205,205,205,204,205,206,205,206,205,205,205,205,205,204,205,205,204
167,165,165,164,164,164,163,165,165,163,161,160,158,156,154,153,153,155,155,154,154,155,155,154,154,155,155,156,155,156,156,154,156,157,157,158,158,157,157,156,156,155,153,152,150,150,147,147,148,148,150,160,170,177,182,187,192,197,202,205,208,212,213,214,215,216,217,218,219,220,220,221,221,221,221,221,221,221,221,221,222,222,222,221,221,222,222,222,222,222,222,222,222,222,222,222,222,223,222,222,222,223,222,222,222,222,222,222,221,221,221,221,221,221,222,221,221,220,220,220,219,219,219,218,219,218,218,218,217,217,217,216,216,216,215,215,215,214,214,214,213,213,212,212,212,213,212,211,211,211,211,210,210,210,209,209,209,209,209,208,208,208,208,208,207,207,207,207,207,207,206,206,206,205,205,206,206,205,206,205,205,205,206,205,206,205,205,205,204,205,205,205,205,205,205,205,205,205,205,205
167,164,164,164,165,165,165,163,160,158,156,154,155,154,154,157,156,157,157,155,156,156,156,155,155,155,156,158,158,160,160,159,160,159,161,160,159,159,158,157,157,155,152,152,151,150,149,148,148,149,150,155,170,175,182,186,191,195,200,206,207,210,213,213,215,216,217,218,219,220,220,220,220,220,220,221,221,221,221,221,221,222,222,221,221,221,222,222,223,221,222,222,222,222,222,222,223,223,222,222,222,223,222,222,222,222,222,222,221,221,221,221,221,222,221,221,221,221,221,221,220,219,219,219,218,218,218,218,218,217,217,217,216,215,215,215,215,214,214,214,213,213,213,213,212,212,212,211,211,211,210,211,210,210,209,209,209,210,209,208,208,208,208,208,208,207,207,207,207,207,207,206,206,205,205,206,206,206,205,206,205,206,206,206,206,206,206,206,206,205,206,205,206,206,205,205,205,204,205,204
167,165,164,165,165,164,161,159,156,155,154,153,153,156,157,157,157,157,157,157,157,157,158,158,157,159,160,161,163,164,164,162,162,162,162,161,161,159,158,158,158,157,156,156,156,154,152,150,149,149,151,154,166,174,180,184,189,194,197,204,205,210,213,214,215,216,217,218,219,219,219,219,219,220,221,221,221,221,221,221,221,221,221,221,222,221,221,222,222,222,222,222,222,222,222,222,223,222,222,222,223,223,222,222,222,223,222,221,221,221,222,222,222,222,221,221,220,221,220,221,220,220,219,219,218,218,218,218,217,217,217,217,216,216,216,216,215,215,214,214,214,213,213,213,212,213,212,212,211,211,211,210,210,210,210,210,209,210,210,209,209,209,208,208,207,207,207,207,207,207,207,207,206,206,207,206,207,206,206,206,206,206,206,206,206,206,205,206,206,206,206,206,205,205,205,205,205,204,204,204
167,164,163,164,163,161,156,155,154,155,155,155,157,158,157,159,158,159,157,158,159,159,160,160,161,161,163,164,165,165,164,164,164,163,164,164,163,161,161,162,162,161,162,163,162,160,157,155,153,152,151,153,159,173,178,183,188,193,197,202,206,208,212,214,214,216,216,218,219,219,219,219,219,220,220,220,221,221,221,221,220,221,221,222,221,221,221,222,222,221,221,222,222,222,222,222,222,222,222,222,222,223,223,223,222,223,222,222,222,222,222,222,222,222,222,221,220,221,221,220,220,219,219,219,218,218,218,218,218,217,217,217,216,216,216,216,216,215,215,214,214,214,213,213,213,213,212,212,212,211,211,211,212,211,210,210,211,210,209,209,209,208,208,208,208,207,208,207,207,207,206,206,206,207,206,206,206,206,206,206,206,206,206,206,206,206,206,206,206,207,206,206,206,205,205,205,205,204,204,204
169,165,165,162,162,160,158,158,157,159,159,159,159,159,160,160,159,160,160,160,161,161,162,162,163,163,164,165,166,167,166,165,165,165,167,167,167,167,166,167,168,171,170,170,169,168,165,163,159,158,156,153,154,173,177,182,187,193,195,202,204,209,212,213,214,215,216,218,219,219,219,219,219,220,220,220,220,220,220,221,221,221,221,221,221,222,222,222,222,221,222,222,222,223,222,222,223,223,223,223,223,223,223,223,223,223,222,222,222,222,221,221,222,222,222,221,221,221,220,220,220,219,219,219,219,219,218,218,218,217,217,217,217,216,216,216,216,215,215,215,215,214,214,213,213,213,212,212,212,212,211,211,212,211,211,210,210,210,209,209,209,209,208,208,208,208,208,208,208,207,208,207,207,207,207,206,206,206,206,206,207,207,206,206,207,206,206,206,206,206,206,206,206,206,205,205,205,205,204,204
168,166,166,165,164,164,161,161,161,162,161,161,161,161,163,163,164,164,163,164,164,164,163,164,164,164,166,167,168,169,171,171,172,174,175,175,174,175,175,170,167,163,161,157,154,154,154,153,150,150,149,150,151,170,175,180,185,191,196,199,202,208,211,213,214,215,216,217,218,219,219,219,219,220,220,220,220,220,220,221,221,221,221,221,221,221,221,221,222,221,222,222,222,223,223,223,223,223,223,223,223,223,223,223,223,223,222,223,222,222,222,222,221,221,221,221,221,221,220,220,219,219,219,219,219,218,219,218,218,217,218,218,218,217,216,216,216,215,215,215,214,214,213,213,213,213,212,213,212,212,212,212,211,211,211,210,210,210,209,209,209,209,209,208,208,208,208,207,207,207,208,207,207,206,207,207,207,207,207,207,206,207,206,206,206,207,206,206,207,206,206,206,205,206,206,205,205,206,205,205
171,168,168,167,165,166,165,164,164,164,162,163,164,165,167,166,168,167,166,166,164,164,164,164,164,166,168,170,170,172,176,176,177,179,178,172,166,161,157,154,152,150,148,146,145,142,139,139,138,140,143,146,149,161,175,179,185,189,194,198,203,207,210,212,213,215,216,217,218,218,219,219,220,220,220,220,220,220,220,220,220,221,221,221,221,221,221,222,221,221,222,222,222,222,223,223,223,223,223,223,223,223,223,223,223,223,223,222,222,222,222,222,221,222,221,221,221,221,220,220,220,219,220,219,219,219,219,219,218,218,218,217,217,217,216,216,216,215,215,215,215,215,214,214,214,213,213,213,213,212,212,212,211,211,211,210,210,210,209,210,209,210,209,208,209,208,208,208,208,208,208,208,208,207,207,207,207,207,207,207,207,207,207,207,207,206,207,207,207,206,206,206,206,205,205,206,206,205,205,205
169,168,166,167,166,166,166,165,165,166,167,168,168,169,168,167,168,169,168,167,166,166,167,169,170,172,173,174,176,177,180,180,180,176,167,161,157,154,154,153,151,150,148,145,142,140,137,137,138,140,142,146,149,157,172,179,183,188,195,196,201,204,209,211,213,214,215,217,218,218,219,219,219,220,220,220,220,220,221,221,221,221,221,221,221,221,221,221,221,221,221,221,222,222,223,223,223,223,223,223,223,223,223,223,223,223,222,222,222,222,222,222,222,222,222,221,221,221,221,220,220,220,219,220,219,219,220,219,219,218,218,218,217,216,217,217,216,216,216,215,215,215,215,214,214,214,213,213,213,212,213,212,212,211,211,211,210,210,210,210,209,209,208,209,208,208,208,208,208,208,208,208,208,207,208,207,207,206,207,208,207,207,207,207,207,206,206,207,207,207,207,207,206,205,206,206,206,206,206,205
169,168,168,167,168,169,169,168,169,170,170,171,170,170,170,170,169,171,171,169,170,172,175,174,175,179,179,180,181,180,180,177,170,166,158,156,157,156,155,155,154,152,150,150,147,146,144,144,144,146,145,146,148,153,170,176,181,186,191,196,201,202,207,210,211,214,215,216,218,218,218,219,219,219,219,219,220,220,220,220,220,221,221,221,221,221,221,221,221,221,221,221,222,222,223,223,223,223,223,223,223,223,223,223,222,223,222,222,222,222,222,222,222,222,221,222,221,221,221,220,220,220,220,219,219,219,219,218,218,218,218,217,217,216,217,217,216,216,216,216,215,215,215,214,214,214,213,213,213,212,212,212,212,212,211,211,211,210,210,210,209,209,209,209,208,209,208,209,208,209,208,208,208,208,208,207,208,207,207,207,207,207,207,207,207,207,207,207,207,206,207,206,206,207,206,205,206,206,206,205
171,169,169,168,169,171,170,170,173,173,174,174,174,174,172,171,172,176,177,175,178,180,183,184,184,185,184,182,182,177,174,170,164,162,159,159,159,159,159,160,159,159,156,154,153,152,151,150,150,149,147,149,150,152,168,175,177,184,190,194,200,203,206,209,211,213,214,215,217,218,218,219,219,219,219,219,219,220,220,220,220,220,221,221,221,221,221,221,221,221,221,222,222,222,222,222,222,223,223,223,223,223,223,222,222,222,222,222,222,222,222,222,222,222,222,222,222,221,220,221,220,220,220,220,219,220,219,219,218,218,218,217,217,217,217,217,216,216,216,216,215,215,215,214,214,214,213,213,212,213,212,212,212,212,211,210,210,210,210,210,209,210,209,209,209,208,208,209,208,208,208,208,208,208,208,208,208,207,208,208,207,207,207,207,207,207,207,207,207,207,206,206,206,205,206,206,206,206,205,206
176,175,175,174,175,175,177,177,176,176,179,179,180,180,180,180,183,187,186,186,187,188,190,189,186,185,183,182,179,174,171,168,165,162,161,161,162,162,162,162,163,160,158,155,154,154,153,153,154,152,149,148,149,151,162,177,179,183,188,192,197,202,206,208,211,213,214,215,216,218,219,219,219,219,219,219,220,219,219,220,220,220,220,220,221,221,221,221,221,221,221,221,222,222,222,222,222,222,222,223,223,223,222,222,222,222,222,223,222,222,223,222,222,222,222,222,221,222,221,221,221,220,220,220,219,220,219,219,218,219,218,217,217,217,217,217,216,215,216,215,215,215,214,214,214,214,214,213,213,212,212,212,212,212,211,211,211,210,210,210,209,210,210,209,209,209,209,208,208,208,208,208,208,208,208,208,208,208,208,207,208,207,207,207,208,207,207,207,207,207,207,207,207,206,206,206,206,206,205,206
181,180,183,183,184,185,186,185,186,187,188,188,188,189,190,192,192,193,193,191,191,193,192,189,186,185,183,180,178,174,172,171,172,171,169,170,168,170,169,167,164,160,158,156,155,154,154,153,153,151,149,147,148,150,157,174,177,181,185,191,195,199,203,208,210,213,213,215,216,217,219,218,218,219,219,219,219,219,220,219,220,220,220,221,220,220,221,220,221,221,221,221,221,222,222,222,222,222,222,222,223,223,223,222,223,223,223,223,223,223,222,222,222,222,222,221,221,222,221,221,221,220,220,220,219,219,219,219,219,219,218,218,217,217,217,217,216,216,215,215,215,215,214,214,213,213,213,213,213,213,212,212,213,212,211,211,211,211,211,211,210,210,210,210,210,210,209,209,208,209,209,209,208,209,209,208,208,208,208,208,208,208,208,207,207,207,208,208,208,207,207,207,206,207,206,206,206,206,206,206
188,187,192,194,195,195,196,196,198,196,195,194,197,198,197,195,193,193,193,190,187,186,185,182,181,177,177,177,174,173,172,173,173,172,171,172,170,170,168,165,162,160,158,156,155,153,152,151,152,150,148,148,148,151,156,169,176,180,186,190,193,198,202,206,209,211,212,214,215,217,219,218,219,219,219,218,219,219,219,219,220,221,220,221,220,221,220,221,220,220,221,221,221,221,222,222,221,222,222,223,222,223,223,223,222,222,222,223,222,223,222,222,222,222,222,221,222,221,221,220,220,220,220,220,220,220,219,219,219,219,218,218,217,217,217,217,217,216,216,215,215,215,214,214,214,213,213,213,213,213,212,213,212,212,212,211,211,211,211,210,210,210,210,210,210,209,209,208,209,209,210,209,209,209,208,208,208,208,208,208,208,208,208,208,208,207,208,208,208,207,207,207,206,207,207,206,207,207,206,206
199,197,201,200,201,201,200,198,199,198,195,193,191,192,190,187,184,182,181,179,173,172,171,170,169,169,168,168,166,168,165,165,162,160,161,159,157,154,154,153,152,151,151,152,151,151,150,149,148,148,149,149,150,155,158,163,176,178,183,190,193,196,201,204,209,211,213,214,215,216,217,219,219,219,219,218,219,219,219,219,220,220,220,220,221,220,219,220,220,220,220,221,221,221,221,222,222,222,222,222,222,222,222,222,222,222,222,222,222,222,221,221,222,222,221,221,221,220,220,220,220,219,220,219,219,219,218,218,217,217,217,217,216,217,216,216,215,215,215,214,214,214,213,214,213,213,212,212,212,212,212,212,211,212,212,211,211,210,210,210,210,210,210,210,210,209,209,209,209,209,209,209,209,209,209,209,208,208,208,208,209,208,208,207,207,208,207,208,207,207,207,207,207,206,207,206,206,206,206,206
201,198,199,197,196,193,191,188,186,186,184,183,176,176,174,172,169,166,165,163,159,159,158,156,157,156,155,155,154,153,151,148,144,143,143,144,143,141,141,141,140,140,144,144,146,145,146,146,146,147,148,149,153,158,158,158,171,176,182,187,192,196,200,203,208,210,212,213,215,215,216,217,218,218,218,218,219,219,219,220,219,220,220,220,220,220,220,220,220,220,220,221,221,221,221,221,222,221,221,222,222,221,221,221,221,221,221,221,221,221,220,220,221,220,220,220,220,220,219,219,218,218,218,218,218,218,218,217,216,216,216,216,215,215,215,214,214,214,214,214,213,213,212,212,213,212,212,212,212,211,211,211,211,212,211,211,210,210,211,211,211,210,210,210,210,210,209,209,209,209,208,209,208,208,208,208,208,209,208,208,208,208,208,208,208,208,208,208,208,208,207,207,207,207,207,206,206,206,206,206
190,186,185,184,184,182,179,174,174,173,173,170,168,167,167,163,158,156,156,153,150,150,148,146,145,144,144,143,142,141,139,136,135,135,137,137,139,140,139,141,143,143,145,145,144,143,144,145,146,146,146,145,148,151,150,151,170,175,182,186,191,195,199,203,207,210,213,213,214,215,216,217,218,219,219,218,219,219,219,219,219,219,219,220,219,219,219,220,219,220,220,220,220,220,221,221,220,220,220,221,220,220,221,220,220,220,220,220,219,220,220,219,219,219,219,219,218,218,217,216,216,216,217,216,216,216,215,215,215,215,215,214,214,214,214,213,213,213,212,212,212,211,211,212,211,212,211,211,210,210,210,210,211,211,210,211,210,210,210,211,210,210,209,210,209,209,209,209,209,209,208,208,208,209,208,208,208,209,209,208,208,208,208,208,208,208,208,207,207,208,207,207,207,207,207,207,207,207,207,207
184,182,179,177,177,176,175,171,169,169,166,163,161,160,158,153,151,148,147,146,145,143,142,141,140,139,138,138,136,135,134,135,136,138,140,143,147,149,149,150,150,149,149,148,147,146,146,146,146,147,147,147,146,144,142,144,166,174,180,187,191,192,198,202,205,208,211,213,214,215,215,216,218,218,218,218,218,219,219,219,219,219,219,219,219,219,219,219,219,219,219,220,220,220,220,219,220,219,219,220,220,220,220,219,219,219,218,218,218,218,217,217,218,217,217,217,217,217,216,215,215,214,214,214,214,213,213,213,213,213,213,213,213,213,211,212,212,212,211,211,210,210,210,210,210,210,210,210,209,210,210,209,210,210,209,210,209,209,210,210,210,209,209,209,209,209,208,209,208,208,208,208,208,208,208,208,208,208,208,209,208,208,208,208,209,208,208,208,208,208,207,207,207,207,206,206,207,207,207,207
180,178,175,173,171,171,171,168,164,162,158,155,153,151,149,148,146,143,142,143,142,141,141,140,139,139,140,139,139,141,144,147,148,150,151,153,154,154,154,153,152,152,152,153,152,152,152,149,150,150,150,150,147,142,140,143,161,174,178,186,190,192,196,201,204,208,210,213,213,214,215,217,218,218,218,218,218,218,219,219,219,219,219,219,219,219,218,219,219,219,219,220,220,219,219,219,219,218,218,219,219,218,218,218,218,218,217,217,216,216,216,215,214,214,215,215,214,214,214,213,213,212,212,212,211,210,210,211,211,210,210,211,211,210,210,210,209,210,209,209,209,209,209,209,209,209,209,209,209,209,208,209,208,209,208,209,209,209,210,209,209,209,209,209,209,208,208,208,207,208,208,208,208,208,207,208,208,208,209,208,208,208,208,208,208,208,208,208,208,208,208,207,208,207,207,207,207,207,207,207
174,171,167,163,161,157,155,153,150,147,147,143,143,143,143,143,141,140,141,141,140,141,141,143,144,146,149,152,153,155,155,159,157,158,159,159,158,158,158,158,157,158,158,160,160,160,160,155,152,151,152,152,150,147,145,142,160,173,177,185,188,192,196,200,203,205,209,214,213,214,215,216,217,218,218,218,218,218,218,218,218,218,218,218,218,218,218,218,218,218,218,218,218,218,218,218,218,217,217,217,215,213,216,214,215,214,216,215,214,214,214,213,212,212,212,212,211,212,213,211,209,209,209,199,146,126,157,204,207,208,209,208,209,209,208,209,209,208,208,208,208,207,208,208,208,208,208,208,208,208,208,208,208,208,208,208,208,208,209,208,209,208,208,208,208,208,208,208,208,208,207,208,208,207,208,208,208,208,208,208,208,208,208,208,208,208,208,207,207,208,208,208,208,208,207,207,207,208,206,207
161,159,159,156,153,152,152,151,150,147,149,144,148,149,149,148,148,150,151,147,149,149,151,153,155,157,158,160,161,162,163,165,166,164,165,165,162,161,160,161,162,164,167,169,167,164,164,158,156,154,152,152,152,153,155,149,156,171,173,183,187,192,196,199,202,205,207,212,213,214,215,215,216,218,217,218,218,218,218,218,218,217,217,217,217,217,217,217,217,217,216,216,216,216,216,216,216,217,208,191,183,181,188,165,189,198,203,212,213,213,212,212,210,210,199,177,162,148,132,117,102,92,79,50,66,76,75,119,203,206,206,207,207,207,207,207,208,208,207,206,207,207,207,207,207,207,207,207,207,207,207,207,207,207,207,207,208,208,208,208,207,208,208,207,208,207,207,208,207,208,208,208,207,207,208,207,208,207,208,208,208,208,208,208,208,209,208,208,208,207,208,208,208,207,208,207,207,207,207,207
168,168,166,161,162,160,159,160,158,157,156,156,157,156,156,157,158,160,160,158,161,161,161,162,164,162,166,169,166,167,167,168,167,166,164,164,163,163,162,166,168,168,169,168,164,158,157,152,151,148,147,147,147,148,153,158,152,172,173,182,184,191,194,198,202,204,207,211,212,213,214,215,216,217,218,217,217,217,217,217,216,216,217,217,216,216,216,216,215,215,215,215,216,215,215,214,196,131,84,75,73,72,80,102,121,125,172,202,201,206,191,164,127,92,71,65,63,62,61,62,58,51,38,43,72,62,61,65,162,201,204,205,206,206,205,206,205,205,205,205,205,206,206,206,206,205,206,206,206,206,206,206,206,206,206,207,206,207,207,207,207,207,207,207,207,207,207,206,207,207,207,207,207,207,207,208,207,207,207,208,208,208,208,208,208,208,208,207,207,208,208,208,208,207,207,207,207,208,207,207
172,171,170,169,167,165,163,166,164,162,166,164,164,166,167,167,169,170,169,171,171,172,171,168,169,173,173,175,177,174,174,174,173,168,167,170,173,176,176,178,175,173,170,164,158,152,146,140,134,129,124,124,128,136,141,149,152,168,173,180,183,188,193,196,200,203,206,210,211,213,214,214,215,216,217,217,217,216,216,215,215,215,215,215,215,215,214,214,214,214,211,214,215,204,201,166,86,68,63,64,64,63,64,64,42,34,44,62,67,70,59,62,59,49,35,22,20,18,20,21,25,30,49,66,55,50,50,50,126,200,201,203,204,202,202,203,203,204,203,204,205,204,205,205,204,204,205,205,206,206,206,205,205,205,206,205,205,206,206,207,206,207,207,207,207,206,206,206,207,207,206,208,207,207,207,207,208,207,208,208,208,208,208,208,208,208,208,208,208,207,208,208,208,207,208,208,208,207,208,207
175,174,172,172,171,170,170,171,171,172,173,170,174,176,177,179,179,180,181,180,179,183,183,180,181,184,184,184,180,180,178,178,177,176,178,179,180,181,178,174,170,164,160,150,139,128,126,132,135,144,145,141,132,122,116,130,146,163,171,179,182,186,191,195,198,202,205,207,211,211,212,214,215,215,215,215,215,215,214,214,213,214,214,213,213,214,213,213,214,212,201,208,172,153,127,63,62,58,53,53,54,53,59,64,37,18,24,30,36,39,39,36,31,27,28,34,38,43,47,52,51,55,59,49,45,44,44,39,140,198,188,180,188,200,197,189,170,173,192,202,192,196,197,193,198,202,203,204,205,205,205,205,204,205,204,204,205,206,206,205,206,206,206,206,206,206,206,206,206,206,206,206,206,207,207,207,208,207,208,208,208,208,208,208,208,208,208,208,208,208,208,208,208,208,208,207,208,208,207,208
178,174,173,173,172,172,176,178,178,176,180,177,181,185,187,187,186,187,187,187,185,186,186,185,186,187,182,179,179,181,181,180,180,180,178,172,169,168,164,160,154,145,133,134,147,164,170,171,170,169,167,164,161,160,149,119,131,157,171,176,182,185,189,193,197,200,203,207,208,210,210,212,213,213,214,214,214,214,213,212,211,212,212,208,207,209,185,199,173,119,112,89,50,75,45,35,26,24,29,31,33,35,36,46,48,28,33,39,47,49,50,47,41,42,40,37,43,45,48,52,54,56,49,44,41,38,35,45,134,147,138,115,103,119,120,112,84,75,91,94,86,102,119,120,141,171,193,196,200,203,203,203,203,203,204,203,203,203,205,205,204,205,205,204,206,205,205,206,206,206,206,206,206,206,207,207,207,207,208,207,208,208,207,208,208,208,208,208,208,209,209,208,208,208,207,208,208,207,207,208
175,173,173,175,175,177,178,182,182,185,190,187,186,191,191,192,192,190,187,186,184,184,186,183,180,176,174,173,171,171,168,167,167,165,162,160,157,157,155,140,132,145,165,178,178,176,174,172,169,167,165,164,163,163,159,155,115,146,171,174,180,184,188,191,195,199,202,205,207,208,209,210,211,212,213,213,213,212,212,212,207,196,208,190,192,174,143,121,88,36,36,39,39,40,37,43,54,61,64,67,71,71,71,67,62,68,66,71,73,71,71,73,72,74,75,85,87,78,77,74,74,76,76,77,76,76,79,79,77,80,76,79,80,83,85,81,80,81,80,79,75,71,65,57,57,66,81,114,145,180,196,198,202,202,202,202,202,203,204,204,204,204,204,205,204,204,205,205,205,206,206,206,206,206,207,207,207,207,207,207,208,208,208,208,208,208,208,208,208,208,208,208,208,208,208,208,208,207,208,208
181,180,182,182,184,185,189,191,193,193,193,192,191,191,189,187,187,185,183,181,180,179,180,175,167,164,162,163,160,157,157,155,153,151,149,147,146,141,135,151,175,183,183,182,179,177,171,170,168,167,165,164,163,163,159,159,136,138,169,174,178,182,186,190,192,197,200,203,205,206,208,208,210,210,210,211,211,210,207,202,190,190,150,128,100,69,55,37,38,35,44,56,59,62,67,69,71,73,74,75,77,77,74,73,72,71,70,70,67,69,66,65,65,64,64,63,64,67,67,68,69,72,74,76,76,79,79,80,83,83,82,81,82,82,80,79,78,80,81,80,77,80,75,76,70,67,61,58,63,75,103,153,190,195,199,198,200,201,202,203,204,204,204,204,203,203,204,205,204,205,205,206,205,206,206,206,207,207,207,207,208,208,207,207,208,208,208,208,208,208,209,208,208,208,208,208,208,208,208,207
189,190,191,192,193,194,192,193,193,191,190,191,186,185,184,181,182,178,174,172,171,171,168,160,155,154,152,152,150,150,151,152,154,152,150,145,138,160,180,184,184,185,183,181,178,176,173,171,170,168,167,166,164,164,161,161,155,127,164,174,179,182,185,189,192,196,198,201,203,204,204,205,207,207,204,202,185,178,151,125,78,53,54,62,66,61,60,63,58,58,62,66,73,74,74,76,77,77,78,78,76,77,74,72,70,68,67,64,63,66,65,64,64,63,62,61,63,64,65,66,68,70,73,74,77,80,79,81,83,84,87,88,86,83,78,77,77,76,76,76,75,75,75,75,74,73,69,66,66,64,61,64,90,123,171,184,196,199,200,201,201,201,202,202,202,202,203,203,204,204,205,205,204,206,206,206,206,206,207,207,207,207,207,207,207,207,207,208,207,208,208,208,208,208,208,208,207,207,207,207
197,196,196,196,194,190,184,185,187,183,183,183,180,178,176,171,168,167,166,165,162,161,159,150,147,146,145,149,153,154,153,152,154,149,142,150,180,189,187,186,185,182,181,179,178,175,172,170,170,169,169,168,165,165,163,162,162,125,163,173,176,180,185,188,192,194,195,197,201,203,201,196,192,172,151,101,83,46,38,31,31,27,45,44,47,55,58,66,67,72,73,74,73,73,76,77,78,80,80,79,76,76,75,73,71,68,66,66,66,65,65,64,63,63,63,62,63,63,65,66,69,70,72,75,77,77,77,74,75,74,79,77,77,80,82,82,80,77,74,74,74,73,75,74,72,73,74,74,73,73,74,71,69,66,79,137,176,197,198,200,200,200,200,201,201,201,201,202,203,203,203,204,204,204,205,206,206,205,207,207,207,207,207,207,207,208,207,208,207,208,208,208,207,208,208,208,208,207,207,208
197,194,192,191,186,183,181,183,185,181,177,172,169,168,164,164,162,163,160,155,154,150,147,144,146,147,151,154,155,156,158,158,153,148,173,188,190,190,187,186,183,179,177,175,174,174,172,168,163,155,141,121,118,126,139,153,160,140,163,170,174,176,178,185,186,190,195,184,186,184,135,117,87,36,30,42,24,34,30,36,52,31,36,46,54,63,67,71,73,77,78,76,74,75,78,79,78,80,80,80,79,78,76,74,71,69,68,68,67,66,65,65,65,65,63,63,63,63,65,69,71,72,75,77,77,77,76,74,72,71,74,71,71,70,75,74,75,76,75,75,74,74,75,74,73,73,74,75,75,75,76,76,78,77,74,70,88,141,175,194,197,199,200,200,200,201,200,201,202,203,203,204,203,204,204,204,205,205,206,206,207,206,206,207,207,207,207,207,208,207,208,208,208,208,207,207,208,207,208,207
188,186,185,182,181,180,180,179,177,174,171,170,165,161,158,156,154,153,151,149,146,143,145,148,151,156,158,158,160,161,160,150,159,187,189,190,191,188,185,181,179,177,177,175,167,167,152,112,73,48,38,39,37,36,43,74,134,158,166,167,172,176,182,184,183,175,168,135,105,66,34,37,36,36,18,22,22,29,21,31,27,31,34,58,69,71,71,72,73,71,78,77,78,78,82,82,82,82,79,80,79,79,75,73,71,68,68,68,66,66,65,65,64,64,63,63,62,62,65,71,72,73,74,76,77,77,76,72,71,71,69,67,69,66,69,70,69,70,72,73,73,74,73,73,72,73,74,74,74,75,76,77,78,78,80,79,76,71,102,144,155,190,199,198,199,198,199,200,201,201,202,203,203,203,204,204,204,205,205,205,206,206,207,206,207,207,207,207,207,207,207,208,208,208,207,208,207,207,207,207
185,182,182,180,179,179,178,176,171,164,165,165,161,156,153,152,151,151,148,147,148,154,159,159,163,165,164,165,166,160,153,176,190,192,191,190,188,184,183,180,178,177,176,166,139,86,44,36,38,39,41,41,42,47,59,49,63,131,162,164,168,173,139,139,128,100,86,50,34,36,43,40,36,38,22,19,18,22,41,38,46,58,62,66,71,74,70,76,69,73,70,79,84,82,86,84,84,83,83,82,81,80,75,73,70,68,68,67,67,67,65,63,63,62,60,60,62,64,66,73,75,76,76,75,74,75,74,71,70,70,67,67,65,64,62,64,65,66,67,68,68,69,71,71,71,71,72,72,73,73,74,74,75,76,76,78,82,83,82,80,106,161,193,197,198,198,198,199,200,200,200,201,202,202,203,203,203,203,204,205,205,206,206,206,206,206,207,207,207,207,208,208,208,208,207,207,207,208,207,207
183,181,181,178,180,177,175,169,164,163,162,160,157,157,155,152,153,151,153,155,160,159,162,164,163,167,168,168,155,158,183,191,192,194,192,188,182,182,183,180,179,171,130,69,34,36,39,36,37,39,42,48,45,47,76,87,75,74,139,135,119,94,70,49,49,34,30,30,38,25,21,26,22,23,31,29,28,42,55,58,59,65,69,65,70,74,73,77,78,81,75,79,86,86,86,83,82,83,85,84,83,81,75,73,69,67,68,65,66,66,64,61,60,58,55,54,60,68,72,79,76,74,74,73,73,72,74,73,71,69,67,64,61,59,59,59,60,64,65,66,67,68,69,69,69,69,70,70,70,71,71,72,73,72,73,73,75,81,83,84,83,90,129,183,197,196,197,199,199,199,200,201,201,202,203,202,203,203,204,204,204,205,205,205,205,207,207,207,207,207,207,207,208,207,207,207,207,207,207,207
184,177,180,178,177,173,171,167,162,163,164,159,158,158,159,158,158,157,158,161,163,162,164,168,168,173,170,159,171,191,191,194,192,191,188,185,181,183,183,178,148,81,43,46,51,57,58,60,61,62,61,58,66,78,65,95,75,51,55,74,79,64,56,47,53,38,24,21,31,34,33,34,41,42,50,50,49,58,55,57,64,62,66,67,73,76,76,78,80,81,81,84,86,84,85,87,82,78,84,84,84,76,74,70,67,65,65,64,64,65,62,60,56,53,49,47,47,42,49,65,71,70,70,71,71,65,67,73,73,72,68,63,58,56,55,53,56,59,63,64,65,67,68,67,67,67,67,68,69,69,69,70,71,72,71,72,74,75,77,82,84,84,81,130,173,189,197,198,199,199,199,200,200,201,201,202,202,203,203,204,204,205,205,205,205,206,207,206,207,207,207,208,208,208,208,207,207,208,207,207
180,177,177,176,175,170,167,163,164,166,164,161,163,161,160,159,160,161,163,163,166,171,170,172,174,170,157,176,192,193,194,194,190,187,185,184,186,183,169,103,50,50,55,61,59,58,58,56,56,53,67,82,71,72,72,83,64,45,42,31,45,57,44,36,41,47,43,33,43,39,43,50,52,56,52,38,48,47,68,68,63,66,72,75,76,78,74,74,78,77,78,79,84,82,82,85,83,81,84,79,80,74,72,69,66,63,62,60,61,61,61,59,54,50,46,41,50,39,27,47,63,67,68,71,72,71,68,70,69,71,68,63,58,56,54,52,51,58,60,63,64,64,66,67,65,66,67,68,68,68,69,69,69,71,71,71,72,73,75,77,78,79,83,86,117,164,194,198,199,198,200,200,200,200,201,201,202,202,203,204,204,204,204,205,205,204,205,206,206,207,207,207,207,207,208,207,208,208,208,207
181,179,175,173,174,170,169,169,167,168,166,167,166,162,162,163,164,167,165,169,175,178,176,176,175,158,174,191,194,194,192,190,188,186,185,187,182,139,66,50,52,60,60,57,56,52,64,67,58,86,81,63,51,26,22,14,42,43,25,32,37,40,47,30,28,35,38,26,44,49,47,50,53,55,53,46,54,60,72,65,71,74,77,74,72,77,76,75,76,73,74,78,79,81,81,79,83,79,77,75,77,76,73,70,67,62,59,57,58,59,61,62,51,43,41,43,57,59,35,22,48,64,70,74,74,71,68,70,70,73,69,64,59,57,54,51,52,55,58,62,64,65,65,66,65,65,66,67,68,68,68,68,68,69,70,70,70,71,71,72,73,75,79,80,86,107,169,193,197,197,199,199,199,200,200,200,201,202,202,202,203,203,204,204,204,205,205,205,206,206,207,206,207,207,207,208,207,207,207,207
180,178,176,173,175,172,174,170,171,169,169,170,166,162,162,165,166,171,173,175,177,180,178,177,160,172,191,195,196,194,191,189,185,184,184,174,114,47,50,60,61,60,57,53,65,83,75,95,126,82,82,82,35,30,48,36,24,22,40,43,29,36,35,33,31,27,26,36,51,62,64,45,52,61,61,65,67,69,71,70,74,77,76,72,70,69,72,71,71,71,74,75,75,79,79,80,81,78,74,75,74,72,70,68,66,63,58,58,58,60,62,62,49,32,37,65,65,56,51,39,21,53,69,74,78,75,71,71,71,73,69,65,59,56,53,54,55,56,64,66,66,67,66,66,65,65,65,66,67,66,66,66,67,67,68,68,68,68,70,70,71,72,74,77,79,84,98,150,190,197,198,199,198,199,199,199,200,201,201,201,202,203,204,204,204,204,205,205,205,206,206,206,206,206,206,207,207,206,207,207
181,179,179,175,175,174,174,170,172,170,169,168,166,165,167,169,171,178,178,178,179,181,179,158,173,194,194,197,195,192,187,186,186,183,166,88,47,53,58,57,56,56,55,59,86,103,104,75,76,68,72,40,64,45,22,40,45,29,22,34,28,29,25,29,31,39,47,60,66,74,62,49,51,59,59,58,61,62,62,66,73,78,69,70,73,69,68,69,70,70,72,71,74,76,79,85,84,76,74,74,73,71,71,68,65,61,57,56,59,62,63,59,51,30,30,60,57,50,46,44,36,30,63,70,77,77,74,73,72,73,70,63,59,56,52,56,57,55,64,68,69,68,66,66,65,64,64,64,64,65,65,66,65,67,67,67,67,67,67,68,70,72,73,75,78,78,81,91,141,185,197,198,198,199,199,199,199,200,200,200,202,202,203,203,204,204,204,205,205,206,206,205,206,206,206,206,206,206,207,206
181,181,179,176,175,174,176,174,170,167,168,170,168,170,174,177,179,181,179,178,179,183,162,173,194,196,197,196,192,190,186,185,183,162,72,50,54,56,57,57,55,58,55,99,105,79,40,46,65,62,65,51,46,61,44,48,57,30,34,36,36,42,31,42,47,51,51,50,50,63,68,65,66,68,57,53,62,67,68,68,73,74,71,67,71,74,72,73,73,73,72,72,73,76,78,80,82,75,73,71,70,69,70,68,63,60,57,58,60,62,62,57,34,18,24,55,53,49,44,45,42,28,35,65,74,75,75,75,75,74,71,59,55,54,54,56,57,58,64,70,71,69,67,67,65,64,64,64,66,66,65,66,65,67,67,66,67,66,68,69,70,71,73,75,76,75,77,81,89,131,189,198,198,199,199,199,199,199,200,200,200,202,202,203,203,203,203,205,205,205,206,206,205,205,206,206,206,206,206,206
181,180,178,175,176,176,174,173,168,166,170,173,174,172,174,178,181,177,176,181,186,168,171,195,196,198,198,195,193,189,187,184,159,68,49,50,55,58,53,53,59,63,63,126,107,96,107,91,80,66,46,60,48,44,52,56,59,48,37,42,45,45,38,40,50,55,47,40,35,51,57,62,54,62,54,58,59,67,74,68,73,71,70,68,69,76,72,75,77,76,78,75,77,77,78,78,74,71,71,70,70,69,67,64,60,58,56,57,60,60,59,56,30,12,12,44,49,46,45,43,43,39,24,64,73,75,76,76,76,74,64,62,54,42,48,56,55,59,63,71,71,70,68,68,66,65,65,64,65,65,66,65,65,67,66,66,67,67,68,70,71,72,71,72,74,73,75,77,81,86,125,190,198,198,198,199,199,199,199,200,200,201,201,202,203,203,203,203,204,205,205,205,205,205,205,206,206,206,206,206
182,179,176,176,176,176,172,171,171,170,171,173,171,171,174,177,180,183,187,191,169,166,192,199,201,199,196,193,192,186,185,159,72,52,50,49,57,59,51,41,64,66,112,123,103,97,88,110,79,82,65,61,69,31,41,50,44,34,38,35,40,50,42,49,54,46,43,43,46,59,59,57,57,66,57,53,59,68,73,72,74,77,76,75,73,72,71,77,75,78,75,76,76,81,81,81,77,74,69,69,69,72,66,61,60,56,56,57,61,58,55,49,24,20,30,26,46,45,44,45,46,44,26,49,74,80,79,78,75,71,70,65,59,46,52,54,55,59,65,70,71,70,68,67,66,66,65,66,66,66,67,65,66,66,67,72,73,70,68,68,68,68,70,69,71,74,76,76,76,78,82,123,189,198,198,198,198,199,199,200,200,201,201,202,202,202,203,203,203,203,205,205,204,205,206,205,205,206,206,206
182,181,176,178,177,179,174,173,172,170,170,173,173,174,176,180,185,191,191,176,159,192,199,200,196,194,191,189,185,183,156,70,54,51,47,71,53,56,71,47,63,107,127,124,89,83,60,60,58,44,43,41,49,56,74,60,61,40,29,16,44,45,61,63,46,49,52,50,53,58,61,60,56,64,65,60,66,71,79,73,79,79,78,76,78,80,83,82,80,75,76,77,77,79,85,85,78,75,66,66,68,69,66,61,59,54,54,58,60,55,54,39,32,70,61,28,43,46,46,47,47,47,36,33,77,82,81,78,74,70,68,65,61,55,54,53,55,59,66,72,73,70,68,66,66,65,65,65,66,66,65,66,66,66,66,73,72,70,68,67,66,66,67,68,70,73,74,75,75,75,76,81,121,190,198,198,199,199,199,200,200,200,201,201,203,202,202,203,203,204,204,205,205,205,205,205,205,206,206,206
184,183,179,182,182,173,173,173,173,171,168,173,177,178,180,184,193,195,184,155,184,195,198,196,197,192,190,188,182,161,72,51,51,46,53,69,73,75,82,62,94,133,113,114,93,115,121,91,70,52,48,36,33,24,38,36,48,85,74,90,60,39,52,61,41,55,63,42,46,40,56,58,53,57,59,81,80,74,76,69,78,81,78,76,76,82,88,84,84,88,84,84,85,80,83,86,82,78,65,66,69,70,67,61,59,54,57,57,58,55,51,30,67,127,80,36,34,47,48,50,51,51,47,34,71,80,81,79,73,70,69,65,61,56,56,55,55,55,63,71,73,71,68,64,65,64,64,63,64,64,64,66,67,67,68,71,74,72,70,68,68,68,68,69,69,71,71,72,73,74,75,77,81,115,188,198,198,199,199,199,199,199,200,200,202,202,202,203,203,204,204,204,204,204,205,205,205,206,206,206
184,185,186,184,180,172,170,171,168,169,171,175,178,181,186,191,196,190,160,180,196,203,199,199,193,190,190,188,169,83,51,50,45,52,60,72,62,81,118,138,147,118,123,130,102,114,97,87,58,55,58,37,37,27,24,38,82,73,55,53,52,47,30,30,62,44,54,85,94,77,48,53,54,53,60,64,82,67,65,69,65,73,85,82,87,89,90,92,90,87,89,87,89,84,78,74,76,79,61,61,67,75,73,62,62,55,58,58,56,54,47,29,106,131,91,13,23,47,53,55,56,55,50,33,71,84,83,80,72,70,67,62,56,52,55,56,58,60,67,71,74,71,66,64,64,64,64,63,64,63,63,66,67,67,68,70,73,70,70,69,71,69,68,68,69,69,68,70,70,72,73,74,77,81,117,189,198,198,199,199,199,199,201,201,201,201,203,203,202,203,203,204,204,204,204,204,205,205,206,206
186,187,185,182,177,171,170,171,170,171,172,176,183,185,190,194,192,168,170,197,199,201,198,195,193,189,189,177,98,52,51,45,44,61,69,79,65,114,136,129,96,128,126,107,86,87,72,55,80,51,50,59,39,46,56,66,61,54,76,59,65,51,48,45,43,50,63,63,57,82,50,48,48,60,45,58,61,69,62,62,63,74,81,85,95,100,95,93,91,86,87,86,87,85,76,77,79,82,61,59,63,77,76,67,64,58,59,63,56,52,51,32,122,71,24,9,14,47,68,58,57,54,54,39,70,86,89,83,71,68,62,57,52,52,59,59,61,62,68,73,74,73,68,64,64,66,66,66,65,64,64,65,66,68,70,75,79,74,74,71,72,72,70,69,69,68,68,68,69,71,72,73,74,75,79,118,185,197,198,199,199,199,200,200,200,201,202,202,203,203,203,203,204,203,205,204,205,205,205,205
186,186,184,179,178,173,169,173,173,171,173,181,187,193,196,196,182,160,196,201,202,199,196,194,191,189,187,125,50,53,53,48,51,62,66,58,112,115,131,96,89,112,108,90,68,63,43,49,58,30,35,58,64,38,37,36,34,53,55,74,79,70,89,71,67,82,56,52,45,63,60,53,56,67,58,60,71,69,79,75,78,86,90,90,88,86,89,97,99,99,89,86,90,91,82,79,78,77,63,59,66,75,74,72,65,60,56,62,57,55,56,38,62,24,21,15,9,48,79,65,61,61,58,46,68,90,88,82,72,64,59,53,52,54,59,63,67,70,72,75,75,73,68,64,64,66,68,68,64,65,64,64,65,68,72,77,81,74,75,72,73,72,71,70,69,69,68,68,69,70,71,72,72,73,74,78,127,194,198,199,199,199,199,199,200,200,201,202,202,203,203,204,203,204,204,204,204,204,205,205
183,184,182,179,179,173,174,176,176,176,180,189,195,197,198,190,159,188,199,202,200,198,197,192,190,189,155,53,53,72,68,67,57,44,101,119,127,125,122,89,88,65,95,82,115,103,59,53,60,63,48,44,37,37,48,46,48,50,55,67,46,63,42,35,55,73,59,51,43,26,39,58,51,49,64,57,71,79,83,92,88,82,90,93,92,96,95,95,104,102,94,90,88,99,84,82,79,74,71,62,65,71,76,74,62,66,53,59,51,51,68,34,19,19,9,9,5,43,79,65,63,62,60,47,68,90,87,77,68,56,54,53,52,56,58,61,70,71,75,76,77,77,70,65,66,70,71,69,68,67,65,65,65,67,69,70,72,72,72,71,72,70,69,68,68,69,69,68,69,69,70,70,71,71,73,73,77,133,196,198,199,199,199,200,200,200,201,201,202,202,204,203,204,203,203,203,203,204,205,204
182,180,184,182,181,177,173,174,176,179,183,195,199,199,194,171,177,199,201,202,200,198,192,191,191,180,79,53,53,64,39,66,81,61,84,125,128,115,109,83,104,99,106,74,86,103,110,77,50,27,48,29,36,20,46,51,43,42,55,50,49,49,39,46,43,47,52,73,83,81,34,61,57,59,60,65,64,78,79,85,91,87,87,90,99,96,94,97,100,101,103,97,89,87,89,85,79,80,75,64,59,67,79,78,62,70,53,53,50,53,80,36,12,23,22,6,8,46,82,62,61,61,57,50,70,94,91,77,68,55,53,55,59,60,59,66,70,72,77,80,79,79,72,67,73,75,74,72,71,69,66,67,65,66,70,71,71,71,69,69,70,71,71,70,71,69,69,69,68,68,69,69,69,70,71,73,71,81,149,197,199,200,199,200,200,200,201,201,202,202,203,203,203,203,203,202,202,204,205,205
180,176,184,183,180,178,175,177,181,184,188,195,200,197,183,159,194,200,200,197,197,193,190,187,187,119,51,53,53,58,54,31,52,78,109,135,125,128,137,126,121,97,111,108,73,76,93,77,50,46,31,28,44,33,33,26,37,41,34,37,52,40,46,50,62,49,35,47,59,54,46,45,44,50,56,61,68,77,87,80,95,92,93,97,102,107,104,101,101,104,102,100,98,87,83,83,80,75,76,66,59,67,74,83,70,67,65,51,55,48,85,39,11,12,8,27,94,32,77,61,59,61,57,50,70,93,91,77,61,54,55,56,64,64,66,68,73,77,80,80,81,80,73,70,73,79,74,72,73,73,71,70,68,70,71,72,71,71,71,69,71,74,74,71,70,69,69,69,67,67,67,67,67,67,68,70,71,76,88,162,198,198,199,199,199,201,200,201,202,202,203,202,203,202,203,203,203,203,204,204
181,182,185,182,180,178,177,182,186,189,195,199,197,190,163,176,202,201,200,196,192,192,190,190,162,58,54,52,55,66,78,61,81,90,113,121,99,78,96,126,112,79,65,73,96,63,81,70,44,37,47,34,38,45,45,31,30,31,27,28,33,41,38,53,61,51,54,44,47,46,36,44,44,44,48,63,71,75,78,79,97,86,93,99,103,105,108,110,110,103,101,95,92,95,90,84,81,77,74,72,64,67,72,79,86,66,72,48,59,54,81,50,18,10,7,6,9,34,74,55,56,59,53,44,73,91,86,72,60,58,57,59,66,68,68,69,76,78,79,81,82,81,73,73,76,77,75,74,75,74,69,72,72,74,74,74,73,73,72,73,75,73,75,74,73,70,69,68,66,66,65,66,65,66,67,68,70,71,80,97,174,198,199,200,199,200,200,200,201,201,202,202,203,203,203,203,203,203,203,203
183,184,182,180,178,180,183,186,191,194,198,200,195,182,162,196,202,200,197,194,192,193,192,183,89,55,53,50,76,80,87,64,82,105,137,108,66,85,99,80,105,109,56,39,69,87,65,57,46,45,45,38,35,37,36,30,43,45,38,41,25,61,69,67,78,77,72,55,59,46,46,40,38,35,48,59,73,75,71,79,86,89,98,104,104,100,107,102,109,101,92,104,96,92,89,90,81,76,83,72,73,71,72,81,86,74,64,60,50,58,89,52,21,9,5,7,7,27,54,51,52,52,45,39,78,87,82,63,59,59,58,61,66,66,69,71,74,79,78,80,85,82,76,73,77,76,78,80,77,76,74,75,75,76,75,76,74,75,74,75,76,76,74,73,72,71,69,69,66,67,65,64,63,63,64,64,65,69,72,84,111,184,197,199,200,200,200,200,200,200,201,202,202,202,202,202,203,203,203,204
185,184,181,179,181,185,187,193,198,196,200,199,196,163,178,200,199,198,194,193,191,194,192,144,55,56,51,79,81,94,81,68,78,94,113,105,84,84,69,38,61,85,81,24,28,64,31,21,41,37,57,43,34,38,38,37,49,58,45,34,43,34,53,76,63,54,55,72,46,76,66,52,44,47,56,63,71,79,78,78,86,86,90,102,97,106,100,104,93,103,106,99,97,98,95,87,81,76,72,70,74,77,75,83,86,84,64,77,41,67,103,61,27,13,10,7,5,25,48,49,50,42,35,42,80,85,77,61,59,60,59,62,64,64,73,71,78,82,84,85,89,83,81,80,78,61,74,79,79,76,78,75,75,77,75,77,78,77,74,75,75,75,73,72,72,70,68,67,65,64,63,63,62,62,63,63,63,65,68,72,85,125,194,198,199,199,200,200,200,201,201,201,201,201,201,202,202,203,203,203
186,187,183,182,186,194,190,199,202,199,199,198,186,160,200,203,199,195,193,193,190,189,176,81,58,66,62,78,81,89,101,120,113,97,100,104,98,83,83,48,38,45,83,27,27,43,38,17,31,38,46,40,47,48,38,36,45,59,56,46,40,32,33,37,38,64,42,48,53,55,58,73,64,52,58,70,66,72,76,78,83,92,85,94,101,97,97,94,96,104,96,98,93,92,93,95,86,80,78,73,71,76,74,78,85,89,69,61,55,59,84,69,34,68,33,14,6,22,42,42,39,34,29,52,81,81,72,58,57,53,63,64,69,83,78,77,80,85,83,84,88,85,84,84,84,77,78,81,83,81,78,76,76,76,77,79,78,77,74,76,75,77,77,74,72,69,67,64,64,63,63,61,62,62,61,63,64,65,66,66,80,93,143,196,199,198,200,200,200,200,200,201,201,201,202,202,202,202,203,203
187,189,189,191,196,198,198,203,202,200,194,187,167,180,203,204,202,199,195,191,194,186,129,52,55,54,104,102,59,82,109,82,84,83,84,77,93,85,95,82,69,49,69,42,36,56,38,40,43,38,44,43,46,52,49,42,38,50,60,66,54,36,26,21,33,44,54,32,38,46,44,50,65,57,58,57,67,73,73,75,80,88,83,88,88,88,88,89,98,91,99,91,95,99,92,103,87,86,88,89,86,77,74,80,82,84,80,57,73,43,72,76,41,78,118,101,56,23,40,39,34,31,31,60,80,75,71,57,58,57,65,70,82,77,79,82,82,84,85,84,85,86,84,87,88,83,82,81,81,81,78,79,75,76,77,79,81,80,78,79,81,80,77,73,72,69,67,65,65,63,62,61,61,61,60,60,62,63,64,64,70,85,101,164,198,198,199,199,200,199,200,200,201,201,201,202,203,203,203,203
185,191,193,194,197,197,201,200,196,196,190,180,161,198,202,202,202,199,194,193,190,171,69,56,52,48,111,98,80,101,86,93,91,79,99,109,96,114,100,105,59,64,47,37,42,50,46,49,53,55,54,52,56,62,52,47,34,44,60,67,69,56,37,28,30,33,35,46,36,46,42,55,58,61,61,66,69,71,74,75,78,81,85,92,88,85,90,87,90,90,85,90,99,103,97,100,94,88,86,85,79,78,79,72,85,83,85,71,57,54,51,76,51,44,129,116,73,24,35,33,34,30,34,69,79,74,64,61,60,60,67,76,70,82,84,84,83,82,81,83,82,84,84,88,88,85,82,80,80,79,77,81,77,77,77,80,80,81,81,78,74,77,75,75,73,71,68,66,65,62,62,59,59,58,59,60,61,61,62,63,64,72,90,116,183,198,199,199,199,199,200,201,200,201,202,201,202,202,203,202
190,195,197,198,199,198,200,197,191,191,185,172,174,200,202,202,200,196,194,192,184,130,66,57,62,102,110,105,86,125,92,58,58,45,87,58,62,95,74,89,94,96,51,45,48,52,55,55,58,61,63,62,65,62,58,47,32,40,64,74,74,69,59,45,46,51,38,33,72,69,48,55,55,49,56,63,68,70,73,74,75,77,82,90,91,89,89,87,88,90,83,92,95,95,92,93,96,89,90,91,89,80,83,75,66,76,84,82,53,62,37,66,54,34,82,108,58,26,30,32,30,29,47,73,79,73,62,64,66,64,74,78,85,89,91,92,88,85,81,79,81,84,86,85,87,86,81,77,75,74,77,75,75,78,80,82,82,83,84,86,82,80,74,73,74,70,67,67,66,63,60,59,58,58,59,59,59,59,61,61,63,68,80,99,132,192,197,198,199,199,200,201,201,201,202,202,202,202,203,203
197,199,198,201,201,199,199,196,193,190,183,164,187,202,202,201,199,195,192,189,174,64,48,96,100,87,93,115,100,110,91,79,74,52,84,91,83,70,70,71,78,56,60,61,56,58,63,62,63,68,72,69,69,62,57,42,27,41,67,81,74,60,52,48,45,55,56,72,50,50,58,59,51,44,50,55,71,73,73,76,73,71,72,86,90,85,79,81,76,67,67,80,89,92,91,95,93,83,84,92,92,86,76,79,71,70,83,82,71,41,58,39,48,30,41,71,31,28,34,33,26,38,57,76,76,70,62,65,65,67,75,86,84,88,92,94,93,88,81,83,86,89,86,85,81,82,79,77,76,71,75,72,75,77,81,85,85,82,78,81,78,80,75,74,72,70,69,65,63,62,60,59,58,57,57,58,59,59,59,58,60,64,73,87,105,156,195,197,199,199,200,200,201,201,201,201,202,202,202,203
197,201,203,203,201,197,196,191,189,183,179,162,199,199,202,201,198,193,191,189,132,45,62,43,62,92,108,101,85,82,106,102,113,97,84,84,62,69,60,44,44,47,67,64,55,56,59,65,67,70,68,71,74,68,56,34,23,36,63,82,87,87,70,64,46,39,53,48,65,63,59,60,59,56,57,62,66,67,72,72,69,67,62,71,71,71,73,76,79,73,67,55,66,77,92,93,92,88,82,82,86,86,86,79,75,69,71,75,75,64,36,54,45,30,31,58,24,29,33,26,33,49,67,74,73,69,64,65,68,71,77,86,90,95,98,96,95,93,89,89,90,85,81,79,77,79,77,74,74,72,72,71,78,78,80,79,79,78,78,78,78,79,76,76,73,71,68,63,61,61,61,59,56,52,53,56,55,56,58,59,59,63,70,80,94,113,182,197,199,199,199,200,201,200,201,202,202,201,202,203
202,203,199,200,195,191,190,186,187,179,172,178,199,202,198,201,196,193,190,180,78,67,79,92,111,130,123,123,101,83,96,95,47,68,65,78,83,64,69,43,44,46,58,65,60,60,66,66,67,68,74,76,77,70,53,31,29,37,59,77,81,88,89,84,65,49,38,27,20,34,37,60,63,62,55,62,74,71,67,70,64,53,58,58,57,68,80,86,88,85,77,69,58,51,71,78,87,86,82,81,73,79,82,80,74,71,68,60,74,70,54,40,45,41,33,46,27,33,28,30,44,58,71,70,70,67,64,67,66,69,79,89,91,105,103,105,97,91,87,92,94,86,79,78,77,78,78,75,74,73,74,74,75,78,79,79,82,81,79,78,77,78,77,78,72,72,68,60,59,61,62,59,55,52,50,53,53,54,56,56,57,60,66,76,87,99,137,195,198,198,199,199,199,200,201,201,201,202,202,202
200,202,196,194,193,188,186,185,189,181,168,187,204,201,204,197,196,193,192,155,39,63,79,98,125,147,122,89,98,89,65,75,64,75,71,65,83,78,66,46,50,54,60,63,61,65,69,64,66,67,74,75,75,67,47,31,38,39,58,71,76,85,89,92,75,54,48,33,28,21,21,33,52,65,61,63,65,66,65,61,53,48,56,54,46,55,72,86,86,86,85,78,71,59,54,61,71,73,75,77,76,79,76,75,69,65,66,59,53,62,66,52,51,47,37,67,31,32,31,46,51,57,68,65,66,65,63,64,64,70,78,87,90,104,104,110,103,91,87,90,98,92,85,83,79,77,81,76,75,75,74,74,77,80,80,79,80,82,78,81,82,82,79,77,72,70,70,64,61,61,62,60,56,52,50,52,53,53,55,57,56,56,63,72,82,91,111,176,198,198,198,199,199,200,200,201,201,201,201,202
202,199,192,190,191,188,186,185,186,178,165,202,201,204,201,201,197,193,189,103,51,90,88,122,115,106,88,103,83,91,99,79,79,69,58,43,54,50,61,74,56,62,65,63,61,70,68,67,67,69,73,74,72,63,49,37,50,41,60,71,75,83,81,93,87,61,37,38,46,40,57,63,64,70,50,54,57,55,58,55,44,47,61,51,42,34,46,77,86,85,85,82,80,71,59,46,42,48,55,64,66,70,69,69,64,63,62,54,53,52,61,65,54,52,22,42,35,38,39,51,52,58,63,61,61,59,60,62,64,68,80,81,88,105,107,112,104,94,88,92,91,93,87,84,82,77,78,79,77,77,75,75,75,79,79,80,81,80,79,78,79,78,78,76,72,70,68,67,63,61,63,60,56,52,51,51,53,53,55,56,56,56,59,68,76,86,101,140,188,197,198,199,198,199,199,201,201,201,202,202
201,198,194,192,193,191,188,186,185,177,170,202,204,202,201,199,196,195,178,67,90,89,101,120,82,64,111,103,90,68,88,68,58,53,72,64,41,60,48,65,65,62,72,74,73,71,66,63,71,83,83,78,66,56,46,44,38,45,65,72,73,76,80,89,95,77,52,38,38,53,44,65,58,41,51,40,45,51,57,50,36,67,65,67,46,24,23,61,83,87,86,84,80,77,70,59,50,44,46,51,54,62,68,63,61,63,55,51,53,53,54,55,64,56,23,30,50,49,52,51,53,61,58,60,59,59,60,57,61,69,81,85,94,106,107,111,104,95,90,92,90,92,90,85,82,76,77,74,74,79,80,79,81,83,84,81,84,79,71,79,82,78,77,75,72,68,69,67,65,61,64,62,58,53,51,52,53,53,55,55,56,57,57,63,73,83,97,117,180,197,198,198,198,199,199,200,200,201,201,202
199,198,195,193,194,193,194,190,184,169,184,206,200,203,198,199,196,192,154,66,85,64,109,103,93,129,109,113,81,75,70,83,62,57,48,56,58,53,56,60,69,73,72,78,78,69,64,69,78,82,80,75,63,61,58,56,45,48,67,66,70,76,82,83,90,93,64,43,33,31,31,29,28,31,42,49,52,51,52,50,35,64,56,127,53,29,25,43,82,87,89,89,85,81,73,68,56,48,45,45,45,50,54,55,59,57,53,48,48,48,50,50,46,52,34,47,48,53,54,51,52,56,56,61,60,59,58,59,64,73,78,91,101,101,105,109,102,102,102,92,91,90,86,80,75,74,76,75,76,80,80,81,82,86,85,84,85,85,68,73,83,80,77,76,71,69,69,68,65,62,61,62,58,53,52,52,53,55,54,55,55,57,57,60,69,78,90,100,152,193,197,199,200,199,199,200,200,200,201,201
198,193,193,196,195,193,192,193,184,165,191,201,205,197,201,199,196,191,109,48,56,89,97,85,113,70,115,86,96,78,62,65,56,53,61,67,56,62,56,60,60,67,70,74,74,65,60,68,81,84,84,76,66,60,58,55,46,36,59,65,70,79,81,84,87,93,73,44,36,32,29,38,24,27,41,39,52,48,50,49,35,58,85,83,41,27,30,22,75,91,97,99,92,84,79,75,69,55,54,49,45,42,49,53,56,56,54,52,50,47,48,46,48,44,43,59,56,54,53,52,52,56,55,55,57,55,53,59,66,74,75,88,102,104,105,104,97,95,98,93,86,81,77,78,74,75,75,73,76,76,79,80,84,85,87,85,85,83,80,80,81,80,77,75,70,70,69,67,64,61,60,60,58,54,53,54,54,55,56,56,56,57,57,59,64,75,89,97,123,185,198,198,198,198,200,199,200,201,201,201
197,192,197,193,192,192,195,194,185,163,202,205,202,202,199,199,197,186,73,61,53,57,94,71,72,112,75,78,51,55,47,65,48,56,58,51,49,64,63,64,62,63,64,68,67,59,55,71,87,83,83,76,67,61,60,54,45,46,59,73,78,79,85,83,86,89,87,69,42,28,30,32,24,33,37,36,49,49,50,47,45,54,74,82,34,21,25,15,68,89,96,97,98,92,85,81,70,67,67,64,58,50,38,39,44,50,53,51,48,43,42,44,49,48,44,49,49,53,53,52,53,53,54,53,54,50,47,56,67,71,75,83,99,102,109,100,93,91,88,86,81,78,78,74,70,74,74,73,78,79,85,85,85,88,92,85,85,85,81,79,82,79,77,74,71,70,69,67,63,60,58,59,58,56,55,56,55,55,55,58,56,56,57,58,60,69,85,95,107,163,195,198,198,198,199,199,199,200,201,201
201,200,198,191,190,195,197,196,184,170,200,204,207,203,200,199,197,171,66,77,88,99,127,115,102,95,62,92,66,49,41,65,68,60,65,60,60,72,71,70,68,68,68,65,70,69,67,77,83,84,83,80,77,70,72,66,47,35,51,64,75,85,87,87,84,82,91,69,65,35,36,28,33,40,50,47,38,38,48,47,43,58,74,68,34,11,39,15,70,87,93,97,96,92,88,88,82,77,70,70,67,62,52,44,38,41,48,53,53,49,50,43,36,40,42,39,43,49,51,51,52,52,56,52,51,48,48,58,67,71,78,81,88,95,107,99,90,86,85,83,79,79,76,75,83,77,78,78,79,79,85,85,87,87,93,83,86,84,82,81,81,80,78,74,71,69,68,67,64,62,61,59,58,57,56,55,57,56,56,57,56,56,56,56,58,65,78,90,103,148,192,198,198,198,199,199,199,200,201,201
199,201,197,198,189,197,203,194,175,173,209,206,204,204,197,198,197,148,75,90,68,116,103,96,100,85,55,63,65,46,53,46,43,45,57,61,62,63,75,75,75,71,70,67,69,75,65,79,82,84,82,79,73,77,82,86,69,47,53,62,75,85,90,91,87,84,98,83,51,46,51,41,25,29,40,54,59,54,50,46,39,55,75,58,34,5,36,35,77,88,90,96,97,95,93,94,92,93,84,76,71,71,67,61,50,44,41,42,48,51,49,43,41,35,35,35,35,43,49,52,54,58,55,53,52,51,53,58,68,75,78,83,88,97,101,97,86,88,88,83,77,77,78,78,83,77,78,78,79,80,84,82,87,90,94,86,87,84,82,79,81,81,74,72,71,67,67,65,62,62,60,60,58,57,56,56,58,57,58,57,57,57,56,56,57,61,74,86,101,129,188,195,198,198,198,199,199,200,201,201
193,201,196,195,196,201,206,194,166,184,201,206,211,201,198,202,195,110,76,83,67,124,124,91,64,66,59,82,68,77,80,60,44,39,56,66,77,70,73,71,73,74,74,65,67,68,77,84,84,88,88,84,81,75,79,67,68,60,60,61,73,86,88,89,87,82,94,96,65,44,30,34,54,44,32,45,54,59,43,41,34,54,80,59,24,4,24,50,91,94,92,99,104,102,105,102,102,101,97,91,76,72,74,65,59,57,54,49,46,45,48,49,47,39,38,43,42,47,48,49,52,54,53,53,54,54,59,63,68,77,81,85,91,95,95,92,88,92,87,88,86,81,80,76,84,76,78,77,80,81,87,93,84,90,94,89,88,86,83,82,81,81,74,71,69,66,67,66,64,63,60,59,58,56,56,57,59,58,59,59,58,58,56,56,56,60,70,80,98,114,179,192,197,198,199,199,199,200,201,201
191,198,194,193,199,204,207,196,161,186,210,205,203,204,204,199,189,102,80,77,66,96,104,69,36,53,56,37,37,44,55,55,49,40,59,67,60,62,67,75,73,75,77,73,61,57,75,85,87,89,86,87,86,82,80,67,64,55,57,59,74,83,88,88,84,78,96,100,74,51,42,48,47,43,49,44,53,56,46,50,38,52,91,73,34,5,15,83,92,97,99,102,105,112,110,104,103,104,104,99,94,89,84,72,63,64,59,52,51,51,52,52,52,44,41,44,46,50,52,53,52,53,51,60,60,60,63,68,78,85,88,95,94,93,92,90,91,92,84,76,84,83,80,77,78,77,81,79,81,80,85,92,90,91,88,83,84,85,85,80,79,79,69,69,67,65,64,64,63,61,61,60,58,58,58,57,58,59,60,59,59,59,58,57,57,60,69,76,97,110,158,192,198,199,199,199,200,200,201,201
195,199,197,193,198,202,201,193,165,197,203,206,208,202,199,201,192,80,60,85,92,91,57,82,70,72,73,79,73,78,70,70,78,67,64,70,68,68,66,73,72,75,75,72,58,54,78,84,91,95,91,85,82,82,81,60,53,65,67,59,70,81,83,82,80,80,95,102,85,58,47,43,46,57,56,65,44,42,51,53,40,49,97,97,64,23,57,94,93,97,105,111,116,118,117,114,110,108,104,99,98,95,93,80,73,69,68,63,56,58,58,59,60,53,50,51,51,56,55,53,52,53,50,59,65,68,72,72,82,86,93,96,95,92,92,93,87,83,77,60,80,80,78,78,75,82,82,80,79,79,80,89,86,88,90,86,85,84,83,79,76,77,68,66,67,66,64,63,62,60,60,59,58,57,57,57,58,60,60,60,60,59,59,58,57,59,65,75,93,112,154,191,196,198,198,199,199,200,200,201
195,199,195,198,204,205,201,190,161,202,211,207,205,203,203,193,172,56,58,95,89,53,81,41,74,81,68,56,64,58,63,59,69,76,67,57,59,74,74,78,66,74,76,68,52,46,80,86,96,102,101,100,87,84,73,68,52,69,54,55,66,75,78,81,82,78,101,112,81,56,36,23,25,24,47,60,56,47,50,53,55,50,90,97,72,52,88,96,94,99,109,115,119,127,123,123,122,114,105,106,101,94,92,79,80,78,73,75,66,66,62,61,62,60,56,54,56,61,59,57,56,52,50,59,73,78,78,82,93,98,100,92,95,99,93,94,85,83,81,73,85,78,76,78,79,80,78,82,84,88,80,83,84,88,90,91,89,88,87,78,73,72,69,67,65,66,63,62,60,58,60,57,58,57,59,57,57,59,60,60,61,61,60,59,59,60,65,74,89,111,141,186,196,197,199,199,200,200,200,200
197,197,195,197,203,203,199,179,167,203,206,209,210,204,196,194,158,30,61,78,64,73,51,31,83,54,52,36,40,56,75,65,78,63,62,64,66,65,72,72,72,74,74,65,68,60,82,91,103,106,97,95,94,89,81,70,53,51,43,48,63,70,77,81,83,81,107,108,80,60,55,35,37,26,49,67,72,67,62,53,54,47,75,70,54,77,97,100,103,105,116,123,133,138,139,140,131,119,113,106,105,93,95,86,83,83,78,78,72,75,70,64,65,63,65,59,62,65,64,69,67,58,57,61,75,80,79,87,93,98,96,92,91,86,87,93,85,81,81,82,86,80,75,79,84,84,83,82,81,82,83,84,78,83,86,87,86,83,80,78,78,72,72,68,65,65,63,63,60,59,59,59,57,57,61,58,59,59,60,60,60,60,61,61,60,59,62,73,90,112,136,186,197,198,198,198,199,199,200,201
195,196,201,200,202,201,201,176,171,209,211,208,202,197,199,194,139,75,104,72,57,81,50,56,76,76,85,72,58,43,58,68,63,73,72,63,58,71,73,75,74,74,69,68,55,51,81,91,99,102,99,98,96,92,84,71,59,61,56,51,60,67,68,73,81,87,122,104,76,48,49,64,54,48,57,64,63,68,59,52,46,46,55,54,68,79,94,104,110,114,120,124,134,142,145,134,126,124,116,107,106,96,93,88,85,82,82,81,82,76,69,65,67,68,66,62,64,68,69,73,72,68,65,63,69,73,76,89,92,91,93,91,86,84,81,89,86,84,81,75,74,74,75,77,83,82,86,83,81,83,77,75,74,82,87,85,86,82,78,77,79,75,70,69,66,65,64,65,63,61,60,60,59,60,60,60,59,60,60,60,61,61,62,61,60,59,63,71,91,112,134,184,196,197,198,199,199,200,200,201
199,198,206,202,202,201,200,179,181,205,204,201,201,198,194,187,113,83,78,58,57,78,69,77,74,49,63,101,79,77,60,65,83,82,73,64,72,78,72,76,77,79,80,65,54,42,78,88,102,112,110,100,94,94,90,75,62,72,73,56,64,69,74,83,90,97,134,110,81,60,47,37,41,52,72,77,72,71,66,50,49,46,55,70,79,80,92,105,111,114,124,129,143,152,148,135,127,121,115,108,102,95,93,90,86,81,79,82,77,72,74,68,68,67,65,70,71,75,75,78,77,76,69,65,69,72,83,87,90,90,91,87,77,75,77,82,83,82,74,73,78,77,76,80,84,84,84,85,84,82,76,75,77,79,83,83,83,82,78,74,76,73,68,66,64,64,65,63,63,62,62,61,61,61,62,61,60,60,61,61,62,61,62,62,60,61,63,71,91,109,135,186,197,197,198,198,199,200,201,201
202,200,205,203,202,200,194,177,177,207,211,212,205,200,200,187,109,62,73,60,62,61,59,80,57,60,59,55,76,66,68,60,52,61,87,76,78,71,71,82,83,80,75,65,56,48,65,85,106,123,111,100,97,91,90,80,66,74,78,60,69,77,83,92,94,114,130,88,59,32,31,35,37,38,50,49,55,59,58,54,51,58,66,69,72,79,92,104,108,117,124,133,152,163,144,132,126,121,113,105,103,95,94,89,88,84,80,81,82,74,74,73,73,74,74,75,78,80,77,83,79,75,70,68,67,75,78,91,87,89,89,85,82,83,80,76,81,83,82,80,80,76,77,80,83,83,82,84,90,89,80,78,77,78,82,83,82,79,76,76,77,73,69,68,64,64,64,64,64,62,62,60,61,61,62,62,62,62,62,62,62,62,63,63,61,61,63,73,92,107,130,183,196,198,198,199,199,200,199,201
203,202,205,205,204,202,197,174,183,207,205,205,205,204,204,200,85,72,91,91,99,58,52,46,39,57,66,49,47,66,68,58,62,62,74,76,77,75,78,86,78,82,77,63,57,48,68,86,103,107,100,93,85,73,74,76,64,63,62,59,70,82,90,99,109,132,129,86,56,30,31,50,50,49,60,48,58,79,62,63,52,59,71,69,68,77,99,106,109,117,127,132,160,150,135,125,118,118,114,110,104,100,98,90,90,85,81,81,79,77,75,75,72,72,72,74,78,81,78,81,82,79,66,67,64,74,78,86,93,90,84,88,88,89,89,83,90,90,89,84,80,79,80,82,84,83,82,84,87,82,75,75,77,76,81,80,78,77,78,83,83,75,70,69,69,68,65,64,63,63,61,61,61,63,62,62,62,61,62,62,62,62,63,63,61,62,61,74,93,105,129,181,196,198,198,199,199,200,200,200
203,204,204,204,206,203,197,173,182,204,208,210,206,204,201,190,100,85,97,111,115,73,49,48,57,61,58,62,62,72,48,50,57,67,64,72,73,78,82,82,85,82,76,66,60,38,66,87,105,117,105,91,86,76,76,70,63,54,65,59,72,88,98,104,111,126,132,96,61,38,37,41,34,55,64,65,71,54,52,57,53,50,60,72,72,82,100,102,111,117,123,139,146,139,132,120,116,116,112,110,105,100,99,94,89,87,84,80,76,77,75,75,71,74,76,72,77,78,77,80,84,74,64,63,65,67,77,86,85,85,89,90,90,90,89,75,86,87,82,83,81,78,79,84,84,79,80,83,85,81,73,73,77,75,81,85,82,78,77,81,82,76,73,71,70,69,67,67,64,65,61,61,63,63,63,63,62,62,61,62,62,62,64,63,62,61,61,75,95,104,132,182,197,198,198,198,199,200,201,200
206,204,203,206,205,201,196,174,189,213,209,209,205,203,199,183,60,55,103,114,90,94,63,63,86,101,75,55,54,64,59,53,58,70,62,70,62,75,80,78,84,75,73,65,62,56,61,85,101,109,111,103,92,84,87,76,66,57,64,65,74,88,100,105,109,114,143,102,59,30,29,46,52,58,61,46,49,54,58,59,56,44,38,62,73,79,97,104,109,113,122,127,137,135,124,122,116,114,111,109,105,100,101,92,90,87,87,80,80,80,80,78,75,75,77,72,78,80,82,81,85,75,61,54,66,71,81,85,84,82,83,91,93,91,89,84,85,84,85,84,81,81,84,83,80,78,78,79,81,79,73,75,77,76,83,83,80,79,80,82,80,80,75,74,71,70,68,66,66,64,62,62,63,63,63,64,62,61,61,62,63,63,64,64,62,60,60,76,95,105,143,183,197,198,198,198,199,200,200,200
208,202,209,207,204,206,196,172,186,205,207,205,199,199,199,183,51,44,77,81,83,80,48,43,46,80,55,41,38,52,50,53,52,65,68,63,64,83,81,90,82,80,71,72,61,55,58,85,96,106,114,105,107,99,88,78,62,58,55,66,74,90,96,104,108,105,123,113,77,45,37,33,56,50,57,53,53,62,59,54,56,35,30,58,72,80,99,101,102,105,115,128,131,134,125,122,118,116,112,109,103,101,100,96,86,81,91,84,83,81,88,82,78,76,76,75,77,80,87,82,85,73,60,56,67,73,79,80,79,79,84,92,96,94,96,93,92,84,85,80,80,81,89,83,78,77,75,75,77,73,73,74,76,76,82,83,83,78,84,83,86,87,85,80,74,70,68,65,65,64,63,63,63,64,64,63,62,62,62,63,63,63,63,63,62,61,63,79,97,108,146,186,196,197,199,199,200,200,201,201
208,208,210,205,201,205,201,173,187,209,214,209,204,204,205,184,49,47,73,84,103,89,62,54,67,62,72,57,57,44,45,62,60,54,52,62,68,82,93,92,79,77,79,74,59,54,51,86,96,114,120,109,105,94,86,72,69,60,53,62,71,82,92,98,102,98,116,112,91,60,30,32,19,28,48,42,52,54,56,63,54,40,41,71,79,79,94,102,96,101,113,121,129,127,122,123,118,117,112,110,104,100,97,93,92,83,87,85,87,91,94,84,80,79,75,73,81,84,89,83,79,69,60,57,68,73,80,78,78,76,76,86,92,95,95,93,88,86,84,80,80,87,91,83,79,73,73,72,72,71,70,74,76,78,80,83,85,77,80,84,86,84,80,73,68,67,66,65,65,63,62,62,63,63,63,62,63,64,64,63,63,63,62,63,63,62,65,87,102,112,163,194,197,198,199,199,201,201,200,201
207,209,209,208,204,206,205,176,188,207,207,204,200,200,199,179,43,28,49,92,93,60,34,47,63,46,65,56,80,106,104,82,55,58,51,62,76,77,84,88,78,73,75,61,57,44,49,89,97,112,113,110,107,101,92,77,71,61,58,64,66,77,91,98,102,98,104,115,88,45,23,33,49,41,48,61,51,49,50,53,46,40,52,87,77,49,69,103,110,103,109,114,123,126,125,123,119,118,112,108,104,99,91,87,88,85,81,85,90,96,90,86,81,83,74,75,81,82,82,83,75,64,56,57,63,69,84,80,78,72,75,90,98,101,99,95,89,91,88,82,80,86,88,87,80,73,71,70,71,74,71,71,75,76,77,82,85,82,85,82,82,82,76,75,68,63,64,67,67,63,61,64,64,64,60,60,61,62,62,63,62,62,63,63,63,61,68,90,102,120,179,195,197,198,200,200,199,201,201,201
212,212,209,207,204,207,206,177,185,212,210,210,208,204,200,183,42,31,81,80,71,101,75,59,58,76,48,62,60,57,64,53,59,58,59,54,62,84,91,89,76,76,74,71,63,51,60,88,95,108,107,109,106,97,87,77,67,65,73,61,66,73,89,96,103,99,102,114,82,54,42,43,47,71,62,55,46,60,73,51,45,41,73,91,49,10,11,95,110,106,112,118,126,120,122,123,121,121,114,107,102,96,89,87,84,81,86,83,88,86,85,84,70,75,68,67,67,65,68,72,72,61,58,57,61,67,73,73,76,72,78,90,100,105,102,96,93,88,81,76,82,85,86,88,81,74,75,70,73,78,81,70,71,74,80,83,84,86,86,79,75,74,74,74,70,64,65,67,67,64,60,61,62,62,61,60,62,62,62,61,62,62,62,62,62,62,72,95,108,126,187,197,197,198,199,199,200,200,201,201
214,213,213,209,207,206,207,177,190,214,212,209,208,211,211,191,52,59,73,94,95,74,92,64,81,90,71,56,47,51,57,50,45,48,53,58,70,82,82,78,73,74,70,63,54,52,57,86,99,109,110,108,102,92,86,78,75,61,58,59,66,74,87,99,104,99,95,112,84,59,49,51,72,58,59,57,63,59,58,56,47,43,85,88,37,6,2,54,99,111,111,106,122,125,124,127,117,116,112,109,103,95,87,85,81,72,75,75,73,80,83,84,74,64,61,54,50,50,53,60,62,61,58,56,60,67,67,66,67,66,76,85,97,107,102,97,94,86,80,77,80,81,83,85,83,79,71,69,71,79,80,70,70,75,78,82,87,88,84,80,73,71,82,73,70,67,67,66,65,63,60,61,61,62,61,61,63,62,63,63,63,63,64,64,63,66,80,101,114,139,192,198,198,199,199,200,200,200,201,200
215,213,214,211,208,210,208,178,179,205,207,207,209,207,206,192,61,55,58,85,78,94,95,99,100,59,52,72,77,80,89,53,49,40,56,68,86,86,86,78,76,72,68,62,56,53,59,83,99,110,112,110,106,98,95,91,73,61,63,59,60,71,90,106,107,101,93,112,93,57,38,42,43,71,38,46,68,77,61,51,47,51,94,90,38,11,9,41,84,107,112,110,128,136,135,131,115,110,99,95,93,98,86,87,82,70,68,73,84,97,100,83,61,55,48,47,41,45,49,59,58,58,57,61,63,64,66,68,64,69,76,85,98,108,98,95,91,89,90,82,79,82,81,81,85,84,74,67,65,70,71,74,66,64,72,84,87,87,86,84,77,71,74,72,69,66,66,65,62,61,60,61,61,63,63,64,63,62,62,62,63,64,65,63,64,69,85,104,117,160,194,198,198,198,200,201,200,200,201,200
216,214,215,214,213,210,210,188,180,215,217,220,215,210,210,203,81,41,42,89,110,90,90,77,60,80,69,57,58,80,76,71,48,63,67,80,88,92,86,79,78,74,65,62,73,54,66,78,95,110,109,107,100,92,88,81,76,68,58,57,63,77,92,106,107,99,93,113,87,59,35,38,53,55,46,39,57,62,61,57,50,52,106,94,51,17,13,10,63,110,116,121,137,136,130,116,102,95,92,93,91,86,83,77,65,62,71,78,92,94,79,61,50,42,36,33,35,47,58,58,58,55,56,60,62,63,66,69,65,68,74,86,101,111,108,98,93,88,86,83,83,80,81,81,81,81,77,70,67,66,70,68,69,70,70,79,85,83,83,82,76,76,73,74,70,67,67,66,64,64,65,64,64,65,65,65,63,63,64,65,65,64,65,66,68,74,95,106,124,180,197,199,199,199,199,200,200,200,200,201
213,217,221,217,215,211,209,192,171,207,212,216,219,219,219,211,116,42,52,68,103,88,81,48,53,80,82,63,67,63,38,44,55,70,69,81,91,95,80,80,80,76,65,62,69,55,56,75,94,113,107,106,101,94,94,86,74,70,65,56,66,82,91,103,107,101,98,110,83,54,44,43,53,41,44,47,66,70,60,53,55,63,101,97,68,24,15,10,60,102,119,126,131,126,116,107,90,84,84,84,82,80,76,71,75,81,86,86,82,77,65,51,46,38,36,46,58,61,60,55,58,54,57,58,59,64,65,63,63,67,69,85,100,108,105,102,92,87,83,82,81,80,83,86,83,81,76,72,71,72,72,73,73,72,67,77,79,81,81,76,74,75,74,73,72,70,69,67,65,64,65,65,65,65,64,64,65,65,66,65,65,65,67,67,71,79,102,112,135,190,197,198,200,199,200,200,201,201,201,201
214,215,219,220,219,216,213,197,169,209,215,214,214,215,216,213,141,24,39,44,97,98,100,55,56,97,82,63,74,82,64,49,57,61,56,75,84,96,79,79,86,77,66,66,74,58,49,71,85,112,109,103,87,94,95,90,81,71,62,53,66,83,99,101,104,104,104,108,76,75,56,51,40,50,49,75,64,61,63,54,53,58,90,94,78,31,29,14,71,104,122,117,113,113,103,91,78,75,70,79,79,83,87,90,89,89,88,85,78,66,54,46,44,42,48,56,66,66,60,49,48,54,59,59,59,69,70,65,62,67,69,88,97,104,102,102,93,86,80,80,76,78,86,85,83,79,76,78,81,83,80,74,74,75,75,76,78,78,80,78,74,72,73,72,70,69,69,69,67,65,64,64,64,64,63,64,65,65,66,67,66,67,67,69,74,87,108,119,159,196,197,199,199,199,200,200,200,201,200,202
218,219,219,221,217,214,215,203,172,212,220,221,218,215,218,216,181,30,34,43,77,126,117,54,57,83,107,94,74,70,74,66,53,46,62,84,87,96,77,74,71,75,69,67,70,63,61,65,78,105,116,102,95,93,89,83,85,80,66,59,68,88,99,102,104,101,107,100,69,71,56,63,67,55,54,68,55,58,55,59,55,41,84,96,84,36,31,42,87,112,123,121,113,105,96,81,71,74,84,90,93,94,95,97,92,89,86,80,74,51,41,44,41,44,39,34,49,54,62,49,49,53,60,62,62,66,68,63,62,68,70,88,100,110,109,103,95,84,77,83,76,79,82,83,82,76,70,69,75,74,76,74,72,76,77,79,89,83,90,82,76,74,74,71,69,69,70,67,67,66,64,65,64,64,65,66,67,67,67,67,67,67,68,70,78,95,111,125,181,198,199,199,199,200,200,200,201,201,201,202
216,218,219,220,217,217,217,210,170,204,219,220,220,215,215,215,203,62,33,44,43,107,101,89,60,62,89,83,76,78,86,58,47,50,54,73,76,87,79,78,70,69,71,76,77,65,84,78,69,93,121,105,94,87,88,87,89,77,68,64,74,88,99,101,103,98,106,83,53,38,66,74,91,83,53,67,68,59,63,69,58,40,82,87,76,40,29,62,98,118,131,125,113,101,90,74,67,84,88,92,96,99,104,106,85,90,81,75,65,47,42,53,52,52,42,24,34,65,51,52,49,54,61,63,65,64,65,64,62,67,70,83,98,108,107,101,95,87,78,79,76,78,78,78,79,75,67,67,77,78,76,72,77,74,72,80,82,90,90,82,78,74,75,70,71,70,70,68,67,66,64,66,66,66,65,66,67,66,67,67,68,68,68,72,86,104,119,143,194,198,198,199,199,200,200,201,202,202,202,203
208,214,221,223,222,220,219,212,175,196,215,218,222,218,215,214,211,110,28,44,44,102,92,57,77,89,74,77,82,63,62,61,61,49,55,59,64,81,77,76,77,75,74,75,74,73,71,62,75,90,109,125,97,79,80,83,78,68,66,66,75,89,102,111,103,102,112,64,36,32,30,28,42,60,59,66,59,54,63,72,63,41,78,80,67,50,35,81,110,127,131,124,108,95,82,80,81,86,86,93,99,102,99,97,86,82,76,71,62,51,52,61,60,57,55,16,29,40,37,50,53,56,63,72,79,74,66,64,61,62,69,79,90,96,98,104,98,87,83,80,78,76,77,77,79,75,68,69,69,71,73,71,74,73,72,81,91,95,91,82,80,79,74,70,71,71,70,69,67,67,65,65,65,66,66,67,67,69,68,69,70,69,69,82,100,111,127,174,198,198,199,199,200,201,201,202,202,203,203,203
205,209,215,220,222,222,220,211,185,186,219,216,217,218,214,213,214,170,31,40,39,80,77,77,72,73,86,77,72,70,88,92,81,71,63,78,64,88,76,95,85,75,75,77,74,74,73,65,71,85,103,125,113,86,78,70,80,73,65,69,77,92,103,107,103,111,108,64,35,33,39,41,61,66,66,64,53,60,73,73,68,51,63,79,62,53,66,98,120,129,126,117,101,87,70,66,74,86,88,91,90,96,98,93,85,82,74,66,59,54,64,63,56,67,55,23,65,23,40,25,49,53,63,74,79,78,69,63,60,58,62,79,82,86,89,91,91,85,85,81,79,77,76,74,78,80,76,76,69,69,73,74,73,78,76,90,90,95,92,90,84,88,75,71,71,70,70,70,69,67,67,66,67,67,67,68,69,70,69,70,70,69,72,94,111,119,145,192,198,199,200,200,201,201,201,202,202,202,203,203
202,204,212,218,222,222,219,218,196,174,213,217,218,217,216,213,213,202,76,35,42,62,102,116,102,77,85,62,84,84,73,74,59,61,88,82,84,80,87,87,83,76,72,65,67,73,78,76,69,83,87,111,126,100,81,72,65,64,53,71,82,96,106,101,104,125,101,61,60,42,41,55,59,68,71,61,53,64,73,74,82,66,51,74,79,80,93,104,123,130,120,100,83,56,52,65,79,89,94,94,96,93,92,90,89,81,73,67,63,61,66,66,64,58,35,36,62,15,32,28,27,49,58,73,81,81,73,64,63,64,63,75,84,84,88,86,87,84,83,83,78,77,80,81,79,77,76,75,78,74,72,76,78,81,77,82,90,96,94,98,92,81,75,74,73,72,72,70,69,67,67,67,67,66,67,69,70,71,71,70,70,71,80,98,117,126,178,198,199,200,200,200,202,202,202,202,202,201,202,202
192,192,201,213,218,223,221,219,205,176,211,220,220,215,213,216,214,211,130,30,43,59,77,133,133,120,94,86,120,108,89,65,83,103,82,78,84,76,74,67,73,75,73,70,69,78,73,81,78,79,85,103,119,120,90,71,45,56,50,66,86,104,103,94,116,117,88,52,37,49,57,47,55,55,58,51,47,60,72,76,80,65,61,52,80,88,100,109,118,111,91,71,52,63,73,82,95,97,94,94,98,94,91,89,86,76,71,68,62,70,65,58,45,69,24,57,62,24,23,27,31,26,49,62,79,82,77,66,68,64,65,74,82,87,89,85,85,83,83,79,77,78,80,80,77,76,75,73,78,77,72,75,81,80,87,80,83,93,94,97,93,82,77,74,73,73,73,73,70,68,68,68,68,69,69,68,70,70,69,70,70,76,93,112,124,151,200,199,199,200,200,201,202,201,203,202,203,202,203,203
190,188,189,202,207,216,222,222,211,184,191,219,219,218,215,213,211,210,186,45,39,55,80,122,139,132,136,114,88,75,101,80,78,80,107,94,79,73,55,61,70,75,74,69,64,67,73,79,85,80,86,95,109,120,104,72,48,33,50,65,83,95,92,102,126,104,63,56,56,53,42,59,64,56,61,68,68,73,79,80,84,71,72,63,64,72,85,91,84,73,65,57,62,77,85,91,92,94,99,97,97,94,91,89,81,73,69,68,71,75,69,63,47,70,30,56,102,46,19,25,33,30,23,50,74,85,80,71,74,69,67,76,79,84,84,83,83,82,82,80,79,79,81,81,77,76,77,75,73,71,72,73,82,86,89,84,81,86,94,90,86,82,77,75,75,74,75,73,71,69,69,69,69,69,69,69,71,71,70,72,75,88,104,119,133,188,198,200,199,200,200,201,201,202,202,203,203,203,204,204
182,183,184,189,194,203,213,219,219,204,176,217,220,214,214,208,208,205,204,101,54,56,85,101,129,150,78,112,104,79,66,83,94,80,67,59,62,79,68,54,65,70,77,83,72,82,79,82,90,85,89,96,100,107,111,90,56,30,33,62,80,90,101,116,117,91,61,35,38,48,59,71,75,78,87,89,77,73,82,81,81,77,77,79,77,77,76,76,71,70,77,78,81,85,90,95,96,95,100,97,95,92,90,86,74,70,67,71,79,68,76,38,67,81,35,60,109,86,33,25,26,30,27,27,65,83,85,78,73,70,72,74,76,83,86,84,83,82,82,80,80,81,80,79,81,85,78,76,74,73,74,73,75,85,92,79,76,86,93,86,83,80,79,77,76,75,75,73,71,70,70,70,70,70,70,70,71,71,72,78,85,96,113,125,168,197,199,200,199,201,201,201,202,201,202,203,203,203,204,203
182,182,181,179,184,191,201,213,216,210,175,209,219,217,213,212,206,206,205,161,31,51,66,79,104,139,115,77,92,73,86,89,92,88,87,74,102,89,64,67,60,82,76,89,77,85,78,84,93,85,93,93,94,97,107,101,73,43,22,54,79,93,106,113,100,84,83,78,75,64,53,65,75,82,65,83,71,74,82,79,80,80,80,79,79,76,78,80,81,80,80,86,91,89,90,92,92,92,97,97,91,89,87,77,74,76,76,78,82,68,56,59,83,72,40,102,135,114,70,23,33,34,30,25,53,80,90,80,71,74,75,74,78,84,88,84,86,86,84,81,84,88,82,80,79,81,83,77,75,75,80,81,75,83,97,86,82,88,87,84,82,80,80,76,74,75,74,72,71,71,71,71,71,71,71,71,71,71,75,82,91,106,122,148,194,198,200,200,200,200,200,201,201,201,202,203,203,203,204,203
184,183,182,177,176,182,186,190,207,210,197,184,217,218,214,212,206,205,206,191,76,33,45,54,68,119,97,95,107,95,123,80,98,118,100,127,107,117,75,52,82,51,65,69,63,75,75,79,89,89,90,91,90,92,98,97,82,54,25,49,79,95,109,104,86,63,73,88,66,53,59,57,59,48,63,53,56,79,80,81,80,81,88,79,86,83,80,87,81,85,87,90,98,92,92,92,94,100,94,90,89,85,81,76,77,75,77,77,75,71,43,58,89,60,58,142,146,136,96,23,31,32,33,28,36,75,90,83,74,78,82,73,73,81,85,87,85,84,84,83,82,87,84,82,83,82,84,80,79,78,81,84,83,84,88,84,83,83,83,83,83,83,83,78,75,73,74,74,73,72,72,73,72,71,72,72,73,75,79,88,98,114,134,183,195,198,199,201,200,201,202,202,202,202,203,203,204,204,204,204
184,183,183,179,176,179,180,179,185,193,198,171,204,215,217,211,213,207,206,202,160,33,39,50,57,80,120,130,104,106,89,91,114,105,121,82,87,77,75,83,57,43,53,69,86,81,74,79,85,85,90,83,85,79,80,95,81,54,29,45,72,76,77,71,58,56,48,69,62,45,45,51,53,41,54,50,65,79,78,75,74,86,84,81,88,92,86,93,93,100,107,101,99,94,93,94,95,94,90,86,86,78,76,72,74,78,78,83,69,52,54,56,112,41,97,136,111,95,82,30,31,38,45,46,29,66,94,88,76,78,82,73,66,74,75,85,87,83,83,83,83,83,79,81,82,83,82,81,84,82,82,87,86,87,80,81,79,83,83,83,83,82,83,79,77,75,75,73,71,72,73,72,73,72,72,73,76,78,85,95,109,127,174,198,199,199,200,201,200,201,201,202,202,202,203,203,204,203,204,204
193,188,188,183,179,182,184,183,182,186,195,179,181,213,216,211,210,208,207,200,194,94,34,43,61,80,111,125,114,89,87,96,104,97,84,105,128,122,125,98,73,56,77,72,75,67,66,75,82,85,88,80,73,75,74,83,78,52,40,47,68,83,77,52,55,37,56,49,37,64,66,69,70,52,52,54,69,74,83,79,79,80,82,86,91,92,92,101,94,94,109,106,103,98,99,96,94,93,87,86,82,74,72,74,75,80,90,74,73,49,46,71,102,39,99,50,21,17,18,11,33,45,50,60,42,55,94,88,78,73,83,70,67,76,77,86,83,82,83,81,82,81,77,81,79,82,82,82,90,92,99,92,87,84,83,82,84,87,86,85,85,87,83,81,78,78,76,74,73,73,73,75,75,74,73,74,78,83,90,102,123,155,198,199,200,200,200,201,201,201,202,202,202,203,203,204,204,204,204,204
197,196,196,192,185,184,186,186,184,182,184,184,163,206,213,215,212,210,206,200,200,174,53,35,50,50,73,102,134,142,122,119,114,127,109,129,117,123,95,67,53,70,85,75,105,69,73,74,85,95,88,71,71,76,70,74,72,47,46,47,55,44,44,58,50,47,56,48,66,51,59,87,82,64,62,74,75,83,89,84,79,78,81,89,97,92,98,106,98,103,109,107,97,93,97,95,96,92,88,86,77,73,73,73,78,81,83,77,64,64,46,68,64,37,29,11,10,15,13,6,31,45,57,61,46,49,90,91,84,77,83,73,66,64,70,82,92,86,83,83,84,82,80,79,81,81,80,79,86,91,91,92,88,86,86,84,85,86,86,85,85,88,82,83,81,80,77,76,75,75,74,75,77,76,77,78,83,88,97,117,141,189,199,200,201,200,200,201,202,203,202,202,203,203,204,203,204,204,204,204
202,202,201,200,198,197,196,195,195,193,192,192,177,177,214,216,213,211,207,201,199,199,138,33,40,60,82,118,120,132,151,132,124,112,115,115,126,115,92,75,68,79,95,73,101,89,83,74,72,79,71,65,55,68,65,59,51,33,36,54,47,39,33,27,33,53,59,48,47,52,63,73,61,53,54,58,69,73,81,83,80,80,85,95,103,97,103,104,113,98,101,103,98,100,99,94,91,84,87,85,78,75,77,76,80,82,78,80,56,66,40,79,51,33,13,8,8,8,7,8,36,67,53,63,45,44,91,92,87,77,81,78,61,57,64,77,97,91,87,83,87,81,81,78,78,79,88,86,79,89,85,94,85,87,91,85,86,91,90,92,87,92,88,87,83,82,79,78,77,76,77,77,77,78,81,84,87,92,107,127,181,198,200,200,201,201,200,201,202,202,202,202,203,203,203,204,204,204,205,205
197,204,204,204,205,202,204,204,202,202,196,194,187,163,197,215,215,210,208,204,198,197,189,92,34,44,62,81,123,132,132,125,122,119,115,74,130,139,97,78,87,104,81,78,77,61,77,85,86,82,67,60,47,53,49,42,49,43,50,51,43,42,51,46,71,52,64,54,64,51,41,37,44,49,44,50,63,90,84,83,88,87,90,93,101,107,97,109,112,102,105,104,101,101,96,94,89,84,85,84,79,78,78,76,81,83,82,73,60,58,46,73,50,33,15,19,22,22,59,34,38,88,50,69,40,46,87,92,89,79,78,81,72,59,65,82,84,81,93,92,85,85,84,80,80,83,89,85,84,87,87,85,87,86,88,90,86,87,90,91,92,93,90,87,83,83,81,79,78,79,78,80,80,80,84,87,91,100,122,165,198,199,200,200,200,201,201,202,202,203,203,204,204,204,204,204,204,205,205,205
191,194,201,200,198,199,204,207,208,206,206,204,199,188,167,210,216,216,213,208,200,198,196,175,67,36,55,79,80,86,127,156,138,143,138,129,137,138,135,105,65,52,86,61,51,63,82,70,67,64,56,41,51,37,34,43,48,48,50,47,37,40,45,63,66,76,102,94,96,69,54,54,51,65,55,79,80,78,77,79,82,89,100,95,100,108,111,110,108,104,104,106,103,98,98,95,91,91,86,81,78,75,76,75,82,79,82,65,69,53,48,69,48,20,15,15,9,97,101,11,31,95,48,60,35,44,87,92,89,84,81,81,78,75,74,96,90,94,95,94,95,87,87,84,84,86,86,86,86,91,92,93,88,90,88,87,87,88,87,89,89,91,89,86,86,85,81,79,80,81,81,82,83,84,88,90,99,117,151,195,199,200,200,201,202,201,202,202,203,203,204,204,205,205,206,205,205,205,206,206
185,191,190,188,186,190,195,198,200,207,206,202,191,187,171,175,212,216,215,211,204,202,198,191,164,56,36,50,67,67,77,106,112,138,149,155,138,153,137,106,61,74,81,108,83,59,48,40,48,51,51,58,41,25,36,47,46,47,44,33,25,37,58,81,83,73,62,71,74,66,64,61,68,58,78,88,87,88,78,76,80,90,100,97,101,106,107,106,104,103,95,102,103,101,95,91,89,89,82,76,74,74,75,78,86,83,83,67,65,59,46,47,42,20,16,11,6,6,8,5,44,67,46,47,33,32,81,89,88,85,86,87,83,73,76,92,93,95,94,101,94,92,89,86,86,86,86,85,83,88,97,101,99,92,87,87,88,87,87,88,90,90,89,88,85,84,82,82,83,83,85,86,87,89,93,97,111,138,194,199,199,200,200,201,202,201,201,201,203,203,203,204,205,205,204,205,205,206,206,206
186,189,184,184,181,187,182,187,194,198,200,204,200,198,185,164,183,211,214,214,207,204,199,192,186,154,58,35,50,67,70,86,102,118,138,150,129,134,140,127,111,106,116,113,84,63,55,49,48,41,55,62,47,31,31,38,32,32,37,68,63,59,61,62,40,75,59,67,75,82,66,72,57,61,87,86,84,84,83,90,88,101,97,103,105,110,112,106,114,100,100,102,100,99,96,89,90,89,83,79,73,78,77,84,93,85,82,69,63,66,50,47,39,37,18,10,16,19,14,6,45,60,42,42,38,31,85,90,89,88,87,88,81,81,83,84,86,89,93,97,96,94,92,93,90,86,83,85,79,89,89,100,94,90,86,86,88,89,89,90,91,90,87,86,86,84,82,84,85,85,87,87,90,92,95,108,133,175,199,199,199,200,201,201,202,202,202,203,204,203,204,204,205,205,206,205,205,206,206,206
182,186,184,180,181,181,179,179,183,189,190,194,198,198,191,185,158,191,213,216,212,207,204,197,189,182,156,63,43,49,70,71,73,88,126,152,156,150,135,135,126,108,127,114,57,70,65,65,47,43,41,38,25,20,29,34,28,43,44,88,62,72,68,72,94,74,64,65,90,41,49,45,77,66,79,80,73,80,93,86,81,93,100,100,105,107,111,112,105,99,98,106,100,103,99,89,90,89,83,80,76,77,83,85,89,83,80,76,74,72,67,68,44,69,43,19,49,93,7,7,47,51,43,47,40,32,87,92,90,87,87,87,81,82,82,84,88,99,95,103,95,95,94,92,89,91,93,85,82,89,87,90,90,87,85,87,88,90,91,92,90,89,87,86,86,85,84,85,86,88,90,89,90,95,102,117,177,199,198,200,200,200,201,202,203,203,203,204,203,204,205,205,205,205,205,205,205,206,206,206
177,176,178,177,176,179,179,178,180,181,177,182,185,187,187,190,182,162,192,211,213,212,207,200,193,189,183,154,68,38,48,69,71,73,90,82,99,115,83,104,113,96,112,90,61,62,43,65,40,29,30,17,22,23,28,30,45,51,49,48,89,57,72,71,88,76,72,68,85,76,85,83,65,61,66,83,81,82,92,82,84,95,103,101,102,109,116,115,100,97,100,101,96,94,94,95,92,89,85,91,75,84,92,90,91,89,81,81,75,74,79,70,52,70,130,58,44,80,18,7,62,54,49,53,48,37,86,94,92,91,92,87,84,84,85,84,91,87,97,97,97,96,95,94,93,93,91,84,81,87,92,84,84,87,87,89,84,86,89,89,87,86,85,85,86,85,85,87,89,89,88,90,93,95,106,160,195,200,200,200,201,201,202,202,203,203,204,205,205,205,205,205,206,206,206,205,206,207,206,207
176,178,179,174,175,176,176,179,178,180,177,180,179,183,182,184,184,176,158,187,207,210,211,205,196,193,193,181,160,84,42,50,65,78,78,75,73,119,115,92,80,97,117,125,119,63,58,42,38,35,27,20,24,23,23,30,39,25,43,55,36,54,58,56,64,57,85,61,49,56,55,64,67,63,76,83,91,75,86,97,102,101,95,98,97,108,110,104,97,100,94,95,97,101,93,94,94,88,77,80,77,89,92,91,94,89,82,84,85,80,95,83,67,48,158,154,124,122,69,19,78,59,58,67,51,41,89,93,91,93,104,94,86,90,90,92,87,94,98,95,93,110,107,102,97,92,90,83,82,85,91,87,83,85,88,90,84,86,88,87,86,85,84,85,86,86,86,88,90,89,89,90,90,100,154,193,197,200,201,201,202,202,202,203,203,203,204,205,205,205,205,205,206,206,206,206,207,206,206,206
172,172,171,173,172,170,171,175,175,177,176,179,176,179,179,179,181,179,173,157,181,199,211,213,207,197,193,188,183,170,109,48,51,60,79,80,104,115,111,121,115,104,131,100,87,74,61,32,47,73,31,27,39,35,32,41,31,26,50,60,45,51,41,59,60,69,67,63,51,64,61,72,65,64,73,86,87,88,84,95,102,92,102,101,100,113,119,109,100,93,93,93,95,95,92,95,94,87,85,83,80,87,96,95,95,90,85,91,94,92,116,76,84,38,121,170,159,126,63,40,76,58,60,66,50,54,92,98,96,93,104,96,91,96,97,91,83,88,94,102,98,104,104,100,98,93,89,88,89,89,89,89,87,84,88,87,84,87,88,87,86,85,85,87,88,87,86,87,88,90,90,88,97,145,192,197,199,200,201,201,201,202,202,203,203,204,204,206,205,206,206,206,206,206,206,206,206,206,206,206
172,172,172,171,170,169,168,171,172,173,172,171,171,175,175,173,174,177,177,170,155,177,194,210,212,207,201,194,186,186,174,142,73,50,59,70,84,92,122,131,150,138,137,91,87,104,80,57,63,64,59,38,26,37,40,57,30,26,50,51,79,47,40,39,67,57,72,53,54,55,58,58,60,60,76,81,89,97,96,103,108,102,104,103,111,112,112,113,102,94,91,90,97,97,94,98,96,83,84,82,80,89,100,96,98,94,87,91,94,103,123,87,90,56,55,144,158,116,33,59,85,67,66,70,46,65,89,98,99,97,91,88,90,94,90,89,81,83,91,98,92,95,98,97,97,92,89,87,91,84,85,88,90,89,88,88,87,87,88,87,86,85,84,85,87,86,86,87,89,90,90,95,120,177,196,199,201,200,201,201,202,203,203,203,204,205,205,205,205,205,206,206,206,206,207,206,206,207,206,206
173,171,174,171,170,169,169,168,170,171,170,170,168,168,170,169,168,171,171,174,167,153,172,188,207,210,209,205,195,188,189,185,166,122,68,56,60,72,86,113,114,156,134,121,108,80,66,37,53,46,31,40,42,42,48,64,52,35,58,54,45,33,55,53,54,65,56,54,54,53,58,69,69,64,78,77,97,94,109,105,112,100,105,113,117,114,116,108,107,92,88,92,97,100,101,95,97,94,97,93,83,88,102,102,102,98,89,88,97,112,123,95,100,111,47,65,114,64,25,101,106,72,77,70,43,73,92,100,99,97,95,86,90,91,89,92,79,86,87,88,86,96,95,95,92,90,90,90,91,86,90,91,96,93,93,87,87,92,89,87,86,86,85,86,85,85,85,86,88,91,99,120,158,193,199,200,200,201,203,202,203,203,204,204,204,205,205,205,205,206,206,206,206,207,206,207,207,207,207,207
172,173,171,170,172,167,167,166,165,167,170,166,168,170,168,169,166,167,163,165,168,167,149,162,182,205,208,206,205,195,191,188,185,179,165,127,78,55,56,86,96,161,140,136,74,81,77,60,57,67,43,40,50,72,61,55,63,58,64,48,61,61,60,55,69,59,55,62,61,65,59,67,64,82,84,81,104,110,107,112,115,114,115,113,126,127,111,103,98,102,100,98,104,98,100,100,94,97,93,89,88,93,98,105,102,95,91,88,95,104,112,105,121,116,79,31,26,13,55,117,100,83,88,74,41,82,96,97,99,103,94,87,97,100,90,82,76,84,75,84,88,94,94,97,93,93,94,95,96,94,95,93,95,101,101,88,98,90,88,88,86,86,88,87,86,86,85,85,88,97,104,158,191,201,201,201,201,202,203,203,204,204,205,205,205,205,205,206,207,208,207,207,207,207,207,207,207,207,207,207
174,171,172,172,172,171,167,167,164,164,165,166,164,166,167,166,164,164,163,159,159,163,159,149,153,175,199,205,206,204,198,192,187,185,183,181,173,150,112,75,72,120,110,126,118,91,64,77,45,62,52,33,46,56,59,45,47,42,69,44,41,54,74,91,89,90,79,73,73,82,83,80,74,81,89,109,113,117,113,112,108,114,115,122,125,118,118,102,106,102,101,99,93,99,99,100,97,94,93,92,90,95,95,101,101,96,98,91,92,100,107,104,101,102,94,61,10,23,90,100,82,84,87,57,49,103,106,104,103,100,87,92,96,96,91,88,92,90,91,82,90,92,95,94,97,99,98,99,102,100,98,97,97,100,102,98,92,91,89,88,86,86,87,86,86,85,85,89,100,93,150,184,197,201,202,202,202,203,203,203,204,205,205,206,206,206,207,206,207,207,207,207,208,207,207,207,208,208,208,208
176,175,172,172,172,172,172,169,170,166,167,167,165,165,164,164,165,164,164,163,159,158,157,154,151,147,161,191,206,208,207,203,198,196,190,182,180,182,175,168,159,153,147,148,118,112,98,81,86,56,38,46,27,34,60,38,48,50,58,39,62,52,69,85,77,71,82,63,72,93,90,85,95,108,114,105,102,115,102,117,120,109,112,114,118,110,107,100,113,104,101,98,105,103,100,98,95,93,94,96,95,93,91,99,99,96,103,96,93,91,90,99,100,96,92,64,28,60,99,93,89,82,61,33,78,109,113,106,101,100,93,95,93,99,93,97,98,89,90,88,96,92,95,97,102,98,100,101,102,100,100,99,101,100,100,98,94,91,88,88,86,86,86,85,85,87,91,94,83,142,182,200,200,200,202,202,203,204,204,205,205,205,206,206,206,207,206,207,207,208,207,207,208,209,209,209,209,209,209,208
174,177,176,173,173,173,173,172,172,169,171,169,166,167,166,167,165,164,163,164,166,163,159,154,153,153,144,151,177,198,207,209,206,205,204,197,191,185,185,188,185,182,183,173,146,129,116,72,70,78,72,38,29,28,75,50,58,46,48,53,61,57,69,71,52,65,56,57,78,86,91,82,109,124,100,101,108,110,93,106,116,117,115,114,115,117,117,107,113,107,100,101,101,101,105,104,106,102,100,101,98,94,92,96,98,98,98,92,89,88,91,96,104,109,100,58,61,70,95,95,86,59,38,71,100,112,112,109,106,104,98,104,89,99,99,102,96,91,87,99,96,95,96,99,107,98,107,103,102,102,106,106,105,103,100,97,93,91,88,89,88,87,85,85,85,90,90,82,133,185,198,201,201,201,203,204,204,204,205,205,205,206,207,206,206,207,207,208,208,208,208,208,209,209,208,209,209,208,209,208
176,175,175,176,175,174,173,174,174,176,174,171,170,171,171,173,171,172,171,171,171,168,167,163,160,160,155,153,142,156,180,199,209,211,209,210,205,199,196,192,191,192,185,182,184,154,136,100,75,85,91,56,44,63,43,45,71,62,60,78,48,70,109,88,77,93,74,80,80,89,73,80,101,111,108,106,102,101,94,105,110,101,100,108,105,106,109,108,100,100,99,114,108,99,104,109,113,110,112,106,101,94,90,94,95,90,94,88,89,88,89,93,94,95,96,71,73,77,86,83,47,41,71,99,114,116,113,115,109,103,96,107,105,104,101,98,95,97,94,95,95,98,101,103,104,102,103,98,100,102,104,101,103,102,98,96,94,93,89,87,87,86,85,84,89,80,68,136,173,198,200,201,202,203,204,204,205,206,206,206,207,207,207,207,208,208,208,208,208,209,209,209,209,209,209,209,209,208,209,209
174,174,176,176,175,174,176,180,177,178,178,177,176,177,178,175,174,175,175,175,176,173,170,170,164,160,159,158,157,146,140,149,169,189,204,206,206,203,202,200,198,191,187,185,181,181,179,152,135,85,96,64,55,58,30,36,55,61,72,57,44,46,51,84,84,67,62,67,83,80,91,84,87,91,84,91,93,86,97,93,90,92,100,108,107,102,103,102,104,108,107,107,105,114,111,115,116,118,116,116,106,100,88,93,92,92,89,85,87,88,87,88,92,94,92,85,76,85,93,63,59,87,104,111,115,114,110,112,110,109,100,106,106,105,104,97,97,98,96,96,100,103,104,107,110,105,96,99,101,100,101,100,101,100,97,95,92,90,88,86,87,86,86,88,73,78,146,181,197,200,201,202,203,203,204,204,205,206,206,207,207,207,208,208,208,208,208,209,209,209,210,209,210,209,210,209,209,209,209,209
177,177,176,177,176,176,178,183,185,184,183,184,184,182,183,184,188,187,183,180,179,176,173,172,169,162,159,158,158,154,153,144,139,143,162,178,192,200,197,198,196,190,187,184,182,179,174,176,161,105,127,102,103,69,55,49,54,50,48,36,40,38,30,51,42,42,30,53,63,72,88,92,100,108,94,91,96,89,100,97,100,104,100,110,105,109,114,112,109,113,109,105,107,114,117,120,121,120,121,121,106,104,99,95,93,92,90,84,83,82,86,88,90,89,92,96,94,97,92,87,105,108,109,112,105,105,107,106,112,113,109,110,107,101,103,101,101,98,98,101,102,107,108,106,102,101,99,101,103,100,100,101,101,98,96,94,94,91,88,85,85,90,83,57,101,162,179,196,200,201,202,203,204,204,205,205,207,207,207,208,208,208,208,209,209,209,209,209,209,209,209,210,210,210,209,209,210,209,209,209
182,185,186,184,188,186,192,194,192,196,196,196,196,196,196,197,198,203,205,196,194,190,183,181,175,174,173,172,171,169,164,155,158,153,139,135,149,165,173,178,179,180,180,178,175,168,165,164,150,142,143,144,128,129,102,82,76,54,36,49,59,58,64,47,40,32,36,45,56,57,78,66,71,79,88,91,94,85,87,94,97,99,108,104,112,110,113,110,114,112,111,105,108,116,121,122,125,122,123,122,108,112,102,95,94,90,93,92,89,85,89,86,87,91,96,101,100,100,103,105,102,102,105,108,109,106,109,109,114,112,115,116,111,108,108,103,102,102,102,103,106,110,109,105,101,100,101,103,101,104,102,101,98,97,96,95,93,91,88,89,90,70,68,129,180,198,199,201,202,202,204,205,205,205,206,206,207,208,208,209,209,209,209,209,209,209,210,211,210,211,210,210,210,210,210,210,210,210,209,209
194,198,201,200,202,201,205,206,208,212,212,214,213,214,214,213,213,214,215,216,217,212,212,210,211,207,206,204,201,198,196,196,189,178,169,166,151,137,136,138,139,143,147,149,142,132,127,122,133,156,171,178,157,161,160,120,109,93,66,37,40,46,55,49,41,37,52,43,47,72,70,55,57,70,77,83,84,83,80,83,88,94,101,108,110,105,108,108,109,109,115,107,114,114,114,114,122,124,124,121,117,110,103,97,98,94,92,91,92,92,89,91,92,94,97,103,103,101,101,97,100,105,106,106,114,111,109,113,114,115,118,118,114,113,108,108,107,108,107,110,112,112,111,108,105,105,106,106,106,103,102,101,99,97,95,93,93,90,91,79,58,89,146,190,196,201,203,204,204,205,205,206,207,207,207,207,208,209,209,209,209,209,210,210,210,211,210,210,210,210,210,210,210,209,210,209,209,210,209,210
209,209,211,211,212,212,213,212,214,213,213,212,214,215,216,215,214,214,214,212,213,214,212,213,211,210,210,212,212,214,217,217,217,217,212,202,193,179,170,160,156,155,155,154,154,158,162,165,170,185,191,165,155,157,171,161,159,135,114,113,76,33,35,44,60,51,41,30,43,46,33,31,43,47,58,71,87,90,94,95,92,89,99,101,102,103,106,107,109,113,113,114,108,119,119,117,120,118,121,118,117,109,105,108,107,103,101,100,94,92,92,95,96,100,103,101,99,100,99,97,101,107,109,110,111,111,112,115,117,117,120,117,114,115,114,114,113,114,115,116,116,114,110,108,110,108,108,110,107,103,100,98,95,93,92,90,91,82,63,57,118,180,194,195,200,202,204,205,205,205,206,207,207,208,208,209,209,209,209,209,209,209,210,211,211,210,210,211,211,210,211,211,211,211,210,210,210,209,210,210
202,200,202,201,201,201,200,198,197,198,200,200,198,197,196,195,195,195,192,191,192,193,194,193,193,195,194,187,192,189,188,189,193,200,204,208,204,194,186,183,184,182,179,177,179,181,180,182,187,185,177,153,157,158,162,167,167,157,169,152,127,71,80,76,67,82,73,74,65,38,41,35,45,28,34,43,44,70,74,88,90,94,92,98,103,106,106,105,111,114,109,110,111,120,117,118,117,117,118,115,115,115,113,110,110,108,104,102,99,96,92,93,97,98,97,96,97,98,99,96,100,104,105,104,103,107,112,116,122,120,116,115,114,115,116,116,118,119,118,117,116,114,112,111,107,106,104,103,98,96,94,89,88,89,91,87,69,62,106,164,180,200,204,204,203,203,205,206,206,207,207,208,209,209,209,209,209,209,210,210,210,210,210,211,211,211,211,211,211,211,211,211,211,210,210,210,210,210,210,210
185,183,185,184,182,183,182,183,182,183,183,183,184,184,184,182,182,181,179,178,176,176,176,176,176,177,179,179,181,180,178,177,175,172,176,181,182,186,194,189,186,182,178,184,187,186,187,185,177,174,170,153,160,162,164,167,169,173,160,174,167,133,165,166,129,76,70,76,65,69,36,27,43,39,37,41,41,46,45,54,62,75,88,99,104,107,109,110,111,116,114,114,112,116,116,118,117,118,117,119,121,121,120,118,114,109,105,103,101,98,96,96,95,98,97,96,98,98,99,95,101,104,103,103,104,103,103,105,110,110,113,113,114,116,117,117,117,118,118,117,115,112,110,107,104,102,97,93,86,86,85,85,84,85,73,51,91,161,188,195,197,199,204,205,206,206,207,207,208,208,208,209,209,210,210,210,211,210,211,210,211,211,211,210,210,211,210,211,211,212,211,211,211,210,210,210,211,210,210,209
177,177,179,179,179,179,175,174,174,176,174,172,174,176,174,174,174,176,175,174,173,171,169,169,169,171,172,173,173,175,175,173,172,173,172,184,190,185,174,174,169,173,176,177,172,179,183,184,177,171,170,163,158,161,165,169,170,170,171,181,174,186,188,189,190,141,143,141,95,69,71,51,41,36,27,31,28,28,35,36,50,58,84,98,98,103,110,108,109,113,115,114,112,116,117,119,120,119,120,120,122,122,121,121,116,107,107,103,102,100,102,100,101,100,100,99,99,99,101,100,103,105,103,108,108,107,105,105,108,109,112,113,113,113,115,117,117,117,117,115,114,112,109,106,101,91,84,84,81,82,85,78,65,60,92,137,181,196,199,199,201,202,206,207,207,208,208,208,207,208,210,210,210,210,210,210,211,211,211,211,211,212,211,211,211,211,211,211,210,211,211,210,210,210,210,210,210,209,209,210
174,175,175,175,174,174,172,171,172,171,170,170,170,168,166,168,168,167,167,166,169,167,166,166,164,163,163,165,166,168,170,172,177,183,187,182,175,172,172,171,172,174,169,166,167,168,164,167,173,174,172,166,163,163,167,171,173,176,178,183,178,188,189,190,192,195,195,184,168,137,133,130,119,95,45,44,47,45,44,47,52,61,57,53,69,83,98,106,110,111,110,112,115,118,118,120,119,121,122,121,121,119,118,116,116,113,111,109,108,107,106,104,104,103,104,105,104,102,102,102,102,103,103,105,107,109,109,110,111,112,113,114,114,115,115,116,116,116,116,115,114,111,109,104,89,89,91,85,79,68,63,69,107,160,189,195,198,199,201,203,204,205,207,208,207,208,209,209,209,209,210,210,210,211,211,211,211,211,212,212,212,212,212,211,211,211,211,211,211,211,211,210,211,210,210,209,210,210,209,209
172,170,170,171,169,169,169,169,167,166,166,166,166,165,164,166,165,166,165,165,166,165,166,165,164,164,165,166,169,171,171,172,172,171,170,167,167,169,171,172,175,174,170,170,169,167,167,168,174,175,179,160,161,166,169,172,175,178,181,185,180,188,189,191,193,195,195,195,184,187,182,171,187,159,131,109,89,86,74,68,55,64,62,49,55,61,70,90,97,102,102,109,109,110,110,112,112,113,114,113,113,114,115,115,112,112,113,111,111,109,107,106,108,107,106,105,104,104,104,106,106,108,111,114,116,114,113,114,113,115,115,115,115,116,115,112,107,106,106,100,97,92,92,91,70,64,66,60,57,55,103,155,180,187,195,197,200,201,204,205,205,208,208,210,209,209,210,210,210,211,211,211,211,211,212,212,212,212,212,212,212,212,212,212,211,212,211,211,211,211,211,211,210,211,210,210,210,209,209,210
167,167,166,165,165,166,166,166,166,165,166,166,165,166,166,166,165,169,166,168,169,171,170,170,174,177,177,176,178,177,178,178,171,169,169,169,169,170,169,171,172,169,171,172,172,171,171,173,176,181,169,160,164,168,170,172,175,178,183,185,188,190,190,192,193,195,195,194,195,187,194,194,195,189,181,181,175,172,154,128,99,66,90,93,65,65,70,75,65,75,84,82,90,93,98,100,104,106,106,106,108,108,108,107,104,108,110,110,108,110,109,108,109,110,113,112,109,109,110,110,112,116,119,114,105,97,107,121,126,119,92,78,74,77,88,85,69,70,57,52,54,59,61,71,89,107,147,166,169,174,185,191,191,198,195,199,202,204,205,207,208,209,210,211,210,211,211,211,211,211,212,212,211,212,212,212,212,212,212,212,212,212,212,212,211,211,212,211,212,211,211,211,211,211,211,210,210,210,210,210
165,164,161,163,163,163,165,165,165,166,164,168,168,168,169,172,170,174,174,173,175,177,180,181,181,180,179,180,179,179,180,180,175,171,170,169,171,172,170,168,169,169,172,172,172,173,174,175,180,177,163,159,166,169,172,174,179,181,184,187,189,191,192,193,195,194,195,196,194,192,194,194,194,193,194,193,193,184,182,178,169,163,146,129,103,99,107,72,64,62,61,85,78,73,59,64,61,64,63,66,85,92,89,84,78,80,81,81,79,76,74,74,80,75,77,85,100,101,96,85,82,76,65,52,36,24,25,136,174,169,162,141,138,151,152,149,146,154,140,137,161,157,160,176,177,191,193,192,197,196,196,197,199,200,200,203,205,207,208,209,210,209,211,211,212,211,212,212,213,212,212,212,212,212,212,212,213,213,212,213,213,213,212,213,212,212,212,211,211,211,212,212,211,212,211,211,210,210,210,210
163,159,159,161,162,162,163,161,162,163,162,162,165,165,167,172,174,177,180,179,178,174,176,177,179,184,182,180,178,174,173,176,177,175,177,178,174,172,172,171,171,171,170,170,172,173,174,176,177,166,157,163,166,170,173,176,179,182,187,189,191,192,193,194,195,196,196,196,196,196,195,194,195,195,195,193,192,193,192,180,178,191,190,189,182,188,172,168,172,156,166,149,163,124,67,61,59,56,43,39,52,52,57,58,55,71,60,40,36,37,43,50,57,62,82,100,118,121,128,121,106,101,89,67,46,32,28,46,159,176,175,176,179,178,175,173,178,178,177,182,185,185,185,190,191,193,196,199,198,198,198,198,200,202,202,204,206,208,209,210,211,211,212,212,213,213,213,213,213,213,213,213,213,213,213,212,212,212,212,213,213,212,212,212,212,212,212,211,212,211,211,211,211,211,211,210,210,210,211,210
163,162,160,162,161,160,161,161,160,159,160,162,160,160,162,164,165,170,174,175,177,177,175,173,172,175,177,174,174,175,177,178,181,180,180,179,178,177,174,174,172,172,170,171,171,173,175,174,165,161,159,164,169,171,174,177,180,184,187,191,191,192,193,195,196,197,196,196,195,196,196,196,195,194,195,195,195,193,193,193,187,191,193,192,190,190,190,188,188,182,184,187,189,185,117,100,86,78,74,75,74,77,73,44,22,45,82,77,60,54,54,61,73,84,92,100,89,75,73,72,74,84,104,95,73,52,38,34,85,167,180,179,180,181,181,180,183,184,186,186,188,189,188,191,194,197,198,199,200,201,200,201,202,203,204,206,208,210,210,212,212,213,214,213,214,214,214,213,213,213,213,213,213,213,213,213,213,213,213,213,213,213,213,212,212,212,212,212,212,212,211,211,211,211,211,211,210,211,211,211
162,162,159,161,161,160,162,161,161,164,161,162,161,162,162,162,166,168,171,172,176,178,177,173,173,172,173,172,174,178,179,181,182,182,181,180,179,178,175,175,177,178,174,171,177,173,172,173,158,160,161,166,169,172,176,178,181,185,189,191,192,193,194,195,196,197,196,196,195,196,196,196,195,195,195,195,195,194,193,194,193,194,194,194,193,194,193,193,192,191,192,192,192,191,174,118,103,91,82,83,81,79,65,39,23,16,18,33,58,69,71,65,56,42,30,22,17,15,17,18,21,28,58,108,100,76,50,42,46,147,178,181,183,184,183,185,186,187,188,189,190,193,194,195,197,199,201,201,202,202,203,204,205,208,209,209,210,211,212,213,213,214,214,214,214,213,213,213,213,214,214,213,214,213,213,213,213,213,213,213,213,213,213,213,213,212,212,212,212,211,211,211,211,211,211,211,210,210,211,210
160,161,161,163,162,163,164,163,167,168,166,172,172,171,172,170,172,172,174,180,182,182,182,180,179,176,177,182,180,180,181,181,180,182,182,180,181,180,178,177,173,172,176,178,171,170,175,171,162,160,162,166,170,173,178,181,184,186,188,192,192,193,195,196,196,197,196,197,196,194,196,196,196,197,197,197,197,195,193,193,195,195,194,195,195,194,194,194,193,192,192,192,192,194,192,183,141,107,97,92,88,88,85,64,45,43,38,43,41,36,35,35,27,18,17,13,14,18,22,23,35,35,31,54,105,99,68,51,52,134,182,185,186,186,186,188,189,189,191,192,194,197,197,198,200,202,202,203,203,204,204,206,207,209,209,211,212,212,213,213,214,214,214,215,214,214,215,214,214,214,214,214,215,213,213,214,213,214,214,213,212,213,212,213,212,212,212,211,211,211,211,211,211,211,212,211,210,210,210,210
161,164,162,162,164,166,169,169,171,171,174,176,181,183,181,180,179,183,178,178,178,182,183,184,185,185,184,182,185,185,185,186,185,184,184,184,184,181,181,181,181,182,181,180,178,175,178,171,167,163,166,170,170,174,178,180,183,187,190,192,194,195,196,197,197,197,197,196,196,196,197,197,197,197,195,195,196,196,196,195,195,195,195,194,195,194,194,193,193,194,194,193,194,194,194,192,192,184,162,143,140,138,123,121,111,103,107,120,119,108,93,72,61,56,50,39,24,16,16,16,17,29,30,28,46,102,94,70,62,147,184,186,187,187,190,190,191,192,194,195,195,199,200,201,203,204,204,205,206,207,208,208,209,211,211,212,214,214,214,215,215,215,215,215,215,215,214,216,215,215,214,214,214,214,214,214,213,214,213,213,213,212,213,212,213,212,212,212,212,212,212,212,211,212,211,211,211,210,211,210
168,171,171,175,177,175,177,176,182,183,180,183,185,187,189,189,188,187,188,186,184,187,188,189,191,194,194,194,193,192,189,188,187,187,186,186,186,188,186,184,185,182,179,177,178,178,177,175,161,161,166,169,173,176,180,183,185,188,191,194,194,194,196,196,197,197,197,197,196,196,196,196,196,196,196,198,196,195,196,196,194,195,194,195,195,196,196,197,195,195,193,194,193,194,194,194,194,193,194,188,188,175,166,175,167,182,170,189,190,190,189,184,169,148,123,98,87,65,64,51,40,30,17,16,17,38,103,88,89,178,188,189,191,191,192,192,193,195,196,198,197,201,203,204,205,205,206,207,208,209,210,210,210,212,213,214,215,215,215,216,215,216,215,216,215,215,214,215,215,215,214,214,215,214,214,214,214,214,213,213,213,212,213,213,213,212,213,212,212,212,212,212,212,211,212,211,210,210,210,209
189,190,190,188,191,191,193,190,192,194,192,191,191,191,191,193,193,191,194,192,191,192,193,196,196,197,195,195,194,193,190,188,188,188,188,186,186,184,186,187,186,185,184,182,173,169,173,174,162,164,168,170,174,177,181,185,187,190,191,193,195,196,196,197,197,196,196,196,196,197,197,197,196,196,195,195,195,194,195,195,195,195,195,195,195,196,196,196,195,195,195,195,195,194,195,195,194,194,194,194,192,189,189,186,190,194,190,190,190,190,191,191,191,191,189,189,180,163,142,118,90,80,58,51,44,40,95,104,166,189,190,191,192,192,193,194,196,197,198,200,201,204,206,206,207,207,207,208,209,210,210,211,212,213,215,215,216,216,216,216,216,216,217,216,216,216,215,215,216,215,215,215,215,214,214,214,214,214,213,214,213,213,214,213,213,212,213,212,212,212,212,212,212,212,212,211,211,210,210,210
202,204,202,201,201,201,201,198,197,198,199,199,197,197,199,199,197,199,199,201,201,197,196,197,198,197,198,197,195,194,193,190,191,189,189,188,189,189,189,189,186,176,170,166,163,174,177,167,160,166,168,174,175,179,182,185,189,190,193,194,195,196,196,197,196,198,197,196,196,196,195,197,196,196,196,196,196,197,197,195,196,196,196,195,196,196,196,195,195,195,195,195,194,194,194,195,195,195,194,194,194,195,194,194,193,193,193,192,193,193,192,192,192,192,192,191,191,192,191,191,187,172,155,141,128,127,141,174,192,193,193,193,193,194,195,197,198,200,201,202,203,205,206,207,209,209,208,209,210,211,212,212,213,215,215,216,216,217,217,217,217,216,216,216,215,215,215,215,215,215,214,215,214,215,214,214,214,214,214,213,213,213,213,213,213,212,213,213,212,211,211,212,212,211,211,211,211,210,210,210
199,199,199,197,197,196,196,196,196,195,198,199,200,198,199,197,199,199,197,201,198,198,197,196,196,195,193,194,195,193,193,192,193,193,192,192,190,187,180,170,164,159,160,160,171,180,170,164,164,170,172,175,177,182,185,188,189,192,193,194,197,196,197,198,197,197,196,196,196,196,197,196,196,195,196,196,196,197,197,197,195,196,195,196,197,196,196,195,196,196,196,196,194,195,195,195,194,195,196,195,195,195,195,195,194,194,194,193,193,193,193,193,193,193,194,194,194,194,193,193,193,193,192,193,194,193,194,193,194,194,194,194,195,197,198,199,200,202,203,204,205,206,207,208,209,209,209,210,210,211,212,212,214,215,216,217,216,217,217,217,217,217,216,216,216,215,215,215,215,215,215,214,215,215,214,214,214,214,214,214,213,213,213,213,213,213,213,213,212,212,211,211,212,212,211,211,211,211,210,210
184,183,182,181,181,181,185,184,183,184,184,185,186,184,184,186,187,184,184,186,186,186,185,185,187,189,192,192,193,193,190,194,191,192,188,182,173,163,160,160,163,162,164,178,186,169,166,164,167,169,174,175,179,182,185,188,190,193,194,196,197,199,197,198,198,198,197,197,197,196,197,197,196,197,196,196,197,197,197,195,196,196,196,197,197,196,196,196,195,196,195,195,195,194,195,196,195,195,195,195,195,196,196,196,196,195,195,196,196,195,195,195,194,195,196,196,195,195,195,195,195,195,194,195,196,195,194,195,195,196,195,196,198,198,200,203,203,204,205,206,207,208,208,210,210,210,210,211,211,212,213,213,214,215,216,216,217,217,217,217,217,216,217,216,216,216,215,215,215,215,215,214,214,214,214,214,214,214,214,214,213,213,213,213,213,213,212,213,212,211,211,211,211,211,211,211,211,211,210,210
177,179,177,171,170,172,172,172,172,171,172,172,169,170,169,170,170,169,169,172,171,171,172,171,171,173,174,174,176,175,176,174,170,167,166,162,158,158,160,163,170,180,193,187,179,164,163,164,168,172,174,179,181,185,187,190,194,194,196,196,198,197,198,197,197,197,196,196,196,197,196,196,197,196,197,197,195,196,197,196,196,195,196,196,196,196,196,196,197,196,196,195,196,196,195,195,195,195,196,196,196,195,197,196,196,197,196,195,195,195,194,194,195,196,196,195,197,197,197,197,197,197,197,197,198,197,197,197,199,199,199,199,201,201,202,204,205,206,207,208,209,210,210,211,211,211,210,212,213,213,214,215,215,216,217,217,216,216,216,216,217,216,216,216,216,216,216,215,215,215,215,215,215,214,214,215,214,214,213,214,214,213,213,213,212,212,212,213,213,212,211,211,211,211,211,212,210,210,210,211
173,172,171,168,169,169,170,169,167,168,166,166,166,167,166,167,167,163,163,164,164,163,163,163,162,164,166,165,163,161,157,156,155,153,155,155,157,162,177,193,197,192,184,184,171,163,163,166,170,174,177,178,182,185,188,192,194,195,197,197,197,198,198,199,197,197,198,198,197,198,198,197,196,197,197,197,197,197,197,197,196,196,197,197,196,196,195,195,194,195,195,196,196,195,196,196,195,196,196,196,196,196,195,196,196,195,196,196,197,197,199,199,197,196,196,197,197,197,197,199,198,198,199,199,199,198,199,200,199,201,201,203,203,203,205,206,206,208,209,210,210,211,211,211,211,211,212,212,213,214,215,216,216,217,216,217,216,216,217,217,216,216,216,216,216,216,215,215,215,216,215,215,214,214,214,214,214,214,214,213,214,214,213,213,213,212,212,212,212,212,212,212,211,212,211,211,211,211,210,210
168,167,165,166,167,166,168,167,164,164,163,162,161,161,159,159,159,158,158,158,157,155,156,154,154,153,154,155,152,154,152,151,150,151,155,164,179,196,193,179,174,175,181,184,168,165,164,167,170,173,178,180,183,187,191,194,195,197,197,198,198,198,199,198,199,198,198,198,198,198,198,198,198,197,197,197,197,197,198,197,197,196,196,195,196,197,196,197,196,196,197,197,196,196,196,196,197,196,196,197,197,197,197,198,197,198,197,197,197,198,198,198,197,197,198,198,198,198,199,199,200,199,200,199,200,199,200,201,202,202,203,204,205,205,206,208,208,210,210,211,211,211,211,212,212,212,212,213,215,215,216,216,217,217,217,216,217,217,217,216,217,216,216,216,215,215,216,215,215,215,215,214,214,214,214,214,214,214,214,214,213,213,213,213,212,213,213,212,213,212,212,211,211,211,211,211,211,210,210,211
168,163,163,163,163,162,163,162,161,162,158,157,156,155,155,155,155,154,154,154,152,153,152,151,150,150,151,150,150,148,149,154,165,175,186,189,187,179,173,175,175,182,185,179,172,165,167,169,172,175,179,181,186,189,193,196,196,198,198,198,198,199,199,198,199,199,199,198,198,197,198,198,196,198,197,198,197,197,197,197,197,197,197,197,196,197,196,196,196,197,195,196,196,196,196,197,197,197,197,197,197,198,198,198,197,198,198,197,197,198,198,197,198,198,198,198,198,198,198,199,200,201,201,201,201,201,202,203,204,204,204,206,207,207,208,209,210,211,212,211,212,212,213,213,213,214,214,214,216,216,217,217,217,217,217,217,216,217,217,217,217,217,216,216,216,216,216,216,215,215,215,215,215,214,214,214,214,214,214,214,214,213,213,213,212,213,212,213,213,212,212,211,211,211,211,211,211,211,211,211
165,160,163,159,158,157,157,155,154,155,154,155,154,154,152,153,151,150,150,150,151,150,148,149,148,148,148,148,152,165,182,191,195,193,190,188,187,189,190,190,187,187,185,179,168,165,170,173,175,179,182,185,187,192,195,197,199,200,200,201,200,200,201,201,201,200,201,200,198,199,197,198,198,198,198,198,198,198,197,197,197,197,197,197,197,197,197,197,197,197,196,197,197,197,197,198,197,197,197,198,197,198,198,198,198,198,198,197,198,198,198,198,198,197,199,198,198,199,200,201,201,201,202,201,201,203,203,204,205,206,206,207,208,208,209,209,210,211,211,212,213,213,213,213,213,213,214,215,216,217,217,217,218,217,217,217,217,217,217,217,218,217,217,217,216,216,216,216,216,215,215,214,214,214,214,214,214,214,214,214,213,213,213,213,213,213,213,213,212,212,212,211,211,211,211,211,211,211,210,211
161,159,158,154,154,154,153,153,151,152,150,150,149,149,149,149,148,151,152,149,150,153,152,153,154,167,173,181,189,191,193,188,187,186,188,189,190,189,189,190,188,186,182,179,168,167,171,175,178,180,182,186,191,195,198,200,200,200,202,201,201,201,201,201,202,201,200,200,199,199,198,199,197,199,197,198,198,198,198,198,197,198,198,198,198,198,198,198,197,198,198,197,198,198,198,197,197,198,198,199,199,199,199,199,198,199,198,199,199,199,198,199,199,199,199,200,199,200,201,202,202,202,202,203,203,204,204,206,206,207,208,209,210,209,210,211,211,211,211,212,213,213,214,214,214,215,215,216,217,217,217,217,217,217,217,217,217,217,217,218,217,217,217,216,215,216,216,216,216,215,214,215,214,214,215,214,214,214,214,214,213,213,213,213,213,212,212,212,213,212,212,212,212,211,211,211,211,211,211,210
157,156,153,152,152,153,152,153,150,151,152,151,151,150,151,153,154,153,154,154,156,162,170,178,185,191,190,190,189,185,186,185,181,182,182,182,185,184,180,182,184,185,185,173,167,171,173,176,179,182,187,188,191,197,201,202,202,202,202,201,202,202,202,202,203,200,200,201,201,200,198,199,199,198,198,199,199,199,198,198,198,199,198,199,198,199,198,198,197,198,199,198,199,198,198,198,197,197,198,199,199,199,199,199,199,199,200,200,199,199,199,199,198,200,200,200,200,201,202,201,203,203,203,204,203,205,206,207,207,209,209,210,210,211,212,212,212,212,213,213,214,213,215,215,216,215,216,217,217,218,217,217,217,217,217,217,217,217,217,217,217,217,217,217,216,216,216,216,216,216,215,214,214,214,214,214,214,214,214,214,213,213,213,213,213,212,212,212,212,212,212,211,211,211,211,211,211,210,210,210
155,154,153,153,152,152,151,150,150,152,152,153,152,151,151,153,159,163,168,174,182,190,193,190,186,182,180,178,177,175,176,174,176,178,181,182,183,182,180,184,186,189,180,169,172,172,177,180,181,185,187,190,194,201,203,203,204,205,204,204,203,202,204,203,203,201,200,201,201,201,200,200,200,201,200,200,200,200,199,198,199,200,199,200,198,199,199,199,199,199,199,199,199,200,200,199,200,199,199,199,199,199,200,200,200,199,201,201,200,200,200,200,199,200,200,200,201,201,202,202,203,204,204,204,204,206,207,208,208,210,210,211,212,212,213,213,212,214,214,214,215,215,215,216,216,216,217,217,218,218,218,218,218,218,218,218,218,217,218,217,217,217,217,217,217,216,216,216,216,215,215,215,214,214,214,214,214,214,214,214,214,213,213,213,213,213,213,213,212,211,212,211,211,211,211,211,211,211,209,211
153,154,153,155,153,153,154,152,151,152,154,155,155,161,162,171,177,188,195,193,187,182,180,174,172,172,177,173,172,171,170,173,176,183,185,184,184,188,185,184,186,182,169,168,173,175,179,181,184,188,191,195,200,203,204,205,204,204,205,205,205,203,204,203,203,203,202,202,201,201,202,202,201,201,201,201,201,201,201,200,201,200,201,200,199,201,200,201,201,200,200,200,199,199,199,201,200,200,201,201,200,200,200,200,201,200,200,200,200,199,200,200,200,202,202,202,203,203,203,203,205,205,206,206,207,208,209,208,210,210,212,212,212,213,214,214,214,214,214,215,215,216,216,217,217,217,217,217,218,218,218,218,218,218,217,218,218,218,217,217,217,217,217,217,217,216,216,216,215,216,216,215,215,215,215,214,214,214,214,214,214,214,213,213,213,213,213,212,212,212,212,212,211,212,211,211,210,211,210,210
156,153,154,152,153,153,155,154,155,160,162,165,175,185,189,191,189,183,177,175,172,172,170,171,171,171,172,172,172,174,174,173,174,178,183,183,183,184,183,184,180,171,167,171,174,177,182,184,187,192,194,198,202,205,207,206,206,206,206,205,205,205,205,203,205,204,204,203,203,202,202,201,202,201,202,202,202,202,201,201,201,201,201,202,201,200,201,201,200,200,201,200,201,200,200,200,200,201,201,202,202,200,201,201,201,201,201,202,202,202,202,203,202,203,203,204,204,204,204,206,206,207,207,208,209,209,210,211,211,212,212,212,214,214,214,215,214,215,215,216,216,217,217,218,218,218,218,219,219,219,218,218,218,218,217,217,218,218,218,217,217,217,217,217,217,216,216,217,216,216,215,215,215,214,215,214,214,213,214,214,213,213,213,213,212,212,213,212,212,212,212,211,212,211,211,211,211,212,210,211
155,156,156,157,159,164,165,169,175,180,188,194,192,188,182,176,173,171,170,168,168,167,167,167,169,169,168,170,169,170,171,170,168,167,168,171,175,181,183,182,169,169,171,173,177,181,183,186,190,193,198,202,207,208,210,211,210,209,208,208,206,205,205,206,206,204,205,206,205,203,204,204,203,203,203,203,203,204,203,203,202,202,202,201,202,201,201,202,202,202,203,202,202,201,201,202,202,202,201,202,202,202,202,202,201,202,200,202,203,204,203,204,204,204,205,205,205,206,206,207,207,208,208,209,210,211,211,212,212,213,214,214,215,215,215,215,215,215,216,216,216,217,218,218,218,219,218,219,219,218,218,219,218,218,217,217,218,218,217,217,217,217,217,217,216,216,216,216,215,215,215,215,215,214,214,213,214,213,214,214,213,213,213,212,213,214,213,213,212,212,212,212,211,212,211,211,211,211,210,210
156,159,162,167,169,179,185,192,193,190,186,179,174,172,171,169,166,167,166,166,166,164,162,161,161,163,164,165,167,167,167,166,165,162,165,174,179,182,186,166,166,166,172,174,179,182,185,187,191,193,200,204,210,211,212,212,212,210,210,210,209,209,208,208,208,207,207,207,206,207,206,205,205,206,206,206,205,205,204,204,204,202,203,204,204,203,203,202,204,205,204,203,204,203,202,202,203,202,202,201,202,203,203,202,203,204,204,203,205,205,205,205,206,206,206,206,206,206,207,208,208,209,210,211,211,211,212,213,214,214,214,214,214,216,216,217,217,216,217,217,218,219,218,218,218,219,218,219,219,218,218,218,218,218,217,218,218,218,218,217,217,217,217,217,217,216,216,216,216,215,215,215,214,214,214,214,213,214,213,214,213,213,213,213,213,213,212,212,212,212,212,211,212,212,212,211,211,211,210,210
166,176,178,185,193,194,192,184,177,174,173,170,168,168,165,164,162,161,161,160,160,161,159,158,158,159,160,162,163,164,165,168,171,174,179,185,182,185,174,161,171,169,172,175,183,184,187,191,193,196,203,206,209,212,214,214,213,212,212,211,211,210,209,209,209,209,208,208,208,207,209,208,208,208,207,207,208,207,207,207,207,206,206,206,206,206,206,206,205,205,204,205,205,206,206,206,205,204,205,206,206,206,206,207,207,207,206,206,207,208,208,208,207,208,208,209,209,208,209,210,210,211,212,212,214,214,214,214,215,214,214,215,215,216,216,217,217,217,218,218,219,218,219,219,219,219,219,219,218,219,218,218,218,218,218,218,218,218,217,217,217,217,217,216,216,215,215,216,215,215,215,215,215,214,214,214,214,214,214,214,214,213,213,213,213,212,213,212,212,212,212,211,211,211,212,211,211,211,211,210
192,197,197,188,181,178,172,172,170,171,169,165,164,162,162,161,160,159,157,157,158,156,156,156,158,156,157,160,161,165,167,169,174,177,177,180,181,179,164,158,168,171,174,181,185,186,189,192,193,200,205,210,211,212,214,214,213,214,212,212,213,212,212,212,213,211,210,210,211,211,209,208,209,210,210,210,209,209,210,209,209,208,208,209,210,209,208,209,209,210,209,208,208,208,208,208,208,208,208,208,210,210,209,209,209,209,209,209,210,210,210,210,209,209,210,210,210,211,211,212,212,213,214,214,214,215,215,215,215,216,216,216,216,216,217,217,218,218,219,219,219,218,219,219,218,219,218,219,219,219,219,218,219,218,218,217,217,217,217,217,216,217,217,216,216,216,217,216,216,215,215,215,215,214,214,214,214,214,214,214,214,213,214,213,213,213,213,212,212,212,211,211,212,211,211,211,211,211,211,210
190,182,174,174,171,169,167,166,163,163,163,160,160,159,157,157,157,157,156,155,155,154,155,155,154,154,155,158,159,161,164,167,168,168,169,175,175,171,157,162,172,171,174,179,184,187,192,194,197,203,208,211,213,214,216,215,215,214,215,214,215,215,213,213,213,213,212,211,212,212,212,212,211,211,211,211,211,211,212,211,211,211,210,210,211,209,209,209,210,210,211,211,210,210,210,210,212,212,210,210,210,210,211,211,211,211,211,210,210,210,211,212,212,212,212,211,212,213,213,213,214,214,214,216,216,216,216,215,216,217,217,216,217,217,217,217,218,218,218,218,219,218,218,218,219,218,218,218,218,218,218,218,218,218,217,217,217,217,218,217,217,217,217,216,216,216,216,216,216,216,215,215,215,215,215,214,214,214,214,214,214,213,213,213,213,213,212,212,212,212,211,212,212,212,212,212,211,212,210,211
169,169,166,168,165,164,162,161,161,158,158,158,156,154,156,155,154,154,153,153,153,153,153,152,151,152,155,157,159,160,159,156,157,161,164,168,166,159,157,168,173,175,179,185,189,190,193,198,201,207,211,212,214,215,216,217,217,216,216,216,215,215,216,214,214,214,214,214,213,213,213,213,213,213,213,213,213,213,213,212,212,212,212,212,211,212,212,213,211,211,210,211,210,211,211,211,210,210,210,211,211,210,212,212,212,212,211,213,213,212,212,212,213,213,213,214,214,214,215,215,215,216,216,216,217,217,217,217,216,217,217,217,218,218,219,219,219,219,219,219,219,219,219,219,219,219,219,218,219,218,217,218,217,218,218,218,218,218,218,217,217,217,217,216,216,216,216,216,216,216,215,215,215,215,215,214,215,214,214,213,213,213,213,213,213,213,212,212,212,211,212,212,212,213,212,211,211,211,211,210
168,167,165,164,162,160,159,159,160,158,155,156,154,154,153,153,153,152,153,152,153,152,152,153,154,152,153,156,156,155,153,153,153,155,157,160,158,152,163,174,173,180,183,188,191,194,197,201,205,210,214,213,214,215,219,218,217,216,217,217,217,216,217,216,215,215,215,215,216,215,215,215,215,215,215,215,213,214,214,214,214,213,213,214,214,214,214,214,214,213,212,212,212,213,213,213,212,212,213,213,213,214,213,213,214,213,214,214,214,214,214,214,214,214,214,215,215,216,216,216,216,217,217,217,217,217,218,217,218,218,218,218,219,219,219,219,219,219,219,219,219,219,219,219,219,219,219,219,218,218,218,218,218,218,218,218,217,217,217,217,217,217,216,216,216,216,216,217,216,215,216,215,215,215,215,214,214,215,214,214,214,214,213,213,213,213,212,212,212,213,212,212,212,212,212,212,212,211,211,210
167,165,164,162,161,161,158,158,157,157,156,154,154,153,153,151,152,151,152,152,151,153,151,152,152,152,152,153,154,152,153,152,151,149,158,154,147,148,171,175,177,181,189,193,195,196,200,204,208,213,214,216,216,217,218,218,218,218,218,218,218,218,217,218,218,217,216,217,217,217,217,217,216,216,216,217,215,215,216,216,215,215,216,215,216,216,216,216,217,215,215,215,215,215,215,215,214,214,214,215,215,215,216,216,215,215,215,216,216,215,216,216,216,216,217,217,217,217,218,218,217,217,218,218,217,218,218,219,219,219,219,219,220,220,220,220,220,219,220,220,220,219,219,219,219,219,219,218,219,218,219,218,218,218,218,218,217,218,217,217,217,217,217,216,216,215,216,216,216,215,215,215,214,215,215,215,215,214,214,214,214,214,214,213,213,213,213,213,212,212,212,212,212,212,212,211,211,210,210,210
166,165,161,159,159,159,158,156,156,154,153,153,153,153,151,151,153,152,153,152,152,152,154,152,154,153,151,150,150,148,149,150,148,153,157,148,145,155,179,175,178,184,189,192,196,198,201,207,211,216,216,216,217,219,219,220,220,219,220,219,219,219,219,218,219,218,218,219,219,219,218,218,218,218,218,218,218,217,217,218,218,217,217,217,217,218,217,217,217,217,217,216,216,216,216,216,216,216,216,216,217,217,217,217,217,218,217,218,217,217,218,217,217,217,217,218,219,218,219,218,219,219,219,219,219,219,219,219,219,220,220,220,220,220,220,220,220,219,220,219,219,219,219,219,219,219,219,219,219,218,219,218,218,217,218,217,217,217,217,217,217,217,217,216,216,216,216,216,216,215,215,215,215,215,215,214,215,215,215,214,214,214,214,214,213,213,213,213,212,212,212,211,212,213,212,211,211,211,211,210
164,163,162,162,160,158,157,155,155,154,156,154,153,152,151,150,153,153,154,152,150,149,151,151,150,150,149,149,147,147,148,147,149,151,147,145,147,171,180,175,183,187,191,193,196,199,203,209,213,215,217,217,218,219,220,220,220,220,220,220,220,220,220,220,220,220,219,219,219,220,219,219,219,219,219,219,219,219,219,219,219,219,219,219,219,219,219,219,219,219,219,219,219,218,219,219,219,219,219,218,218,219,218,218,218,219,219,219,219,219,219,219,219,219,220,220,220,220,220,219,220,219,220,220,220,221,220,220,220,220,221,220,220,219,219,220,220,220,220,219,219,219,219,219,219,219,219,219,219,218,218,218,217,218,218,217,218,217,217,217,216,217,217,216,216,217,216,217,216,216,216,215,214,215,214,214,214,214,213,213,213,213,213,212,212,213,213,212,212,212,212,212,213,212,211,212,211,211,210,210
163,162,161,160,158,158,155,155,154,154,154,152,152,154,153,152,151,152,152,152,152,149,150,149,148,147,148,148,150,149,148,148,149,151,146,149,156,184,178,178,183,191,194,196,198,201,205,209,215,216,217,218,218,220,220,220,220,220,220,220,220,221,221,220,221,220,220,221,221,221,220,221,220,220,221,220,221,221,220,220,221,220,220,220,220,221,220,220,220,220,220,220,220,220,220,220,220,219,220,219,220,220,221,220,220,220,221,220,221,221,221,221,221,221,221,221,221,221,221,220,221,221,221,221,221,221,220,220,220,220,221,221,220,220,220,220,220,220,220,220,219,220,220,220,219,219,219,220,219,219,218,218,219,218,218,218,218,217,217,217,217,217,216,216,216,215,216,216,215,215,216,215,215,215,214,214,215,214,214,214,213,214,213,213,213,213,213,212,212,212,212,212,212,212,212,211,211,211,211,211
162,162,161,159,158,158,157,156,154,154,153,155,155,155,154,151,152,152,153,151,151,152,150,147,146,148,147,146,149,149,148,147,152,153,151,157,174,180,176,180,186,192,193,197,199,203,208,212,215,217,218,218,219,220,220,220,220,221,220,221,221,221,220,220,221,220,221,221,222,222,221,221,222,222,221,221,221,221,222,221,221,222,221,222,222,222,222,222,222,221,221,221,221,221,221,220,222,221,221,221,221,221,222,221,220,222,221,222,222,221,222,221,221,221,221,221,221,221,221,222,222,221,222,222,221,221,221,221,220,221,221,221,221,221,220,220,220,221,220,220,219,219,220,220,220,219,219,219,219,219,218,219,218,218,218,218,218,217,217,217,217,217,217,216,216,216,217,216,216,215,215,215,215,214,215,214,214,214,214,213,213,213,213,213,213,213,213,212,212,212,212,212,211,212,212,211,211,211,210,211
163,160,159,160,160,160,158,155,154,155,155,156,155,155,153,154,152,153,152,152,150,149,148,149,151,150,149,149,150,151,152,155,158,159,161,167,179,176,178,183,190,192,197,199,201,206,211,215,216,217,218,219,219,219,221,221,221,220,221,221,221,222,221,221,221,221,221,222,222,221,222,222,222,222,222,222,222,222,222,223,222,222,222,222,223,222,223,222,222,222,221,221,222,223,223,222,222,222,222,222,222,222,222,222,222,222,222,222,222,222,222,222,222,222,222,221,221,221,222,222,221,221,222,221,222,221,221,221,221,221,221,221,220,221,220,220,221,220,220,220,220,220,220,220,219,219,219,219,220,219,218,219,218,218,218,218,218,217,218,217,217,217,216,217,217,216,216,215,216,215,215,215,214,214,215,214,215,214,214,213,213,213,212,213,212,213,213,213,213,212,212,212,212,212,212,211,211,211,211,210
162,161,160,158,158,159,157,159,154,155,156,156,155,155,154,153,153,153,153,151,151,150,150,150,151,152,152,154,155,153,154,157,157,159,165,176,175,178,181,185,192,196,199,201,202,206,211,215,217,218,219,219,221,221,223,222,221,221,221,221,222,222,222,222,222,222,222,222,222,222,222,222,222,222,222,223,223,223,223,222,222,222,222,222,222,222,222,222,222,222,222,222,222,221,222,222,222,222,223,223,222,222,222,222,222,222,222,222,222,222,222,222,222,222,222,222,221,221,222,222,221,221,222,221,221,221,221,221,221,221,221,221,221,221,220,220,220,220,220,219,220,220,220,220,219,219,219,219,219,219,218,218,219,218,218,218,218,217,217,216,217,216,216,217,217,217,215,215,215,215,216,215,214,215,215,215,214,214,214,214,214,213,213,212,213,213,213,213,213,212,212,213,212,212,212,212,211,210,210,210
162,161,160,159,158,158,158,156,155,156,156,155,155,156,155,153,153,152,153,152,151,151,151,151,154,154,154,153,152,152,155,157,156,159,170,179,177,179,183,188,192,196,199,202,205,207,214,216,218,219,219,220,220,221,222,221,221,222,221,221,222,222,222,222,222,222,222,222,221,222,221,223,222,221,222,221,223,222,223,222,223,223,222,223,222,222,222,222,223,222,223,222,223,223,223,222,222,223,223,222,223,222,223,222,222,223,223,222,222,222,222,222,222,222,222,221,222,221,221,221,222,222,221,221,221,221,221,221,221,221,221,221,221,221,221,221,220,220,220,220,220,220,220,220,220,219,218,219,219,219,219,218,219,219,218,218,218,217,217,217,217,216,216,217,216,216,216,215,216,215,215,215,215,215,214,215,214,214,214,213,214,213,213,213,213,213,213,211,213,213,212,212,212,212,211,211,211,211,211,211
162,160,159,159,159,157,158,157,156,157,158,156,155,155,155,154,152,152,151,152,152,152,151,152,152,154,153,152,151,152,152,156,155,164,176,177,178,179,185,192,195,198,200,203,207,210,214,217,219,219,220,220,221,221,222,221,222,222,222,222,222,223,222,222,222,222,222,222,222,222,222,223,222,222,222,223,223,222,222,223,223,223,223,222,223,222,223,222,222,223,223,223,223,222,222,223,223,222,223,223,224,223,223,223,222,222,222,222,222,222,222,223,222,222,222,222,222,222,221,222,221,222,222,221,221,221,221,221,221,221,221,221,221,220,220,220,220,220,220,220,219,220,220,220,220,219,219,219,219,219,219,219,219,218,218,218,217,217,217,217,217,216,216,216,216,216,216,216,215,215,215,215,215,214,215,215,215,214,214,214,214,213,213,213,213,213,212,212,212,212,212,212,212,212,212,211,211,211,211,211
161,160,160,159,158,158,157,158,157,157,156,156,155,155,154,154,153,152,150,151,151,151,152,151,153,152,152,151,151,152,153,155,160,172,174,176,178,181,186,192,197,200,202,204,208,211,215,218,219,219,221,220,221,222,222,222,221,221,222,223,222,222,222,222,221,222,222,222,222,222,222,222,221,222,223,223,223,223,223,223,223,223,223,222,223,223,222,223,223,223,223,222,223,224,223,223,223,223,223,223,223,223,223,223,223,222,223,222,222,223,223,223,222,222,222,222,222,222,222,222,221,221,222,222,221,221,221,221,221,221,221,221,221,221,221,220,221,220,220,220,220,220,220,220,220,220,219,219,219,219,219,218,218,219,218,217,217,217,217,217,217,217,216,216,216,216,216,216,216,216,215,215,215,214,214,215,214,214,214,214,214,213,213,212,212,213,212,213,212,212,212,211,211,211,211,211,211,211,211,210
161,163,158,160,162,160,159,159,158,157,157,156,155,155,154,154,154,153,152,152,153,154,153,151,150,152,152,151,152,154,158,161,174,177,169,176,177,184,189,193,198,199,201,204,209,214,216,218,218,219,220,221,222,222,222,222,222,222,223,222,222,222,222,222,222,222,222,222,222,222,222,222,222,223,223,223,223,223,223,223,223,223,223,223,223,223,223,223,223,223,222,223,223,223,223,223,223,223,223,223,224,223,223,224,223,222,223,222,223,223,223,223,223,223,223,222,222,222,222,221,221,221,222,221,222,221,222,221,221,221,221,221,220,221,221,220,220,220,220,220,220,220,220,220,219,220,219,220,219,219,219,219,218,218,218,217,217,217,217,217,217,217,217,216,216,216,216,215,215,215,215,215,215,215,215,215,214,214,213,214,213,214,213,212,213,212,212,213,212,212,211,211,211,212,211,212,212,211,211,211
160,162,160,160,161,159,159,159,157,158,156,156,157,155,155,155,155,155,154,154,154,152,151,152,152,150,151,151,152,157,162,166,174,168,167,176,180,186,193,196,199,203,204,205,211,215,216,219,219,220,221,222,222,222,221,222,222,222,223,222,222,222,223,223,222,223,222,222,222,223,223,223,223,223,222,223,223,223,223,223,223,223,223,223,223,223,223,223,224,224,223,223,223,223,223,223,224,223,223,224,223,223,223,223,223,222,223,223,223,223,222,222,222,223,222,223,222,222,222,221,221,221,222,221,221,221,221,222,221,221,221,221,221,221,220,220,220,221,220,219,220,220,220,220,220,220,219,219,219,219,219,219,218,218,218,218,218,217,218,217,217,217,217,217,216,217,216,216,215,214,215,215,214,214,214,215,214,214,214,213,213,213,213,213,212,212,212,212,212,212,211,212,211,211,211,212,211,210,210,210
160,160,161,160,162,160,159,158,158,158,156,156,157,156,156,157,156,155,154,154,154,153,151,152,151,150,150,151,156,160,163,168,174,157,168,179,186,191,195,199,201,203,205,209,213,215,218,219,219,219,221,222,221,222,222,221,222,222,223,222,222,222,222,222,223,222,223,223,222,222,223,223,223,223,223,223,223,223,223,223,223,223,223,223,223,224,223,224,224,224,223,223,223,223,223,223,223,224,223,223,223,223,223,223,223,223,222,223,222,222,223,222,222,222,222,222,222,222,222,222,222,222,222,222,221,221,221,221,221,220,221,221,221,221,221,220,220,220,220,220,220,220,219,220,220,220,219,218,219,219,219,219,219,218,218,218,218,218,217,217,217,216,216,216,216,215,216,215,215,215,215,215,214,214,214,215,214,214,214,214,214,213,213,212,212,212,212,212,212,212,212,211,211,211,211,211,210,211,211,211
159,161,161,160,160,158,159,158,158,158,158,158,157,157,156,156,155,155,155,154,154,153,152,152,151,152,152,153,159,162,166,169,164,149,166,181,185,191,195,197,201,203,206,209,213,216,217,218,220,221,222,221,222,221,222,222,222,223,223,223,223,222,222,222,222,222,223,223,223,223,223,223,223,223,223,223,224,223,223,223,223,224,224,223,223,223,223,224,224,223,223,223,224,224,223,223,223,222,223,223,223,223,223,223,223,223,223,223,223,223,223,223,222,222,222,222,222,221,222,221,222,222,221,221,221,221,221,221,221,221,221,221,221,221,220,220,220,220,221,220,219,220,219,220,219,219,220,219,219,219,218,218,217,217,217,217,217,217,217,217,216,217,216,216,216,216,216,215,215,215,215,215,214,215,215,214,213,213,213,213,213,213,213,213,212,212,214,213,213,212,212,211,212,211,211,211,212,211,211,212
160,160,161,158,158,158,159,160,159,159,158,157,158,159,158,157,156,156,157,155,154,154,154,151,152,153,155,158,160,163,164,163,153,151,169,182,187,193,195,198,201,203,206,210,214,216,218,219,220,220,221,221,222,222,222,222,222,223,223,222,223,223,223,223,223,223,223,224,223,223,223,223,224,223,223,223,224,223,223,224,224,224,224,224,223,224,223,223,223,223,223,223,224,224,224,223,224,223,223,223,224,223,224,223,223,223,223,223,223,223,223,223,223,222,223,222,222,222,222,222,222,222,221,222,221,221,221,221,221,221,221,221,221,221,220,220,219,218,219,220,219,219,219,219,219,219,218,218,219,218,218,219,218,218,218,218,217,217,217,216,217,217,217,217,216,216,216,216,216,216,215,215,214,215,215,214,215,215,214,213,214,214,212,213,213,213,213,213,212,213,212,212,212,212,212,211,211,211,211,211
160,160,161,161,159,161,159,158,161,159,157,157,158,159,159,158,155,155,155,154,154,154,153,153,155,157,160,160,162,160,161,159,146,151,172,183,188,195,197,200,201,205,208,211,214,217,218,219,220,221,221,221,222,222,222,222,222,223,223,224,223,223,222,222,223,223,224,223,223,223,223,223,223,223,223,223,223,224,223,223,223,223,223,223,223,223,223,223,223,223,223,224,223,223,223,223,223,223,223,223,223,223,223,223,223,223,223,223,223,223,223,223,222,222,221,222,221,222,222,222,222,222,222,221,221,221,220,220,220,220,220,220,220,219,220,220,220,220,220,219,219,220,219,220,219,219,219,219,219,218,218,218,218,219,218,218,217,217,217,217,217,216,216,217,216,216,216,215,215,215,215,215,215,215,215,215,214,214,214,213,213,213,212,213,213,213,214,213,213,213,213,212,211,212,212,210,210,211,211,211
159,160,159,158,158,160,158,157,159,159,156,157,157,159,160,157,155,154,154,154,155,154,154,154,157,160,159,158,157,159,159,153,144,152,175,188,191,197,198,201,203,207,207,213,216,217,217,220,219,220,221,221,222,223,222,223,223,223,222,223,222,223,223,223,223,223,224,223,222,223,223,223,223,223,223,223,224,223,223,223,223,223,224,223,224,224,224,224,223,223,223,223,223,223,223,222,222,222,222,222,222,222,223,224,224,223,223,223,223,223,222,223,222,222,222,222,221,221,221,222,222,221,221,221,221,221,221,221,221,219,220,220,220,220,220,220,220,219,220,220,220,219,219,219,219,219,219,219,219,218,219,219,218,218,218,218,217,217,217,217,217,217,217,217,217,217,216,215,215,215,215,214,215,214,214,214,214,214,214,214,213,214,213,213,213,214,213,213,213,213,212,212,212,212,211,211,212,211,210,211
