0,0,0,0,0,0,0,0,0,0,0,0,0,0,0,0,0,0,0,0,0,0,0,0,0,0,0,0,0,0,0,0,0,0,0,0,0,0,0,0,0,0,0,0,0,0,0,0,0,0,0,0,0,0,0,0,0,0,0,0,0,0,0,0,0,0,0,0,0,0,0,0,81,183,204,205,205,205,206,205,205,205,206,206,206,206,207,207,207,207,207,208,209,209,209,210,210,210,211,211,210,211,211,211,211,212,212,212,213,213,213,213,213,213,214,214,214,214,214,214,214,214,214,214,214,214,214,214,215,215,215,215,215,215,216,216,216,217,216,216,216,216,216,216,217,217,217,216,216,217,217,217,217,217,217,217,217,138,0,0,0,0,0,0,0,0,0,0,0,0,0,0,0,0,0,0,0,0,0,0,0,0,0,0,0,0,0,0,0,0,0,0,0,0,0,0,0,0,0,0
0,0,0,0,0,0,0,0,0,0,0,0,0,0,0,0,0,0,0,0,0,0,0,0,0,0,0,0,0,0,0,0,0,0,0,0,0,0,0,0,0,0,0,0,0,0,0,0,0,0,0,0,0,0,0,0,0,0,0,0,0,0,0,0,0,0,0,0,0,0,54,156,204,204,204,204,205,205,205,205,205,205,206,206,206,206,206,206,207,207,207,208,208,209,209,209,211,210,210,211,211,211,211,211,212,212,212,212,213,213,213,213,213,213,213,214,214,214,214,215,214,214,214,214,214,214,214,215,215,215,215,215,215,215,216,216,216,216,216,215,216,216,216,216,217,216,216,216,216,217,217,217,217,217,217,217,217,217,59,0,0,0,0,0,0,0,0,0,0,0,0,0,0,0,0,0,0,0,0,0,0,0,0,0,0,0,0,0,0,0,0,0,0,0,0,0,0,0,0,0
0,0,0,0,0,0,0,0,0,0,0,0,0,0,0,0,0,0,0,0,0,0,0,0,0,0,0,0,0,0,0,0,0,0,0,0,0,0,0,0,0,0,0,0,0,0,0,0,0,0,0,0,0,0,0,0,0,0,0,0,0,0,0,0,0,0,0,0,26,128,203,204,204,204,204,204,204,204,205,205,205,205,205,206,206,206,206,206,207,207,207,208,208,208,209,209,209,210,211,211,211,210,211,211,212,212,212,213,213,213,213,213,214,214,214,214,214,214,214,214,214,214,214,215,214,214,214,215,215,216,216,215,216,216,216,216,216,216,216,216,216,216,216,216,217,217,216,217,217,217,217,217,218,218,217,217,217,218,168,0,0,0,0,0,0,0,0,0,0,0,0,0,0,0,0,0,0,0,0,0,0,0,0,0,0,0,0,0,0,0,0,0,0,0,0,0,0,0,0,0
0,0,0,0,0,0,0,0,0,0,0,0,0,0,0,0,0,0,0,0,0,0,0,0,0,0,0,0,0,0,0,0,0,0,0,0,0,0,0,0,0,0,0,0,0,0,0,0,0,0,0,0,0,0,0,0,0,0,0,0,0,0,0,0,0,0,0,101,203,204,204,204,204,204,204,204,204,204,205,205,205,205,205,205,205,206,206,206,206,207,207,207,208,208,208,208,209,209,210,211,211,211,211,212,212,212,212,213,213,213,213,213,214,214,214,214,214,214,214,214,214,214,214,214,215,214,214,215,215,216,215,216,216,216,215,216,216,216,216,216,216,216,217,217,217,217,217,217,217,217,217,217,217,218,218,217,218,218,218,88,0,0,0,0,0,0,0,0,0,0,0,0,0,0,0,0,0,0,0,0,0,0,0,0,0,0,0,0,0,0,0,0,0,0,0,0,0,0,0,0
0,0,0,0,0,0,0,0,0,0,0,0,0,0,0,0,0,0,0,0,0,0,0,0,0,0,0,0,0,0,0,0,0,0,0,0,0,0,0,0,0,0,0,0,0,0,0,0,0,0,0,0,0,0,0,0,0,0,0,0,0,0,0,0,0,73,174,202,203,204,203,203,204,204,204,204,204,203,204,205,205,205,204,205,205,205,206,205,205,206,206,206,206,207,208,208,209,209,209,210,210,210,211,211,212,212,212,212,212,212,213,213,213,213,214,214,214,214,215,215,214,215,215,214,215,215,215,216,216,216,216,217,216,216,216,216,216,216,216,216,217,217,217,217,217,217,217,217,217,217,217,217,217,218,218,217,217,218,219,197,8,0,0,0,0,0,0,0,0,0,0,0,0,0,0,0,0,0,0,0,0,0,0,0,0,0,0,0,0,0,0,0,0,0,0,0,0,0,0,0
0,0,0,0,0,0,0,0,0,0,0,0,0,0,0,0,0,0,0,0,0,0,0,0,0,0,0,0,0,0,0,0,0,0,0,0,0,0,0,0,0,0,0,0,0,0,0,0,0,0,0,0,0,0,0,0,0,0,0,0,0,0,0,46,148,203,203,202,202,203,203,203,203,203,203,203,203,203,203,204,204,204,204,205,205,205,205,205,205,205,205,206,207,207,207,208,208,209,209,209,209,209,210,211,211,212,212,212,212,213,212,213,213,214,214,214,214,214,214,215,214,215,215,215,215,215,216,216,216,216,216,216,216,216,217,216,216,216,217,217,217,217,217,216,217,217,217,218,217,217,217,217,217,218,218,218,217,218,218,218,118,0,0,0,0,0,0,0,0,0,0,0,0,0,0,0,0,0,0,0,0,0,0,0,0,0,0,0,0,0,0,0,0,0,0,0,0,0,0,0
0,0,0,0,0,0,0,0,0,0,0,0,0,0,0,0,0,0,0,0,0,0,0,0,0,0,0,0,0,0,0,0,0,0,0,0,0,0,0,0,0,0,0,0,0,0,0,0,0,0,0,0,0,0,0,0,0,0,0,0,0,19,120,202,202,203,203,202,202,203,203,203,202,203,202,202,203,203,202,204,204,203,203,203,204,205,205,206,205,205,205,205,206,206,206,207,208,208,208,209,209,209,210,210,211,211,212,212,212,213,212,213,213,213,213,214,215,215,215,215,215,215,215,216,215,215,216,216,216,216,216,216,217,216,217,217,217,217,217,217,217,217,217,217,217,217,217,217,218,218,218,218,218,218,218,218,218,217,218,218,219,38,0,0,0,0,0,0,0,0,0,0,0,0,0,0,0,0,0,0,0,0,0,0,0,0,0,0,0,0,0,0,0,0,0,0,0,0,0,0
0,0,0,0,0,0,0,0,0,0,0,0,0,0,0,0,0,0,0,0,0,0,0,0,0,0,0,0,0,0,0,0,0,0,0,0,0,0,0,0,0,0,0,0,0,0,0,0,0,0,0,0,0,0,0,0,0,0,0,0,92,193,201,201,201,202,203,202,202,202,203,202,202,201,202,202,202,202,202,202,203,203,203,204,203,204,205,204,204,205,205,205,206,206,206,207,207,207,208,209,209,209,209,210,211,211,211,212,212,212,212,213,213,213,214,214,214,214,215,214,215,215,215,215,215,215,216,216,216,216,216,217,217,217,217,217,217,217,217,217,217,217,217,217,217,217,217,218,218,218,218,218,218,219,218,218,219,218,218,218,218,147,0,0,0,0,0,0,0,0,0,0,0,0,0,0,0,0,0,0,0,0,0,0,0,0,0,0,0,0,0,0,0,0,0,0,0,0,0,0
0,0,0,0,0,0,0,0,0,0,0,0,0,0,0,0,0,0,0,0,0,0,0,0,0,0,0,0,0,0,0,0,0,0,0,0,0,0,0,0,0,0,0,0,0,0,0,0,0,0,0,0,0,0,0,0,0,0,65,165,200,200,201,201,201,202,202,202,202,202,202,202,201,201,201,202,202,202,202,202,202,203,203,202,203,203,204,203,203,204,204,204,205,205,206,206,206,207,207,208,209,209,209,209,210,211,211,211,212,212,212,213,213,213,214,214,214,214,215,215,215,215,215,215,215,216,216,216,216,215,216,217,217,217,217,217,217,217,216,217,217,217,217,218,217,218,218,218,218,218,218,219,218,218,218,219,219,219,218,218,218,219,67,0,0,0,0,0,0,0,0,0,0,0,0,0,0,0,0,0,0,0,0,0,0,0,0,0,0,0,0,0,0,0,0,0,0,0,0,0
0,0,0,0,0,0,0,0,0,0,0,0,0,0,0,0,0,0,0,0,0,0,0,0,0,0,0,0,0,0,0,0,0,0,0,0,0,0,0,0,0,0,0,0,0,0,0,0,0,0,0,0,0,0,0,0,39,139,201,201,201,200,201,201,200,200,201,201,201,202,202,202,201,201,201,202,201,201,202,202,202,202,202,201,202,203,203,203,203,203,203,204,204,205,205,205,205,206,207,207,208,208,209,209,209,210,210,211,211,212,212,212,213,213,213,214,214,215,215,216,215,215,215,215,216,216,215,216,216,216,217,217,217,217,217,217,217,217,217,217,218,218,217,217,217,217,217,218,218,218,218,219,219,219,218,219,219,219,219,219,219,219,177,0,0,0,0,0,0,0,0,0,0,0,0,0,0,0,0,0,0,0,0,0,0,0,0,0,0,0,0,0,0,0,0,0,0,0,0,0
0,0,0,0,0,0,0,0,0,0,0,0,0,0,0,0,0,0,0,0,0,0,0,0,0,0,0,0,0,0,0,0,0,0,0,0,0,0,0,0,0,0,0,0,0,0,0,0,0,0,0,0,0,0,12,112,201,201,201,200,200,200,200,200,200,200,200,200,201,201,202,201,201,201,201,201,201,200,201,201,201,201,201,201,201,202,203,202,203,202,202,203,203,204,204,204,205,205,206,206,207,207,208,208,209,209,210,210,211,211,211,212,212,213,213,214,214,215,215,215,215,215,215,216,216,216,216,216,216,217,217,217,217,217,217,217,217,218,217,217,217,218,218,218,218,218,218,218,218,218,218,218,218,219,219,219,219,219,219,219,218,219,219,96,0,0,0,0,0,0,0,0,0,0,0,0,0,0,0,0,0,0,0,0,0,0,0,0,0,0,0,0,0,0,0,0,0,0,0,0
0,0,0,0,0,0,0,0,0,0,0,0,0,0,0,0,0,0,0,0,0,0,0,0,0,0,0,0,0,0,0,0,0,0,0,0,0,0,0,0,0,0,0,0,0,0,0,0,0,0,0,0,0,85,185,201,201,201,201,200,200,200,200,200,200,200,200,200,200,200,200,200,200,200,201,200,200,200,201,201,200,200,201,201,202,202,201,202,202,202,202,202,203,203,203,203,204,205,206,206,206,206,206,207,208,209,210,210,210,210,211,212,212,213,213,213,213,214,216,215,215,215,215,216,216,216,216,216,216,217,217,217,217,217,217,217,217,218,218,218,217,217,218,218,218,218,217,218,219,218,219,218,218,219,219,219,219,219,218,219,219,219,219,206,16,0,0,0,0,0,0,0,0,0,0,0,0,0,0,0,0,0,0,0,0,0,0,0,0,0,0,0,0,0,0,0,0,0,0,0
0,0,0,0,0,0,0,0,0,0,0,0,0,0,0,0,0,0,0,0,0,0,0,0,0,0,0,0,0,0,0,0,0,0,0,0,0,0,0,0,0,0,0,0,0,0,0,0,0,0,0,58,158,200,201,200,200,201,200,199,199,200,200,199,199,199,199,199,199,199,200,200,200,200,199,200,200,200,200,200,200,201,201,200,201,201,201,201,201,201,202,201,201,202,203,203,204,204,204,205,204,205,206,206,207,208,209,209,210,210,211,211,212,212,213,213,213,214,215,214,215,216,215,216,216,216,216,216,216,217,218,217,217,217,217,218,218,218,218,218,217,217,217,218,218,218,218,218,218,218,218,218,219,219,219,219,219,219,219,219,219,219,219,219,126,0,0,0,0,0,0,0,0,0,0,0,0,0,0,0,0,0,0,0,0,0,0,0,0,0,0,0,0,0,0,0,0,0,0,0
0,0,0,0,0,0,0,0,0,0,0,0,0,0,0,0,0,0,0,0,0,0,0,0,0,0,0,0,0,0,0,0,0,0,0,0,0,0,0,0,0,0,0,0,0,0,0,0,0,31,132,201,200,200,200,200,200,200,200,200,199,199,199,198,199,200,199,199,198,199,199,199,199,199,200,200,200,199,199,199,200,201,200,200,200,200,200,200,200,201,201,201,201,202,202,202,202,203,204,204,204,204,205,205,207,207,208,208,209,210,210,211,211,212,213,213,213,213,214,215,215,216,216,216,216,217,216,216,216,217,217,217,217,217,217,218,218,218,218,218,218,218,218,218,218,218,218,218,218,218,219,219,219,219,219,219,219,219,220,220,220,219,219,220,219,46,0,0,0,0,0,0,0,0,0,0,0,0,0,0,0,0,0,0,0,0,0,0,0,0,0,0,0,0,0,0,0,0,0,0
0,0,0,0,0,0,0,0,0,0,0,0,0,0,0,0,0,0,0,0,0,0,0,0,0,0,0,0,0,0,0,0,0,0,0,0,0,0,0,0,0,0,0,0,0,0,0,4,104,201,200,201,200,200,199,199,198,199,199,199,199,198,198,198,199,198,198,198,198,198,198,198,198,198,199,198,198,198,196,198,199,200,200,200,200,200,199,199,200,200,200,201,200,200,200,201,202,202,202,203,203,203,204,205,206,206,207,207,208,208,208,210,210,211,212,213,214,213,214,214,215,216,216,216,216,216,217,217,217,216,217,217,217,217,217,218,218,217,217,217,218,218,218,218,218,218,218,219,218,218,219,219,219,219,219,219,219,220,220,220,220,220,219,219,219,155,0,0,0,0,0,0,0,0,0,0,0,0,0,0,0,0,0,0,0,0,0,0,0,0,0,0,0,0,0,0,0,0,0,0
0,0,0,0,0,0,0,0,0,0,0,0,0,0,0,0,0,0,0,0,0,0,0,0,0,0,0,0,0,0,0,0,0,0,0,0,0,0,0,0,0,0,0,0,0,0,78,178,200,200,200,200,200,199,199,199,198,198,198,198,198,197,198,198,197,197,194,196,189,190,182,183,178,183,181,184,180,185,183,189,190,198,194,196,196,199,198,199,199,198,200,200,199,200,200,200,201,202,201,201,202,202,203,203,205,205,205,206,207,208,208,209,210,211,211,212,213,214,214,215,215,215,216,216,217,217,217,216,217,217,217,217,217,217,217,218,218,217,217,218,218,218,219,218,218,218,218,218,218,219,219,219,219,219,219,219,219,220,220,220,220,219,219,219,220,220,75,0,0,0,0,0,0,0,0,0,0,0,0,0,0,0,0,0,0,0,0,0,0,0,0,0,0,0,0,0,0,0,0,0
0,0,0,0,0,0,0,0,0,0,0,0,0,0,0,0,0,0,0,0,0,0,0,0,0,0,0,0,0,0,0,0,0,0,0,0,0,0,0,0,0,0,0,0,51,152,201,201,200,200,199,199,199,198,199,198,198,198,197,197,196,196,195,193,184,179,171,157,154,141,137,137,135,134,134,136,135,138,140,143,151,153,159,162,170,173,180,187,188,189,195,197,196,197,198,198,199,201,200,200,201,201,201,202,203,203,205,205,206,207,208,209,209,210,211,212,213,213,214,214,214,215,216,216,217,217,217,217,216,216,217,216,217,217,217,217,218,218,218,218,218,218,218,219,218,218,218,219,219,219,219,219,219,219,219,219,220,220,220,220,220,220,220,219,219,219,185,0,0,0,0,0,0,0,0,0,0,0,0,0,0,0,0,0,0,0,0,0,0,0,0,0,0,0,0,0,0,0,0,0
0,0,0,0,0,0,0,0,0,0,0,0,0,0,0,0,0,0,0,0,0,0,0,0,0,0,0,0,0,0,0,0,0,0,0,0,0,0,0,0,0,0,24,125,201,201,201,200,200,200,200,198,199,198,198,198,198,197,195,190,189,182,177,154,142,136,122,120,116,115,113,113,112,115,115,115,115,114,115,115,114,117,119,123,121,127,130,137,139,148,163,163,173,180,189,186,189,192,193,196,199,200,200,200,201,202,203,205,205,206,207,208,208,209,210,211,211,212,214,214,214,215,215,216,216,217,217,217,216,216,216,216,217,217,217,217,218,218,218,218,219,218,218,219,218,218,219,219,218,219,219,219,219,219,219,220,220,220,220,220,220,220,220,220,220,220,220,104,0,0,0,0,0,0,0,0,0,0,0,0,0,0,0,0,0,0,0,0,0,0,0,0,0,0,0,0,0,0,0,0
0,0,0,0,0,0,0,0,0,0,0,0,0,0,0,0,0,0,0,0,0,0,0,0,0,0,0,0,0,0,0,0,0,0,0,0,0,0,0,0,0,98,198,201,201,201,200,200,200,199,199,198,198,198,197,197,196,189,183,165,153,141,121,117,113,110,105,103,104,99,95,94,97,98,96,94,96,97,96,97,96,98,98,99,99,100,99,105,107,112,112,115,110,126,137,140,141,154,165,171,182,188,195,193,198,199,202,204,204,204,205,207,207,208,210,210,211,211,212,213,213,214,215,215,216,217,217,217,217,216,217,216,217,217,217,217,217,218,218,218,218,218,218,219,219,218,218,219,219,219,219,219,219,220,220,220,220,220,220,220,220,220,220,220,220,219,220,214,24,0,0,0,0,0,0,0,0,0,0,0,0,0,0,0,0,0,0,0,0,0,0,0,0,0,0,0,0,0,0,0
0,0,0,0,0,0,0,0,0,0,0,0,0,0,0,0,0,0,0,0,0,0,0,0,0,0,0,0,0,0,0,0,0,0,0,0,0,0,0,71,172,201,201,201,200,200,199,199,199,199,198,198,198,197,197,192,184,163,141,130,113,107,104,100,99,94,88,87,81,80,78,77,77,78,75,76,77,79,81,84,84,85,86,86,87,88,89,91,92,95,96,98,96,95,95,97,100,111,110,120,125,138,149,163,182,186,194,201,202,202,203,206,207,207,208,209,209,210,211,212,213,213,214,214,215,216,216,216,216,217,217,217,217,217,218,217,217,218,218,218,219,218,219,219,219,218,218,219,219,219,219,219,219,220,220,220,220,220,219,220,220,220,220,220,220,219,220,220,134,0,0,0,0,0,0,0,0,0,0,0,0,0,0,0,0,0,0,0,0,0,0,0,0,0,0,0,0,0,0,0
0,0,0,0,0,0,0,0,0,0,0,0,0,0,0,0,0,0,0,0,0,0,0,0,0,0,0,0,0,0,0,0,0,0,0,0,0,44,145,202,202,201,200,200,200,199,199,199,199,199,198,197,197,194,188,175,145,124,112,102,99,94,91,85,78,75,72,70,71,71,70,69,69,69,69,70,71,70,73,76,76,76,78,79,80,82,84,86,87,89,91,92,92,92,90,89,90,93,95,95,98,87,95,106,119,146,173,194,197,198,201,204,205,205,206,207,208,209,210,211,211,212,212,214,215,215,216,216,216,216,216,217,217,217,217,217,217,217,218,218,219,219,219,219,219,218,218,219,219,219,219,219,219,220,219,220,220,220,220,220,220,220,220,220,220,220,220,220,220,54,0,0,0,0,0,0,0,0,0,0,0,0,0,0,0,0,0,0,0,0,0,0,0,0,0,0,0,0,0,0
0,0,0,0,0,0,0,0,0,0,0,0,0,0,0,0,0,0,0,0,0,0,0,0,0,0,0,0,0,0,0,0,0,0,0,17,119,203,202,201,201,201,200,200,199,199,199,198,198,198,198,196,190,182,155,133,119,105,98,93,84,77,72,66,65,63,64,64,66,67,67,67,68,68,70,70,70,70,70,71,72,71,74,75,75,76,79,81,82,84,87,89,89,89,89,89,90,90,89,88,90,91,91,88,76,78,111,141,168,189,196,204,201,201,203,204,206,207,209,209,210,211,211,213,213,214,215,215,215,215,215,215,216,216,217,217,217,217,218,218,218,219,218,218,219,219,218,219,219,219,219,219,219,219,219,219,220,219,220,220,220,220,220,220,220,220,220,220,220,164,0,0,0,0,0,0,0,0,0,0,0,0,0,0,0,0,0,0,0,0,0,0,0,0,0,0,0,0,0,0
0,0,0,0,0,0,0,0,0,0,0,0,0,0,0,0,0,0,0,0,0,0,0,0,0,0,0,0,0,0,0,0,0,0,91,193,203,202,202,202,201,201,200,200,199,200,199,198,198,197,195,192,171,142,125,113,101,93,84,75,69,61,62,62,62,62,63,64,64,65,66,67,67,68,69,69,70,71,70,71,71,71,72,72,73,73,76,78,79,81,84,86,87,90,89,89,89,88,88,86,85,85,88,89,86,83,80,64,99,132,165,191,194,198,201,203,204,205,206,208,208,208,210,211,211,212,213,214,214,214,214,215,215,216,216,216,217,217,217,217,217,218,218,219,219,219,219,218,219,219,219,219,219,219,219,220,220,220,220,220,220,221,220,220,220,221,220,221,220,220,83,0,0,0,0,0,0,0,0,0,0,0,0,0,0,0,0,0,0,0,0,0,0,0,0,0,0,0,0,0
0,0,0,0,0,0,0,0,0,0,0,0,0,0,0,0,0,0,0,0,0,0,0,0,0,0,0,0,0,0,0,0,64,166,203,203,203,202,201,201,201,201,200,199,199,198,198,198,198,195,187,164,141,117,105,94,85,75,70,63,61,60,61,62,63,63,62,64,64,64,65,65,66,67,67,68,69,71,70,70,70,70,71,72,72,73,75,77,77,80,81,84,86,87,88,89,89,87,87,86,85,86,86,85,85,85,86,82,78,78,92,131,167,188,197,200,201,202,204,205,205,206,207,209,210,211,211,212,212,212,212,213,214,214,215,216,216,216,216,216,217,217,218,218,218,218,219,219,218,219,219,220,219,219,219,220,220,220,220,220,220,220,220,221,220,221,221,221,221,220,193,3,0,0,0,0,0,0,0,0,0,0,0,0,0,0,0,0,0,0,0,0,0,0,0,0,0,0,0,0
0,0,0,0,0,0,0,0,0,0,0,0,0,0,0,0,0,0,0,0,0,0,0,0,0,0,0,0,0,0,37,139,203,203,203,203,202,202,202,202,201,200,199,199,199,199,198,198,197,191,170,129,108,98,86,78,70,66,63,62,62,62,62,63,63,63,62,63,63,64,65,65,66,67,67,67,69,69,70,69,69,70,70,71,71,73,75,75,76,78,79,82,83,85,86,87,87,87,86,86,85,86,86,85,85,85,85,86,89,84,71,74,95,141,185,197,198,200,201,202,203,203,204,208,208,209,209,211,211,212,212,212,213,213,214,214,214,214,215,215,216,217,217,218,218,218,219,218,218,219,219,219,220,220,220,220,220,220,221,220,221,220,221,221,221,221,221,221,221,220,220,112,0,0,0,0,0,0,0,0,0,0,0,0,0,0,0,0,0,0,0,0,0,0,0,0,0,0,0,0
0,0,0,0,0,0,0,0,0,0,0,0,0,0,0,0,0,0,0,0,0,0,0,0,0,0,0,0,10,112,203,203,203,203,202,203,202,202,201,201,201,200,200,198,198,199,198,197,192,164,125,105,96,84,74,68,62,61,61,61,61,62,64,64,63,63,62,62,63,63,64,65,66,66,67,67,67,68,68,68,69,69,70,71,72,72,73,74,74,76,78,80,82,83,84,85,85,86,87,87,86,86,87,86,86,86,86,87,86,86,87,85,67,80,122,155,186,197,197,197,199,201,202,204,206,207,208,210,210,211,211,211,211,212,212,212,213,214,214,215,216,216,217,217,218,218,219,219,219,218,219,219,220,219,219,220,220,220,220,220,220,221,220,221,220,221,221,221,221,221,220,220,32,0,0,0,0,0,0,0,0,0,0,0,0,0,0,0,0,0,0,0,0,0,0,0,0,0,0,0
0,0,0,0,0,0,0,0,0,0,0,0,0,0,0,0,0,0,0,0,0,0,0,0,0,0,0,85,187,204,204,203,203,203,202,202,202,202,202,201,200,200,199,199,198,198,197,192,166,131,104,92,80,72,66,63,59,59,60,61,63,63,64,64,63,63,62,62,62,63,62,63,65,65,66,67,66,67,67,67,68,69,69,70,71,73,73,73,74,76,77,79,79,82,82,84,85,86,87,87,85,85,87,87,86,86,88,87,86,86,88,90,86,80,72,74,128,172,193,194,198,200,200,201,203,205,206,208,209,210,210,210,211,211,211,212,212,214,213,214,215,215,215,216,217,217,218,218,219,219,218,219,219,219,220,220,220,220,220,220,221,221,221,221,221,221,221,221,221,221,220,220,143,0,0,0,0,0,0,0,0,0,0,0,0,0,0,0,0,0,0,0,0,0,0,0,0,0,0,0
0,0,0,0,0,0,0,0,0,0,0,0,0,0,0,0,0,0,0,0,0,0,0,0,0,58,160,205,205,205,203,203,203,202,202,202,201,202,201,201,201,200,199,199,198,198,195,173,129,102,92,82,73,67,61,59,59,60,61,62,63,63,62,62,63,63,63,63,62,62,62,63,64,65,64,65,65,66,66,67,67,68,69,70,71,72,72,72,73,75,77,79,81,82,84,85,86,86,85,86,85,85,86,86,86,87,88,88,88,89,90,92,92,91,86,73,80,105,168,183,191,196,198,199,201,203,204,206,208,208,209,209,209,210,211,211,212,213,213,213,214,214,215,216,216,216,216,217,218,219,218,219,219,219,220,220,219,220,221,221,221,221,221,221,221,221,221,221,221,221,221,220,221,62,0,0,0,0,0,0,0,0,0,0,0,0,0,0,0,0,0,0,0,0,0,0,0,0,0,0
0,0,0,0,0,0,0,0,0,0,0,0,0,0,0,0,0,0,0,0,0,0,0,30,133,206,205,205,204,204,203,203,203,202,201,202,201,201,201,201,200,200,199,198,198,195,181,142,107,94,84,74,65,59,58,57,59,61,61,62,62,62,62,62,62,63,63,63,62,62,63,63,64,64,64,64,65,66,65,67,67,68,68,69,70,71,72,72,73,75,77,80,82,85,85,86,86,86,85,84,85,85,86,86,87,88,88,89,91,91,92,94,94,93,91,91,82,67,100,135,173,191,196,198,200,202,203,204,206,207,207,208,209,210,210,211,211,212,213,213,213,213,214,215,215,216,216,217,217,217,218,218,219,219,220,220,220,219,220,221,221,221,221,221,221,221,221,221,221,221,221,221,221,172,0,0,0,0,0,0,0,0,0,0,0,0,0,0,0,0,0,0,0,0,0,0,0,0,0,0
0,0,0,0,0,0,0,0,0,0,0,0,0,0,0,0,0,0,0,0,0,3,106,206,206,206,205,205,204,203,202,203,203,203,202,201,201,201,201,201,200,200,199,198,198,189,152,107,94,87,76,65,59,56,57,58,59,60,61,61,61,62,62,62,61,61,62,64,62,62,61,62,64,65,65,64,64,65,66,65,67,67,68,69,70,71,72,74,74,76,78,81,83,84,86,88,87,87,86,85,86,86,87,87,88,89,90,91,93,93,94,94,95,95,94,91,87,80,73,69,117,159,189,197,199,200,202,203,204,205,206,208,209,209,210,211,211,211,212,212,213,213,213,214,214,214,215,215,217,217,217,217,218,219,219,220,220,220,220,221,221,221,221,221,221,221,221,222,221,221,221,221,221,221,92,0,0,0,0,0,0,0,0,0,0,0,0,0,0,0,0,0,0,0,0,0,0,0,0,0
0,0,0,0,0,0,0,0,0,0,0,0,0,0,0,0,0,0,0,0,78,181,206,206,206,206,205,205,204,203,203,203,203,203,202,201,201,201,200,200,200,199,199,198,193,167,122,99,86,77,67,60,57,56,56,58,59,60,60,60,61,61,62,62,61,61,62,62,62,60,60,61,63,64,65,65,64,65,65,65,67,67,68,70,72,73,73,74,74,76,79,81,85,87,87,89,89,89,89,87,86,87,87,88,89,90,92,94,95,96,96,96,97,97,97,95,89,86,82,75,71,82,173,195,198,199,200,201,202,204,205,207,208,208,208,209,210,211,211,212,212,212,212,213,214,214,215,215,216,217,217,217,217,218,219,220,220,220,221,221,221,221,221,221,221,221,221,222,221,221,221,221,221,221,202,11,0,0,0,0,0,0,0,0,0,0,0,0,0,0,0,0,0,0,0,0,0,0,0,0
0,0,0,0,0,0,0,0,0,0,0,0,0,0,0,0,0,0,51,154,206,206,206,206,206,205,205,204,204,204,203,203,203,203,202,202,201,200,200,199,199,199,199,197,181,131,100,88,78,70,62,58,56,56,56,58,59,60,61,60,60,61,61,62,61,62,62,63,62,61,61,62,62,62,64,65,64,64,64,66,67,68,69,72,73,74,75,74,74,76,79,82,85,88,90,90,90,91,91,90,88,88,88,88,91,95,94,97,98,99,99,99,99,98,99,99,96,91,85,83,73,63,119,178,194,197,198,199,201,202,204,205,206,206,207,208,209,210,210,211,211,211,211,212,213,213,214,215,215,216,216,216,217,217,218,218,219,220,221,220,220,220,221,221,221,221,221,221,221,221,221,221,222,222,221,121,0,0,0,0,0,0,0,0,0,0,0,0,0,0,0,0,0,0,0,0,0,0,0,0
0,0,0,0,0,0,0,0,0,0,0,0,0,0,0,0,23,126,207,207,207,206,206,206,205,205,205,204,205,204,204,203,203,202,202,202,201,201,200,200,199,198,197,191,153,108,89,80,72,64,59,58,57,56,57,58,59,60,60,60,60,60,60,62,62,62,63,63,64,63,64,62,61,61,62,65,65,65,66,67,67,69,70,72,73,74,75,75,75,77,80,82,83,90,93,91,89,89,90,91,89,87,86,86,87,89,91,100,100,101,102,102,101,101,101,102,101,97,90,84,81,78,66,147,182,193,195,196,198,199,201,203,205,205,205,206,207,208,210,210,211,211,211,211,212,213,214,214,215,215,216,215,216,216,217,218,218,219,220,220,220,221,221,221,221,221,221,221,222,221,222,222,221,222,222,222,40,0,0,0,0,0,0,0,0,0,0,0,0,0,0,0,0,0,0,0,0,0,0,0
0,0,0,0,0,0,0,0,0,0,0,0,0,0,0,99,202,207,208,207,206,206,206,206,205,205,205,204,204,203,203,204,203,203,203,201,200,200,200,200,199,198,196,173,115,95,84,74,66,60,57,57,56,56,57,58,59,60,60,60,59,59,60,61,62,62,63,63,64,63,64,63,61,61,60,64,64,65,67,67,68,70,70,72,73,74,75,76,76,80,83,84,87,88,89,91,89,88,89,90,88,85,84,86,88,90,98,101,100,101,105,102,100,101,101,103,103,103,97,90,86,87,77,91,132,185,191,192,194,196,198,200,202,203,203,204,205,207,208,209,210,211,210,211,212,212,213,214,214,215,214,215,216,216,217,217,218,219,219,220,220,220,221,221,221,221,221,221,222,221,222,222,222,222,222,222,151,0,0,0,0,0,0,0,0,0,0,0,0,0,0,0,0,0,0,0,0,0,0,0
0,0,0,0,0,0,0,0,0,0,0,0,0,71,174,207,207,207,208,207,207,206,206,206,205,206,205,204,204,204,203,204,204,203,202,201,200,200,200,200,199,199,194,151,105,87,77,69,61,57,57,57,56,57,57,57,59,59,60,59,58,59,60,61,62,62,63,63,63,63,62,63,60,61,62,62,64,66,69,68,70,70,70,71,73,73,75,77,79,81,83,83,85,85,90,91,89,87,88,89,88,86,89,88,88,90,95,99,97,100,104,104,102,100,100,103,105,107,105,99,92,87,88,68,87,144,183,189,190,194,197,197,197,199,201,202,204,205,206,207,208,209,209,209,210,212,212,212,213,214,214,214,214,216,217,217,217,218,219,219,220,220,221,221,221,221,221,221,222,222,221,221,222,222,222,222,221,70,0,0,0,0,0,0,0,0,0,0,0,0,0,0,0,0,0,0,0,0,0,0
0,0,0,0,0,0,0,0,0,0,0,43,147,207,207,207,207,207,208,208,208,207,206,206,205,205,205,205,204,204,203,203,203,202,202,202,200,200,200,200,198,197,177,122,92,79,70,63,57,56,56,55,56,57,56,57,58,58,58,58,57,58,60,61,61,61,62,62,62,63,62,62,63,64,64,63,65,67,69,69,69,70,71,71,73,74,76,78,80,80,83,83,84,85,87,90,88,88,88,88,87,87,88,87,85,88,93,95,95,98,101,105,103,101,102,102,104,107,108,105,101,96,93,85,82,85,165,182,188,191,193,194,196,198,198,200,202,203,204,205,206,208,208,209,209,210,211,212,212,212,214,214,214,215,216,216,217,217,218,219,220,221,221,221,221,221,221,222,222,221,221,221,222,221,222,222,222,180,0,0,0,0,0,0,0,0,0,0,0,0,0,0,0,0,0,0,0,0,0,0
0,0,0,0,0,0,0,0,0,15,119,207,207,208,207,207,207,207,207,207,207,206,206,206,205,205,205,205,204,203,203,203,202,202,201,201,200,200,200,199,199,196,152,104,83,71,65,59,56,56,56,55,55,56,55,56,57,59,58,57,57,59,59,60,61,61,61,61,61,62,64,63,65,67,66,66,66,67,69,69,69,70,70,71,73,75,80,82,83,83,83,83,83,86,86,89,87,87,87,87,86,85,87,86,85,88,90,91,94,97,100,101,102,100,100,101,102,105,107,107,105,104,104,105,95,72,111,168,186,188,189,191,194,195,196,198,199,200,203,204,205,205,206,207,208,210,210,211,211,212,212,213,214,215,215,215,216,217,218,218,219,220,221,222,222,222,221,222,221,221,221,221,222,222,221,222,222,221,100,0,0,0,0,0,0,0,0,0,0,0,0,0,0,0,0,0,0,0,0,0
0,0,0,0,0,0,0,0,92,196,208,208,207,207,207,207,207,207,207,208,207,207,206,206,205,205,205,205,204,204,203,203,202,202,201,201,200,200,200,199,198,184,128,90,75,65,62,58,57,57,55,55,54,55,55,56,57,56,57,58,57,57,57,58,60,61,61,61,63,64,65,65,66,67,66,67,66,67,69,71,71,71,72,74,79,84,86,91,87,86,86,84,83,85,86,85,86,89,88,87,88,89,88,84,85,89,87,88,91,96,101,102,102,99,99,98,100,101,105,110,109,108,108,109,105,87,58,148,175,185,187,189,191,192,194,196,197,198,200,201,202,203,205,206,207,208,209,209,210,210,211,212,213,213,214,215,216,217,217,217,218,219,220,221,222,221,221,222,222,222,222,222,222,222,222,222,222,222,211,19,0,0,0,0,0,0,0,0,0,0,0,0,0,0,0,0,0,0,0,0
0,0,0,0,0,0,63,167,208,207,208,208,207,208,208,207,208,207,207,208,207,207,206,206,205,206,205,204,203,203,203,203,202,201,201,200,200,199,199,199,196,157,103,80,68,63,59,59,56,55,54,53,54,54,54,56,55,56,56,57,58,58,58,59,60,61,62,62,63,64,66,65,65,65,64,65,68,69,71,73,73,73,74,75,80,85,93,96,93,92,90,87,83,80,83,84,86,89,88,90,94,94,92,86,87,90,88,84,87,94,99,100,102,105,102,103,102,101,104,108,109,111,111,111,112,102,75,87,149,179,185,187,188,190,192,193,194,196,197,198,200,202,204,205,206,206,207,208,209,209,210,211,212,212,213,215,215,216,217,217,218,219,219,220,221,222,221,222,221,221,222,222,222,222,222,222,222,222,222,130,0,0,0,0,0,0,0,0,0,0,0,0,0,0,0,0,0,0,0,0
0,0,0,0,36,139,207,208,207,207,207,208,208,208,208,207,207,208,208,208,208,207,206,206,206,206,205,204,203,203,203,203,202,201,200,200,200,199,200,198,188,132,89,74,64,62,59,58,57,54,53,53,53,52,53,54,56,57,57,57,58,59,58,59,59,61,62,63,63,65,67,67,68,66,64,68,71,71,73,73,74,72,74,76,80,85,93,95,94,89,84,83,83,82,81,83,86,88,86,88,94,99,96,88,91,87,88,89,91,92,95,98,99,100,101,106,107,104,106,110,111,113,113,114,114,112,100,61,122,167,181,184,186,188,190,192,193,193,195,196,198,200,202,203,204,205,206,207,207,208,208,210,210,211,212,214,214,216,216,217,217,218,219,220,221,222,222,222,222,221,222,222,222,222,222,222,222,222,222,222,48,0,0,0,0,0,0,0,0,0,0,0,0,0,0,0,0,0,0,0
0,0,8,111,207,207,207,208,207,208,208,208,208,208,208,208,208,208,208,208,208,207,207,206,206,205,205,204,203,203,202,202,201,200,200,200,200,199,199,197,179,107,81,69,63,62,60,59,56,54,53,52,51,52,52,54,56,57,58,59,59,60,60,59,59,61,63,63,64,65,67,69,70,69,68,72,74,77,74,74,75,74,75,79,82,87,92,95,94,86,79,79,86,87,82,84,85,87,86,87,93,98,91,88,88,84,83,88,87,90,93,96,99,101,106,103,106,107,109,110,113,115,116,116,115,116,111,90,91,153,177,180,184,186,188,189,191,192,193,194,195,197,200,201,202,204,205,206,207,207,208,209,209,210,211,212,213,214,214,216,217,217,218,219,219,221,221,221,221,221,222,222,222,223,222,222,222,222,222,223,160,0,0,0,0,0,0,0,0,0,0,0,0,0,0,0,0,0,0,0
0,84,187,207,207,207,207,208,208,208,208,208,208,208,208,208,208,208,208,208,207,207,207,206,205,205,205,204,203,203,202,202,201,201,200,199,199,199,198,191,145,92,72,66,64,62,60,59,57,55,53,51,51,52,53,55,58,58,59,60,60,61,60,60,60,62,65,64,64,65,68,70,72,76,73,75,75,76,72,74,76,75,77,84,89,91,95,93,90,82,83,85,94,89,85,86,87,90,93,87,89,92,89,85,83,82,83,87,89,90,90,93,97,99,99,100,102,104,107,108,111,114,116,117,118,117,116,108,79,120,161,176,181,184,186,187,190,191,192,193,194,195,199,200,201,203,203,204,204,205,206,207,208,209,210,211,212,213,214,215,216,216,218,218,220,221,221,221,221,221,221,222,222,223,223,222,222,223,223,223,222,78,0,0,0,0,0,0,0,0,0,0,0,0,0,0,0,0,0,0
159,206,207,207,207,208,207,207,207,208,208,207,208,208,208,208,208,208,207,208,207,207,207,206,205,205,204,203,203,202,202,202,201,201,200,199,199,199,199,182,114,82,70,66,64,62,61,59,58,56,52,51,52,53,57,59,60,59,60,61,62,63,62,62,62,63,64,64,64,65,69,70,73,79,81,80,79,74,73,78,81,80,80,82,85,88,91,90,86,81,86,89,87,81,82,85,89,93,90,86,87,89,85,82,84,87,89,91,92,94,93,93,96,95,96,96,98,101,102,103,106,110,115,118,118,117,116,113,104,93,150,172,180,182,184,186,187,189,190,192,194,195,197,199,200,201,202,203,204,204,204,204,206,208,208,209,210,211,213,214,215,216,217,218,219,220,221,221,221,222,222,222,222,222,223,222,222,223,223,223,223,190,0,0,0,0,0,0,0,0,0,0,0,0,0,0,0,0,0,0
206,206,207,207,207,207,207,207,207,208,208,208,208,208,208,208,208,208,207,207,207,207,206,206,205,205,204,204,203,203,202,201,200,200,200,199,199,199,198,165,99,76,69,65,64,62,60,59,58,56,52,52,55,57,60,62,61,60,60,62,62,64,64,64,63,63,64,65,64,64,68,70,73,77,86,85,83,78,78,82,85,83,81,79,84,85,82,82,81,78,82,84,81,75,80,84,84,96,92,89,84,85,86,85,84,91,92,93,96,98,97,95,95,94,93,94,96,96,98,100,102,106,111,116,118,117,117,116,114,98,115,159,179,180,182,184,184,183,185,188,193,194,195,196,198,199,200,201,202,203,204,204,205,206,207,208,208,210,211,213,214,215,216,217,219,220,221,221,221,222,222,222,222,222,223,223,222,223,223,223,223,223,108,0,0,0,0,0,0,0,0,0,0,0,0,0,0,0,0,0
206,206,206,207,207,207,207,207,207,207,208,208,208,208,208,209,208,208,208,207,207,207,207,206,205,205,204,204,203,202,201,201,200,199,199,199,199,199,190,138,82,71,68,64,63,62,60,59,58,57,55,55,57,60,62,64,62,61,62,64,65,65,66,64,65,66,65,65,67,66,69,70,74,78,83,86,84,82,83,84,86,85,82,79,78,79,76,72,75,79,80,81,77,73,79,81,81,86,90,85,83,85,86,86,85,88,91,93,99,100,99,96,95,93,91,96,97,96,95,97,99,103,108,113,116,117,116,115,115,112,76,128,167,178,179,179,159,148,131,149,166,184,194,195,197,198,199,201,201,202,203,203,204,205,206,207,207,209,210,211,213,214,215,216,218,219,220,221,221,222,222,222,222,223,223,223,223,222,223,223,223,223,220,27,0,0,0,0,0,0,0,0,0,0,0,0,0,0,0,0
207,206,206,206,207,206,207,208,207,208,208,208,208,209,208,208,208,207,207,207,207,207,207,206,205,204,204,204,203,202,201,201,200,200,199,199,199,198,177,107,76,71,68,64,63,61,61,59,58,58,58,59,60,62,62,61,63,64,65,66,67,67,67,66,66,67,66,68,69,68,70,73,78,81,81,83,83,83,85,86,88,87,83,78,75,76,75,74,74,74,77,76,73,73,75,76,79,83,86,81,83,88,87,86,86,89,90,93,98,105,103,95,92,88,87,86,91,90,95,98,99,102,105,110,115,116,117,114,114,115,96,99,154,176,175,154,106,68,75,95,109,146,186,194,197,198,199,200,201,202,202,203,203,204,205,206,207,207,208,210,212,213,214,215,217,217,219,220,221,221,222,222,222,222,223,223,223,223,222,223,223,223,223,138,0,0,0,0,0,0,0,0,0,0,0,0,0,0,0,0
206,206,206,207,207,207,207,208,208,208,208,208,208,209,208,208,208,208,208,207,207,207,206,205,205,205,204,204,203,202,201,200,200,200,199,199,198,196,160,89,71,70,68,65,63,62,62,61,59,59,59,60,61,61,61,63,65,67,68,68,69,68,68,68,68,67,67,70,72,73,74,76,81,82,81,82,82,78,83,84,85,84,79,72,69,75,75,75,74,73,74,73,73,72,73,75,77,81,81,82,80,81,81,83,85,88,93,94,95,106,104,96,91,87,82,89,90,90,95,96,98,101,104,108,113,115,115,114,113,114,115,92,145,172,161,96,46,52,74,96,84,93,152,194,196,197,199,200,200,201,201,202,203,202,203,204,205,206,207,209,210,211,213,214,215,216,217,219,221,221,222,222,222,222,222,222,223,223,223,223,223,223,223,224,57,0,0,0,0,0,0,0,0,0,0,0,0,0,0,0
206,206,207,207,207,207,207,207,208,208,208,208,207,208,208,208,208,208,207,207,207,207,206,205,205,205,204,203,203,202,200,200,200,199,199,199,198,190,133,82,73,71,68,66,63,62,62,61,60,60,60,61,61,60,61,64,67,68,69,70,70,70,71,71,71,69,69,71,72,77,77,75,78,80,77,79,79,81,85,83,83,79,72,69,71,74,73,73,72,72,73,72,76,75,74,75,78,82,82,82,81,80,78,80,84,87,91,94,95,98,94,100,98,89,80,85,90,94,96,97,98,102,106,109,114,114,114,114,113,113,114,113,130,172,149,61,40,55,81,89,37,43,119,178,194,196,198,199,199,200,201,202,201,202,202,203,204,205,206,208,209,211,212,213,214,216,217,218,220,221,222,222,222,222,222,222,222,223,223,223,223,223,223,223,169,0,0,0,0,0,0,0,0,0,0,0,0,0,0,0
206,207,207,206,207,207,207,207,208,208,207,208,208,208,208,208,208,208,207,207,207,207,206,206,205,205,204,203,202,201,200,200,199,199,199,199,198,176,108,76,73,71,68,66,64,63,63,62,62,62,63,63,62,61,61,67,68,69,69,70,70,72,74,73,74,75,78,75,74,78,77,76,76,77,77,80,81,83,83,80,79,77,71,66,70,73,74,75,76,75,70,70,78,76,75,77,81,82,82,82,79,80,78,81,85,88,92,95,95,97,96,97,93,87,86,80,90,95,100,100,102,104,101,109,113,116,116,115,113,111,112,114,122,143,98,37,40,63,96,82,29,32,84,158,192,194,197,198,199,200,200,201,201,201,201,202,203,204,205,206,208,209,211,213,213,215,216,218,219,221,221,222,222,222,222,222,223,223,222,223,223,223,223,223,223,86,0,0,0,0,0,0,0,0,0,0,0,0,0,0
206,207,206,207,207,207,207,207,208,208,208,208,207,208,208,208,208,208,208,207,207,207,207,206,205,205,204,204,202,201,200,200,199,199,198,199,197,167,94,75,72,70,69,67,66,65,63,63,63,63,65,66,65,65,67,70,70,70,71,73,74,75,77,78,80,81,79,77,77,79,79,79,81,80,78,82,83,83,81,78,76,73,71,69,70,71,75,80,75,78,71,71,75,75,75,77,84,81,82,82,81,80,80,81,85,89,94,96,99,99,97,97,90,83,81,81,84,90,94,99,103,105,106,110,116,118,119,118,113,109,110,112,116,115,47,28,44,73,99,75,29,17,52,136,183,194,196,197,199,199,198,199,200,200,200,201,202,203,205,205,207,208,210,212,212,214,215,217,218,220,221,222,222,222,222,223,222,222,223,223,223,223,223,223,223,197,5,0,0,0,0,0,0,0,0,0,0,0,0,0
206,207,207,207,207,207,208,208,208,208,207,208,208,208,208,208,208,208,207,207,207,206,206,206,205,204,204,204,202,201,201,200,199,199,198,198,194,145,87,74,72,71,69,68,66,65,66,64,64,65,65,67,67,69,70,72,71,73,74,76,77,78,78,80,81,81,81,80,83,86,82,83,83,83,81,82,82,82,78,77,76,72,70,72,72,69,71,80,77,74,70,70,76,76,76,76,80,80,80,82,80,78,81,82,85,89,95,99,94,95,93,90,87,84,87,91,88,92,96,97,96,106,106,109,114,116,117,118,119,109,106,109,112,108,66,29,46,78,104,60,32,25,44,104,184,193,195,196,197,198,198,198,198,199,200,200,201,202,203,204,206,207,209,211,212,213,214,215,217,219,220,221,222,222,222,223,222,223,223,223,223,223,223,223,223,222,116,0,0,0,0,0,0,0,0,0,0,0,0,0
206,207,207,207,207,207,208,207,208,208,208,208,208,208,208,208,208,208,208,207,207,207,207,206,205,204,204,203,202,202,201,199,199,199,198,198,190,117,82,75,73,71,70,69,67,66,66,66,65,65,66,68,69,70,72,73,75,77,77,77,79,80,81,81,81,80,83,85,84,87,87,86,85,83,82,81,78,76,76,76,74,71,76,80,74,68,68,73,78,69,67,68,76,79,78,77,79,79,81,84,83,82,82,84,85,91,94,94,93,92,92,90,90,92,91,90,92,99,96,93,97,105,102,104,112,113,114,117,118,109,104,106,110,113,102,50,54,83,92,49,33,28,34,78,156,192,194,195,197,197,198,198,198,199,200,200,200,202,202,203,205,206,208,210,210,212,214,215,217,218,219,221,221,222,222,222,222,223,223,223,223,223,223,223,223,223,222,35,0,0,0,0,0,0,0,0,0,0,0,0
206,206,207,207,207,207,208,208,208,208,208,208,208,208,208,208,208,207,208,208,207,207,207,206,205,204,204,203,202,202,200,199,199,199,198,198,175,107,78,74,73,71,70,68,67,67,67,69,67,67,68,70,72,73,73,76,77,78,79,78,80,82,81,79,81,82,84,85,85,86,90,87,86,84,81,78,76,77,76,74,73,71,75,78,74,65,68,71,76,73,72,74,77,78,79,80,81,81,82,87,85,83,82,82,84,89,89,94,94,88,86,84,87,92,96,94,91,95,94,93,96,98,99,108,112,113,113,114,114,111,103,106,108,112,112,94,61,88,95,43,31,26,27,66,135,190,193,195,196,197,197,198,198,199,199,200,199,199,201,203,204,205,207,209,210,211,213,214,215,217,218,220,220,221,222,222,222,223,223,223,223,223,223,223,223,223,223,146,0,0,0,0,0,0,0,0,0,0,0,0
207,207,207,207,208,208,208,208,208,208,208,208,208,208,208,208,208,208,208,208,208,207,207,206,205,204,203,203,202,201,200,199,199,199,198,197,165,92,77,74,72,71,70,69,68,69,68,69,69,69,70,71,74,73,74,75,77,79,82,79,81,76,77,80,82,84,85,87,85,85,89,89,85,83,78,77,77,74,74,73,73,71,73,73,71,68,70,75,77,78,78,79,79,76,76,80,79,79,80,83,83,83,83,83,84,89,85,88,92,90,84,82,84,89,92,91,89,87,89,88,94,101,105,109,110,108,109,110,111,109,105,105,108,106,113,117,84,87,94,61,22,25,17,50,115,174,192,194,195,195,196,197,198,198,198,199,198,200,200,201,203,204,206,207,209,210,212,213,214,216,218,218,220,221,222,222,222,222,223,223,224,224,223,223,223,223,223,222,64,0,0,0,0,0,0,0,0,0,0,0
207,207,207,207,208,208,207,208,208,208,209,208,208,208,208,208,208,208,208,207,207,207,207,206,205,204,203,202,202,201,201,200,199,198,198,194,143,88,76,74,72,70,69,68,69,69,69,70,71,71,72,73,74,75,75,78,79,78,80,80,78,73,72,82,85,85,86,87,88,87,90,89,83,78,75,76,78,75,74,77,75,73,72,71,71,70,75,80,81,82,83,82,78,77,76,78,78,78,79,80,81,84,83,83,84,92,92,83,91,81,80,82,83,85,88,94,90,91,95,98,100,102,107,113,112,108,108,108,111,110,103,103,106,104,106,111,109,81,106,82,37,20,19,28,79,172,189,193,195,196,196,196,197,198,198,199,199,199,200,200,202,203,204,205,207,209,211,212,213,215,216,217,219,221,222,222,222,222,223,223,223,223,223,224,223,223,223,223,175,0,0,0,0,0,0,0,0,0,0,0
207,207,207,207,207,207,207,207,208,208,208,208,208,208,208,208,208,208,208,207,207,207,206,206,205,204,204,203,203,201,200,200,198,198,198,185,121,81,76,74,71,69,68,68,69,69,69,71,73,72,72,76,77,77,79,80,78,78,78,79,79,76,83,85,85,85,83,90,94,90,89,87,83,80,75,76,79,81,82,82,80,76,72,71,74,75,81,84,81,84,85,83,80,77,76,78,78,78,80,81,83,85,84,85,83,86,78,72,69,74,75,81,81,85,92,100,99,95,98,101,102,104,108,112,112,111,105,107,113,110,107,104,103,104,103,106,110,96,100,110,65,16,18,19,62,136,190,192,194,195,196,196,197,198,197,198,198,199,200,200,201,202,202,204,206,208,210,212,213,214,216,217,218,220,221,221,222,223,222,223,223,223,223,224,223,223,223,223,223,94,0,0,0,0,0,0,0,0,0,0
207,207,207,207,207,207,208,208,207,208,208,208,208,208,208,208,208,208,208,208,207,207,207,206,206,204,204,203,202,201,200,200,199,199,197,174,110,81,76,75,72,69,68,68,69,69,71,71,74,74,73,76,78,79,76,83,81,78,79,80,81,81,84,85,85,87,92,91,90,88,90,88,84,83,80,79,83,89,87,85,80,77,74,73,73,77,82,84,81,83,84,82,79,77,77,79,82,82,82,82,82,86,85,86,85,81,70,61,59,74,81,84,87,88,93,100,94,97,99,99,99,106,112,112,115,115,110,108,108,106,109,105,104,104,103,103,107,109,96,119,92,48,16,18,44,106,178,191,193,194,194,195,199,198,198,198,198,199,199,200,200,201,200,203,205,208,209,211,212,213,215,216,218,219,220,221,222,223,223,223,222,223,223,224,223,223,223,224,223,206,13,0,0,0,0,0,0,0,0,0
207,206,207,207,207,208,207,208,208,208,208,208,208,208,208,208,207,207,207,207,207,207,206,206,205,204,204,203,202,201,200,200,199,198,194,162,98,80,76,75,73,70,69,68,69,68,70,71,74,74,75,75,75,79,78,82,82,79,78,81,81,80,81,83,85,87,89,87,88,86,91,89,82,82,82,82,83,87,85,83,80,78,77,75,78,82,86,84,81,81,81,78,77,77,79,81,84,83,83,83,83,84,85,86,78,76,69,61,64,76,81,87,87,87,90,92,93,97,98,98,96,101,107,104,106,111,112,111,107,105,106,105,101,100,100,102,104,107,105,106,114,91,31,17,35,88,158,191,192,193,194,194,197,198,198,198,198,199,200,201,201,200,201,202,203,206,208,210,211,212,214,215,217,218,219,220,221,222,222,223,223,223,223,223,223,223,224,224,223,223,124,0,0,0,0,0,0,0,0,0
207,206,207,207,207,207,207,208,208,208,208,208,208,208,208,208,207,207,208,208,207,207,207,206,206,204,203,203,202,201,200,199,199,197,193,149,95,79,76,75,73,71,69,69,69,69,69,71,74,73,75,75,75,77,79,81,83,82,81,80,80,79,80,84,85,85,85,86,85,84,89,85,80,84,84,81,83,85,83,82,80,79,79,79,82,87,87,84,82,81,81,80,79,82,79,82,85,85,85,85,83,84,86,86,79,74,69,67,72,80,80,84,86,88,89,92,92,96,93,88,82,80,70,70,75,85,94,105,107,102,102,100,98,96,99,101,102,104,109,101,101,98,70,28,21,56,145,185,192,192,194,195,195,197,197,197,197,198,199,200,200,200,201,201,202,204,207,209,210,210,212,214,215,216,219,220,221,222,222,222,222,223,223,223,223,223,223,224,223,224,223,43,0,0,0,0,0,0,0,0
207,207,207,207,207,207,207,208,208,209,208,208,208,208,208,208,208,207,207,207,207,207,207,206,205,204,204,204,202,200,200,199,199,198,187,138,86,77,74,74,72,70,69,68,69,71,70,71,71,72,74,75,75,74,78,81,81,83,84,79,79,80,79,81,83,82,82,85,85,84,83,81,80,80,83,82,84,85,83,83,83,84,82,83,87,89,86,84,81,79,83,82,81,79,81,87,92,92,88,85,85,85,85,84,77,67,69,72,79,80,79,84,86,89,90,93,90,90,74,65,58,42,55,47,49,43,57,82,98,103,101,97,98,99,99,99,102,104,107,105,82,82,86,53,33,43,104,185,191,192,193,194,195,196,197,197,197,198,198,199,199,200,201,201,202,203,205,208,210,210,211,213,214,215,218,219,220,222,222,222,222,222,223,224,223,223,223,223,223,223,223,154,0,0,0,0,0,0,0,0
206,206,207,207,207,207,207,208,208,208,208,208,209,208,208,208,208,207,208,207,207,206,206,206,205,205,204,203,202,201,200,199,199,198,186,125,85,77,75,73,70,68,68,68,70,72,72,72,70,69,72,73,75,77,78,81,80,82,83,81,79,79,79,76,79,81,80,82,83,80,80,80,80,80,81,80,84,83,84,83,83,83,83,85,87,88,84,82,79,79,85,85,84,85,88,94,99,98,89,88,88,84,81,78,75,73,76,81,81,78,82,88,89,89,88,88,68,47,49,50,54,67,78,83,72,64,55,53,70,91,104,101,100,99,98,98,100,105,105,111,89,70,68,70,56,35,72,159,190,191,193,193,196,195,196,197,198,198,198,198,199,200,200,201,201,202,203,206,209,210,210,212,213,214,216,219,220,220,221,223,222,223,222,223,223,223,223,223,223,223,223,223,73,0,0,0,0,0,0,0
206,206,207,207,207,207,207,207,208,208,208,208,209,208,208,208,208,208,207,207,207,206,206,206,206,205,204,203,203,201,200,199,198,196,176,117,83,78,76,73,70,69,67,68,69,72,73,72,70,69,71,73,75,77,78,79,79,79,80,78,78,76,76,75,76,80,80,77,78,79,79,78,78,81,82,80,83,83,82,81,80,81,79,81,81,81,80,81,77,79,88,88,89,91,96,101,102,100,90,86,85,82,78,75,74,79,81,77,76,83,88,91,91,84,72,46,36,46,55,62,68,73,82,85,84,86,87,75,73,88,98,101,101,99,97,96,98,102,105,108,105,78,58,61,64,53,56,121,190,190,192,193,195,195,196,196,198,197,198,198,199,199,200,200,200,202,202,204,207,209,210,210,212,213,215,217,219,220,221,223,222,223,223,223,222,222,223,224,223,223,223,223,185,0,0,0,0,0,0,0
206,207,207,207,207,207,208,208,208,208,208,208,208,208,208,208,207,207,207,207,207,207,206,206,206,205,204,203,202,201,200,198,197,192,164,107,82,77,75,73,71,69,66,67,69,70,72,74,72,70,71,72,74,76,77,78,77,77,77,76,76,74,74,74,75,78,79,77,76,76,78,78,78,78,79,78,80,81,77,77,77,78,79,80,81,80,80,85,84,84,88,90,93,98,102,105,108,103,93,84,83,77,75,72,73,76,78,77,79,87,92,90,83,59,32,35,40,49,61,62,62,68,76,93,87,92,94,91,87,89,96,99,102,101,99,97,98,100,103,107,109,92,65,48,56,69,42,92,159,190,191,193,194,195,196,196,197,198,198,198,199,199,199,200,201,202,202,202,205,207,210,211,211,213,215,216,218,219,221,222,222,222,222,223,223,223,223,224,224,224,223,223,224,103,0,0,0,0,0,0
206,207,206,207,207,207,207,208,208,208,208,208,209,208,208,208,208,208,207,207,207,207,206,206,206,205,204,203,202,201,199,198,197,189,155,99,80,76,73,72,72,70,67,67,68,69,73,74,73,72,71,72,74,75,75,76,76,76,77,75,73,72,73,74,76,77,74,75,74,74,76,78,77,79,78,77,78,77,75,75,77,78,80,82,84,83,84,86,91,90,94,94,97,103,104,104,110,104,92,82,77,70,66,68,70,72,73,80,88,91,90,69,48,41,34,40,44,47,50,58,58,72,95,105,111,95,99,83,76,79,85,97,101,100,103,98,98,99,102,105,106,108,78,49,47,60,53,58,125,176,186,193,194,195,196,196,196,197,198,198,198,199,199,199,201,201,201,202,203,205,208,211,211,212,214,215,217,219,220,221,221,222,222,223,223,223,223,223,224,224,223,223,223,215,21,0,0,0,0,0
206,206,206,207,207,207,207,207,208,208,208,208,209,208,208,208,208,208,208,208,207,207,206,206,206,205,205,203,202,201,200,198,198,193,145,94,81,76,72,71,70,71,68,68,69,70,71,76,80,73,71,71,72,74,76,76,76,76,80,78,76,73,72,73,75,77,76,75,75,75,74,78,82,81,77,78,78,77,79,75,77,78,81,85,83,85,84,87,89,92,96,98,98,108,108,103,100,95,84,75,65,63,64,68,73,74,79,86,93,82,58,46,43,48,54,47,43,46,52,60,74,67,66,74,60,59,51,56,65,73,83,94,96,95,97,98,97,96,100,104,106,108,97,67,39,65,43,37,79,135,184,193,193,194,196,196,196,196,197,198,197,199,199,199,200,201,201,202,203,205,207,209,210,211,213,215,216,218,220,220,221,221,222,222,222,223,223,223,223,223,223,224,223,223,132,0,0,0,0,0
206,206,206,206,207,207,207,208,208,208,208,209,209,209,208,208,208,208,208,207,208,207,207,206,206,205,205,204,202,201,200,199,198,185,129,82,80,75,72,70,69,69,68,68,69,72,72,76,77,74,70,69,70,73,74,75,75,77,78,77,75,73,74,74,75,77,78,77,75,75,73,75,78,78,79,81,80,80,83,82,75,74,81,88,87,85,87,91,92,96,100,103,105,107,104,97,91,85,74,68,62,60,64,68,72,78,86,88,78,57,46,49,57,64,53,53,58,56,49,51,35,39,48,42,45,16,14,33,57,72,89,92,90,91,92,95,95,95,98,103,107,109,109,87,55,60,61,22,46,101,159,182,191,194,195,196,196,196,197,197,197,198,198,198,199,200,200,201,202,203,206,208,210,211,211,213,215,217,219,220,221,222,222,222,222,222,222,223,223,223,223,223,224,223,224,51,0,0,0,0
206,206,206,206,207,207,207,207,208,208,208,209,209,209,209,209,208,208,208,208,208,207,206,206,206,205,204,203,202,201,201,200,198,191,118,86,81,76,72,70,67,68,67,69,71,73,72,70,72,71,68,66,67,69,72,75,76,78,80,80,78,75,76,74,76,80,78,77,78,75,76,75,76,77,79,82,83,79,78,80,79,77,80,85,89,85,84,91,94,97,101,105,102,97,92,85,77,69,69,66,61,60,63,66,74,82,84,78,54,31,47,60,58,53,71,91,55,43,24,7,24,71,97,119,102,56,34,64,80,100,96,94,91,88,89,92,93,92,97,100,105,110,110,103,78,61,62,25,34,75,133,176,188,194,195,196,195,196,196,197,197,197,198,197,198,200,200,200,201,202,205,207,209,210,211,212,214,216,218,219,220,222,222,222,222,223,222,223,223,223,223,223,224,223,223,162,0,0,0,0
205,206,206,206,206,207,207,208,208,208,208,208,209,209,209,208,208,208,208,207,208,208,206,206,206,205,205,204,203,202,201,200,197,178,120,84,83,77,72,70,68,67,67,68,73,73,70,68,68,68,67,65,66,69,71,72,76,77,82,81,80,78,78,78,78,78,78,81,83,81,80,77,78,79,77,84,82,68,71,81,81,84,83,82,84,80,83,90,95,95,99,100,94,86,81,74,68,67,65,62,63,63,66,73,79,84,77,60,38,33,47,51,52,61,62,39,24,8,9,7,44,104,132,156,135,63,52,89,95,103,101,93,90,88,87,89,91,94,98,101,103,109,112,111,92,75,55,24,31,61,112,152,180,191,195,195,195,196,196,196,196,197,197,197,197,199,200,200,200,201,204,205,208,210,211,211,213,215,217,219,220,221,222,223,222,222,222,223,223,223,223,223,224,224,223,223,81,0,0,0
206,206,207,206,206,207,207,207,208,208,208,208,209,210,209,209,209,209,208,208,208,208,207,207,206,206,205,205,204,203,201,200,196,163,107,84,82,77,73,71,68,67,67,66,68,68,66,67,67,67,65,65,66,68,71,73,76,78,81,81,81,81,82,82,79,77,79,83,85,88,87,81,80,80,79,84,86,82,79,82,83,85,85,81,78,88,89,90,93,94,92,92,86,78,74,70,66,64,63,63,64,65,71,78,81,79,65,35,26,31,39,43,41,36,29,35,37,28,12,44,77,65,134,166,127,59,78,105,101,100,102,94,89,87,86,88,92,94,99,102,104,108,112,111,104,79,60,45,49,69,98,141,179,191,194,195,195,195,196,196,196,197,197,197,198,199,200,199,200,202,203,204,206,209,211,211,213,216,217,218,219,220,222,222,222,222,222,222,222,223,223,223,223,224,224,223,192,0,0,0
206,206,206,206,206,207,206,208,208,208,208,208,208,209,209,209,209,209,209,208,208,208,207,207,207,206,205,205,204,204,201,200,198,173,118,82,82,76,73,71,69,68,67,67,66,66,66,67,67,66,65,64,65,68,72,74,76,79,79,79,82,84,86,84,80,78,78,84,88,91,91,88,86,84,83,86,88,90,88,85,86,90,88,80,79,86,89,91,93,93,85,80,76,72,67,66,66,63,65,67,66,67,76,79,80,69,50,29,29,33,33,34,30,16,8,28,70,78,7,17,39,46,116,149,93,61,109,117,106,101,96,92,88,87,82,87,91,95,101,104,106,107,113,113,108,95,76,58,73,74,86,122,166,190,194,194,196,195,195,195,196,197,197,197,198,198,199,199,200,201,202,204,204,208,210,210,212,214,216,217,219,220,221,222,223,222,223,223,223,223,223,223,223,223,224,223,223,111,0,0
206,205,205,206,207,207,207,207,208,208,208,208,208,208,209,209,209,209,209,209,208,208,208,207,207,207,206,205,204,204,203,201,199,184,113,84,82,76,73,71,70,68,67,67,67,66,66,66,66,65,64,64,66,68,71,73,74,78,75,72,79,86,88,86,85,82,80,85,92,92,90,91,93,90,87,86,89,90,91,90,94,92,85,81,76,83,87,89,91,87,81,75,72,74,69,66,68,66,66,69,66,64,75,76,73,62,44,27,30,32,32,29,23,13,12,8,20,43,7,11,13,43,130,101,41,70,95,103,105,104,90,90,88,88,85,86,92,92,100,105,109,112,116,115,114,108,92,65,66,77,83,99,145,187,194,194,195,195,195,195,196,196,196,197,197,198,199,199,200,200,202,203,205,206,209,209,212,214,215,217,218,219,220,222,222,222,222,223,223,223,223,223,223,223,223,223,224,223,29,0
205,205,205,206,206,206,207,207,208,208,208,208,208,208,209,208,209,209,209,209,209,209,208,207,207,207,207,206,204,204,203,201,199,181,121,75,82,75,72,71,70,69,67,66,65,65,65,66,65,64,63,64,64,68,71,73,74,76,74,68,82,87,88,86,86,86,85,89,96,93,92,93,100,96,91,88,87,90,91,91,92,95,87,85,80,82,86,87,89,83,80,77,78,77,71,67,66,65,64,64,61,63,65,69,64,55,35,30,30,27,24,51,77,34,16,11,13,19,14,13,17,44,72,60,69,82,87,105,113,106,96,91,89,88,85,86,92,92,97,106,110,116,120,118,116,111,102,82,54,73,81,90,130,180,193,194,195,194,196,195,195,196,196,196,197,197,198,199,199,200,200,202,204,205,208,209,210,212,214,216,217,218,220,221,221,222,222,223,223,223,223,223,223,223,223,223,223,223,140,0
205,205,206,206,207,206,207,208,207,208,208,208,209,208,209,209,209,209,210,209,209,209,209,208,208,207,206,206,205,204,203,201,199,192,114,79,79,76,72,71,71,69,67,66,66,66,66,67,66,64,64,65,66,68,71,74,77,77,77,77,81,85,85,84,84,87,88,91,92,90,89,91,100,98,95,94,96,98,95,93,92,96,93,90,89,88,88,86,87,84,82,79,78,81,75,68,66,63,62,59,59,61,61,60,57,49,32,30,27,26,49,94,113,78,19,10,8,16,15,17,23,42,51,56,76,86,110,119,113,101,94,93,92,91,91,90,91,91,97,105,109,115,120,121,118,114,109,88,55,55,77,87,107,179,193,194,195,195,195,195,196,195,196,196,196,197,198,199,199,200,200,201,202,203,206,208,209,211,213,215,216,217,219,220,221,222,222,222,222,223,223,223,223,223,223,224,223,223,223,59
206,205,206,206,207,207,207,207,207,208,208,208,208,208,209,210,210,210,210,210,209,209,209,208,208,207,207,206,206,205,203,201,198,184,126,72,79,76,73,72,71,69,68,66,65,65,65,66,66,65,63,63,66,67,69,72,74,73,74,73,80,83,85,85,83,82,84,89,89,87,91,96,101,102,101,102,104,103,97,94,94,95,93,93,93,92,90,89,91,85,85,81,79,81,73,66,63,62,61,58,58,59,56,54,54,47,30,27,23,27,71,117,141,122,72,35,18,16,25,24,34,41,52,69,80,96,101,101,101,95,91,94,99,98,92,92,92,94,96,100,107,113,120,122,121,117,111,98,63,46,71,88,114,164,193,194,195,194,195,194,195,196,196,197,196,196,198,198,198,200,201,201,201,202,205,207,210,211,212,214,215,217,218,219,221,221,223,222,223,222,222,223,223,223,223,223,223,223,223,170
206,206,206,206,207,207,207,207,208,207,208,208,208,208,209,209,210,210,210,210,210,209,209,209,208,208,207,206,206,204,203,202,198,185,120,76,78,77,75,73,70,69,68,67,65,65,66,65,66,65,64,64,65,66,66,66,70,69,72,74,80,83,86,85,83,80,81,84,90,91,97,104,108,110,106,106,105,95,93,91,92,96,95,99,96,91,90,88,89,86,82,81,76,73,67,62,59,58,59,56,56,54,51,49,51,42,32,31,24,41,89,122,129,140,112,98,38,34,41,49,54,47,49,66,75,78,88,94,93,88,89,97,99,97,96,94,93,95,98,103,107,112,117,121,121,121,115,108,82,60,65,89,112,176,192,194,194,194,194,194,195,195,196,196,196,197,197,197,197,199,200,200,201,201,204,206,209,210,211,212,214,215,218,219,220,221,222,222,223,222,222,223,223,223,223,223,223,223,223,223
206,206,206,206,207,207,207,207,208,208,208,208,208,208,209,209,210,210,210,210,210,210,210,209,209,208,208,207,206,205,203,202,200,187,127,70,77,78,75,73,71,69,68,68,66,65,65,64,65,65,65,64,64,64,64,65,68,72,75,80,83,87,87,84,84,81,82,87,93,96,103,110,110,107,104,104,102,93,86,84,85,89,90,96,96,93,90,88,86,79,74,71,70,68,63,58,57,58,58,56,56,54,49,49,52,41,35,21,34,67,87,68,77,66,70,49,56,57,61,70,62,48,53,67,73,76,85,91,89,88,92,95,98,99,97,95,92,94,103,110,112,116,115,118,119,121,119,112,102,64,60,86,123,176,193,194,194,195,195,195,196,195,196,195,196,196,197,197,198,198,199,201,200,202,203,205,207,208,210,212,213,215,217,218,219,220,222,222,223,223,223,223,223,223,222,223,223,223,223,223
205,206,206,206,207,207,207,207,208,208,208,209,208,209,209,209,210,210,210,210,211,211,210,210,210,208,208,207,205,205,204,203,202,196,128,77,74,77,76,74,71,69,68,68,67,65,64,64,65,66,65,65,64,64,65,67,71,77,80,81,83,82,85,83,85,83,84,89,94,97,105,105,106,106,102,102,98,87,80,79,79,82,84,86,91,89,86,83,79,76,70,66,64,59,57,57,58,60,60,58,58,56,53,58,57,54,37,53,56,55,50,40,46,62,65,92,96,70,68,52,49,52,61,64,72,78,82,84,87,92,99,100,101,100,96,93,91,97,104,108,115,119,118,117,117,119,120,114,107,85,63,73,133,184,193,193,194,194,195,195,196,196,196,195,195,197,196,197,198,199,199,199,200,202,201,203,205,207,210,211,213,214,216,217,218,220,221,221,222,223,221,222,223,223,223,223,223,223,223,223
205,206,206,206,206,207,207,207,207,208,208,208,208,209,209,210,210,210,210,210,210,211,210,210,209,208,208,207,207,206,204,204,202,197,153,74,72,76,76,74,72,70,69,68,67,66,64,64,65,66,66,66,64,65,68,71,75,78,79,80,81,79,81,83,84,83,83,90,93,96,101,104,103,96,93,94,88,79,76,75,75,72,76,75,78,81,78,75,72,70,65,64,58,58,61,64,65,68,64,59,58,58,60,63,54,48,30,32,30,36,29,53,79,77,84,75,61,56,47,55,59,61,67,66,72,79,82,86,90,95,100,103,104,97,91,93,94,101,107,115,122,123,121,118,118,118,120,118,111,100,68,89,158,189,192,192,193,193,195,195,195,196,195,196,195,196,196,197,197,198,198,199,200,201,202,202,203,207,209,211,212,214,215,216,218,219,221,221,222,222,222,222,222,221,222,223,223,223,223,223
205,206,206,206,206,207,207,207,207,208,208,208,209,209,209,209,209,210,211,211,210,210,210,210,209,209,208,207,206,206,205,204,203,200,162,82,68,74,75,74,73,70,68,68,67,65,65,64,65,67,67,67,68,69,71,73,75,76,78,79,80,79,79,80,80,81,83,87,91,91,95,98,91,86,83,84,78,74,71,69,68,65,65,67,73,78,80,73,69,67,68,66,64,67,73,75,76,76,69,57,50,52,57,63,58,38,23,34,53,48,63,59,56,59,60,51,53,49,57,63,58,66,65,74,81,82,86,90,94,95,96,101,99,95,94,94,98,104,115,120,122,123,122,118,117,117,119,119,114,104,87,86,162,185,191,192,193,194,195,195,195,195,196,196,196,196,197,197,197,198,199,199,200,201,201,202,204,206,208,210,212,213,214,215,217,219,220,221,221,222,222,222,222,222,222,222,223,223,223,223
205,206,206,206,206,206,207,208,208,208,208,209,209,210,209,209,210,210,210,211,211,210,210,210,210,209,208,208,207,206,205,204,204,200,168,87,64,73,75,74,73,71,69,67,66,65,65,65,66,67,68,69,70,71,73,73,74,74,75,75,77,77,76,74,74,78,80,83,88,87,88,89,89,84,80,77,73,71,68,64,60,57,59,61,66,72,75,70,64,66,69,71,74,78,83,83,82,83,72,58,48,44,42,55,58,39,38,51,60,62,61,49,60,54,61,56,61,57,68,68,75,77,79,82,83,87,88,90,91,94,97,97,91,92,91,94,99,105,113,118,120,123,123,119,118,118,117,117,117,110,94,83,120,167,187,192,192,193,195,195,195,195,196,196,196,196,196,196,197,197,198,198,200,200,201,202,203,205,207,209,211,212,213,214,217,218,219,220,221,222,222,222,223,223,222,222,223,222,222,223
206,206,206,206,206,207,207,208,208,208,208,209,209,209,210,210,210,210,210,211,211,211,211,211,210,209,209,208,207,206,206,205,205,203,188,102,66,69,74,75,74,72,70,68,66,65,66,66,66,67,69,70,71,73,72,70,69,71,72,71,72,73,71,71,72,77,79,79,77,84,85,84,82,77,72,67,64,63,61,55,51,51,53,56,61,64,63,60,62,68,74,77,81,83,82,82,86,86,78,63,50,43,37,40,44,45,44,52,59,58,64,62,64,71,70,71,74,73,76,77,80,79,83,80,84,89,87,87,91,92,90,87,84,87,90,93,96,101,110,116,119,123,121,115,118,118,116,115,115,112,102,82,72,154,177,188,192,193,194,197,196,196,196,196,196,196,196,195,197,197,198,198,199,199,200,201,203,204,206,208,210,211,213,215,216,217,218,219,220,222,222,222,222,222,222,222,222,222,223,223
206,206,206,206,207,207,207,208,208,209,209,209,209,209,209,210,210,210,210,211,211,211,212,211,211,210,209,208,208,207,206,206,205,204,188,127,61,66,73,74,73,72,70,69,67,67,66,66,67,68,70,71,70,71,67,65,64,64,69,70,67,67,68,68,68,67,76,80,74,77,78,75,74,69,67,64,60,58,57,51,49,48,51,54,58,59,54,52,59,68,76,79,81,80,79,83,83,83,82,72,60,52,45,36,37,41,43,47,56,61,64,66,67,74,74,80,78,78,80,89,82,82,81,81,79,79,80,82,86,87,83,80,83,93,91,93,93,98,107,114,116,120,121,116,117,119,115,112,113,112,106,90,70,100,170,189,193,194,194,195,196,196,196,197,197,196,197,196,196,197,197,197,198,198,200,201,202,204,205,208,209,211,212,214,215,216,218,219,220,221,221,222,222,222,222,222,222,222,222,223
206,206,206,206,207,207,207,207,208,208,209,209,209,209,209,210,210,211,210,211,211,212,212,212,211,211,210,209,208,207,207,206,206,205,199,140,77,64,72,73,73,72,71,70,68,67,65,65,67,68,70,71,68,66,63,56,59,60,63,63,61,61,65,68,66,65,65,67,69,69,70,67,69,67,65,63,61,60,58,56,53,52,52,53,53,52,51,52,59,69,74,79,80,78,78,79,79,79,78,74,67,61,54,47,43,45,44,44,48,51,57,58,64,65,71,72,76,77,77,79,79,79,78,76,76,75,76,78,78,76,78,82,83,91,95,96,95,95,104,108,111,114,117,116,114,109,111,113,114,113,108,98,71,64,146,181,191,193,194,194,196,195,195,196,196,196,196,196,196,197,197,197,198,198,200,201,202,203,204,206,208,210,211,213,214,216,217,218,219,220,221,221,222,222,222,222,222,222,222,222
206,206,206,206,206,207,207,208,208,208,209,209,209,210,210,210,210,211,211,211,211,212,212,211,211,211,210,209,208,208,207,206,206,205,201,172,76,66,72,73,73,73,72,71,69,67,65,64,65,67,67,65,62,60,58,55,56,57,59,60,57,59,62,65,64,62,61,63,62,61,62,66,66,66,66,63,61,59,59,59,56,53,53,55,54,53,53,53,57,68,71,74,77,80,79,77,76,75,74,74,73,70,64,59,54,51,50,46,44,47,54,58,64,67,68,68,71,76,76,75,74,74,75,77,77,75,74,74,76,84,84,80,85,84,94,95,97,98,101,105,104,113,112,109,110,110,112,110,115,114,111,102,81,72,105,174,190,193,194,195,195,195,195,196,195,196,196,196,197,197,197,197,198,199,200,200,201,202,203,206,207,209,210,212,213,215,217,218,219,220,221,222,222,222,222,222,222,222,222,222
206,206,207,207,206,207,207,208,208,209,209,210,210,210,210,210,210,211,211,212,212,212,213,212,212,211,210,210,209,208,208,207,206,205,203,186,108,64,72,74,74,75,74,71,68,67,65,63,61,64,63,59,58,56,55,54,55,55,57,55,54,55,59,59,58,59,59,58,55,58,60,64,64,64,65,65,64,60,59,60,57,54,55,54,57,53,52,53,56,62,66,70,75,78,77,74,73,75,76,78,83,73,75,77,75,68,65,61,55,60,64,66,67,71,71,72,71,74,76,75,73,73,73,75,78,78,76,76,80,83,86,85,88,91,96,96,100,99,100,102,101,107,106,106,106,112,113,112,115,112,109,105,87,72,97,153,189,191,194,195,194,194,195,196,196,196,196,196,197,197,197,197,198,198,199,200,201,202,202,204,206,208,209,211,213,214,216,218,219,219,221,221,222,222,222,222,222,221,222,222
206,206,206,206,207,207,207,208,208,209,210,209,210,210,210,211,211,211,211,212,212,212,212,212,212,211,211,210,209,209,208,207,206,205,203,191,135,61,72,75,75,74,74,73,68,67,65,62,59,58,56,56,57,56,55,53,55,55,52,52,52,53,54,55,56,58,59,59,57,57,59,63,62,66,69,69,67,63,61,59,56,55,53,52,53,52,50,53,55,60,64,65,68,73,75,73,76,76,76,79,81,81,84,84,99,89,82,75,76,75,74,73,74,77,78,79,79,79,77,79,77,74,74,76,78,81,81,80,83,86,89,91,94,95,98,98,100,99,101,103,102,111,108,107,110,112,110,111,111,110,108,104,83,66,74,112,182,190,193,194,194,195,195,195,196,196,196,196,197,197,197,197,198,198,199,199,200,201,201,203,205,207,208,210,212,213,215,217,218,219,220,221,221,221,222,222,222,222,222,222
205,206,206,206,207,207,208,208,208,209,209,209,210,210,210,211,211,211,212,212,212,212,212,212,213,212,212,211,210,209,209,208,207,205,204,199,153,93,67,77,75,74,74,73,70,67,65,61,58,54,54,56,56,55,50,50,54,58,57,56,55,55,54,54,54,58,59,60,60,63,69,68,72,73,74,72,69,66,63,59,57,54,53,52,51,51,48,50,54,56,59,61,63,68,72,73,73,74,76,80,84,88,86,83,88,92,90,83,84,83,82,81,81,83,88,87,88,88,87,85,82,80,81,81,84,85,85,87,88,89,90,93,94,94,93,97,100,100,95,101,100,105,103,108,112,113,110,108,106,107,109,105,84,61,63,99,157,190,193,194,195,195,194,195,195,196,197,197,196,197,197,197,198,198,197,198,200,201,201,202,204,206,209,210,212,213,214,216,217,219,219,220,220,221,221,222,222,222,222,222
205,206,206,207,207,207,207,208,209,209,209,209,209,210,211,211,211,211,212,212,212,212,212,213,213,212,212,212,211,210,209,208,207,207,206,203,190,120,77,77,76,75,74,75,72,67,65,60,55,51,52,54,53,54,47,47,57,62,64,63,61,61,58,59,63,64,69,68,74,76,76,76,78,77,76,72,70,66,60,57,55,52,52,52,52,49,46,47,48,51,54,59,64,66,69,73,72,72,76,82,89,93,92,86,75,80,80,82,87,88,88,89,85,87,90,90,90,91,91,90,88,87,85,86,87,86,84,90,90,90,89,93,94,95,94,97,98,99,99,99,100,102,100,105,108,111,110,108,106,106,107,103,85,61,60,98,141,185,191,192,194,195,195,196,195,197,197,197,196,196,197,197,197,198,198,198,199,200,202,201,204,205,207,209,211,212,214,215,216,217,219,220,221,221,221,222,222,222,222,222
206,206,206,207,207,208,208,208,208,209,209,209,210,210,211,212,211,212,212,213,212,213,212,213,213,213,212,212,212,211,210,209,208,207,206,205,200,154,87,76,79,76,74,75,73,68,64,59,54,52,53,54,55,56,54,55,62,65,67,68,68,68,68,69,73,79,83,85,84,84,81,78,72,68,61,58,58,56,53,52,52,51,53,53,53,48,39,40,44,47,52,58,64,68,68,71,73,75,76,81,84,89,91,88,80,74,71,71,82,87,90,90,96,96,95,92,93,94,95,94,93,90,88,88,90,87,88,90,93,91,93,99,96,98,97,95,93,92,98,101,102,106,107,102,104,112,112,109,105,104,104,103,97,58,57,78,116,173,184,188,193,193,195,196,195,195,196,196,196,197,197,197,197,198,198,197,199,200,201,202,202,204,206,208,210,211,213,214,215,217,219,220,220,220,220,221,222,222,222,222
206,207,206,207,207,207,207,208,208,209,209,209,210,210,210,211,211,212,212,212,212,213,213,213,213,213,213,213,212,211,210,209,208,208,207,206,204,193,110,84,80,79,76,77,76,70,66,61,57,55,55,57,57,59,58,60,65,69,69,70,71,71,77,79,82,91,92,91,83,79,65,56,48,36,38,37,39,40,42,48,46,52,53,54,52,46,39,37,41,41,50,58,63,66,67,69,74,75,76,79,81,84,86,85,84,77,70,66,70,79,90,97,104,100,98,95,95,98,97,97,97,95,94,93,94,95,92,94,96,96,98,100,100,96,96,93,91,89,94,102,105,113,110,108,105,108,112,109,107,103,101,99,92,73,60,64,82,159,177,188,193,193,194,196,196,195,196,196,196,196,197,197,197,197,198,198,199,198,201,201,202,204,206,207,208,210,212,214,215,217,218,219,220,221,221,222,222,222,222,222
206,207,206,207,207,208,208,208,209,209,209,210,210,211,210,211,211,212,212,213,213,213,213,213,214,213,213,213,213,212,211,210,209,207,207,206,205,203,166,89,80,80,77,79,78,73,68,62,59,56,57,58,61,64,65,69,68,71,72,73,75,79,85,87,88,92,85,75,64,46,40,33,31,31,30,29,29,28,29,32,36,44,50,51,56,49,41,37,37,41,50,59,62,64,66,71,74,75,77,77,80,83,86,84,83,79,75,79,70,72,83,92,98,100,100,91,95,95,96,99,97,94,98,95,95,95,96,97,98,98,102,100,102,102,98,94,93,93,97,100,103,102,105,114,107,102,107,110,109,105,99,92,83,64,57,55,84,143,180,190,193,194,195,196,196,197,195,196,196,196,196,197,197,198,198,197,198,199,201,201,202,203,206,207,208,210,212,213,214,216,218,219,220,221,221,221,221,221,221,222
206,207,207,207,207,208,208,209,209,209,209,210,210,211,210,211,211,212,212,213,213,213,213,214,214,213,214,214,214,212,211,210,209,208,208,206,205,203,191,112,79,80,78,78,82,76,70,65,62,59,59,62,65,68,70,73,74,75,76,77,79,82,86,88,85,75,66,56,47,46,41,37,34,33,34,32,33,32,31,32,33,37,45,45,52,47,44,39,37,45,51,57,60,65,71,74,73,79,80,79,81,86,88,84,86,84,83,85,83,79,78,84,93,96,97,93,92,94,95,96,95,93,93,93,95,98,96,99,101,101,103,102,102,100,99,98,96,99,105,106,105,113,109,115,110,105,107,108,105,103,97,93,82,60,48,51,69,136,176,189,193,195,195,197,195,196,195,196,196,196,196,196,197,198,198,198,199,199,201,201,202,203,204,205,208,209,213,213,214,216,217,218,219,220,220,221,221,221,221,222
206,207,207,207,207,208,208,208,209,209,209,209,210,211,211,211,211,212,212,212,213,213,214,214,214,214,214,214,213,213,212,211,210,209,208,207,206,204,194,156,86,82,80,78,80,78,69,67,65,63,64,66,69,71,73,72,75,76,77,79,81,81,83,77,67,56,49,54,56,55,52,47,42,38,36,33,31,31,29,29,32,45,36,30,36,44,48,41,39,45,50,53,58,64,73,77,79,80,81,81,84,87,83,86,90,87,87,86,87,86,82,81,84,92,92,89,88,90,93,94,93,95,92,92,93,97,96,97,99,103,106,99,99,99,98,99,98,105,113,113,113,119,116,115,114,107,107,104,104,100,92,91,89,61,40,42,59,111,175,189,192,195,195,196,196,196,196,196,196,196,197,197,197,198,198,198,198,199,201,200,201,203,204,205,207,209,210,212,214,216,216,218,219,220,220,220,220,220,221,221
206,207,207,207,207,208,208,208,209,209,210,210,211,211,211,211,212,212,212,212,213,213,214,214,214,214,214,214,215,214,213,212,211,210,209,208,208,205,203,186,146,102,83,81,83,79,73,69,67,66,67,70,71,71,71,72,74,75,76,79,82,77,72,55,43,52,59,59,61,59,54,51,47,42,40,31,26,34,28,38,48,53,25,37,52,48,48,45,43,46,48,50,55,61,68,76,81,81,80,82,86,88,89,91,93,90,89,91,96,94,89,83,80,84,87,86,86,82,81,89,90,91,90,91,93,97,103,102,104,104,105,102,102,106,105,107,107,110,116,113,116,127,125,118,114,110,100,98,103,98,90,91,91,69,43,34,45,82,152,187,193,194,195,195,197,197,196,196,197,196,197,197,197,197,198,198,199,200,200,200,201,203,204,205,206,208,209,212,214,215,216,217,218,219,220,220,221,220,221,221
207,207,207,207,208,208,208,209,210,210,210,210,211,211,211,211,212,212,213,213,213,214,214,214,215,215,215,215,215,214,214,214,212,211,210,209,208,207,205,201,192,127,92,82,84,83,76,71,69,68,69,71,71,70,70,71,74,75,75,76,76,63,41,38,50,57,61,62,61,59,55,53,49,38,26,35,61,71,65,52,36,38,45,54,60,47,47,44,46,50,49,46,51,58,71,77,80,81,81,85,89,90,92,96,98,96,97,98,101,96,93,88,79,74,77,79,80,74,68,69,78,84,86,89,95,98,103,107,107,101,103,105,105,109,109,113,115,110,114,111,115,119,118,118,113,115,103,95,96,98,91,84,94,75,52,34,37,64,122,182,193,195,194,195,196,196,197,196,197,196,196,196,197,196,198,198,199,200,201,201,202,203,203,204,205,207,209,211,213,215,216,217,218,219,220,220,220,220,221,222
207,207,207,208,208,208,209,209,210,210,210,210,211,211,211,212,212,213,213,213,213,213,214,215,215,215,215,215,215,215,215,214,213,213,211,209,209,207,206,203,200,165,101,80,81,87,81,75,71,71,70,71,73,70,69,70,75,76,74,71,59,37,40,49,54,56,61,63,62,64,70,60,35,21,11,55,97,110,73,37,32,42,49,55,59,52,49,46,43,50,49,47,50,58,69,75,81,83,84,88,89,93,98,101,101,101,102,104,106,105,97,92,85,78,74,70,75,77,68,54,64,70,75,85,89,91,105,106,103,101,108,110,108,106,110,111,110,107,102,103,107,112,113,115,112,114,113,105,92,97,91,83,87,80,50,39,30,42,102,164,190,194,195,195,196,196,197,196,196,197,196,196,197,196,197,198,198,199,201,202,202,203,204,204,205,206,209,211,212,213,215,216,217,218,220,220,220,220,220,221
207,207,208,208,208,208,209,209,209,210,211,211,211,211,211,212,212,212,213,213,213,213,214,215,215,215,216,215,215,216,216,215,214,213,212,211,209,208,207,205,203,189,126,92,79,84,83,74,72,71,71,72,72,67,70,71,76,77,71,63,40,29,43,51,55,57,61,66,73,80,53,33,17,6,8,45,113,122,58,31,39,45,46,56,62,54,49,47,47,50,50,43,52,59,67,75,81,84,87,90,92,98,99,100,102,104,107,108,111,113,108,102,94,87,84,82,84,85,83,74,66,54,60,76,82,85,95,98,96,100,108,108,108,109,108,109,106,102,98,100,103,104,107,114,111,120,112,105,97,98,92,85,84,86,52,42,34,34,89,163,192,194,194,195,196,196,195,196,196,196,196,196,196,197,197,197,198,199,200,201,201,202,203,203,205,206,208,210,212,212,214,216,217,218,219,220,220,220,220,219
207,207,208,208,208,208,209,209,209,210,211,211,211,211,212,212,212,213,213,213,214,214,214,215,215,215,216,216,216,216,216,215,215,214,213,211,210,209,207,206,205,194,167,128,78,82,83,78,74,73,73,74,73,67,70,73,75,73,65,38,30,41,46,49,52,56,62,77,65,48,44,58,8,7,8,28,86,65,45,50,45,53,46,62,60,53,51,48,51,51,51,43,50,60,66,74,80,85,90,93,94,97,102,105,107,108,111,112,115,119,116,114,109,108,101,98,98,99,100,100,93,78,69,70,76,81,84,92,96,103,103,101,103,108,104,105,103,101,100,97,99,102,105,114,111,114,108,94,97,88,91,94,88,79,59,35,38,36,87,157,187,194,194,195,196,196,195,196,196,197,196,197,197,198,197,197,198,198,199,201,201,202,202,204,205,205,208,210,211,213,214,216,217,218,218,219,219,220,219,219
207,208,208,208,208,208,209,209,210,210,210,211,211,212,212,213,213,212,213,213,214,214,215,215,215,216,216,216,216,216,217,217,216,215,214,213,211,210,208,207,205,202,193,163,111,80,82,81,75,76,76,76,74,72,71,71,73,70,58,34,35,43,46,47,49,52,57,53,36,14,9,38,10,6,8,29,61,50,57,65,49,46,50,65,59,53,53,49,51,53,50,43,46,58,64,76,83,91,94,95,97,101,105,109,110,111,113,116,118,121,120,126,127,123,117,111,108,110,114,117,115,110,95,74,71,77,82,88,93,95,96,98,103,102,99,100,101,100,101,99,97,103,108,108,111,113,107,108,105,97,93,92,90,79,60,37,36,41,62,132,172,191,193,194,196,195,195,197,196,197,196,197,197,197,198,197,198,199,199,200,200,201,202,203,205,205,207,209,211,213,213,215,216,218,218,218,219,218,218,218
207,208,208,208,208,209,209,210,210,210,211,211,211,212,212,212,212,213,213,213,214,214,215,215,215,216,216,216,216,217,217,217,216,216,215,214,213,211,209,207,205,201,190,158,122,78,80,80,78,77,77,77,74,73,72,70,68,64,46,34,42,43,44,45,47,48,44,27,11,9,9,16,8,9,11,21,37,60,74,56,43,48,64,72,60,55,54,53,54,55,50,41,46,60,68,81,93,93,95,102,104,105,107,112,113,113,116,117,119,122,123,125,134,134,130,121,114,119,126,128,127,127,120,101,81,75,80,82,85,91,92,97,102,96,96,99,98,97,92,92,101,98,101,105,107,112,115,107,107,104,93,91,91,78,62,44,44,34,47,104,156,187,189,193,196,196,196,196,196,197,197,197,196,197,198,197,198,198,198,198,200,201,201,203,204,205,206,209,211,213,214,215,216,215,215,216,217,217,217,218
207,208,208,208,208,209,209,210,210,210,211,211,211,212,212,212,213,213,213,214,214,214,215,215,215,216,216,216,217,217,217,217,217,217,215,214,213,212,210,208,206,184,134,89,42,54,79,79,80,77,77,77,76,75,73,70,67,58,31,35,44,44,45,45,46,42,28,15,11,17,9,22,15,13,19,39,63,76,73,53,59,57,73,73,60,62,62,60,59,57,52,41,45,63,73,82,92,97,102,106,107,112,114,116,117,116,116,120,123,124,123,123,129,133,136,129,118,121,128,127,128,125,123,114,95,80,77,79,85,90,91,92,93,91,94,95,92,94,82,83,92,90,88,98,96,107,112,106,103,103,101,90,107,78,60,44,33,36,44,76,134,180,192,195,196,196,196,196,197,197,197,197,197,197,197,198,197,198,198,198,199,201,202,202,204,204,205,208,211,212,214,213,213,214,214,214,216,216,217,216
207,208,208,208,208,208,209,210,210,210,211,211,211,212,212,212,213,214,214,214,214,214,215,215,216,216,216,217,217,217,217,217,217,217,217,216,215,213,211,209,205,154,73,49,43,37,66,77,77,76,76,76,74,76,75,72,68,52,27,43,46,46,47,46,45,37,35,42,34,29,21,19,13,22,46,65,94,81,55,54,56,64,80,76,69,67,64,63,61,58,54,42,45,61,71,76,93,98,104,107,113,118,120,122,118,118,121,123,124,124,125,122,123,120,119,121,120,116,114,110,110,108,104,102,97,80,77,77,84,85,84,85,83,84,87,87,82,84,88,88,90,82,86,92,94,92,93,103,112,109,113,95,95,86,64,57,33,40,57,74,125,178,194,194,195,196,197,197,196,196,197,196,196,196,196,197,197,197,197,198,198,199,200,201,203,204,205,206,209,211,212,211,211,212,212,213,214,215,216,215
208,208,208,208,208,208,209,209,210,210,211,211,212,212,213,213,213,214,214,214,214,215,215,216,216,216,216,217,216,217,217,217,218,218,217,216,215,214,212,210,202,117,68,54,47,42,49,76,76,74,73,73,73,74,75,76,68,47,32,46,53,51,52,48,34,33,61,95,103,75,51,26,30,48,73,77,69,61,56,67,65,79,83,77,70,72,69,67,65,60,53,46,48,62,70,77,93,100,103,108,117,124,125,128,127,126,128,127,132,129,125,123,116,108,112,115,107,95,88,83,77,74,76,88,90,76,72,78,79,81,83,82,79,79,83,85,79,77,84,88,84,80,87,87,83,77,82,86,98,112,110,94,85,91,78,71,57,45,60,71,127,179,194,195,195,195,195,196,195,196,196,196,195,196,195,196,196,196,197,197,197,198,199,200,201,203,204,205,206,208,210,208,209,210,210,211,211,212,212,212
209,208,208,208,208,208,209,209,210,210,211,211,212,212,213,213,214,214,214,214,215,215,216,216,216,216,217,217,217,217,217,217,218,218,218,217,216,215,213,212,192,122,72,61,53,47,44,64,76,73,71,70,71,72,73,75,67,43,36,59,61,59,56,47,26,35,69,117,111,108,58,39,56,78,63,54,54,47,61,61,72,85,80,71,72,75,76,74,69,67,54,44,50,62,70,79,95,103,106,112,122,130,131,136,139,138,139,137,134,130,123,114,114,111,110,105,80,57,39,40,41,34,52,65,80,75,64,77,79,84,84,83,79,80,82,83,80,78,84,83,77,81,86,84,78,75,74,80,78,93,92,81,82,89,75,59,57,42,61,75,105,160,195,195,194,194,194,194,194,194,194,195,194,195,194,194,194,194,195,195,195,196,197,198,199,201,202,202,203,204,205,204,205,205,205,206,206,206,207,207
208,209,209,209,209,209,209,209,210,210,211,212,212,212,213,213,214,214,215,215,215,215,215,216,216,216,217,217,217,217,217,218,218,219,219,218,217,216,214,212,207,135,86,70,59,59,52,52,75,73,70,69,69,70,68,66,70,48,44,53,56,64,46,25,14,18,39,48,56,32,41,55,59,53,51,56,54,61,70,68,81,83,79,68,75,79,81,78,73,66,55,45,48,63,69,79,94,102,105,112,122,137,139,146,151,158,152,145,133,128,119,111,107,107,104,85,42,12,17,30,34,41,58,62,75,60,62,74,78,80,81,75,78,82,84,82,85,78,87,85,79,81,77,76,69,61,65,66,72,82,87,88,81,81,71,59,48,39,44,73,73,130,184,193,192,192,193,193,193,193,193,193,193,194,192,193,192,193,193,194,193,194,195,195,196,196,196,196,198,198,200,200,199,198,198,198,200,201,202,201
208,209,209,209,209,208,209,209,210,211,211,212,212,212,213,213,214,214,214,215,215,215,215,216,216,216,217,218,217,218,218,218,218,219,219,219,218,218,216,214,212,183,136,52,41,50,54,55,65,73,68,66,66,66,64,63,64,57,47,43,42,42,32,25,22,26,32,38,38,45,50,53,54,51,51,52,56,65,69,82,87,82,81,74,78,81,84,79,77,67,55,47,48,59,69,78,93,101,103,110,119,129,140,143,149,152,149,139,130,121,111,103,105,109,92,55,24,13,19,30,51,72,75,77,72,56,62,70,78,80,80,79,77,83,87,76,78,74,83,87,85,79,66,64,64,63,63,68,66,81,89,89,85,82,73,54,42,49,45,68,85,140,190,190,190,190,191,192,192,191,192,192,191,191,190,190,190,190,190,190,190,191,191,191,191,192,190,190,192,193,195,194,193,194,193,194,195,196,197,197
208,209,209,209,209,209,209,209,211,212,212,212,212,213,213,214,214,214,214,215,216,216,216,216,216,217,217,218,218,218,218,218,218,219,219,219,219,218,217,216,214,212,203,120,61,43,35,52,54,70,70,66,65,64,63,62,62,57,50,46,45,40,35,45,41,49,53,52,54,53,54,55,58,58,55,56,67,68,76,85,84,80,77,78,82,83,86,78,76,71,58,47,46,54,66,77,88,97,103,109,117,125,134,136,136,135,131,128,122,116,107,100,102,104,74,18,8,14,29,59,83,91,86,79,63,59,69,77,83,81,80,80,79,78,77,75,66,55,72,77,79,69,66,64,66,70,60,60,59,72,83,79,74,78,69,47,34,36,41,59,68,141,182,189,189,189,190,190,190,191,190,189,188,188,188,188,188,188,187,187,187,186,186,187,186,187,186,188,187,189,191,190,190,190,191,191,191,191,193,194
209,209,209,209,210,209,208,209,210,212,212,212,212,213,213,214,214,214,215,215,216,215,216,216,217,217,217,217,217,218,219,218,219,219,219,219,220,219,218,217,215,213,211,192,93,61,34,40,52,58,75,67,64,63,63,63,62,59,54,51,51,49,51,56,59,59,59,57,56,57,57,58,62,58,54,62,68,74,86,84,82,76,74,78,80,87,90,82,81,76,58,47,47,57,70,78,88,93,102,108,115,119,122,127,124,125,124,121,117,113,108,101,101,87,32,7,10,28,55,84,94,90,80,58,45,63,81,78,79,81,81,78,78,71,68,72,63,51,49,62,59,59,73,71,71,62,60,56,54,62,71,69,60,65,72,61,42,37,41,49,59,107,168,187,187,183,185,187,188,188,187,187,186,185,184,185,185,184,185,183,184,183,182,182,182,183,182,184,184,184,185,186,186,186,187,187,186,187,190,190
209,209,209,209,210,209,208,209,211,212,212,212,213,213,213,213,214,214,215,215,216,216,216,217,217,217,217,217,218,218,219,219,219,219,220,219,220,220,219,218,217,214,212,210,155,90,52,24,46,46,68,73,64,62,62,63,63,61,59,57,55,56,61,62,63,62,61,60,60,59,57,58,59,58,62,65,64,76,80,77,75,75,76,80,80,90,92,84,82,79,65,46,50,61,73,81,86,91,97,104,106,113,114,117,118,118,115,113,110,107,104,101,97,81,45,27,36,60,89,99,97,74,44,48,60,69,74,74,74,77,74,73,62,57,53,58,61,53,49,56,62,64,62,56,82,56,63,56,54,57,65,75,80,62,85,79,62,45,47,50,36,69,116,166,177,181,185,184,184,184,184,183,182,182,180,182,181,180,181,180,180,180,178,179,179,179,180,180,180,181,181,183,183,183,183,184,185,182,185,185
210,209,209,210,210,210,210,210,211,212,212,213,213,213,213,213,214,215,215,216,216,216,217,217,217,217,217,218,218,218,219,220,219,219,219,219,220,220,220,219,217,215,214,213,210,133,79,36,30,42,52,85,65,62,62,63,64,64,62,60,59,60,61,61,61,61,60,59,58,57,56,57,56,60,64,66,74,79,75,71,72,76,72,83,85,88,88,84,87,86,74,50,52,65,74,82,91,93,96,100,101,104,107,107,107,111,111,108,106,103,100,92,84,79,74,71,81,88,94,90,69,58,53,58,68,70,73,70,63,66,72,78,75,56,54,52,60,62,53,45,55,62,67,53,64,67,52,54,53,55,56,74,80,68,61,81,84,49,53,56,41,59,124,169,179,181,181,181,180,181,180,179,178,179,178,178,177,176,176,176,176,177,176,176,174,175,176,177,176,177,178,179,179,180,179,180,180,178,177,179
209,209,210,210,211,211,211,211,212,212,213,213,213,213,214,214,215,215,216,216,216,216,217,217,217,218,218,218,218,219,219,219,219,219,220,220,220,220,220,219,218,216,215,214,213,184,124,58,21,35,38,63,72,63,63,63,65,64,64,62,62,62,61,59,59,58,58,57,56,56,54,55,59,64,68,73,76,77,69,66,70,73,72,78,88,86,89,86,90,89,75,57,55,70,78,84,93,97,97,95,94,98,99,97,99,105,106,103,96,94,87,79,75,72,75,81,77,75,62,51,53,54,54,58,63,62,61,60,55,50,68,85,76,64,50,47,66,82,70,45,49,60,70,73,74,82,60,64,66,64,61,65,89,79,69,84,82,43,41,57,43,75,130,164,169,173,177,178,176,177,177,176,176,176,175,173,174,173,173,174,173,173,173,173,171,171,172,173,173,173,174,174,175,175,175,174,173,174,172,174
209,210,210,211,211,211,211,212,212,212,213,213,214,214,214,215,215,215,216,216,216,216,217,218,218,218,218,218,218,219,219,219,219,220,220,220,220,220,220,220,219,218,216,216,214,212,170,103,44,26,32,42,72,66,64,63,64,65,65,65,65,65,62,60,58,58,57,57,57,57,57,59,61,63,72,74,74,68,63,61,69,72,72,77,84,87,92,95,94,93,77,59,62,74,80,86,96,97,95,91,91,95,94,93,95,99,99,93,85,78,73,72,68,58,51,46,49,42,45,47,53,54,58,60,58,58,57,54,58,55,59,70,80,79,55,54,64,78,70,57,48,70,72,75,74,66,71,81,68,58,60,64,77,88,75,74,88,49,41,51,47,62,123,168,167,171,173,174,173,172,173,173,172,172,171,170,170,169,169,168,170,169,169,169,168,167,168,169,168,169,170,172,171,171,172,172,170,170,170,172
209,210,210,211,211,211,211,211,212,212,212,213,214,214,214,214,215,215,216,216,216,216,217,217,218,218,218,218,218,219,219,219,219,219,220,220,220,221,221,220,220,219,218,217,215,213,201,164,71,40,31,35,55,70,65,64,64,65,65,66,67,66,64,60,58,58,59,60,60,60,60,61,63,70,75,76,71,65,61,65,72,78,78,77,83,87,96,95,93,92,78,54,64,78,81,87,94,97,93,88,84,90,85,90,86,92,89,81,79,74,69,71,62,39,33,40,43,45,49,53,56,60,64,62,58,63,65,64,65,68,57,56,72,76,65,55,52,66,57,53,54,78,87,70,64,64,73,65,63,63,55,54,58,74,63,57,60,48,47,38,44,58,108,147,165,170,170,171,171,170,170,170,169,169,168,166,168,166,165,165,165,165,166,164,165,164,165,165,166,168,170,170,170,168,169,169,167,171,164,162
210,210,211,211,211,211,212,211,211,212,213,213,213,214,215,215,215,215,216,216,216,217,217,217,218,218,218,218,218,219,219,219,219,219,220,220,220,221,221,221,220,220,219,218,217,215,213,201,143,73,47,31,42,67,68,65,65,65,66,66,67,66,65,63,61,61,64,64,65,64,63,65,67,70,73,67,64,62,65,73,76,76,77,80,86,96,100,96,93,92,77,60,68,79,83,86,89,92,84,74,61,51,48,35,47,56,67,66,70,71,68,70,59,45,43,51,53,51,57,58,64,65,65,65,64,65,63,60,64,68,61,57,65,72,62,58,49,56,56,58,49,57,91,74,64,71,79,80,62,59,42,50,55,60,52,60,59,69,64,55,45,62,106,154,166,167,167,167,167,167,167,167,165,165,164,163,163,163,161,162,163,164,165,165,163,163,166,170,172,176,178,181,181,179,174,171,168,165,163,162
210,211,211,211,211,211,211,212,212,213,213,213,214,214,215,215,215,215,216,216,217,217,217,217,217,218,219,219,219,219,219,219,219,220,220,220,221,221,221,222,221,221,220,219,218,216,214,211,210,130,81,46,41,56,70,68,66,65,67,67,68,67,68,65,64,65,67,67,68,69,67,70,70,69,67,62,59,62,71,77,77,79,82,86,89,94,93,100,98,93,80,60,71,82,85,86,86,83,67,35,18,35,24,10,18,54,71,64,55,59,61,62,55,52,56,55,61,53,63,62,65,69,55,53,66,59,55,67,60,63,59,51,54,57,56,58,53,55,41,52,49,58,76,82,74,54,83,78,63,53,42,44,35,59,46,46,47,56,63,64,51,65,100,141,164,164,164,163,163,163,163,162,160,160,159,160,160,164,165,170,172,172,171,169,167,170,171,177,180,183,183,185,187,186,184,181,180,178,177,175
210,211,211,211,212,212,212,213,213,213,213,213,214,215,215,215,216,216,216,216,217,217,217,217,217,218,218,219,219,219,219,219,219,220,220,220,221,221,222,222,222,221,221,220,219,217,215,213,211,189,143,59,40,47,64,70,65,64,66,68,68,68,67,67,67,68,70,69,71,70,69,70,69,67,66,62,61,70,76,77,79,82,84,89,93,94,95,98,99,94,82,65,73,83,86,85,83,64,27,22,32,24,5,14,33,76,97,82,66,51,48,55,52,56,58,58,58,54,50,53,60,58,42,44,46,50,55,84,54,45,48,49,54,48,48,64,69,71,61,52,56,56,52,69,76,67,65,70,71,57,52,58,61,51,47,55,58,48,58,61,55,61,89,141,170,161,161,160,160,163,160,164,164,164,163,161,159,167,171,176,174,174,177,176,184,182,184,183,184,185,187,186,184,185,184,184,183,183,183,183
211,211,212,212,212,212,213,213,213,213,213,214,214,215,215,215,215,216,216,216,217,217,217,218,218,218,219,219,219,220,220,220,220,220,220,221,221,221,222,221,221,221,221,220,219,218,217,214,213,212,195,121,56,41,51,72,70,66,66,68,69,69,70,70,70,70,72,73,72,71,70,70,69,67,66,69,77,81,78,80,83,85,86,91,92,98,93,94,91,88,79,67,73,85,86,84,71,43,28,28,22,20,30,39,60,85,96,75,51,47,48,51,57,61,53,57,61,55,51,52,55,55,39,49,44,46,54,73,65,30,39,41,48,50,48,49,79,82,53,50,45,47,48,63,65,72,61,67,64,59,41,53,55,55,61,60,48,50,59,60,39,48,85,139,160,157,158,158,161,167,174,175,178,176,174,169,171,172,176,177,176,170,165,167,175,183,188,184,177,180,186,189,185,182,182,185,184,179,179,182
211,211,212,212,212,213,213,213,213,213,213,214,214,214,215,214,215,216,216,217,217,217,217,218,218,218,219,219,219,220,221,220,220,220,221,221,221,221,222,222,222,222,222,222,221,219,218,216,215,213,211,196,77,41,38,55,68,69,68,69,70,72,72,73,74,74,74,76,74,74,72,71,70,70,73,78,78,77,78,81,84,88,86,93,94,98,98,96,96,86,88,75,76,82,86,81,54,25,27,32,34,44,57,62,74,81,62,49,53,52,50,54,57,64,61,55,52,52,46,57,59,60,60,60,52,50,48,60,66,42,33,38,52,42,56,44,73,76,61,52,50,52,32,42,50,48,48,62,66,79,52,56,51,48,46,57,46,46,49,49,38,43,76,131,156,158,157,158,166,171,174,175,177,178,176,175,174,173,172,175,178,176,172,164,162,167,183,191,180,175,181,190,188,181,182,186,184,179,173,175
211,211,212,212,213,213,213,213,213,213,214,214,214,214,215,215,215,216,217,217,217,218,217,218,218,218,220,219,220,221,221,220,221,221,221,221,221,221,222,222,222,222,222,222,221,220,219,217,216,214,213,206,142,51,28,34,63,70,70,71,72,74,74,75,78,78,79,79,75,75,74,73,72,73,76,80,82,75,76,82,91,92,90,97,95,103,102,99,97,91,90,86,79,76,81,73,50,31,39,58,66,82,73,73,64,52,44,42,53,54,57,63,65,63,66,70,50,52,50,47,51,67,66,45,44,41,49,58,61,39,35,38,58,59,67,66,80,85,78,66,58,56,43,38,45,40,31,52,72,68,48,42,36,26,41,59,52,44,54,68,54,58,79,118,151,174,178,178,173,172,174,173,172,173,174,174,174,173,173,174,179,178,183,172,163,161,168,179,191,180,175,187,189,186,184,183,184,183,171,166
211,212,212,212,213,213,213,213,213,213,214,214,214,214,215,215,215,217,217,217,217,218,217,218,218,219,220,220,220,220,221,221,221,221,221,221,221,222,222,222,222,222,222,222,221,220,220,219,217,215,214,211,190,71,27,24,48,65,72,72,74,76,77,79,81,83,84,79,77,75,75,76,77,74,79,84,85,80,80,86,91,89,92,99,99,97,99,103,100,98,89,87,83,76,73,66,50,42,53,103,89,81,65,58,48,36,42,51,52,54,64,68,71,59,53,57,60,60,52,30,41,48,55,48,39,36,49,72,71,59,58,63,83,98,102,105,106,107,101,94,72,76,49,40,43,40,37,40,55,46,49,34,30,30,46,62,58,59,51,32,40,48,68,105,141,165,180,185,182,177,179,167,167,170,172,173,172,172,174,177,180,180,182,181,176,164,162,163,179,186,186,182,188,190,184,182,183,184,176,166
212,212,213,213,213,213,213,213,214,214,214,214,214,215,215,215,216,217,217,217,217,218,218,218,218,219,220,220,220,220,221,221,220,221,221,221,221,222,222,222,222,222,222,222,222,221,221,219,218,217,216,209,182,104,35,34,47,61,71,74,75,76,78,79,81,83,84,84,81,78,79,82,82,78,79,82,83,81,85,87,88,88,94,102,102,103,104,98,96,93,88,89,88,84,74,63,53,51,57,66,59,63,51,46,43,43,43,47,48,47,62,67,67,69,50,58,60,58,54,39,30,37,43,49,46,54,66,77,84,93,91,103,109,116,118,118,118,116,111,108,87,79,67,51,49,50,48,44,40,37,41,44,36,38,48,48,55,65,48,28,32,51,72,108,130,147,154,173,184,183,184,174,166,168,171,172,171,171,171,175,177,182,183,186,187,177,167,160,162,167,189,185,187,189,186,182,181,183,177,170
212,212,212,213,213,213,213,214,214,214,214,214,214,215,216,216,216,217,217,217,218,219,218,219,219,219,220,220,220,221,221,221,221,221,222,222,221,221,222,222,222,222,223,223,223,222,221,220,219,218,217,214,198,136,70,56,56,47,71,76,77,76,78,80,81,83,85,80,81,82,82,82,83,79,78,80,79,81,87,87,86,88,95,101,103,105,109,103,102,96,89,87,88,90,84,69,58,56,57,61,60,43,39,46,47,49,47,53,50,46,59,68,63,70,55,47,50,44,51,41,32,28,37,53,64,81,92,102,107,105,105,102,104,106,103,101,99,101,101,98,90,73,64,51,49,46,49,48,46,33,30,34,29,29,34,39,42,55,45,39,44,67,91,90,114,147,138,147,171,182,186,180,169,168,171,172,171,170,171,176,173,178,183,185,187,188,181,166,160,158,165,175,188,189,188,183,179,177,175,172
212,212,213,213,213,214,214,214,214,215,214,214,214,215,216,216,217,217,217,217,218,219,219,219,219,220,220,220,220,221,221,221,221,222,222,222,221,222,222,222,222,222,222,223,223,222,222,221,220,219,218,216,203,156,95,64,59,40,58,74,77,77,79,80,79,82,83,82,83,84,79,80,79,77,76,77,76,78,84,87,88,91,100,102,100,101,109,106,103,100,94,88,88,90,86,70,60,54,48,46,37,43,49,49,49,46,55,56,53,54,61,55,51,54,50,38,48,41,43,36,36,44,48,69,85,102,111,102,100,104,101,101,103,106,104,102,101,94,90,85,78,60,45,44,45,35,42,47,47,42,36,31,28,23,32,33,34,42,39,43,39,71,82,98,147,166,157,126,158,175,184,181,170,167,170,171,172,170,172,174,176,176,181,185,186,187,188,182,170,160,155,158,175,186,190,185,180,175,173,173
212,212,213,213,214,214,214,214,215,215,214,214,215,216,216,216,217,217,217,218,218,218,219,219,219,219,219,220,220,221,221,221,222,222,222,222,221,222,222,222,222,222,222,222,223,223,222,221,221,220,219,218,214,183,117,70,59,48,38,69,74,77,79,80,81,82,84,83,86,85,82,80,78,75,73,76,76,76,80,86,87,89,98,100,97,99,105,106,101,102,100,91,90,88,80,70,66,59,55,51,51,52,51,49,49,40,52,53,45,51,55,37,28,46,46,38,40,41,37,30,42,68,86,98,111,105,95,96,100,104,104,103,103,107,103,101,102,93,83,71,55,39,30,44,49,49,49,46,44,42,33,27,22,23,28,34,37,38,40,55,58,71,72,89,147,173,168,147,142,162,180,186,178,170,169,171,169,169,171,173,175,177,180,183,187,185,189,190,184,173,161,154,156,172,192,189,186,180,174,171
212,212,213,213,214,214,214,215,215,215,215,215,216,216,216,216,217,217,217,218,219,219,219,219,219,219,219,220,221,221,221,221,221,221,222,222,221,222,222,222,222,222,222,222,223,223,222,222,221,220,219,219,217,206,165,72,65,56,40,48,68,75,77,79,78,81,83,84,85,84,82,81,77,74,72,73,77,76,75,85,88,91,95,95,95,95,105,105,103,101,99,90,84,84,79,73,70,68,66,61,57,56,52,50,50,44,47,49,35,45,53,38,29,42,59,40,34,31,35,42,58,89,108,112,105,98,99,102,105,106,102,101,99,97,93,89,86,80,69,55,33,31,48,61,72,73,60,49,41,34,28,33,24,21,20,26,42,51,47,63,49,79,75,99,147,178,176,169,144,152,169,180,178,174,173,174,172,170,170,172,174,176,180,182,186,186,187,190,191,187,168,156,152,157,171,189,191,186,177,172
212,213,213,213,214,214,214,214,215,215,215,216,216,216,216,217,217,217,218,218,219,219,219,219,219,219,219,220,221,221,221,221,221,221,221,222,222,222,222,222,222,222,222,222,222,223,222,222,222,221,220,220,218,214,193,126,70,61,50,28,57,69,75,77,78,79,82,85,85,85,84,82,78,74,72,72,76,77,77,81,85,92,94,90,93,96,100,102,101,103,95,87,88,84,78,75,75,72,69,66,61,53,48,51,44,37,45,43,36,45,46,45,26,35,52,49,47,36,47,66,86,113,117,109,100,100,102,106,106,102,97,97,92,86,80,75,74,66,55,43,32,48,71,83,85,78,69,62,51,40,38,47,44,31,25,29,58,65,54,55,62,78,94,119,146,176,181,179,165,150,158,179,181,175,172,173,173,170,169,172,175,178,180,182,184,186,187,189,192,192,181,166,155,151,151,172,184,188,183,176
212,213,213,214,214,213,214,214,214,216,215,216,216,216,216,217,218,218,218,218,219,219,219,219,220,220,219,221,221,222,221,221,221,221,221,221,222,222,222,223,222,222,223,222,222,222,222,223,222,221,221,220,219,218,211,188,92,68,59,41,37,58,71,76,76,77,78,80,84,86,85,80,77,74,72,71,74,77,76,81,85,89,93,96,88,92,94,95,96,95,92,87,87,80,77,74,74,73,69,70,65,58,46,45,43,40,37,39,28,48,46,45,39,41,56,49,70,66,73,91,117,139,113,99,100,103,100,101,98,92,86,83,77,71,70,67,66,53,54,38,42,65,88,96,86,74,73,70,55,49,47,59,58,42,32,33,48,53,56,40,68,67,97,122,151,183,183,184,180,155,151,168,183,182,172,171,171,170,170,172,174,178,180,180,183,185,187,188,191,193,193,178,163,154,151,153,163,189,189,181
191,213,213,214,214,214,214,214,214,215,215,215,216,216,216,217,218,218,218,218,219,220,220,220,220,220,220,220,221,221,221,221,221,221,221,221,221,222,222,222,223,223,223,222,222,222,222,223,223,222,221,220,220,219,218,211,168,110,73,62,34,41,57,70,74,74,75,78,81,80,80,80,77,73,71,70,72,74,74,75,83,83,87,94,90,91,91,89,92,87,88,86,82,77,74,74,72,73,68,71,67,60,51,49,38,29,28,30,31,38,35,43,51,54,67,75,89,102,104,124,130,120,109,105,100,98,93,89,83,77,74,68,62,60,65,66,68,67,59,46,59,86,103,100,86,77,74,69,58,59,50,53,50,43,42,39,40,35,60,69,75,83,104,119,154,180,185,187,185,171,143,156,180,187,181,173,171,169,170,171,174,178,180,181,182,184,187,188,190,191,192,186,173,160,154,150,150,165,182,188
85,212,213,214,214,214,214,215,215,215,216,216,216,216,216,217,217,217,218,219,219,220,220,219,220,220,220,221,221,221,221,221,221,222,221,222,222,222,222,223,223,223,223,223,223,222,222,223,223,222,222,221,220,219,218,217,217,188,141,105,64,42,40,62,72,73,74,76,77,73,77,81,78,76,73,70,70,72,73,72,77,78,80,84,85,90,88,86,91,94,90,81,78,77,73,72,70,70,66,63,60,61,57,52,38,27,27,30,30,46,39,45,60,77,88,101,108,125,126,124,125,114,108,105,98,93,86,77,71,63,61,59,56,62,70,72,71,78,68,66,78,101,108,98,90,84,76,73,70,68,67,60,50,46,51,59,53,54,69,96,87,80,111,133,160,182,187,190,192,183,154,148,170,187,191,183,175,170,168,169,172,178,180,182,182,183,186,188,189,192,193,192,181,169,159,153,150,148,168,185
0,162,213,213,214,214,214,214,215,215,216,216,216,217,216,217,218,218,218,219,219,220,219,220,220,220,220,221,220,220,221,221,221,222,222,222,222,223,223,223,223,223,223,223,223,223,223,223,223,222,222,221,220,219,218,218,217,214,209,188,140,85,53,49,63,70,74,77,77,72,77,80,79,76,75,72,69,71,74,72,74,77,76,82,81,82,84,87,91,86,79,75,75,76,72,69,69,65,56,56,56,61,65,65,59,34,35,32,32,39,47,57,76,94,107,106,109,103,98,101,105,105,104,101,94,85,76,69,65,60,58,59,65,68,80,84,82,77,72,79,95,114,108,97,92,87,83,84,88,77,82,72,57,45,54,63,45,60,74,89,98,115,134,118,145,176,189,193,197,192,173,137,166,187,190,186,185,177,167,169,170,174,178,181,181,181,186,188,190,193,194,194,190,174,166,157,152,149,154,166
0,56,213,213,214,214,214,214,214,215,216,216,216,217,217,217,217,218,218,219,219,220,220,220,220,220,220,221,220,220,220,221,221,222,222,222,222,222,222,223,223,223,223,223,223,223,223,223,222,222,222,221,221,220,220,219,218,216,215,209,185,140,49,40,53,60,68,75,75,72,69,77,78,75,75,74,69,71,71,69,73,76,78,79,73,69,76,86,88,83,84,76,75,75,67,64,62,62,55,48,56,62,55,55,64,47,31,30,28,46,55,73,97,98,96,90,81,84,86,90,94,96,98,94,90,79,69,64,61,59,63,63,69,74,83,85,86,81,78,88,112,117,106,97,93,91,90,87,91,84,76,83,69,47,53,64,66,72,111,93,91,125,138,130,134,164,186,192,199,198,182,153,152,189,202,183,184,182,178,170,170,173,177,179,180,181,183,187,192,194,195,195,193,182,171,162,153,150,148,152
0,0,134,213,214,214,215,215,215,215,216,217,217,217,217,218,218,218,218,219,219,220,219,220,220,220,220,221,221,221,221,221,222,222,222,222,222,222,222,223,223,223,223,223,223,223,223,223,222,222,222,222,222,221,220,219,219,217,216,215,214,193,132,70,39,45,59,69,72,73,74,75,74,76,77,76,71,71,69,68,71,76,79,80,71,64,67,79,84,79,78,74,73,68,66,64,58,61,53,48,54,60,55,32,57,48,37,33,37,56,70,88,94,90,82,80,82,81,75,79,83,85,87,83,76,71,63,62,68,63,61,67,74,79,88,86,88,83,81,99,122,113,98,93,92,90,88,85,83,81,74,81,79,66,58,70,59,72,114,115,128,139,154,136,81,144,180,190,198,201,195,160,149,185,205,194,176,175,183,172,171,176,178,176,178,179,180,184,191,194,196,196,193,190,175,165,157,152,150,150
0,0,28,212,214,214,215,215,215,215,217,216,216,217,217,217,218,218,218,219,219,219,219,220,221,220,221,220,221,221,221,221,222,222,222,222,222,222,222,222,223,223,223,223,223,223,223,223,222,222,222,222,222,221,221,220,219,218,217,216,215,212,194,117,50,39,49,62,68,70,71,71,73,75,75,75,73,73,70,72,71,74,77,77,71,68,63,73,77,76,69,67,65,57,57,56,56,59,57,55,57,60,48,27,32,44,40,35,42,68,84,92,87,82,82,80,81,80,73,70,73,76,74,69,67,64,57,56,62,65,71,77,81,86,93,93,91,88,92,113,118,102,90,86,86,87,89,85,79,73,75,82,66,61,71,89,101,109,109,114,111,135,132,103,83,108,175,185,197,203,198,168,147,175,209,204,178,173,176,174,173,178,180,174,175,176,177,182,185,194,195,197,195,192,181,169,162,154,152,149
0,0,0,106,214,215,215,216,216,216,216,216,217,217,218,218,218,219,219,219,219,219,220,220,221,221,221,221,220,221,221,221,222,222,222,222,222,222,223,223,223,222,223,223,223,223,223,223,222,222,222,222,221,221,221,220,220,219,218,216,215,212,210,172,123,81,39,61,61,64,68,72,72,70,69,74,75,76,76,76,73,73,73,73,74,70,66,69,71,70,64,62,56,47,44,48,59,64,56,54,55,58,55,32,25,42,39,42,58,78,88,82,85,87,87,85,81,77,72,67,66,67,64,59,63,62,57,60,66,69,75,83,92,89,94,94,93,95,106,124,110,87,82,80,86,91,86,79,76,67,70,84,82,67,68,107,115,124,106,96,98,126,134,109,71,103,164,184,194,206,203,177,142,161,198,209,189,175,173,172,171,175,178,177,176,174,173,180,182,190,195,197,197,196,187,174,166,159,154,152
0,0,0,0,185,215,215,215,216,216,217,217,217,218,218,218,218,218,219,219,219,219,220,220,221,220,221,221,220,220,221,221,221,222,222,222,222,222,223,222,223,222,223,223,223,223,223,223,222,222,222,222,221,221,221,220,220,220,219,217,216,215,214,214,190,144,83,57,59,56,59,67,68,66,67,68,71,74,76,73,70,68,71,75,75,74,74,67,64,59,61,59,53,45,38,42,59,64,48,43,57,53,60,39,26,35,39,52,76,92,89,85,87,90,88,88,83,77,69,62,57,57,68,63,61,56,60,64,71,77,81,86,94,94,96,97,95,102,112,112,97,85,77,80,83,82,81,76,76,75,75,103,88,78,74,83,95,107,113,109,86,116,124,103,69,82,164,180,192,207,207,184,151,158,186,216,196,181,175,173,170,172,177,179,179,176,174,174,178,186,192,195,197,196,192,181,170,163,157,153
0,0,0,0,78,214,215,215,216,216,217,217,217,217,218,218,218,218,218,219,220,219,220,220,221,221,221,221,220,222,221,221,221,222,222,222,222,222,222,222,222,222,222,223,223,223,223,223,223,222,222,222,221,221,221,220,220,219,219,218,217,216,215,214,207,178,147,74,66,54,49,52,54,63,68,63,64,68,71,70,65,68,71,69,68,73,79,65,55,58,60,57,53,45,42,41,57,61,48,45,56,64,58,49,31,44,46,65,87,90,86,84,87,89,88,85,79,71,62,51,51,65,75,70,61,62,69,75,78,87,93,94,96,104,102,105,105,111,112,97,85,74,71,79,78,77,80,82,72,84,75,78,79,87,85,61,70,104,125,117,98,111,112,96,70,71,147,181,190,204,208,192,148,152,177,205,208,186,178,175,169,168,173,178,180,181,177,173,176,182,187,191,195,196,197,189,176,167,162,157
0,0,0,0,0,156,215,215,215,216,217,217,217,218,218,218,218,219,218,219,219,219,220,220,220,221,221,221,221,222,222,221,222,223,222,222,222,222,222,222,222,222,222,223,223,223,223,223,223,222,222,222,221,221,221,220,220,219,219,219,218,217,216,214,213,205,191,146,94,60,44,40,34,49,60,62,63,66,66,71,65,65,66,62,59,62,75,63,52,59,60,52,57,46,43,42,58,66,52,40,38,45,60,55,46,48,59,79,94,86,83,83,85,86,83,77,71,63,57,50,48,62,70,68,67,69,75,84,89,92,102,103,104,108,109,108,108,111,101,79,72,67,70,77,74,69,78,78,71,70,68,76,83,83,95,72,71,102,131,131,91,115,112,96,72,73,141,182,190,202,209,193,156,145,160,194,213,197,184,178,171,166,166,175,179,182,179,173,174,180,184,187,191,195,198,195,184,172,165,159
0,0,0,0,0,49,215,215,216,216,217,217,217,218,218,218,219,219,219,219,220,220,220,221,220,221,221,221,221,222,222,222,222,222,222,222,222,222,222,222,223,223,223,222,222,223,223,222,222,222,222,221,221,221,220,220,220,219,219,219,218,217,216,215,215,212,206,192,142,86,49,34,32,31,45,56,57,63,69,67,68,62,62,58,55,59,63,57,54,53,55,55,59,46,43,42,48,59,51,40,39,38,43,54,40,55,73,88,91,84,82,80,79,79,74,67,60,59,66,62,54,57,61,71,79,75,76,84,96,101,106,108,109,109,112,110,111,100,82,72,76,67,73,75,76,69,67,79,87,68,55,60,63,66,73,83,106,123,139,141,134,102,79,90,70,63,133,179,189,199,206,204,156,148,160,180,203,209,191,181,174,167,164,169,178,181,179,173,173,179,182,184,188,192,200,200,191,178,167,162
0,0,0,0,0,0,128,215,216,216,217,217,217,218,218,218,218,219,218,219,220,220,220,221,220,221,221,221,221,222,222,222,222,222,222,222,222,222,222,222,222,223,222,222,222,223,223,222,222,222,222,221,221,221,220,220,220,220,219,219,218,218,217,216,215,214,210,204,190,149,53,33,45,35,35,45,55,56,49,56,63,63,56,55,55,61,64,57,54,51,50,55,40,52,58,50,53,57,64,45,52,36,45,50,46,60,84,91,83,79,76,74,74,75,65,58,59,57,61,61,53,61,70,81,89,79,75,83,95,106,109,112,109,109,110,105,96,86,73,63,76,74,73,73,68,69,69,78,77,70,50,51,71,61,72,84,114,139,148,134,154,103,77,78,71,65,127,182,187,197,206,200,167,145,155,169,195,209,199,185,177,170,163,164,172,178,179,176,175,178,182,181,182,188,196,200,196,184,171,166
0,0,0,0,0,0,20,206,216,216,217,217,218,217,219,219,219,219,219,219,219,220,220,221,220,221,221,221,221,221,222,222,222,222,222,222,221,222,222,222,222,222,222,222,222,223,222,222,222,221,221,221,221,221,220,220,220,220,219,219,219,218,217,217,216,215,214,212,202,193,129,68,33,34,23,34,40,48,50,47,51,64,59,60,62,62,59,56,56,52,49,60,43,53,75,54,45,58,61,50,53,38,34,46,47,63,82,88,84,79,73,69,66,68,57,49,53,61,61,55,63,72,80,88,92,90,82,87,98,107,115,116,111,105,101,95,83,72,58,54,63,68,74,75,70,69,73,74,72,75,73,67,85,93,89,100,129,138,140,138,149,125,86,78,65,57,126,179,189,196,206,205,167,150,156,164,182,206,210,196,181,173,167,164,166,171,180,176,176,177,179,180,179,187,193,198,199,192,180,169
0,0,0,0,0,0,0,99,216,216,216,217,218,218,218,218,218,219,219,220,219,220,220,220,221,221,221,221,221,221,222,222,222,222,222,222,222,222,222,222,222,222,222,222,222,222,222,222,222,221,221,221,221,221,220,221,219,220,219,219,219,219,218,217,217,216,214,213,209,205,196,137,62,34,29,26,22,30,49,42,49,57,60,61,65,55,57,59,58,53,68,75,50,44,71,53,45,61,70,56,47,32,28,40,52,59,82,87,80,75,72,68,64,56,49,37,58,69,67,66,73,76,86,92,94,97,94,94,102,111,109,110,102,95,91,81,68,64,56,60,68,73,76,75,75,73,74,74,69,62,64,60,79,120,115,119,128,127,136,154,143,123,86,75,63,60,127,186,190,197,205,202,171,147,158,158,170,196,208,204,189,175,169,166,166,168,174,176,177,177,174,178,177,184,189,193,198,199,188,174
0,0,0,0,0,0,0,0,178,216,217,217,218,217,219,219,219,220,219,220,219,219,220,220,221,221,221,221,221,221,221,222,222,222,222,222,222,222,222,222,222,222,222,222,222,222,222,222,221,221,221,221,221,221,221,220,220,220,220,219,219,219,218,218,217,216,215,213,212,212,208,186,134,45,30,22,20,25,39,51,54,55,56,51,60,63,59,59,58,41,79,68,53,52,57,49,42,51,73,69,54,31,26,39,63,62,81,84,77,71,66,65,57,39,44,46,64,82,73,80,81,83,89,95,97,100,105,101,109,112,103,96,91,89,74,58,55,54,63,70,70,67,73,73,75,76,78,72,65,55,65,72,85,95,124,118,120,80,123,145,136,108,79,71,58,49,131,182,190,197,205,206,169,152,157,159,165,180,209,211,197,182,172,168,166,166,170,174,177,177,173,172,174,183,187,192,196,198,193,180
0,0,0,0,0,0,0,0,70,216,217,217,218,218,219,219,219,219,219,220,220,220,220,220,221,221,221,221,221,221,222,222,222,221,221,222,222,222,222,222,222,222,222,222,222,222,221,221,221,221,221,221,221,221,221,220,221,221,220,220,219,219,219,218,217,217,216,215,214,213,212,210,188,119,61,34,20,22,28,39,50,53,51,47,56,68,56,57,55,50,60,81,62,56,65,55,50,60,62,69,67,37,31,46,65,73,78,82,71,60,52,46,44,45,49,53,67,79,79,78,83,83,92,95,98,105,113,116,107,106,95,86,74,55,51,52,53,56,68,63,65,67,71,71,76,84,85,73,63,60,72,90,112,88,111,120,118,113,122,142,129,106,80,70,55,60,139,185,190,201,206,199,169,147,157,160,164,173,196,211,207,191,176,171,169,167,167,170,175,179,173,169,170,176,183,190,193,199,199,188
0,0,0,0,0,0,0,0,0,150,217,217,217,218,218,218,219,219,219,220,220,220,221,220,221,221,221,221,221,221,222,222,222,222,222,222,222,222,222,223,222,222,222,222,222,222,221,222,222,221,222,221,221,221,221,220,220,221,220,220,219,219,219,219,218,218,217,216,215,214,213,212,205,186,114,49,25,33,31,28,42,51,49,57,64,68,55,42,46,51,48,61,56,63,75,57,44,52,49,59,58,37,35,51,68,73,76,69,55,43,39,47,40,51,56,58,64,72,76,79,85,85,94,99,99,103,110,110,99,91,81,66,56,53,48,59,59,61,63,64,68,74,75,70,75,84,89,84,73,69,75,88,104,106,94,93,113,114,118,132,128,102,80,69,47,66,149,183,192,203,206,201,163,151,157,161,167,173,183,209,212,200,184,175,172,167,165,166,172,176,173,166,166,171,179,187,190,194,198,196
0,0,0,0,0,0,0,0,0,42,217,218,217,218,218,219,219,219,219,219,219,220,220,220,221,221,221,221,222,222,222,222,222,222,223,222,222,222,222,222,222,221,222,222,222,222,222,222,222,221,221,221,221,221,221,220,221,220,220,220,220,219,219,219,218,218,217,217,216,215,214,213,211,206,180,118,40,36,36,27,31,40,44,52,63,69,52,41,42,47,55,56,46,46,63,52,41,44,43,43,57,39,41,54,66,64,62,51,35,31,35,38,41,48,58,59,61,72,75,79,85,87,92,101,105,102,99,93,83,75,63,57,56,58,59,62,70,67,69,70,76,80,80,73,78,77,77,83,78,79,75,64,77,108,115,99,112,119,124,126,152,97,72,62,45,78,166,186,194,205,208,196,164,150,154,161,169,172,179,198,213,210,192,179,175,170,166,166,170,172,174,166,163,167,176,184,187,191,196,199
0,0,0,0,0,0,0,0,0,0,121,217,218,218,218,219,219,219,219,219,220,220,220,220,221,221,221,221,222,221,222,222,222,222,222,222,222,222,222,222,222,222,222,222,222,222,222,222,221,222,221,221,221,221,221,220,220,220,221,220,219,219,219,219,219,218,218,217,217,216,214,214,212,209,207,185,116,64,38,36,23,34,39,45,49,54,56,49,46,45,49,48,53,46,53,72,42,45,42,40,30,35,37,52,60,53,42,35,26,29,31,39,48,52,59,62,66,73,80,80,87,88,92,96,98,97,91,84,69,58,44,52,62,66,73,69,74,73,73,74,78,80,79,76,78,81,83,78,84,81,91,75,77,96,114,108,104,114,128,133,130,96,67,58,44,97,171,189,196,205,209,194,158,152,154,160,168,172,177,191,212,214,201,187,178,175,167,166,165,169,172,168,162,162,170,180,184,188,194,199
0,0,0,0,0,0,0,0,0,0,13,200,218,218,218,218,219,219,219,220,220,220,220,220,220,221,221,221,222,222,222,222,222,222,222,222,222,222,222,222,222,222,222,222,222,222,222,221,221,222,221,221,221,221,221,221,220,220,220,220,219,220,219,219,218,218,218,218,217,217,215,214,212,211,209,202,177,116,40,41,28,31,36,39,30,33,46,49,53,51,51,51,56,32,44,72,66,54,49,45,29,38,42,54,55,44,35,37,40,43,50,56,63,64,64,67,74,78,82,83,85,87,88,88,87,87,83,69,49,51,56,62,65,70,74,77,74,76,73,76,78,81,80,84,92,84,69,67,79,82,88,93,78,89,99,101,96,103,128,143,132,92,71,52,47,115,180,193,196,207,209,188,160,153,157,160,167,172,177,186,201,215,213,196,184,178,171,167,166,166,169,167,162,161,166,174,178,182,190,197
0,0,0,0,0,0,0,0,0,0,0,92,217,218,218,218,219,219,219,219,219,220,220,220,221,221,221,222,222,222,222,222,222,222,222,222,222,223,222,222,222,222,222,222,222,222,221,221,221,221,221,221,221,221,221,220,220,220,219,219,219,219,219,219,218,218,218,218,218,217,216,214,213,211,209,205,201,169,119,62,35,36,25,32,36,32,32,40,49,48,49,58,58,42,44,57,75,53,52,42,31,32,46,56,49,40,42,49,54,58,65,71,73,73,74,78,80,84,83,84,83,83,85,83,80,74,66,53,51,57,62,67,73,73,77,78,77,79,82,79,84,87,91,94,89,81,69,62,69,81,91,86,85,92,89,89,90,88,123,134,125,103,75,47,50,144,183,192,199,209,209,185,156,158,159,161,167,172,176,180,198,211,214,207,192,181,174,169,165,165,167,167,164,160,162,169,172,177,186,195
0,0,0,0,0,0,0,0,0,0,0,0,171,218,218,218,219,219,219,220,220,220,220,220,221,221,221,222,222,222,222,222,221,222,222,222,222,222,222,222,223,222,222,222,222,222,221,221,221,222,221,221,221,221,221,220,220,220,220,219,219,219,219,219,218,218,218,218,218,217,215,215,213,211,209,207,204,201,186,122,68,40,27,30,44,34,29,31,39,41,41,46,51,41,50,60,69,70,58,51,38,32,40,46,41,38,47,53,60,62,70,75,76,75,74,83,81,83,84,84,80,79,80,74,64,49,57,63,62,66,71,77,80,78,81,82,86,88,90,84,85,89,91,89,80,82,64,54,61,67,69,81,79,82,84,108,103,100,111,131,119,86,67,45,75,164,187,194,201,211,205,182,160,166,161,159,164,169,173,178,191,204,213,214,200,187,179,171,167,165,165,167,165,162,161,163,168,171,181,189
0,0,0,0,0,0,0,0,0,0,0,0,63,217,218,218,219,219,219,220,220,220,220,221,221,221,221,221,222,221,221,221,221,221,222,221,222,222,222,223,223,223,222,222,222,222,221,221,221,221,221,221,221,220,221,220,220,220,219,219,219,219,219,218,218,218,218,218,217,216,215,214,213,210,209,206,204,202,193,168,134,81,37,36,44,35,30,32,28,32,40,48,45,50,67,54,66,58,53,46,41,35,32,32,37,38,48,57,61,66,70,71,75,74,71,76,79,79,76,72,71,66,71,64,58,57,59,65,69,75,78,80,81,85,82,87,90,88,84,84,78,86,84,81,70,60,54,50,56,79,70,68,83,87,74,77,100,104,118,112,95,77,53,38,99,178,191,198,205,211,203,178,160,167,162,161,163,165,172,175,185,195,205,214,211,195,184,177,171,168,166,167,166,162,160,163,166,169,174,180
0,0,0,0,0,0,0,0,0,0,0,0,0,142,218,218,218,219,219,220,220,220,220,220,221,221,221,221,222,221,221,221,222,222,222,222,222,222,222,222,222,223,222,222,222,221,221,222,222,221,221,221,221,221,220,221,220,220,219,219,219,218,218,218,219,218,218,218,216,215,215,214,212,210,209,206,204,201,197,193,178,132,80,47,50,37,36,37,30,34,42,44,38,22,72,62,65,56,48,48,45,31,33,38,37,41,48,48,54,61,67,70,70,69,67,67,68,69,66,60,60,69,73,67,65,70,72,74,73,74,78,82,81,83,80,81,83,84,77,69,64,66,69,70,68,60,50,49,56,74,86,75,95,83,85,92,95,107,126,110,67,63,45,50,130,187,195,203,208,210,199,172,163,171,164,162,164,164,168,172,178,187,197,212,215,204,191,181,173,170,166,166,165,164,161,160,162,164,168,175
0,0,0,0,0,0,0,0,0,0,0,0,0,34,218,218,218,219,219,219,220,220,220,221,221,221,221,221,221,222,222,222,222,222,222,222,223,223,222,222,222,222,222,222,222,222,222,222,222,221,221,221,221,220,220,220,220,220,219,219,219,219,219,219,218,218,218,217,216,215,214,213,212,211,208,206,203,200,196,193,187,178,135,68,50,47,46,41,34,28,35,41,38,32,45,79,74,61,41,43,48,41,36,44,37,35,43,43,47,56,64,69,69,67,66,66,66,65,64,64,61,68,69,67,69,75,75,75,73,73,75,78,81,81,81,77,78,72,70,64,55,55,53,59,65,59,55,60,63,63,80,79,98,103,96,106,83,97,110,92,64,49,40,77,173,194,199,204,210,211,200,165,169,173,167,165,164,165,166,172,175,181,190,203,214,212,199,186,175,171,168,166,165,165,162,161,161,163,166,169
0,0,0,0,0,0,0,0,0,0,0,0,0,0,114,218,218,219,219,220,220,220,220,220,220,221,221,221,222,222,222,222,222,222,222,222,222,222,223,222,222,222,222,222,222,222,221,222,222,221,221,221,221,220,220,220,220,220,219,219,219,219,219,219,218,217,216,216,215,214,214,213,211,209,207,204,201,198,196,193,188,184,165,117,69,60,58,42,32,34,34,36,37,36,39,61,65,61,58,38,48,33,30,40,37,37,43,43,44,52,59,63,65,66,66,67,68,69,70,72,72,67,65,68,73,75,75,72,68,72,75,74,71,74,76,73,63,64,62,56,56,54,45,47,49,49,49,66,81,73,66,73,84,99,108,106,98,121,109,68,60,44,36,120,192,198,202,206,212,212,195,169,175,176,171,167,164,165,166,169,173,178,182,194,209,213,206,194,181,175,171,167,166,165,163,162,161,161,163,164
0,0,0,0,0,0,0,0,0,0,0,0,0,0,5,194,218,219,219,220,220,220,220,220,221,221,222,222,222,221,222,222,222,222,222,222,223,222,222,223,222,222,221,222,222,223,222,222,222,221,221,221,221,220,220,220,220,220,219,219,219,219,219,219,218,217,216,215,214,214,213,212,211,208,205,202,200,196,192,191,188,182,182,159,119,87,66,38,33,41,26,30,40,46,48,58,37,33,50,43,38,33,36,37,34,41,52,46,39,44,54,57,61,63,64,65,67,68,73,78,75,68,66,69,72,74,73,73,76,74,73,73,76,74,77,73,70,66,62,53,57,58,47,50,62,58,47,71,71,77,79,76,70,78,104,131,143,127,82,58,48,40,66,164,196,199,202,208,214,212,190,165,178,177,171,168,168,166,164,166,170,174,180,189,200,213,213,201,187,178,173,170,168,166,165,163,161,160,161,163
0,0,0,0,0,0,0,0,0,0,0,0,0,0,0,85,219,219,219,220,220,219,219,220,221,221,222,222,222,222,222,222,222,222,222,222,222,222,222,222,222,222,221,221,222,222,222,221,221,221,221,221,221,221,220,220,220,220,219,219,219,219,218,218,218,216,215,215,214,213,214,211,208,206,203,200,197,194,191,188,186,180,177,174,161,123,82,43,32,32,27,34,51,58,50,58,53,30,32,44,58,42,34,31,37,45,44,38,33,39,47,52,58,61,57,60,62,62,69,75,73,68,63,68,73,73,73,72,69,74,67,67,70,74,76,74,66,64,66,57,57,60,52,54,80,77,61,75,74,79,80,77,84,83,106,130,136,113,79,51,42,48,125,191,198,200,207,212,214,209,179,173,182,179,173,169,169,167,165,166,167,171,177,183,193,206,212,208,194,182,175,172,170,167,165,163,162,161,161,162
0,0,0,0,0,0,0,0,0,0,0,0,0,0,0,0,165,219,219,219,219,219,220,221,221,221,221,222,222,222,223,223,222,221,222,222,222,222,222,221,222,222,221,221,221,221,222,222,222,221,221,221,221,220,220,220,220,220,219,219,219,219,219,219,217,216,215,214,213,213,211,208,206,204,201,198,195,191,188,185,183,179,175,172,167,149,109,52,43,43,26,39,47,51,51,45,61,28,32,40,56,51,45,44,40,39,44,42,26,26,40,47,53,56,56,58,63,63,65,70,71,68,62,65,71,74,72,67,66,70,65,63,62,66,82,75,66,67,60,54,63,85,65,58,71,78,66,68,68,94,90,79,80,76,102,133,128,101,76,52,36,69,164,200,200,204,210,214,214,202,171,183,184,180,176,173,169,169,165,165,168,171,175,180,187,197,209,213,202,189,179,175,173,169,166,163,162,161,160,160
0,0,0,0,0,0,0,0,0,0,0,0,0,0,0,0,55,218,219,219,219,220,220,220,221,221,221,221,222,223,222,223,222,221,222,222,222,221,222,221,222,222,222,222,221,222,222,221,222,221,221,221,221,221,220,220,220,220,219,219,219,218,218,217,216,215,214,213,213,211,209,205,204,202,199,196,193,189,186,182,180,177,173,169,166,162,112,57,58,54,29,37,32,43,49,35,51,43,35,40,55,37,49,41,43,48,56,55,28,37,45,53,48,50,59,64,62,59,61,62,66,67,60,64,69,74,70,67,63,67,58,63,66,73,76,61,62,57,55,53,53,75,88,56,52,76,60,61,72,93,89,67,83,73,101,127,103,82,68,49,54,145,192,200,203,207,210,216,214,190,172,187,187,181,179,175,169,168,166,166,168,171,175,178,183,189,200,208,210,199,184,180,176,171,168,164,162,159,161,162
0,0,0,0,0,0,0,0,0,0,0,0,0,0,0,0,0,136,219,219,220,221,220,221,221,221,221,221,221,222,221,222,222,222,222,222,221,221,221,222,222,222,222,222,221,222,221,221,221,221,221,221,220,220,220,219,219,219,219,219,218,218,217,216,215,214,214,212,212,209,207,204,202,199,197,194,190,186,183,180,177,175,169,164,160,147,94,74,81,81,27,39,35,49,52,50,65,44,41,52,54,43,45,59,60,73,77,71,60,54,39,39,40,44,56,63,58,49,53,57,65,62,59,59,66,71,63,74,65,68,64,64,64,73,82,59,59,54,52,56,50,45,90,66,54,63,64,70,82,94,75,60,70,66,86,101,71,59,54,42,97,182,203,206,207,210,212,215,208,177,174,190,188,184,179,174,170,169,167,165,166,168,173,175,180,184,193,203,210,206,193,181,178,175,171,167,164,161,161,163
0,0,0,0,0,0,0,0,0,0,0,0,0,0,0,0,0,26,216,219,220,220,220,221,221,221,221,222,222,222,222,222,222,222,221,222,221,221,221,221,222,223,222,221,221,221,222,222,221,221,220,221,221,220,219,219,219,219,219,218,218,218,216,215,215,213,212,211,209,208,204,202,199,197,194,191,186,183,181,176,173,168,155,138,146,140,67,76,87,74,55,27,32,57,49,54,60,55,45,52,56,70,61,54,68,97,87,69,82,45,27,34,45,46,61,57,48,45,47,57,68,53,55,60,61,60,61,64,64,62,64,72,69,69,71,66,62,65,55,63,53,48,64,62,59,67,57,71,74,63,56,59,91,84,82,75,56,46,46,92,169,200,206,207,209,212,214,215,201,174,183,195,194,184,179,178,173,171,170,166,165,169,172,174,178,178,184,193,203,211,202,187,181,177,173,169,167,165,126,44
0,0,0,0,0,0,0,0,0,0,0,0,0,0,0,0,0,0,106,219,220,220,220,220,220,221,221,221,221,221,222,222,222,222,222,222,222,221,221,221,222,222,222,221,221,221,221,221,220,220,220,221,221,220,219,219,219,219,219,218,218,217,215,214,214,213,211,210,208,205,202,199,196,194,192,187,183,181,177,173,168,150,130,146,160,126,63,61,72,72,73,50,45,57,46,58,49,73,54,59,66,72,55,47,63,102,84,79,82,44,30,60,68,57,84,82,65,44,46,58,61,55,56,57,55,52,60,59,55,47,54,73,70,70,67,62,66,67,67,64,52,40,56,63,56,73,80,80,61,51,58,88,109,102,91,55,41,36,53,149,205,206,206,210,210,213,215,209,184,180,189,199,198,187,180,178,175,172,171,166,164,168,171,173,174,175,176,185,198,207,207,196,184,178,175,172,153,67,0,0
0,0,0,0,0,0,0,0,0,0,0,0,0,0,0,0,0,0,0,186,220,220,220,220,221,221,221,221,221,221,222,222,222,222,222,222,222,221,221,221,222,221,221,221,221,221,221,220,220,220,220,220,220,220,220,219,219,219,218,218,217,216,215,214,213,212,210,207,204,202,199,195,192,191,188,184,182,177,171,165,150,135,143,159,161,146,56,50,48,59,68,72,64,81,73,66,64,76,73,62,90,93,78,63,80,104,84,89,76,51,71,74,48,59,64,92,74,57,64,69,69,52,43,57,64,58,61,58,44,42,49,71,63,66,67,56,75,70,50,59,57,56,61,65,50,67,78,92,86,74,85,103,125,80,46,41,38,62,139,198,205,206,206,211,211,214,213,197,166,188,194,199,200,189,177,178,177,174,171,168,166,168,172,173,174,174,175,180,188,201,210,203,189,180,176,93,7,0,0,0
0,0,0,0,0,0,0,0,0,0,0,0,0,0,0,0,0,0,0,77,220,220,220,221,221,221,221,221,221,221,221,222,222,222,221,222,221,221,221,221,221,221,222,222,221,221,221,220,220,220,220,220,220,220,220,219,219,219,218,217,216,215,214,213,211,210,208,205,202,199,196,193,191,188,186,180,175,172,167,155,133,129,154,161,162,149,94,39,43,46,57,72,74,82,78,69,65,81,101,76,88,113,105,85,68,99,80,98,92,71,97,76,42,66,91,94,74,68,67,70,82,59,53,61,53,58,56,62,49,47,56,60,68,62,59,48,71,77,55,56,61,83,78,65,62,58,62,78,95,90,87,96,91,57,44,39,33,112,192,211,209,208,211,213,216,215,209,184,179,192,203,203,201,192,184,180,177,174,171,168,167,168,171,172,173,175,176,177,183,194,203,206,199,124,31,0,0,0,0,0
0,0,0,0,0,0,0,0,0,0,0,0,0,0,0,0,0,0,0,0,158,220,220,220,220,221,221,221,221,221,221,222,222,222,221,221,221,221,221,221,221,221,221,221,221,221,221,220,220,220,221,220,220,220,219,219,218,218,217,216,215,214,213,211,210,208,205,202,199,195,193,190,188,185,180,175,172,168,157,144,127,142,158,160,163,165,126,58,40,44,49,62,59,79,104,90,63,65,100,86,76,107,104,97,93,91,92,105,101,89,105,77,45,62,92,103,92,77,70,73,77,62,54,68,55,55,53,57,61,49,73,57,67,67,54,46,72,92,59,63,60,79,78,50,57,45,65,86,88,92,102,95,60,41,36,42,106,188,210,214,213,210,213,214,216,211,188,167,186,194,202,206,204,195,184,180,179,176,170,169,168,168,172,172,173,175,176,176,179,185,195,166,63,0,0,0,0,0,0,0
0,0,0,0,0,0,0,0,0,0,0,0,0,0,0,0,0,0,0,0,48,220,220,220,220,221,221,221,221,221,221,222,222,222,222,221,222,221,221,221,221,221,221,221,221,221,221,221,221,221,220,220,219,219,219,218,217,217,216,215,214,213,212,210,208,206,204,199,196,193,190,186,184,179,176,172,163,154,153,142,125,150,161,163,164,165,149,102,39,41,40,55,58,57,77,91,89,48,92,97,93,92,108,127,118,111,88,85,105,119,115,80,59,80,87,99,94,67,86,84,73,69,68,63,57,62,61,64,52,48,63,65,48,73,60,41,68,72,57,59,49,57,70,48,53,50,62,94,86,79,95,73,50,36,36,76,166,214,213,215,214,215,214,217,217,205,182,182,187,193,200,206,204,195,185,179,178,175,170,169,170,171,171,172,173,176,175,174,176,169,82,0,0,0,0,0,0,0,0,0
0,0,0,0,0,0,0,0,0,0,0,0,0,0,0,0,0,0,0,0,0,128,219,219,220,220,221,220,221,221,221,221,222,222,222,221,222,221,221,221,221,221,221,221,221,221,221,221,221,220,220,219,219,218,218,217,217,216,215,214,214,213,211,209,205,203,201,196,193,190,187,183,179,175,170,162,152,150,156,144,125,142,161,163,164,166,168,147,83,43,38,42,60,56,64,72,92,92,93,106,112,121,117,119,124,123,97,87,95,117,119,98,86,83,89,92,99,72,81,84,82,69,70,77,66,76,70,57,49,48,54,68,48,61,70,62,58,76,61,61,51,47,54,59,63,87,77,78,86,90,72,47,47,27,89,184,210,214,214,216,214,217,217,219,210,183,183,194,184,190,199,205,205,196,184,179,179,177,173,171,170,171,170,172,173,176,176,175,100,13,0,0,0,0,0,0,0,0,0,0
0,0,0,0,0,0,0,0,0,0,0,0,0,0,0,0,0,0,0,0,0,18,209,219,219,220,220,220,220,221,221,221,221,221,221,222,222,222,221,221,221,221,221,221,221,221,220,220,220,220,219,219,219,218,218,217,216,215,215,214,213,212,210,206,203,201,198,193,190,187,183,178,174,171,160,147,143,150,153,145,132,131,159,164,164,166,168,165,146,70,45,36,50,58,59,59,78,88,97,114,114,119,121,128,126,109,95,91,95,113,127,82,80,81,96,92,89,97,75,58,94,70,64,75,82,82,71,75,61,58,69,69,68,54,72,77,68,76,72,76,70,51,56,82,86,91,96,89,81,78,59,46,58,107,170,209,215,215,215,217,217,219,219,217,200,192,198,191,184,186,196,203,206,198,188,184,180,176,175,173,172,173,172,172,173,176,123,37,0,0,0,0,0,0,0,0,0,0,0,0
0,0,0,0,0,0,0,0,0,0,0,0,0,0,0,0,0,0,0,0,0,0,99,219,219,219,220,220,220,220,220,220,220,221,221,221,221,221,221,221,220,220,221,221,221,221,220,219,219,219,219,219,219,218,217,216,215,214,214,213,211,210,207,204,201,198,194,191,186,182,179,177,170,159,147,142,141,147,153,148,134,132,151,166,165,166,168,170,166,134,91,41,40,56,58,56,60,62,67,72,63,79,91,96,115,133,124,119,123,115,124,108,91,95,106,101,86,85,61,59,86,101,94,71,92,81,74,83,85,70,87,60,60,58,60,72,70,49,53,67,63,58,70,98,93,82,82,68,61,55,57,60,101,177,213,216,216,216,218,217,218,220,216,195,180,200,207,188,182,185,192,200,204,199,189,183,181,178,176,175,171,172,171,172,146,60,0,0,0,0,0,0,0,0,0,0,0,0,0,0
0,0,0,0,0,0,0,0,0,0,0,0,0,0,0,0,0,0,0,0,0,0,0,179,219,219,219,219,220,220,220,220,221,221,221,221,221,221,221,220,220,220,220,220,220,220,219,219,219,219,219,218,218,217,216,215,214,213,213,211,208,207,203,200,197,195,191,187,183,180,176,171,162,157,150,144,143,147,151,150,143,125,143,163,168,168,169,170,170,170,156,94,58,43,53,59,57,55,55,56,60,62,63,57,62,118,130,123,119,125,127,130,122,122,121,101,92,84,88,60,76,98,100,84,90,86,90,98,93,86,70,76,81,63,38,72,55,51,51,68,75,62,94,108,113,94,75,55,29,37,53,128,198,210,218,216,215,217,221,218,216,215,206,188,203,213,210,190,181,184,187,196,201,200,191,185,183,181,178,178,173,172,168,82,0,0,0,0,0,0,0,0,0,0,0,0,0,0,0,0
0,0,0,0,0,0,0,0,0,0,0,0,0,0,0,0,0,0,0,0,0,0,0,69,219,219,219,219,220,220,220,220,220,220,221,221,221,221,220,220,220,220,220,220,219,219,219,218,218,218,218,218,217,216,215,215,213,213,211,208,206,204,202,198,195,192,188,183,178,178,174,164,158,158,155,148,146,148,152,152,149,136,135,149,170,170,170,171,172,173,171,155,126,54,50,54,58,59,59,56,55,57,46,52,74,87,91,96,109,117,123,117,113,109,107,88,107,92,88,82,89,98,85,89,97,92,101,108,110,97,107,98,99,85,78,79,63,70,69,71,59,59,72,94,99,85,50,47,45,96,170,199,205,210,217,216,216,219,220,217,219,199,179,191,212,218,210,188,181,182,183,191,200,203,199,189,185,185,181,177,175,105,19,0,0,0,0,0,0,0,0,0,0,0,0,0,0,0,0,0
0,0,0,0,0,0,0,0,0,0,0,0,0,0,0,0,0,0,0,0,0,0,0,0,149,219,219,218,219,220,220,220,220,220,221,221,220,220,220,220,220,220,219,219,219,219,219,218,218,218,217,217,216,215,215,214,213,212,209,207,205,201,197,195,192,188,184,180,176,173,163,155,153,154,154,148,146,149,151,152,152,148,134,135,157,172,172,173,175,176,175,171,165,132,93,53,52,57,59,58,57,56,52,54,60,71,69,67,74,76,104,79,84,84,86,76,87,109,101,90,113,110,92,96,110,98,92,98,112,96,93,83,109,98,115,106,88,75,74,66,67,63,70,82,83,73,56,85,151,184,196,208,209,209,215,218,214,220,220,212,198,184,192,209,219,218,208,191,182,179,180,187,198,203,202,195,190,188,183,132,43,0,0,0,0,0,0,0,0,0,0,0,0,0,0,0,0,0,0,0
0,0,0,0,0,0,0,0,0,0,0,0,0,0,0,0,0,0,0,0,0,0,0,0,40,219,219,219,219,220,220,220,220,220,220,220,220,220,220,219,219,220,219,219,219,218,219,218,217,217,217,216,215,215,214,213,212,210,207,205,201,197,194,192,188,184,181,177,172,165,155,150,149,149,150,148,146,147,150,151,154,153,146,138,134,169,174,177,178,178,177,175,176,176,160,116,84,55,53,59,58,57,56,58,56,61,70,71,72,66,65,55,69,57,69,67,76,95,93,88,92,91,109,103,119,125,118,91,83,96,96,76,112,113,117,109,80,91,92,79,83,89,76,69,82,111,140,185,195,202,200,206,209,209,216,217,214,216,214,199,183,187,207,219,221,219,205,190,179,176,180,188,197,202,203,194,188,163,70,0,0,0,0,0,0,0,0,0,0,0,0,0,0,0,0,0,0,0,0,0
0,0,0,0,0,0,0,0,0,0,0,0,0,0,0,0,0,0,0,0,0,0,0,0,0,120,219,219,219,220,220,220,220,220,220,220,220,220,220,219,219,219,219,219,219,218,218,218,217,216,216,215,214,214,213,212,210,209,205,202,198,194,191,188,184,180,177,172,162,153,151,149,148,148,149,148,146,147,148,151,154,158,155,148,135,146,164,178,180,181,180,178,177,177,177,174,160,110,76,56,52,54,55,55,53,67,61,57,60,61,56,57,72,40,59,82,85,93,84,60,87,103,106,99,108,132,136,116,105,109,99,96,84,101,93,68,72,81,75,59,52,75,99,110,143,194,194,199,199,204,201,205,209,208,210,216,210,209,192,171,191,211,216,219,222,218,203,189,180,177,181,188,195,200,201,194,97,2,0,0,0,0,0,0,0,0,0,0,0,0,0,0,0,0,0,0,0,0,0,0
0,0,0,0,0,0,0,0,0,0,0,0,0,0,0,0,0,0,0,0,0,0,0,0,0,11,200,219,219,219,220,220,219,220,220,220,220,220,219,219,219,219,219,219,219,218,218,217,217,216,215,214,213,212,210,210,206,204,202,199,195,191,187,184,180,176,171,161,153,149,150,148,148,148,149,148,147,146,146,149,155,161,161,156,151,138,142,167,179,183,183,181,180,179,179,180,180,173,152,117,71,55,55,51,50,50,49,47,49,46,48,57,63,45,58,68,76,81,80,86,103,109,106,89,84,97,110,109,111,104,93,87,62,74,80,85,80,79,69,61,83,134,151,176,193,203,202,203,201,201,204,204,210,211,208,212,198,176,180,199,212,218,220,222,222,216,203,189,181,181,183,185,192,198,130,29,0,0,0,0,0,0,0,0,0,0,0,0,0,0,0,0,0,0,0,0,0,0,0,0
0,0,0,0,0,0,0,0,0,0,0,0,0,0,0,0,0,0,0,0,0,0,0,0,0,0,91,218,219,219,220,220,220,220,220,220,219,220,219,219,220,219,219,218,219,217,217,216,216,215,214,213,213,211,209,207,204,201,199,195,191,188,184,180,177,174,165,153,148,147,147,148,150,150,150,149,147,146,145,148,153,160,164,163,161,154,145,142,163,182,184,184,184,183,182,182,183,183,183,176,155,128,93,64,55,53,53,51,49,47,47,52,67,60,59,56,60,62,73,66,88,66,73,83,87,56,89,84,85,91,79,74,54,60,74,77,86,98,114,155,175,184,195,193,198,202,204,205,205,204,209,208,209,212,206,187,182,186,199,210,216,218,221,222,221,215,203,189,183,182,183,184,150,55,0,0,0,0,0,0,0,0,0,0,0,0,0,0,0,0,0,0,0,0,0,0,0,0,0,0
0,0,0,0,0,0,0,0,0,0,0,0,0,0,0,0,0,0,0,0,0,0,0,0,0,0,0,170,219,219,219,218,219,219,219,220,219,219,219,219,220,219,218,217,217,217,216,215,215,214,214,213,212,210,207,204,201,199,197,193,188,184,181,177,172,163,152,149,146,144,145,148,151,153,152,150,148,146,144,146,150,156,163,168,168,167,162,146,145,157,177,184,186,187,186,185,183,182,183,185,187,181,172,145,123,102,75,63,55,53,52,52,60,60,53,53,52,52,52,59,62,54,53,59,85,59,70,71,67,70,87,74,59,75,79,124,146,160,190,197,196,197,197,197,198,203,205,207,209,208,209,210,206,196,188,180,185,201,210,215,214,217,221,222,219,212,198,188,183,182,168,76,0,0,0,0,0,0,0,0,0,0,0,0,0,0,0,0,0,0,0,0,0,0,0,0,0,0,0,0
0,0,0,0,0,0,0,0,0,0,0,0,0,0,0,0,0,0,0,0,0,0,0,0,0,0,0,61,218,218,219,218,219,219,219,219,219,219,219,219,218,218,216,217,216,216,214,214,214,213,213,211,209,207,205,201,198,196,193,188,184,180,176,172,164,156,153,150,144,141,143,147,151,153,153,152,151,148,144,144,148,153,159,166,168,170,169,162,151,136,150,171,184,188,189,189,188,185,185,185,185,185,184,183,182,173,163,136,117,98,77,72,55,60,53,59,52,55,55,56,58,58,54,62,61,55,46,73,50,81,85,113,140,144,181,184,195,198,200,201,200,203,204,201,201,204,209,206,208,211,207,198,189,182,177,191,207,210,211,216,218,219,220,222,216,209,197,190,187,100,9,0,0,0,0,0,0,0,0,0,0,0,0,0,0,0,0,0,0,0,0,0,0,0,0,0,0,0,0,0
0,0,0,0,0,0,0,0,0,0,0,0,0,0,0,0,0,0,0,0,0,0,0,0,0,0,0,0,141,218,218,218,218,219,219,219,219,218,217,218,217,217,216,216,216,215,214,214,212,211,210,209,207,205,202,199,196,193,190,186,181,177,171,165,156,153,154,154,147,139,138,143,149,152,153,153,152,151,146,145,147,151,155,160,165,168,174,172,165,153,147,144,165,184,188,190,190,190,190,189,187,187,186,186,185,185,185,184,179,171,162,148,143,129,129,112,115,105,108,103,111,105,112,105,126,116,134,135,155,163,174,184,187,193,195,198,198,198,199,203,202,204,206,208,206,202,210,207,206,201,192,182,176,185,200,207,208,210,213,216,220,220,219,219,213,206,201,131,35,0,0,0,0,0,0,0,0,0,0,0,0,0,0,0,0,0,0,0,0,0,0,0,0,0,0,0,0,0,0,0
0,0,0,0,0,0,0,0,0,0,0,0,0,0,0,0,0,0,0,0,0,0,0,0,0,0,0,0,32,218,218,219,218,219,219,218,218,218,217,217,216,216,216,216,215,215,213,213,211,209,208,207,205,202,199,196,192,189,187,183,177,172,164,156,152,151,152,158,152,142,138,140,146,151,154,154,154,153,149,144,146,149,152,157,161,165,171,177,175,165,158,146,145,155,168,186,189,191,193,192,190,190,189,189,187,187,188,188,188,185,185,188,186,188,182,186,180,183,179,185,179,183,176,182,179,184,184,189,188,192,192,194,195,197,198,199,199,199,201,203,204,208,206,208,209,208,206,202,190,180,178,177,190,203,206,206,207,208,213,216,220,219,219,217,210,168,64,0,0,0,0,0,0,0,0,0,0,0,0,0,0,0,0,0,0,0,0,0,0,0,0,0,0,0,0,0,0,0,0,0
0,0,0,0,0,0,0,0,0,0,0,0,0,0,0,0,0,0,0,0,0,0,0,0,0,0,0,0,0,112,218,218,218,219,218,218,217,217,217,216,216,216,215,215,214,214,212,211,209,209,207,205,202,200,197,193,190,187,183,178,172,165,157,150,149,149,151,156,158,151,139,137,143,150,153,154,156,156,152,145,143,146,151,153,158,161,163,172,178,175,165,155,146,145,146,162,175,188,191,192,193,194,192,192,191,191,191,193,193,190,189,190,190,189,190,190,191,188,189,191,193,193,190,194,192,192,192,192,192,193,195,197,198,199,199,200,201,203,204,209,206,206,206,209,205,207,191,178,178,175,186,196,202,205,204,204,207,210,213,216,219,215,217,206,96,0,0,0,0,0,0,0,0,0,0,0,0,0,0,0,0,0,0,0,0,0,0,0,0,0,0,0,0,0,0,0,0,0,0,0
0,0,0,0,0,0,0,0,0,0,0,0,0,0,0,0,0,0,0,0,0,0,0,0,0,0,0,0,0,3,191,218,218,218,217,217,217,216,216,215,215,214,214,213,213,212,211,210,208,207,205,202,199,197,194,190,187,184,179,174,165,155,152,149,148,148,150,154,162,158,147,141,142,148,153,155,157,158,155,148,141,143,149,152,156,159,161,166,175,180,172,163,153,149,149,149,151,160,177,186,190,192,193,194,195,195,194,195,195,194,192,192,192,193,193,193,193,191,191,192,192,192,192,192,193,194,195,195,195,196,197,198,201,201,200,198,201,205,205,206,204,210,200,201,187,172,175,179,184,195,199,201,204,203,203,208,208,212,213,214,215,214,125,18,0,0,0,0,0,0,0,0,0,0,0,0,0,0,0,0,0,0,0,0,0,0,0,0,0,0,0,0,0,0,0,0,0,0,0,0
0,0,0,0,0,0,0,0,0,0,0,0,0,0,0,0,0,0,0,0,0,0,0,0,0,0,0,0,0,0,82,217,217,216,216,216,216,215,215,215,215,213,213,212,212,211,210,208,206,205,202,200,197,193,191,189,185,179,175,169,159,152,151,149,148,148,150,154,160,165,154,145,143,147,152,156,159,160,161,154,144,141,144,150,155,158,161,163,169,175,177,174,162,151,152,153,154,155,157,162,176,187,191,193,194,196,196,197,198,198,196,196,196,197,196,196,197,197,196,194,193,193,193,193,196,198,198,199,199,200,200,202,202,202,202,201,204,204,203,207,197,189,182,171,169,177,183,195,198,200,203,205,205,206,207,209,209,212,213,215,155,47,0,0,0,0,0,0,0,0,0,0,0,0,0,0,0,0,0,0,0,0,0,0,0,0,0,0,0,0,0,0,0,0,0,0,0,0,0,0
0,0,0,0,0,0,0,0,0,0,0,0,0,0,0,0,0,0,0,0,0,0,0,0,0,0,0,0,0,0,0,161,216,216,216,215,216,215,214,214,214,213,212,211,211,209,208,206,204,201,200,197,193,192,189,186,181,177,170,158,152,152,153,152,149,147,149,153,159,166,162,152,146,147,150,157,160,162,164,160,151,141,139,147,152,156,160,164,165,168,176,179,172,160,153,153,152,157,160,159,159,164,174,183,188,190,192,195,197,198,200,199,197,199,199,199,199,199,200,197,197,197,196,196,197,201,202,201,201,202,200,201,202,202,204,204,201,199,196,182,174,172,167,183,193,195,200,201,201,201,204,205,205,206,208,209,209,211,182,76,0,0,0,0,0,0,0,0,0,0,0,0,0,0,0,0,0,0,0,0,0,0,0,0,0,0,0,0,0,0,0,0,0,0,0,0,0,0,0,0
0,0,0,0,0,0,0,0,0,0,0,0,0,0,0,0,0,0,0,0,0,0,0,0,0,0,0,0,0,0,0,53,216,215,215,214,215,214,214,213,213,212,211,210,209,207,206,203,200,199,198,195,192,189,185,182,177,171,161,151,151,152,155,156,152,150,150,152,158,164,170,160,151,149,151,155,160,163,167,167,158,147,141,142,148,154,158,163,164,166,171,177,179,168,157,153,152,155,157,161,166,162,162,166,165,171,176,184,192,193,197,198,199,198,203,200,202,201,202,200,200,200,200,199,199,202,203,202,202,202,199,200,202,199,202,188,185,178,163,177,178,183,195,201,201,203,203,202,202,202,204,205,204,204,203,207,205,101,0,0,0,0,0,0,0,0,0,0,0,0,0,0,0,0,0,0,0,0,0,0,0,0,0,0,0,0,0,0,0,0,0,0,0,0,0,0,0,0,0,0
0,0,0,0,0,0,0,0,0,0,0,0,0,0,0,0,0,0,0,0,0,0,0,0,0,0,0,0,0,0,0,0,131,215,214,214,214,214,213,212,211,210,209,208,206,205,204,202,200,198,195,192,188,185,184,179,174,161,151,145,149,151,153,154,154,153,150,151,155,160,166,167,159,151,151,154,158,161,165,169,167,155,144,139,141,147,154,160,164,166,172,176,179,175,165,156,150,153,155,158,162,166,168,170,169,166,165,167,167,174,177,182,190,188,193,194,199,199,200,200,200,200,202,200,201,202,203,200,200,194,194,187,182,180,169,172,173,173,182,188,194,197,204,205,203,202,204,201,200,203,205,204,203,204,206,129,25,0,0,0,0,0,0,0,0,0,0,0,0,0,0,0,0,0,0,0,0,0,0,0,0,0,0,0,0,0,0,0,0,0,0,0,0,0,0,0,0,0,0,0
0,0,0,0,0,0,0,0,0,0,0,0,0,0,0,0,0,0,0,0,0,0,0,0,0,0,0,0,0,0,0,0,24,209,213,213,213,213,212,211,210,209,208,206,205,204,202,200,197,195,193,189,186,183,181,174,162,148,143,144,149,150,150,152,155,155,153,152,153,157,161,169,167,158,153,154,156,159,162,168,170,163,152,142,138,140,149,156,162,166,170,175,178,181,172,162,154,151,151,154,158,163,167,169,171,174,175,176,174,170,172,169,168,167,165,175,175,182,182,187,187,187,183,186,181,185,178,181,173,174,170,167,174,172,176,180,182,186,191,194,196,199,200,200,200,197,199,197,198,202,200,201,203,153,52,0,0,0,0,0,0,0,0,0,0,0,0,0,0,0,0,0,0,0,0,0,0,0,0,0,0,0,0,0,0,0,0,0,0,0,0,0,0,0,0,0,0,0,0,0
0,0,0,0,0,0,0,0,0,0,0,0,0,0,0,0,0,0,0,0,0,0,0,0,0,0,0,0,0,0,0,0,0,102,213,213,211,212,211,209,209,208,206,205,203,202,200,198,195,193,190,186,184,181,177,166,148,136,137,143,148,149,149,151,153,154,155,153,154,156,160,164,168,169,156,155,155,158,160,164,170,171,161,147,138,136,141,150,159,165,167,172,177,180,177,169,161,153,148,149,153,159,164,164,168,171,174,177,180,181,180,185,183,181,177,175,175,169,173,163,174,165,171,165,173,166,176,171,174,176,178,182,180,180,186,186,186,189,192,193,194,194,192,194,195,193,196,195,196,196,198,178,79,0,0,0,0,0,0,0,0,0,0,0,0,0,0,0,0,0,0,0,0,0,0,0,0,0,0,0,0,0,0,0,0,0,0,0,0,0,0,0,0,0,0,0,0,0,0,0
0,0,0,0,0,0,0,0,0,0,0,0,0,0,0,0,0,0,0,0,0,0,0,0,0,0,0,0,0,0,0,0,0,0,179,212,211,210,209,208,208,205,204,202,201,199,198,196,193,190,188,185,182,178,170,150,136,129,132,137,143,146,148,149,151,153,154,155,156,157,158,162,165,171,167,158,156,157,159,161,167,170,167,155,142,135,136,144,153,159,164,168,176,180,180,175,168,158,151,146,147,150,158,162,164,166,172,178,178,179,179,180,183,188,191,195,193,193,190,193,190,191,189,190,189,195,194,193,189,189,188,190,187,188,187,185,186,188,193,193,193,191,192,197,195,194,198,199,197,196,102,4,0,0,0,0,0,0,0,0,0,0,0,0,0,0,0,0,0,0,0,0,0,0,0,0,0,0,0,0,0,0,0,0,0,0,0,0,0,0,0,0,0,0,0,0,0,0,0,0
0,0,0,0,0,0,0,0,0,0,0,0,0,0,0,0,0,0,0,0,0,0,0,0,0,0,0,0,0,0,0,0,0,0,72,210,210,209,208,206,205,204,202,200,199,197,196,194,191,189,185,182,180,174,164,151,135,127,126,130,136,143,146,147,148,149,152,155,156,157,158,159,162,168,175,167,161,158,158,160,163,171,172,164,152,141,136,137,144,155,160,165,172,179,183,180,174,165,157,150,147,146,150,159,161,162,167,172,174,176,178,179,177,182,186,190,191,192,193,196,197,198,198,198,197,199,199,199,197,197,194,192,193,190,188,187,187,189,192,194,195,193,194,197,198,199,196,196,128,31,0,0,0,0,0,0,0,0,0,0,0,0,0,0,0,0,0,0,0,0,0,0,0,0,0,0,0,0,0,0,0,0,0,0,0,0,0,0,0,0,0,0,0,0,0,0,0,0,0,0
0,0,0,0,0,0,0,0,0,0,0,0,0,0,0,0,0,0,0,0,0,0,0,0,0,0,0,0,0,0,0,0,0,0,0,148,209,208,206,204,203,201,199,197,196,195,194,192,189,186,183,181,175,164,159,158,140,127,124,125,130,137,141,145,146,147,149,152,155,157,158,159,161,165,170,173,171,165,160,162,163,168,172,171,163,150,141,136,138,146,156,162,169,173,182,185,181,174,165,157,152,148,145,151,156,161,163,164,168,172,176,179,180,180,180,181,183,186,187,190,193,196,198,196,197,198,198,198,200,201,197,196,197,196,194,190,189,190,193,193,195,195,197,200,200,195,151,56,0,0,0,0,0,0,0,0,0,0,0,0,0,0,0,0,0,0,0,0,0,0,0,0,0,0,0,0,0,0,0,0,0,0,0,0,0,0,0,0,0,0,0,0,0,0,0,0,0,0,0,0
0,0,0,0,0,0,0,0,0,0,0,0,0,0,0,0,0,0,0,0,0,0,0,0,0,0,0,0,0,0,0,0,0,0,0,43,207,206,204,202,201,199,197,195,195,193,194,189,186,184,181,176,163,153,154,158,149,131,121,122,127,131,136,141,144,145,148,150,154,157,158,159,162,164,167,174,177,175,172,167,165,167,171,172,168,159,149,140,136,139,150,156,162,168,176,183,186,182,177,169,164,156,149,145,148,155,159,161,164,168,172,174,178,179,177,176,177,180,181,184,186,189,192,189,190,192,194,197,201,202,201,200,200,199,197,194,194,192,191,193,195,193,193,199,185,83,0,0,0,0,0,0,0,0,0,0,0,0,0,0,0,0,0,0,0,0,0,0,0,0,0,0,0,0,0,0,0,0,0,0,0,0,0,0,0,0,0,0,0,0,0,0,0,0,0,0,0,0,0,0
0,0,0,0,0,0,0,0,0,0,0,0,0,0,0,0,0,0,0,0,0,0,0,0,0,0,0,0,0,0,0,0,0,0,0,0,118,204,203,201,200,199,197,194,193,191,188,186,183,182,179,162,146,144,147,158,155,136,124,121,123,127,133,137,141,143,145,149,152,156,158,159,161,163,165,169,175,178,180,174,172,170,171,173,172,167,155,146,140,139,143,150,157,162,168,177,183,185,184,178,171,163,156,150,148,150,154,158,161,165,166,168,172,176,174,173,174,176,178,178,178,179,181,181,183,186,189,191,195,196,198,199,198,199,201,200,199,195,192,196,198,197,197,110,12,0,0,0,0,0,0,0,0,0,0,0,0,0,0,0,0,0,0,0,0,0,0,0,0,0,0,0,0,0,0,0,0,0,0,0,0,0,0,0,0,0,0,0,0,0,0,0,0,0,0,0,0,0,0,0
0,0,0,0,0,0,0,0,0,0,0,0,0,0,0,0,0,0,0,0,0,0,0,0,0,0,0,0,0,0,0,0,0,0,0,0,15,190,200,198,197,196,194,192,190,188,186,183,181,176,161,147,143,140,141,151,158,145,127,121,121,123,129,133,137,140,142,147,151,154,157,159,161,162,163,165,170,175,178,179,178,175,174,175,175,171,163,152,143,138,139,144,151,158,164,171,183,186,185,181,175,168,162,156,151,149,151,155,159,161,164,164,167,171,172,172,172,174,174,174,173,172,174,177,178,181,183,185,187,189,196,197,197,199,201,202,200,199,200,200,200,138,38,0,0,0,0,0,0,0,0,0,0,0,0,0,0,0,0,0,0,0,0,0,0,0,0,0,0,0,0,0,0,0,0,0,0,0,0,0,0,0,0,0,0,0,0,0,0,0,0,0,0,0,0,0,0,0,0,0
0,0,0,0,0,0,0,0,0,0,0,0,0,0,0,0,0,0,0,0,0,0,0,0,0,0,0,0,0,0,0,0,0,0,0,0,0,88,198,197,195,193,191,190,188,185,184,181,178,164,149,143,139,135,136,142,160,153,136,124,120,121,126,131,135,138,141,144,148,151,154,157,159,161,163,164,166,171,176,179,179,179,179,179,179,177,169,159,149,142,139,140,144,152,159,168,178,184,185,184,181,174,168,163,158,152,151,153,158,159,161,162,163,166,169,174,172,173,170,169,170,171,173,176,175,176,177,179,182,185,188,194,194,196,198,200,202,203,201,166,66,0,0,0,0,0,0,0,0,0,0,0,0,0,0,0,0,0,0,0,0,0,0,0,0,0,0,0,0,0,0,0,0,0,0,0,0,0,0,0,0,0,0,0,0,0,0,0,0,0,0,0,0,0,0,0,0,0,0,0
0,0,0,0,0,0,0,0,0,0,0,0,0,0,0,0,0,0,0,0,0,0,0,0,0,0,0,0,0,0,0,0,0,0,0,0,0,0,158,195,193,191,189,188,185,183,182,179,161,143,142,139,136,134,135,139,150,160,146,128,121,119,123,129,133,136,140,142,147,149,152,155,157,160,162,164,165,169,172,173,177,181,182,182,182,180,174,166,155,145,141,140,141,145,153,163,172,178,185,186,184,180,174,167,163,155,153,152,156,159,161,162,164,166,168,171,172,171,170,171,169,169,172,174,175,173,177,178,179,180,182,185,191,193,196,198,199,192,92,0,0,0,0,0,0,0,0,0,0,0,0,0,0,0,0,0,0,0,0,0,0,0,0,0,0,0,0,0,0,0,0,0,0,0,0,0,0,0,0,0,0,0,0,0,0,0,0,0,0,0,0,0,0,0,0,0,0,0,0,0
0,0,0,0,0,0,0,0,0,0,0,0,0,0,0,0,0,0,0,0,0,0,0,0,0,0,0,0,0,0,0,0,0,0,0,0,0,0,60,193,192,189,187,185,183,182,176,164,146,140,139,138,135,134,135,136,143,160,154,137,123,118,119,126,131,135,139,142,146,149,151,154,155,157,161,164,165,167,168,170,174,177,181,184,184,185,179,172,162,151,145,142,141,141,147,157,166,175,182,187,188,185,181,173,166,161,156,153,156,158,161,164,167,169,169,168,168,169,171,172,172,171,171,169,173,175,179,180,180,180,180,183,188,190,191,193,117,18,0,0,0,0,0,0,0,0,0,0,0,0,0,0,0,0,0,0,0,0,0,0,0,0,0,0,0,0,0,0,0,0,0,0,0,0,0,0,0,0,0,0,0,0,0,0,0,0,0,0,0,0,0,0,0,0,0,0,0,0,0,0
0,0,0,0,0,0,0,0,0,0,0,0,0,0,0,0,0,0,0,0,0,0,0,0,0,0,0,0,0,0,0,0,0,0,0,0,0,0,0,128,190,188,186,183,181,175,165,151,139,137,138,137,135,134,135,135,139,151,164,147,128,120,118,122,129,134,138,142,144,149,151,152,155,156,160,163,165,166,167,168,170,174,178,183,185,186,185,179,169,158,150,145,142,141,143,149,159,168,178,185,189,190,186,180,173,166,161,158,157,157,159,162,166,169,169,169,167,168,171,173,173,171,170,171,174,178,181,182,183,183,182,184,187,187,135,43,0,0,0,0,0,0,0,0,0,0,0,0,0,0,0,0,0,0,0,0,0,0,0,0,0,0,0,0,0,0,0,0,0,0,0,0,0,0,0,0,0,0,0,0,0,0,0,0,0,0,0,0,0,0,0,0,0,0,0,0,0,0,0,0
0,0,0,0,0,0,0,0,0,0,0,0,0,0,0,0,0,0,0,0,0,0,0,0,0,0,0,0,0,0,0,0,0,0,0,0,0,0,0,33,189,186,184,182,176,162,151,146,139,136,137,137,136,135,136,135,136,145,160,156,136,122,117,120,127,132,137,141,143,146,151,153,154,155,158,160,163,164,165,166,167,170,174,179,184,188,189,186,177,165,156,149,145,143,141,147,156,164,173,180,186,191,189,185,180,174,167,163,162,160,160,163,165,168,169,171,171,172,172,173,174,173,173,175,178,179,181,183,183,183,184,184,160,67,0,0,0,0,0,0,0,0,0,0,0,0,0,0,0,0,0,0,0,0,0,0,0,0,0,0,0,0,0,0,0,0,0,0,0,0,0,0,0,0,0,0,0,0,0,0,0,0,0,0,0,0,0,0,0,0,0,0,0,0,0,0,0,0,0,0
0,0,0,0,0,0,0,0,0,0,0,0,0,0,0,0,0,0,0,0,0,0,0,0,0,0,0,0,0,0,0,0,0,0,0,0,0,0,0,0,100,184,183,173,160,150,143,142,140,137,136,137,137,136,136,136,137,142,151,167,146,128,119,119,124,130,136,140,142,145,149,152,154,155,155,158,160,162,163,164,164,165,169,173,180,187,191,191,184,173,161,154,149,145,142,142,150,158,166,175,183,189,191,189,185,180,172,169,168,164,162,164,166,167,169,171,171,175,174,174,178,178,181,181,181,181,182,182,177,180,181,91,0,0,0,0,0,0,0,0,0,0,0,0,0,0,0,0,0,0,0,0,0,0,0,0,0,0,0,0,0,0,0,0,0,0,0,0,0,0,0,0,0,0,0,0,0,0,0,0,0,0,0,0,0,0,0,0,0,0,0,0,0,0,0,0,0,0,0,0
0,0,0,0,0,0,0,0,0,0,0,0,0,0,0,0,0,0,0,0,0,0,0,0,0,0,0,0,0,0,0,0,0,0,0,0,0,0,0,0,7,163,173,161,150,145,141,141,141,138,137,138,138,137,136,136,138,141,149,161,156,135,121,117,122,128,134,138,141,144,148,151,153,153,155,156,157,160,161,163,164,164,166,170,176,182,187,191,189,182,173,162,155,148,144,142,145,152,160,169,177,185,189,190,189,186,180,174,171,166,163,163,163,165,169,171,173,175,175,176,176,178,182,184,185,185,185,183,181,113,23,0,0,0,0,0,0,0,0,0,0,0,0,0,0,0,0,0,0,0,0,0,0,0,0,0,0,0,0,0,0,0,0,0,0,0,0,0,0,0,0,0,0,0,0,0,0,0,0,0,0,0,0,0,0,0,0,0,0,0,0,0,0,0,0,0,0,0,0,0
0,0,0,0,0,0,0,0,0,0,0,0,0,0,0,0,0,0,0,0,0,0,0,0,0,0,0,0,0,0,0,0,0,0,0,0,0,0,0,0,0,69,160,151,146,144,141,141,140,139,138,137,138,138,137,136,138,140,146,163,161,141,126,120,119,125,132,138,140,143,146,150,152,152,154,155,155,157,159,161,163,164,164,166,170,176,182,188,191,191,182,170,160,153,149,146,143,148,155,163,171,179,183,187,192,191,185,180,177,172,168,165,166,165,168,171,173,174,175,176,176,177,178,182,186,187,186,140,48,0,0,0,0,0,0,0,0,0,0,0,0,0,0,0,0,0,0,0,0,0,0,0,0,0,0,0,0,0,0,0,0,0,0,0,0,0,0,0,0,0,0,0,0,0,0,0,0,0,0,0,0,0,0,0,0,0,0,0,0,0,0,0,0,0,0,0,0,0,0,0
