0.0,2.0,2.0,0.0,-2.0,2.0,4.0,4.0,2.0,0.0,2.0,0.0,0.0,2.0,0.0,2.0,4.0,0.0,0.0,4.0,2.0,0.0,0.0,4.0,4.0,0.0,0.0,2.0,4.0,0.0,-4.0,-2.0,0.0,4.0,4.0,2.0,2.0,0.0,0.0,2.0,2.0,0.0,0.0,4.0,4.0,0.0,-2.0,0.0,2.0,2.0,2.0,0.0,2.0,0.0,-4.0,0.0,2.0,-2.0,-2.0,0.0,0.0,2.0,0.0,-2.0,-2.0,-4.0,-2.0,0.0,0.0,0.0,0.0,-4.0,-4.0,-2.0,0.0,-2.0,-8.0,-2.0,0.0,-2.0,0.0,-2.0,0.0,0.0,-2.0,-2.0,-4.0,0.0,0.0,-4.0,-2.0,0.0,0.0,0.0,0.0,0.0,-2.0,-4.0,0.0,2.0,2.0,-2.0,-4.0,2.0,0.0,2.0,2.0,0.0,2.0,-2.0,-2.0,0.0,2.0,2.0,2.0,6.0,6.0,2.0,-4.0,0.0,8.0,2.0,-2.0,2.0,2.0,0.0,0.0,4.0,4.0,4.0,4.0,0.0,0.0,2.0,0.0,-2.0,0.0,4.0,4.0,4.0,6.0,2.0,2.0,2.0,0.0,0.0,2.0,4.0,2.0,-2.0,-2.0,-2.0,0.0,4.0,2.0,2.0,4.0,0.0,-4.0,0.0,-2.0,-2.0,2.0,0.0,0.0,2.0,0.0,0.0,4.0,0.0,-2.0,-2.0,-2.0,0.0,2.0,0.0,-2.0,2.0,2.0,0.0,0.0,0.0,-2.0,0.0,0.0,2.0,2.0,-2.0,-2.0,2.0,4.0,-2.0,0.0,-2.0,0.0,6.0,0.0,-2.0,-2.0,0.0
0.0,2.0,2.0,-1.0,-2.0,3.0,5.0,3.0,0.0,1.0,2.0,1.0,1.0,2.0,0.0,2.0,5.0,0.0,0.0,3.0,1.0,1.0,1.0,2.0,3.0,1.0,0.0,3.0,4.0,-1.0,-4.0,-2.0,1.0,5.0,3.0,2.0,3.0,-1.0,-1.0,2.0,3.0,0.0,-1.0,4.0,4.0,0.0,-1.0,0.0,2.0,2.0,1.0,-1.0,1.0,2.0,-3.0,-2.0,2.0,-1.0,-1.0,0.0,0.0,3.0,-1.0,-4.0,-2.0,-3.0,-2.0,0.0,0.0,0.0,-1.0,-4.0,-4.0,-2.0,0.0,-3.0,-7.0,-2.0,0.0,-2.0,0.0,-1.0,-1.0,-1.0,-3.0,-1.0,-3.0,-1.0,0.0,-4.0,-1.0,0.0,-1.0,0.0,0.0,0.0,-2.0,-3.0,-1.0,1.0,3.0,-2.0,-3.0,3.0,0.0,1.0,2.0,1.0,1.0,-2.0,-1.0,-1.0,2.0,2.0,1.0,6.0,7.0,2.0,-5.0,0.0,8.0,3.0,-1.0,2.0,1.0,0.0,1.0,3.0,4.0,4.0,4.0,1.0,0.0,2.0,0.0,-2.0,1.0,4.0,3.0,4.0,7.0,2.0,0.0,2.0,1.0,1.0,2.0,2.0,2.0,0.0,-3.0,-2.0,0.0,3.0,3.0,2.0,4.0,0.0,-4.0,0.0,-1.0,-2.0,1.0,1.0,1.0,0.0,0.0,0.0,3.0,1.0,-1.0,-2.0,-3.0,1.0,3.0,0.0,-2.0,2.0,2.0,0.0,0.0,0.0,-3.0,0.0,1.0,1.0,1.0,-1.0,-2.0,1.0,4.0,-1.0,0.0,-3.0,0.0,5.0,0.0,-1.0,-2.0,0.0
0.0,1.0,1.0,-2.0,-1.0,4.0,5.0,2.0,-2.0,1.0,2.0,3.0,2.0,2.0,2.0,3.0,5.0,0.0,0.0,3.0,0.0,0.0,2.0,0.0,2.0,2.0,-1.0,3.0,4.0,-1.0,-3.0,-1.0,2.0,5.0,2.0,2.0,3.0,-1.0,-1.0,1.0,4.0,0.0,-3.0,4.0,4.0,0.0,1.0,0.0,1.0,2.0,1.0,-1.0,-1.0,3.0,-2.0,-3.0,2.0,-1.0,0.0,0.0,0.0,4.0,-2.0,-6.0,-3.0,-2.0,-1.0,-1.0,-1.0,0.0,-2.0,-3.0,-4.0,-4.0,-2.0,-3.0,-3.0,-1.0,-1.0,-3.0,1.0,0.0,-3.0,-1.0,-3.0,-1.0,-2.0,-2.0,-1.0,-4.0,0.0,-1.0,-3.0,0.0,0.0,1.0,-1.0,-1.0,-2.0,-1.0,3.0,-1.0,-1.0,2.0,0.0,1.0,4.0,1.0,-2.0,-1.0,0.0,-1.0,3.0,2.0,0.0,6.0,7.0,1.0,-5.0,1.0,7.0,3.0,0.0,3.0,1.0,0.0,2.0,1.0,3.0,4.0,4.0,2.0,0.0,3.0,2.0,-2.0,1.0,4.0,2.0,4.0,8.0,2.0,-2.0,2.0,3.0,3.0,1.0,-1.0,2.0,3.0,-3.0,-2.0,0.0,1.0,3.0,1.0,3.0,0.0,-3.0,1.0,0.0,-1.0,1.0,2.0,2.0,-3.0,0.0,1.0,1.0,2.0,0.0,-2.0,-2.0,1.0,3.0,1.0,-2.0,1.0,1.0,1.0,0.0,0.0,-3.0,-1.0,2.0,0.0,0.0,0.0,-2.0,0.0,3.0,0.0,1.0,-3.0,-2.0,4.0,1.0,-2.0,0.0,0.0
0.0,0.0,-1.0,-2.0,1.0,3.0,3.0,4.0,0.0,-1.0,0.0,3.0,2.0,3.0,5.0,4.0,4.0,0.0,0.0,3.0,0.0,-1.0,3.0,1.0,2.0,2.0,-3.0,1.0,4.0,1.0,-1.0,0.0,1.0,2.0,3.0,3.0,0.0,0.0,1.0,0.0,3.0,0.0,-3.0,4.0,3.0,0.0,2.0,0.0,0.0,3.0,2.0,0.0,0.0,1.0,-2.0,-1.0,1.0,-2.0,-1.0,-1.0,0.0,3.0,0.0,-4.0,-5.0,-3.0,0.0,-3.0,-3.0,0.0,-2.0,-2.0,-3.0,-6.0,-6.0,-1.0,2.0,-1.0,-3.0,-3.0,2.0,-1.0,-3.0,0.0,-1.0,-2.0,-3.0,-1.0,-3.0,-4.0,-1.0,-3.0,-3.0,0.0,0.0,2.0,0.0,0.0,-2.0,-2.0,1.0,0.0,1.0,-1.0,-1.0,3.0,6.0,0.0,-3.0,1.0,2.0,0.0,2.0,1.0,0.0,6.0,6.0,1.0,-2.0,2.0,5.0,2.0,0.0,3.0,2.0,1.0,1.0,0.0,2.0,4.0,4.0,1.0,0.0,3.0,5.0,0.0,-1.0,4.0,3.0,3.0,8.0,4.0,-1.0,1.0,3.0,4.0,-1.0,-1.0,3.0,3.0,-1.0,-3.0,0.0,1.0,2.0,0.0,1.0,1.0,-1.0,2.0,0.0,0.0,2.0,1.0,1.0,-2.0,0.0,1.0,0.0,1.0,0.0,-1.0,0.0,-1.0,1.0,2.0,-1.0,0.0,0.0,2.0,0.0,1.0,-1.0,-3.0,2.0,0.0,-1.0,0.0,0.0,0.0,0.0,0.0,3.0,0.0,-5.0,2.0,2.0,-5.0,2.0,0.0
0.0,0.0,-1.0,-1.0,1.0,0.0,2.0,7.0,3.0,-1.0,-3.0,1.0,3.0,5.0,5.0,2.0,4.0,0.0,-1.0,2.0,1.0,2.0,5.0,2.0,2.0,2.0,-3.0,0.0,3.0,1.0,0.0,0.0,0.0,1.0,3.0,3.0,-1.0,0.0,2.0,0.0,2.0,1.0,-1.0,3.0,0.0,0.0,3.0,1.0,0.0,3.0,2.0,-1.0,2.0,1.0,-1.0,0.0,-2.0,-2.0,-1.0,-2.0,1.0,2.0,1.0,-3.0,-6.0,-3.0,-1.0,-3.0,-3.0,-1.0,-3.0,-2.0,-1.0,-6.0,-7.0,0.0,3.0,-3.0,-5.0,-1.0,1.0,-2.0,0.0,-1.0,-1.0,-1.0,-4.0,-2.0,-4.0,-3.0,-1.0,-3.0,-2.0,-1.0,0.0,2.0,-1.0,0.0,-2.0,-2.0,0.0,0.0,2.0,-2.0,-2.0,4.0,5.0,2.0,-1.0,0.0,5.0,0.0,-1.0,1.0,0.0,4.0,6.0,3.0,1.0,3.0,3.0,1.0,0.0,2.0,2.0,2.0,1.0,0.0,2.0,6.0,3.0,0.0,1.0,1.0,5.0,2.0,0.0,3.0,3.0,2.0,8.0,6.0,0.0,2.0,1.0,3.0,0.0,0.0,3.0,1.0,0.0,-3.0,0.0,3.0,3.0,0.0,0.0,2.0,1.0,1.0,0.0,1.0,0.0,-1.0,0.0,1.0,0.0,-1.0,0.0,0.0,0.0,0.0,0.0,-1.0,0.0,1.0,1.0,1.0,-1.0,2.0,1.0,1.0,0.0,-3.0,1.0,0.0,-1.0,0.0,2.0,-1.0,-2.0,0.0,2.0,2.0,-4.0,-1.0,2.0,-3.0,0.0,0.0
0.0,-2.0,0.0,2.0,-1.0,-2.0,3.0,6.0,3.0,1.0,-2.0,1.0,4.0,6.0,4.0,-2.0,3.0,1.0,-2.0,2.0,2.0,4.0,5.0,2.0,3.0,2.0,-2.0,0.0,2.0,1.0,0.0,-1.0,1.0,3.0,0.0,0.0,3.0,0.0,0.0,2.0,3.0,1.0,0.0,2.0,-2.0,0.0,4.0,2.0,-1.0,1.0,3.0,-1.0,1.0,2.0,0.0,0.0,-3.0,-2.0,0.0,-2.0,2.0,2.0,-2.0,-5.0,-5.0,-2.0,-3.0,-1.0,-1.0,-3.0,-4.0,-2.0,0.0,-5.0,-5.0,-1.0,1.0,-3.0,-7.0,-1.0,0.0,-1.0,2.0,-2.0,-3.0,-1.0,-3.0,-5.0,-4.0,-1.0,0.0,-2.0,-2.0,-2.0,0.0,3.0,-2.0,-2.0,-1.0,-2.0,-1.0,1.0,2.0,-1.0,-1.0,2.0,3.0,4.0,0.0,-1.0,4.0,0.0,0.0,2.0,1.0,2.0,5.0,4.0,3.0,4.0,1.0,-1.0,-1.0,3.0,3.0,2.0,3.0,0.0,2.0,9.0,2.0,0.0,2.0,1.0,4.0,1.0,2.0,2.0,2.0,2.0,8.0,6.0,0.0,4.0,1.0,2.0,1.0,1.0,2.0,-1.0,0.0,-1.0,1.0,4.0,4.0,0.0,-1.0,1.0,2.0,1.0,0.0,2.0,-2.0,-2.0,0.0,0.0,1.0,-1.0,-1.0,0.0,0.0,0.0,0.0,1.0,0.0,0.0,3.0,1.0,-3.0,2.0,4.0,0.0,-1.0,0.0,-1.0,-1.0,1.0,0.0,1.0,-2.0,-1.0,-1.0,-1.0,1.0,-2.0,-1.0,3.0,2.0,-2.0,0.0
0.0,-4.0,-1.0,5.0,-1.0,-2.0,3.0,3.0,1.0,2.0,1.0,3.0,5.0,4.0,4.0,-1.0,1.0,2.0,-1.0,1.0,2.0,4.0,4.0,1.0,3.0,3.0,-3.0,0.0,3.0,3.0,0.0,-2.0,3.0,2.0,-2.0,-1.0,5.0,0.0,-1.0,4.0,2.0,0.0,1.0,2.0,-1.0,1.0,4.0,1.0,-2.0,0.0,3.0,1.0,0.0,1.0,0.0,-1.0,-1.0,0.0,0.0,-2.0,1.0,0.0,-4.0,-5.0,-4.0,-3.0,-4.0,-1.0,0.0,-3.0,-4.0,-2.0,-1.0,-2.0,-3.0,-3.0,0.0,-2.0,-8.0,-3.0,0.0,-1.0,1.0,0.0,-3.0,-4.0,-3.0,-5.0,-4.0,2.0,-1.0,-4.0,-1.0,-1.0,-1.0,3.0,-2.0,-6.0,1.0,-1.0,-2.0,2.0,1.0,1.0,1.0,-2.0,1.0,4.0,0.0,2.0,2.0,1.0,4.0,1.0,1.0,2.0,4.0,5.0,5.0,3.0,-1.0,-1.0,-2.0,3.0,4.0,2.0,4.0,1.0,3.0,9.0,3.0,0.0,1.0,3.0,4.0,0.0,1.0,2.0,3.0,3.0,7.0,6.0,1.0,3.0,3.0,2.0,-1.0,3.0,3.0,-2.0,-1.0,0.0,2.0,3.0,4.0,0.0,-2.0,0.0,1.0,2.0,1.0,2.0,-1.0,-1.0,-1.0,-3.0,2.0,0.0,-2.0,0.0,1.0,0.0,-1.0,2.0,1.0,0.0,3.0,-1.0,-3.0,3.0,5.0,0.0,-2.0,2.0,0.0,-2.0,-1.0,0.0,1.0,-1.0,0.0,-3.0,-2.0,0.0,-2.0,1.0,4.0,2.0,-1.0,0.0
0.0,-4.0,-2.0,6.0,1.0,-3.0,1.0,4.0,0.0,1.0,2.0,3.0,6.0,3.0,3.0,3.0,1.0,1.0,0.0,0.0,3.0,4.0,3.0,1.0,2.0,3.0,-3.0,0.0,3.0,3.0,1.0,0.0,3.0,-1.0,-1.0,2.0,2.0,-1.0,2.0,3.0,-1.0,1.0,2.0,1.0,0.0,2.0,4.0,1.0,-1.0,0.0,1.0,1.0,0.0,0.0,0.0,-2.0,0.0,2.0,0.0,-2.0,0.0,-2.0,-5.0,-4.0,-4.0,-3.0,-3.0,-3.0,0.0,-2.0,-4.0,-2.0,-2.0,0.0,-2.0,-4.0,-1.0,-2.0,-7.0,-4.0,-1.0,-2.0,1.0,1.0,-2.0,-6.0,-5.0,-3.0,-4.0,4.0,-1.0,-6.0,0.0,-3.0,-8.0,-2.0,-3.0,-12.0,-3.0,-2.0,-1.0,0.0,-6.0,1.0,4.0,1.0,11.0,12.0,3.0,6.0,3.0,3.0,5.0,0.0,0.0,1.0,3.0,6.0,6.0,3.0,-1.0,0.0,-1.0,2.0,4.0,1.0,3.0,2.0,5.0,8.0,3.0,0.0,1.0,4.0,3.0,1.0,1.0,1.0,4.0,5.0,4.0,5.0,4.0,3.0,4.0,2.0,-1.0,4.0,4.0,-1.0,-3.0,-1.0,2.0,2.0,4.0,0.0,-2.0,0.0,0.0,2.0,3.0,2.0,0.0,-1.0,-3.0,-3.0,2.0,0.0,-2.0,0.0,3.0,0.0,-3.0,2.0,2.0,0.0,1.0,-2.0,-1.0,4.0,3.0,0.0,-1.0,0.0,2.0,0.0,-4.0,0.0,3.0,0.0,-1.0,-4.0,-3.0,1.0,-1.0,1.0,4.0,0.0,0.0,0.0
0.0,-3.0,-1.0,4.0,2.0,-2.0,0.0,4.0,0.0,1.0,3.0,2.0,4.0,5.0,2.0,3.0,2.0,0.0,1.0,0.0,3.0,3.0,2.0,3.0,3.0,1.0,-1.0,2.0,1.0,1.0,3.0,2.0,1.0,-1.0,0.0,4.0,1.0,-3.0,3.0,3.0,-1.0,1.0,1.0,0.0,0.0,2.0,4.0,2.0,0.0,0.0,0.0,1.0,0.0,0.0,0.0,-2.0,0.0,0.0,0.0,-2.0,-1.0,-1.0,-5.0,-4.0,-4.0,-1.0,-2.0,-4.0,-1.0,-3.0,-4.0,-3.0,-1.0,1.0,-2.0,-4.0,-3.0,-3.0,-5.0,-4.0,-3.0,-1.0,2.0,-1.0,-3.0,-5.0,-5.0,-2.0,-3.0,1.0,0.0,-6.0,-6.0,-13.0,-26.0,-36.0,-28.0,-31.0,-27.0,-11.0,-1.0,-6.0,-17.0,1.0,19.0,21.0,42.0,52.0,30.0,20.0,10.0,8.0,5.0,0.0,3.0,1.0,1.0,6.0,5.0,3.0,1.0,1.0,0.0,3.0,4.0,0.0,2.0,1.0,6.0,8.0,1.0,0.0,4.0,4.0,1.0,3.0,3.0,0.0,4.0,5.0,1.0,4.0,7.0,5.0,3.0,2.0,1.0,4.0,4.0,0.0,-3.0,-2.0,2.0,2.0,4.0,0.0,-3.0,0.0,0.0,3.0,4.0,1.0,-1.0,-3.0,-3.0,-1.0,3.0,1.0,-2.0,0.0,3.0,0.0,-3.0,2.0,1.0,0.0,0.0,-2.0,-1.0,2.0,3.0,1.0,0.0,-2.0,1.0,2.0,-2.0,0.0,3.0,0.0,-2.0,-3.0,-4.0,1.0,1.0,0.0,3.0,2.0,0.0,0.0
0.0,0.0,2.0,2.0,1.0,1.0,0.0,1.0,0.0,2.0,4.0,2.0,1.0,5.0,2.0,2.0,2.0,1.0,3.0,0.0,1.0,2.0,3.0,4.0,3.0,0.0,1.0,4.0,0.0,0.0,4.0,3.0,0.0,-1.0,0.0,4.0,2.0,-3.0,2.0,3.0,0.0,0.0,1.0,1.0,0.0,2.0,3.0,0.0,0.0,0.0,0.0,4.0,0.0,-1.0,0.0,-2.0,-1.0,-3.0,0.0,-1.0,-2.0,0.0,-3.0,-4.0,-3.0,-1.0,-3.0,-5.0,-3.0,-2.0,-4.0,-4.0,0.0,1.0,-2.0,-3.0,-4.0,-6.0,-3.0,-3.0,-5.0,-1.0,1.0,-1.0,-3.0,-4.0,-4.0,-3.0,-2.0,-6.0,-12.0,-35.0,-49.0,-51.0,-66.0,-82.0,-53.0,-39.0,-41.0,-15.0,-5.0,-14.0,-21.0,0.0,30.0,36.0,58.0,87.0,65.0,48.0,49.0,52.0,36.0,16.0,13.0,4.0,0.0,6.0,5.0,2.0,1.0,3.0,0.0,3.0,4.0,0.0,4.0,1.0,4.0,7.0,0.0,0.0,6.0,5.0,1.0,4.0,3.0,0.0,6.0,4.0,0.0,4.0,7.0,6.0,1.0,3.0,3.0,2.0,4.0,2.0,-1.0,-2.0,1.0,1.0,3.0,0.0,-2.0,0.0,-1.0,4.0,4.0,0.0,-3.0,-3.0,-1.0,0.0,4.0,2.0,-1.0,0.0,1.0,0.0,-2.0,1.0,1.0,0.0,0.0,-1.0,-2.0,-1.0,2.0,3.0,1.0,-2.0,0.0,1.0,0.0,0.0,1.0,1.0,-1.0,-2.0,-3.0,-1.0,2.0,1.0,2.0,4.0,0.0,0.0
0.0,2.0,3.0,3.0,1.0,1.0,0.0,1.0,1.0,1.0,3.0,2.0,1.0,4.0,1.0,1.0,2.0,3.0,4.0,0.0,1.0,3.0,3.0,3.0,2.0,0.0,1.0,4.0,0.0,0.0,5.0,4.0,0.0,-1.0,1.0,3.0,1.0,-1.0,2.0,2.0,1.0,-1.0,2.0,2.0,0.0,2.0,0.0,-2.0,0.0,0.0,1.0,5.0,0.0,-2.0,-1.0,-2.0,-1.0,-3.0,-1.0,0.0,-1.0,-1.0,-3.0,-4.0,-2.0,-2.0,-4.0,-7.0,-4.0,1.0,-4.0,-3.0,0.0,-2.0,-2.0,-1.0,-4.0,-8.0,-2.0,-1.0,-5.0,-3.0,-1.0,0.0,-1.0,-4.0,-4.0,-13.0,-20.0,-45.0,-81.0,-107.0,-100.0,-81.0,-86.0,-72.0,-34.0,-23.0,-21.0,-3.0,-6.0,-13.0,-12.0,-1.0,16.0,24.0,41.0,62.0,58.0,63.0,84.0,97.0,81.0,67.0,64.0,40.0,17.0,8.0,6.0,3.0,0.0,3.0,1.0,2.0,3.0,1.0,7.0,3.0,1.0,5.0,1.0,1.0,4.0,6.0,4.0,3.0,1.0,0.0,9.0,5.0,0.0,4.0,5.0,5.0,1.0,5.0,4.0,0.0,4.0,4.0,-1.0,-2.0,1.0,1.0,1.0,0.0,2.0,0.0,-3.0,3.0,4.0,0.0,-3.0,-1.0,0.0,1.0,3.0,1.0,1.0,-1.0,0.0,0.0,-3.0,0.0,2.0,0.0,0.0,0.0,-1.0,-1.0,-1.0,3.0,2.0,-2.0,0.0,0.0,0.0,1.0,1.0,2.0,-1.0,-3.0,-1.0,-1.0,1.0,2.0,2.0,3.0,1.0,0.0
0.0,1.0,2.0,3.0,1.0,1.0,1.0,1.0,3.0,0.0,1.0,3.0,3.0,4.0,0.0,0.0,1.0,3.0,4.0,1.0,2.0,4.0,2.0,1.0,2.0,1.0,0.0,4.0,0.0,1.0,6.0,2.0,0.0,1.0,3.0,2.0,0.0,0.0,1.0,3.0,3.0,-2.0,1.0,0.0,0.0,3.0,-3.0,-1.0,0.0,0.0,3.0,2.0,0.0,-1.0,-2.0,-2.0,0.0,-2.0,-2.0,0.0,-1.0,-3.0,-4.0,-4.0,-2.0,-1.0,-5.0,-8.0,-3.0,1.0,-3.0,-2.0,-1.0,-4.0,-2.0,0.0,-4.0,-7.0,-2.0,0.0,-3.0,-4.0,-3.0,-2.0,-1.0,-5.0,-24.0,-76.0,-96.0,-116.0,-146.0,-125.0,-84.0,-55.0,-54.0,-37.0,-17.0,-17.0,-8.0,2.0,-3.0,-1.0,3.0,5.0,6.0,12.0,32.0,33.0,34.0,54.0,61.0,66.0,74.0,99.0,113.0,96.0,83.0,58.0,28.0,10.0,2.0,2.0,2.0,3.0,2.0,2.0,6.0,3.0,1.0,4.0,1.0,3.0,4.0,6.0,6.0,2.0,0.0,-1.0,8.0,6.0,1.0,5.0,4.0,4.0,3.0,6.0,4.0,1.0,4.0,2.0,-2.0,-1.0,2.0,2.0,0.0,0.0,4.0,1.0,-4.0,1.0,4.0,0.0,0.0,1.0,0.0,2.0,0.0,-1.0,3.0,-1.0,-1.0,-1.0,-2.0,0.0,0.0,1.0,0.0,-1.0,0.0,0.0,-1.0,1.0,2.0,0.0,-1.0,-1.0,0.0,3.0,3.0,-1.0,-3.0,-1.0,1.0,-1.0,-1.0,3.0,2.0,1.0,2.0,0.0
0.0,-1.0,2.0,2.0,0.0,2.0,2.0,1.0,3.0,-1.0,1.0,5.0,3.0,3.0,0.0,0.0,1.0,2.0,5.0,2.0,1.0,4.0,2.0,0.0,2.0,3.0,1.0,1.0,0.0,4.0,4.0,0.0,1.0,1.0,4.0,2.0,0.0,1.0,0.0,4.0,4.0,-2.0,0.0,-1.0,0.0,3.0,-3.0,0.0,0.0,0.0,3.0,0.0,0.0,0.0,-2.0,-2.0,-1.0,-2.0,-1.0,0.0,-2.0,-5.0,-5.0,-3.0,-2.0,-2.0,-6.0,-6.0,-2.0,-1.0,0.0,-2.0,-4.0,-4.0,-2.0,-1.0,-4.0,-4.0,-1.0,0.0,-3.0,-4.0,-5.0,-8.0,-17.0,-63.0,-114.0,-156.0,-150.0,-127.0,-105.0,-60.0,-45.0,-35.0,-33.0,-29.0,-20.0,-16.0,-10.0,-6.0,-2.0,5.0,6.0,5.0,5.0,12.0,34.0,32.0,29.0,46.0,40.0,35.0,51.0,74.0,81.0,94.0,131.0,128.0,100.0,70.0,24.0,1.0,3.0,3.0,2.0,2.0,2.0,1.0,3.0,5.0,-1.0,3.0,8.0,7.0,5.0,2.0,1.0,-1.0,4.0,6.0,3.0,5.0,5.0,4.0,4.0,7.0,4.0,1.0,4.0,0.0,-1.0,1.0,1.0,2.0,1.0,0.0,3.0,2.0,-3.0,0.0,4.0,1.0,2.0,2.0,-1.0,0.0,-2.0,-1.0,3.0,1.0,-2.0,-3.0,2.0,1.0,-2.0,2.0,-1.0,-2.0,1.0,-1.0,-1.0,0.0,3.0,3.0,-2.0,-2.0,0.0,3.0,3.0,-4.0,-4.0,2.0,2.0,-2.0,-2.0,5.0,3.0,0.0,1.0,0.0
0.0,-2.0,2.0,3.0,1.0,1.0,1.0,2.0,1.0,-2.0,3.0,6.0,1.0,1.0,1.0,1.0,2.0,3.0,6.0,1.0,1.0,3.0,1.0,1.0,2.0,3.0,1.0,-1.0,1.0,6.0,2.0,0.0,2.0,1.0,3.0,0.0,1.0,3.0,0.0,3.0,3.0,-1.0,1.0,1.0,0.0,1.0,-1.0,1.0,0.0,-1.0,1.0,0.0,0.0,0.0,-3.0,-2.0,-1.0,-2.0,-1.0,0.0,-1.0,-8.0,-6.0,-1.0,-3.0,-5.0,-5.0,-3.0,-3.0,-2.0,1.0,-2.0,-6.0,-4.0,-1.0,-1.0,-3.0,-2.0,-1.0,-2.0,-4.0,-3.0,-11.0,-52.0,-110.0,-175.0,-185.0,-140.0,-95.0,-70.0,-44.0,-24.0,-39.0,-39.0,-31.0,-21.0,-16.0,-10.0,-8.0,-8.0,2.0,4.0,0.0,-2.0,-2.0,8.0,23.0,21.0,22.0,40.0,42.0,43.0,52.0,52.0,47.0,63.0,97.0,116.0,141.0,149.0,104.0,45.0,14.0,2.0,2.0,4.0,1.0,1.0,4.0,5.0,-1.0,2.0,9.0,7.0,3.0,2.0,4.0,2.0,1.0,6.0,5.0,3.0,6.0,4.0,4.0,7.0,5.0,1.0,3.0,1.0,0.0,2.0,1.0,2.0,2.0,1.0,1.0,1.0,-1.0,0.0,3.0,2.0,1.0,2.0,-1.0,-3.0,-2.0,2.0,2.0,1.0,-2.0,-4.0,4.0,3.0,-2.0,2.0,-1.0,-3.0,2.0,-1.0,-2.0,0.0,3.0,3.0,-1.0,-1.0,0.0,1.0,1.0,-2.0,-3.0,0.0,0.0,-2.0,-1.0,5.0,4.0,1.0,1.0,0.0
0.0,-1.0,3.0,4.0,1.0,0.0,0.0,1.0,0.0,0.0,4.0,5.0,0.0,-1.0,2.0,3.0,2.0,3.0,5.0,1.0,2.0,2.0,0.0,1.0,2.0,2.0,1.0,2.0,3.0,5.0,2.0,0.0,2.0,2.0,1.0,-1.0,2.0,3.0,1.0,1.0,1.0,1.0,2.0,2.0,1.0,0.0,-1.0,2.0,0.0,-2.0,0.0,0.0,0.0,0.0,-4.0,-2.0,0.0,-2.0,-3.0,-2.0,-1.0,-8.0,-5.0,-1.0,-3.0,-5.0,-4.0,-3.0,-3.0,-1.0,-3.0,-4.0,-5.0,-3.0,0.0,0.0,-2.0,-1.0,-2.0,-5.0,-4.0,-17.0,-80.0,-166.0,-211.0,-190.0,-127.0,-73.0,-39.0,-34.0,-33.0,-32.0,-37.0,-30.0,-20.0,-7.0,-6.0,-2.0,0.0,-3.0,5.0,5.0,1.0,-1.0,-4.0,2.0,10.0,6.0,6.0,22.0,29.0,36.0,44.0,45.0,48.0,57.0,70.0,81.0,98.0,132.0,160.0,135.0,83.0,29.0,7.0,10.0,4.0,3.0,2.0,3.0,2.0,2.0,7.0,5.0,1.0,2.0,6.0,4.0,1.0,6.0,6.0,2.0,6.0,5.0,4.0,5.0,6.0,4.0,2.0,1.0,0.0,2.0,2.0,1.0,2.0,3.0,0.0,1.0,0.0,0.0,2.0,1.0,0.0,2.0,1.0,-4.0,-2.0,3.0,1.0,1.0,-1.0,-3.0,3.0,3.0,-3.0,2.0,2.0,-4.0,1.0,1.0,-1.0,0.0,1.0,1.0,-1.0,0.0,1.0,-1.0,0.0,1.0,-1.0,-2.0,-2.0,-2.0,-1.0,2.0,4.0,3.0,2.0,0.0
0.0,-1.0,3.0,4.0,1.0,-1.0,0.0,1.0,1.0,2.0,3.0,4.0,0.0,-2.0,2.0,4.0,2.0,1.0,4.0,3.0,1.0,2.0,1.0,-1.0,2.0,3.0,3.0,4.0,3.0,4.0,2.0,0.0,2.0,1.0,1.0,2.0,1.0,1.0,2.0,0.0,1.0,1.0,1.0,3.0,2.0,0.0,-2.0,1.0,0.0,-1.0,0.0,0.0,0.0,-1.0,-4.0,-2.0,0.0,-2.0,-4.0,-5.0,-3.0,-3.0,-4.0,-3.0,-2.0,-4.0,-4.0,-4.0,-2.0,-2.0,-5.0,-5.0,-5.0,-1.0,1.0,-2.0,-2.0,1.0,-3.0,-7.0,-37.0,-112.0,-203.0,-227.0,-174.0,-104.0,-54.0,-43.0,-35.0,-30.0,-30.0,-29.0,-25.0,-16.0,-9.0,0.0,3.0,6.0,9.0,3.0,3.0,6.0,4.0,2.0,1.0,0.0,3.0,2.0,-3.0,6.0,12.0,20.0,28.0,28.0,33.0,44.0,72.0,87.0,65.0,76.0,115.0,147.0,161.0,113.0,61.0,28.0,7.0,4.0,-1.0,3.0,5.0,1.0,5.0,4.0,1.0,2.0,4.0,4.0,4.0,7.0,5.0,1.0,6.0,7.0,5.0,4.0,5.0,7.0,3.0,-2.0,0.0,3.0,2.0,1.0,3.0,3.0,-1.0,3.0,1.0,-1.0,2.0,1.0,0.0,1.0,1.0,-3.0,-1.0,1.0,-1.0,2.0,1.0,-1.0,1.0,1.0,-3.0,0.0,3.0,-1.0,0.0,1.0,0.0,0.0,0.0,1.0,-3.0,-1.0,3.0,-2.0,-1.0,2.0,1.0,-3.0,-2.0,0.0,-2.0,0.0,4.0,3.0,1.0,0.0
0.0,-1.0,0.0,3.0,2.0,-1.0,1.0,2.0,3.0,1.0,0.0,4.0,1.0,-1.0,1.0,4.0,3.0,1.0,4.0,3.0,0.0,2.0,3.0,-1.0,1.0,3.0,4.0,4.0,2.0,4.0,2.0,0.0,1.0,0.0,3.0,4.0,0.0,0.0,1.0,1.0,3.0,0.0,0.0,3.0,1.0,0.0,-1.0,0.0,0.0,0.0,0.0,-1.0,0.0,-2.0,-4.0,-1.0,-1.0,-2.0,-3.0,-6.0,-4.0,-1.0,-4.0,-3.0,-3.0,-5.0,-5.0,-4.0,-2.0,-5.0,-2.0,-2.0,-7.0,-1.0,2.0,-3.0,-1.0,-1.0,-9.0,-61.0,-162.0,-229.0,-217.0,-153.0,-86.0,-47.0,-35.0,-34.0,-33.0,-25.0,-17.0,-13.0,-13.0,-8.0,-2.0,4.0,8.0,8.0,11.0,7.0,3.0,6.0,4.0,2.0,4.0,-1.0,-3.0,1.0,-3.0,3.0,7.0,10.0,17.0,14.0,14.0,19.0,47.0,73.0,60.0,70.0,82.0,90.0,137.0,164.0,157.0,101.0,31.0,5.0,0.0,3.0,4.0,1.0,4.0,4.0,3.0,2.0,2.0,5.0,7.0,7.0,4.0,2.0,5.0,7.0,6.0,4.0,5.0,7.0,3.0,-2.0,1.0,4.0,3.0,2.0,3.0,1.0,-1.0,4.0,1.0,-2.0,2.0,3.0,0.0,-1.0,0.0,-1.0,0.0,0.0,-1.0,1.0,1.0,0.0,0.0,0.0,-1.0,-2.0,1.0,2.0,1.0,0.0,-1.0,0.0,1.0,3.0,-4.0,-3.0,3.0,-2.0,-2.0,2.0,2.0,-3.0,-2.0,2.0,-1.0,0.0,2.0,0.0,1.0,0.0
0.0,1.0,-3.0,0.0,2.0,1.0,1.0,3.0,5.0,-1.0,-2.0,4.0,3.0,0.0,-2.0,3.0,5.0,4.0,4.0,1.0,1.0,3.0,3.0,0.0,0.0,2.0,4.0,2.0,2.0,5.0,2.0,0.0,1.0,1.0,3.0,3.0,0.0,0.0,0.0,3.0,4.0,0.0,0.0,1.0,0.0,0.0,0.0,0.0,0.0,0.0,0.0,-2.0,0.0,-1.0,-4.0,-1.0,-3.0,-2.0,-1.0,-6.0,-4.0,-3.0,-5.0,-2.0,-4.0,-6.0,-6.0,-4.0,-2.0,-6.0,-1.0,0.0,-6.0,-2.0,2.0,-2.0,-2.0,-18.0,-85.0,-202.0,-260.0,-207.0,-124.0,-71.0,-44.0,-29.0,-29.0,-26.0,-20.0,-11.0,-4.0,-3.0,-6.0,-3.0,2.0,7.0,9.0,8.0,8.0,6.0,4.0,5.0,4.0,2.0,4.0,-1.0,-5.0,-1.0,-2.0,4.0,9.0,5.0,9.0,10.0,7.0,6.0,16.0,31.0,40.0,67.0,86.0,73.0,83.0,118.0,175.0,185.0,114.0,48.0,12.0,3.0,2.0,2.0,3.0,4.0,5.0,2.0,3.0,6.0,7.0,6.0,4.0,5.0,5.0,5.0,5.0,5.0,6.0,4.0,2.0,3.0,4.0,4.0,3.0,1.0,2.0,0.0,1.0,4.0,-1.0,-2.0,1.0,4.0,1.0,-2.0,0.0,0.0,1.0,0.0,-1.0,0.0,0.0,0.0,0.0,1.0,0.0,-2.0,0.0,1.0,2.0,0.0,-2.0,1.0,3.0,3.0,-4.0,-3.0,1.0,-3.0,-1.0,2.0,1.0,-1.0,0.0,1.0,-1.0,0.0,0.0,-2.0,2.0,0.0
0.0,0.0,-2.0,-1.0,2.0,1.0,-1.0,5.0,6.0,-2.0,-1.0,3.0,3.0,1.0,-3.0,0.0,4.0,6.0,4.0,2.0,4.0,3.0,1.0,0.0,0.0,2.0,4.0,-1.0,1.0,6.0,3.0,1.0,3.0,2.0,1.0,2.0,0.0,0.0,1.0,4.0,3.0,1.0,0.0,-1.0,0.0,0.0,0.0,0.0,0.0,0.0,0.0,-1.0,0.0,0.0,-4.0,-3.0,-3.0,-3.0,-2.0,-6.0,-4.0,-3.0,-6.0,-4.0,-4.0,-6.0,-6.0,-3.0,-2.0,-6.0,-3.0,0.0,-2.0,-1.0,2.0,-3.0,-29.0,-117.0,-240.0,-267.0,-188.0,-111.0,-62.0,-37.0,-24.0,-18.0,-24.0,-16.0,-4.0,-1.0,0.0,-1.0,-3.0,2.0,6.0,8.0,7.0,8.0,4.0,2.0,5.0,4.0,3.0,1.0,4.0,2.0,-2.0,-3.0,-3.0,4.0,8.0,5.0,6.0,9.0,7.0,5.0,8.0,8.0,15.0,35.0,63.0,75.0,70.0,70.0,112.0,171.0,181.0,146.0,78.0,22.0,3.0,1.0,2.0,5.0,7.0,2.0,3.0,6.0,6.0,6.0,4.0,5.0,7.0,5.0,4.0,7.0,5.0,1.0,3.0,7.0,6.0,4.0,2.0,0.0,3.0,1.0,1.0,3.0,-2.0,-2.0,0.0,3.0,2.0,-1.0,0.0,1.0,3.0,-1.0,-2.0,0.0,-1.0,0.0,1.0,3.0,-1.0,-3.0,0.0,1.0,2.0,0.0,-2.0,2.0,4.0,1.0,-4.0,-2.0,0.0,-3.0,1.0,2.0,0.0,0.0,1.0,-1.0,-1.0,0.0,1.0,-1.0,0.0,0.0
0.0,-2.0,1.0,0.0,3.0,1.0,-3.0,5.0,5.0,-1.0,1.0,1.0,2.0,3.0,-1.0,-2.0,1.0,4.0,4.0,5.0,5.0,1.0,1.0,1.0,0.0,2.0,4.0,-1.0,0.0,5.0,4.0,2.0,3.0,2.0,1.0,3.0,0.0,0.0,2.0,3.0,2.0,2.0,0.0,-2.0,1.0,0.0,-1.0,0.0,0.0,0.0,0.0,-1.0,-1.0,0.0,-3.0,-3.0,-2.0,-5.0,-5.0,-6.0,-4.0,-1.0,-6.0,-8.0,-5.0,-6.0,-5.0,-1.0,-1.0,-5.0,-4.0,0.0,0.0,-1.0,-1.0,-39.0,-152.0,-266.0,-276.0,-171.0,-78.0,-56.0,-34.0,-21.0,-15.0,-12.0,-15.0,-6.0,-1.0,-2.0,1.0,4.0,0.0,2.0,8.0,8.0,6.0,7.0,1.0,0.0,6.0,5.0,2.0,0.0,3.0,4.0,1.0,-3.0,-5.0,3.0,5.0,7.0,8.0,7.0,8.0,5.0,10.0,8.0,3.0,7.0,29.0,58.0,60.0,54.0,70.0,105.0,148.0,184.0,172.0,106.0,37.0,4.0,3.0,6.0,7.0,2.0,1.0,6.0,7.0,5.0,5.0,5.0,7.0,7.0,5.0,8.0,4.0,0.0,4.0,7.0,5.0,5.0,3.0,0.0,4.0,3.0,0.0,1.0,-2.0,-1.0,1.0,2.0,1.0,0.0,1.0,2.0,2.0,-2.0,0.0,0.0,-2.0,0.0,2.0,3.0,-2.0,-3.0,0.0,2.0,2.0,0.0,-3.0,1.0,4.0,0.0,-4.0,-2.0,0.0,-2.0,3.0,2.0,0.0,1.0,-1.0,-3.0,1.0,0.0,0.0,0.0,-1.0,0.0
0.0,-2.0,3.0,0.0,3.0,2.0,-4.0,3.0,4.0,0.0,2.0,1.0,3.0,4.0,0.0,-2.0,0.0,2.0,3.0,5.0,3.0,1.0,3.0,2.0,0.0,3.0,4.0,0.0,1.0,3.0,3.0,2.0,1.0,3.0,3.0,3.0,0.0,1.0,2.0,1.0,2.0,1.0,0.0,0.0,2.0,0.0,-2.0,-1.0,-1.0,0.0,1.0,-2.0,-3.0,-1.0,-1.0,-1.0,-3.0,-7.0,-6.0,-5.0,-4.0,-1.0,-6.0,-10.0,-7.0,-5.0,-3.0,-1.0,0.0,-3.0,-3.0,-1.0,-1.0,-4.0,-53.0,-181.0,-294.0,-259.0,-151.0,-73.0,-35.0,-26.0,-16.0,-17.0,-11.0,-10.0,-10.0,-2.0,-4.0,-4.0,3.0,8.0,2.0,2.0,9.0,8.0,5.0,4.0,0.0,0.0,5.0,7.0,3.0,-1.0,0.0,4.0,5.0,-1.0,-7.0,2.0,3.0,7.0,12.0,7.0,7.0,3.0,8.0,10.0,5.0,0.0,8.0,34.0,41.0,40.0,54.0,64.0,88.0,125.0,178.0,198.0,141.0,56.0,7.0,5.0,7.0,3.0,0.0,6.0,8.0,3.0,6.0,7.0,6.0,7.0,6.0,8.0,5.0,1.0,4.0,6.0,4.0,6.0,4.0,0.0,3.0,3.0,1.0,1.0,0.0,0.0,0.0,2.0,1.0,1.0,2.0,0.0,-1.0,0.0,2.0,0.0,-1.0,0.0,1.0,1.0,-1.0,-1.0,-1.0,1.0,2.0,0.0,-3.0,0.0,3.0,1.0,-4.0,-2.0,1.0,-2.0,3.0,1.0,0.0,2.0,-2.0,-3.0,2.0,-1.0,-2.0,1.0,1.0,0.0
0.0,-2.0,4.0,2.0,2.0,0.0,-3.0,3.0,4.0,0.0,1.0,2.0,4.0,4.0,-1.0,-2.0,1.0,3.0,2.0,3.0,2.0,2.0,5.0,2.0,0.0,4.0,3.0,0.0,2.0,2.0,2.0,2.0,0.0,4.0,4.0,0.0,0.0,3.0,3.0,1.0,1.0,0.0,1.0,3.0,0.0,-1.0,-1.0,-3.0,-3.0,0.0,2.0,-1.0,-3.0,-2.0,-1.0,-2.0,-4.0,-6.0,-7.0,-5.0,-3.0,-3.0,-5.0,-8.0,-8.0,-5.0,-3.0,-2.0,0.0,-1.0,-2.0,-4.0,-6.0,-69.0,-213.0,-309.0,-248.0,-117.0,-55.0,-34.0,-18.0,-15.0,-13.0,-13.0,-11.0,-13.0,-11.0,-3.0,-2.0,-1.0,5.0,5.0,2.0,7.0,10.0,8.0,5.0,1.0,-1.0,1.0,4.0,8.0,4.0,-2.0,-2.0,3.0,10.0,0.0,-8.0,2.0,1.0,5.0,14.0,8.0,6.0,3.0,6.0,11.0,9.0,0.0,0.0,15.0,20.0,28.0,40.0,44.0,56.0,68.0,110.0,181.0,216.0,158.0,70.0,28.0,8.0,3.0,0.0,6.0,8.0,3.0,6.0,7.0,7.0,6.0,5.0,8.0,7.0,3.0,3.0,6.0,5.0,5.0,4.0,1.0,2.0,1.0,2.0,3.0,3.0,1.0,-2.0,1.0,2.0,2.0,1.0,-2.0,-1.0,2.0,1.0,0.0,0.0,0.0,0.0,0.0,-1.0,-1.0,-1.0,1.0,2.0,0.0,-1.0,1.0,1.0,2.0,-3.0,-3.0,2.0,-1.0,1.0,0.0,0.0,1.0,-2.0,-1.0,2.0,-3.0,0.0,3.0,0.0,0.0
0.0,0.0,3.0,3.0,3.0,-2.0,-2.0,4.0,4.0,0.0,0.0,2.0,4.0,4.0,-3.0,-1.0,3.0,4.0,3.0,2.0,2.0,1.0,5.0,2.0,0.0,4.0,2.0,0.0,2.0,3.0,3.0,1.0,-1.0,4.0,4.0,-2.0,1.0,4.0,3.0,2.0,0.0,0.0,2.0,3.0,-2.0,-2.0,0.0,-3.0,-4.0,0.0,2.0,-1.0,-2.0,-1.0,-3.0,-5.0,-4.0,-4.0,-8.0,-6.0,-2.0,-4.0,-4.0,-6.0,-8.0,-6.0,-3.0,-2.0,0.0,0.0,-3.0,-18.0,-80.0,-238.0,-331.0,-228.0,-90.0,-36.0,-31.0,-15.0,-9.0,-15.0,-14.0,-9.0,-13.0,-19.0,-11.0,-3.0,0.0,3.0,6.0,3.0,5.0,10.0,9.0,6.0,4.0,-1.0,-1.0,4.0,4.0,9.0,5.0,-1.0,-1.0,1.0,10.0,-1.0,-7.0,3.0,1.0,3.0,12.0,8.0,7.0,5.0,5.0,12.0,10.0,1.0,0.0,6.0,5.0,17.0,29.0,32.0,39.0,44.0,57.0,106.0,168.0,198.0,192.0,113.0,25.0,5.0,4.0,5.0,6.0,6.0,7.0,6.0,8.0,6.0,5.0,8.0,7.0,5.0,2.0,6.0,7.0,3.0,4.0,3.0,3.0,0.0,1.0,4.0,3.0,2.0,0.0,1.0,1.0,1.0,0.0,-1.0,0.0,1.0,0.0,0.0,0.0,0.0,0.0,0.0,-2.0,-2.0,0.0,2.0,2.0,0.0,1.0,2.0,0.0,2.0,-2.0,-3.0,1.0,0.0,0.0,-1.0,1.0,0.0,-2.0,0.0,1.0,-4.0,3.0,4.0,-3.0,0.0
0.0,2.0,2.0,1.0,1.0,-1.0,0.0,3.0,3.0,0.0,0.0,2.0,5.0,4.0,-4.0,0.0,4.0,4.0,4.0,3.0,3.0,0.0,2.0,2.0,1.0,3.0,2.0,1.0,3.0,3.0,3.0,0.0,-2.0,4.0,4.0,-1.0,2.0,4.0,2.0,1.0,0.0,1.0,1.0,0.0,-1.0,-1.0,0.0,-2.0,-3.0,0.0,1.0,-2.0,-2.0,-1.0,-4.0,-4.0,-5.0,-6.0,-7.0,-6.0,-3.0,-4.0,-5.0,-7.0,-7.0,-4.0,-1.0,-3.0,-1.0,0.0,-12.0,-108.0,-257.0,-325.0,-230.0,-72.0,-17.0,-25.0,-25.0,-7.0,-7.0,-13.0,-11.0,-8.0,-14.0,-22.0,-11.0,-3.0,0.0,3.0,6.0,8.0,8.0,8.0,8.0,3.0,0.0,-2.0,2.0,8.0,6.0,10.0,6.0,1.0,2.0,0.0,3.0,-5.0,-6.0,5.0,6.0,5.0,7.0,5.0,8.0,7.0,3.0,10.0,10.0,2.0,2.0,5.0,2.0,10.0,19.0,20.0,29.0,37.0,37.0,55.0,88.0,144.0,213.0,201.0,117.0,45.0,14.0,6.0,4.0,8.0,7.0,7.0,8.0,4.0,6.0,8.0,6.0,8.0,4.0,6.0,7.0,2.0,5.0,4.0,3.0,0.0,1.0,4.0,2.0,2.0,2.0,2.0,0.0,0.0,0.0,1.0,0.0,-1.0,0.0,0.0,0.0,0.0,0.0,0.0,-1.0,-2.0,-1.0,2.0,2.0,0.0,2.0,1.0,1.0,2.0,-3.0,-1.0,0.0,0.0,1.0,-1.0,2.0,0.0,-2.0,0.0,0.0,-4.0,2.0,4.0,-3.0,0.0
0.0,1.0,2.0,1.0,-3.0,0.0,2.0,2.0,2.0,0.0,0.0,1.0,5.0,5.0,-2.0,0.0,4.0,3.0,3.0,4.0,4.0,0.0,0.0,3.0,2.0,1.0,2.0,2.0,3.0,1.0,3.0,1.0,-1.0,4.0,3.0,1.0,2.0,3.0,2.0,1.0,0.0,2.0,0.0,-3.0,0.0,-1.0,0.0,-1.0,-2.0,-1.0,-1.0,-1.0,-1.0,-3.0,-4.0,-2.0,-7.0,-7.0,-5.0,-6.0,-5.0,-5.0,-6.0,-8.0,-5.0,-1.0,-1.0,-4.0,-2.0,-10.0,-100.0,-282.0,-336.0,-204.0,-69.0,-17.0,-15.0,-22.0,-21.0,-6.0,-10.0,-11.0,-6.0,-8.0,-16.0,-23.0,-13.0,-3.0,1.0,3.0,7.0,13.0,8.0,4.0,6.0,4.0,0.0,0.0,7.0,9.0,8.0,9.0,4.0,3.0,5.0,1.0,-3.0,-11.0,-7.0,5.0,11.0,12.0,3.0,-2.0,7.0,8.0,3.0,8.0,8.0,3.0,3.0,6.0,6.0,8.0,10.0,10.0,22.0,37.0,33.0,31.0,49.0,77.0,115.0,177.0,224.0,164.0,58.0,14.0,9.0,9.0,5.0,7.0,8.0,2.0,5.0,8.0,7.0,10.0,7.0,6.0,5.0,3.0,7.0,4.0,1.0,1.0,3.0,3.0,2.0,3.0,2.0,1.0,0.0,0.0,0.0,2.0,0.0,-2.0,0.0,0.0,1.0,0.0,-1.0,1.0,1.0,-3.0,-2.0,2.0,1.0,1.0,2.0,0.0,2.0,1.0,-4.0,-1.0,1.0,1.0,2.0,0.0,1.0,0.0,-1.0,0.0,-1.0,-2.0,0.0,3.0,-2.0,0.0
0.0,0.0,2.0,3.0,-2.0,0.0,1.0,1.0,2.0,0.0,0.0,0.0,3.0,6.0,1.0,1.0,4.0,1.0,1.0,4.0,4.0,0.0,1.0,4.0,0.0,0.0,3.0,1.0,1.0,0.0,5.0,4.0,1.0,2.0,1.0,3.0,3.0,2.0,1.0,3.0,1.0,1.0,-1.0,-3.0,0.0,-3.0,-1.0,0.0,-2.0,-2.0,-1.0,-1.0,-1.0,-3.0,-3.0,-4.0,-8.0,-5.0,-5.0,-5.0,-6.0,-7.0,-5.0,-7.0,-4.0,0.0,-3.0,-4.0,-9.0,-103.0,-280.0,-338.0,-205.0,-61.0,-14.0,-17.0,-17.0,-18.0,-17.0,-8.0,-10.0,-11.0,-6.0,-7.0,-21.0,-24.0,-10.0,0.0,3.0,4.0,7.0,13.0,10.0,3.0,1.0,6.0,3.0,1.0,9.0,8.0,9.0,7.0,3.0,5.0,4.0,3.0,-2.0,-11.0,-7.0,1.0,9.0,15.0,4.0,-6.0,3.0,8.0,5.0,7.0,4.0,6.0,7.0,5.0,8.0,7.0,5.0,7.0,19.0,30.0,27.0,26.0,37.0,40.0,44.0,77.0,185.0,259.0,167.0,65.0,36.0,16.0,2.0,4.0,9.0,4.0,4.0,8.0,9.0,10.0,8.0,7.0,4.0,4.0,7.0,4.0,1.0,3.0,4.0,1.0,1.0,4.0,3.0,0.0,1.0,1.0,-1.0,0.0,0.0,-1.0,0.0,0.0,2.0,0.0,-2.0,3.0,2.0,-4.0,-2.0,1.0,0.0,3.0,3.0,0.0,1.0,0.0,-3.0,-2.0,1.0,1.0,2.0,0.0,-1.0,-1.0,1.0,0.0,-3.0,2.0,2.0,1.0,-3.0,0.0
0.0,0.0,2.0,4.0,1.0,0.0,0.0,0.0,1.0,0.0,0.0,0.0,3.0,6.0,2.0,1.0,3.0,1.0,1.0,4.0,3.0,0.0,3.0,4.0,-2.0,1.0,4.0,-1.0,0.0,1.0,4.0,5.0,3.0,0.0,1.0,4.0,3.0,2.0,0.0,3.0,3.0,1.0,-3.0,-2.0,0.0,-3.0,-2.0,-2.0,-2.0,-1.0,-1.0,-3.0,-2.0,-2.0,-3.0,-6.0,-7.0,-4.0,-6.0,-5.0,-6.0,-7.0,-4.0,-6.0,-4.0,0.0,-3.0,-12.0,-93.0,-284.0,-343.0,-196.0,-64.0,-17.0,-12.0,-17.0,-16.0,-16.0,-15.0,-6.0,-6.0,-13.0,-10.0,-5.0,-20.0,-20.0,-3.0,2.0,5.0,5.0,4.0,9.0,9.0,3.0,-2.0,4.0,3.0,-1.0,3.0,8.0,13.0,6.0,4.0,7.0,3.0,3.0,0.0,-3.0,-5.0,-6.0,3.0,13.0,9.0,-4.0,-2.0,8.0,6.0,5.0,3.0,7.0,10.0,5.0,8.0,6.0,5.0,10.0,17.0,18.0,18.0,25.0,34.0,30.0,24.0,20.0,62.0,190.0,226.0,164.0,124.0,58.0,8.0,5.0,10.0,7.0,5.0,8.0,11.0,10.0,8.0,8.0,4.0,4.0,5.0,4.0,3.0,5.0,4.0,1.0,2.0,3.0,3.0,1.0,1.0,2.0,-2.0,-2.0,0.0,-1.0,1.0,0.0,0.0,0.0,-1.0,4.0,2.0,-3.0,-2.0,0.0,1.0,3.0,3.0,0.0,-1.0,0.0,-1.0,-1.0,0.0,-2.0,1.0,2.0,-1.0,-2.0,2.0,-1.0,-4.0,3.0,3.0,1.0,-2.0,0.0
0.0,-1.0,3.0,5.0,1.0,0.0,-1.0,-1.0,1.0,0.0,1.0,1.0,4.0,6.0,2.0,-1.0,1.0,2.0,3.0,4.0,1.0,1.0,3.0,3.0,0.0,3.0,4.0,-2.0,0.0,2.0,2.0,2.0,3.0,2.0,3.0,4.0,1.0,1.0,0.0,2.0,4.0,2.0,-3.0,-3.0,-1.0,-1.0,-1.0,-3.0,-3.0,0.0,-3.0,-5.0,-1.0,-2.0,-5.0,-6.0,-5.0,-4.0,-7.0,-7.0,-6.0,-5.0,-4.0,-6.0,-4.0,-1.0,-9.0,-94.0,-271.0,-345.0,-204.0,-58.0,-20.0,-13.0,-12.0,-15.0,-15.0,-15.0,-13.0,-6.0,-5.0,-12.0,-11.0,-3.0,-10.0,-11.0,1.0,3.0,7.0,7.0,-1.0,0.0,2.0,2.0,-1.0,1.0,1.0,-4.0,-2.0,8.0,14.0,5.0,2.0,7.0,5.0,3.0,0.0,3.0,-4.0,-11.0,-1.0,12.0,14.0,-1.0,-3.0,8.0,4.0,3.0,6.0,6.0,9.0,7.0,8.0,8.0,6.0,11.0,15.0,10.0,15.0,23.0,29.0,27.0,15.0,12.0,6.0,56.0,142.0,202.0,229.0,150.0,59.0,25.0,8.0,7.0,7.0,9.0,12.0,9.0,8.0,8.0,5.0,4.0,4.0,5.0,4.0,6.0,4.0,2.0,5.0,2.0,1.0,3.0,0.0,0.0,-2.0,0.0,1.0,-3.0,2.0,0.0,-2.0,0.0,0.0,4.0,2.0,-1.0,-2.0,0.0,2.0,1.0,1.0,0.0,-2.0,0.0,0.0,0.0,1.0,-3.0,-1.0,3.0,1.0,-1.0,1.0,-2.0,-3.0,1.0,1.0,2.0,0.0,0.0
0.0,-1.0,3.0,6.0,0.0,-1.0,-1.0,-2.0,1.0,1.0,3.0,2.0,4.0,4.0,1.0,0.0,0.0,1.0,4.0,4.0,0.0,3.0,2.0,1.0,2.0,4.0,4.0,-2.0,0.0,3.0,3.0,-1.0,2.0,5.0,3.0,3.0,0.0,0.0,0.0,3.0,5.0,1.0,-3.0,-4.0,-2.0,0.0,-1.0,-1.0,-3.0,-2.0,-4.0,-5.0,0.0,-2.0,-5.0,-7.0,-5.0,-4.0,-10.0,-8.0,-5.0,-3.0,-3.0,-6.0,-5.0,-11.0,-88.0,-266.0,-344.0,-207.0,-61.0,-18.0,-11.0,-11.0,-11.0,-13.0,-14.0,-12.0,-11.0,-9.0,-6.0,-8.0,-9.0,-3.0,-1.0,-1.0,3.0,4.0,8.0,4.0,-8.0,-9.0,-1.0,4.0,-1.0,1.0,0.0,-7.0,-2.0,7.0,11.0,4.0,-1.0,3.0,5.0,6.0,0.0,1.0,-5.0,-10.0,-1.0,14.0,17.0,-1.0,-2.0,6.0,2.0,4.0,8.0,6.0,8.0,8.0,8.0,10.0,6.0,8.0,11.0,10.0,17.0,20.0,26.0,23.0,14.0,10.0,1.0,2.0,41.0,134.0,211.0,218.0,171.0,86.0,22.0,7.0,8.0,11.0,12.0,8.0,8.0,8.0,8.0,5.0,4.0,7.0,4.0,5.0,4.0,2.0,5.0,2.0,0.0,4.0,1.0,-2.0,-1.0,2.0,2.0,-3.0,1.0,0.0,-2.0,0.0,1.0,4.0,1.0,-1.0,-1.0,0.0,1.0,0.0,0.0,1.0,-1.0,-1.0,1.0,1.0,0.0,-2.0,0.0,1.0,0.0,0.0,0.0,-1.0,-1.0,0.0,0.0,1.0,-1.0,0.0
0.0,1.0,2.0,4.0,0.0,-2.0,1.0,-1.0,-2.0,2.0,4.0,3.0,4.0,1.0,0.0,2.0,0.0,0.0,4.0,5.0,1.0,3.0,2.0,0.0,1.0,4.0,4.0,-2.0,1.0,5.0,3.0,-2.0,2.0,5.0,2.0,2.0,1.0,0.0,-1.0,4.0,6.0,0.0,-4.0,-3.0,-2.0,-1.0,-2.0,0.0,-2.0,-5.0,-4.0,-3.0,0.0,-3.0,-5.0,-8.0,-6.0,-5.0,-12.0,-8.0,-4.0,-2.0,-3.0,-6.0,-17.0,-85.0,-251.0,-342.0,-218.0,-64.0,-16.0,-13.0,-8.0,-9.0,-9.0,-11.0,-13.0,-7.0,-9.0,-11.0,-5.0,-5.0,-6.0,-4.0,0.0,3.0,3.0,3.0,6.0,-1.0,-10.0,-11.0,2.0,7.0,-1.0,1.0,-3.0,-8.0,-3.0,6.0,11.0,5.0,-1.0,2.0,4.0,5.0,-1.0,-4.0,-4.0,-5.0,-3.0,14.0,17.0,-1.0,0.0,3.0,3.0,7.0,6.0,5.0,8.0,8.0,8.0,9.0,6.0,5.0,8.0,13.0,17.0,18.0,24.0,21.0,18.0,9.0,0.0,3.0,8.0,51.0,98.0,168.0,243.0,205.0,93.0,22.0,9.0,11.0,13.0,9.0,8.0,9.0,9.0,6.0,6.0,8.0,4.0,5.0,4.0,3.0,4.0,2.0,1.0,3.0,1.0,-1.0,1.0,1.0,2.0,-1.0,-1.0,0.0,-2.0,1.0,2.0,3.0,1.0,-3.0,-1.0,0.0,0.0,1.0,1.0,1.0,-1.0,-2.0,3.0,2.0,-3.0,-2.0,2.0,0.0,-2.0,1.0,0.0,-2.0,0.0,1.0,1.0,0.0,-2.0,0.0
0.0,1.0,3.0,2.0,-1.0,-1.0,2.0,0.0,-3.0,1.0,3.0,4.0,4.0,2.0,1.0,0.0,0.0,1.0,4.0,5.0,2.0,2.0,1.0,0.0,0.0,4.0,4.0,-1.0,3.0,5.0,1.0,-1.0,2.0,2.0,2.0,3.0,2.0,0.0,-2.0,3.0,5.0,1.0,-2.0,-1.0,-3.0,-4.0,-1.0,0.0,-3.0,-4.0,-4.0,-3.0,-1.0,-5.0,-6.0,-7.0,-6.0,-7.0,-11.0,-8.0,-4.0,-2.0,-6.0,-13.0,-82.0,-242.0,-330.0,-226.0,-77.0,-18.0,-14.0,-13.0,-7.0,-6.0,-7.0,-9.0,-10.0,-3.0,-7.0,-12.0,-3.0,-2.0,-1.0,-4.0,-8.0,-4.0,1.0,5.0,6.0,2.0,-5.0,-9.0,3.0,5.0,1.0,0.0,-8.0,-10.0,-5.0,9.0,12.0,5.0,1.0,5.0,6.0,1.0,-3.0,-2.0,2.0,-3.0,-11.0,6.0,14.0,4.0,5.0,2.0,3.0,7.0,4.0,4.0,8.0,7.0,6.0,8.0,4.0,3.0,11.0,14.0,15.0,17.0,20.0,19.0,18.0,13.0,5.0,3.0,2.0,11.0,27.0,67.0,163.0,265.0,220.0,97.0,35.0,12.0,15.0,11.0,8.0,11.0,6.0,5.0,10.0,8.0,6.0,7.0,3.0,3.0,4.0,4.0,3.0,2.0,0.0,-1.0,1.0,0.0,2.0,0.0,-2.0,1.0,0.0,2.0,1.0,0.0,2.0,-3.0,-2.0,0.0,0.0,3.0,2.0,-1.0,-2.0,-1.0,3.0,0.0,-3.0,0.0,0.0,0.0,-1.0,2.0,0.0,-5.0,0.0,2.0,3.0,0.0,-3.0,0.0
0.0,0.0,3.0,3.0,-2.0,0.0,2.0,0.0,0.0,0.0,0.0,3.0,4.0,4.0,3.0,-1.0,0.0,2.0,3.0,3.0,2.0,2.0,0.0,0.0,1.0,4.0,3.0,0.0,4.0,4.0,0.0,0.0,3.0,0.0,1.0,4.0,2.0,1.0,-2.0,1.0,3.0,2.0,1.0,0.0,-3.0,-6.0,-1.0,0.0,-5.0,-3.0,-3.0,-3.0,-3.0,-6.0,-6.0,-7.0,-7.0,-8.0,-9.0,-7.0,-4.0,-2.0,-11.0,-67.0,-226.0,-337.0,-233.0,-84.0,-25.0,-14.0,-18.0,-15.0,-6.0,-2.0,-3.0,-5.0,-7.0,-2.0,-5.0,-13.0,-3.0,3.0,4.0,-5.0,-16.0,-14.0,1.0,15.0,11.0,6.0,-2.0,-7.0,1.0,-2.0,0.0,0.0,-10.0,-11.0,-5.0,12.0,9.0,2.0,2.0,6.0,9.0,-1.0,-4.0,5.0,7.0,-5.0,-15.0,-1.0,11.0,10.0,6.0,0.0,3.0,7.0,5.0,6.0,9.0,4.0,1.0,7.0,2.0,1.0,14.0,15.0,13.0,12.0,17.0,19.0,14.0,15.0,12.0,-1.0,-2.0,0.0,3.0,29.0,44.0,151.0,278.0,242.0,117.0,32.0,20.0,13.0,8.0,11.0,5.0,5.0,11.0,8.0,9.0,8.0,2.0,1.0,4.0,8.0,4.0,1.0,0.0,-2.0,0.0,0.0,1.0,0.0,0.0,3.0,2.0,1.0,0.0,-2.0,2.0,-1.0,-2.0,0.0,0.0,3.0,1.0,0.0,-1.0,-1.0,2.0,-2.0,-2.0,1.0,-3.0,0.0,1.0,2.0,-1.0,-4.0,0.0,0.0,4.0,0.0,-4.0,0.0
0.0,1.0,1.0,3.0,-1.0,0.0,1.0,0.0,2.0,1.0,-1.0,2.0,3.0,1.0,4.0,3.0,0.0,1.0,2.0,3.0,2.0,2.0,1.0,0.0,2.0,3.0,1.0,0.0,4.0,4.0,0.0,1.0,4.0,0.0,0.0,3.0,2.0,2.0,-1.0,1.0,1.0,1.0,2.0,0.0,-2.0,-5.0,-2.0,-1.0,-6.0,-5.0,-2.0,-2.0,-4.0,-5.0,-7.0,-10.0,-9.0,-8.0,-8.0,-6.0,-4.0,-5.0,-40.0,-201.0,-348.0,-260.0,-94.0,-24.0,-11.0,-16.0,-21.0,-15.0,-5.0,1.0,2.0,0.0,-4.0,-1.0,-4.0,-14.0,-5.0,6.0,5.0,-3.0,-12.0,-15.0,4.0,18.0,9.0,5.0,-1.0,-4.0,-1.0,-7.0,-3.0,-4.0,-11.0,-8.0,-3.0,10.0,5.0,-1.0,2.0,9.0,10.0,-2.0,-5.0,2.0,5.0,-1.0,-8.0,-1.0,10.0,11.0,3.0,-1.0,4.0,6.0,6.0,10.0,11.0,3.0,-3.0,3.0,3.0,2.0,12.0,15.0,13.0,7.0,12.0,16.0,11.0,13.0,12.0,0.0,-3.0,-3.0,-6.0,18.0,19.0,24.0,151.0,318.0,258.0,98.0,44.0,16.0,8.0,10.0,8.0,7.0,9.0,8.0,9.0,8.0,4.0,0.0,4.0,9.0,2.0,0.0,1.0,-1.0,0.0,1.0,0.0,0.0,3.0,3.0,1.0,0.0,0.0,-1.0,2.0,0.0,-2.0,-1.0,1.0,2.0,-1.0,2.0,0.0,-2.0,2.0,-1.0,-1.0,-1.0,-5.0,0.0,3.0,2.0,-2.0,-1.0,0.0,-2.0,3.0,0.0,-3.0,0.0
0.0,2.0,0.0,1.0,1.0,1.0,-1.0,0.0,1.0,2.0,2.0,1.0,2.0,-1.0,4.0,5.0,-1.0,0.0,3.0,4.0,1.0,2.0,3.0,1.0,1.0,1.0,0.0,0.0,4.0,4.0,0.0,2.0,4.0,1.0,0.0,1.0,2.0,1.0,1.0,4.0,0.0,-1.0,2.0,0.0,-3.0,-4.0,-2.0,-3.0,-5.0,-5.0,-3.0,-3.0,-5.0,-5.0,-8.0,-11.0,-9.0,-9.0,-9.0,-7.0,-12.0,-39.0,-143.0,-320.0,-307.0,-120.0,-31.0,-8.0,-4.0,-17.0,-21.0,-13.0,-2.0,3.0,3.0,1.0,0.0,2.0,-3.0,-11.0,-5.0,6.0,3.0,0.0,-1.0,-5.0,4.0,5.0,-1.0,2.0,2.0,0.0,-3.0,-9.0,-6.0,-9.0,-9.0,-3.0,-3.0,4.0,3.0,-2.0,5.0,14.0,10.0,1.0,-8.0,-13.0,-3.0,9.0,2.0,0.0,12.0,9.0,1.0,2.0,4.0,2.0,6.0,12.0,11.0,6.0,-2.0,-3.0,3.0,9.0,12.0,14.0,14.0,8.0,6.0,6.0,8.0,10.0,8.0,4.0,-1.0,-5.0,-4.0,3.0,22.0,8.0,-11.0,199.0,364.0,246.0,95.0,18.0,8.0,12.0,13.0,8.0,7.0,9.0,8.0,8.0,8.0,0.0,3.0,7.0,0.0,2.0,2.0,-1.0,1.0,3.0,0.0,-1.0,3.0,2.0,0.0,0.0,0.0,0.0,1.0,0.0,-1.0,-3.0,2.0,3.0,-2.0,1.0,-1.0,-1.0,3.0,-1.0,0.0,0.0,-4.0,0.0,2.0,1.0,-1.0,1.0,-1.0,-2.0,2.0,0.0,0.0,0.0
0.0,1.0,1.0,0.0,1.0,3.0,-2.0,0.0,1.0,1.0,3.0,1.0,2.0,1.0,4.0,2.0,-2.0,1.0,4.0,3.0,1.0,2.0,3.0,2.0,0.0,0.0,0.0,1.0,4.0,4.0,0.0,1.0,4.0,2.0,1.0,0.0,1.0,1.0,2.0,6.0,1.0,-2.0,2.0,-1.0,-4.0,-3.0,-3.0,-4.0,-4.0,-4.0,-4.0,-4.0,-7.0,-8.0,-8.0,-9.0,-7.0,-10.0,-10.0,-8.0,-44.0,-147.0,-279.0,-294.0,-154.0,-42.0,-20.0,-8.0,-5.0,-13.0,-15.0,-9.0,0.0,2.0,3.0,2.0,4.0,6.0,-2.0,-6.0,-3.0,6.0,4.0,-2.0,2.0,3.0,-1.0,-4.0,-5.0,-2.0,2.0,2.0,-2.0,-8.0,-9.0,-11.0,-5.0,-1.0,-5.0,0.0,-1.0,-4.0,13.0,19.0,9.0,7.0,-11.0,-24.0,-5.0,13.0,4.0,0.0,14.0,6.0,-4.0,4.0,6.0,0.0,6.0,11.0,9.0,9.0,0.0,-6.0,4.0,15.0,16.0,16.0,12.0,11.0,5.0,-1.0,5.0,5.0,4.0,7.0,1.0,-8.0,-2.0,1.0,7.0,14.0,-33.0,20.0,287.0,400.0,197.0,33.0,13.0,17.0,17.0,7.0,6.0,11.0,9.0,9.0,10.0,1.0,1.0,6.0,2.0,4.0,1.0,-2.0,3.0,3.0,0.0,-3.0,1.0,3.0,-1.0,0.0,2.0,1.0,0.0,-1.0,0.0,-3.0,0.0,3.0,-1.0,0.0,-2.0,0.0,4.0,-2.0,-1.0,3.0,1.0,-1.0,-2.0,0.0,0.0,2.0,-2.0,-2.0,2.0,0.0,3.0,0.0
0.0,0.0,2.0,-1.0,-1.0,4.0,-1.0,0.0,2.0,0.0,1.0,3.0,2.0,1.0,3.0,0.0,0.0,3.0,3.0,1.0,3.0,3.0,1.0,1.0,0.0,1.0,1.0,2.0,4.0,4.0,0.0,0.0,3.0,1.0,2.0,1.0,0.0,2.0,2.0,5.0,3.0,-1.0,1.0,-2.0,-4.0,-2.0,-4.0,-5.0,-4.0,-3.0,-4.0,-6.0,-7.0,-8.0,-9.0,-9.0,-7.0,-10.0,-10.0,-21.0,-126.0,-289.0,-306.0,-165.0,-50.0,-17.0,-16.0,-17.0,-12.0,-7.0,-6.0,-3.0,2.0,-2.0,4.0,7.0,9.0,8.0,-4.0,-1.0,0.0,5.0,5.0,-4.0,2.0,6.0,-2.0,-4.0,-4.0,-3.0,-2.0,-1.0,0.0,-5.0,-10.0,-13.0,-9.0,-5.0,-3.0,3.0,-5.0,-6.0,17.0,20.0,11.0,18.0,-10.0,-24.0,2.0,6.0,-2.0,1.0,11.0,0.0,-9.0,1.0,5.0,1.0,9.0,10.0,7.0,11.0,0.0,-3.0,9.0,14.0,17.0,20.0,11.0,8.0,6.0,-1.0,1.0,0.0,0.0,8.0,2.0,-9.0,0.0,2.0,-3.0,2.0,0.0,-33.0,79.0,375.0,362.0,110.0,30.0,26.0,16.0,7.0,8.0,12.0,9.0,9.0,9.0,4.0,2.0,5.0,4.0,4.0,0.0,-1.0,3.0,1.0,0.0,-3.0,0.0,4.0,-2.0,0.0,5.0,2.0,0.0,-2.0,0.0,-2.0,-3.0,1.0,0.0,0.0,-1.0,0.0,2.0,-1.0,-1.0,4.0,4.0,-2.0,-4.0,-1.0,0.0,2.0,-1.0,-2.0,2.0,1.0,3.0,0.0
0.0,0.0,1.0,-2.0,-1.0,3.0,0.0,0.0,1.0,0.0,0.0,3.0,3.0,1.0,1.0,1.0,3.0,3.0,1.0,0.0,4.0,4.0,1.0,0.0,-1.0,3.0,3.0,1.0,4.0,4.0,0.0,0.0,1.0,1.0,2.0,1.0,1.0,2.0,2.0,4.0,3.0,0.0,0.0,-2.0,-4.0,-2.0,-4.0,-6.0,-4.0,-2.0,-4.0,-9.0,-6.0,-4.0,-10.0,-12.0,-8.0,-9.0,-15.0,-102.0,-271.0,-320.0,-189.0,-65.0,-24.0,-8.0,-12.0,-20.0,-16.0,-4.0,0.0,2.0,7.0,-4.0,2.0,13.0,14.0,6.0,-7.0,5.0,6.0,1.0,-1.0,-3.0,7.0,10.0,4.0,-3.0,-6.0,-2.0,-2.0,-4.0,0.0,-7.0,-12.0,-15.0,-18.0,-6.0,6.0,6.0,-9.0,-5.0,13.0,16.0,17.0,34.0,0.0,-25.0,-2.0,4.0,-5.0,-7.0,5.0,-4.0,-7.0,-1.0,0.0,2.0,11.0,10.0,6.0,11.0,4.0,5.0,12.0,9.0,11.0,22.0,18.0,2.0,3.0,-2.0,-5.0,-4.0,-5.0,6.0,1.0,-5.0,7.0,3.0,-7.0,-5.0,1.0,-5.0,-44.0,171.0,424.0,278.0,93.0,36.0,12.0,10.0,10.0,12.0,8.0,7.0,9.0,7.0,4.0,4.0,4.0,5.0,1.0,-1.0,2.0,0.0,-1.0,-1.0,0.0,4.0,0.0,0.0,4.0,1.0,0.0,-1.0,0.0,-2.0,-3.0,0.0,0.0,-1.0,0.0,1.0,0.0,-1.0,0.0,3.0,2.0,-1.0,-3.0,-2.0,1.0,3.0,-1.0,-3.0,3.0,2.0,1.0,0.0
0.0,0.0,-1.0,-1.0,0.0,2.0,0.0,0.0,1.0,0.0,0.0,1.0,3.0,3.0,1.0,1.0,3.0,2.0,0.0,0.0,4.0,4.0,2.0,1.0,-2.0,3.0,4.0,0.0,4.0,4.0,1.0,0.0,0.0,3.0,3.0,-1.0,0.0,3.0,3.0,3.0,1.0,0.0,0.0,-2.0,-4.0,-2.0,-4.0,-5.0,-4.0,-3.0,-4.0,-9.0,-7.0,-3.0,-10.0,-15.0,-8.0,-15.0,-55.0,-255.0,-368.0,-200.0,-63.0,-34.0,-20.0,-5.0,-7.0,-15.0,-18.0,-4.0,5.0,8.0,11.0,-5.0,-1.0,17.0,14.0,4.0,-4.0,8.0,14.0,-3.0,-6.0,2.0,6.0,6.0,10.0,0.0,-10.0,0.0,2.0,-3.0,1.0,-6.0,-10.0,-15.0,-21.0,-9.0,5.0,7.0,-9.0,-5.0,9.0,14.0,20.0,44.0,13.0,-28.0,-21.0,-1.0,-5.0,-12.0,5.0,-6.0,-3.0,4.0,4.0,15.0,8.0,1.0,6.0,5.0,5.0,12.0,11.0,7.0,8.0,21.0,25.0,0.0,-4.0,-5.0,-7.0,-9.0,-11.0,1.0,0.0,0.0,11.0,4.0,-6.0,-4.0,-3.0,4.0,-27.0,-11.0,258.0,428.0,241.0,49.0,9.0,15.0,13.0,13.0,8.0,7.0,12.0,9.0,3.0,4.0,5.0,6.0,2.0,-1.0,2.0,-1.0,-2.0,0.0,1.0,4.0,2.0,0.0,1.0,0.0,0.0,0.0,0.0,-1.0,-1.0,0.0,0.0,-2.0,0.0,2.0,0.0,-2.0,0.0,1.0,-2.0,-1.0,-1.0,0.0,3.0,3.0,-3.0,-3.0,4.0,0.0,0.0,0.0
0.0,0.0,-2.0,-1.0,0.0,3.0,1.0,0.0,2.0,-1.0,0.0,2.0,1.0,3.0,3.0,-1.0,0.0,2.0,2.0,0.0,3.0,4.0,1.0,3.0,0.0,1.0,3.0,1.0,4.0,3.0,3.0,1.0,0.0,3.0,3.0,-1.0,-2.0,3.0,3.0,2.0,1.0,0.0,1.0,-1.0,-4.0,-3.0,-4.0,-5.0,-5.0,-4.0,-4.0,-8.0,-8.0,-3.0,-11.0,-16.0,-10.0,-66.0,-174.0,-342.0,-288.0,-73.0,-31.0,-30.0,-15.0,-4.0,-1.0,-11.0,-21.0,-2.0,12.0,14.0,11.0,-5.0,-5.0,12.0,13.0,9.0,2.0,4.0,20.0,-3.0,-2.0,10.0,-4.0,-3.0,13.0,3.0,-10.0,7.0,3.0,-3.0,1.0,0.0,-2.0,-11.0,-19.0,-20.0,-4.0,13.0,-4.0,-7.0,13.0,15.0,12.0,38.0,19.0,-23.0,-37.0,-25.0,-4.0,4.0,5.0,-10.0,0.0,10.0,14.0,34.0,17.0,-1.0,-2.0,-12.0,-5.0,10.0,8.0,10.0,13.0,17.0,25.0,1.0,-9.0,-2.0,-4.0,-14.0,-15.0,-3.0,0.0,2.0,6.0,2.0,-2.0,2.0,0.0,-2.0,4.0,-47.0,34.0,374.0,402.0,127.0,27.0,22.0,18.0,15.0,10.0,9.0,13.0,10.0,4.0,5.0,6.0,5.0,3.0,2.0,1.0,-2.0,-2.0,0.0,3.0,4.0,1.0,-1.0,0.0,0.0,0.0,0.0,0.0,0.0,-1.0,0.0,1.0,-1.0,0.0,1.0,-1.0,-1.0,1.0,0.0,-3.0,-2.0,0.0,2.0,3.0,1.0,-3.0,-2.0,3.0,-1.0,0.0,0.0
0.0,0.0,0.0,-3.0,-1.0,4.0,2.0,0.0,2.0,-1.0,0.0,3.0,0.0,2.0,3.0,-2.0,-2.0,2.0,5.0,1.0,1.0,4.0,1.0,3.0,2.0,0.0,2.0,3.0,3.0,1.0,4.0,3.0,0.0,1.0,2.0,1.0,-1.0,1.0,1.0,3.0,2.0,-1.0,3.0,1.0,-4.0,-5.0,-5.0,-6.0,-6.0,-4.0,-5.0,-8.0,-7.0,-3.0,-12.0,-15.0,-17.0,-156.0,-334.0,-304.0,-119.0,-28.0,-41.0,-28.0,-13.0,-4.0,4.0,-8.0,-19.0,0.0,15.0,15.0,10.0,-2.0,-10.0,0.0,16.0,18.0,4.0,0.0,21.0,0.0,9.0,14.0,-17.0,-7.0,14.0,4.0,-6.0,5.0,1.0,3.0,1.0,0.0,2.0,-5.0,-17.0,-21.0,-2.0,14.0,-7.0,-7.0,25.0,18.0,-2.0,21.0,18.0,-14.0,-37.0,-31.0,6.0,13.0,-10.0,-12.0,9.0,14.0,13.0,34.0,42.0,19.0,-19.0,-33.0,-16.0,0.0,3.0,10.0,12.0,16.0,25.0,0.0,-10.0,4.0,3.0,-13.0,-17.0,-5.0,0.0,1.0,2.0,1.0,0.0,6.0,1.0,-6.0,-2.0,-7.0,-61.0,134.0,440.0,315.0,79.0,28.0,20.0,16.0,15.0,11.0,11.0,10.0,6.0,7.0,7.0,4.0,5.0,4.0,0.0,-2.0,-2.0,0.0,3.0,4.0,1.0,-2.0,-1.0,0.0,0.0,0.0,0.0,0.0,-2.0,0.0,2.0,0.0,0.0,0.0,-2.0,0.0,2.0,0.0,-2.0,-1.0,1.0,1.0,1.0,0.0,-1.0,-2.0,0.0,1.0,1.0,0.0
0.0,0.0,2.0,-2.0,-2.0,2.0,1.0,1.0,3.0,1.0,0.0,0.0,0.0,2.0,1.0,-2.0,-1.0,3.0,6.0,3.0,-1.0,3.0,3.0,1.0,1.0,1.0,3.0,3.0,2.0,1.0,4.0,3.0,-1.0,0.0,2.0,3.0,1.0,0.0,0.0,4.0,2.0,-3.0,3.0,2.0,-4.0,-5.0,-6.0,-6.0,-6.0,-5.0,-6.0,-7.0,-6.0,-7.0,-13.0,-14.0,-43.0,-253.0,-412.0,-211.0,-23.0,-27.0,-37.0,-26.0,-15.0,-5.0,6.0,-4.0,-11.0,2.0,11.0,14.0,13.0,-2.0,-15.0,-6.0,16.0,20.0,6.0,1.0,18.0,10.0,21.0,7.0,-26.0,-6.0,10.0,2.0,-11.0,-17.0,10.0,24.0,4.0,0.0,3.0,3.0,-11.0,-8.0,-3.0,-5.0,-12.0,-6.0,25.0,16.0,-3.0,15.0,10.0,-5.0,-15.0,-14.0,12.0,6.0,-24.0,-13.0,23.0,22.0,5.0,24.0,47.0,25.0,-22.0,-33.0,-23.0,-16.0,-5.0,9.0,9.0,20.0,23.0,-7.0,-11.0,6.0,12.0,-6.0,-17.0,-6.0,0.0,1.0,2.0,2.0,0.0,3.0,0.0,-7.0,-7.0,9.0,-36.0,-61.0,307.0,480.0,184.0,36.0,21.0,16.0,17.0,13.0,10.0,11.0,7.0,8.0,9.0,5.0,6.0,4.0,0.0,-3.0,-1.0,1.0,1.0,3.0,2.0,-1.0,-1.0,0.0,0.0,0.0,0.0,0.0,-2.0,1.0,2.0,-1.0,-1.0,0.0,-1.0,0.0,1.0,1.0,-2.0,-1.0,2.0,0.0,0.0,1.0,0.0,-2.0,-2.0,1.0,2.0,0.0
0.0,0.0,1.0,1.0,0.0,0.0,0.0,2.0,3.0,0.0,0.0,0.0,1.0,1.0,0.0,0.0,0.0,3.0,6.0,3.0,-2.0,2.0,3.0,1.0,0.0,2.0,4.0,2.0,3.0,3.0,4.0,1.0,-2.0,0.0,1.0,3.0,2.0,0.0,0.0,4.0,3.0,-4.0,0.0,1.0,-4.0,-3.0,-5.0,-6.0,-6.0,-7.0,-5.0,-7.0,-8.0,-10.0,-15.0,-15.0,-115.0,-374.0,-358.0,-88.0,-16.0,-31.0,-26.0,-22.0,-16.0,-7.0,4.0,3.0,0.0,6.0,6.0,13.0,17.0,-6.0,-18.0,-5.0,12.0,16.0,10.0,3.0,15.0,20.0,22.0,-2.0,-25.0,-2.0,7.0,-1.0,-19.0,-22.0,23.0,32.0,6.0,1.0,5.0,8.0,-5.0,5.0,-8.0,-25.0,-9.0,-8.0,4.0,6.0,5.0,16.0,0.0,5.0,16.0,2.0,6.0,-5.0,-24.0,-15.0,26.0,36.0,14.0,17.0,23.0,9.0,-18.0,-20.0,-18.0,-26.0,-14.0,12.0,11.0,19.0,15.0,-12.0,-9.0,6.0,15.0,-4.0,-15.0,-3.0,1.0,7.0,4.0,0.0,1.0,-1.0,3.0,-4.0,-6.0,4.0,-1.0,-91.0,87.0,467.0,355.0,72.0,21.0,17.0,18.0,15.0,10.0,12.0,9.0,9.0,10.0,7.0,7.0,4.0,0.0,-4.0,-1.0,3.0,1.0,1.0,1.0,0.0,1.0,1.0,1.0,0.0,0.0,0.0,-3.0,1.0,3.0,-2.0,-2.0,0.0,-1.0,0.0,0.0,2.0,-1.0,-2.0,1.0,0.0,0.0,2.0,1.0,-2.0,-2.0,0.0,1.0,0.0
0.0,0.0,0.0,2.0,3.0,1.0,0.0,1.0,1.0,-2.0,1.0,2.0,1.0,1.0,1.0,2.0,0.0,1.0,5.0,2.0,-1.0,2.0,1.0,2.0,1.0,2.0,4.0,3.0,3.0,3.0,3.0,2.0,0.0,-1.0,0.0,1.0,2.0,0.0,0.0,4.0,3.0,-3.0,-3.0,-1.0,-4.0,-3.0,-4.0,-5.0,-6.0,-9.0,-4.0,-9.0,-11.0,-10.0,-18.0,-36.0,-249.0,-448.0,-215.0,0.0,-29.0,-27.0,-18.0,-19.0,-15.0,-7.0,1.0,14.0,11.0,7.0,3.0,13.0,21.0,-13.0,-22.0,-4.0,9.0,14.0,15.0,8.0,13.0,17.0,13.0,4.0,-19.0,-4.0,9.0,-3.0,-9.0,3.0,18.0,13.0,5.0,1.0,7.0,2.0,-7.0,13.0,-4.0,-24.0,-7.0,-12.0,-15.0,-1.0,8.0,8.0,1.0,11.0,23.0,13.0,5.0,-13.0,-25.0,-20.0,23.0,38.0,27.0,20.0,4.0,-9.0,-29.0,-22.0,-2.0,-9.0,-17.0,12.0,15.0,14.0,7.0,-8.0,-1.0,5.0,10.0,-10.0,-15.0,1.0,5.0,14.0,17.0,3.0,-2.0,0.0,5.0,-3.0,-5.0,3.0,0.0,-45.0,-65.0,283.0,473.0,196.0,34.0,18.0,21.0,16.0,11.0,13.0,11.0,12.0,11.0,8.0,7.0,3.0,1.0,-3.0,-3.0,4.0,2.0,0.0,1.0,0.0,2.0,3.0,2.0,0.0,0.0,0.0,-4.0,-2.0,4.0,-1.0,-2.0,0.0,-1.0,1.0,0.0,1.0,0.0,-1.0,-1.0,-1.0,0.0,2.0,3.0,-2.0,-3.0,0.0,0.0,0.0
0.0,-1.0,1.0,3.0,4.0,0.0,-1.0,1.0,0.0,-1.0,3.0,1.0,-1.0,3.0,2.0,1.0,0.0,1.0,4.0,2.0,0.0,1.0,1.0,1.0,2.0,3.0,4.0,4.0,1.0,1.0,2.0,5.0,2.0,-2.0,0.0,1.0,3.0,-1.0,0.0,4.0,1.0,-1.0,-3.0,-2.0,-4.0,-5.0,-5.0,-5.0,-6.0,-10.0,-6.0,-9.0,-11.0,-13.0,-34.0,-113.0,-388.0,-384.0,-62.0,2.0,-30.0,-16.0,-14.0,-16.0,-13.0,-6.0,-1.0,22.0,20.0,3.0,-1.0,16.0,27.0,-21.0,-29.0,-1.0,9.0,14.0,17.0,13.0,11.0,9.0,8.0,16.0,-14.0,-13.0,6.0,-2.0,7.0,17.0,10.0,1.0,1.0,4.0,12.0,-8.0,-11.0,21.0,2.0,-18.0,-11.0,-13.0,-18.0,1.0,9.0,0.0,8.0,7.0,7.0,10.0,8.0,-12.0,-29.0,-22.0,24.0,24.0,18.0,31.0,0.0,-26.0,-26.0,-22.0,6.0,16.0,-16.0,4.0,18.0,11.0,9.0,1.0,1.0,2.0,3.0,-8.0,-9.0,-1.0,5.0,11.0,25.0,20.0,3.0,1.0,0.0,-5.0,-4.0,3.0,-4.0,-18.0,-82.0,40.0,408.0,396.0,103.0,17.0,22.0,17.0,12.0,16.0,15.0,14.0,12.0,9.0,6.0,3.0,2.0,-1.0,-2.0,2.0,1.0,1.0,2.0,0.0,3.0,4.0,0.0,-1.0,1.0,1.0,-4.0,-4.0,4.0,1.0,-2.0,-1.0,0.0,3.0,1.0,0.0,0.0,0.0,-2.0,-3.0,-1.0,3.0,4.0,-3.0,-3.0,1.0,0.0,0.0
0.0,-2.0,2.0,4.0,3.0,-3.0,-2.0,2.0,1.0,0.0,3.0,1.0,-1.0,4.0,1.0,0.0,1.0,2.0,3.0,1.0,0.0,1.0,3.0,0.0,1.0,4.0,4.0,3.0,0.0,0.0,3.0,5.0,2.0,0.0,0.0,2.0,3.0,-2.0,0.0,3.0,1.0,1.0,-2.0,-3.0,-5.0,-7.0,-6.0,-6.0,-6.0,-8.0,-9.0,-8.0,-9.0,-18.0,-73.0,-266.0,-433.0,-215.0,12.0,-20.0,-25.0,-9.0,-9.0,-13.0,-12.0,-6.0,-3.0,18.0,19.0,0.0,-3.0,15.0,26.0,-18.0,-24.0,5.0,12.0,15.0,12.0,12.0,9.0,4.0,10.0,19.0,-9.0,-17.0,1.0,1.0,12.0,18.0,12.0,9.0,3.0,6.0,15.0,-15.0,-13.0,23.0,-1.0,-18.0,-14.0,-13.0,-13.0,3.0,10.0,-2.0,2.0,-5.0,-1.0,3.0,-3.0,-16.0,-27.0,-8.0,24.0,9.0,1.0,32.0,6.0,-16.0,7.0,-4.0,13.0,13.0,-30.0,-8.0,18.0,16.0,15.0,2.0,-5.0,-3.0,-2.0,3.0,5.0,-3.0,-1.0,8.0,24.0,36.0,15.0,-3.0,-6.0,-8.0,-6.0,0.0,-4.0,-16.0,-40.0,-97.0,213.0,511.0,242.0,18.0,22.0,21.0,13.0,21.0,19.0,12.0,13.0,12.0,7.0,5.0,2.0,1.0,1.0,-1.0,1.0,2.0,1.0,0.0,4.0,3.0,-3.0,-2.0,2.0,3.0,-2.0,-4.0,3.0,3.0,-1.0,-2.0,-1.0,3.0,2.0,0.0,0.0,0.0,-1.0,-3.0,-2.0,3.0,3.0,-4.0,-1.0,3.0,0.0,0.0
0.0,-1.0,1.0,3.0,1.0,-3.0,0.0,2.0,2.0,-1.0,1.0,3.0,0.0,3.0,1.0,1.0,2.0,1.0,1.0,0.0,1.0,3.0,3.0,1.0,1.0,3.0,3.0,1.0,1.0,1.0,3.0,4.0,3.0,2.0,0.0,1.0,2.0,0.0,0.0,1.0,2.0,2.0,-2.0,-5.0,-7.0,-8.0,-6.0,-6.0,-7.0,-6.0,-8.0,-8.0,-9.0,-23.0,-159.0,-430.0,-354.0,-44.0,11.0,-26.0,-20.0,-7.0,-7.0,-13.0,-11.0,-4.0,-3.0,5.0,6.0,2.0,2.0,9.0,16.0,-8.0,-12.0,9.0,19.0,18.0,8.0,7.0,5.0,2.0,11.0,13.0,-3.0,-9.0,2.0,2.0,13.0,23.0,12.0,17.0,12.0,7.0,11.0,-14.0,-13.0,9.0,-12.0,-18.0,-14.0,-16.0,-10.0,-3.0,7.0,1.0,-4.0,-11.0,-4.0,1.0,-25.0,-24.0,-9.0,12.0,26.0,-3.0,-11.0,22.0,19.0,14.0,31.0,14.0,15.0,-4.0,-35.0,-12.0,14.0,22.0,10.0,-1.0,1.0,-5.0,-9.0,2.0,7.0,-3.0,2.0,19.0,38.0,36.0,7.0,-2.0,-4.0,-11.0,-10.0,-5.0,-4.0,-17.0,-22.0,-85.0,23.0,451.0,393.0,54.0,29.0,23.0,14.0,25.0,21.0,10.0,14.0,13.0,9.0,6.0,2.0,3.0,3.0,0.0,2.0,1.0,0.0,0.0,4.0,2.0,-3.0,-1.0,1.0,3.0,1.0,-3.0,1.0,3.0,0.0,-2.0,-1.0,2.0,1.0,0.0,0.0,1.0,0.0,-1.0,-1.0,0.0,1.0,-4.0,0.0,5.0,0.0,0.0
0.0,0.0,0.0,1.0,0.0,-1.0,3.0,3.0,1.0,-2.0,1.0,4.0,-1.0,1.0,3.0,2.0,1.0,0.0,1.0,1.0,2.0,3.0,1.0,3.0,3.0,1.0,1.0,1.0,3.0,2.0,1.0,5.0,5.0,0.0,-1.0,1.0,3.0,2.0,0.0,1.0,1.0,-1.0,-2.0,-4.0,-7.0,-9.0,-7.0,-6.0,-8.0,-7.0,-6.0,-8.0,-10.0,-34.0,-301.0,-499.0,-201.0,34.0,-3.0,-24.0,-17.0,-8.0,-10.0,-13.0,-10.0,-3.0,-1.0,-1.0,-1.0,4.0,5.0,3.0,4.0,-4.0,-6.0,11.0,27.0,23.0,10.0,3.0,0.0,3.0,7.0,2.0,3.0,0.0,3.0,2.0,14.0,27.0,10.0,14.0,13.0,8.0,4.0,-1.0,-6.0,-10.0,-22.0,-25.0,-12.0,-10.0,-8.0,-7.0,2.0,2.0,0.0,-6.0,-13.0,-6.0,-33.0,-19.0,18.0,20.0,17.0,-2.0,-9.0,8.0,25.0,23.0,26.0,9.0,-5.0,2.0,2.0,-1.0,6.0,12.0,1.0,6.0,23.0,4.0,-21.0,-15.0,-8.0,-2.0,15.0,32.0,42.0,24.0,3.0,12.0,4.0,-13.0,-12.0,-10.0,-5.0,-15.0,-31.0,-46.0,-80.0,289.0,472.0,166.0,50.0,24.0,13.0,24.0,22.0,12.0,13.0,11.0,11.0,7.0,2.0,4.0,6.0,4.0,2.0,1.0,0.0,-1.0,4.0,3.0,-1.0,0.0,0.0,1.0,2.0,-1.0,-2.0,1.0,1.0,-2.0,-1.0,3.0,1.0,-1.0,1.0,3.0,0.0,-1.0,-1.0,-2.0,1.0,-4.0,-1.0,6.0,0.0,0.0
0.0,-1.0,0.0,1.0,0.0,-1.0,3.0,4.0,0.0,-1.0,2.0,4.0,-2.0,0.0,4.0,1.0,1.0,1.0,2.0,2.0,1.0,2.0,1.0,3.0,3.0,0.0,1.0,3.0,3.0,2.0,0.0,5.0,6.0,-1.0,-1.0,2.0,3.0,1.0,0.0,2.0,1.0,-4.0,-4.0,-3.0,-6.0,-9.0,-7.0,-6.0,-8.0,-8.0,-6.0,-8.0,-14.0,-84.0,-437.0,-453.0,-58.0,36.0,-9.0,-21.0,-16.0,-12.0,-11.0,-11.0,-10.0,-4.0,-1.0,0.0,2.0,4.0,3.0,-2.0,-5.0,-3.0,1.0,14.0,27.0,25.0,12.0,3.0,3.0,8.0,-2.0,-13.0,2.0,3.0,3.0,2.0,16.0,27.0,9.0,12.0,13.0,3.0,5.0,17.0,-2.0,-24.0,-26.0,-34.0,-15.0,5.0,-3.0,-8.0,0.0,0.0,-1.0,-5.0,-18.0,-12.0,-16.0,-9.0,21.0,21.0,3.0,3.0,-2.0,-2.0,21.0,19.0,10.0,-9.0,-9.0,26.0,32.0,16.0,8.0,1.0,-9.0,8.0,46.0,19.0,-34.0,-39.0,-19.0,8.0,19.0,29.0,27.0,15.0,17.0,28.0,8.0,-17.0,-8.0,-8.0,-5.0,-13.0,-42.0,-43.0,-86.0,105.0,434.0,328.0,93.0,29.0,13.0,22.0,21.0,15.0,13.0,11.0,11.0,7.0,3.0,6.0,9.0,6.0,3.0,3.0,0.0,-2.0,4.0,4.0,0.0,1.0,0.0,-1.0,2.0,0.0,-4.0,0.0,2.0,-1.0,-2.0,3.0,3.0,-1.0,1.0,2.0,1.0,-2.0,-2.0,0.0,2.0,-4.0,-2.0,4.0,0.0,0.0
0.0,-2.0,0.0,2.0,0.0,-2.0,2.0,4.0,0.0,0.0,1.0,3.0,-1.0,0.0,4.0,1.0,2.0,2.0,1.0,1.0,1.0,3.0,3.0,2.0,1.0,0.0,1.0,3.0,3.0,2.0,0.0,3.0,4.0,2.0,2.0,2.0,1.0,-1.0,0.0,1.0,2.0,-2.0,-6.0,-6.0,-6.0,-7.0,-6.0,-6.0,-8.0,-7.0,-5.0,-9.0,-25.0,-213.0,-515.0,-314.0,27.0,23.0,-9.0,-20.0,-17.0,-12.0,-8.0,-11.0,-10.0,-3.0,-1.0,1.0,2.0,0.0,-1.0,-3.0,-5.0,0.0,8.0,19.0,20.0,20.0,18.0,7.0,8.0,10.0,-9.0,-22.0,-10.0,3.0,7.0,3.0,20.0,24.0,4.0,16.0,19.0,-5.0,15.0,24.0,-13.0,-29.0,-15.0,-29.0,-26.0,12.0,-1.0,-17.0,-2.0,1.0,-6.0,-9.0,-2.0,2.0,-7.0,-15.0,6.0,27.0,5.0,-5.0,-7.0,-3.0,13.0,9.0,-2.0,-8.0,17.0,37.0,25.0,38.0,21.0,-12.0,-19.0,8.0,54.0,17.0,-41.0,-39.0,-9.0,10.0,3.0,14.0,25.0,21.0,23.0,34.0,10.0,-21.0,-6.0,0.0,0.0,-11.0,-43.0,-52.0,-54.0,-31.0,287.0,450.0,196.0,36.0,15.0,22.0,19.0,17.0,17.0,11.0,9.0,6.0,4.0,9.0,10.0,6.0,5.0,4.0,0.0,-1.0,4.0,4.0,0.0,2.0,0.0,-2.0,2.0,0.0,-4.0,0.0,3.0,1.0,-2.0,0.0,3.0,1.0,-1.0,0.0,3.0,-1.0,-1.0,2.0,1.0,-4.0,-2.0,1.0,1.0,0.0
0.0,-1.0,1.0,2.0,0.0,-1.0,2.0,3.0,0.0,0.0,0.0,0.0,0.0,1.0,4.0,3.0,1.0,1.0,0.0,1.0,3.0,3.0,4.0,3.0,0.0,0.0,0.0,1.0,4.0,2.0,0.0,2.0,2.0,4.0,3.0,2.0,0.0,-1.0,0.0,0.0,2.0,-1.0,-6.0,-8.0,-5.0,-6.0,-7.0,-6.0,-8.0,-5.0,-4.0,-11.0,-50.0,-378.0,-520.0,-142.0,53.0,12.0,-8.0,-19.0,-18.0,-10.0,-5.0,-11.0,-11.0,-2.0,1.0,3.0,0.0,-7.0,-7.0,-1.0,2.0,5.0,11.0,23.0,16.0,14.0,23.0,14.0,9.0,1.0,-13.0,-21.0,-16.0,2.0,10.0,7.0,21.0,19.0,-4.0,13.0,20.0,-4.0,14.0,12.0,-20.0,-11.0,4.0,-19.0,-23.0,15.0,-2.0,-27.0,-7.0,-7.0,-15.0,-6.0,25.0,22.0,-24.0,-35.0,3.0,43.0,11.0,-15.0,-12.0,-13.0,6.0,7.0,-6.0,-2.0,28.0,30.0,17.0,58.0,32.0,-29.0,-19.0,15.0,37.0,-1.0,-30.0,-12.0,1.0,1.0,-12.0,1.0,35.0,36.0,22.0,27.0,12.0,-18.0,-10.0,7.0,7.0,-8.0,-35.0,-60.0,-43.0,-78.0,86.0,472.0,369.0,57.0,17.0,20.0,16.0,19.0,21.0,10.0,8.0,6.0,4.0,9.0,9.0,7.0,7.0,5.0,1.0,1.0,4.0,3.0,1.0,1.0,-1.0,0.0,3.0,-1.0,-5.0,0.0,4.0,2.0,-2.0,-1.0,2.0,1.0,-1.0,1.0,3.0,0.0,0.0,1.0,0.0,-3.0,-3.0,-1.0,2.0,0.0
0.0,0.0,2.0,3.0,0.0,0.0,1.0,1.0,1.0,0.0,-1.0,-3.0,0.0,3.0,4.0,3.0,0.0,0.0,0.0,3.0,4.0,1.0,4.0,4.0,0.0,0.0,2.0,1.0,2.0,2.0,0.0,2.0,3.0,3.0,2.0,2.0,0.0,0.0,0.0,1.0,2.0,-3.0,-6.0,-8.0,-6.0,-5.0,-7.0,-7.0,-8.0,-4.0,-4.0,-15.0,-119.0,-493.0,-446.0,-23.0,46.0,7.0,-8.0,-17.0,-17.0,-10.0,-4.0,-8.0,-13.0,-2.0,2.0,2.0,2.0,-9.0,-10.0,1.0,5.0,10.0,17.0,23.0,17.0,13.0,17.0,20.0,12.0,-8.0,-21.0,-22.0,-10.0,1.0,9.0,12.0,13.0,10.0,-5.0,5.0,15.0,2.0,7.0,3.0,-12.0,14.0,11.0,-16.0,-4.0,24.0,2.0,-28.0,-14.0,-24.0,-28.0,-6.0,26.0,19.0,-34.0,-40.0,11.0,58.0,12.0,-18.0,-15.0,-29.0,14.0,24.0,-11.0,-10.0,18.0,22.0,25.0,57.0,29.0,-31.0,-14.0,18.0,11.0,-14.0,-9.0,1.0,-4.0,9.0,1.0,-3.0,35.0,47.0,23.0,12.0,6.0,-10.0,-5.0,9.0,11.0,2.0,-30.0,-70.0,-54.0,-65.0,-60.0,424.0,515.0,90.0,17.0,17.0,13.0,19.0,21.0,11.0,8.0,5.0,4.0,9.0,8.0,8.0,9.0,6.0,3.0,3.0,4.0,2.0,3.0,1.0,-2.0,1.0,3.0,-2.0,-4.0,0.0,2.0,2.0,-1.0,1.0,2.0,1.0,0.0,0.0,1.0,0.0,0.0,0.0,0.0,-1.0,-3.0,-2.0,1.0,0.0
0.0,0.0,1.0,4.0,1.0,0.0,0.0,0.0,2.0,-1.0,-2.0,-2.0,0.0,3.0,3.0,1.0,0.0,1.0,1.0,3.0,3.0,1.0,4.0,4.0,1.0,0.0,3.0,2.0,0.0,1.0,1.0,3.0,3.0,2.0,3.0,2.0,0.0,-1.0,0.0,2.0,1.0,-4.0,-5.0,-7.0,-9.0,-5.0,-6.0,-8.0,-8.0,-5.0,-5.0,-24.0,-235.0,-540.0,-322.0,34.0,38.0,4.0,-9.0,-16.0,-16.0,-9.0,-4.0,-6.0,-14.0,-4.0,2.0,2.0,4.0,-9.0,-9.0,5.0,7.0,12.0,22.0,19.0,15.0,19.0,15.0,18.0,11.0,-9.0,-23.0,-19.0,-7.0,-4.0,7.0,14.0,0.0,-3.0,0.0,1.0,14.0,8.0,3.0,5.0,-1.0,17.0,9.0,-10.0,9.0,25.0,5.0,-19.0,-20.0,-32.0,-33.0,-16.0,7.0,4.0,-27.0,-20.0,19.0,53.0,7.0,-24.0,-15.0,-16.0,27.0,23.0,-13.0,-9.0,10.0,19.0,29.0,38.0,11.0,-21.0,-2.0,16.0,-1.0,-17.0,-1.0,1.0,-6.0,22.0,21.0,3.0,28.0,45.0,24.0,6.0,-5.0,-8.0,7.0,8.0,14.0,18.0,-26.0,-76.0,-67.0,-40.0,-99.0,367.0,553.0,115.0,18.0,14.0,13.0,17.0,19.0,12.0,8.0,5.0,5.0,10.0,7.0,7.0,10.0,6.0,5.0,5.0,4.0,2.0,5.0,4.0,-1.0,-1.0,1.0,-2.0,-2.0,1.0,0.0,2.0,1.0,2.0,1.0,1.0,0.0,-2.0,0.0,0.0,1.0,0.0,-2.0,0.0,-1.0,-1.0,1.0,0.0
0.0,0.0,-1.0,3.0,3.0,0.0,0.0,0.0,1.0,-2.0,-1.0,2.0,0.0,0.0,1.0,0.0,0.0,3.0,3.0,2.0,2.0,2.0,3.0,4.0,3.0,0.0,1.0,1.0,1.0,1.0,2.0,3.0,1.0,2.0,4.0,2.0,0.0,-1.0,1.0,1.0,-1.0,-4.0,-4.0,-5.0,-9.0,-7.0,-7.0,-8.0,-8.0,-7.0,-8.0,-36.0,-362.0,-545.0,-187.0,55.0,32.0,1.0,-10.0,-16.0,-17.0,-9.0,-4.0,-7.0,-12.0,-6.0,2.0,5.0,3.0,-9.0,-7.0,9.0,14.0,14.0,21.0,14.0,9.0,24.0,13.0,8.0,14.0,-1.0,-15.0,-13.0,-11.0,-7.0,9.0,11.0,-9.0,-11.0,-2.0,-4.0,16.0,15.0,-1.0,7.0,9.0,6.0,7.0,7.0,10.0,7.0,-1.0,-9.0,-20.0,-29.0,-28.0,-20.0,-1.0,-2.0,-15.0,4.0,18.0,29.0,-8.0,-35.0,-8.0,19.0,29.0,2.0,-4.0,5.0,12.0,19.0,16.0,13.0,-4.0,3.0,19.0,5.0,-4.0,-12.0,6.0,8.0,-7.0,14.0,16.0,7.0,26.0,37.0,24.0,17.0,-5.0,-20.0,5.0,13.0,20.0,27.0,-16.0,-66.0,-75.0,-29.0,-90.0,308.0,531.0,144.0,22.0,13.0,15.0,15.0,17.0,12.0,8.0,7.0,7.0,8.0,6.0,6.0,9.0,7.0,6.0,7.0,5.0,2.0,6.0,6.0,0.0,0.0,0.0,-3.0,-1.0,3.0,0.0,1.0,2.0,2.0,0.0,-1.0,0.0,-2.0,0.0,1.0,2.0,0.0,-4.0,1.0,-1.0,-1.0,3.0,0.0
0.0,0.0,-2.0,1.0,3.0,0.0,0.0,0.0,0.0,-1.0,0.0,4.0,1.0,-3.0,-1.0,0.0,0.0,4.0,5.0,3.0,2.0,1.0,2.0,4.0,3.0,0.0,1.0,0.0,3.0,3.0,1.0,2.0,0.0,1.0,3.0,3.0,1.0,0.0,2.0,-1.0,-3.0,-3.0,-4.0,-4.0,-8.0,-9.0,-8.0,-8.0,-9.0,-9.0,-11.0,-66.0,-470.0,-506.0,-65.0,48.0,19.0,0.0,-9.0,-16.0,-18.0,-11.0,-5.0,-7.0,-8.0,-5.0,3.0,6.0,1.0,-7.0,-5.0,9.0,15.0,17.0,25.0,18.0,6.0,13.0,-13.0,2.0,40.0,15.0,-3.0,-12.0,-18.0,-8.0,8.0,3.0,-11.0,-11.0,-6.0,-6.0,13.0,16.0,-2.0,7.0,17.0,0.0,6.0,19.0,5.0,-6.0,-6.0,-9.0,-18.0,-20.0,-22.0,-17.0,3.0,5.0,5.0,15.0,6.0,4.0,-20.0,-33.0,-5.0,32.0,24.0,-9.0,1.0,18.0,19.0,13.0,4.0,-2.0,-8.0,13.0,26.0,3.0,-3.0,-7.0,19.0,22.0,-7.0,0.0,2.0,1.0,19.0,34.0,23.0,21.0,7.0,-19.0,-6.0,9.0,23.0,29.0,-6.0,-45.0,-74.0,-33.0,-87.0,211.0,513.0,217.0,23.0,18.0,17.0,15.0,15.0,12.0,10.0,8.0,7.0,6.0,6.0,6.0,9.0,7.0,5.0,8.0,6.0,4.0,6.0,6.0,1.0,2.0,0.0,-4.0,1.0,4.0,0.0,0.0,1.0,1.0,0.0,-1.0,0.0,-2.0,0.0,3.0,2.0,0.0,-2.0,1.0,-3.0,-2.0,3.0,0.0
0.0,0.0,-1.0,1.0,1.0,-1.0,0.0,1.0,1.0,-1.0,-1.0,4.0,3.0,-3.0,-3.0,-1.0,0.0,4.0,7.0,4.0,1.0,1.0,3.0,3.0,1.0,1.0,3.0,0.0,3.0,3.0,0.0,3.0,1.0,0.0,2.0,4.0,2.0,0.0,1.0,-3.0,-3.0,-1.0,-4.0,-5.0,-9.0,-10.0,-8.0,-8.0,-10.0,-11.0,-17.0,-141.0,-535.0,-411.0,19.0,27.0,4.0,0.0,-8.0,-15.0,-17.0,-13.0,-7.0,-4.0,-4.0,-3.0,4.0,6.0,0.0,-6.0,-5.0,5.0,8.0,15.0,33.0,28.0,8.0,2.0,-31.0,9.0,62.0,24.0,4.0,-16.0,-28.0,-13.0,2.0,3.0,-3.0,-15.0,-12.0,-7.0,16.0,23.0,-1.0,-2.0,7.0,4.0,14.0,16.0,1.0,-2.0,-4.0,-9.0,-18.0,-15.0,-16.0,-10.0,6.0,15.0,23.0,8.0,-6.0,-3.0,-17.0,-21.0,-7.0,18.0,12.0,-10.0,-3.0,25.0,18.0,2.0,6.0,-6.0,-7.0,-1.0,12.0,18.0,9.0,3.0,20.0,25.0,7.0,3.0,-1.0,-11.0,3.0,31.0,25.0,17.0,13.0,6.0,-8.0,-14.0,18.0,32.0,2.0,-29.0,-56.0,-47.0,-103.0,92.0,488.0,323.0,34.0,23.0,20.0,19.0,15.0,13.0,14.0,8.0,5.0,7.0,5.0,5.0,10.0,5.0,4.0,9.0,6.0,6.0,7.0,6.0,2.0,2.0,0.0,-3.0,2.0,3.0,0.0,0.0,0.0,0.0,1.0,0.0,-1.0,0.0,1.0,3.0,1.0,0.0,1.0,-2.0,-4.0,-1.0,1.0,0.0
0.0,0.0,0.0,3.0,0.0,-3.0,1.0,3.0,2.0,-2.0,-1.0,3.0,2.0,-1.0,-3.0,-2.0,0.0,3.0,7.0,4.0,0.0,3.0,4.0,1.0,1.0,3.0,4.0,1.0,0.0,1.0,1.0,3.0,2.0,0.0,3.0,4.0,1.0,0.0,0.0,-3.0,-1.0,0.0,-5.0,-7.0,-10.0,-10.0,-8.0,-8.0,-9.0,-11.0,-32.0,-244.0,-554.0,-290.0,59.0,8.0,-3.0,-1.0,-9.0,-14.0,-16.0,-13.0,-7.0,-2.0,-1.0,0.0,5.0,4.0,-2.0,-7.0,-7.0,0.0,2.0,9.0,30.0,28.0,14.0,8.0,-5.0,26.0,49.0,20.0,-1.0,-20.0,-33.0,-19.0,6.0,15.0,7.0,-21.0,-24.0,-16.0,17.0,33.0,2.0,-11.0,-10.0,6.0,21.0,9.0,1.0,4.0,1.0,2.0,-12.0,-15.0,-7.0,4.0,10.0,10.0,11.0,-6.0,-2.0,6.0,-10.0,-19.0,-13.0,-1.0,6.0,0.0,-5.0,16.0,8.0,4.0,9.0,-9.0,-6.0,-8.0,1.0,25.0,21.0,21.0,17.0,14.0,27.0,16.0,-5.0,-20.0,-7.0,18.0,23.0,24.0,14.0,21.0,-2.0,-25.0,12.0,29.0,8.0,-19.0,-32.0,-46.0,-104.0,-15.0,426.0,409.0,55.0,23.0,24.0,23.0,19.0,16.0,15.0,8.0,6.0,9.0,4.0,4.0,9.0,4.0,4.0,10.0,7.0,6.0,8.0,5.0,1.0,3.0,1.0,-2.0,2.0,2.0,0.0,0.0,0.0,1.0,3.0,0.0,-2.0,2.0,2.0,1.0,-1.0,0.0,2.0,-3.0,-4.0,0.0,0.0,0.0
0.0,1.0,1.0,3.0,-1.0,-4.0,2.0,4.0,2.0,-1.0,1.0,1.0,-1.0,0.0,-2.0,-1.0,1.0,2.0,5.0,3.0,1.0,4.0,3.0,1.0,3.0,3.0,3.0,2.0,-2.0,1.0,3.0,1.0,2.0,0.0,3.0,5.0,1.0,0.0,-1.0,-2.0,0.0,-1.0,-7.0,-8.0,-9.0,-10.0,-8.0,-8.0,-8.0,-9.0,-43.0,-319.0,-545.0,-203.0,63.0,-2.0,-3.0,-4.0,-12.0,-15.0,-15.0,-11.0,-7.0,-2.0,1.0,3.0,7.0,2.0,-4.0,-7.0,-8.0,-1.0,2.0,6.0,19.0,20.0,16.0,13.0,24.0,37.0,27.0,12.0,-3.0,-11.0,-27.0,-25.0,14.0,25.0,12.0,-16.0,-35.0,-25.0,2.0,21.0,7.0,-5.0,-7.0,-1.0,8.0,1.0,3.0,8.0,8.0,11.0,2.0,2.0,6.0,9.0,7.0,-6.0,-15.0,-12.0,10.0,15.0,-8.0,-26.0,-20.0,-11.0,11.0,15.0,-1.0,2.0,1.0,12.0,2.0,-13.0,-4.0,-3.0,5.0,24.0,23.0,29.0,20.0,8.0,41.0,26.0,-19.0,-25.0,-8.0,3.0,10.0,21.0,20.0,27.0,11.0,-8.0,10.0,16.0,9.0,-8.0,-19.0,-22.0,-78.0,-114.0,345.0,464.0,75.0,25.0,29.0,24.0,23.0,20.0,13.0,7.0,9.0,11.0,6.0,4.0,8.0,5.0,4.0,9.0,7.0,6.0,8.0,5.0,1.0,4.0,3.0,-3.0,1.0,3.0,0.0,0.0,0.0,3.0,4.0,0.0,-1.0,1.0,1.0,0.0,-1.0,0.0,0.0,-2.0,-3.0,0.0,0.0,0.0
0.0,2.0,2.0,1.0,-2.0,-3.0,1.0,4.0,3.0,-1.0,0.0,0.0,0.0,1.0,-3.0,-1.0,2.0,3.0,4.0,2.0,3.0,3.0,2.0,2.0,3.0,2.0,2.0,2.0,-1.0,2.0,3.0,1.0,3.0,0.0,2.0,6.0,2.0,0.0,-2.0,-2.0,0.0,-3.0,-8.0,-9.0,-9.0,-9.0,-9.0,-8.0,-7.0,-9.0,-41.0,-359.0,-525.0,-154.0,42.0,-9.0,-2.0,-4.0,-16.0,-18.0,-12.0,-12.0,-9.0,2.0,5.0,5.0,8.0,3.0,-2.0,-2.0,-5.0,2.0,6.0,9.0,17.0,14.0,10.0,11.0,25.0,30.0,16.0,3.0,0.0,6.0,-15.0,-24.0,19.0,29.0,12.0,-9.0,-44.0,-34.0,-7.0,3.0,11.0,9.0,-3.0,-12.0,-5.0,-7.0,0.0,9.0,12.0,10.0,11.0,22.0,20.0,7.0,-7.0,-17.0,-20.0,-9.0,7.0,12.0,-6.0,-23.0,-19.0,-9.0,11.0,15.0,4.0,2.0,10.0,17.0,-10.0,-21.0,-1.0,5.0,12.0,24.0,23.0,26.0,19.0,9.0,51.0,32.0,-38.0,-31.0,-9.0,-5.0,0.0,10.0,24.0,32.0,26.0,15.0,13.0,9.0,7.0,-3.0,-13.0,-6.0,-69.0,-181.0,286.0,493.0,103.0,31.0,33.0,24.0,22.0,22.0,13.0,6.0,10.0,13.0,10.0,4.0,7.0,7.0,4.0,6.0,6.0,7.0,8.0,6.0,4.0,4.0,2.0,-3.0,1.0,4.0,0.0,0.0,0.0,4.0,3.0,0.0,1.0,0.0,0.0,0.0,0.0,0.0,-2.0,-2.0,-2.0,0.0,0.0,0.0
0.0,1.0,1.0,-1.0,-1.0,0.0,0.0,3.0,3.0,-2.0,-1.0,1.0,2.0,1.0,-5.0,-3.0,4.0,6.0,3.0,2.0,4.0,2.0,2.0,2.0,2.0,2.0,2.0,3.0,0.0,0.0,2.0,3.0,4.0,0.0,2.0,5.0,1.0,0.0,-1.0,-1.0,0.0,-4.0,-8.0,-10.0,-11.0,-9.0,-10.0,-8.0,-7.0,-10.0,-42.0,-409.0,-499.0,-97.0,18.0,-17.0,-3.0,-1.0,-20.0,-22.0,-10.0,-14.0,-8.0,8.0,12.0,10.0,8.0,3.0,2.0,4.0,1.0,5.0,7.0,13.0,20.0,13.0,8.0,11.0,19.0,17.0,5.0,-8.0,-6.0,16.0,6.0,-5.0,26.0,19.0,-3.0,-7.0,-39.0,-42.0,-12.0,-6.0,15.0,21.0,-10.0,-13.0,3.0,-20.0,-13.0,12.0,10.0,7.0,9.0,15.0,18.0,9.0,-7.0,-15.0,-14.0,-1.0,0.0,-6.0,-8.0,-8.0,-9.0,-1.0,5.0,4.0,6.0,9.0,24.0,18.0,-14.0,-19.0,0.0,9.0,11.0,26.0,28.0,20.0,12.0,8.0,41.0,26.0,-40.0,-37.0,-10.0,-4.0,5.0,13.0,17.0,28.0,32.0,25.0,23.0,19.0,9.0,-5.0,-9.0,-4.0,-74.0,-212.0,262.0,507.0,119.0,30.0,31.0,23.0,17.0,22.0,17.0,9.0,12.0,15.0,12.0,5.0,6.0,8.0,4.0,3.0,7.0,8.0,7.0,5.0,7.0,6.0,0.0,-1.0,2.0,3.0,1.0,0.0,-1.0,3.0,1.0,1.0,3.0,0.0,-1.0,0.0,1.0,0.0,-1.0,-2.0,-3.0,0.0,1.0,0.0
0.0,1.0,0.0,-3.0,0.0,2.0,0.0,1.0,2.0,0.0,1.0,2.0,1.0,-2.0,-7.0,-3.0,8.0,10.0,3.0,1.0,3.0,2.0,1.0,3.0,3.0,1.0,2.0,4.0,0.0,-2.0,2.0,3.0,4.0,1.0,1.0,3.0,1.0,1.0,-1.0,-1.0,0.0,-4.0,-7.0,-9.0,-12.0,-11.0,-10.0,-9.0,-10.0,-9.0,-39.0,-450.0,-482.0,-54.0,1.0,-19.0,-4.0,-2.0,-24.0,-25.0,-12.0,-13.0,-6.0,10.0,19.0,16.0,9.0,1.0,5.0,6.0,2.0,6.0,8.0,13.0,19.0,15.0,9.0,10.0,20.0,13.0,-6.0,-14.0,-15.0,13.0,29.0,22.0,24.0,1.0,-14.0,-3.0,-18.0,-38.0,-26.0,-12.0,21.0,13.0,-41.0,-6.0,34.0,-24.0,-28.0,19.0,17.0,7.0,4.0,-2.0,0.0,7.0,-2.0,-10.0,-3.0,11.0,2.0,-19.0,-10.0,-1.0,-2.0,7.0,4.0,-5.0,1.0,10.0,20.0,13.0,-5.0,-8.0,1.0,12.0,14.0,33.0,34.0,12.0,7.0,4.0,3.0,15.0,-14.0,-46.0,-23.0,-2.0,18.0,32.0,11.0,13.0,29.0,26.0,34.0,37.0,17.0,-3.0,-8.0,-5.0,-69.0,-235.0,230.0,518.0,135.0,25.0,26.0,22.0,16.0,22.0,20.0,14.0,15.0,16.0,13.0,8.0,6.0,7.0,4.0,3.0,8.0,7.0,6.0,4.0,7.0,9.0,3.0,0.0,1.0,2.0,3.0,0.0,-3.0,2.0,1.0,2.0,2.0,0.0,-1.0,0.0,2.0,-1.0,0.0,-1.0,-3.0,-1.0,2.0,0.0
0.0,3.0,-1.0,-4.0,1.0,2.0,0.0,0.0,2.0,2.0,2.0,2.0,0.0,-3.0,-7.0,-1.0,8.0,10.0,5.0,0.0,1.0,1.0,1.0,4.0,4.0,1.0,2.0,3.0,0.0,-1.0,1.0,2.0,4.0,2.0,0.0,2.0,3.0,2.0,-2.0,-3.0,0.0,-3.0,-6.0,-9.0,-12.0,-12.0,-11.0,-10.0,-12.0,-10.0,-32.0,-451.0,-475.0,-47.0,-10.0,-22.0,-4.0,-5.0,-28.0,-27.0,-15.0,-14.0,-10.0,12.0,23.0,13.0,7.0,1.0,7.0,2.0,0.0,10.0,14.0,16.0,19.0,17.0,7.0,2.0,20.0,16.0,-5.0,-10.0,-18.0,4.0,37.0,32.0,8.0,-2.0,-1.0,14.0,6.0,-36.0,-40.0,-10.0,19.0,-11.0,-72.0,-8.0,54.0,-7.0,-33.0,17.0,39.0,7.0,-3.0,-4.0,-10.0,7.0,-9.0,-18.0,18.0,21.0,-5.0,-19.0,-9.0,-4.0,2.0,14.0,6.0,-8.0,-6.0,4.0,9.0,10.0,2.0,-5.0,1.0,13.0,29.0,38.0,28.0,5.0,6.0,5.0,-15.0,8.0,-2.0,-47.0,-48.0,-4.0,31.0,36.0,17.0,7.0,23.0,26.0,37.0,49.0,29.0,4.0,-7.0,-7.0,-58.0,-245.0,172.0,511.0,171.0,30.0,23.0,23.0,20.0,20.0,19.0,17.0,16.0,16.0,15.0,11.0,7.0,5.0,2.0,5.0,9.0,6.0,6.0,5.0,6.0,9.0,7.0,0.0,0.0,3.0,4.0,1.0,-3.0,2.0,2.0,1.0,-1.0,0.0,1.0,0.0,1.0,-2.0,0.0,2.0,-2.0,-3.0,2.0,0.0
0.0,4.0,-2.0,-3.0,3.0,2.0,0.0,0.0,2.0,2.0,2.0,2.0,0.0,-1.0,-4.0,0.0,5.0,6.0,4.0,0.0,1.0,1.0,2.0,3.0,4.0,3.0,2.0,1.0,-1.0,0.0,1.0,3.0,3.0,1.0,0.0,3.0,4.0,1.0,-2.0,-3.0,1.0,-2.0,-7.0,-10.0,-11.0,-12.0,-13.0,-9.0,-12.0,-14.0,-61.0,-463.0,-439.0,-29.0,-16.0,-23.0,-3.0,-12.0,-33.0,-27.0,-19.0,-19.0,-16.0,9.0,18.0,6.0,5.0,3.0,7.0,-7.0,2.0,19.0,24.0,26.0,17.0,20.0,11.0,-2.0,18.0,20.0,3.0,-8.0,-12.0,6.0,34.0,24.0,-5.0,5.0,12.0,36.0,17.0,-45.0,-45.0,-6.0,15.0,-11.0,-57.0,-18.0,28.0,3.0,-22.0,6.0,49.0,7.0,-14.0,0.0,-4.0,15.0,-8.0,-26.0,25.0,20.0,-16.0,-17.0,-14.0,-4.0,12.0,14.0,0.0,-8.0,-7.0,-2.0,9.0,9.0,-3.0,-6.0,3.0,19.0,24.0,30.0,25.0,-6.0,8.0,6.0,-7.0,0.0,-22.0,-30.0,-45.0,6.0,39.0,10.0,23.0,22.0,15.0,23.0,37.0,51.0,40.0,11.0,-6.0,-8.0,-48.0,-227.0,153.0,478.0,171.0,38.0,21.0,23.0,22.0,18.0,19.0,19.0,16.0,16.0,16.0,13.0,10.0,4.0,-1.0,6.0,11.0,6.0,5.0,6.0,6.0,8.0,8.0,1.0,1.0,4.0,3.0,2.0,0.0,2.0,2.0,0.0,-2.0,0.0,1.0,0.0,0.0,0.0,0.0,2.0,-4.0,-3.0,3.0,0.0
0.0,4.0,-1.0,-1.0,3.0,1.0,1.0,1.0,2.0,2.0,1.0,1.0,0.0,1.0,0.0,0.0,3.0,3.0,2.0,1.0,2.0,2.0,2.0,2.0,4.0,3.0,2.0,1.0,-2.0,0.0,2.0,4.0,2.0,0.0,0.0,3.0,3.0,0.0,-2.0,-1.0,3.0,-3.0,-9.0,-9.0,-9.0,-13.0,-14.0,-7.0,-13.0,-17.0,-112.0,-489.0,-386.0,-6.0,-17.0,-11.0,-3.0,-27.0,-38.0,-28.0,-27.0,-26.0,-17.0,4.0,11.0,6.0,5.0,1.0,3.0,-10.0,6.0,25.0,34.0,34.0,12.0,20.0,20.0,3.0,15.0,23.0,9.0,-5.0,4.0,22.0,31.0,16.0,2.0,14.0,12.0,28.0,1.0,-45.0,-38.0,-13.0,12.0,9.0,-29.0,-27.0,-2.0,3.0,-7.0,-6.0,38.0,13.0,-21.0,3.0,6.0,14.0,6.0,-13.0,9.0,9.0,-10.0,-10.0,-9.0,2.0,15.0,-1.0,-17.0,-12.0,-9.0,-5.0,13.0,8.0,-6.0,-7.0,11.0,36.0,-8.0,7.0,38.0,-16.0,4.0,5.0,-8.0,-9.0,-35.0,-15.0,-19.0,25.0,47.0,2.0,17.0,24.0,12.0,19.0,35.0,48.0,44.0,15.0,-6.0,-7.0,-43.0,-198.0,169.0,445.0,143.0,37.0,21.0,21.0,21.0,19.0,20.0,19.0,17.0,17.0,15.0,14.0,13.0,5.0,0.0,6.0,10.0,7.0,5.0,5.0,7.0,8.0,7.0,3.0,3.0,4.0,2.0,2.0,2.0,2.0,2.0,1.0,-2.0,-1.0,0.0,1.0,0.0,1.0,0.0,-1.0,-6.0,-1.0,4.0,0.0
0.0,3.0,-1.0,0.0,2.0,1.0,2.0,2.0,1.0,1.0,0.0,1.0,0.0,2.0,2.0,0.0,3.0,2.0,2.0,2.0,2.0,1.0,2.0,3.0,3.0,1.0,2.0,3.0,-1.0,0.0,2.0,4.0,2.0,0.0,0.0,2.0,2.0,0.0,-1.0,0.0,3.0,-4.0,-11.0,-9.0,-8.0,-14.0,-13.0,-7.0,-14.0,-18.0,-119.0,-458.0,-380.0,-40.0,-15.0,4.0,-7.0,-41.0,-40.0,-35.0,-36.0,-31.0,-14.0,8.0,15.0,8.0,0.0,-5.0,-3.0,-3.0,10.0,23.0,35.0,29.0,11.0,19.0,21.0,7.0,10.0,24.0,21.0,10.0,23.0,36.0,26.0,22.0,28.0,24.0,7.0,1.0,-21.0,-38.0,-28.0,-20.0,-5.0,7.0,-10.0,-17.0,-6.0,-2.0,-14.0,-24.0,23.0,13.0,-15.0,27.0,17.0,3.0,15.0,7.0,-4.0,1.0,7.0,2.0,4.0,4.0,10.0,-20.0,-43.0,-20.0,-13.0,-6.0,11.0,9.0,0.0,-7.0,10.0,28.0,-21.0,8.0,42.0,-25.0,-14.0,8.0,1.0,-8.0,-26.0,-9.0,-16.0,26.0,64.0,23.0,3.0,4.0,16.0,20.0,29.0,45.0,41.0,15.0,-3.0,-5.0,-36.0,-171.0,163.0,414.0,135.0,37.0,25.0,20.0,18.0,19.0,20.0,18.0,20.0,19.0,13.0,14.0,14.0,6.0,4.0,8.0,7.0,8.0,7.0,4.0,9.0,8.0,4.0,3.0,5.0,5.0,3.0,3.0,1.0,1.0,1.0,2.0,-1.0,-1.0,0.0,1.0,0.0,-1.0,0.0,-1.0,-4.0,0.0,3.0,0.0
0.0,2.0,-1.0,0.0,2.0,2.0,2.0,2.0,0.0,0.0,-1.0,1.0,0.0,1.0,2.0,1.0,5.0,3.0,1.0,1.0,2.0,0.0,2.0,4.0,2.0,1.0,2.0,4.0,0.0,-1.0,3.0,4.0,1.0,0.0,0.0,3.0,3.0,0.0,0.0,0.0,1.0,-4.0,-11.0,-10.0,-10.0,-14.0,-12.0,-10.0,-13.0,-18.0,-77.0,-383.0,-418.0,-112.0,-18.0,10.0,-11.0,-48.0,-43.0,-41.0,-38.0,-28.0,-9.0,7.0,13.0,7.0,-6.0,-8.0,0.0,6.0,10.0,17.0,27.0,12.0,9.0,25.0,21.0,10.0,11.0,27.0,32.0,23.0,38.0,38.0,22.0,37.0,42.0,25.0,6.0,-10.0,-23.0,-23.0,-15.0,-21.0,-28.0,-18.0,-2.0,3.0,-7.0,-21.0,-34.0,-32.0,21.0,12.0,-3.0,49.0,27.0,4.0,18.0,12.0,-8.0,7.0,22.0,2.0,9.0,5.0,-6.0,-42.0,-57.0,-18.0,-14.0,-7.0,9.0,7.0,-10.0,-12.0,-6.0,-17.0,-13.0,41.0,40.0,-19.0,-15.0,7.0,23.0,18.0,-12.0,-10.0,-19.0,7.0,55.0,40.0,7.0,-4.0,14.0,21.0,25.0,39.0,35.0,13.0,0.0,-5.0,-20.0,-136.0,150.0,372.0,128.0,40.0,27.0,22.0,18.0,16.0,18.0,19.0,22.0,19.0,14.0,15.0,13.0,7.0,7.0,11.0,8.0,8.0,7.0,4.0,9.0,7.0,2.0,2.0,7.0,7.0,4.0,4.0,-1.0,0.0,1.0,1.0,0.0,2.0,0.0,-1.0,1.0,-2.0,0.0,0.0,-2.0,0.0,1.0,0.0
0.0,1.0,1.0,1.0,1.0,1.0,3.0,3.0,0.0,0.0,-2.0,0.0,0.0,-1.0,3.0,3.0,4.0,4.0,1.0,0.0,1.0,0.0,2.0,4.0,3.0,2.0,2.0,3.0,0.0,-2.0,3.0,4.0,0.0,1.0,1.0,2.0,2.0,1.0,1.0,0.0,0.0,-3.0,-9.0,-10.0,-12.0,-15.0,-13.0,-12.0,-12.0,-19.0,-39.0,-338.0,-449.0,-150.0,-18.0,5.0,-22.0,-52.0,-42.0,-38.0,-33.0,-20.0,-3.0,0.0,0.0,2.0,-22.0,-14.0,22.0,19.0,2.0,6.0,17.0,4.0,9.0,31.0,29.0,11.0,8.0,41.0,36.0,18.0,46.0,32.0,24.0,50.0,35.0,15.0,9.0,-11.0,-13.0,0.0,-10.0,-24.0,-31.0,-29.0,-8.0,12.0,-16.0,-44.0,-42.0,-16.0,39.0,24.0,3.0,36.0,25.0,15.0,27.0,14.0,-6.0,17.0,21.0,-15.0,11.0,13.0,-35.0,-68.0,-50.0,-5.0,-11.0,-11.0,9.0,-1.0,-35.0,-22.0,-23.0,-54.0,-15.0,57.0,46.0,12.0,13.0,7.0,32.0,43.0,1.0,-20.0,-1.0,5.0,20.0,33.0,22.0,11.0,4.0,17.0,29.0,30.0,26.0,10.0,-3.0,-6.0,-2.0,-123.0,146.0,363.0,119.0,34.0,23.0,22.0,21.0,15.0,14.0,20.0,20.0,17.0,18.0,16.0,13.0,10.0,8.0,12.0,11.0,8.0,6.0,5.0,8.0,5.0,2.0,3.0,8.0,8.0,5.0,4.0,-3.0,0.0,4.0,1.0,0.0,3.0,-1.0,-1.0,3.0,-2.0,0.0,0.0,-2.0,-2.0,-1.0,0.0
0.0,-1.0,2.0,3.0,0.0,0.0,3.0,3.0,1.0,0.0,-1.0,2.0,0.0,-2.0,3.0,3.0,1.0,4.0,3.0,0.0,1.0,1.0,1.0,3.0,3.0,2.0,3.0,0.0,0.0,0.0,1.0,3.0,1.0,4.0,2.0,-2.0,-1.0,2.0,2.0,0.0,0.0,-2.0,-8.0,-10.0,-10.0,-15.0,-15.0,-13.0,-12.0,-18.0,-38.0,-349.0,-454.0,-135.0,-1.0,-7.0,-44.0,-49.0,-31.0,-32.0,-30.0,-14.0,2.0,0.0,-4.0,-7.0,-37.0,-14.0,39.0,26.0,-10.0,-14.0,4.0,7.0,19.0,36.0,32.0,9.0,-5.0,46.0,50.0,5.0,39.0,34.0,24.0,52.0,24.0,1.0,11.0,3.0,2.0,4.0,-30.0,-29.0,-9.0,-11.0,-5.0,14.0,-21.0,-51.0,-46.0,-7.0,51.0,31.0,9.0,21.0,13.0,19.0,35.0,14.0,0.0,18.0,9.0,-24.0,8.0,14.0,-49.0,-78.0,-40.0,2.0,-9.0,-17.0,3.0,-8.0,-45.0,-24.0,-25.0,-57.0,-9.0,63.0,50.0,24.0,22.0,11.0,29.0,43.0,12.0,-19.0,19.0,18.0,-3.0,7.0,30.0,34.0,-2.0,15.0,36.0,23.0,12.0,5.0,-6.0,-4.0,8.0,-143.0,130.0,394.0,131.0,24.0,21.0,17.0,21.0,18.0,11.0,18.0,18.0,18.0,20.0,16.0,15.0,12.0,9.0,11.0,11.0,8.0,7.0,8.0,6.0,3.0,3.0,5.0,8.0,8.0,7.0,4.0,-3.0,0.0,6.0,2.0,0.0,2.0,-2.0,0.0,2.0,-1.0,1.0,0.0,-1.0,-5.0,-3.0,0.0
0.0,0.0,3.0,3.0,1.0,1.0,0.0,1.0,3.0,0.0,0.0,3.0,0.0,-1.0,1.0,1.0,1.0,4.0,4.0,0.0,2.0,3.0,0.0,2.0,2.0,2.0,3.0,-1.0,0.0,2.0,1.0,1.0,2.0,6.0,1.0,-3.0,-1.0,0.0,1.0,1.0,1.0,-3.0,-8.0,-10.0,-9.0,-13.0,-17.0,-15.0,-12.0,-15.0,-67.0,-373.0,-434.0,-113.0,21.0,-16.0,-60.0,-40.0,-22.0,-26.0,-26.0,-10.0,4.0,4.0,-2.0,-16.0,-25.0,6.0,30.0,14.0,-16.0,-30.0,-15.0,0.0,22.0,35.0,26.0,11.0,-5.0,26.0,57.0,13.0,26.0,44.0,24.0,34.0,10.0,-14.0,8.0,32.0,17.0,-11.0,-44.0,-27.0,10.0,20.0,16.0,5.0,-18.0,-34.0,-44.0,-15.0,37.0,28.0,15.0,18.0,-3.0,9.0,30.0,-1.0,-6.0,13.0,4.0,-13.0,5.0,1.0,-43.0,-58.0,-28.0,-4.0,-9.0,-16.0,-4.0,-9.0,-35.0,-20.0,-10.0,-23.0,15.0,55.0,42.0,19.0,5.0,8.0,25.0,35.0,6.0,-17.0,19.0,23.0,-1.0,1.0,41.0,42.0,4.0,23.0,34.0,14.0,-1.0,-3.0,-6.0,0.0,9.0,-154.0,107.0,409.0,152.0,19.0,23.0,16.0,19.0,20.0,11.0,14.0,17.0,21.0,22.0,17.0,15.0,12.0,11.0,10.0,9.0,8.0,7.0,10.0,4.0,2.0,6.0,6.0,7.0,8.0,8.0,5.0,0.0,1.0,5.0,1.0,0.0,2.0,-1.0,0.0,-1.0,0.0,2.0,0.0,0.0,-5.0,-4.0,0.0
0.0,3.0,4.0,1.0,2.0,3.0,-1.0,0.0,3.0,0.0,0.0,1.0,0.0,0.0,1.0,1.0,2.0,4.0,4.0,0.0,1.0,3.0,1.0,3.0,2.0,1.0,1.0,2.0,1.0,1.0,2.0,0.0,1.0,5.0,1.0,-1.0,0.0,-2.0,0.0,2.0,2.0,-4.0,-8.0,-10.0,-11.0,-14.0,-18.0,-16.0,-14.0,-16.0,-84.0,-340.0,-422.0,-145.0,35.0,-16.0,-62.0,-38.0,-21.0,-16.0,-14.0,-4.0,4.0,6.0,-1.0,-14.0,-13.0,15.0,17.0,1.0,-12.0,-32.0,-30.0,-16.0,5.0,19.0,19.0,15.0,6.0,14.0,40.0,29.0,28.0,42.0,24.0,17.0,3.0,-18.0,3.0,31.0,8.0,-21.0,-25.0,-8.0,14.0,40.0,38.0,7.0,-9.0,-18.0,-29.0,-20.0,6.0,18.0,10.0,5.0,-18.0,-11.0,18.0,-10.0,-14.0,4.0,-5.0,-5.0,7.0,-8.0,-29.0,-32.0,-20.0,-7.0,1.0,1.0,3.0,5.0,-7.0,-11.0,1.0,8.0,17.0,23.0,31.0,23.0,-1.0,6.0,36.0,37.0,-21.0,-30.0,8.0,10.0,11.0,28.0,39.0,23.0,21.0,40.0,32.0,10.0,-8.0,-15.0,-9.0,2.0,9.0,-133.0,122.0,384.0,136.0,17.0,20.0,20.0,19.0,21.0,15.0,13.0,13.0,21.0,25.0,18.0,13.0,12.0,13.0,11.0,8.0,9.0,6.0,9.0,6.0,2.0,8.0,7.0,5.0,7.0,8.0,7.0,4.0,3.0,3.0,0.0,0.0,1.0,0.0,0.0,-1.0,0.0,1.0,0.0,0.0,-4.0,-4.0,0.0
0.0,4.0,3.0,1.0,2.0,3.0,1.0,0.0,1.0,0.0,0.0,0.0,0.0,1.0,3.0,2.0,2.0,4.0,3.0,0.0,0.0,2.0,3.0,3.0,1.0,0.0,1.0,4.0,2.0,0.0,1.0,0.0,0.0,3.0,3.0,1.0,0.0,-1.0,1.0,2.0,1.0,-5.0,-9.0,-9.0,-12.0,-18.0,-18.0,-16.0,-20.0,-20.0,-60.0,-267.0,-443.0,-210.0,35.0,-19.0,-56.0,-33.0,-19.0,-9.0,0.0,3.0,4.0,6.0,1.0,-1.0,-12.0,1.0,7.0,-3.0,-5.0,-24.0,-31.0,-32.0,-19.0,3.0,15.0,16.0,9.0,7.0,17.0,27.0,33.0,33.0,21.0,13.0,2.0,-7.0,3.0,11.0,-4.0,-16.0,-4.0,10.0,16.0,42.0,44.0,34.0,14.0,-22.0,-23.0,-16.0,-13.0,1.0,-7.0,-14.0,-25.0,-27.0,4.0,-9.0,-12.0,-1.0,-16.0,-9.0,6.0,-3.0,-17.0,-29.0,-14.0,7.0,14.0,20.0,19.0,27.0,17.0,-6.0,1.0,8.0,0.0,10.0,28.0,23.0,4.0,12.0,47.0,35.0,-28.0,-24.0,11.0,-7.0,3.0,38.0,21.0,11.0,39.0,43.0,28.0,16.0,-2.0,-25.0,-21.0,3.0,14.0,-71.0,174.0,321.0,72.0,-18.0,-23.0,17.0,60.0,59.0,29.0,16.0,10.0,20.0,24.0,16.0,12.0,13.0,14.0,12.0,9.0,9.0,7.0,9.0,8.0,2.0,8.0,10.0,4.0,5.0,8.0,8.0,6.0,3.0,2.0,1.0,0.0,0.0,0.0,0.0,0.0,0.0,-1.0,0.0,1.0,-4.0,-5.0,0.0
0.0,3.0,1.0,3.0,3.0,1.0,1.0,0.0,0.0,1.0,1.0,-1.0,0.0,3.0,3.0,1.0,3.0,4.0,1.0,1.0,0.0,2.0,4.0,1.0,0.0,0.0,3.0,5.0,1.0,0.0,0.0,0.0,1.0,1.0,3.0,3.0,0.0,-1.0,2.0,3.0,1.0,-7.0,-11.0,-8.0,-12.0,-19.0,-20.0,-20.0,-64.0,-94.0,-44.0,-161.0,-411.0,-235.0,25.0,-29.0,-50.0,-20.0,-11.0,-6.0,8.0,3.0,0.0,7.0,3.0,8.0,0.0,-7.0,-6.0,-5.0,-3.0,-13.0,-20.0,-35.0,-28.0,-10.0,2.0,11.0,5.0,-9.0,-1.0,21.0,31.0,27.0,19.0,9.0,-5.0,-3.0,-2.0,8.0,9.0,-4.0,-2.0,12.0,16.0,40.0,44.0,53.0,38.0,-22.0,-24.0,-13.0,-4.0,-10.0,-26.0,-23.0,-25.0,-24.0,-8.0,-22.0,-20.0,0.0,-12.0,-10.0,2.0,1.0,-14.0,-28.0,0.0,23.0,25.0,24.0,15.0,27.0,20.0,-5.0,7.0,15.0,4.0,16.0,19.0,14.0,7.0,14.0,30.0,20.0,3.0,2.0,15.0,2.0,-5.0,22.0,17.0,16.0,36.0,25.0,15.0,18.0,16.0,-28.0,-40.0,5.0,20.0,8.0,216.0,230.0,-75.0,-168.0,-97.0,22.0,131.0,194.0,138.0,42.0,11.0,20.0,20.0,13.0,14.0,14.0,12.0,11.0,10.0,8.0,9.0,10.0,9.0,5.0,7.0,10.0,4.0,5.0,9.0,7.0,5.0,2.0,2.0,3.0,1.0,0.0,0.0,0.0,0.0,0.0,-2.0,0.0,2.0,-4.0,-5.0,0.0
0.0,2.0,1.0,3.0,4.0,1.0,0.0,0.0,0.0,2.0,2.0,-2.0,0.0,3.0,1.0,0.0,4.0,3.0,0.0,4.0,1.0,1.0,3.0,1.0,1.0,0.0,3.0,6.0,1.0,0.0,0.0,0.0,2.0,0.0,2.0,4.0,-1.0,-2.0,2.0,3.0,2.0,-7.0,-11.0,-9.0,-13.0,-17.0,-26.0,-112.0,-236.0,-229.0,-73.0,-42.0,-204.0,-131.0,18.0,-31.0,-42.0,-13.0,-8.0,-1.0,10.0,-5.0,-8.0,7.0,7.0,13.0,12.0,0.0,-6.0,-4.0,-2.0,-2.0,-4.0,-24.0,-22.0,-16.0,-18.0,-13.0,-11.0,-15.0,-9.0,16.0,30.0,21.0,12.0,6.0,-10.0,-10.0,-14.0,2.0,17.0,1.0,-2.0,8.0,13.0,40.0,46.0,57.0,49.0,-2.0,-14.0,-10.0,5.0,-13.0,-27.0,-24.0,-25.0,-9.0,-13.0,-42.0,-32.0,1.0,-9.0,-11.0,-1.0,-1.0,-7.0,-14.0,6.0,25.0,34.0,28.0,8.0,15.0,22.0,8.0,18.0,26.0,13.0,11.0,1.0,2.0,9.0,13.0,9.0,14.0,25.0,12.0,5.0,15.0,10.0,15.0,28.0,16.0,7.0,8.0,13.0,17.0,24.0,-31.0,-50.0,9.0,25.0,48.0,198.0,48.0,-282.0,-259.0,-82.0,60.0,155.0,284.0,307.0,150.0,30.0,19.0,18.0,13.0,16.0,13.0,10.0,10.0,9.0,8.0,11.0,11.0,10.0,9.0,6.0,6.0,5.0,7.0,10.0,6.0,4.0,3.0,2.0,4.0,2.0,0.0,0.0,0.0,0.0,1.0,-1.0,-1.0,1.0,-4.0,-2.0,0.0
0.0,3.0,2.0,1.0,4.0,3.0,0.0,0.0,0.0,2.0,1.0,-2.0,0.0,1.0,0.0,1.0,4.0,1.0,1.0,6.0,2.0,0.0,2.0,3.0,2.0,0.0,1.0,5.0,3.0,0.0,0.0,0.0,1.0,1.0,3.0,4.0,-2.0,-2.0,2.0,1.0,1.0,-5.0,-8.0,-11.0,-16.0,-17.0,-80.0,-327.0,-419.0,-240.0,-91.0,-17.0,52.0,63.0,10.0,-22.0,-28.0,-9.0,-10.0,0.0,0.0,-14.0,-8.0,7.0,14.0,16.0,12.0,10.0,7.0,2.0,4.0,14.0,9.0,-17.0,-11.0,-3.0,-23.0,-39.0,-32.0,-22.0,-15.0,1.0,13.0,11.0,6.0,7.0,-7.0,-16.0,-20.0,-8.0,2.0,-14.0,-6.0,11.0,22.0,40.0,45.0,58.0,48.0,11.0,1.0,1.0,-4.0,-13.0,-8.0,-16.0,-21.0,4.0,-19.0,-56.0,-29.0,3.0,-12.0,-7.0,2.0,-7.0,-1.0,0.0,9.0,22.0,32.0,37.0,25.0,16.0,25.0,18.0,10.0,14.0,4.0,-2.0,-13.0,-6.0,14.0,12.0,5.0,18.0,18.0,7.0,5.0,26.0,37.0,19.0,26.0,8.0,-21.0,-3.0,18.0,18.0,17.0,-36.0,-43.0,17.0,31.0,35.0,17.0,-196.0,-280.0,-99.0,31.0,116.0,146.0,173.0,313.0,305.0,98.0,16.0,19.0,14.0,14.0,12.0,10.0,11.0,9.0,8.0,12.0,12.0,9.0,10.0,8.0,5.0,7.0,8.0,8.0,6.0,5.0,4.0,3.0,4.0,1.0,0.0,0.0,0.0,1.0,2.0,-1.0,-2.0,0.0,-4.0,0.0,0.0
0.0,3.0,2.0,1.0,3.0,3.0,1.0,1.0,0.0,2.0,-1.0,-3.0,0.0,0.0,1.0,3.0,3.0,0.0,3.0,5.0,2.0,1.0,2.0,3.0,1.0,0.0,0.0,3.0,4.0,1.0,0.0,0.0,1.0,2.0,3.0,4.0,-1.0,-1.0,2.0,-1.0,0.0,-3.0,-6.0,-12.0,-19.0,-20.0,-208.0,-496.0,-395.0,-145.0,-78.0,-47.0,142.0,164.0,6.0,-12.0,-16.0,-4.0,-9.0,-8.0,-22.0,-16.0,5.0,11.0,21.0,12.0,5.0,16.0,19.0,5.0,8.0,26.0,18.0,-6.0,5.0,11.0,-18.0,-38.0,-35.0,-31.0,-26.0,-20.0,-13.0,-4.0,1.0,3.0,-7.0,-21.0,-19.0,-7.0,-16.0,-34.0,-18.0,15.0,33.0,39.0,49.0,62.0,41.0,-2.0,0.0,8.0,-9.0,-15.0,2.0,4.0,-7.0,6.0,-25.0,-50.0,-22.0,-3.0,-7.0,10.0,8.0,-16.0,5.0,21.0,21.0,23.0,25.0,29.0,24.0,7.0,2.0,-7.0,-22.0,-13.0,-8.0,-8.0,-29.0,-19.0,15.0,12.0,14.0,33.0,29.0,21.0,30.0,62.0,70.0,26.0,16.0,1.0,-32.0,-13.0,17.0,17.0,5.0,-36.0,-25.0,23.0,32.0,-5.0,-244.0,-298.0,-48.0,84.0,124.0,142.0,46.0,-26.0,251.0,440.0,195.0,14.0,18.0,12.0,12.0,13.0,10.0,11.0,10.0,10.0,12.0,11.0,8.0,11.0,12.0,7.0,8.0,7.0,5.0,6.0,8.0,5.0,3.0,3.0,0.0,0.0,0.0,0.0,2.0,1.0,-2.0,-1.0,0.0,-3.0,0.0,0.0
0.0,3.0,2.0,2.0,1.0,1.0,3.0,3.0,1.0,1.0,-3.0,-4.0,0.0,1.0,4.0,3.0,1.0,1.0,4.0,4.0,2.0,2.0,1.0,1.0,0.0,1.0,0.0,1.0,5.0,2.0,-1.0,0.0,3.0,2.0,1.0,3.0,0.0,1.0,2.0,-2.0,1.0,-1.0,-7.0,-12.0,-19.0,-22.0,-298.0,-548.0,-298.0,-88.0,-80.0,-53.0,130.0,161.0,9.0,-5.0,-9.0,-1.0,-9.0,-16.0,-30.0,-9.0,16.0,17.0,21.0,0.0,-6.0,14.0,23.0,-1.0,0.0,19.0,14.0,4.0,13.0,12.0,-8.0,-13.0,-14.0,-19.0,-26.0,-24.0,-14.0,-13.0,-12.0,-10.0,-16.0,-29.0,-22.0,-3.0,-17.0,-35.0,-25.0,6.0,26.0,36.0,52.0,64.0,41.0,-16.0,-18.0,4.0,-6.0,-19.0,-1.0,16.0,5.0,-7.0,-26.0,-24.0,-11.0,-7.0,-5.0,13.0,10.0,-9.0,31.0,46.0,23.0,16.0,8.0,-4.0,-21.0,-40.0,-48.0,-30.0,-21.0,-22.0,-15.0,-14.0,-41.0,-25.0,13.0,23.0,31.0,42.0,43.0,31.0,36.0,80.0,108.0,75.0,50.0,17.0,-37.0,-23.0,23.0,15.0,-16.0,-32.0,-2.0,21.0,30.0,-28.0,-348.0,-268.0,106.0,164.0,156.0,42.0,-175.0,-125.0,327.0,555.0,257.0,15.0,14.0,9.0,11.0,12.0,10.0,9.0,8.0,13.0,14.0,11.0,8.0,13.0,14.0,8.0,9.0,5.0,3.0,7.0,11.0,7.0,2.0,2.0,0.0,-1.0,0.0,0.0,2.0,0.0,-2.0,0.0,0.0,-1.0,0.0,0.0
0.0,5.0,2.0,1.0,0.0,0.0,3.0,4.0,3.0,0.0,-3.0,-3.0,0.0,3.0,6.0,1.0,0.0,3.0,4.0,3.0,1.0,1.0,1.0,0.0,0.0,3.0,0.0,0.0,5.0,2.0,-1.0,0.0,3.0,2.0,0.0,2.0,0.0,1.0,2.0,-1.0,2.0,-1.0,-8.0,-12.0,-17.0,-20.0,-238.0,-586.0,-368.0,-32.0,-66.0,-62.0,122.0,143.0,3.0,-1.0,0.0,1.0,-10.0,-16.0,-20.0,-5.0,15.0,19.0,8.0,-17.0,-16.0,-11.0,-16.0,-21.0,-10.0,9.0,13.0,8.0,12.0,10.0,-3.0,-1.0,6.0,13.0,8.0,6.0,9.0,-3.0,-15.0,-21.0,-27.0,-35.0,-25.0,-2.0,-13.0,-29.0,-22.0,-3.0,13.0,32.0,42.0,43.0,34.0,-9.0,-16.0,3.0,-6.0,-17.0,-12.0,3.0,9.0,-11.0,-20.0,-9.0,5.0,4.0,-11.0,-1.0,12.0,11.0,52.0,53.0,12.0,-8.0,-33.0,-62.0,-72.0,-65.0,-41.0,24.0,32.0,-2.0,-7.0,-23.0,-50.0,-25.0,14.0,37.0,51.0,34.0,17.0,9.0,11.0,29.0,60.0,125.0,145.0,72.0,-16.0,-23.0,18.0,11.0,-28.0,-29.0,14.0,14.0,29.0,-7.0,-312.0,-230.0,145.0,193.0,70.0,-162.0,-275.0,-43.0,436.0,595.0,258.0,16.0,13.0,8.0,9.0,8.0,9.0,9.0,5.0,13.0,17.0,12.0,9.0,14.0,13.0,10.0,10.0,4.0,3.0,8.0,11.0,8.0,4.0,2.0,-1.0,-2.0,0.0,1.0,2.0,-1.0,-1.0,0.0,0.0,0.0,-1.0,0.0
0.0,5.0,2.0,0.0,1.0,0.0,1.0,5.0,4.0,0.0,0.0,-1.0,0.0,3.0,4.0,1.0,0.0,3.0,4.0,1.0,0.0,1.0,2.0,0.0,1.0,3.0,0.0,1.0,3.0,2.0,1.0,0.0,1.0,1.0,1.0,2.0,0.0,1.0,2.0,0.0,1.0,-2.0,-8.0,-12.0,-16.0,-18.0,-103.0,-602.0,-557.0,-9.0,6.0,-58.0,104.0,124.0,-8.0,-3.0,8.0,4.0,-6.0,-10.0,-17.0,-11.0,9.0,13.0,-12.0,-56.0,-55.0,-41.0,-46.0,-12.0,8.0,16.0,31.0,20.0,9.0,5.0,-13.0,-26.0,-15.0,13.0,32.0,37.0,41.0,34.0,16.0,-4.0,-24.0,-35.0,-27.0,-8.0,-15.0,-24.0,-11.0,-1.0,2.0,18.0,20.0,10.0,21.0,19.0,14.0,13.0,-4.0,-18.0,-29.0,-16.0,7.0,-6.0,-9.0,-3.0,9.0,8.0,-10.0,-2.0,14.0,16.0,40.0,38.0,-1.0,-38.0,-88.0,-106.0,-64.0,-21.0,33.0,87.0,59.0,12.0,3.0,-21.0,-55.0,-39.0,4.0,39.0,66.0,39.0,9.0,18.0,25.0,-10.0,-72.0,30.0,178.0,161.0,55.0,-11.0,-6.0,10.0,-16.0,-27.0,11.0,7.0,28.0,32.0,-250.0,-183.0,162.0,105.0,-123.0,-242.0,-178.0,72.0,499.0,568.0,215.0,17.0,16.0,9.0,8.0,7.0,7.0,9.0,5.0,11.0,16.0,11.0,11.0,14.0,13.0,12.0,9.0,6.0,6.0,8.0,9.0,8.0,7.0,2.0,-2.0,-2.0,0.0,3.0,1.0,-2.0,1.0,-1.0,-1.0,1.0,-2.0,0.0
0.0,4.0,2.0,0.0,3.0,1.0,0.0,5.0,3.0,1.0,3.0,0.0,0.0,1.0,1.0,3.0,1.0,1.0,3.0,1.0,1.0,2.0,1.0,0.0,2.0,1.0,1.0,3.0,2.0,1.0,2.0,0.0,-1.0,0.0,2.0,2.0,1.0,2.0,1.0,0.0,0.0,-2.0,-8.0,-12.0,-16.0,-18.0,-30.0,-548.0,-656.0,-106.0,52.0,4.0,83.0,98.0,-15.0,-7.0,9.0,8.0,4.0,-2.0,-22.0,-21.0,-3.0,-9.0,-52.0,-102.0,-75.0,-18.0,1.0,34.0,36.0,22.0,35.0,28.0,2.0,-4.0,-16.0,-44.0,-55.0,-37.0,-1.0,23.0,43.0,61.0,61.0,42.0,1.0,-25.0,-21.0,-16.0,-16.0,-15.0,-5.0,7.0,-3.0,-6.0,-1.0,-4.0,21.0,50.0,46.0,22.0,-1.0,-18.0,-27.0,-16.0,-5.0,-16.0,-12.0,0.0,-1.0,-6.0,-7.0,4.0,9.0,8.0,19.0,14.0,-16.0,-67.0,-112.0,-75.0,-7.0,15.0,55.0,79.0,46.0,31.0,37.0,15.0,-51.0,-65.0,-22.0,19.0,58.0,39.0,27.0,52.0,64.0,19.0,-96.0,-109.0,45.0,200.0,156.0,14.0,-15.0,15.0,-5.0,-22.0,1.0,1.0,25.0,54.0,-186.0,-122.0,129.0,-94.0,-236.0,-135.0,-71.0,130.0,543.0,523.0,155.0,18.0,17.0,10.0,9.0,8.0,5.0,7.0,7.0,10.0,13.0,10.0,11.0,14.0,15.0,11.0,9.0,10.0,7.0,8.0,8.0,8.0,8.0,2.0,-1.0,-1.0,1.0,2.0,-1.0,-1.0,2.0,-1.0,-2.0,2.0,-2.0,0.0
0.0,4.0,2.0,0.0,3.0,3.0,1.0,3.0,1.0,1.0,4.0,1.0,0.0,1.0,1.0,3.0,2.0,1.0,1.0,2.0,4.0,1.0,-1.0,0.0,1.0,1.0,4.0,3.0,0.0,1.0,3.0,0.0,-2.0,-1.0,1.0,3.0,2.0,1.0,1.0,1.0,-1.0,-3.0,-8.0,-13.0,-15.0,-16.0,-21.0,-484.0,-638.0,-231.0,22.0,81.0,82.0,72.0,-21.0,-6.0,9.0,11.0,13.0,6.0,-22.0,-33.0,-35.0,-69.0,-87.0,-63.0,-14.0,27.0,32.0,40.0,39.0,19.0,25.0,28.0,-1.0,-9.0,-13.0,-37.0,-58.0,-65.0,-42.0,-8.0,8.0,31.0,63.0,72.0,35.0,0.0,0.0,-11.0,-14.0,-7.0,-7.0,12.0,1.0,-16.0,-5.0,1.0,32.0,63.0,58.0,26.0,8.0,-3.0,-10.0,-5.0,-19.0,-32.0,-25.0,-17.0,-21.0,-18.0,-8.0,-9.0,-8.0,3.0,13.0,0.0,-45.0,-86.0,-67.0,-19.0,15.0,15.0,21.0,45.0,26.0,50.0,86.0,46.0,-40.0,-62.0,-32.0,12.0,62.0,33.0,31.0,75.0,69.0,10.0,-40.0,-95.0,-114.0,95.0,230.0,74.0,-14.0,13.0,-3.0,-12.0,3.0,-1.0,17.0,52.0,-134.0,-66.0,47.0,-262.0,-210.0,-30.0,-19.0,203.0,569.0,463.0,93.0,17.0,14.0,10.0,10.0,7.0,5.0,7.0,7.0,9.0,12.0,10.0,9.0,13.0,16.0,12.0,11.0,11.0,6.0,9.0,9.0,8.0,8.0,1.0,-1.0,2.0,2.0,-2.0,-2.0,0.0,3.0,2.0,-1.0,1.0,-2.0,0.0
0.0,4.0,2.0,1.0,0.0,3.0,4.0,3.0,0.0,-1.0,3.0,2.0,1.0,3.0,2.0,1.0,1.0,3.0,1.0,1.0,6.0,1.0,-2.0,0.0,0.0,3.0,6.0,1.0,-2.0,3.0,4.0,-1.0,-2.0,-2.0,0.0,3.0,1.0,1.0,3.0,2.0,-3.0,-4.0,-7.0,-15.0,-14.0,-13.0,-21.0,-438.0,-609.0,-312.0,-20.0,115.0,89.0,62.0,-26.0,-4.0,11.0,14.0,16.0,17.0,-22.0,-65.0,-95.0,-106.0,-36.0,23.0,22.0,24.0,20.0,22.0,34.0,23.0,26.0,27.0,-3.0,-13.0,-19.0,-33.0,-35.0,-53.0,-53.0,-23.0,-17.0,-8.0,20.0,53.0,64.0,37.0,13.0,-2.0,-6.0,0.0,-5.0,7.0,0.0,-8.0,3.0,11.0,51.0,64.0,47.0,31.0,16.0,6.0,2.0,3.0,-16.0,-28.0,-33.0,-52.0,-44.0,-16.0,-8.0,-30.0,-25.0,5.0,12.0,-28.0,-81.0,-61.0,-10.0,-8.0,2.0,10.0,7.0,5.0,-17.0,25.0,85.0,21.0,-38.0,-12.0,-8.0,29.0,82.0,65.0,62.0,135.0,104.0,-37.0,-47.0,-22.0,-135.0,-58.0,187.0,143.0,-3.0,-5.0,-2.0,-5.0,11.0,8.0,15.0,41.0,-101.0,-16.0,-21.0,-346.0,-176.0,-9.0,33.0,299.0,576.0,394.0,43.0,16.0,13.0,10.0,7.0,6.0,8.0,6.0,4.0,8.0,13.0,11.0,8.0,12.0,16.0,14.0,12.0,10.0,8.0,10.0,9.0,8.0,9.0,2.0,-2.0,2.0,1.0,-2.0,-2.0,-1.0,4.0,3.0,0.0,1.0,-1.0,0.0
0.0,4.0,2.0,2.0,-2.0,1.0,6.0,4.0,0.0,-1.0,2.0,1.0,2.0,5.0,2.0,0.0,0.0,3.0,3.0,0.0,4.0,3.0,-1.0,0.0,1.0,4.0,4.0,0.0,-1.0,4.0,3.0,-2.0,-2.0,-2.0,0.0,2.0,1.0,1.0,3.0,2.0,-3.0,-4.0,-6.0,-15.0,-14.0,-12.0,-17.0,-385.0,-601.0,-381.0,-41.0,119.0,97.0,66.0,-34.0,-6.0,9.0,13.0,13.0,27.0,-37.0,-122.0,-123.0,-34.0,43.0,26.0,4.0,4.0,13.0,19.0,32.0,42.0,51.0,31.0,-3.0,-14.0,-27.0,-50.0,-44.0,-43.0,-44.0,-30.0,-28.0,-9.0,-6.0,6.0,56.0,61.0,33.0,15.0,2.0,2.0,-4.0,-3.0,-7.0,3.0,15.0,19.0,56.0,58.0,39.0,35.0,14.0,-1.0,7.0,15.0,5.0,-13.0,-50.0,-88.0,-59.0,-3.0,3.0,-26.0,-19.0,-2.0,-19.0,-65.0,-75.0,-31.0,-13.0,1.0,47.0,64.0,24.0,-100.0,-117.0,-14.0,109.0,95.0,-103.0,-83.0,6.0,23.0,117.0,125.0,51.0,114.0,153.0,39.0,-15.0,-1.0,-75.0,-93.0,72.0,137.0,24.0,-21.0,-4.0,-4.0,13.0,18.0,18.0,34.0,-74.0,34.0,-57.0,-402.0,-188.0,-9.0,103.0,403.0,554.0,304.0,20.0,16.0,13.0,9.0,3.0,6.0,11.0,4.0,2.0,7.0,13.0,13.0,9.0,12.0,16.0,14.0,13.0,11.0,11.0,10.0,7.0,8.0,9.0,5.0,0.0,-2.0,-1.0,2.0,-1.0,-2.0,3.0,1.0,0.0,2.0,-1.0,0.0
0.0,3.0,2.0,2.0,-2.0,0.0,6.0,3.0,-1.0,1.0,2.0,0.0,2.0,6.0,3.0,0.0,0.0,2.0,4.0,0.0,1.0,4.0,0.0,0.0,3.0,3.0,1.0,0.0,0.0,4.0,2.0,-1.0,-1.0,-2.0,0.0,2.0,2.0,-1.0,2.0,3.0,-2.0,-5.0,-6.0,-12.0,-13.0,-13.0,-15.0,-326.0,-603.0,-450.0,-57.0,114.0,117.0,76.0,-46.0,-10.0,2.0,4.0,7.0,28.0,-64.0,-151.0,-54.0,57.0,35.0,-15.0,-7.0,-4.0,6.0,15.0,23.0,48.0,63.0,25.0,1.0,-19.0,-35.0,-61.0,-67.0,-38.0,-28.0,-21.0,-24.0,2.0,3.0,-10.0,19.0,48.0,64.0,45.0,8.0,-1.0,-10.0,-18.0,-10.0,14.0,27.0,29.0,43.0,43.0,41.0,38.0,15.0,-5.0,7.0,24.0,20.0,-7.0,-72.0,-113.0,-71.0,5.0,34.0,14.0,-9.0,-16.0,-63.0,-91.0,-57.0,-31.0,2.0,80.0,168.0,174.0,12.0,-287.0,-242.0,-34.0,127.0,280.0,-147.0,-257.0,87.0,70.0,165.0,169.0,-38.0,-77.0,-1.0,88.0,111.0,52.0,-19.0,-21.0,36.0,77.0,32.0,-16.0,-8.0,-4.0,9.0,17.0,17.0,31.0,-40.0,59.0,-85.0,-431.0,-208.0,-3.0,159.0,501.0,521.0,208.0,15.0,15.0,10.0,7.0,3.0,5.0,11.0,6.0,3.0,6.0,11.0,13.0,10.0,11.0,17.0,16.0,14.0,12.0,12.0,10.0,8.0,9.0,6.0,4.0,2.0,-3.0,-1.0,4.0,1.0,-1.0,1.0,-1.0,0.0,2.0,-3.0,0.0
0.0,2.0,3.0,3.0,-2.0,1.0,5.0,1.0,-1.0,2.0,1.0,0.0,3.0,4.0,3.0,1.0,1.0,3.0,3.0,0.0,0.0,3.0,0.0,0.0,4.0,2.0,0.0,1.0,1.0,3.0,1.0,-1.0,1.0,0.0,0.0,1.0,1.0,0.0,2.0,2.0,-1.0,-5.0,-6.0,-10.0,-12.0,-15.0,-19.0,-266.0,-600.0,-514.0,-77.0,105.0,149.0,84.0,-64.0,-11.0,-2.0,-3.0,2.0,17.0,-76.0,-113.0,30.0,73.0,-7.0,-33.0,-17.0,-15.0,-5.0,-4.0,-11.0,0.0,14.0,-6.0,-2.0,65.0,-31.0,-120.0,-48.0,-23.0,39.0,64.0,-2.0,-35.0,-25.0,0.0,11.0,29.0,74.0,58.0,17.0,0.0,-25.0,-38.0,-8.0,28.0,34.0,39.0,38.0,32.0,40.0,46.0,22.0,-5.0,2.0,14.0,18.0,3.0,-73.0,-124.0,-85.0,-16.0,60.0,71.0,-21.0,-43.0,-73.0,-64.0,-22.0,-18.0,89.0,181.0,220.0,200.0,-50.0,-441.0,-330.0,-42.0,72.0,273.0,-99.0,-236.0,216.0,154.0,195.0,252.0,-14.0,-207.0,-316.0,-121.0,140.0,150.0,66.0,43.0,67.0,64.0,26.0,-5.0,-14.0,-5.0,6.0,17.0,18.0,27.0,-18.0,51.0,-86.0,-424.0,-240.0,8.0,209.0,576.0,485.0,127.0,14.0,13.0,8.0,5.0,4.0,3.0,8.0,8.0,5.0,8.0,11.0,11.0,9.0,11.0,18.0,17.0,14.0,12.0,12.0,11.0,11.0,10.0,4.0,1.0,1.0,0.0,2.0,3.0,1.0,0.0,0.0,-2.0,0.0,1.0,-4.0,0.0
0.0,2.0,4.0,4.0,0.0,2.0,1.0,0.0,2.0,2.0,1.0,0.0,3.0,2.0,2.0,3.0,2.0,4.0,2.0,-1.0,-1.0,1.0,0.0,0.0,4.0,3.0,1.0,3.0,2.0,1.0,-1.0,-2.0,2.0,2.0,0.0,0.0,1.0,3.0,1.0,-2.0,0.0,-2.0,-6.0,-10.0,-12.0,-16.0,-22.0,-208.0,-593.0,-569.0,-100.0,88.0,184.0,90.0,-86.0,-7.0,1.0,-2.0,-4.0,-7.0,-65.0,-62.0,33.0,71.0,8.0,-41.0,-36.0,-47.0,-28.0,-12.0,-54.0,-67.0,-25.0,-22.0,-13.0,185.0,-10.0,-199.0,-16.0,0.0,194.0,238.0,14.0,-125.0,-115.0,-28.0,26.0,17.0,18.0,46.0,46.0,4.0,-51.0,-52.0,0.0,38.0,35.0,41.0,39.0,31.0,39.0,53.0,24.0,-7.0,-3.0,5.0,11.0,10.0,-53.0,-115.0,-92.0,-54.0,49.0,104.0,-37.0,-97.0,-72.0,19.0,61.0,29.0,131.0,159.0,180.0,206.0,-33.0,-461.0,-407.0,-77.0,39.0,98.0,-56.0,-69.0,181.0,165.0,314.0,388.0,52.0,-257.0,-480.0,-253.0,84.0,146.0,114.0,72.0,87.0,79.0,29.0,-2.0,-22.0,-9.0,8.0,25.0,21.0,24.0,-31.0,18.0,-33.0,-386.0,-294.0,32.0,278.0,609.0,428.0,64.0,16.0,10.0,7.0,6.0,4.0,1.0,6.0,8.0,5.0,10.0,13.0,10.0,8.0,14.0,17.0,13.0,15.0,13.0,12.0,13.0,12.0,10.0,4.0,0.0,1.0,2.0,3.0,2.0,0.0,1.0,0.0,-2.0,0.0,-1.0,-3.0,0.0
0.0,1.0,4.0,4.0,3.0,2.0,-2.0,0.0,3.0,2.0,2.0,1.0,2.0,2.0,3.0,4.0,1.0,4.0,3.0,-2.0,-2.0,0.0,-1.0,0.0,5.0,4.0,2.0,3.0,2.0,0.0,-2.0,0.0,2.0,0.0,-1.0,1.0,2.0,3.0,1.0,-3.0,-1.0,-1.0,-6.0,-9.0,-12.0,-16.0,-21.0,-144.0,-583.0,-616.0,-130.0,58.0,198.0,97.0,-85.0,-4.0,5.0,1.0,-10.0,-28.0,-52.0,-45.0,-6.0,54.0,23.0,-45.0,-58.0,-59.0,11.0,58.0,-20.0,-130.0,-80.0,-24.0,-18.0,124.0,-14.0,-130.0,1.0,41.0,347.0,367.0,-20.0,-220.0,-185.0,-62.0,31.0,-11.0,-69.0,35.0,84.0,15.0,-54.0,-51.0,3.0,35.0,37.0,45.0,42.0,34.0,31.0,48.0,22.0,-5.0,1.0,6.0,3.0,2.0,-33.0,-86.0,-86.0,-82.0,3.0,89.0,-30.0,-102.0,-40.0,42.0,53.0,34.0,75.0,64.0,135.0,224.0,101.0,-268.0,-419.0,-183.0,14.0,17.0,-31.0,0.0,86.0,236.0,460.0,330.0,-89.0,-329.0,-334.0,-65.0,81.0,51.0,63.0,61.0,67.0,60.0,28.0,6.0,-20.0,-17.0,11.0,31.0,23.0,28.0,-73.0,-46.0,34.0,-309.0,-324.0,61.0,349.0,595.0,359.0,29.0,18.0,7.0,4.0,9.0,5.0,1.0,6.0,7.0,3.0,9.0,14.0,11.0,9.0,15.0,16.0,11.0,15.0,13.0,13.0,13.0,12.0,12.0,4.0,1.0,3.0,1.0,1.0,2.0,1.0,2.0,-1.0,-2.0,1.0,-2.0,-2.0,0.0
0.0,1.0,4.0,4.0,4.0,2.0,0.0,1.0,1.0,1.0,1.0,2.0,2.0,2.0,3.0,4.0,2.0,2.0,2.0,0.0,0.0,0.0,-3.0,1.0,7.0,3.0,1.0,1.0,2.0,1.0,-1.0,2.0,2.0,-3.0,-2.0,3.0,1.0,1.0,2.0,-1.0,-1.0,-2.0,-7.0,-9.0,-12.0,-17.0,-20.0,-74.0,-549.0,-644.0,-182.0,18.0,192.0,96.0,-61.0,-4.0,6.0,2.0,-12.0,-31.0,-44.0,-39.0,-30.0,-12.0,-18.0,-50.0,-70.0,-15.0,140.0,217.0,106.0,-195.0,-245.0,-82.0,-8.0,9.0,-43.0,-29.0,10.0,122.0,375.0,270.0,-109.0,-235.0,-156.0,-30.0,38.0,-15.0,-56.0,29.0,57.0,18.0,-26.0,-45.0,-5.0,30.0,46.0,56.0,48.0,36.0,15.0,35.0,23.0,1.0,11.0,5.0,1.0,3.0,-24.0,-66.0,-80.0,-93.0,-42.0,47.0,0.0,-34.0,27.0,40.0,-19.0,-26.0,22.0,37.0,68.0,107.0,117.0,-31.0,-265.0,-220.0,-24.0,-2.0,-19.0,18.0,111.0,305.0,344.0,62.0,-208.0,-180.0,-5.0,81.0,39.0,16.0,14.0,-4.0,11.0,21.0,22.0,23.0,-3.0,-19.0,11.0,28.0,25.0,32.0,-110.0,-122.0,54.0,-202.0,-303.0,71.0,427.0,563.0,275.0,17.0,16.0,8.0,2.0,8.0,7.0,2.0,5.0,7.0,3.0,8.0,13.0,11.0,11.0,14.0,15.0,14.0,14.0,10.0,14.0,12.0,12.0,15.0,5.0,3.0,4.0,0.0,0.0,1.0,3.0,2.0,-3.0,-2.0,2.0,-2.0,-2.0,0.0
0.0,3.0,3.0,4.0,4.0,1.0,2.0,3.0,1.0,0.0,0.0,2.0,1.0,2.0,2.0,4.0,5.0,-1.0,-1.0,2.0,2.0,0.0,-3.0,3.0,7.0,2.0,0.0,-1.0,1.0,2.0,2.0,2.0,1.0,-4.0,-2.0,4.0,1.0,0.0,1.0,0.0,0.0,-1.0,-7.0,-11.0,-12.0,-19.0,-21.0,-28.0,-466.0,-637.0,-269.0,-27.0,182.0,92.0,-43.0,-5.0,6.0,3.0,-11.0,-24.0,-36.0,-31.0,-33.0,-50.0,-37.0,-56.0,-75.0,0.0,167.0,307.0,226.0,-113.0,-328.0,-222.0,-51.0,-23.0,-35.0,1.0,18.0,159.0,252.0,65.0,-111.0,-119.0,-68.0,11.0,46.0,20.0,17.0,4.0,-20.0,5.0,-21.0,-43.0,5.0,35.0,53.0,57.0,40.0,31.0,11.0,26.0,21.0,0.0,14.0,11.0,11.0,15.0,-25.0,-58.0,-69.0,-93.0,-61.0,6.0,10.0,22.0,61.0,47.0,-14.0,-38.0,2.0,57.0,50.0,3.0,24.0,12.0,-124.0,-149.0,-36.0,-27.0,-33.0,28.0,127.0,191.0,96.0,-41.0,-64.0,88.0,175.0,30.0,-48.0,23.0,-4.0,-50.0,-20.0,-7.0,17.0,34.0,13.0,-11.0,11.0,26.0,27.0,28.0,-121.0,-179.0,26.0,-93.0,-253.0,53.0,508.0,539.0,180.0,11.0,12.0,10.0,5.0,6.0,7.0,2.0,4.0,7.0,3.0,8.0,12.0,11.0,13.0,14.0,13.0,17.0,15.0,8.0,13.0,12.0,12.0,16.0,7.0,4.0,4.0,0.0,0.0,0.0,4.0,2.0,-4.0,-2.0,2.0,-1.0,-2.0,0.0
0.0,4.0,2.0,4.0,3.0,1.0,2.0,3.0,2.0,0.0,0.0,3.0,1.0,1.0,2.0,4.0,4.0,-1.0,0.0,1.0,1.0,0.0,0.0,4.0,4.0,2.0,0.0,-2.0,0.0,1.0,4.0,3.0,-1.0,-3.0,-1.0,3.0,2.0,0.0,0.0,0.0,0.0,-1.0,-6.0,-11.0,-12.0,-19.0,-21.0,-15.0,-339.0,-613.0,-385.0,-58.0,166.0,88.0,-36.0,-6.0,5.0,4.0,-9.0,-18.0,-26.0,-22.0,-18.0,-25.0,-16.0,-49.0,-63.0,-26.0,45.0,174.0,199.0,56.0,-186.0,-256.0,-103.0,-18.0,13.0,30.0,32.0,102.0,108.0,17.0,-28.0,-57.0,-34.0,6.0,27.0,54.0,38.0,-31.0,-53.0,-4.0,-31.0,-30.0,27.0,40.0,50.0,45.0,25.0,22.0,14.0,26.0,20.0,-2.0,12.0,23.0,20.0,17.0,-24.0,-35.0,-39.0,-93.0,-79.0,-27.0,-11.0,33.0,68.0,33.0,14.0,-25.0,-25.0,36.0,70.0,43.0,24.0,18.0,-88.0,-100.0,-27.0,-29.0,-55.0,-23.0,74.0,82.0,40.0,38.0,58.0,124.0,140.0,2.0,-68.0,5.0,-19.0,-47.0,-19.0,-15.0,12.0,36.0,16.0,-3.0,17.0,31.0,27.0,21.0,-120.0,-210.0,-18.0,-7.0,-184.0,31.0,563.0,514.0,98.0,8.0,10.0,8.0,11.0,9.0,2.0,2.0,5.0,4.0,2.0,7.0,12.0,14.0,13.0,14.0,14.0,18.0,14.0,8.0,13.0,12.0,12.0,16.0,8.0,4.0,4.0,0.0,1.0,1.0,3.0,0.0,-4.0,0.0,3.0,0.0,-2.0,0.0
0.0,3.0,3.0,5.0,1.0,2.0,3.0,1.0,1.0,1.0,0.0,3.0,3.0,0.0,1.0,3.0,2.0,1.0,2.0,0.0,0.0,1.0,2.0,3.0,1.0,1.0,1.0,-1.0,0.0,0.0,4.0,4.0,-3.0,-1.0,2.0,1.0,1.0,0.0,1.0,0.0,-1.0,-3.0,-7.0,-8.0,-12.0,-17.0,-17.0,-14.0,-206.0,-604.0,-504.0,-57.0,147.0,76.0,-32.0,-5.0,3.0,3.0,-6.0,-13.0,-16.0,-13.0,-2.0,2.0,-4.0,-25.0,-31.0,-33.0,-37.0,1.0,47.0,59.0,-17.0,-82.0,-30.0,19.0,35.0,40.0,53.0,42.0,13.0,-2.0,-42.0,-70.0,-34.0,-5.0,32.0,66.0,7.0,-49.0,-40.0,-17.0,-16.0,-3.0,21.0,32.0,43.0,38.0,27.0,20.0,15.0,27.0,19.0,3.0,14.0,34.0,31.0,13.0,-19.0,-18.0,4.0,-74.0,-114.0,-61.0,-43.0,10.0,64.0,46.0,28.0,-20.0,-20.0,-7.0,15.0,29.0,21.0,42.0,-32.0,-41.0,-4.0,-15.0,-60.0,-51.0,65.0,88.0,81.0,81.0,59.0,61.0,56.0,3.0,-55.0,-29.0,-19.0,-32.0,-17.0,-7.0,11.0,30.0,12.0,5.0,28.0,35.0,24.0,16.0,-125.0,-234.0,-53.0,57.0,-117.0,41.0,594.0,466.0,42.0,8.0,11.0,5.0,15.0,14.0,-4.0,1.0,5.0,3.0,4.0,5.0,11.0,15.0,11.0,16.0,18.0,16.0,10.0,9.0,15.0,13.0,12.0,15.0,9.0,4.0,3.0,0.0,2.0,3.0,2.0,-3.0,-3.0,3.0,3.0,0.0,-2.0,0.0
0.0,1.0,4.0,7.0,0.0,1.0,4.0,1.0,1.0,2.0,-1.0,1.0,5.0,0.0,-1.0,2.0,3.0,3.0,1.0,-1.0,1.0,2.0,0.0,1.0,1.0,1.0,2.0,0.0,0.0,0.0,3.0,4.0,-2.0,0.0,3.0,0.0,0.0,0.0,2.0,1.0,-1.0,-4.0,-8.0,-6.0,-12.0,-16.0,-14.0,-14.0,-103.0,-599.0,-599.0,-54.0,133.0,70.0,-26.0,-7.0,1.0,2.0,-1.0,-6.0,-11.0,-13.0,-6.0,4.0,4.0,-3.0,-13.0,-26.0,-32.0,-30.0,-25.0,-1.0,28.0,35.0,44.0,36.0,17.0,31.0,68.0,8.0,-71.0,-64.0,-61.0,-36.0,-12.0,22.0,56.0,21.0,-30.0,-41.0,-27.0,-27.0,3.0,21.0,-2.0,15.0,43.0,44.0,46.0,28.0,9.0,16.0,14.0,7.0,16.0,37.0,45.0,23.0,-23.0,-32.0,40.0,-17.0,-122.0,-93.0,-81.0,-36.0,39.0,61.0,43.0,13.0,17.0,0.0,-37.0,-43.0,-23.0,-3.0,8.0,13.0,-1.0,-7.0,-25.0,-5.0,76.0,89.0,79.0,98.0,83.0,53.0,-3.0,-35.0,-63.0,-52.0,-11.0,-16.0,-17.0,-1.0,19.0,22.0,12.0,15.0,31.0,37.0,25.0,13.0,-131.0,-263.0,-75.0,103.0,-82.0,90.0,611.0,397.0,17.0,9.0,11.0,5.0,14.0,15.0,-3.0,0.0,3.0,4.0,6.0,3.0,9.0,15.0,11.0,18.0,20.0,12.0,8.0,12.0,15.0,14.0,13.0,14.0,10.0,4.0,2.0,0.0,1.0,4.0,3.0,-3.0,-2.0,3.0,2.0,0.0,-2.0,0.0
0.0,1.0,3.0,7.0,1.0,1.0,4.0,1.0,2.0,2.0,-2.0,0.0,5.0,0.0,-1.0,3.0,4.0,4.0,0.0,-2.0,1.0,1.0,-1.0,-1.0,2.0,3.0,1.0,1.0,0.0,-1.0,1.0,4.0,2.0,0.0,1.0,0.0,0.0,0.0,1.0,3.0,1.0,-4.0,-7.0,-8.0,-12.0,-15.0,-15.0,-13.0,-52.0,-585.0,-651.0,-71.0,133.0,76.0,-26.0,-10.0,4.0,2.0,2.0,-1.0,-10.0,-18.0,-19.0,-4.0,9.0,6.0,-7.0,-14.0,-15.0,-13.0,-13.0,-8.0,12.0,10.0,13.0,15.0,12.0,19.0,30.0,2.0,-47.0,-41.0,-17.0,-5.0,25.0,57.0,4.0,-50.0,-30.0,-24.0,-21.0,-18.0,9.0,23.0,-17.0,6.0,46.0,55.0,62.0,43.0,3.0,1.0,13.0,1.0,12.0,28.0,43.0,39.0,-18.0,-56.0,33.0,43.0,-77.0,-95.0,-84.0,-63.0,-1.0,30.0,35.0,36.0,39.0,24.0,-16.0,-31.0,-47.0,-43.0,11.0,11.0,-16.0,-5.0,7.0,22.0,56.0,57.0,55.0,92.0,83.0,50.0,-8.0,-45.0,-50.0,-43.0,-11.0,-6.0,-21.0,-2.0,32.0,22.0,18.0,23.0,21.0,35.0,32.0,9.0,-131.0,-284.0,-83.0,114.0,-74.0,161.0,611.0,333.0,12.0,11.0,10.0,7.0,9.0,12.0,1.0,1.0,4.0,4.0,5.0,2.0,8.0,16.0,12.0,17.0,20.0,10.0,9.0,15.0,13.0,13.0,14.0,15.0,10.0,4.0,2.0,0.0,0.0,3.0,4.0,0.0,-3.0,1.0,3.0,0.0,-1.0,0.0
0.0,2.0,2.0,4.0,2.0,3.0,3.0,0.0,2.0,1.0,-1.0,2.0,2.0,0.0,2.0,3.0,4.0,3.0,0.0,0.0,-2.0,0.0,2.0,-2.0,1.0,3.0,1.0,3.0,0.0,-2.0,-1.0,3.0,4.0,1.0,0.0,-1.0,0.0,0.0,1.0,4.0,1.0,-4.0,-6.0,-10.0,-12.0,-13.0,-15.0,-14.0,-47.0,-585.0,-669.0,-84.0,147.0,91.0,-32.0,-10.0,12.0,3.0,0.0,-3.0,-11.0,-20.0,-25.0,-9.0,4.0,6.0,1.0,-3.0,-4.0,-9.0,-9.0,-1.0,7.0,-15.0,-25.0,-3.0,14.0,9.0,6.0,12.0,20.0,9.0,4.0,26.0,39.0,13.0,-62.0,-66.0,-17.0,-20.0,-11.0,-2.0,9.0,-1.0,-22.0,16.0,47.0,68.0,64.0,48.0,11.0,-2.0,8.0,-10.0,4.0,22.0,30.0,30.0,-5.0,-60.0,-7.0,55.0,-11.0,-49.0,-48.0,-55.0,-33.0,-14.0,8.0,24.0,31.0,35.0,25.0,1.0,-37.0,-29.0,-4.0,-11.0,-18.0,-2.0,5.0,5.0,40.0,44.0,38.0,66.0,48.0,23.0,0.0,-19.0,-9.0,-17.0,-19.0,-11.0,-22.0,8.0,35.0,25.0,29.0,23.0,11.0,29.0,35.0,4.0,-127.0,-287.0,-64.0,69.0,-90.0,248.0,598.0,294.0,12.0,12.0,12.0,8.0,4.0,9.0,2.0,2.0,7.0,6.0,5.0,2.0,7.0,13.0,10.0,16.0,21.0,12.0,12.0,16.0,12.0,13.0,13.0,14.0,11.0,5.0,1.0,0.0,0.0,1.0,3.0,3.0,-2.0,0.0,3.0,0.0,0.0,0.0
0.0,1.0,3.0,2.0,2.0,4.0,0.0,1.0,3.0,-1.0,0.0,5.0,1.0,0.0,3.0,1.0,4.0,2.0,0.0,2.0,-4.0,0.0,4.0,-1.0,0.0,2.0,3.0,3.0,0.0,-1.0,-2.0,1.0,3.0,2.0,1.0,-2.0,-1.0,0.0,2.0,4.0,0.0,-4.0,-6.0,-9.0,-12.0,-12.0,-12.0,-27.0,-83.0,-605.0,-657.0,-77.0,161.0,119.0,-23.0,-13.0,13.0,6.0,-2.0,-6.0,-12.0,-21.0,-26.0,-11.0,-3.0,1.0,2.0,-2.0,0.0,-2.0,0.0,12.0,7.0,-19.0,-28.0,0.0,18.0,12.0,32.0,12.0,8.0,38.0,34.0,34.0,-5.0,-56.0,-59.0,-39.0,-27.0,-26.0,-2.0,6.0,-1.0,-30.0,-9.0,41.0,52.0,75.0,56.0,37.0,14.0,-2.0,2.0,-4.0,5.0,22.0,17.0,-1.0,-4.0,-43.0,-42.0,21.0,42.0,17.0,-20.0,-40.0,-40.0,-31.0,-10.0,4.0,6.0,19.0,38.0,18.0,-1.0,5.0,-12.0,-17.0,-13.0,-13.0,-6.0,2.0,24.0,35.0,29.0,43.0,28.0,1.0,-1.0,10.0,26.0,-1.0,-29.0,-25.0,-18.0,20.0,25.0,29.0,41.0,17.0,8.0,25.0,31.0,1.0,-124.0,-262.0,-26.0,-34.0,-131.0,324.0,573.0,294.0,32.0,13.0,13.0,8.0,2.0,7.0,4.0,2.0,6.0,9.0,8.0,1.0,4.0,7.0,8.0,18.0,22.0,16.0,13.0,15.0,13.0,14.0,13.0,12.0,11.0,6.0,1.0,1.0,0.0,0.0,2.0,3.0,0.0,0.0,2.0,0.0,0.0,0.0
0.0,0.0,3.0,3.0,3.0,4.0,-2.0,2.0,3.0,-1.0,0.0,4.0,3.0,1.0,2.0,-1.0,3.0,3.0,0.0,0.0,-3.0,0.0,3.0,1.0,1.0,3.0,3.0,1.0,0.0,0.0,0.0,1.0,1.0,1.0,2.0,-1.0,-2.0,-1.0,0.0,4.0,0.0,-4.0,-5.0,-8.0,-11.0,-11.0,-12.0,-53.0,-190.0,-632.0,-575.0,-51.0,175.0,148.0,-5.0,-15.0,7.0,6.0,-2.0,-4.0,-12.0,-21.0,-22.0,-10.0,-6.0,-5.0,-4.0,-7.0,-7.0,0.0,9.0,14.0,5.0,-8.0,-5.0,17.0,29.0,14.0,31.0,26.0,12.0,36.0,25.0,-6.0,-40.0,-51.0,-30.0,-26.0,-32.0,-30.0,-8.0,-4.0,-26.0,-39.0,24.0,66.0,54.0,65.0,49.0,28.0,4.0,-2.0,7.0,10.0,13.0,12.0,1.0,-15.0,-6.0,-35.0,-57.0,-15.0,60.0,68.0,2.0,-23.0,-36.0,-31.0,-11.0,-10.0,-15.0,-11.0,27.0,31.0,11.0,28.0,7.0,-16.0,-4.0,-10.0,-4.0,10.0,3.0,14.0,18.0,19.0,22.0,13.0,6.0,19.0,33.0,3.0,-32.0,-31.0,-10.0,13.0,13.0,37.0,49.0,17.0,6.0,22.0,25.0,-6.0,-126.0,-207.0,-37.0,-146.0,-124.0,352.0,549.0,327.0,60.0,11.0,10.0,9.0,2.0,5.0,8.0,2.0,3.0,8.0,8.0,1.0,3.0,4.0,10.0,21.0,21.0,18.0,11.0,12.0,14.0,15.0,15.0,12.0,10.0,6.0,2.0,3.0,0.0,-1.0,2.0,1.0,0.0,1.0,2.0,0.0,0.0,0.0
0.0,1.0,1.0,3.0,3.0,4.0,0.0,2.0,2.0,0.0,-1.0,2.0,4.0,3.0,2.0,-2.0,2.0,3.0,0.0,-2.0,0.0,0.0,0.0,2.0,3.0,4.0,1.0,0.0,0.0,0.0,2.0,2.0,1.0,1.0,1.0,0.0,-2.0,-3.0,-2.0,4.0,0.0,-4.0,-4.0,-8.0,-9.0,-9.0,-16.0,-83.0,-316.0,-634.0,-446.0,-17.0,167.0,147.0,9.0,-11.0,4.0,2.0,-3.0,-4.0,-12.0,-17.0,-12.0,-4.0,-6.0,-10.0,-12.0,-12.0,-11.0,-4.0,9.0,15.0,11.0,8.0,14.0,22.0,35.0,29.0,28.0,34.0,12.0,4.0,-28.0,-42.0,-18.0,-10.0,-19.0,-32.0,-23.0,-26.0,-20.0,-29.0,-54.0,-18.0,59.0,71.0,52.0,59.0,48.0,22.0,0.0,5.0,14.0,11.0,10.0,-8.0,-6.0,0.0,-13.0,-39.0,-42.0,-40.0,33.0,95.0,33.0,-9.0,-30.0,-23.0,-2.0,-14.0,-28.0,-28.0,6.0,23.0,6.0,21.0,15.0,-3.0,6.0,0.0,6.0,23.0,0.0,5.0,19.0,10.0,19.0,27.0,10.0,4.0,11.0,1.0,-25.0,-27.0,-2.0,2.0,11.0,47.0,52.0,23.0,7.0,16.0,12.0,-23.0,-130.0,-173.0,-125.0,-184.0,-25.0,351.0,532.0,344.0,71.0,8.0,9.0,10.0,1.0,4.0,9.0,2.0,3.0,5.0,5.0,4.0,5.0,4.0,11.0,22.0,21.0,17.0,11.0,10.0,13.0,16.0,15.0,11.0,10.0,7.0,3.0,3.0,0.0,-1.0,2.0,0.0,1.0,2.0,1.0,0.0,1.0,0.0
0.0,3.0,0.0,2.0,2.0,4.0,2.0,0.0,3.0,1.0,-3.0,2.0,4.0,4.0,1.0,-1.0,3.0,1.0,0.0,0.0,3.0,-1.0,-3.0,1.0,4.0,3.0,0.0,1.0,0.0,0.0,1.0,2.0,3.0,2.0,0.0,0.0,-2.0,-4.0,-2.0,3.0,1.0,-3.0,-5.0,-8.0,-8.0,-8.0,-18.0,-131.0,-389.0,-559.0,-313.0,-12.0,103.0,118.0,21.0,-5.0,5.0,0.0,-4.0,-5.0,-12.0,-14.0,-3.0,-1.0,-7.0,-9.0,-17.0,-17.0,-9.0,-4.0,8.0,20.0,21.0,11.0,10.0,26.0,45.0,37.0,22.0,10.0,-11.0,-12.0,-45.0,-34.0,15.0,8.0,-20.0,-39.0,-30.0,-30.0,-27.0,-53.0,-60.0,28.0,79.0,57.0,55.0,55.0,40.0,23.0,8.0,9.0,12.0,10.0,4.0,-10.0,1.0,-1.0,-24.0,-29.0,-15.0,-50.0,-19.0,88.0,68.0,9.0,-19.0,-21.0,-2.0,-8.0,-25.0,-33.0,-23.0,1.0,-3.0,-1.0,12.0,14.0,11.0,0.0,12.0,37.0,13.0,6.0,22.0,14.0,18.0,29.0,18.0,-5.0,-11.0,-9.0,-19.0,-21.0,-1.0,4.0,14.0,52.0,51.0,30.0,22.0,6.0,-9.0,-38.0,-131.0,-184.0,-187.0,-138.0,64.0,345.0,494.0,314.0,82.0,17.0,10.0,8.0,0.0,5.0,7.0,2.0,4.0,4.0,5.0,6.0,5.0,4.0,8.0,22.0,24.0,16.0,12.0,10.0,13.0,15.0,12.0,11.0,10.0,8.0,5.0,1.0,1.0,2.0,3.0,0.0,0.0,1.0,0.0,0.0,3.0,0.0
0.0,4.0,0.0,3.0,3.0,3.0,1.0,-1.0,4.0,2.0,-3.0,2.0,3.0,3.0,1.0,0.0,3.0,0.0,0.0,3.0,4.0,-3.0,-3.0,1.0,3.0,1.0,0.0,2.0,0.0,0.0,0.0,3.0,4.0,1.0,0.0,0.0,-1.0,-3.0,-3.0,1.0,3.0,-2.0,-7.0,-7.0,-7.0,-9.0,-18.0,-165.0,-454.0,-473.0,-181.0,-58.0,43.0,116.0,21.0,0.0,7.0,0.0,-4.0,-2.0,-10.0,-14.0,-1.0,-4.0,-8.0,-3.0,-17.0,-21.0,-8.0,0.0,12.0,26.0,24.0,12.0,14.0,24.0,19.0,10.0,11.0,-5.0,-11.0,-7.0,-17.0,-3.0,20.0,11.0,-24.0,-45.0,-40.0,-48.0,-44.0,-63.0,-33.0,79.0,85.0,52.0,63.0,39.0,24.0,24.0,9.0,6.0,9.0,16.0,7.0,2.0,0.0,-25.0,-28.0,-15.0,-5.0,-36.0,-49.0,54.0,88.0,45.0,-2.0,-32.0,-18.0,-14.0,-11.0,-19.0,-35.0,-26.0,-21.0,-15.0,3.0,14.0,14.0,-1.0,6.0,30.0,25.0,25.0,26.0,18.0,22.0,27.0,20.0,-10.0,-22.0,-16.0,-15.0,-16.0,9.0,20.0,13.0,42.0,48.0,42.0,36.0,-4.0,-22.0,-40.0,-122.0,-198.0,-152.0,-62.0,75.0,310.0,425.0,275.0,92.0,28.0,9.0,6.0,-1.0,5.0,8.0,2.0,4.0,4.0,5.0,5.0,4.0,6.0,6.0,20.0,26.0,17.0,12.0,9.0,15.0,15.0,9.0,13.0,12.0,7.0,4.0,1.0,3.0,3.0,3.0,0.0,-2.0,0.0,1.0,0.0,2.0,0.0
0.0,4.0,0.0,4.0,4.0,1.0,0.0,1.0,3.0,2.0,1.0,2.0,1.0,2.0,2.0,0.0,1.0,0.0,0.0,4.0,5.0,-3.0,-2.0,3.0,1.0,-1.0,0.0,1.0,1.0,1.0,0.0,3.0,3.0,0.0,0.0,0.0,0.0,-1.0,-3.0,0.0,3.0,-3.0,-8.0,-6.0,-5.0,-10.0,-20.0,-150.0,-525.0,-467.0,-99.0,-102.0,45.0,145.0,17.0,1.0,7.0,3.0,-1.0,2.0,-9.0,-17.0,-2.0,-7.0,-11.0,-3.0,-14.0,-12.0,-5.0,0.0,21.0,31.0,12.0,1.0,8.0,1.0,-13.0,-2.0,20.0,6.0,-5.0,6.0,16.0,9.0,16.0,6.0,-31.0,-46.0,-45.0,-64.0,-68.0,-48.0,17.0,101.0,75.0,63.0,76.0,28.0,8.0,13.0,2.0,2.0,15.0,20.0,8.0,5.0,-7.0,-29.0,-26.0,-14.0,-4.0,-25.0,-54.0,18.0,78.0,66.0,16.0,-28.0,-30.0,-20.0,-2.0,-7.0,-25.0,-35.0,-38.0,-31.0,-10.0,13.0,18.0,-3.0,-8.0,14.0,26.0,42.0,36.0,16.0,21.0,20.0,9.0,-8.0,-20.0,-12.0,-6.0,-5.0,29.0,42.0,16.0,16.0,38.0,52.0,34.0,-8.0,-26.0,-40.0,-105.0,-207.0,-87.0,24.0,55.0,257.0,360.0,248.0,95.0,27.0,7.0,5.0,-2.0,4.0,10.0,3.0,4.0,4.0,3.0,4.0,4.0,8.0,8.0,17.0,26.0,18.0,9.0,10.0,17.0,15.0,10.0,14.0,13.0,6.0,2.0,2.0,4.0,2.0,1.0,0.0,-1.0,0.0,2.0,0.0,-2.0,0.0
0.0,4.0,0.0,4.0,4.0,0.0,1.0,2.0,1.0,2.0,4.0,1.0,1.0,3.0,1.0,0.0,0.0,0.0,1.0,4.0,5.0,-1.0,-2.0,3.0,0.0,-2.0,0.0,0.0,2.0,2.0,1.0,1.0,1.0,1.0,0.0,0.0,0.0,0.0,-1.0,0.0,0.0,-4.0,-6.0,-7.0,-5.0,-8.0,-23.0,-140.0,-560.0,-479.0,-78.0,-115.0,65.0,166.0,20.0,-2.0,7.0,9.0,5.0,8.0,-6.0,-20.0,-8.0,-12.0,-16.0,-10.0,-11.0,1.0,-3.0,-3.0,18.0,17.0,0.0,-10.0,-18.0,-16.0,-2.0,20.0,33.0,10.0,11.0,17.0,18.0,26.0,12.0,-27.0,-34.0,-38.0,-64.0,-76.0,-68.0,-3.0,65.0,84.0,51.0,76.0,87.0,25.0,5.0,10.0,-1.0,-4.0,17.0,17.0,4.0,1.0,-5.0,-12.0,-18.0,-13.0,-8.0,-34.0,-57.0,-14.0,58.0,66.0,26.0,-18.0,-28.0,-3.0,2.0,-8.0,-20.0,-29.0,-38.0,-38.0,-22.0,3.0,17.0,-1.0,-16.0,2.0,16.0,29.0,34.0,15.0,11.0,11.0,14.0,14.0,0.0,3.0,7.0,16.0,34.0,40.0,27.0,6.0,18.0,43.0,29.0,-6.0,-31.0,-45.0,-98.0,-219.0,-57.0,91.0,48.0,235.0,355.0,220.0,74.0,21.0,5.0,3.0,0.0,5.0,8.0,3.0,5.0,5.0,1.0,4.0,6.0,8.0,8.0,16.0,28.0,17.0,4.0,13.0,18.0,14.0,13.0,13.0,11.0,7.0,3.0,2.0,5.0,2.0,0.0,0.0,-1.0,0.0,2.0,0.0,-5.0,0.0
0.0,4.0,1.0,4.0,3.0,0.0,3.0,3.0,0.0,1.0,2.0,1.0,3.0,2.0,0.0,1.0,0.0,0.0,2.0,4.0,2.0,0.0,0.0,1.0,0.0,-1.0,0.0,0.0,1.0,1.0,2.0,0.0,1.0,3.0,0.0,0.0,0.0,0.0,0.0,-1.0,-2.0,-3.0,-3.0,-7.0,-7.0,-6.0,-20.0,-137.0,-567.0,-483.0,-79.0,-123.0,66.0,174.0,27.0,1.0,9.0,10.0,8.0,14.0,4.0,-18.0,-23.0,-18.0,-14.0,-15.0,-12.0,-1.0,-8.0,-5.0,-1.0,-12.0,-4.0,1.0,-17.0,-12.0,18.0,38.0,28.0,2.0,43.0,30.0,11.0,41.0,-9.0,-56.0,-32.0,-40.0,-87.0,-81.0,-40.0,45.0,85.0,59.0,49.0,87.0,75.0,26.0,19.0,13.0,-2.0,-9.0,11.0,14.0,1.0,-4.0,-1.0,-1.0,-11.0,-5.0,-28.0,-49.0,-51.0,-41.0,42.0,63.0,23.0,-16.0,-14.0,17.0,6.0,-5.0,-17.0,-26.0,-32.0,-29.0,-23.0,-8.0,7.0,-4.0,-22.0,-9.0,11.0,22.0,14.0,5.0,8.0,17.0,27.0,20.0,21.0,24.0,23.0,37.0,35.0,22.0,28.0,11.0,-5.0,21.0,26.0,0.0,-33.0,-52.0,-125.0,-235.0,-28.0,129.0,56.0,237.0,383.0,206.0,38.0,13.0,4.0,3.0,3.0,5.0,5.0,2.0,7.0,6.0,0.0,5.0,10.0,7.0,2.0,16.0,30.0,16.0,5.0,13.0,17.0,14.0,13.0,12.0,11.0,9.0,5.0,2.0,5.0,2.0,0.0,1.0,-2.0,-1.0,2.0,0.0,-6.0,0.0
0.0,3.0,2.0,4.0,1.0,1.0,3.0,3.0,1.0,0.0,0.0,3.0,4.0,-1.0,0.0,2.0,0.0,0.0,2.0,4.0,0.0,0.0,2.0,0.0,0.0,0.0,0.0,0.0,0.0,0.0,1.0,0.0,3.0,4.0,0.0,0.0,0.0,0.0,-1.0,-3.0,-1.0,-1.0,-3.0,-6.0,-8.0,-7.0,-13.0,-102.0,-559.0,-518.0,-94.0,-131.0,56.0,177.0,41.0,13.0,9.0,4.0,9.0,18.0,8.0,-14.0,-32.0,-24.0,-9.0,-13.0,-14.0,-9.0,-15.0,-10.0,-16.0,-24.0,-3.0,18.0,15.0,7.0,20.0,33.0,4.0,-5.0,66.0,40.0,9.0,25.0,-29.0,-43.0,-27.0,-68.0,-103.0,-69.0,-5.0,73.0,80.0,54.0,78.0,89.0,45.0,22.0,30.0,18.0,3.0,-10.0,5.0,11.0,-4.0,-4.0,2.0,-1.0,-6.0,1.0,-48.0,-64.0,-48.0,-62.0,23.0,61.0,14.0,-8.0,7.0,20.0,12.0,9.0,-8.0,-26.0,-34.0,-22.0,-11.0,-6.0,-5.0,-9.0,-24.0,-12.0,11.0,28.0,-5.0,-11.0,14.0,35.0,31.0,1.0,22.0,33.0,44.0,54.0,44.0,21.0,14.0,-1.0,-20.0,2.0,19.0,9.0,-29.0,-59.0,-173.0,-253.0,18.0,156.0,71.0,259.0,389.0,186.0,18.0,7.0,4.0,3.0,4.0,3.0,4.0,3.0,7.0,5.0,1.0,8.0,11.0,4.0,-1.0,16.0,28.0,17.0,9.0,12.0,16.0,13.0,14.0,13.0,11.0,10.0,7.0,2.0,2.0,2.0,0.0,2.0,-1.0,-2.0,1.0,0.0,-5.0,0.0
0.0,1.0,2.0,4.0,1.0,3.0,1.0,1.0,2.0,0.0,0.0,4.0,4.0,-1.0,0.0,2.0,0.0,0.0,3.0,3.0,0.0,0.0,1.0,0.0,-1.0,0.0,1.0,0.0,1.0,1.0,-1.0,-1.0,4.0,4.0,0.0,0.0,0.0,0.0,-3.0,-4.0,0.0,0.0,-4.0,-7.0,-8.0,-8.0,-9.0,-49.0,-494.0,-566.0,-157.0,-145.0,39.0,183.0,55.0,23.0,9.0,1.0,11.0,17.0,-1.0,-9.0,-22.0,-27.0,-10.0,-9.0,-15.0,-11.0,-10.0,-7.0,-11.0,-11.0,0.0,15.0,32.0,15.0,3.0,21.0,-7.0,-5.0,61.0,36.0,9.0,-2.0,-26.0,-12.0,-34.0,-109.0,-113.0,-39.0,25.0,82.0,75.0,72.0,99.0,74.0,29.0,19.0,36.0,33.0,8.0,-11.0,-3.0,-2.0,-11.0,-1.0,6.0,1.0,5.0,-1.0,-53.0,-77.0,-67.0,-78.0,-4.0,58.0,19.0,1.0,20.0,26.0,18.0,13.0,-6.0,-14.0,-23.0,-25.0,-6.0,-10.0,-16.0,1.0,-9.0,-10.0,6.0,16.0,-13.0,-10.0,11.0,41.0,39.0,-9.0,5.0,31.0,63.0,63.0,43.0,24.0,10.0,-12.0,-25.0,-7.0,11.0,15.0,-25.0,-62.0,-198.0,-243.0,45.0,157.0,92.0,313.0,376.0,125.0,8.0,6.0,3.0,1.0,4.0,2.0,4.0,4.0,5.0,3.0,3.0,11.0,9.0,3.0,2.0,14.0,25.0,22.0,9.0,9.0,16.0,13.0,18.0,14.0,9.0,10.0,7.0,3.0,0.0,1.0,1.0,1.0,1.0,-2.0,-1.0,1.0,-4.0,0.0
0.0,1.0,3.0,3.0,3.0,4.0,0.0,0.0,1.0,1.0,1.0,3.0,3.0,0.0,1.0,2.0,0.0,1.0,3.0,1.0,-1.0,-1.0,1.0,1.0,-2.0,0.0,2.0,0.0,2.0,3.0,-1.0,-3.0,3.0,4.0,0.0,0.0,0.0,-1.0,-4.0,-3.0,-1.0,0.0,-2.0,-8.0,-8.0,-7.0,-8.0,-15.0,-327.0,-573.0,-311.0,-182.0,9.0,188.0,69.0,27.0,9.0,7.0,15.0,8.0,-11.0,-4.0,-4.0,-18.0,-8.0,-6.0,-23.0,-11.0,7.0,9.0,1.0,1.0,0.0,-6.0,19.0,8.0,-5.0,10.0,-4.0,8.0,42.0,32.0,17.0,-13.0,-14.0,-2.0,-58.0,-148.0,-108.0,4.0,49.0,74.0,73.0,91.0,95.0,53.0,29.0,40.0,52.0,35.0,2.0,-9.0,-16.0,-21.0,-13.0,2.0,9.0,5.0,13.0,-6.0,-43.0,-77.0,-92.0,-86.0,-39.0,25.0,36.0,11.0,12.0,49.0,28.0,3.0,-6.0,2.0,0.0,-21.0,-5.0,-21.0,-26.0,13.0,7.0,-8.0,2.0,4.0,-4.0,-2.0,-1.0,29.0,35.0,-4.0,-6.0,32.0,70.0,58.0,37.0,24.0,12.0,-15.0,-25.0,-7.0,9.0,13.0,-26.0,-61.0,-200.0,-208.0,64.0,153.0,136.0,355.0,322.0,54.0,5.0,4.0,1.0,1.0,3.0,4.0,5.0,3.0,3.0,1.0,6.0,12.0,6.0,6.0,6.0,11.0,23.0,28.0,8.0,3.0,16.0,15.0,20.0,14.0,9.0,10.0,4.0,3.0,1.0,1.0,2.0,1.0,2.0,-3.0,-1.0,2.0,-5.0,0.0
0.0,3.0,4.0,1.0,4.0,4.0,0.0,0.0,1.0,3.0,2.0,1.0,2.0,1.0,2.0,1.0,0.0,2.0,1.0,0.0,-2.0,-2.0,2.0,2.0,-1.0,0.0,1.0,0.0,1.0,3.0,1.0,-3.0,1.0,4.0,1.0,0.0,0.0,-3.0,-4.0,-1.0,-2.0,0.0,0.0,-7.0,-8.0,-6.0,-7.0,-10.0,-134.0,-459.0,-492.0,-295.0,-33.0,173.0,95.0,29.0,8.0,15.0,20.0,2.0,-6.0,2.0,-5.0,-12.0,5.0,-1.0,-32.0,-10.0,19.0,19.0,-11.0,-11.0,7.0,-3.0,11.0,4.0,0.0,10.0,2.0,19.0,38.0,29.0,11.0,-12.0,-9.0,-26.0,-89.0,-160.0,-73.0,50.0,65.0,60.0,61.0,83.0,78.0,43.0,35.0,67.0,79.0,29.0,-11.0,-5.0,-31.0,-37.0,-11.0,6.0,8.0,5.0,10.0,-2.0,-15.0,-62.0,-100.0,-93.0,-74.0,-30.0,31.0,8.0,-16.0,69.0,57.0,13.0,-1.0,-2.0,10.0,-3.0,1.0,-17.0,-23.0,8.0,2.0,-10.0,0.0,10.0,12.0,2.0,3.0,13.0,12.0,5.0,-4.0,30.0,64.0,47.0,37.0,29.0,0.0,-19.0,-13.0,-5.0,9.0,9.0,-29.0,-65.0,-199.0,-179.0,100.0,180.0,222.0,345.0,203.0,17.0,5.0,1.0,1.0,2.0,1.0,6.0,6.0,3.0,1.0,0.0,9.0,12.0,3.0,7.0,9.0,12.0,22.0,26.0,9.0,3.0,16.0,15.0,19.0,15.0,9.0,9.0,3.0,1.0,3.0,3.0,1.0,2.0,1.0,-3.0,1.0,1.0,-6.0,0.0
0.0,3.0,4.0,1.0,3.0,3.0,0.0,0.0,3.0,4.0,1.0,0.0,3.0,3.0,1.0,0.0,0.0,1.0,0.0,0.0,0.0,-1.0,0.0,2.0,0.0,-1.0,0.0,0.0,0.0,1.0,1.0,-1.0,0.0,4.0,3.0,0.0,0.0,-4.0,-4.0,0.0,-1.0,-1.0,-2.0,-4.0,-7.0,-7.0,-6.0,-12.0,-33.0,-245.0,-524.0,-478.0,-138.0,135.0,126.0,32.0,11.0,20.0,24.0,6.0,3.0,1.0,-19.0,-15.0,11.0,0.0,-25.0,0.0,25.0,17.0,-31.0,-28.0,16.0,18.0,20.0,2.0,1.0,21.0,11.0,19.0,35.0,22.0,-11.0,-17.0,-4.0,-60.0,-123.0,-121.0,-9.0,72.0,60.0,52.0,48.0,56.0,65.0,48.0,44.0,70.0,95.0,48.0,-5.0,-5.0,-42.0,-46.0,-19.0,-1.0,2.0,3.0,3.0,5.0,23.0,-31.0,-92.0,-101.0,-91.0,-58.0,-6.0,-29.0,-62.0,56.0,98.0,44.0,7.0,-6.0,10.0,15.0,7.0,-7.0,-10.0,1.0,-7.0,-15.0,1.0,12.0,8.0,0.0,11.0,12.0,8.0,8.0,-3.0,23.0,44.0,38.0,43.0,33.0,-14.0,-17.0,6.0,-4.0,5.0,8.0,-29.0,-75.0,-198.0,-154.0,155.0,265.0,296.0,257.0,77.0,9.0,3.0,0.0,3.0,1.0,1.0,5.0,4.0,5.0,2.0,1.0,9.0,10.0,2.0,6.0,9.0,16.0,23.0,19.0,11.0,9.0,16.0,13.0,17.0,16.0,7.0,9.0,5.0,0.0,3.0,3.0,1.0,1.0,0.0,-1.0,2.0,0.0,-5.0,0.0
0.0,1.0,4.0,3.0,1.0,1.0,0.0,1.0,4.0,3.0,0.0,0.0,4.0,4.0,0.0,0.0,0.0,0.0,0.0,0.0,2.0,0.0,-2.0,2.0,0.0,-2.0,0.0,0.0,0.0,0.0,0.0,0.0,1.0,4.0,2.0,-1.0,0.0,-3.0,-3.0,0.0,-1.0,-3.0,-3.0,-2.0,-5.0,-7.0,-7.0,-12.0,-13.0,-92.0,-389.0,-572.0,-313.0,65.0,141.0,37.0,12.0,22.0,28.0,17.0,3.0,-10.0,-19.0,-14.0,-3.0,-5.0,-8.0,12.0,23.0,8.0,-20.0,-18.0,20.0,35.0,16.0,-13.0,9.0,24.0,16.0,13.0,11.0,24.0,-14.0,-28.0,-18.0,-98.0,-126.0,-36.0,48.0,60.0,41.0,48.0,39.0,32.0,58.0,61.0,52.0,60.0,90.0,70.0,27.0,17.0,-38.0,-60.0,-40.0,-17.0,-11.0,-7.0,-7.0,1.0,50.0,12.0,-72.0,-102.0,-87.0,-55.0,-39.0,-62.0,-114.0,-2.0,113.0,69.0,23.0,8.0,13.0,24.0,8.0,0.0,5.0,-3.0,-5.0,-9.0,8.0,-3.0,-9.0,-3.0,2.0,23.0,15.0,0.0,3.0,18.0,15.0,36.0,52.0,29.0,-12.0,-6.0,16.0,-8.0,-3.0,8.0,-27.0,-85.0,-187.0,-70.0,264.0,338.0,242.0,117.0,15.0,5.0,1.0,1.0,3.0,1.0,3.0,3.0,2.0,5.0,6.0,3.0,8.0,6.0,1.0,7.0,9.0,19.0,23.0,16.0,12.0,12.0,16.0,12.0,15.0,16.0,8.0,11.0,4.0,0.0,2.0,2.0,3.0,-1.0,0.0,1.0,3.0,-1.0,-4.0,0.0
0.0,1.0,4.0,4.0,-1.0,0.0,1.0,2.0,4.0,2.0,0.0,0.0,4.0,3.0,-1.0,1.0,1.0,0.0,0.0,0.0,1.0,0.0,-1.0,1.0,1.0,0.0,-1.0,-1.0,0.0,0.0,0.0,0.0,2.0,3.0,-1.0,-2.0,0.0,-1.0,-1.0,-1.0,-3.0,-3.0,-1.0,-3.0,-4.0,-4.0,-8.0,-13.0,-11.0,-40.0,-256.0,-579.0,-449.0,5.0,139.0,45.0,7.0,21.0,32.0,28.0,5.0,-14.0,-17.0,-18.0,-17.0,-9.0,4.0,16.0,11.0,9.0,15.0,5.0,19.0,37.0,-2.0,-15.0,20.0,14.0,16.0,1.0,-3.0,32.0,-8.0,-38.0,-65.0,-133.0,-69.0,50.0,61.0,39.0,35.0,47.0,29.0,13.0,45.0,59.0,56.0,57.0,79.0,67.0,47.0,59.0,0.0,-66.0,-64.0,-32.0,-26.0,-24.0,-17.0,-4.0,47.0,43.0,-36.0,-97.0,-80.0,-37.0,-39.0,-60.0,-133.0,-94.0,54.0,90.0,58.0,33.0,21.0,24.0,0.0,-1.0,19.0,0.0,1.0,-3.0,5.0,-16.0,-13.0,-1.0,-7.0,21.0,15.0,-8.0,11.0,18.0,-1.0,36.0,42.0,17.0,4.0,4.0,12.0,-5.0,-7.0,9.0,-22.0,-95.0,-156.0,104.0,393.0,270.0,96.0,28.0,3.0,2.0,1.0,1.0,2.0,4.0,4.0,1.0,2.0,4.0,8.0,5.0,7.0,3.0,2.0,9.0,11.0,18.0,20.0,17.0,11.0,11.0,17.0,13.0,14.0,16.0,10.0,11.0,2.0,1.0,3.0,2.0,3.0,-2.0,0.0,3.0,4.0,-3.0,-4.0,0.0
0.0,2.0,3.0,3.0,-2.0,1.0,3.0,2.0,4.0,2.0,0.0,0.0,4.0,1.0,-2.0,2.0,1.0,1.0,1.0,0.0,0.0,0.0,0.0,0.0,2.0,2.0,-2.0,-2.0,0.0,0.0,0.0,0.0,1.0,1.0,-1.0,-2.0,-1.0,1.0,0.0,-3.0,-3.0,-1.0,0.0,-4.0,-4.0,-1.0,-8.0,-15.0,-10.0,-16.0,-157.0,-584.0,-548.0,-28.0,129.0,57.0,13.0,18.0,30.0,26.0,11.0,-8.0,-23.0,-25.0,-22.0,-10.0,11.0,15.0,4.0,25.0,39.0,11.0,8.0,20.0,5.0,18.0,12.0,5.0,17.0,-12.0,-11.0,15.0,-3.0,-41.0,-113.0,-114.0,15.0,77.0,42.0,27.0,46.0,45.0,14.0,0.0,28.0,39.0,52.0,56.0,66.0,54.0,40.0,66.0,35.0,-30.0,-66.0,-46.0,-30.0,-38.0,-16.0,-11.0,12.0,56.0,12.0,-75.0,-62.0,-4.0,-17.0,-46.0,-113.0,-168.0,-64.0,87.0,99.0,53.0,36.0,32.0,1.0,-11.0,13.0,11.0,2.0,-9.0,0.0,-14.0,-19.0,-9.0,-9.0,8.0,23.0,-2.0,7.0,20.0,18.0,27.0,4.0,6.0,16.0,12.0,3.0,5.0,2.0,6.0,-17.0,-105.0,-123.0,244.0,436.0,168.0,20.0,8.0,4.0,4.0,3.0,0.0,2.0,4.0,4.0,2.0,1.0,3.0,7.0,6.0,6.0,3.0,5.0,10.0,12.0,14.0,18.0,20.0,10.0,8.0,18.0,15.0,15.0,16.0,9.0,8.0,3.0,3.0,4.0,1.0,1.0,0.0,0.0,3.0,3.0,-2.0,-3.0,0.0
0.0,1.0,2.0,2.0,-1.0,3.0,4.0,2.0,4.0,1.0,0.0,1.0,3.0,0.0,-2.0,1.0,-1.0,2.0,2.0,0.0,1.0,1.0,0.0,-1.0,1.0,1.0,-2.0,-1.0,1.0,0.0,0.0,-1.0,0.0,1.0,0.0,-3.0,-3.0,2.0,0.0,-3.0,-1.0,-1.0,-1.0,-3.0,-4.0,-1.0,-7.0,-15.0,-11.0,-10.0,-72.0,-514.0,-636.0,-125.0,114.0,79.0,37.0,16.0,8.0,9.0,23.0,1.0,-26.0,-21.0,-21.0,-10.0,17.0,14.0,2.0,34.0,45.0,9.0,-1.0,16.0,35.0,38.0,-3.0,-4.0,18.0,-11.0,-25.0,-21.0,-14.0,-48.0,-119.0,-43.0,69.0,56.0,22.0,23.0,53.0,36.0,-4.0,-9.0,11.0,29.0,49.0,50.0,52.0,44.0,30.0,40.0,26.0,5.0,-38.0,-45.0,-29.0,-42.0,-10.0,-15.0,-14.0,50.0,42.0,-26.0,-24.0,25.0,9.0,-33.0,-84.0,-176.0,-162.0,29.0,102.0,51.0,65.0,59.0,12.0,-19.0,-6.0,14.0,-12.0,-15.0,8.0,-6.0,-29.0,-24.0,-13.0,-5.0,32.0,23.0,2.0,11.0,33.0,23.0,-9.0,3.0,17.0,20.0,-3.0,5.0,15.0,-5.0,-26.0,-111.0,-120.0,289.0,438.0,141.0,21.0,6.0,6.0,6.0,5.0,2.0,1.0,0.0,3.0,5.0,0.0,0.0,7.0,7.0,6.0,5.0,6.0,10.0,12.0,10.0,19.0,24.0,9.0,5.0,18.0,17.0,16.0,15.0,8.0,5.0,4.0,5.0,4.0,0.0,-1.0,2.0,1.0,1.0,1.0,1.0,-1.0,0.0
0.0,1.0,4.0,2.0,-1.0,4.0,4.0,1.0,4.0,1.0,0.0,1.0,1.0,0.0,-2.0,1.0,-1.0,1.0,0.0,0.0,3.0,2.0,0.0,-2.0,0.0,0.0,-2.0,0.0,2.0,-1.0,0.0,-2.0,-1.0,2.0,0.0,-3.0,-3.0,1.0,0.0,-1.0,-1.0,-3.0,-2.0,-1.0,-4.0,-3.0,-5.0,-12.0,-12.0,-15.0,-38.0,-418.0,-675.0,-253.0,101.0,113.0,61.0,12.0,-17.0,6.0,35.0,2.0,-28.0,-18.0,-14.0,-5.0,22.0,15.0,-3.0,36.0,48.0,6.0,11.0,34.0,41.0,28.0,-4.0,-19.0,14.0,5.0,-34.0,-44.0,-32.0,-69.0,-86.0,27.0,72.0,29.0,9.0,17.0,41.0,24.0,-14.0,-14.0,7.0,33.0,41.0,35.0,42.0,46.0,31.0,20.0,12.0,4.0,-19.0,-39.0,-36.0,-28.0,0.0,4.0,-7.0,24.0,25.0,2.0,13.0,40.0,34.0,-7.0,-43.0,-134.0,-210.0,-62.0,66.0,47.0,89.0,69.0,13.0,-15.0,-12.0,15.0,-21.0,-16.0,6.0,-4.0,-18.0,-26.0,-17.0,-12.0,34.0,43.0,4.0,5.0,8.0,21.0,24.0,10.0,10.0,14.0,-4.0,5.0,15.0,-15.0,-42.0,-118.0,-146.0,312.0,468.0,130.0,31.0,8.0,7.0,5.0,5.0,4.0,1.0,-1.0,0.0,4.0,2.0,-1.0,8.0,8.0,5.0,6.0,6.0,10.0,14.0,8.0,20.0,25.0,6.0,6.0,18.0,18.0,16.0,13.0,8.0,5.0,4.0,5.0,4.0,1.0,-2.0,2.0,3.0,-1.0,-1.0,1.0,0.0,0.0
0.0,4.0,5.0,1.0,-1.0,4.0,3.0,0.0,4.0,3.0,0.0,-1.0,0.0,0.0,-1.0,2.0,0.0,0.0,-2.0,0.0,3.0,1.0,0.0,-1.0,0.0,0.0,-1.0,0.0,1.0,-1.0,0.0,-2.0,-2.0,1.0,-1.0,-2.0,-1.0,0.0,0.0,0.0,-3.0,-4.0,-1.0,-1.0,-4.0,-3.0,-4.0,-9.0,-12.0,-14.0,-21.0,-330.0,-643.0,-371.0,40.0,132.0,69.0,9.0,-20.0,22.0,38.0,-5.0,-27.0,-23.0,-14.0,4.0,25.0,15.0,-1.0,38.0,47.0,6.0,33.0,52.0,19.0,9.0,12.0,-8.0,-12.0,-3.0,-26.0,-45.0,-28.0,-78.0,-59.0,58.0,51.0,6.0,0.0,4.0,11.0,-3.0,-17.0,1.0,34.0,42.0,21.0,16.0,37.0,57.0,34.0,8.0,7.0,2.0,-13.0,-41.0,-46.0,-2.0,23.0,7.0,-24.0,-33.0,-27.0,2.0,51.0,64.0,61.0,39.0,8.0,-73.0,-208.0,-143.0,26.0,50.0,79.0,53.0,13.0,19.0,8.0,10.0,-16.0,-6.0,-4.0,-20.0,-10.0,-15.0,-10.0,0.0,21.0,32.0,20.0,16.0,-23.0,0.0,45.0,22.0,-2.0,-1.0,6.0,9.0,2.0,-15.0,-47.0,-143.0,-154.0,351.0,487.0,116.0,33.0,9.0,9.0,5.0,2.0,4.0,2.0,1.0,-3.0,0.0,6.0,2.0,6.0,5.0,5.0,9.0,5.0,8.0,17.0,10.0,20.0,22.0,5.0,11.0,19.0,16.0,14.0,12.0,9.0,7.0,3.0,3.0,3.0,2.0,0.0,3.0,4.0,-2.0,-3.0,-1.0,0.0,0.0
0.0,6.0,2.0,1.0,2.0,3.0,1.0,0.0,3.0,4.0,1.0,-1.0,0.0,0.0,0.0,1.0,0.0,0.0,0.0,0.0,0.0,0.0,1.0,1.0,-1.0,-1.0,0.0,0.0,0.0,1.0,0.0,-2.0,-1.0,-1.0,-2.0,-2.0,-1.0,0.0,0.0,-1.0,-3.0,-3.0,-1.0,-2.0,-4.0,-2.0,-4.0,-8.0,-11.0,-12.0,-8.0,-192.0,-520.0,-516.0,-96.0,124.0,57.0,17.0,-7.0,25.0,32.0,-7.0,-19.0,-23.0,-21.0,8.0,26.0,13.0,12.0,35.0,42.0,21.0,35.0,44.0,4.0,2.0,35.0,14.0,-40.0,-31.0,-17.0,-33.0,-23.0,-57.0,-46.0,47.0,37.0,-13.0,-30.0,-40.0,-51.0,-54.0,-21.0,37.0,84.0,87.0,51.0,19.0,34.0,55.0,30.0,-1.0,0.0,4.0,-6.0,-31.0,-40.0,16.0,26.0,-63.0,-105.0,-117.0,-84.0,14.0,96.0,116.0,100.0,91.0,52.0,-11.0,-148.0,-168.0,-10.0,46.0,57.0,49.0,26.0,45.0,30.0,2.0,-18.0,4.0,4.0,-22.0,-23.0,-10.0,13.0,12.0,-10.0,2.0,29.0,24.0,-22.0,-22.0,35.0,32.0,-8.0,-12.0,6.0,10.0,-2.0,-11.0,-53.0,-157.0,-124.0,388.0,484.0,100.0,26.0,5.0,10.0,8.0,-2.0,2.0,2.0,3.0,-4.0,-1.0,7.0,3.0,5.0,2.0,6.0,13.0,5.0,5.0,14.0,13.0,22.0,18.0,9.0,16.0,19.0,13.0,11.0,12.0,11.0,8.0,1.0,2.0,1.0,2.0,3.0,3.0,4.0,0.0,-4.0,-3.0,1.0,0.0
0.0,4.0,0.0,2.0,3.0,2.0,1.0,0.0,1.0,4.0,4.0,1.0,0.0,-1.0,-1.0,0.0,0.0,1.0,2.0,0.0,-2.0,-1.0,2.0,3.0,-2.0,-3.0,0.0,0.0,0.0,1.0,-1.0,-2.0,1.0,-2.0,-2.0,-1.0,-2.0,0.0,0.0,-2.0,-2.0,-3.0,-2.0,-1.0,-4.0,-3.0,-4.0,-7.0,-9.0,-12.0,-10.0,-100.0,-380.0,-589.0,-229.0,90.0,38.0,31.0,9.0,17.0,21.0,-5.0,-10.0,-15.0,-26.0,6.0,23.0,9.0,28.0,40.0,37.0,32.0,18.0,17.0,6.0,18.0,50.0,13.0,-37.0,-39.0,-37.0,-27.0,-13.0,-37.0,-47.0,23.0,26.0,-54.0,-102.0,-93.0,-79.0,-70.0,-10.0,60.0,76.0,90.0,123.0,101.0,62.0,38.0,13.0,-4.0,7.0,7.0,-6.0,-12.0,-20.0,-18.0,-83.0,-176.0,-136.0,-113.0,-80.0,32.0,107.0,123.0,105.0,131.0,117.0,54.0,-73.0,-137.0,-32.0,36.0,46.0,53.0,43.0,36.0,19.0,15.0,-4.0,-1.0,17.0,8.0,-25.0,-9.0,25.0,2.0,-25.0,-11.0,5.0,16.0,5.0,-33.0,22.0,36.0,-14.0,-18.0,-6.0,11.0,8.0,-20.0,-88.0,-135.0,-32.0,395.0,439.0,91.0,21.0,2.0,10.0,10.0,-4.0,-1.0,2.0,3.0,-4.0,1.0,5.0,2.0,7.0,3.0,5.0,12.0,7.0,4.0,8.0,16.0,24.0,14.0,14.0,19.0,16.0,12.0,11.0,12.0,12.0,9.0,0.0,0.0,1.0,2.0,3.0,2.0,3.0,2.0,-3.0,-3.0,3.0,0.0
0.0,1.0,1.0,2.0,1.0,2.0,2.0,1.0,1.0,3.0,4.0,3.0,1.0,-4.0,-2.0,1.0,0.0,3.0,1.0,0.0,-1.0,-3.0,1.0,4.0,-1.0,-4.0,0.0,0.0,0.0,-1.0,-3.0,-2.0,3.0,-1.0,-3.0,0.0,-1.0,0.0,0.0,-2.0,-2.0,-4.0,-2.0,-1.0,-4.0,-3.0,-4.0,-6.0,-8.0,-11.0,-11.0,-79.0,-272.0,-562.0,-337.0,21.0,24.0,48.0,22.0,12.0,16.0,3.0,-2.0,-16.0,-30.0,7.0,21.0,0.0,33.0,51.0,33.0,41.0,0.0,-2.0,20.0,35.0,50.0,0.0,-21.0,-31.0,-57.0,-33.0,1.0,-28.0,-61.0,-10.0,-8.0,-111.0,-154.0,-81.0,-22.0,-36.0,-5.0,26.0,-2.0,6.0,129.0,206.0,140.0,47.0,-2.0,-4.0,12.0,17.0,-4.0,-5.0,-8.0,-89.0,-242.0,-226.0,-57.0,-11.0,-6.0,50.0,76.0,57.0,61.0,123.0,169.0,114.0,-37.0,-92.0,-21.0,25.0,45.0,47.0,37.0,30.0,16.0,33.0,16.0,0.0,15.0,16.0,-9.0,4.0,17.0,-6.0,3.0,2.0,-28.0,2.0,8.0,-48.0,17.0,36.0,-20.0,-24.0,-6.0,13.0,8.0,-50.0,-140.0,-105.0,94.0,420.0,373.0,73.0,18.0,2.0,9.0,9.0,-2.0,-1.0,1.0,1.0,-3.0,2.0,4.0,2.0,7.0,5.0,4.0,9.0,7.0,3.0,8.0,19.0,23.0,12.0,15.0,20.0,15.0,13.0,12.0,12.0,12.0,9.0,0.0,-2.0,2.0,2.0,2.0,2.0,2.0,1.0,-1.0,-1.0,3.0,0.0
0.0,0.0,3.0,3.0,0.0,1.0,1.0,2.0,3.0,2.0,0.0,3.0,2.0,-6.0,-1.0,3.0,0.0,3.0,0.0,0.0,1.0,-3.0,-1.0,3.0,1.0,-3.0,-1.0,0.0,-1.0,-3.0,-2.0,-1.0,2.0,0.0,-3.0,0.0,0.0,0.0,0.0,-3.0,-2.0,-1.0,-2.0,-4.0,-4.0,-1.0,-4.0,-7.0,-8.0,-9.0,-10.0,-49.0,-171.0,-517.0,-435.0,-78.0,-1.0,67.0,42.0,9.0,12.0,15.0,1.0,-26.0,-23.0,11.0,14.0,-3.0,28.0,40.0,34.0,62.0,-6.0,-11.0,36.0,41.0,36.0,-9.0,-12.0,-19.0,-57.0,-44.0,6.0,-9.0,-72.0,-66.0,-58.0,-117.0,-111.0,-20.0,8.0,-35.0,-30.0,-21.0,-39.0,-21.0,111.0,205.0,138.0,56.0,26.0,2.0,-10.0,14.0,7.0,-5.0,3.0,-87.0,-251.0,-193.0,-11.0,47.0,62.0,71.0,56.0,16.0,15.0,49.0,130.0,122.0,-39.0,-49.0,16.0,25.0,49.0,35.0,21.0,33.0,33.0,27.0,8.0,10.0,10.0,-1.0,-7.0,9.0,24.0,16.0,44.0,18.0,-46.0,-13.0,-19.0,-52.0,11.0,31.0,-9.0,-31.0,-7.0,13.0,-7.0,-94.0,-167.0,-68.0,161.0,465.0,352.0,44.0,17.0,3.0,6.0,6.0,1.0,2.0,1.0,-1.0,-2.0,2.0,3.0,2.0,6.0,6.0,3.0,7.0,7.0,4.0,11.0,19.0,23.0,14.0,11.0,18.0,17.0,14.0,12.0,12.0,12.0,8.0,0.0,-2.0,2.0,3.0,2.0,1.0,2.0,0.0,0.0,0.0,2.0,0.0
0.0,1.0,3.0,4.0,1.0,0.0,-1.0,1.0,4.0,3.0,0.0,1.0,1.0,-4.0,0.0,3.0,0.0,1.0,0.0,0.0,3.0,-1.0,-3.0,1.0,2.0,-1.0,-3.0,-1.0,-2.0,-3.0,1.0,1.0,-1.0,-1.0,-1.0,0.0,0.0,0.0,-1.0,-3.0,-1.0,1.0,-2.0,-5.0,-4.0,-1.0,-4.0,-8.0,-7.0,-8.0,-12.0,-29.0,-105.0,-434.0,-493.0,-204.0,-38.0,74.0,65.0,12.0,7.0,26.0,6.0,-24.0,-10.0,2.0,-3.0,10.0,30.0,17.0,33.0,65.0,7.0,-2.0,32.0,35.0,26.0,4.0,-8.0,-19.0,-50.0,-40.0,9.0,-2.0,-77.0,-111.0,-83.0,-71.0,-18.0,93.0,9.0,-91.0,-45.0,-40.0,-36.0,15.0,137.0,147.0,7.0,-24.0,53.0,23.0,-26.0,6.0,5.0,-16.0,21.0,8.0,-109.0,-122.0,-22.0,45.0,80.0,68.0,43.0,-2.0,-36.0,-23.0,48.0,44.0,-49.0,10.0,50.0,24.0,36.0,26.0,26.0,38.0,27.0,5.0,3.0,20.0,12.0,-9.0,-17.0,0.0,37.0,47.0,55.0,29.0,-32.0,-29.0,-36.0,-37.0,5.0,14.0,4.0,-30.0,-23.0,6.0,-13.0,-140.0,-177.0,14.0,214.0,453.0,328.0,33.0,17.0,4.0,2.0,3.0,2.0,5.0,4.0,-2.0,-2.0,0.0,1.0,4.0,6.0,6.0,3.0,5.0,9.0,7.0,11.0,18.0,23.0,17.0,8.0,15.0,17.0,13.0,13.0,12.0,12.0,9.0,0.0,-1.0,2.0,2.0,2.0,1.0,1.0,0.0,1.0,0.0,1.0,0.0
0.0,2.0,2.0,4.0,3.0,0.0,-2.0,0.0,4.0,4.0,2.0,0.0,0.0,-2.0,0.0,1.0,-1.0,1.0,1.0,-1.0,3.0,1.0,-4.0,0.0,2.0,0.0,-3.0,-2.0,-1.0,-1.0,0.0,1.0,-1.0,-2.0,0.0,0.0,0.0,0.0,-3.0,-2.0,1.0,-1.0,-2.0,-3.0,-4.0,-2.0,-4.0,-8.0,-5.0,-8.0,-14.0,-25.0,-73.0,-329.0,-536.0,-326.0,-62.0,39.0,83.0,50.0,8.0,29.0,24.0,-8.0,-15.0,-14.0,-7.0,23.0,33.0,7.0,28.0,40.0,22.0,22.0,8.0,21.0,28.0,21.0,-3.0,-36.0,-44.0,-17.0,6.0,-23.0,-78.0,-103.0,-65.0,-26.0,35.0,158.0,47.0,-91.0,-48.0,-47.0,-22.0,46.0,133.0,85.0,-86.0,-125.0,5.0,45.0,3.0,0.0,-42.0,-58.0,27.0,85.0,42.0,-5.0,8.0,47.0,51.0,11.0,-3.0,-24.0,-55.0,-49.0,-27.0,-38.0,-16.0,67.0,55.0,20.0,17.0,13.0,22.0,33.0,21.0,12.0,18.0,18.0,10.0,-1.0,-17.0,-3.0,33.0,44.0,46.0,36.0,-9.0,-26.0,-37.0,-35.0,4.0,5.0,2.0,-25.0,-36.0,-13.0,-13.0,-158.0,-163.0,109.0,292.0,409.0,260.0,25.0,12.0,3.0,0.0,2.0,3.0,4.0,5.0,0.0,0.0,-2.0,0.0,6.0,5.0,6.0,5.0,6.0,9.0,6.0,9.0,18.0,21.0,17.0,11.0,14.0,15.0,13.0,14.0,12.0,11.0,9.0,1.0,1.0,2.0,0.0,2.0,2.0,0.0,1.0,3.0,-1.0,-1.0,0.0
0.0,1.0,3.0,5.0,4.0,0.0,-1.0,0.0,3.0,4.0,2.0,0.0,0.0,-2.0,0.0,-1.0,-3.0,2.0,2.0,-2.0,2.0,3.0,-4.0,0.0,3.0,1.0,-2.0,-2.0,1.0,0.0,-3.0,-2.0,0.0,-1.0,0.0,0.0,0.0,-1.0,-4.0,-2.0,2.0,-1.0,-2.0,-3.0,-4.0,-1.0,-4.0,-8.0,-5.0,-8.0,-12.0,-16.0,-53.0,-226.0,-579.0,-457.0,-74.0,-4.0,99.0,111.0,13.0,17.0,41.0,16.0,-16.0,-18.0,-7.0,21.0,32.0,9.0,14.0,8.0,31.0,34.0,-5.0,20.0,20.0,14.0,-3.0,-33.0,-26.0,-13.0,-11.0,-42.0,-69.0,-74.0,-48.0,-7.0,50.0,83.0,47.0,-19.0,-37.0,-21.0,-1.0,44.0,67.0,20.0,-73.0,-117.0,-41.0,49.0,44.0,-17.0,-88.0,-89.0,11.0,78.0,85.0,70.0,51.0,57.0,33.0,-26.0,-57.0,-41.0,-28.0,-35.0,-35.0,-17.0,36.0,71.0,41.0,26.0,16.0,-6.0,-6.0,15.0,31.0,39.0,27.0,14.0,6.0,4.0,-4.0,-5.0,24.0,26.0,44.0,43.0,-10.0,-5.0,-38.0,-61.0,5.0,19.0,-10.0,-31.0,-28.0,-38.0,-52.0,-122.0,-87.0,111.0,347.0,421.0,185.0,16.0,9.0,3.0,0.0,1.0,5.0,2.0,2.0,1.0,2.0,0.0,1.0,5.0,4.0,6.0,6.0,8.0,7.0,5.0,7.0,17.0,21.0,17.0,15.0,12.0,14.0,15.0,14.0,12.0,10.0,8.0,2.0,2.0,3.0,1.0,1.0,1.0,0.0,3.0,4.0,-3.0,-2.0,0.0
0.0,1.0,4.0,5.0,3.0,1.0,1.0,0.0,2.0,4.0,2.0,-1.0,0.0,0.0,0.0,-3.0,-4.0,2.0,2.0,-1.0,2.0,2.0,-4.0,0.0,4.0,3.0,-2.0,-2.0,2.0,-1.0,-4.0,-4.0,0.0,1.0,-1.0,0.0,0.0,-3.0,-3.0,-1.0,2.0,0.0,-3.0,-4.0,-3.0,0.0,-4.0,-7.0,-7.0,-9.0,-10.0,-13.0,-48.0,-127.0,-569.0,-590.0,-88.0,-7.0,74.0,135.0,30.0,9.0,42.0,37.0,2.0,-12.0,-13.0,12.0,30.0,14.0,-19.0,-26.0,44.0,50.0,12.0,30.0,10.0,-10.0,-14.0,-10.0,-9.0,-27.0,-28.0,-38.0,-46.0,-59.0,-60.0,-29.0,30.0,20.0,1.0,8.0,-3.0,-3.0,-11.0,9.0,13.0,12.0,-12.0,-52.0,-27.0,40.0,45.0,-20.0,-59.0,-57.0,-7.0,22.0,25.0,40.0,43.0,42.0,39.0,-1.0,-61.0,-39.0,2.0,13.0,42.0,38.0,33.0,41.0,22.0,18.0,10.0,-9.0,-14.0,4.0,36.0,35.0,8.0,27.0,7.0,-10.0,32.0,11.0,17.0,29.0,42.0,34.0,-8.0,14.0,-38.0,-91.0,-4.0,29.0,-31.0,-34.0,-7.0,-69.0,-120.0,-69.0,-5.0,90.0,396.0,429.0,121.0,25.0,17.0,5.0,-1.0,0.0,6.0,2.0,0.0,0.0,1.0,3.0,3.0,3.0,3.0,6.0,7.0,8.0,6.0,6.0,7.0,17.0,22.0,18.0,15.0,10.0,13.0,16.0,15.0,12.0,10.0,7.0,2.0,3.0,4.0,1.0,0.0,0.0,0.0,3.0,4.0,-3.0,-3.0,0.0
0.0,2.0,4.0,3.0,1.0,3.0,3.0,1.0,3.0,3.0,1.0,-3.0,0.0,2.0,0.0,-3.0,-4.0,2.0,3.0,1.0,1.0,-1.0,-3.0,-1.0,2.0,4.0,-1.0,-1.0,1.0,-3.0,-3.0,-3.0,0.0,2.0,-3.0,0.0,0.0,-4.0,-1.0,-1.0,0.0,0.0,-2.0,-3.0,-2.0,0.0,-4.0,-5.0,-7.0,-11.0,-11.0,-14.0,-32.0,-74.0,-488.0,-652.0,-163.0,-4.0,17.0,125.0,59.0,19.0,34.0,35.0,9.0,-7.0,-5.0,9.0,25.0,9.0,-38.0,-44.0,45.0,88.0,37.0,12.0,5.0,-22.0,-23.0,-4.0,-13.0,-24.0,-22.0,-19.0,-24.0,-42.0,-62.0,-61.0,-26.0,-6.0,-12.0,7.0,14.0,-12.0,-28.0,-1.0,19.0,35.0,26.0,-23.0,-14.0,24.0,32.0,-1.0,-11.0,-12.0,-4.0,-16.0,-29.0,8.0,14.0,16.0,30.0,9.0,-16.0,7.0,29.0,35.0,65.0,41.0,15.0,19.0,0.0,2.0,-10.0,-5.0,11.0,6.0,26.0,9.0,-20.0,35.0,15.0,-22.0,61.0,46.0,19.0,38.0,35.0,13.0,10.0,13.0,-40.0,-90.0,-25.0,22.0,-48.0,-19.0,9.0,-115.0,-168.0,-41.0,48.0,180.0,437.0,335.0,79.0,47.0,20.0,6.0,1.0,0.0,4.0,3.0,0.0,0.0,2.0,4.0,3.0,1.0,2.0,5.0,6.0,9.0,8.0,7.0,10.0,18.0,21.0,17.0,13.0,11.0,13.0,16.0,15.0,11.0,9.0,7.0,3.0,2.0,4.0,1.0,0.0,0.0,0.0,1.0,4.0,-1.0,-4.0,0.0
0.0,1.0,3.0,3.0,1.0,4.0,4.0,2.0,4.0,2.0,0.0,-4.0,-1.0,1.0,0.0,-1.0,-3.0,2.0,5.0,3.0,-1.0,-2.0,-2.0,-2.0,0.0,3.0,0.0,-1.0,-1.0,-3.0,-1.0,-1.0,-1.0,0.0,-3.0,1.0,0.0,-4.0,-1.0,-2.0,-2.0,-1.0,1.0,-1.0,-2.0,0.0,-4.0,-4.0,-5.0,-11.0,-12.0,-13.0,-12.0,-47.0,-364.0,-670.0,-325.0,-21.0,9.0,120.0,70.0,37.0,40.0,18.0,-6.0,-8.0,16.0,14.0,21.0,1.0,-36.0,-43.0,39.0,106.0,33.0,-13.0,-7.0,-27.0,-13.0,0.0,-17.0,-13.0,-7.0,-4.0,-11.0,-27.0,-45.0,-59.0,-47.0,-25.0,-10.0,2.0,2.0,-8.0,-26.0,3.0,38.0,27.0,25.0,-2.0,-7.0,8.0,25.0,2.0,-8.0,4.0,4.0,-21.0,-16.0,15.0,-10.0,8.0,11.0,-1.0,7.0,35.0,42.0,28.0,33.0,17.0,20.0,21.0,-3.0,-3.0,-18.0,-2.0,34.0,7.0,2.0,-10.0,-28.0,34.0,36.0,-11.0,36.0,36.0,28.0,55.0,36.0,14.0,10.0,-24.0,-42.0,-48.0,-20.0,-1.0,-60.0,4.0,6.0,-161.0,-183.0,-25.0,108.0,319.0,442.0,221.0,59.0,44.0,8.0,7.0,8.0,-1.0,1.0,6.0,0.0,-1.0,4.0,4.0,1.0,-1.0,3.0,4.0,3.0,10.0,10.0,9.0,12.0,17.0,21.0,17.0,12.0,11.0,14.0,15.0,13.0,10.0,9.0,9.0,4.0,0.0,2.0,2.0,1.0,0.0,0.0,0.0,3.0,0.0,-3.0,0.0
0.0,0.0,1.0,4.0,3.0,3.0,3.0,2.0,4.0,3.0,1.0,-4.0,-3.0,0.0,0.0,0.0,-1.0,3.0,5.0,3.0,-2.0,-3.0,-2.0,0.0,1.0,0.0,1.0,-2.0,-3.0,-1.0,0.0,0.0,-3.0,-3.0,-1.0,2.0,0.0,-3.0,-3.0,-2.0,-1.0,-2.0,1.0,0.0,-1.0,-1.0,-4.0,-3.0,-4.0,-9.0,-11.0,-11.0,-9.0,-26.0,-243.0,-673.0,-475.0,-51.0,12.0,108.0,83.0,41.0,44.0,30.0,-17.0,-10.0,31.0,15.0,19.0,9.0,-36.0,-40.0,36.0,82.0,19.0,-6.0,-11.0,-35.0,3.0,6.0,-19.0,-8.0,-4.0,1.0,-7.0,-20.0,-26.0,-49.0,-42.0,-21.0,-18.0,-9.0,-16.0,4.0,5.0,-2.0,11.0,2.0,47.0,38.0,9.0,-9.0,13.0,-14.0,-37.0,19.0,0.0,-32.0,28.0,29.0,-7.0,10.0,-7.0,0.0,-16.0,13.0,25.0,25.0,32.0,1.0,27.0,38.0,6.0,2.0,-7.0,-1.0,35.0,-1.0,-4.0,-7.0,-21.0,29.0,32.0,8.0,-8.0,3.0,48.0,66.0,44.0,38.0,0.0,-53.0,-42.0,-29.0,-8.0,-20.0,-60.0,20.0,-20.0,-183.0,-172.0,-10.0,168.0,428.0,424.0,149.0,46.0,17.0,2.0,9.0,9.0,-4.0,3.0,9.0,0.0,-2.0,2.0,4.0,0.0,-1.0,4.0,4.0,4.0,10.0,9.0,10.0,12.0,15.0,21.0,18.0,13.0,10.0,12.0,13.0,13.0,12.0,10.0,8.0,5.0,1.0,-2.0,2.0,3.0,0.0,0.0,0.0,1.0,1.0,-1.0,0.0
0.0,-1.0,0.0,5.0,4.0,1.0,1.0,2.0,4.0,4.0,2.0,-3.0,-2.0,0.0,-1.0,0.0,0.0,3.0,2.0,1.0,-1.0,-3.0,-1.0,3.0,1.0,-3.0,3.0,-1.0,-4.0,0.0,0.0,0.0,-4.0,-4.0,0.0,1.0,0.0,-2.0,-3.0,-2.0,-1.0,-1.0,0.0,0.0,-1.0,-3.0,-3.0,-1.0,-4.0,-7.0,-9.0,-10.0,-10.0,-17.0,-157.0,-625.0,-570.0,-112.0,-19.0,66.0,117.0,43.0,26.0,66.0,1.0,-12.0,20.0,4.0,20.0,36.0,-6.0,-43.0,7.0,51.0,11.0,-3.0,0.0,-15.0,8.0,-8.0,-21.0,-1.0,-5.0,5.0,-9.0,-7.0,-10.0,-58.0,-58.0,-19.0,-6.0,-9.0,-36.0,20.0,53.0,-6.0,-36.0,-11.0,89.0,58.0,12.0,-27.0,-2.0,0.0,-63.0,5.0,1.0,-37.0,23.0,40.0,44.0,3.0,-17.0,7.0,-40.0,0.0,4.0,-3.0,24.0,-7.0,39.0,66.0,8.0,-11.0,0.0,6.0,29.0,-4.0,-3.0,17.0,14.0,22.0,-15.0,2.0,1.0,10.0,52.0,47.0,52.0,66.0,3.0,-39.0,-36.0,-59.0,-24.0,-11.0,-44.0,10.0,-72.0,-183.0,-139.0,3.0,216.0,492.0,408.0,97.0,31.0,6.0,6.0,8.0,2.0,-6.0,5.0,9.0,1.0,-3.0,0.0,5.0,0.0,2.0,4.0,4.0,7.0,9.0,8.0,10.0,12.0,15.0,18.0,16.0,15.0,10.0,9.0,14.0,15.0,14.0,9.0,5.0,7.0,2.0,-3.0,2.0,3.0,0.0,0.0,1.0,1.0,1.0,0.0,0.0
0.0,-2.0,0.0,6.0,4.0,0.0,0.0,2.0,4.0,3.0,2.0,0.0,0.0,-1.0,-2.0,0.0,0.0,1.0,1.0,1.0,0.0,-2.0,-1.0,3.0,1.0,-3.0,2.0,0.0,-3.0,0.0,0.0,-1.0,-4.0,-3.0,0.0,0.0,-1.0,-3.0,-1.0,-1.0,-3.0,-1.0,0.0,0.0,-2.0,-3.0,-1.0,0.0,-4.0,-5.0,-8.0,-11.0,-9.0,-13.0,-101.0,-530.0,-626.0,-218.0,-47.0,32.0,129.0,54.0,8.0,87.0,28.0,-24.0,1.0,-5.0,20.0,76.0,32.0,-66.0,-24.0,29.0,0.0,-4.0,9.0,6.0,4.0,-6.0,-20.0,1.0,5.0,-5.0,-8.0,11.0,-2.0,-58.0,-78.0,-19.0,10.0,-21.0,-30.0,43.0,51.0,-20.0,-17.0,13.0,83.0,39.0,14.0,-40.0,-49.0,43.0,-45.0,-40.0,2.0,-9.0,7.0,30.0,52.0,-27.0,-10.0,49.0,-13.0,-2.0,2.0,-32.0,-7.0,-25.0,46.0,111.0,22.0,-72.0,-40.0,22.0,48.0,3.0,-41.0,48.0,84.0,21.0,-44.0,-11.0,34.0,21.0,16.0,17.0,43.0,87.0,25.0,-25.0,-13.0,-64.0,-39.0,1.0,-38.0,-29.0,-133.0,-166.0,-86.0,14.0,258.0,520.0,390.0,67.0,15.0,9.0,8.0,4.0,-1.0,-4.0,0.0,6.0,2.0,-2.0,1.0,5.0,1.0,4.0,3.0,4.0,8.0,8.0,8.0,9.0,13.0,17.0,16.0,14.0,15.0,11.0,10.0,16.0,14.0,12.0,8.0,5.0,8.0,1.0,-1.0,3.0,1.0,0.0,0.0,2.0,2.0,-1.0,0.0,0.0
0.0,-1.0,0.0,5.0,4.0,0.0,0.0,2.0,4.0,2.0,2.0,2.0,0.0,-2.0,-2.0,0.0,0.0,0.0,2.0,2.0,0.0,-2.0,-2.0,1.0,1.0,-1.0,0.0,-1.0,-1.0,0.0,0.0,-2.0,-4.0,-1.0,0.0,0.0,-3.0,-4.0,0.0,0.0,-3.0,-2.0,-1.0,0.0,-1.0,-2.0,0.0,-1.0,-3.0,-3.0,-9.0,-12.0,-8.0,-13.0,-59.0,-407.0,-655.0,-352.0,-60.0,33.0,121.0,59.0,0.0,82.0,37.0,-33.0,-7.0,-3.0,22.0,79.0,19.0,-79.0,-21.0,27.0,5.0,-3.0,-9.0,-7.0,8.0,25.0,-14.0,-2.0,11.0,-31.0,-3.0,22.0,5.0,-38.0,-76.0,-23.0,-5.0,-34.0,11.0,49.0,-6.0,-17.0,54.0,33.0,25.0,25.0,43.0,-45.0,-84.0,62.0,-12.0,-49.0,-18.0,5.0,34.0,15.0,-20.0,-55.0,6.0,82.0,41.0,-8.0,5.0,-8.0,-4.0,-40.0,19.0,135.0,37.0,-117.0,-83.0,4.0,66.0,10.0,-78.0,54.0,134.0,50.0,-29.0,-30.0,21.0,19.0,-6.0,-3.0,23.0,91.0,76.0,-10.0,-4.0,-51.0,-50.0,5.0,-45.0,-77.0,-163.0,-127.0,-47.0,20.0,321.0,538.0,335.0,55.0,7.0,7.0,8.0,1.0,0.0,-1.0,-4.0,4.0,1.0,2.0,3.0,2.0,2.0,4.0,1.0,3.0,9.0,9.0,8.0,8.0,15.0,17.0,16.0,15.0,13.0,14.0,13.0,14.0,11.0,10.0,8.0,6.0,7.0,-1.0,0.0,5.0,1.0,-1.0,0.0,2.0,1.0,-1.0,0.0,0.0
0.0,1.0,1.0,3.0,3.0,-1.0,0.0,3.0,4.0,2.0,1.0,1.0,1.0,-1.0,-2.0,0.0,0.0,0.0,1.0,1.0,0.0,-1.0,-1.0,-1.0,-2.0,0.0,1.0,-2.0,1.0,0.0,-1.0,-1.0,-3.0,0.0,0.0,0.0,-4.0,-4.0,0.0,0.0,-1.0,-1.0,-3.0,0.0,0.0,-3.0,0.0,-2.0,-2.0,-3.0,-10.0,-12.0,-9.0,-14.0,-34.0,-266.0,-679.0,-481.0,-37.0,20.0,91.0,84.0,15.0,50.0,28.0,-13.0,-7.0,-2.0,26.0,23.0,-17.0,-48.0,6.0,26.0,1.0,-11.0,-41.0,-33.0,19.0,48.0,8.0,11.0,-6.0,-50.0,8.0,35.0,18.0,-10.0,-67.0,-60.0,-35.0,-21.0,39.0,20.0,-34.0,22.0,81.0,-7.0,-43.0,48.0,82.0,-39.0,-56.0,61.0,9.0,-31.0,-60.0,-19.0,84.0,35.0,-57.0,-47.0,-17.0,37.0,55.0,33.0,13.0,6.0,27.0,-40.0,-25.0,119.0,49.0,-114.0,-96.0,-17.0,63.0,9.0,-75.0,35.0,115.0,67.0,2.0,-45.0,-6.0,20.0,-5.0,1.0,38.0,71.0,110.0,57.0,-8.0,-75.0,-46.0,-4.0,-80.0,-112.0,-168.0,-80.0,-18.0,75.0,409.0,503.0,244.0,46.0,5.0,2.0,9.0,2.0,-2.0,-1.0,-2.0,2.0,1.0,4.0,3.0,1.0,2.0,4.0,1.0,1.0,10.0,11.0,6.0,8.0,17.0,17.0,16.0,15.0,12.0,16.0,13.0,12.0,11.0,10.0,9.0,6.0,4.0,-2.0,0.0,5.0,3.0,-1.0,0.0,2.0,0.0,0.0,0.0,0.0
0.0,3.0,2.0,2.0,2.0,-2.0,0.0,5.0,4.0,1.0,0.0,0.0,1.0,0.0,-2.0,-1.0,1.0,1.0,0.0,0.0,0.0,0.0,-1.0,-3.0,-3.0,0.0,1.0,0.0,3.0,-1.0,-4.0,-1.0,-1.0,0.0,1.0,0.0,-4.0,-3.0,0.0,-1.0,0.0,1.0,-4.0,-1.0,0.0,-3.0,-1.0,-3.0,-3.0,-5.0,-8.0,-11.0,-12.0,-13.0,-23.0,-153.0,-636.0,-561.0,-55.0,-27.0,41.0,117.0,41.0,19.0,12.0,24.0,4.0,-13.0,17.0,-20.0,-29.0,-13.0,28.0,0.0,-13.0,-13.0,-55.0,-44.0,14.0,70.0,43.0,15.0,-28.0,-52.0,19.0,53.0,15.0,12.0,-52.0,-122.0,-72.0,-5.0,44.0,-4.0,11.0,59.0,42.0,-62.0,-78.0,87.0,79.0,-44.0,-9.0,45.0,21.0,5.0,-106.0,-34.0,128.0,68.0,-28.0,-38.0,-44.0,-20.0,52.0,121.0,-10.0,-51.0,45.0,-36.0,-29.0,95.0,67.0,-100.0,-115.0,8.0,83.0,-5.0,-86.0,15.0,76.0,30.0,26.0,-13.0,-19.0,13.0,-13.0,9.0,56.0,50.0,113.0,132.0,6.0,-104.0,-21.0,-36.0,-136.0,-122.0,-139.0,-37.0,5.0,196.0,496.0,400.0,138.0,26.0,4.0,0.0,9.0,6.0,-3.0,-3.0,0.0,-1.0,2.0,4.0,1.0,3.0,2.0,3.0,3.0,1.0,10.0,11.0,4.0,8.0,17.0,19.0,16.0,13.0,13.0,16.0,12.0,12.0,12.0,9.0,11.0,7.0,1.0,-2.0,0.0,2.0,3.0,3.0,1.0,1.0,1.0,0.0,-1.0,0.0
0.0,4.0,2.0,3.0,1.0,-1.0,1.0,4.0,3.0,0.0,0.0,0.0,0.0,0.0,-2.0,-2.0,3.0,3.0,0.0,0.0,0.0,0.0,-2.0,-4.0,-2.0,0.0,0.0,2.0,4.0,-2.0,-7.0,-3.0,0.0,0.0,2.0,0.0,-3.0,-1.0,0.0,-3.0,-1.0,3.0,-4.0,-4.0,-1.0,-1.0,-2.0,-6.0,-4.0,-5.0,-5.0,-9.0,-15.0,-13.0,-18.0,-86.0,-499.0,-607.0,-177.0,-52.0,8.0,117.0,53.0,0.0,-1.0,55.0,22.0,-28.0,4.0,-16.0,-22.0,-17.0,18.0,5.0,2.0,-26.0,-58.0,-32.0,11.0,102.0,50.0,-21.0,-23.0,-27.0,20.0,43.0,-32.0,13.0,20.0,-145.0,-109.0,-3.0,21.0,7.0,52.0,65.0,6.0,-88.0,-57.0,123.0,36.0,-73.0,28.0,17.0,9.0,31.0,-110.0,-23.0,110.0,81.0,-9.0,-54.0,-9.0,-18.0,62.0,158.0,-80.0,-110.0,69.0,-17.0,2.0,87.0,54.0,-76.0,-99.0,38.0,117.0,-13.0,-141.0,-27.0,81.0,26.0,10.0,27.0,-4.0,-8.0,-23.0,5.0,39.0,38.0,106.0,115.0,10.0,-75.0,7.0,-62.0,-161.0,-123.0,-86.0,-12.0,16.0,311.0,535.0,310.0,71.0,6.0,5.0,2.0,5.0,7.0,-1.0,-3.0,1.0,-2.0,1.0,3.0,0.0,5.0,2.0,1.0,4.0,3.0,9.0,10.0,5.0,8.0,15.0,19.0,15.0,13.0,16.0,15.0,13.0,12.0,11.0,9.0,11.0,7.0,1.0,0.0,1.0,-2.0,0.0,6.0,3.0,0.0,2.0,0.0,-2.0,0.0
0.0,4.0,3.0,4.0,0.0,0.0,2.0,1.0,1.0,0.0,0.0,0.0,0.0,0.0,-1.0,-1.0,4.0,4.0,0.0,0.0,-1.0,0.0,0.0,-3.0,-2.0,0.0,-1.0,0.0,3.0,-1.0,-7.0,-4.0,0.0,0.0,1.0,0.0,-2.0,-1.0,1.0,-2.0,-2.0,1.0,-6.0,-6.0,-3.0,-1.0,-1.0,-6.0,-4.0,-4.0,-5.0,-10.0,-15.0,-13.0,-19.0,-49.0,-365.0,-641.0,-297.0,-49.0,-17.0,100.0,58.0,11.0,11.0,58.0,24.0,-34.0,2.0,-5.0,-29.0,-31.0,14.0,12.0,-9.0,-26.0,-45.0,-16.0,46.0,104.0,-5.0,-58.0,4.0,17.0,25.0,-7.0,-99.0,27.0,93.0,-130.0,-103.0,1.0,-4.0,40.0,27.0,27.0,27.0,-78.0,-17.0,124.0,0.0,-93.0,19.0,15.0,-8.0,6.0,-60.0,-21.0,62.0,85.0,-10.0,-59.0,18.0,34.0,66.0,107.0,-121.0,-123.0,82.0,24.0,14.0,70.0,34.0,-44.0,-58.0,42.0,115.0,-4.0,-156.0,-57.0,95.0,54.0,-38.0,49.0,34.0,-46.0,-16.0,-5.0,23.0,52.0,98.0,47.0,-21.0,-18.0,38.0,-65.0,-135.0,-143.0,-81.0,-5.0,58.0,379.0,497.0,265.0,65.0,1.0,7.0,5.0,1.0,5.0,0.0,-1.0,1.0,-2.0,2.0,0.0,1.0,7.0,2.0,-1.0,3.0,4.0,7.0,12.0,6.0,8.0,15.0,18.0,13.0,14.0,18.0,13.0,15.0,12.0,9.0,10.0,9.0,6.0,3.0,1.0,2.0,-2.0,-2.0,5.0,4.0,0.0,1.0,0.0,-1.0,0.0
0.0,4.0,2.0,3.0,4.0,1.0,1.0,0.0,0.0,0.0,1.0,-1.0,-1.0,1.0,0.0,0.0,3.0,3.0,1.0,0.0,-3.0,0.0,2.0,-1.0,-1.0,0.0,-2.0,-2.0,1.0,0.0,-5.0,-4.0,0.0,0.0,-1.0,-1.0,-2.0,-2.0,2.0,0.0,-2.0,-4.0,-9.0,-5.0,-3.0,-3.0,-1.0,-2.0,-4.0,-4.0,-7.0,-13.0,-13.0,-12.0,-19.0,-29.0,-246.0,-630.0,-409.0,-78.0,-28.0,82.0,59.0,60.0,54.0,29.0,-20.0,-30.0,13.0,-24.0,-14.0,20.0,10.0,-68.0,-26.0,29.0,-48.0,-13.0,98.0,66.0,-76.0,-59.0,36.0,40.0,21.0,-57.0,-145.0,49.0,110.0,-95.0,-78.0,-2.0,7.0,69.0,3.0,-6.0,57.0,-32.0,10.0,59.0,-14.0,-81.0,-49.0,24.0,-8.0,-1.0,18.0,-28.0,29.0,84.0,-6.0,-41.0,10.0,71.0,61.0,6.0,-126.0,-92.0,59.0,58.0,17.0,27.0,39.0,-9.0,-49.0,37.0,70.0,-14.0,-86.0,-20.0,85.0,55.0,-71.0,43.0,46.0,-71.0,-1.0,-20.0,21.0,90.0,108.0,22.0,-43.0,-4.0,25.0,-67.0,-73.0,-136.0,-112.0,25.0,107.0,365.0,460.0,236.0,52.0,11.0,10.0,4.0,-2.0,3.0,2.0,1.0,-1.0,-2.0,4.0,-1.0,4.0,7.0,0.0,-1.0,3.0,4.0,7.0,12.0,6.0,8.0,17.0,18.0,13.0,15.0,15.0,12.0,16.0,13.0,9.0,9.0,8.0,5.0,3.0,0.0,1.0,1.0,-1.0,4.0,3.0,0.0,1.0,0.0,0.0,0.0
0.0,3.0,-1.0,2.0,8.0,2.0,1.0,0.0,0.0,0.0,1.0,-2.0,-2.0,3.0,0.0,-1.0,1.0,1.0,2.0,0.0,-3.0,0.0,2.0,0.0,-1.0,0.0,-1.0,-1.0,0.0,0.0,-3.0,-3.0,0.0,-1.0,-3.0,-2.0,-1.0,-2.0,-1.0,-2.0,-3.0,-5.0,-7.0,-4.0,-2.0,-4.0,-3.0,0.0,-4.0,-5.0,-7.0,-13.0,-13.0,-13.0,-17.0,-17.0,-126.0,-537.0,-540.0,-162.0,-17.0,55.0,57.0,75.0,87.0,5.0,-82.0,-21.0,36.0,-41.0,66.0,89.0,-65.0,-137.0,48.0,79.0,-104.0,-16.0,89.0,24.0,-90.0,-51.0,84.0,38.0,-8.0,-83.0,-159.0,58.0,97.0,-57.0,-59.0,2.0,42.0,66.0,12.0,24.0,65.0,11.0,7.0,-8.0,-7.0,-67.0,-101.0,20.0,1.0,30.0,93.0,-3.0,-9.0,50.0,13.0,-11.0,-10.0,42.0,32.0,-87.0,-137.0,-55.0,55.0,52.0,19.0,1.0,52.0,38.0,-59.0,0.0,30.0,-17.0,-20.0,74.0,63.0,17.0,-49.0,17.0,-5.0,-82.0,6.0,-22.0,28.0,102.0,98.0,21.0,-17.0,-7.0,-36.0,-86.0,-34.0,-80.0,-79.0,71.0,122.0,336.0,436.0,188.0,32.0,20.0,11.0,0.0,-3.0,2.0,4.0,2.0,-1.0,-2.0,3.0,1.0,5.0,6.0,-1.0,1.0,5.0,6.0,8.0,6.0,6.0,10.0,17.0,16.0,16.0,17.0,10.0,13.0,16.0,14.0,10.0,8.0,9.0,3.0,1.0,0.0,0.0,2.0,0.0,3.0,1.0,1.0,3.0,0.0,-1.0,0.0
0.0,2.0,-1.0,2.0,6.0,0.0,3.0,1.0,0.0,0.0,-2.0,-1.0,-1.0,3.0,0.0,-2.0,0.0,0.0,1.0,0.0,-1.0,0.0,2.0,0.0,-2.0,0.0,-1.0,0.0,0.0,-1.0,-1.0,-1.0,0.0,-3.0,-4.0,-1.0,-1.0,-4.0,-5.0,-3.0,-4.0,-4.0,-3.0,-4.0,-2.0,-3.0,-2.0,-1.0,-6.0,-7.0,-8.0,-12.0,-13.0,-14.0,-16.0,-17.0,-71.0,-391.0,-586.0,-280.0,-37.0,27.0,46.0,42.0,103.0,13.0,-105.0,-19.0,53.0,-20.0,136.0,85.0,-145.0,-96.0,115.0,56.0,-136.0,0.0,56.0,-10.0,-86.0,-45.0,92.0,58.0,-5.0,-121.0,-131.0,69.0,57.0,-30.0,-19.0,41.0,86.0,50.0,36.0,68.0,60.0,31.0,-2.0,-26.0,4.0,-66.0,-104.0,18.0,22.0,56.0,104.0,24.0,-22.0,3.0,23.0,7.0,-25.0,-11.0,-21.0,-108.0,-141.0,-60.0,55.0,8.0,-2.0,-16.0,71.0,114.0,-54.0,-86.0,-7.0,7.0,2.0,161.0,52.0,-56.0,1.0,15.0,-71.0,-85.0,1.0,-14.0,33.0,86.0,51.0,-2.0,29.0,14.0,-78.0,-99.0,-42.0,-52.0,33.0,113.0,158.0,382.0,350.0,114.0,26.0,13.0,6.0,-2.0,1.0,2.0,2.0,1.0,-1.0,-1.0,3.0,1.0,3.0,7.0,1.0,3.0,6.0,8.0,7.0,2.0,7.0,14.0,15.0,12.0,17.0,16.0,10.0,15.0,15.0,14.0,9.0,8.0,10.0,3.0,1.0,-1.0,0.0,2.0,0.0,1.0,1.0,3.0,4.0,0.0,-3.0,0.0
0.0,3.0,0.0,2.0,4.0,-2.0,3.0,2.0,0.0,0.0,-2.0,1.0,-1.0,1.0,0.0,-2.0,-1.0,0.0,1.0,-2.0,-1.0,1.0,2.0,1.0,-1.0,0.0,-3.0,-1.0,-1.0,-3.0,0.0,-1.0,-1.0,-3.0,-3.0,-1.0,-3.0,-6.0,-5.0,-2.0,-5.0,-3.0,-2.0,-3.0,-2.0,-4.0,-1.0,-5.0,-9.0,-7.0,-11.0,-12.0,-11.0,-14.0,-16.0,-21.0,-54.0,-247.0,-529.0,-415.0,-123.0,24.0,37.0,-3.0,99.0,52.0,-71.0,-26.0,43.0,18.0,113.0,53.0,-113.0,-42.0,76.0,-16.0,-92.0,53.0,56.0,-50.0,-89.0,-28.0,20.0,87.0,38.0,-138.0,-72.0,47.0,24.0,24.0,31.0,84.0,97.0,48.0,57.0,55.0,33.0,36.0,19.0,0.0,32.0,-41.0,-78.0,20.0,49.0,41.0,25.0,-4.0,-19.0,-19.0,-2.0,3.0,-9.0,-10.0,-25.0,-71.0,-100.0,-54.0,7.0,-42.0,-52.0,-60.0,83.0,146.0,-66.0,-124.0,-30.0,11.0,18.0,184.0,42.0,-118.0,6.0,25.0,-28.0,-49.0,-24.0,-26.0,8.0,80.0,40.0,-50.0,34.0,31.0,-115.0,-97.0,-14.0,-38.0,101.0,143.0,234.0,444.0,249.0,47.0,12.0,6.0,2.0,-1.0,3.0,2.0,1.0,-1.0,-2.0,0.0,3.0,0.0,3.0,8.0,2.0,7.0,6.0,4.0,4.0,4.0,10.0,15.0,14.0,10.0,14.0,14.0,14.0,15.0,12.0,14.0,9.0,8.0,9.0,4.0,3.0,0.0,0.0,1.0,0.0,0.0,3.0,4.0,3.0,1.0,-2.0,0.0
0.0,4.0,1.0,3.0,2.0,-1.0,2.0,0.0,0.0,1.0,2.0,2.0,-3.0,0.0,0.0,-2.0,-3.0,0.0,2.0,-6.0,-1.0,3.0,1.0,2.0,0.0,-1.0,-4.0,-2.0,-3.0,-4.0,0.0,-2.0,-3.0,-2.0,-1.0,-3.0,-4.0,-5.0,-4.0,-2.0,-7.0,-3.0,-2.0,-2.0,-4.0,-8.0,-6.0,-10.0,-8.0,-6.0,-10.0,-12.0,-11.0,-13.0,-15.0,-19.0,-29.0,-135.0,-442.0,-522.0,-215.0,42.0,30.0,-51.0,56.0,88.0,-4.0,-28.0,14.0,48.0,34.0,16.0,9.0,3.0,-22.0,-76.0,-21.0,110.0,33.0,-80.0,-52.0,-47.0,-24.0,90.0,33.0,-87.0,-10.0,21.0,36.0,91.0,64.0,68.0,50.0,31.0,33.0,7.0,6.0,22.0,31.0,43.0,72.0,27.0,1.0,24.0,26.0,-22.0,-60.0,-43.0,-25.0,-20.0,-18.0,-3.0,8.0,22.0,8.0,-27.0,-25.0,-2.0,-2.0,-46.0,-102.0,-97.0,42.0,49.0,-107.0,-99.0,-14.0,21.0,27.0,155.0,34.0,-114.0,-1.0,28.0,21.0,-22.0,-34.0,-35.0,-23.0,90.0,67.0,-87.0,23.0,24.0,-166.0,-109.0,29.0,14.0,118.0,129.0,266.0,477.0,212.0,10.0,0.0,5.0,5.0,1.0,1.0,2.0,2.0,-3.0,0.0,1.0,1.0,0.0,2.0,7.0,4.0,10.0,6.0,-1.0,1.0,8.0,13.0,11.0,13.0,13.0,13.0,15.0,15.0,12.0,10.0,13.0,11.0,8.0,6.0,4.0,5.0,3.0,0.0,0.0,0.0,1.0,3.0,2.0,2.0,3.0,1.0,0.0
0.0,4.0,2.0,3.0,-1.0,-1.0,2.0,-2.0,0.0,3.0,3.0,2.0,-3.0,-1.0,1.0,-1.0,-4.0,0.0,1.0,-7.0,0.0,3.0,-1.0,1.0,-1.0,-3.0,-3.0,-2.0,-4.0,-3.0,0.0,-2.0,-4.0,-2.0,-1.0,-4.0,-5.0,-5.0,-3.0,-2.0,-8.0,-5.0,-3.0,-4.0,-8.0,-10.0,-10.0,-11.0,-5.0,-7.0,-10.0,-12.0,-12.0,-14.0,-13.0,-11.0,-21.0,-74.0,-347.0,-554.0,-261.0,31.0,-17.0,-67.0,20.0,89.0,51.0,-11.0,-11.0,25.0,8.0,-8.0,83.0,54.0,-98.0,-65.0,28.0,109.0,9.0,-96.0,-51.0,-77.0,11.0,80.0,-9.0,-10.0,54.0,45.0,70.0,94.0,45.0,11.0,-7.0,2.0,6.0,-17.0,-10.0,3.0,17.0,38.0,66.0,75.0,84.0,43.0,-22.0,-54.0,-66.0,-39.0,-11.0,-5.0,-1.0,1.0,5.0,18.0,6.0,-11.0,6.0,28.0,36.0,5.0,-58.0,-78.0,-46.0,-75.0,-133.0,-100.0,-18.0,13.0,39.0,122.0,52.0,-71.0,15.0,63.0,-43.0,-47.0,-10.0,-25.0,-11.0,108.0,59.0,-110.0,36.0,42.0,-181.0,-140.0,11.0,63.0,137.0,148.0,311.0,426.0,163.0,1.0,0.0,5.0,8.0,3.0,0.0,2.0,2.0,-3.0,1.0,2.0,2.0,0.0,-2.0,6.0,7.0,9.0,8.0,1.0,1.0,8.0,12.0,8.0,12.0,16.0,16.0,16.0,11.0,9.0,12.0,13.0,11.0,8.0,3.0,3.0,6.0,4.0,0.0,-1.0,0.0,3.0,2.0,-1.0,2.0,4.0,1.0,0.0
0.0,3.0,1.0,2.0,0.0,-2.0,1.0,-1.0,0.0,3.0,1.0,1.0,-1.0,-1.0,2.0,0.0,-3.0,0.0,0.0,-5.0,-1.0,1.0,-2.0,0.0,-3.0,-4.0,-1.0,-3.0,-4.0,-2.0,0.0,-1.0,-4.0,-2.0,-3.0,-5.0,-7.0,-7.0,-3.0,-3.0,-8.0,-8.0,-6.0,-6.0,-9.0,-10.0,-9.0,-9.0,-5.0,-9.0,-13.0,-12.0,-13.0,-16.0,-11.0,-5.0,-22.0,-41.0,-252.0,-544.0,-304.0,-16.0,-70.0,-43.0,9.0,65.0,65.0,16.0,9.0,-5.0,-6.0,-17.0,89.0,37.0,-108.0,5.0,47.0,77.0,30.0,-123.0,-125.0,-56.0,57.0,72.0,7.0,70.0,101.0,65.0,60.0,28.0,-5.0,-12.0,-14.0,5.0,8.0,-15.0,-23.0,-11.0,6.0,-1.0,32.0,72.0,89.0,58.0,-12.0,-27.0,-37.0,-25.0,1.0,6.0,20.0,13.0,-3.0,-6.0,-7.0,-8.0,8.0,19.0,15.0,19.0,24.0,-2.0,-61.0,-102.0,-154.0,-140.0,-38.0,-53.0,35.0,125.0,80.0,-54.0,14.0,106.0,-93.0,-75.0,-11.0,-22.0,22.0,133.0,58.0,-119.0,25.0,79.0,-158.0,-160.0,-9.0,56.0,124.0,285.0,418.0,269.0,62.0,4.0,5.0,7.0,7.0,4.0,1.0,4.0,2.0,-1.0,0.0,2.0,5.0,-1.0,-2.0,6.0,5.0,9.0,11.0,5.0,4.0,4.0,7.0,10.0,14.0,14.0,18.0,16.0,7.0,9.0,15.0,13.0,9.0,8.0,2.0,2.0,6.0,4.0,0.0,-2.0,0.0,4.0,2.0,-2.0,2.0,3.0,0.0,0.0
0.0,1.0,0.0,2.0,2.0,-1.0,1.0,0.0,-1.0,1.0,0.0,-1.0,0.0,1.0,2.0,0.0,-2.0,0.0,0.0,-3.0,-2.0,-1.0,-2.0,0.0,-4.0,-3.0,0.0,-5.0,-4.0,-2.0,0.0,0.0,-4.0,-3.0,-5.0,-7.0,-9.0,-9.0,-5.0,-6.0,-10.0,-11.0,-9.0,-6.0,-7.0,-10.0,-8.0,-6.0,-7.0,-11.0,-13.0,-13.0,-14.0,-14.0,-10.0,-5.0,-21.0,-20.0,-189.0,-516.0,-342.0,-60.0,-68.0,-25.0,-21.0,30.0,54.0,32.0,65.0,21.0,-81.0,-34.0,146.0,-14.0,-124.0,41.0,31.0,73.0,63.0,-136.0,-167.0,-22.0,94.0,70.0,49.0,129.0,104.0,32.0,5.0,-16.0,-17.0,-1.0,9.0,22.0,8.0,-11.0,-26.0,-26.0,-5.0,-27.0,8.0,66.0,67.0,56.0,22.0,-5.0,-29.0,-23.0,-6.0,0.0,25.0,22.0,-5.0,-6.0,3.0,-1.0,20.0,16.0,-15.0,-13.0,10.0,43.0,10.0,-47.0,-155.0,-167.0,-67.0,-116.0,4.0,117.0,89.0,-12.0,3.0,77.0,-72.0,-83.0,-49.0,-4.0,54.0,130.0,77.0,-82.0,46.0,40.0,-188.0,-105.0,20.0,-15.0,105.0,443.0,457.0,135.0,8.0,6.0,9.0,9.0,6.0,4.0,4.0,7.0,2.0,0.0,1.0,3.0,5.0,-1.0,2.0,5.0,1.0,10.0,11.0,5.0,8.0,4.0,3.0,10.0,16.0,13.0,17.0,16.0,9.0,12.0,13.0,10.0,9.0,8.0,1.0,2.0,7.0,4.0,0.0,-1.0,0.0,4.0,1.0,-3.0,3.0,1.0,0.0,0.0
0.0,0.0,0.0,2.0,1.0,-1.0,2.0,0.0,-1.0,1.0,0.0,-1.0,0.0,0.0,0.0,-1.0,-2.0,1.0,1.0,-2.0,-3.0,-2.0,-2.0,0.0,-2.0,-2.0,-1.0,-5.0,-4.0,-4.0,-2.0,-3.0,-4.0,-3.0,-7.0,-10.0,-13.0,-9.0,-4.0,-11.0,-14.0,-11.0,-9.0,-6.0,-9.0,-11.0,-6.0,-2.0,-7.0,-13.0,-14.0,-14.0,-12.0,-12.0,-10.0,-6.0,-24.0,-14.0,-127.0,-441.0,-367.0,-102.0,-59.0,-42.0,-56.0,7.0,53.0,37.0,69.0,21.0,-93.0,-12.0,182.0,-10.0,-146.0,0.0,-3.0,84.0,46.0,-131.0,-107.0,23.0,123.0,54.0,59.0,138.0,64.0,-12.0,-30.0,-15.0,0.0,9.0,21.0,24.0,5.0,-9.0,-22.0,-35.0,-24.0,-36.0,-5.0,59.0,61.0,53.0,32.0,-2.0,-29.0,-29.0,-17.0,-10.0,10.0,20.0,10.0,15.0,21.0,5.0,16.0,18.0,5.0,-1.0,-28.0,4.0,37.0,9.0,-117.0,-128.0,-111.0,-157.0,0.0,61.0,44.0,50.0,46.0,29.0,-54.0,-80.0,-60.0,4.0,70.0,97.0,39.0,-27.0,101.0,-34.0,-227.0,1.0,56.0,-86.0,102.0,482.0,444.0,127.0,6.0,6.0,11.0,10.0,5.0,4.0,6.0,8.0,3.0,1.0,3.0,3.0,6.0,2.0,2.0,4.0,2.0,9.0,9.0,5.0,9.0,6.0,5.0,7.0,15.0,16.0,15.0,17.0,13.0,12.0,9.0,9.0,10.0,8.0,1.0,2.0,7.0,3.0,1.0,0.0,-1.0,3.0,0.0,-3.0,4.0,1.0,0.0,0.0
0.0,0.0,0.0,3.0,1.0,-3.0,1.0,1.0,0.0,1.0,1.0,1.0,0.0,-2.0,-4.0,-3.0,-1.0,2.0,2.0,-2.0,-4.0,-2.0,-3.0,-2.0,0.0,-1.0,-2.0,-4.0,-6.0,-9.0,-7.0,-6.0,-4.0,-5.0,-7.0,-11.0,-15.0,-6.0,-5.0,-16.0,-16.0,-10.0,-7.0,-6.0,-11.0,-10.0,-5.0,-3.0,-8.0,-15.0,-15.0,-11.0,-9.0,-13.0,-8.0,-7.0,-24.0,-15.0,-51.0,-329.0,-390.0,-174.0,-99.0,-67.0,-53.0,15.0,62.0,31.0,22.0,8.0,-19.0,25.0,132.0,-1.0,-122.0,-36.0,-33.0,38.0,11.0,-79.0,-12.0,81.0,119.0,28.0,60.0,100.0,4.0,-24.0,-30.0,-18.0,4.0,17.0,23.0,14.0,1.0,-7.0,-18.0,-34.0,-35.0,-32.0,-4.0,44.0,48.0,40.0,26.0,4.0,-23.0,-39.0,-26.0,-10.0,-9.0,8.0,29.0,22.0,22.0,18.0,12.0,15.0,25.0,33.0,-15.0,-36.0,6.0,17.0,-70.0,-67.0,-114.0,-153.0,-9.0,4.0,-21.0,80.0,117.0,33.0,-72.0,-87.0,11.0,-22.0,30.0,57.0,-8.0,21.0,62.0,-57.0,-151.0,52.0,41.0,-62.0,162.0,421.0,385.0,145.0,11.0,15.0,18.0,10.0,5.0,4.0,5.0,8.0,5.0,3.0,5.0,3.0,9.0,4.0,-1.0,3.0,4.0,8.0,9.0,7.0,7.0,7.0,9.0,6.0,15.0,19.0,14.0,18.0,12.0,8.0,10.0,10.0,9.0,7.0,3.0,3.0,5.0,2.0,2.0,0.0,-2.0,1.0,0.0,0.0,4.0,2.0,-1.0,0.0
0.0,0.0,1.0,3.0,2.0,-3.0,0.0,2.0,-2.0,-2.0,2.0,2.0,1.0,-1.0,-5.0,-3.0,-1.0,-1.0,2.0,0.0,-4.0,-2.0,-5.0,-7.0,-1.0,0.0,-2.0,-5.0,-11.0,-10.0,-9.0,-8.0,-5.0,-11.0,-8.0,-9.0,-11.0,-5.0,-12.0,-17.0,-14.0,-8.0,-7.0,-9.0,-6.0,-5.0,-8.0,-9.0,-12.0,-15.0,-12.0,-9.0,-11.0,-13.0,-4.0,-7.0,-20.0,-18.0,-21.0,-220.0,-377.0,-289.0,-150.0,-41.0,-27.0,13.0,58.0,15.0,-28.0,84.0,55.0,-9.0,98.0,-18.0,-105.0,-41.0,-62.0,-29.0,19.0,6.0,56.0,103.0,81.0,28.0,52.0,38.0,-35.0,-23.0,-14.0,-22.0,-10.0,26.0,15.0,-11.0,-6.0,-7.0,-13.0,-28.0,-36.0,-24.0,9.0,37.0,28.0,16.0,20.0,13.0,-15.0,-31.0,-20.0,-8.0,-16.0,-5.0,20.0,8.0,13.0,32.0,22.0,15.0,26.0,27.0,-5.0,-30.0,-21.0,-10.0,-40.0,-36.0,-64.0,-79.0,-22.0,-26.0,-59.0,92.0,164.0,30.0,-103.0,-82.0,75.0,-24.0,-25.0,3.0,-16.0,52.0,29.0,-41.0,-90.0,34.0,9.0,73.0,314.0,343.0,238.0,86.0,18.0,24.0,23.0,12.0,9.0,5.0,4.0,7.0,7.0,4.0,4.0,5.0,9.0,5.0,0.0,3.0,4.0,9.0,11.0,6.0,8.0,11.0,8.0,7.0,17.0,18.0,13.0,16.0,11.0,8.0,11.0,9.0,8.0,5.0,4.0,4.0,3.0,2.0,2.0,2.0,-1.0,-1.0,0.0,3.0,3.0,2.0,-1.0,0.0
0.0,-1.0,2.0,2.0,1.0,-1.0,0.0,0.0,-4.0,-3.0,1.0,1.0,2.0,-1.0,-4.0,-2.0,-3.0,-5.0,2.0,3.0,-4.0,-2.0,-6.0,-11.0,-4.0,-4.0,-3.0,-4.0,-13.0,-8.0,-10.0,-12.0,-7.0,-11.0,-10.0,-8.0,-9.0,-10.0,-15.0,-16.0,-10.0,-6.0,-11.0,-11.0,-3.0,-5.0,-10.0,-14.0,-14.0,-10.0,-10.0,-11.0,-12.0,-10.0,-8.0,-10.0,-14.0,-13.0,-19.0,-144.0,-376.0,-379.0,-156.0,6.0,-8.0,-13.0,48.0,6.0,-61.0,166.0,108.0,-55.0,69.0,-24.0,-78.0,-75.0,-88.0,-15.0,40.0,43.0,90.0,75.0,40.0,40.0,28.0,-9.0,-38.0,-17.0,6.0,-8.0,-23.0,14.0,-5.0,-31.0,1.0,-3.0,0.0,-19.0,-53.0,-12.0,47.0,49.0,1.0,-12.0,18.0,6.0,-20.0,-9.0,13.0,-10.0,-20.0,-7.0,2.0,-1.0,9.0,36.0,21.0,10.0,4.0,-12.0,-14.0,-31.0,-54.0,-35.0,-18.0,0.0,4.0,-11.0,0.0,-10.0,-60.0,55.0,147.0,-2.0,-93.0,-19.0,42.0,-4.0,-10.0,-13.0,-23.0,17.0,66.0,15.0,-104.0,-37.0,20.0,223.0,420.0,259.0,107.0,47.0,24.0,19.0,16.0,15.0,13.0,7.0,4.0,5.0,9.0,4.0,3.0,6.0,7.0,8.0,5.0,5.0,4.0,11.0,13.0,4.0,10.0,14.0,6.0,10.0,18.0,15.0,10.0,13.0,14.0,10.0,9.0,9.0,8.0,3.0,3.0,4.0,2.0,1.0,3.0,5.0,1.0,-1.0,0.0,3.0,1.0,2.0,0.0,0.0
0.0,-3.0,1.0,3.0,-1.0,-1.0,0.0,-2.0,-3.0,-1.0,0.0,0.0,1.0,-3.0,-4.0,-3.0,-4.0,-5.0,0.0,2.0,-5.0,-4.0,-6.0,-12.0,-9.0,-8.0,-4.0,-3.0,-11.0,-11.0,-14.0,-12.0,-7.0,-7.0,-10.0,-8.0,-11.0,-16.0,-13.0,-16.0,-9.0,-8.0,-15.0,-9.0,-6.0,-9.0,-9.0,-16.0,-12.0,-6.0,-16.0,-19.0,-22.0,-25.0,-33.0,-26.0,7.0,33.0,-17.0,-170.0,-384.0,-327.0,-110.0,-15.0,-18.0,-11.0,57.0,11.0,-50.0,178.0,122.0,-58.0,1.0,-38.0,-35.0,-81.0,-89.0,16.0,69.0,55.0,54.0,14.0,6.0,25.0,2.0,-24.0,-18.0,0.0,21.0,16.0,-28.0,-11.0,-18.0,-22.0,40.0,13.0,17.0,4.0,-73.0,-8.0,89.0,66.0,-28.0,-47.0,4.0,-9.0,-22.0,7.0,44.0,-5.0,-26.0,5.0,10.0,7.0,15.0,29.0,-5.0,-5.0,-25.0,-50.0,-43.0,-64.0,-57.0,-5.0,16.0,26.0,29.0,-20.0,8.0,36.0,-26.0,-21.0,51.0,23.0,-53.0,-11.0,11.0,19.0,57.0,19.0,-29.0,-29.0,55.0,67.0,-78.0,-87.0,80.0,301.0,385.0,191.0,46.0,48.0,32.0,14.0,11.0,16.0,13.0,9.0,5.0,5.0,10.0,6.0,6.0,7.0,7.0,10.0,9.0,7.0,6.0,12.0,13.0,6.0,12.0,12.0,6.0,14.0,17.0,14.0,10.0,11.0,14.0,9.0,8.0,11.0,8.0,2.0,2.0,3.0,2.0,2.0,4.0,3.0,2.0,2.0,0.0,2.0,1.0,1.0,-1.0,0.0
0.0,-3.0,0.0,3.0,-3.0,-3.0,0.0,-1.0,0.0,0.0,-1.0,-1.0,-1.0,-3.0,-4.0,-4.0,-4.0,-5.0,-3.0,-2.0,-7.0,-7.0,-8.0,-12.0,-12.0,-6.0,-3.0,-8.0,-13.0,-14.0,-14.0,-10.0,-6.0,-8.0,-11.0,-9.0,-13.0,-19.0,-11.0,-11.0,-11.0,-9.0,-17.0,-13.0,-11.0,-15.0,-11.0,-16.0,-14.0,-10.0,-26.0,-45.0,-65.0,-35.0,-5.0,-6.0,30.0,41.0,-116.0,-254.0,-255.0,-166.0,-79.0,-88.0,-28.0,43.0,67.0,-1.0,-22.0,142.0,113.0,-47.0,-88.0,-42.0,-13.0,-50.0,-63.0,18.0,91.0,48.0,-12.0,-37.0,-22.0,-6.0,-18.0,-14.0,16.0,30.0,19.0,16.0,-16.0,-12.0,-9.0,20.0,80.0,15.0,2.0,13.0,-52.0,-7.0,81.0,55.0,-27.0,-56.0,-8.0,-3.0,-2.0,18.0,28.0,4.0,-12.0,15.0,21.0,15.0,32.0,26.0,-31.0,-20.0,-34.0,-84.0,-82.0,-58.0,17.0,66.0,37.0,7.0,-6.0,-69.0,-27.0,41.0,-1.0,-61.0,-26.0,63.0,-26.0,-63.0,0.0,47.0,111.0,20.0,-37.0,-2.0,49.0,51.0,-53.0,-29.0,159.0,323.0,289.0,132.0,31.0,28.0,31.0,11.0,13.0,16.0,10.0,10.0,9.0,7.0,8.0,11.0,10.0,8.0,8.0,12.0,11.0,8.0,9.0,13.0,12.0,9.0,16.0,9.0,6.0,19.0,18.0,13.0,11.0,9.0,12.0,8.0,7.0,12.0,8.0,2.0,2.0,2.0,2.0,4.0,4.0,-1.0,1.0,4.0,0.0,2.0,2.0,0.0,0.0,0.0
0.0,-1.0,-1.0,0.0,-2.0,-2.0,-1.0,-1.0,0.0,-2.0,-2.0,-2.0,-3.0,-2.0,-3.0,-4.0,-5.0,-7.0,-5.0,-5.0,-8.0,-9.0,-11.0,-11.0,-11.0,-5.0,-4.0,-13.0,-17.0,-14.0,-12.0,-11.0,-7.0,-11.0,-11.0,-8.0,-14.0,-20.0,-6.0,-4.0,-17.0,-16.0,-25.0,-27.0,-26.0,-27.0,-15.0,-7.0,-1.0,-11.0,-49.0,-83.0,-54.0,31.0,67.0,42.0,15.0,-111.0,-307.0,-189.0,-10.0,-55.0,-155.0,-150.0,18.0,86.0,63.0,-20.0,0.0,45.0,53.0,25.0,-118.0,-50.0,22.0,-51.0,-57.0,20.0,71.0,24.0,-25.0,-26.0,-17.0,-22.0,-35.0,-11.0,30.0,52.0,19.0,16.0,18.0,-4.0,12.0,81.0,68.0,-21.0,-32.0,-9.0,-4.0,9.0,44.0,36.0,-4.0,-36.0,-2.0,10.0,5.0,20.0,6.0,9.0,22.0,12.0,6.0,22.0,29.0,19.0,-26.0,-39.0,-41.0,-86.0,-65.0,15.0,89.0,83.0,21.0,-24.0,-46.0,-97.0,-82.0,-7.0,3.0,-53.0,-53.0,37.0,0.0,-42.0,10.0,74.0,96.0,-22.0,-55.0,31.0,65.0,-5.0,-42.0,81.0,224.0,326.0,227.0,64.0,21.0,15.0,21.0,7.0,13.0,16.0,8.0,9.0,14.0,8.0,6.0,16.0,12.0,9.0,8.0,14.0,14.0,9.0,11.0,14.0,14.0,13.0,16.0,9.0,8.0,23.0,22.0,12.0,8.0,7.0,13.0,9.0,5.0,11.0,8.0,1.0,1.0,3.0,4.0,2.0,2.0,0.0,1.0,3.0,-1.0,1.0,2.0,0.0,3.0,0.0
0.0,0.0,-3.0,-3.0,1.0,0.0,-3.0,-1.0,-3.0,-5.0,-2.0,-3.0,-5.0,-5.0,-4.0,-2.0,-4.0,-8.0,-8.0,-7.0,-7.0,-12.0,-14.0,-10.0,-9.0,-6.0,-10.0,-15.0,-16.0,-13.0,-11.0,-13.0,-9.0,-12.0,-10.0,-7.0,-15.0,-18.0,-8.0,-13.0,-25.0,-22.0,-25.0,-38.0,-49.0,-35.0,-7.0,22.0,32.0,-18.0,-99.0,-73.0,62.0,95.0,54.0,36.0,-33.0,-324.0,-385.0,0.0,110.0,-23.0,-238.0,-158.0,55.0,53.0,76.0,-12.0,32.0,-27.0,-73.0,91.0,-39.0,-61.0,48.0,-66.0,-54.0,17.0,24.0,16.0,10.0,25.0,13.0,-12.0,-37.0,-24.0,0.0,29.0,25.0,42.0,42.0,-2.0,37.0,110.0,30.0,-45.0,-27.0,-17.0,20.0,24.0,28.0,31.0,-12.0,-37.0,15.0,27.0,-6.0,11.0,9.0,0.0,42.0,9.0,-10.0,30.0,0.0,-5.0,-16.0,-53.0,-34.0,-21.0,6.0,70.0,86.0,27.0,-31.0,-56.0,-61.0,-84.0,-108.0,-66.0,-6.0,-29.0,-51.0,-6.0,-3.0,12.0,62.0,83.0,50.0,-32.0,-50.0,37.0,20.0,-76.0,3.0,185.0,302.0,310.0,154.0,15.0,10.0,15.0,15.0,7.0,11.0,15.0,9.0,9.0,16.0,8.0,7.0,17.0,10.0,12.0,10.0,11.0,15.0,13.0,15.0,14.0,17.0,19.0,15.0,11.0,12.0,24.0,23.0,13.0,7.0,6.0,12.0,11.0,5.0,7.0,8.0,1.0,0.0,4.0,8.0,1.0,-2.0,2.0,2.0,0.0,-2.0,1.0,2.0,0.0,3.0,0.0
0.0,-1.0,-5.0,-3.0,2.0,-2.0,-5.0,0.0,-3.0,-3.0,-1.0,-6.0,-7.0,-9.0,-7.0,0.0,-4.0,-11.0,-11.0,-7.0,-5.0,-14.0,-16.0,-10.0,-8.0,-7.0,-16.0,-18.0,-14.0,-12.0,-10.0,-13.0,-9.0,-12.0,-19.0,-20.0,-21.0,-17.0,-17.0,-25.0,-20.0,-4.0,0.0,-32.0,-60.0,-37.0,7.0,47.0,33.0,-45.0,-128.0,10.0,152.0,63.0,11.0,13.0,-90.0,-457.0,-343.0,90.0,89.0,13.0,-219.0,-137.0,45.0,35.0,75.0,-34.0,60.0,-27.0,-151.0,88.0,35.0,-45.0,15.0,-54.0,3.0,14.0,-15.0,21.0,41.0,53.0,33.0,5.0,-11.0,-11.0,-22.0,-9.0,0.0,35.0,39.0,2.0,49.0,92.0,20.0,-18.0,4.0,-11.0,17.0,33.0,28.0,20.0,-52.0,-53.0,37.0,55.0,4.0,9.0,10.0,-20.0,31.0,7.0,-11.0,25.0,-14.0,-24.0,-32.0,-38.0,12.0,59.0,66.0,48.0,12.0,-34.0,-78.0,-79.0,-44.0,-49.0,-97.0,-109.0,-49.0,-17.0,-32.0,-22.0,-13.0,31.0,75.0,62.0,75.0,17.0,-57.0,9.0,2.0,-74.0,34.0,261.0,373.0,245.0,48.0,-3.0,11.0,11.0,16.0,12.0,11.0,12.0,9.0,10.0,14.0,8.0,9.0,14.0,9.0,16.0,12.0,9.0,13.0,14.0,18.0,16.0,20.0,22.0,19.0,15.0,15.0,23.0,22.0,15.0,7.0,7.0,10.0,10.0,7.0,6.0,8.0,3.0,1.0,2.0,9.0,4.0,-3.0,2.0,2.0,-2.0,-1.0,1.0,1.0,1.0,2.0,0.0
0.0,-3.0,-7.0,-2.0,1.0,-4.0,-5.0,-1.0,-3.0,0.0,1.0,-7.0,-9.0,-9.0,-6.0,-3.0,-10.0,-14.0,-10.0,-7.0,-6.0,-12.0,-15.0,-13.0,-11.0,-11.0,-18.0,-19.0,-16.0,-13.0,-12.0,-19.0,-17.0,-17.0,-31.0,-31.0,-22.0,-13.0,-11.0,-17.0,-7.0,13.0,21.0,-18.0,-51.0,-29.0,13.0,42.0,7.0,-72.0,-104.0,89.0,156.0,18.0,5.0,10.0,-144.0,-506.0,-314.0,63.0,92.0,72.0,-162.0,-144.0,51.0,69.0,12.0,-40.0,47.0,-53.0,-120.0,68.0,62.0,-28.0,-55.0,-16.0,51.0,2.0,-25.0,36.0,51.0,51.0,48.0,18.0,19.0,20.0,-10.0,-23.0,-32.0,-4.0,20.0,6.0,45.0,60.0,21.0,21.0,17.0,-2.0,26.0,36.0,19.0,5.0,-67.0,-55.0,42.0,79.0,32.0,8.0,8.0,-29.0,10.0,0.0,-14.0,-2.0,-13.0,-14.0,-35.0,7.0,72.0,86.0,46.0,-24.0,-58.0,-53.0,-72.0,-75.0,-30.0,-41.0,-91.0,-97.0,-75.0,-19.0,-33.0,-44.0,-1.0,45.0,47.0,33.0,115.0,43.0,-100.0,-57.0,58.0,41.0,83.0,287.0,343.0,152.0,-4.0,8.0,10.0,8.0,17.0,14.0,14.0,9.0,9.0,10.0,9.0,7.0,11.0,13.0,10.0,17.0,13.0,12.0,12.0,10.0,17.0,18.0,22.0,20.0,20.0,24.0,20.0,23.0,25.0,14.0,5.0,10.0,11.0,6.0,8.0,11.0,8.0,4.0,3.0,0.0,7.0,6.0,-1.0,3.0,3.0,0.0,-1.0,-1.0,1.0,2.0,2.0,0.0
0.0,-4.0,-5.0,-2.0,-3.0,-6.0,-4.0,0.0,-3.0,-1.0,1.0,-7.0,-11.0,-7.0,-5.0,-9.0,-14.0,-12.0,-7.0,-8.0,-9.0,-12.0,-18.0,-18.0,-15.0,-17.0,-19.0,-20.0,-21.0,-18.0,-17.0,-26.0,-26.0,-22.0,-29.0,-21.0,-10.0,0.0,2.0,-8.0,-2.0,11.0,18.0,-12.0,-30.0,-6.0,16.0,23.0,-10.0,-93.0,-62.0,130.0,126.0,7.0,5.0,10.0,-175.0,-514.0,-311.0,36.0,96.0,111.0,-77.0,-114.0,22.0,22.0,-13.0,26.0,-5.0,-104.0,-57.0,57.0,86.0,-28.0,-103.0,-6.0,34.0,-4.0,-6.0,37.0,38.0,44.0,67.0,43.0,33.0,31.0,5.0,-19.0,-26.0,-19.0,2.0,9.0,36.0,31.0,17.0,39.0,10.0,17.0,41.0,24.0,10.0,3.0,-46.0,-46.0,35.0,79.0,42.0,7.0,5.0,-21.0,2.0,-5.0,-18.0,-28.0,-17.0,9.0,13.0,57.0,65.0,24.0,-30.0,-58.0,-55.0,-40.0,-46.0,-62.0,-43.0,-58.0,-82.0,-63.0,-42.0,7.0,-57.0,-103.0,-17.0,56.0,36.0,26.0,85.0,15.0,-78.0,-57.0,73.0,108.0,170.0,297.0,276.0,103.0,-28.0,3.0,15.0,20.0,8.0,1.0,12.0,9.0,13.0,11.0,6.0,8.0,12.0,11.0,12.0,16.0,12.0,15.0,12.0,7.0,15.0,18.0,21.0,16.0,16.0,31.0,28.0,26.0,28.0,12.0,9.0,15.0,11.0,5.0,10.0,13.0,7.0,5.0,4.0,2.0,6.0,5.0,1.0,3.0,4.0,4.0,-1.0,-2.0,1.0,1.0,1.0,0.0
0.0,-4.0,0.0,0.0,-5.0,-10.0,-6.0,1.0,-2.0,-2.0,-1.0,-9.0,-12.0,-7.0,-9.0,-12.0,-13.0,-10.0,-6.0,-10.0,-13.0,-15.0,-22.0,-20.0,-19.0,-31.0,-28.0,-21.0,-22.0,-21.0,-15.0,-14.0,-9.0,-16.0,-32.0,-17.0,1.0,12.0,9.0,-4.0,-2.0,6.0,7.0,-13.0,-12.0,13.0,19.0,11.0,-18.0,-108.0,-29.0,156.0,97.0,0.0,7.0,14.0,-162.0,-517.0,-336.0,30.0,78.0,119.0,15.0,-21.0,-42.0,-68.0,-2.0,43.0,-40.0,-103.0,-5.0,54.0,46.0,-34.0,-73.0,-42.0,11.0,25.0,24.0,17.0,-1.0,41.0,76.0,65.0,32.0,24.0,15.0,-10.0,6.0,0.0,-3.0,9.0,18.0,11.0,17.0,33.0,6.0,42.0,38.0,3.0,23.0,17.0,-33.0,-35.0,38.0,58.0,34.0,9.0,-12.0,-12.0,7.0,-5.0,-18.0,-21.0,-5.0,23.0,41.0,41.0,-21.0,-56.0,-50.0,-29.0,-12.0,-19.0,-32.0,-41.0,-40.0,-65.0,-67.0,-67.0,-26.0,37.0,-66.0,-140.0,-51.0,38.0,70.0,29.0,12.0,11.0,-16.0,13.0,90.0,102.0,187.0,280.0,250.0,117.0,-44.0,-40.0,14.0,31.0,6.0,-14.0,-13.0,-4.0,9.0,13.0,8.0,14.0,13.0,6.0,14.0,17.0,12.0,14.0,12.0,8.0,12.0,18.0,18.0,15.0,16.0,27.0,31.0,28.0,26.0,15.0,18.0,19.0,13.0,11.0,13.0,11.0,7.0,6.0,4.0,4.0,5.0,4.0,3.0,3.0,3.0,5.0,2.0,-1.0,-1.0,-1.0,0.0,0.0
0.0,-4.0,0.0,2.0,-3.0,-11.0,-6.0,0.0,0.0,-3.0,-7.0,-10.0,-12.0,-10.0,-13.0,-12.0,-10.0,-8.0,-9.0,-17.0,-21.0,-22.0,-26.0,-28.0,-26.0,-36.0,-31.0,-15.0,-16.0,-13.0,-3.0,3.0,18.0,-9.0,-51.0,-28.0,10.0,22.0,16.0,4.0,-4.0,-1.0,-2.0,-12.0,-4.0,17.0,19.0,10.0,-18.0,-109.0,-14.0,166.0,86.0,-6.0,7.0,14.0,-110.0,-512.0,-396.0,8.0,80.0,98.0,69.0,59.0,-59.0,-85.0,-34.0,30.0,-47.0,-89.0,37.0,26.0,-50.0,-7.0,-6.0,-67.0,13.0,37.0,29.0,-3.0,-25.0,45.0,80.0,66.0,28.0,11.0,13.0,-3.0,37.0,28.0,1.0,8.0,2.0,2.0,18.0,21.0,14.0,56.0,33.0,-6.0,37.0,47.0,-32.0,-27.0,34.0,21.0,29.0,9.0,-32.0,-11.0,13.0,-2.0,-11.0,-2.0,6.0,7.0,-6.0,-24.0,-65.0,-64.0,-21.0,7.0,17.0,1.0,-16.0,-19.0,-6.0,-55.0,-66.0,-69.0,-65.0,-4.0,-48.0,-107.0,-54.0,56.0,111.0,-14.0,-27.0,51.0,-15.0,61.0,145.0,81.0,138.0,231.0,215.0,160.0,16.0,-65.0,-18.0,17.0,19.0,-5.0,-31.0,-36.0,-19.0,5.0,7.0,17.0,12.0,5.0,14.0,19.0,16.0,10.0,14.0,10.0,8.0,19.0,16.0,16.0,19.0,21.0,29.0,26.0,19.0,17.0,23.0,22.0,21.0,21.0,16.0,13.0,9.0,4.0,5.0,4.0,4.0,5.0,4.0,4.0,1.0,3.0,3.0,2.0,0.0,-2.0,0.0,0.0
0.0,-5.0,-4.0,0.0,-3.0,-7.0,-3.0,-1.0,1.0,-5.0,-12.0,-10.0,-12.0,-12.0,-11.0,-13.0,-11.0,-10.0,-23.0,-32.0,-36.0,-32.0,-30.0,-30.0,-15.0,-12.0,-13.0,-11.0,-14.0,-5.0,4.0,12.0,33.0,-9.0,-70.0,-39.0,20.0,35.0,26.0,9.0,-7.0,-11.0,-12.0,-9.0,-1.0,16.0,19.0,16.0,-12.0,-100.0,-26.0,159.0,100.0,-8.0,5.0,10.0,-59.0,-470.0,-457.0,-50.0,89.0,72.0,65.0,143.0,-27.0,-118.0,-26.0,54.0,-69.0,-86.0,37.0,10.0,-73.0,2.0,-1.0,-61.0,13.0,8.0,7.0,-28.0,-9.0,64.0,80.0,54.0,32.0,6.0,-1.0,1.0,46.0,44.0,13.0,14.0,1.0,-4.0,14.0,19.0,24.0,50.0,40.0,1.0,24.0,61.0,-19.0,-19.0,13.0,-22.0,14.0,12.0,-26.0,-7.0,13.0,-3.0,-4.0,-6.0,-23.0,-42.0,-40.0,-32.0,-42.0,-23.0,9.0,28.0,25.0,8.0,-11.0,-17.0,18.0,-39.0,-46.0,-50.0,-116.0,-66.0,-27.0,-57.0,-39.0,96.0,115.0,-48.0,-16.0,45.0,2.0,77.0,100.0,103.0,162.0,176.0,118.0,154.0,118.0,-36.0,-45.0,-2.0,14.0,14.0,-6.0,-41.0,-51.0,-27.0,-2.0,20.0,5.0,-1.0,11.0,18.0,19.0,10.0,16.0,8.0,6.0,21.0,19.0,15.0,18.0,21.0,27.0,23.0,12.0,14.0,21.0,23.0,28.0,28.0,22.0,20.0,12.0,5.0,7.0,4.0,5.0,7.0,5.0,3.0,-1.0,2.0,2.0,4.0,3.0,-1.0,-1.0,0.0
0.0,-6.0,-7.0,-3.0,-4.0,-4.0,-3.0,-4.0,-4.0,-7.0,-8.0,-8.0,-11.0,-11.0,-9.0,-18.0,-24.0,-35.0,-54.0,-50.0,-41.0,-19.0,-11.0,-4.0,13.0,11.0,5.0,-16.0,-22.0,-4.0,6.0,20.0,42.0,-10.0,-84.0,-50.0,23.0,46.0,35.0,11.0,-8.0,-17.0,-20.0,-10.0,0.0,16.0,25.0,25.0,-8.0,-87.0,-56.0,143.0,131.0,-7.0,2.0,6.0,-30.0,-373.0,-498.0,-157.0,93.0,72.0,25.0,208.0,26.0,-191.0,22.0,112.0,-97.0,-67.0,38.0,-17.0,-63.0,-30.0,9.0,-13.0,-9.0,-29.0,-55.0,-77.0,24.0,93.0,68.0,46.0,37.0,12.0,-6.0,2.0,25.0,37.0,26.0,21.0,13.0,-1.0,13.0,21.0,21.0,32.0,42.0,11.0,1.0,29.0,-5.0,-6.0,-3.0,-31.0,-4.0,12.0,-6.0,-2.0,5.0,-15.0,-15.0,-25.0,-50.0,-44.0,-24.0,-17.0,-5.0,24.0,32.0,31.0,26.0,-1.0,-21.0,-22.0,5.0,-27.0,0.0,-29.0,-152.0,-82.0,15.0,-12.0,-49.0,25.0,94.0,-10.0,-6.0,40.0,68.0,61.0,26.0,217.0,268.0,99.0,-59.0,84.0,197.0,23.0,-32.0,-26.0,-18.0,19.0,21.0,-10.0,-47.0,-47.0,-10.0,19.0,3.0,-6.0,-5.0,0.0,14.0,10.0,13.0,8.0,8.0,22.0,23.0,14.0,16.0,21.0,23.0,22.0,12.0,14.0,16.0,18.0,29.0,30.0,26.0,24.0,17.0,10.0,9.0,9.0,8.0,7.0,7.0,4.0,-1.0,2.0,3.0,2.0,3.0,1.0,-1.0,0.0
0.0,-6.0,-9.0,-5.0,-4.0,-6.0,-4.0,-5.0,-8.0,-7.0,-4.0,-7.0,-14.0,-21.0,-23.0,-24.0,-29.0,-68.0,-91.0,-55.0,-15.0,19.0,26.0,23.0,21.0,17.0,14.0,-19.0,-32.0,-5.0,12.0,27.0,49.0,-10.0,-95.0,-61.0,21.0,52.0,37.0,12.0,-7.0,-17.0,-22.0,-16.0,0.0,20.0,38.0,36.0,-10.0,-76.0,-87.0,122.0,162.0,-3.0,-2.0,3.0,-14.0,-233.0,-517.0,-301.0,85.0,78.0,17.0,165.0,74.0,-194.0,39.0,190.0,-131.0,-14.0,91.0,-111.0,-130.0,-37.0,115.0,72.0,-49.0,-72.0,-151.0,-122.0,47.0,94.0,62.0,53.0,33.0,15.0,7.0,4.0,0.0,11.0,14.0,4.0,27.0,21.0,25.0,27.0,8.0,16.0,30.0,14.0,-11.0,-21.0,-13.0,4.0,-11.0,-21.0,-13.0,0.0,12.0,4.0,-7.0,-11.0,-24.0,-41.0,-31.0,33.0,1.0,-35.0,29.0,39.0,17.0,20.0,23.0,-11.0,-22.0,-24.0,-11.0,5.0,27.0,-14.0,-157.0,-88.0,66.0,12.0,-62.0,-41.0,77.0,21.0,-3.0,70.0,92.0,67.0,65.0,288.0,276.0,25.0,-183.0,19.0,227.0,72.0,-3.0,-63.0,-51.0,22.0,27.0,10.0,-16.0,-27.0,-9.0,11.0,9.0,-4.0,-17.0,-21.0,-10.0,-3.0,4.0,9.0,12.0,23.0,22.0,13.0,19.0,21.0,19.0,20.0,13.0,17.0,16.0,15.0,24.0,27.0,26.0,22.0,18.0,12.0,13.0,19.0,11.0,7.0,9.0,6.0,3.0,3.0,5.0,0.0,1.0,3.0,0.0,0.0
0.0,-7.0,-10.0,-7.0,-4.0,-6.0,-3.0,-6.0,-12.0,-16.0,-21.0,-26.0,-29.0,-33.0,-29.0,-6.0,-1.0,-77.0,-116.0,-50.0,15.0,50.0,51.0,29.0,12.0,16.0,19.0,-11.0,-32.0,-8.0,17.0,33.0,53.0,-14.0,-102.0,-64.0,19.0,53.0,35.0,11.0,-5.0,-15.0,-25.0,-24.0,1.0,29.0,51.0,45.0,-11.0,-66.0,-112.0,91.0,184.0,14.0,-3.0,0.0,-7.0,-106.0,-476.0,-433.0,23.0,80.0,14.0,98.0,139.0,-123.0,15.0,178.0,-138.0,65.0,132.0,-162.0,-197.0,-12.0,202.0,65.0,-105.0,-65.0,-148.0,-138.0,25.0,55.0,45.0,55.0,22.0,12.0,28.0,15.0,-1.0,-7.0,-13.0,-26.0,27.0,44.0,26.0,8.0,-12.0,0.0,21.0,12.0,-29.0,-41.0,-16.0,-6.0,-7.0,-1.0,-21.0,-25.0,17.0,21.0,-5.0,12.0,-12.0,-37.0,8.0,84.0,27.0,-26.0,28.0,20.0,-13.0,17.0,33.0,-18.0,-17.0,-30.0,-19.0,55.0,11.0,-32.0,-105.0,-75.0,70.0,-9.0,-44.0,15.0,100.0,21.0,-26.0,47.0,94.0,137.0,137.0,258.0,177.0,-29.0,-195.0,-15.0,215.0,98.0,6.0,-82.0,-60.0,23.0,27.0,11.0,1.0,-7.0,-6.0,12.0,16.0,-13.0,-12.0,-5.0,-30.0,-30.0,-10.0,6.0,13.0,18.0,16.0,15.0,22.0,21.0,19.0,19.0,14.0,16.0,17.0,16.0,18.0,24.0,26.0,18.0,14.0,13.0,17.0,23.0,12.0,8.0,12.0,8.0,9.0,7.0,6.0,2.0,1.0,4.0,0.0,0.0
0.0,-7.0,-10.0,-11.0,-11.0,-10.0,-9.0,-25.0,-35.0,-32.0,-36.0,-41.0,-34.0,-23.0,-6.0,36.0,35.0,-78.0,-129.0,-48.0,25.0,60.0,60.0,30.0,10.0,15.0,21.0,2.0,-25.0,-12.0,19.0,39.0,54.0,-23.0,-102.0,-57.0,15.0,49.0,32.0,9.0,-2.0,-14.0,-31.0,-29.0,3.0,34.0,55.0,51.0,-3.0,-51.0,-116.0,37.0,183.0,59.0,-1.0,-4.0,-9.0,-47.0,-339.0,-508.0,-132.0,88.0,1.0,73.0,172.0,-3.0,10.0,82.0,-91.0,59.0,112.0,-112.0,-190.0,48.0,165.0,-62.0,-99.0,-10.0,-116.0,-157.0,-1.0,37.0,21.0,47.0,19.0,11.0,34.0,23.0,21.0,11.0,-17.0,-40.0,11.0,44.0,5.0,-34.0,-36.0,-26.0,26.0,14.0,-54.0,-21.0,5.0,-15.0,14.0,27.0,-17.0,-35.0,7.0,21.0,-4.0,32.0,14.0,-8.0,22.0,52.0,34.0,4.0,0.0,3.0,-20.0,17.0,54.0,-27.0,-3.0,-13.0,-6.0,87.0,-40.0,-103.0,-27.0,6.0,13.0,-37.0,41.0,68.0,72.0,38.0,-62.0,30.0,127.0,156.0,188.0,202.0,86.0,-46.0,-181.0,-44.0,188.0,114.0,-8.0,-79.0,-43.0,18.0,22.0,7.0,0.0,3.0,-6.0,11.0,25.0,-22.0,-23.0,17.0,2.0,-31.0,-30.0,-8.0,9.0,6.0,4.0,14.0,20.0,20.0,17.0,20.0,18.0,16.0,18.0,12.0,16.0,26.0,25.0,17.0,10.0,12.0,16.0,19.0,12.0,9.0,16.0,12.0,12.0,12.0,8.0,5.0,3.0,4.0,3.0,0.0
0.0,-14.0,-18.0,-22.0,-24.0,-19.0,-27.0,-53.0,-50.0,-24.0,-17.0,-22.0,-19.0,-10.0,14.0,69.0,49.0,-90.0,-134.0,-46.0,25.0,59.0,65.0,36.0,14.0,17.0,22.0,9.0,-19.0,-13.0,20.0,43.0,54.0,-28.0,-98.0,-50.0,12.0,43.0,27.0,8.0,2.0,-15.0,-38.0,-29.0,7.0,33.0,52.0,58.0,14.0,-35.0,-98.0,-40.0,154.0,125.0,3.0,-7.0,-16.0,-34.0,-167.0,-503.0,-325.0,64.0,16.0,29.0,113.0,122.0,102.0,38.0,-51.0,-11.0,63.0,-49.0,-159.0,49.0,60.0,-85.0,-21.0,-66.0,-184.0,-140.0,26.0,47.0,23.0,60.0,37.0,14.0,20.0,10.0,41.0,48.0,-4.0,-42.0,-13.0,19.0,-7.0,-28.0,-25.0,-34.0,19.0,11.0,-46.0,-4.0,10.0,-1.0,20.0,25.0,1.0,-30.0,2.0,4.0,-21.0,39.0,28.0,10.0,15.0,23.0,26.0,4.0,-24.0,-13.0,-8.0,23.0,64.0,-39.0,-6.0,19.0,32.0,75.0,-61.0,-138.0,40.0,118.0,-35.0,-70.0,128.0,74.0,-57.0,69.0,-4.0,36.0,131.0,141.0,208.0,134.0,23.0,-32.0,-162.0,-76.0,151.0,124.0,-16.0,-76.0,-25.0,19.0,14.0,0.0,-3.0,11.0,4.0,13.0,21.0,-14.0,-45.0,-15.0,53.0,27.0,-30.0,-24.0,-1.0,-5.0,-6.0,-2.0,3.0,11.0,11.0,19.0,18.0,17.0,23.0,9.0,16.0,30.0,26.0,18.0,5.0,11.0,14.0,14.0,13.0,12.0,16.0,12.0,9.0,11.0,14.0,9.0,4.0,5.0,8.0,0.0
0.0,-27.0,-28.0,-31.0,-26.0,-15.0,-34.0,-54.0,-26.0,1.0,-3.0,-10.0,-11.0,-5.0,23.0,90.0,47.0,-109.0,-130.0,-39.0,25.0,56.0,65.0,43.0,19.0,17.0,22.0,12.0,-11.0,-11.0,17.0,43.0,55.0,-21.0,-94.0,-49.0,12.0,37.0,25.0,8.0,3.0,-19.0,-47.0,-27.0,14.0,31.0,46.0,62.0,31.0,-16.0,-70.0,-108.0,100.0,178.0,24.0,-9.0,-22.0,-23.0,-54.0,-392.0,-461.0,-66.0,44.0,-8.0,29.0,130.0,163.0,103.0,42.0,-27.0,21.0,-8.0,-129.0,-52.0,-16.0,26.0,-33.0,-197.0,-150.0,-39.0,32.0,-1.0,0.0,75.0,61.0,10.0,-3.0,4.0,46.0,54.0,-1.0,-39.0,-24.0,6.0,3.0,11.0,6.0,-20.0,-5.0,-4.0,-8.0,1.0,-4.0,7.0,5.0,8.0,21.0,-22.0,-7.0,-4.0,-31.0,12.0,10.0,10.0,15.0,28.0,25.0,3.0,-29.0,-21.0,7.0,33.0,55.0,-49.0,-54.0,30.0,63.0,46.0,-26.0,-83.0,66.0,167.0,32.0,-73.0,74.0,65.0,-80.0,66.0,80.0,-4.0,75.0,195.0,172.0,63.0,4.0,-27.0,-150.0,-94.0,125.0,116.0,-10.0,-65.0,-23.0,19.0,9.0,-5.0,-5.0,11.0,20.0,26.0,8.0,2.0,-46.0,-70.0,41.0,95.0,17.0,-29.0,-8.0,-6.0,-7.0,-13.0,-18.0,-20.0,-7.0,16.0,16.0,11.0,22.0,11.0,17.0,34.0,32.0,19.0,3.0,15.0,13.0,12.0,17.0,12.0,10.0,10.0,5.0,7.0,18.0,12.0,4.0,7.0,9.0,0.0
0.0,-27.0,-24.0,-26.0,-18.0,-5.0,-22.0,-35.0,-4.0,11.0,-8.0,-14.0,-9.0,1.0,29.0,103.0,40.0,-128.0,-122.0,-30.0,25.0,50.0,57.0,48.0,25.0,15.0,23.0,19.0,-1.0,-8.0,12.0,37.0,56.0,-6.0,-89.0,-51.0,10.0,34.0,29.0,7.0,1.0,-27.0,-60.0,-27.0,23.0,31.0,39.0,58.0,40.0,10.0,-40.0,-132.0,19.0,186.0,79.0,-8.0,-24.0,-17.0,-13.0,-206.0,-482.0,-279.0,24.0,6.0,-12.0,40.0,90.0,146.0,170.0,60.0,9.0,14.0,-76.0,-150.0,-33.0,90.0,-103.0,-167.0,-11.0,-22.0,-42.0,-43.0,14.0,42.0,2.0,-10.0,-8.0,28.0,43.0,40.0,1.0,-36.0,-12.0,19.0,18.0,24.0,10.0,-8.0,-10.0,-14.0,17.0,15.0,-5.0,5.0,-13.0,-6.0,23.0,-10.0,-14.0,-7.0,-25.0,-11.0,-2.0,9.0,12.0,12.0,18.0,15.0,-13.0,-11.0,7.0,16.0,31.0,-57.0,-105.0,32.0,97.0,60.0,29.0,-57.0,0.0,166.0,132.0,-41.0,-20.0,56.0,47.0,79.0,74.0,-79.0,18.0,255.0,149.0,29.0,4.0,-32.0,-162.0,-99.0,131.0,103.0,-15.0,-44.0,-18.0,5.0,1.0,-2.0,-2.0,16.0,19.0,27.0,15.0,11.0,-35.0,-96.0,-14.0,114.0,76.0,-32.0,-13.0,15.0,-2.0,-8.0,-11.0,-40.0,-42.0,-4.0,8.0,4.0,16.0,10.0,18.0,36.0,34.0,20.0,10.0,21.0,13.0,10.0,20.0,11.0,6.0,12.0,4.0,8.0,17.0,8.0,3.0,8.0,9.0,0.0
0.0,-20.0,-16.0,-18.0,-12.0,0.0,-14.0,-23.0,-1.0,7.0,-10.0,-13.0,-4.0,6.0,31.0,106.0,33.0,-138.0,-118.0,-26.0,21.0,45.0,53.0,49.0,28.0,14.0,24.0,27.0,10.0,-1.0,9.0,27.0,52.0,8.0,-80.0,-55.0,8.0,34.0,33.0,9.0,-1.0,-37.0,-76.0,-31.0,33.0,34.0,34.0,49.0,42.0,34.0,-15.0,-114.0,-71.0,147.0,150.0,6.0,-19.0,-20.0,-10.0,-59.0,-355.0,-446.0,-121.0,33.0,-9.0,-12.0,25.0,82.0,156.0,165.0,102.0,5.0,-85.0,-165.0,-13.0,113.0,-73.0,-47.0,-23.0,-168.0,-76.0,23.0,101.0,16.0,-132.0,-56.0,13.0,51.0,43.0,42.0,3.0,-35.0,8.0,35.0,23.0,13.0,2.0,-10.0,-3.0,1.0,21.0,27.0,4.0,7.0,-12.0,-12.0,5.0,-14.0,-10.0,-8.0,-14.0,0.0,9.0,15.0,-7.0,-27.0,11.0,31.0,6.0,-14.0,-13.0,-14.0,6.0,-33.0,-104.0,13.0,82.0,59.0,98.0,-66.0,-86.0,184.0,179.0,-22.0,-78.0,37.0,172.0,106.0,-5.0,-138.0,54.0,310.0,148.0,35.0,3.0,-48.0,-191.0,-98.0,155.0,107.0,-36.0,-39.0,2.0,-8.0,-14.0,2.0,7.0,24.0,7.0,19.0,35.0,14.0,-20.0,-98.0,-57.0,81.0,114.0,-18.0,-41.0,41.0,18.0,-7.0,2.0,-20.0,-55.0,-41.0,-19.0,3.0,14.0,7.0,18.0,28.0,26.0,19.0,20.0,24.0,15.0,12.0,20.0,12.0,8.0,16.0,6.0,10.0,15.0,4.0,1.0,6.0,11.0,0.0
0.0,-15.0,-11.0,-14.0,-10.0,1.0,-14.0,-18.0,1.0,3.0,-10.0,-10.0,-1.0,5.0,33.0,110.0,26.0,-142.0,-117.0,-28.0,18.0,44.0,52.0,46.0,29.0,17.0,24.0,30.0,19.0,6.0,8.0,21.0,43.0,20.0,-66.0,-62.0,7.0,32.0,33.0,18.0,1.0,-47.0,-88.0,-38.0,38.0,39.0,31.0,40.0,40.0,52.0,8.0,-88.0,-129.0,71.0,188.0,54.0,-6.0,-22.0,-18.0,-7.0,-158.0,-456.0,-341.0,-11.0,11.0,-17.0,9.0,10.0,46.0,148.0,270.0,66.0,-164.0,-119.0,4.0,135.0,39.0,-66.0,-184.0,-230.0,24.0,118.0,104.0,-4.0,-194.0,-106.0,21.0,71.0,57.0,23.0,-10.0,-20.0,27.0,45.0,17.0,0.0,1.0,-12.0,-2.0,13.0,19.0,31.0,15.0,6.0,-3.0,0.0,6.0,-17.0,-10.0,-19.0,-15.0,11.0,14.0,19.0,-25.0,-41.0,14.0,53.0,24.0,-52.0,-53.0,-34.0,-7.0,13.0,-29.0,33.0,3.0,-10.0,113.0,-3.0,-54.0,168.0,193.0,-29.0,-146.0,29.0,220.0,42.0,-130.0,-158.0,200.0,401.0,127.0,47.0,14.0,-71.0,-221.0,-89.0,174.0,116.0,-48.0,-54.0,11.0,-5.0,-21.0,0.0,15.0,23.0,5.0,18.0,41.0,19.0,1.0,-87.0,-89.0,26.0,131.0,19.0,-72.0,49.0,45.0,-16.0,-7.0,3.0,-30.0,-49.0,-51.0,-17.0,1.0,5.0,24.0,23.0,21.0,15.0,18.0,20.0,16.0,20.0,21.0,13.0,15.0,18.0,8.0,11.0,16.0,5.0,-1.0,5.0,11.0,0.0
0.0,-11.0,-7.0,-9.0,-10.0,-2.0,-13.0,-15.0,3.0,2.0,-11.0,-7.0,-1.0,0.0,37.0,117.0,17.0,-149.0,-115.0,-30.0,21.0,45.0,46.0,42.0,30.0,23.0,26.0,30.0,23.0,9.0,7.0,18.0,36.0,35.0,-51.0,-71.0,2.0,27.0,30.0,29.0,11.0,-55.0,-97.0,-48.0,36.0,48.0,32.0,32.0,31.0,63.0,34.0,-69.0,-129.0,-26.0,165.0,132.0,10.0,-18.0,-21.0,-4.0,-34.0,-297.0,-469.0,-194.0,10.0,-5.0,-10.0,-29.0,10.0,103.0,313.0,190.0,-129.0,-102.0,-33.0,122.0,81.0,-146.0,-254.0,-147.0,122.0,152.0,18.0,-79.0,-154.0,-91.0,16.0,66.0,35.0,-20.0,-7.0,8.0,43.0,47.0,9.0,-10.0,-4.0,6.0,4.0,1.0,13.0,21.0,27.0,13.0,-8.0,12.0,36.0,-5.0,-11.0,-27.0,-27.0,11.0,2.0,1.0,-24.0,-18.0,10.0,46.0,38.0,-70.0,-97.0,-40.0,11.0,20.0,40.0,133.0,-16.0,-84.0,58.0,100.0,70.0,95.0,121.0,-101.0,-152.0,64.0,155.0,-42.0,-210.0,-92.0,346.0,412.0,101.0,54.0,18.0,-92.0,-238.0,-62.0,185.0,112.0,-45.0,-72.0,-1.0,-3.0,-15.0,2.0,19.0,17.0,11.0,22.0,34.0,22.0,14.0,-62.0,-110.0,-28.0,117.0,69.0,-62.0,32.0,59.0,-29.0,-23.0,11.0,-3.0,-23.0,-47.0,-49.0,-36.0,-14.0,18.0,31.0,32.0,23.0,15.0,10.0,9.0,17.0,21.0,17.0,21.0,16.0,9.0,17.0,21.0,6.0,-2.0,8.0,11.0,0.0
0.0,-10.0,-6.0,-7.0,-10.0,-4.0,-11.0,-13.0,3.0,1.0,-11.0,-6.0,-2.0,1.0,43.0,119.0,6.0,-159.0,-114.0,-29.0,27.0,49.0,41.0,36.0,28.0,28.0,31.0,32.0,24.0,11.0,6.0,13.0,33.0,50.0,-37.0,-80.0,-8.0,22.0,27.0,38.0,23.0,-60.0,-107.0,-56.0,33.0,56.0,35.0,27.0,21.0,64.0,58.0,-50.0,-104.0,-94.0,97.0,187.0,46.0,-10.0,-20.0,-11.0,-3.0,-104.0,-406.0,-417.0,-95.0,20.0,-9.0,-25.0,28.0,99.0,210.0,214.0,18.0,-57.0,-57.0,70.0,-20.0,-165.0,-136.0,-66.0,97.0,122.0,-25.0,-138.0,-99.0,-36.0,23.0,1.0,-35.0,-21.0,13.0,29.0,50.0,34.0,3.0,-17.0,-14.0,29.0,8.0,-8.0,17.0,3.0,19.0,29.0,-4.0,11.0,47.0,-2.0,-5.0,-9.0,-19.0,19.0,-1.0,-10.0,-11.0,-10.0,-13.0,12.0,30.0,-44.0,-97.0,-22.0,40.0,50.0,26.0,151.0,70.0,-96.0,31.0,139.0,122.0,28.0,22.0,-156.0,-114.0,73.0,26.0,-101.0,-214.0,92.0,447.0,294.0,83.0,64.0,9.0,-118.0,-245.0,-10.0,202.0,84.0,-42.0,-76.0,-24.0,-8.0,-3.0,8.0,19.0,16.0,14.0,21.0,31.0,19.0,12.0,-26.0,-113.0,-76.0,66.0,120.0,-9.0,-2.0,57.0,-33.0,-31.0,16.0,8.0,-13.0,-14.0,-35.0,-55.0,-47.0,-24.0,5.0,24.0,36.0,41.0,30.0,6.0,-3.0,13.0,18.0,16.0,12.0,14.0,23.0,25.0,10.0,1.0,11.0,13.0,0.0
0.0,-9.0,-7.0,-9.0,-11.0,-5.0,-8.0,-9.0,1.0,-1.0,-10.0,-7.0,1.0,9.0,46.0,115.0,-8.0,-168.0,-110.0,-27.0,31.0,54.0,39.0,30.0,26.0,31.0,36.0,34.0,24.0,13.0,8.0,11.0,30.0,53.0,-22.0,-80.0,-21.0,17.0,24.0,41.0,30.0,-58.0,-112.0,-61.0,28.0,58.0,38.0,28.0,19.0,57.0,69.0,-32.0,-94.0,-106.0,12.0,182.0,119.0,7.0,-18.0,-23.0,-9.0,-8.0,-204.0,-463.0,-315.0,-35.0,13.0,3.0,12.0,79.0,106.0,124.0,131.0,70.0,-6.0,19.0,-116.0,-183.0,-30.0,12.0,37.0,77.0,-32.0,-131.0,-66.0,-13.0,45.0,-65.0,-96.0,5.0,27.0,20.0,39.0,23.0,15.0,-12.0,-20.0,30.0,-2.0,-8.0,32.0,18.0,5.0,20.0,-13.0,0.0,33.0,3.0,-4.0,2.0,23.0,42.0,17.0,-3.0,-5.0,-26.0,-53.0,-13.0,28.0,-6.0,-51.0,-22.0,64.0,128.0,-28.0,81.0,142.0,-49.0,47.0,100.0,76.0,-11.0,10.0,-125.0,-165.0,33.0,-36.0,-155.0,-146.0,295.0,475.0,161.0,80.0,68.0,-10.0,-162.0,-228.0,69.0,217.0,27.0,-44.0,-57.0,-58.0,-13.0,9.0,12.0,21.0,20.0,13.0,17.0,29.0,13.0,8.0,4.0,-97.0,-110.0,-1.0,130.0,60.0,-9.0,39.0,-22.0,-30.0,12.0,7.0,-25.0,-5.0,6.0,-26.0,-52.0,-62.0,-49.0,-27.0,9.0,55.0,68.0,41.0,7.0,2.0,9.0,9.0,8.0,13.0,19.0,29.0,17.0,5.0,13.0,15.0,0.0
0.0,-7.0,-10.0,-11.0,-11.0,-6.0,-7.0,-6.0,0.0,-1.0,-9.0,-8.0,4.0,17.0,50.0,107.0,-26.0,-174.0,-103.0,-23.0,34.0,56.0,37.0,28.0,26.0,31.0,38.0,33.0,25.0,16.0,11.0,14.0,26.0,47.0,-3.0,-69.0,-39.0,7.0,21.0,40.0,35.0,-49.0,-111.0,-72.0,15.0,60.0,47.0,35.0,20.0,42.0,67.0,-14.0,-89.0,-98.0,-50.0,119.0,177.0,61.0,-8.0,-26.0,-20.0,5.0,-40.0,-290.0,-455.0,-235.0,-17.0,8.0,15.0,68.0,44.0,33.0,120.0,175.0,99.0,15.0,-99.0,-188.0,-40.0,58.0,-9.0,32.0,-71.0,-88.0,0.0,-19.0,32.0,-107.0,-103.0,24.0,35.0,-12.0,11.0,35.0,38.0,1.0,-16.0,0.0,-13.0,1.0,25.0,53.0,19.0,-7.0,-36.0,-22.0,11.0,17.0,-18.0,-11.0,64.0,68.0,32.0,-9.0,-4.0,-27.0,-86.0,-18.0,62.0,28.0,-5.0,-60.0,42.0,196.0,-34.0,25.0,153.0,-1.0,-13.0,59.0,111.0,1.0,30.0,-147.0,-274.0,8.0,-10.0,-155.0,8.0,429.0,386.0,87.0,95.0,57.0,-57.0,-223.0,-157.0,169.0,205.0,-36.0,-61.0,-27.0,-79.0,-27.0,13.0,21.0,29.0,18.0,10.0,17.0,24.0,9.0,9.0,17.0,-64.0,-123.0,-60.0,82.0,111.0,33.0,16.0,-15.0,-28.0,4.0,3.0,-38.0,-19.0,32.0,7.0,-38.0,-62.0,-68.0,-63.0,-35.0,14.0,52.0,75.0,56.0,19.0,11.0,8.0,1.0,2.0,9.0,28.0,20.0,7.0,12.0,18.0,0.0
0.0,-6.0,-13.0,-14.0,-11.0,-6.0,-7.0,-5.0,0.0,-1.0,-6.0,-6.0,2.0,21.0,65.0,94.0,-52.0,-174.0,-98.0,-15.0,39.0,54.0,36.0,29.0,26.0,29.0,34.0,30.0,27.0,21.0,14.0,15.0,23.0,44.0,20.0,-53.0,-61.0,-10.0,18.0,41.0,40.0,-41.0,-111.0,-86.0,-1.0,61.0,62.0,46.0,20.0,23.0,61.0,11.0,-77.0,-102.0,-61.0,33.0,161.0,138.0,20.0,-10.0,-20.0,-11.0,2.0,-93.0,-352.0,-420.0,-185.0,-21.0,38.0,59.0,24.0,28.0,28.0,174.0,168.0,38.0,-8.0,-85.0,-47.0,-13.0,-76.0,7.0,-66.0,-64.0,49.0,-45.0,-30.0,-106.0,-43.0,20.0,10.0,-9.0,-6.0,32.0,20.0,12.0,7.0,-13.0,-16.0,16.0,17.0,61.0,30.0,-36.0,-39.0,-23.0,-20.0,-7.0,-15.0,-12.0,49.0,76.0,44.0,-25.0,-5.0,-14.0,-80.0,7.0,99.0,39.0,38.0,-75.0,-37.0,214.0,35.0,-39.0,112.0,49.0,-91.0,62.0,204.0,34.0,-11.0,-214.0,-285.0,-10.0,-18.0,-103.0,214.0,478.0,237.0,71.0,100.0,33.0,-124.0,-264.0,-58.0,251.0,172.0,-89.0,-94.0,6.0,-59.0,-50.0,8.0,31.0,37.0,13.0,7.0,16.0,21.0,10.0,10.0,20.0,-29.0,-118.0,-103.0,14.0,129.0,91.0,5.0,-22.0,-28.0,6.0,4.0,-52.0,-40.0,46.0,26.0,-37.0,-52.0,-59.0,-53.0,-37.0,-29.0,2.0,55.0,74.0,53.0,31.0,16.0,-1.0,-10.0,-5.0,14.0,14.0,8.0,13.0,22.0,0.0
0.0,-5.0,-15.0,-19.0,-15.0,-6.0,-1.0,-2.0,-2.0,-4.0,-4.0,-3.0,1.0,23.0,87.0,74.0,-88.0,-165.0,-91.0,-5.0,44.0,51.0,38.0,30.0,26.0,28.0,27.0,25.0,27.0,24.0,18.0,14.0,19.0,44.0,41.0,-28.0,-69.0,-32.0,7.0,40.0,41.0,-38.0,-113.0,-95.0,-12.0,59.0,74.0,54.0,23.0,13.0,53.0,36.0,-62.0,-112.0,-52.0,-13.0,85.0,172.0,82.0,11.0,-12.0,-25.0,-9.0,-15.0,-140.0,-370.0,-387.0,-155.0,0.0,20.0,28.0,57.0,8.0,87.0,102.0,66.0,83.0,56.0,-12.0,-86.0,-97.0,-15.0,-51.0,-75.0,72.0,-35.0,-67.0,-48.0,-21.0,-19.0,-19.0,14.0,8.0,-3.0,-33.0,5.0,48.0,42.0,-14.0,13.0,41.0,31.0,-6.0,-44.0,-22.0,-3.0,-44.0,-42.0,10.0,-10.0,-10.0,65.0,69.0,-29.0,-35.0,-17.0,-36.0,44.0,101.0,70.0,69.0,-72.0,-52.0,172.0,93.0,-75.0,45.0,87.0,-51.0,91.0,168.0,-4.0,-99.0,-209.0,-183.0,-37.0,-71.0,16.0,398.0,418.0,122.0,78.0,81.0,-7.0,-194.0,-237.0,37.0,277.0,134.0,-138.0,-115.0,34.0,-23.0,-63.0,2.0,31.0,39.0,17.0,7.0,12.0,19.0,14.0,10.0,19.0,-5.0,-108.0,-132.0,-36.0,118.0,136.0,15.0,-33.0,-29.0,9.0,5.0,-63.0,-61.0,43.0,45.0,-36.0,-54.0,-52.0,-38.0,-14.0,-29.0,-23.0,22.0,56.0,53.0,30.0,28.0,18.0,-2.0,-18.0,-19.0,-16.0,-1.0,16.0,19.0,0.0
0.0,-2.0,-14.0,-25.0,-21.0,-4.0,9.0,1.0,-9.0,-10.0,-3.0,0.0,5.0,27.0,104.0,49.0,-126.0,-150.0,-78.0,2.0,47.0,51.0,42.0,28.0,24.0,30.0,23.0,19.0,25.0,23.0,21.0,15.0,14.0,41.0,51.0,4.0,-53.0,-52.0,-10.0,36.0,38.0,-40.0,-115.0,-101.0,-21.0,57.0,80.0,60.0,31.0,17.0,44.0,42.0,-48.0,-114.0,-51.0,-10.0,14.0,128.0,143.0,50.0,-3.0,-23.0,-17.0,-12.0,-27.0,-158.0,-374.0,-353.0,-141.0,-30.0,6.0,39.0,32.0,11.0,46.0,71.0,87.0,112.0,5.0,-22.0,-45.0,-59.0,-99.0,-86.0,156.0,-14.0,-106.0,27.0,-49.0,-51.0,-13.0,-6.0,30.0,-28.0,-75.0,-2.0,98.0,100.0,-10.0,-7.0,54.0,-20.0,-60.0,-6.0,0.0,-5.0,-40.0,-28.0,14.0,-28.0,-49.0,47.0,79.0,-6.0,-57.0,-34.0,7.0,85.0,55.0,85.0,76.0,-50.0,10.0,113.0,90.0,-52.0,32.0,81.0,-2.0,99.0,62.0,-86.0,-162.0,-169.0,-76.0,-57.0,-67.0,228.0,476.0,262.0,72.0,80.0,60.0,-69.0,-253.0,-148.0,127.0,260.0,83.0,-168.0,-107.0,35.0,-6.0,-52.0,3.0,26.0,34.0,23.0,5.0,10.0,21.0,15.0,11.0,19.0,5.0,-101.0,-147.0,-63.0,85.0,164.0,46.0,-44.0,-34.0,0.0,0.0,-57.0,-59.0,28.0,51.0,-25.0,-62.0,-53.0,-36.0,-9.0,-9.0,-14.0,11.0,40.0,31.0,7.0,19.0,34.0,38.0,-1.0,-41.0,-49.0,-32.0,-8.0,-1.0,0.0
0.0,1.0,-12.0,-29.0,-25.0,-2.0,19.0,5.0,-20.0,-18.0,0.0,4.0,11.0,39.0,112.0,18.0,-156.0,-136.0,-63.0,5.0,49.0,52.0,42.0,25.0,22.0,34.0,21.0,15.0,21.0,21.0,25.0,17.0,12.0,34.0,49.0,27.0,-26.0,-56.0,-23.0,26.0,31.0,-37.0,-112.0,-108.0,-34.0,52.0,86.0,68.0,37.0,27.0,40.0,32.0,-42.0,-108.0,-54.0,-3.0,0.0,46.0,136.0,114.0,21.0,-8.0,-17.0,-18.0,-11.0,-30.0,-171.0,-358.0,-341.0,-156.0,-37.0,-5.0,20.0,31.0,77.0,-12.0,24.0,120.0,5.0,110.0,15.0,-89.0,-114.0,-75.0,206.0,-22.0,-147.0,49.0,-41.0,-42.0,-7.0,-47.0,31.0,-40.0,-74.0,16.0,106.0,80.0,-9.0,-6.0,29.0,-42.0,-69.0,6.0,-5.0,-9.0,-3.0,28.0,-7.0,-62.0,-38.0,42.0,33.0,-6.0,-6.0,-22.0,14.0,123.0,21.0,9.0,63.0,17.0,45.0,43.0,63.0,7.0,50.0,91.0,14.0,83.0,-20.0,-167.0,-163.0,-124.0,-47.0,-74.0,80.0,429.0,399.0,112.0,58.0,75.0,33.0,-150.0,-263.0,-52.0,187.0,244.0,23.0,-169.0,-85.0,10.0,-3.0,-20.0,14.0,16.0,19.0,22.0,3.0,13.0,26.0,12.0,12.0,19.0,7.0,-90.0,-149.0,-79.0,40.0,172.0,89.0,-45.0,-44.0,-21.0,-5.0,-35.0,-41.0,11.0,36.0,-13.0,-63.0,-57.0,-28.0,-15.0,-7.0,-2.0,8.0,33.0,26.0,-2.0,0.0,19.0,56.0,35.0,-13.0,-36.0,-53.0,-44.0,-27.0,0.0
0.0,3.0,-14.0,-33.0,-26.0,-2.0,25.0,9.0,-26.0,-22.0,1.0,9.0,17.0,57.0,112.0,-19.0,-173.0,-125.0,-51.0,8.0,51.0,53.0,37.0,23.0,24.0,34.0,22.0,15.0,14.0,20.0,30.0,18.0,11.0,29.0,44.0,35.0,-1.0,-42.0,-32.0,8.0,19.0,-29.0,-100.0,-111.0,-51.0,40.0,90.0,73.0,40.0,36.0,41.0,26.0,-42.0,-101.0,-60.0,-9.0,18.0,8.0,68.0,138.0,76.0,15.0,-11.0,-18.0,-15.0,-15.0,-31.0,-164.0,-364.0,-350.0,-154.0,-40.0,4.0,74.0,52.0,-91.0,29.0,129.0,14.0,157.0,62.0,-91.0,-91.0,-40.0,157.0,10.0,-144.0,3.0,3.0,-38.0,-34.0,-73.0,-9.0,-37.0,5.0,26.0,44.0,36.0,-5.0,7.0,-10.0,-17.0,-27.0,-35.0,-23.0,3.0,6.0,115.0,0.0,-121.0,15.0,64.0,-63.0,-47.0,78.0,30.0,-14.0,104.0,35.0,-51.0,59.0,24.0,17.0,55.0,29.0,2.0,89.0,156.0,30.0,38.0,-103.0,-233.0,-116.0,-87.0,-78.0,-1.0,324.0,469.0,221.0,44.0,59.0,62.0,-24.0,-224.0,-207.0,25.0,197.0,236.0,-18.0,-161.0,-66.0,-16.0,-6.0,14.0,28.0,-3.0,-1.0,21.0,9.0,19.0,29.0,12.0,12.0,16.0,5.0,-76.0,-145.0,-90.0,-2.0,155.0,134.0,-22.0,-56.0,-45.0,-6.0,-13.0,-30.0,-7.0,15.0,-6.0,-51.0,-54.0,-20.0,-15.0,-17.0,-4.0,3.0,27.0,31.0,5.0,-6.0,-2.0,35.0,45.0,19.0,0.0,-30.0,-43.0,-34.0,0.0
0.0,2.0,-16.0,-37.0,-27.0,-1.0,24.0,9.0,-20.0,-18.0,-1.0,11.0,24.0,72.0,99.0,-53.0,-178.0,-114.0,-42.0,11.0,54.0,57.0,33.0,20.0,27.0,31.0,25.0,16.0,9.0,21.0,32.0,18.0,10.0,25.0,36.0,35.0,17.0,-22.0,-33.0,-6.0,6.0,-26.0,-87.0,-108.0,-65.0,21.0,86.0,77.0,45.0,43.0,45.0,27.0,-40.0,-97.0,-70.0,-14.0,26.0,19.0,12.0,84.0,125.0,60.0,1.0,-10.0,-16.0,-18.0,-5.0,-32.0,-182.0,-359.0,-330.0,-157.0,-28.0,76.0,1.0,-78.0,75.0,121.0,41.0,93.0,58.0,-45.0,-15.0,5.0,29.0,-1.0,-102.0,-2.0,18.0,-70.0,-45.0,-84.0,-71.0,-16.0,101.0,11.0,-9.0,34.0,-17.0,-16.0,-9.0,35.0,-2.0,-44.0,-25.0,-13.0,-39.0,191.0,42.0,-181.0,73.0,88.0,-128.0,-44.0,101.0,49.0,-36.0,30.0,56.0,13.0,53.0,-57.0,-23.0,127.0,41.0,-62.0,130.0,207.0,16.0,-70.0,-194.0,-203.0,-67.0,-90.0,-42.0,233.0,458.0,315.0,89.0,41.0,60.0,29.0,-110.0,-246.0,-111.0,77.0,182.0,213.0,-32.0,-152.0,-56.0,-33.0,-13.0,31.0,34.0,-15.0,-12.0,21.0,16.0,24.0,35.0,20.0,12.0,10.0,-3.0,-70.0,-136.0,-92.0,-31.0,111.0,165.0,22.0,-64.0,-58.0,-6.0,-2.0,-28.0,-20.0,1.0,-6.0,-34.0,-42.0,-24.0,-18.0,-20.0,-3.0,2.0,17.0,26.0,9.0,-6.0,-6.0,19.0,34.0,23.0,16.0,0.0,-22.0,-24.0,0.0
0.0,-1.0,-16.0,-39.0,-29.0,1.0,21.0,10.0,-8.0,-10.0,-2.0,6.0,30.0,87.0,75.0,-87.0,-176.0,-101.0,-34.0,12.0,58.0,64.0,32.0,16.0,27.0,31.0,24.0,14.0,8.0,20.0,32.0,21.0,11.0,18.0,24.0,33.0,31.0,0.0,-23.0,-12.0,-6.0,-31.0,-81.0,-104.0,-71.0,2.0,78.0,83.0,49.0,51.0,51.0,23.0,-37.0,-91.0,-80.0,-17.0,24.0,28.0,14.0,12.0,105.0,118.0,30.0,3.0,-8.0,-17.0,-8.0,-9.0,-51.0,-173.0,-321.0,-323.0,-177.0,12.0,11.0,-42.0,45.0,100.0,85.0,37.0,-18.0,8.0,96.0,43.0,-73.0,-48.0,-14.0,1.0,-27.0,-63.0,0.0,-93.0,-109.0,2.0,97.0,-30.0,-3.0,63.0,-72.0,-41.0,66.0,74.0,-46.0,-22.0,-6.0,-62.0,-51.0,204.0,48.0,-190.0,88.0,88.0,-95.0,8.0,57.0,16.0,-18.0,-18.0,55.0,125.0,14.0,-97.0,-15.0,92.0,81.0,-41.0,135.0,156.0,-21.0,-156.0,-241.0,-125.0,-67.0,-62.0,159.0,440.0,362.0,128.0,54.0,52.0,43.0,-32.0,-195.0,-191.0,-15.0,84.0,174.0,184.0,-35.0,-138.0,-60.0,-47.0,-16.0,38.0,35.0,-11.0,-16.0,10.0,20.0,31.0,45.0,30.0,10.0,4.0,-7.0,-72.0,-127.0,-90.0,-47.0,52.0,169.0,81.0,-61.0,-61.0,-9.0,-4.0,-26.0,-24.0,-10.0,-11.0,-20.0,-26.0,-27.0,-24.0,-22.0,1.0,6.0,8.0,20.0,7.0,-8.0,-3.0,11.0,20.0,21.0,21.0,11.0,-6.0,-16.0,0.0
0.0,-2.0,-16.0,-41.0,-30.0,2.0,19.0,14.0,2.0,-3.0,-2.0,5.0,36.0,98.0,46.0,-121.0,-167.0,-90.0,-28.0,15.0,59.0,69.0,34.0,14.0,25.0,29.0,19.0,11.0,10.0,17.0,29.0,25.0,13.0,13.0,18.0,31.0,40.0,20.0,-8.0,-13.0,-16.0,-42.0,-82.0,-100.0,-71.0,-10.0,68.0,86.0,55.0,59.0,56.0,15.0,-38.0,-78.0,-84.0,-31.0,18.0,30.0,37.0,-3.0,35.0,117.0,81.0,28.0,6.0,-11.0,-9.0,-7.0,-28.0,-50.0,-133.0,-288.0,-331.0,-194.0,-55.0,-14.0,5.0,65.0,107.0,47.0,-33.0,30.0,100.0,66.0,-49.0,-17.0,21.0,-48.0,-23.0,-10.0,5.0,-115.0,-83.0,4.0,22.0,-84.0,8.0,87.0,-131.0,-11.0,164.0,42.0,-127.0,-15.0,18.0,-89.0,-12.0,153.0,24.0,-121.0,67.0,52.0,-46.0,40.0,52.0,20.0,-8.0,-22.0,10.0,143.0,51.0,-35.0,-31.0,5.0,110.0,38.0,68.0,48.0,-53.0,-165.0,-208.0,-123.0,-53.0,126.0,387.0,396.0,167.0,59.0,59.0,38.0,0.0,-118.0,-218.0,-85.0,35.0,65.0,176.0,167.0,-44.0,-129.0,-66.0,-56.0,-19.0,44.0,42.0,1.0,-20.0,-12.0,25.0,39.0,50.0,39.0,9.0,1.0,-10.0,-76.0,-119.0,-88.0,-54.0,4.0,152.0,136.0,-43.0,-65.0,-17.0,-10.0,-24.0,-26.0,-19.0,-15.0,-12.0,-14.0,-22.0,-25.0,-23.0,-1.0,3.0,3.0,24.0,9.0,-11.0,-4.0,3.0,7.0,14.0,21.0,18.0,11.0,-10.0,0.0
0.0,-4.0,-15.0,-41.0,-31.0,0.0,16.0,16.0,9.0,2.0,-2.0,14.0,49.0,95.0,10.0,-143.0,-153.0,-82.0,-22.0,20.0,56.0,70.0,39.0,16.0,22.0,21.0,14.0,11.0,13.0,14.0,23.0,26.0,15.0,12.0,18.0,29.0,42.0,33.0,6.0,-9.0,-21.0,-51.0,-86.0,-98.0,-69.0,-15.0,56.0,82.0,64.0,61.0,62.0,19.0,-41.0,-71.0,-85.0,-52.0,8.0,38.0,46.0,25.0,-1.0,42.0,91.0,76.0,33.0,4.0,-2.0,-7.0,-27.0,-26.0,-19.0,-107.0,-248.0,-327.0,-249.0,-104.0,-25.0,19.0,77.0,70.0,77.0,88.0,39.0,36.0,-11.0,47.0,3.0,-93.0,9.0,39.0,-24.0,-134.0,-71.0,-36.0,-21.0,-79.0,13.0,77.0,-140.0,43.0,180.0,-42.0,-133.0,-1.0,28.0,-69.0,4.0,82.0,-11.0,-27.0,41.0,11.0,2.0,41.0,94.0,49.0,-59.0,-19.0,-17.0,74.0,159.0,20.0,-91.0,-12.0,123.0,81.0,-73.0,-37.0,-64.0,-145.0,-144.0,-115.0,122.0,381.0,390.0,193.0,60.0,62.0,50.0,1.0,-76.0,-192.0,-146.0,9.0,30.0,56.0,182.0,158.0,-55.0,-128.0,-69.0,-59.0,-25.0,48.0,52.0,13.0,-19.0,-29.0,22.0,42.0,54.0,46.0,12.0,-3.0,-18.0,-78.0,-110.0,-82.0,-58.0,-20.0,123.0,163.0,-11.0,-64.0,-25.0,-18.0,-27.0,-30.0,-23.0,-17.0,-10.0,-9.0,-16.0,-20.0,-18.0,-7.0,-6.0,3.0,27.0,15.0,-7.0,-7.0,-2.0,0.0,2.0,12.0,23.0,25.0,1.0,0.0
0.0,-9.0,-14.0,-40.0,-35.0,-3.0,16.0,17.0,13.0,5.0,0.0,25.0,65.0,85.0,-27.0,-154.0,-142.0,-73.0,-13.0,23.0,56.0,70.0,42.0,17.0,16.0,14.0,11.0,12.0,14.0,9.0,19.0,26.0,16.0,12.0,16.0,29.0,45.0,43.0,16.0,-4.0,-25.0,-58.0,-87.0,-98.0,-68.0,-17.0,43.0,75.0,67.0,61.0,73.0,36.0,-39.0,-79.0,-87.0,-66.0,-7.0,45.0,55.0,41.0,14.0,-11.0,25.0,89.0,82.0,37.0,10.0,-2.0,-24.0,-24.0,-7.0,-16.0,-70.0,-192.0,-297.0,-278.0,-173.0,-63.0,19.0,57.0,127.0,100.0,63.0,20.0,-18.0,111.0,71.0,-114.0,-91.0,75.0,-3.0,-120.0,-75.0,-82.0,-45.0,-56.0,31.0,71.0,-103.0,45.0,82.0,-85.0,-38.0,6.0,68.0,-8.0,-43.0,1.0,-29.0,56.0,1.0,-13.0,72.0,49.0,84.0,-1.0,-77.0,-1.0,-5.0,72.0,209.0,24.0,-72.0,-10.0,4.0,19.0,-152.0,-85.0,-49.0,-117.0,-71.0,80.0,379.0,404.0,203.0,62.0,43.0,62.0,24.0,-55.0,-167.0,-186.0,-37.0,44.0,15.0,56.0,185.0,150.0,-53.0,-128.0,-82.0,-60.0,-28.0,53.0,58.0,21.0,-15.0,-38.0,9.0,45.0,64.0,47.0,14.0,-7.0,-25.0,-80.0,-104.0,-79.0,-59.0,-24.0,92.0,169.0,26.0,-62.0,-33.0,-24.0,-31.0,-34.0,-26.0,-19.0,-11.0,-8.0,-10.0,-9.0,-12.0,-14.0,-9.0,6.0,22.0,18.0,2.0,-8.0,-5.0,-4.0,-6.0,6.0,20.0,28.0,15.0,0.0
0.0,-15.0,-17.0,-40.0,-38.0,-4.0,22.0,19.0,12.0,9.0,5.0,32.0,76.0,74.0,-56.0,-158.0,-132.0,-66.0,-8.0,27.0,61.0,68.0,40.0,16.0,12.0,12.0,9.0,10.0,12.0,5.0,16.0,25.0,18.0,12.0,11.0,29.0,48.0,51.0,27.0,1.0,-27.0,-64.0,-88.0,-98.0,-68.0,-20.0,29.0,70.0,69.0,61.0,79.0,54.0,-27.0,-85.0,-91.0,-73.0,-24.0,37.0,66.0,44.0,27.0,6.0,-19.0,24.0,90.0,88.0,35.0,12.0,-15.0,-24.0,-12.0,-11.0,-7.0,-37.0,-126.0,-247.0,-298.0,-224.0,-114.0,0.0,49.0,7.0,109.0,108.0,-22.0,127.0,187.0,-79.0,-220.0,45.0,47.0,-89.0,-14.0,-46.0,-99.0,-127.0,32.0,106.0,-44.0,9.0,-8.0,-77.0,-16.0,1.0,144.0,24.0,-100.0,-41.0,-5.0,112.0,12.0,-43.0,25.0,43.0,35.0,-59.0,-1.0,31.0,12.0,163.0,198.0,40.0,-42.0,-104.0,-160.0,-71.0,-114.0,-90.0,-39.0,-48.0,128.0,358.0,397.0,202.0,66.0,40.0,52.0,42.0,-27.0,-134.0,-194.0,-99.0,29.0,40.0,17.0,53.0,179.0,145.0,-54.0,-132.0,-94.0,-56.0,-26.0,52.0,63.0,24.0,-21.0,-39.0,9.0,49.0,65.0,46.0,17.0,-6.0,-33.0,-88.0,-101.0,-77.0,-55.0,-22.0,60.0,165.0,69.0,-64.0,-45.0,-18.0,-34.0,-39.0,-24.0,-19.0,-17.0,-6.0,-2.0,0.0,-9.0,-21.0,-10.0,10.0,18.0,16.0,6.0,-7.0,-7.0,-6.0,-5.0,4.0,12.0,22.0,23.0,0.0
0.0,-18.0,-24.0,-41.0,-37.0,-5.0,28.0,22.0,7.0,13.0,9.0,35.0,85.0,61.0,-77.0,-156.0,-122.0,-61.0,-7.0,30.0,67.0,66.0,35.0,17.0,13.0,12.0,8.0,6.0,7.0,4.0,14.0,23.0,20.0,13.0,7.0,25.0,45.0,56.0,43.0,9.0,-25.0,-69.0,-95.0,-97.0,-66.0,-23.0,17.0,63.0,75.0,59.0,74.0,65.0,-7.0,-71.0,-95.0,-83.0,-41.0,16.0,67.0,51.0,27.0,33.0,7.0,-21.0,14.0,88.0,87.0,43.0,1.0,-18.0,-11.0,-12.0,-10.0,-9.0,-12.0,-81.0,-181.0,-264.0,-262.0,-153.0,-94.0,-55.0,67.0,175.0,-24.0,61.0,236.0,14.0,-147.0,-40.0,33.0,-91.0,33.0,54.0,-129.0,-187.0,9.0,76.0,-43.0,14.0,23.0,-30.0,-93.0,-31.0,155.0,-8.0,-86.0,4.0,1.0,97.0,107.0,-39.0,-124.0,-13.0,17.0,7.0,49.0,23.0,97.0,225.0,135.0,-10.0,-106.0,-200.0,-182.0,-64.0,-59.0,-72.0,19.0,172.0,371.0,373.0,182.0,57.0,33.0,49.0,51.0,-12.0,-110.0,-182.0,-128.0,-17.0,40.0,45.0,29.0,47.0,167.0,140.0,-65.0,-140.0,-96.0,-48.0,-21.0,38.0,66.0,24.0,-31.0,-28.0,22.0,48.0,51.0,46.0,25.0,-2.0,-42.0,-97.0,-97.0,-71.0,-50.0,-22.0,27.0,146.0,116.0,-49.0,-60.0,-16.0,-38.0,-41.0,-18.0,-16.0,-22.0,-4.0,2.0,0.0,-7.0,-21.0,-14.0,9.0,17.0,12.0,6.0,-4.0,-7.0,-3.0,1.0,0.0,4.0,14.0,20.0,0.0
0.0,-18.0,-31.0,-42.0,-36.0,-7.0,31.0,25.0,2.0,14.0,13.0,42.0,95.0,42.0,-97.0,-153.0,-115.0,-53.0,-4.0,32.0,73.0,67.0,30.0,17.0,13.0,7.0,7.0,7.0,5.0,4.0,14.0,20.0,18.0,14.0,7.0,20.0,42.0,60.0,56.0,21.0,-24.0,-76.0,-103.0,-95.0,-63.0,-25.0,7.0,52.0,78.0,64.0,75.0,66.0,8.0,-45.0,-89.0,-91.0,-62.0,-14.0,59.0,61.0,28.0,35.0,35.0,4.0,-35.0,10.0,89.0,89.0,38.0,-4.0,-5.0,-6.0,-15.0,-10.0,-10.0,-20.0,-33.0,-104.0,-197.0,-251.0,-247.0,-163.0,-46.0,107.0,-32.0,34.0,190.0,73.0,23.0,-39.0,-43.0,-100.0,79.0,87.0,-89.0,-117.0,-79.0,-41.0,-95.0,1.0,101.0,38.0,-114.0,-74.0,92.0,-22.0,-38.0,11.0,14.0,110.0,142.0,3.0,-163.0,-38.0,52.0,73.0,1.0,-36.0,153.0,173.0,27.0,-60.0,-135.0,-195.0,-132.0,-40.0,-23.0,63.0,234.0,369.0,337.0,156.0,43.0,31.0,30.0,44.0,9.0,-89.0,-171.0,-145.0,-39.0,10.0,37.0,54.0,33.0,46.0,157.0,129.0,-70.0,-145.0,-97.0,-42.0,-16.0,22.0,63.0,25.0,-30.0,-13.0,28.0,40.0,36.0,45.0,31.0,4.0,-46.0,-100.0,-91.0,-67.0,-47.0,-24.0,8.0,117.0,147.0,-11.0,-76.0,-30.0,-38.0,-37.0,-19.0,-14.0,-18.0,-7.0,-1.0,0.0,-4.0,-16.0,-13.0,1.0,11.0,10.0,6.0,0.0,-2.0,0.0,1.0,0.0,2.0,7.0,11.0,0.0
0.0,-20.0,-36.0,-42.0,-33.0,-7.0,30.0,26.0,2.0,16.0,23.0,56.0,99.0,14.0,-119.0,-152.0,-109.0,-43.0,2.0,38.0,76.0,68.0,29.0,16.0,11.0,-3.0,3.0,12.0,7.0,4.0,12.0,16.0,16.0,15.0,9.0,15.0,40.0,61.0,61.0,36.0,-19.0,-82.0,-107.0,-92.0,-63.0,-29.0,-2.0,41.0,79.0,78.0,84.0,61.0,10.0,-29.0,-72.0,-85.0,-79.0,-48.0,43.0,66.0,27.0,36.0,48.0,30.0,-9.0,-33.0,8.0,69.0,85.0,38.0,10.0,5.0,-15.0,-8.0,-12.0,-24.0,-11.0,0.0,-40.0,-138.0,-226.0,-257.0,-177.0,-109.0,-107.0,61.0,107.0,71.0,92.0,-3.0,-43.0,-69.0,100.0,102.0,-5.0,-45.0,-176.0,-117.0,-81.0,-19.0,87.0,22.0,-85.0,-40.0,75.0,0.0,-16.0,-44.0,43.0,147.0,73.0,25.0,-85.0,6.0,116.0,45.0,-71.0,-87.0,39.0,35.0,-45.0,-19.0,-75.0,-150.0,-101.0,28.0,154.0,303.0,352.0,257.0,122.0,29.0,23.0,32.0,25.0,8.0,-62.0,-149.0,-148.0,-55.0,-1.0,5.0,39.0,48.0,29.0,54.0,152.0,114.0,-72.0,-147.0,-96.0,-39.0,-16.0,16.0,56.0,22.0,-18.0,2.0,26.0,27.0,26.0,42.0,34.0,14.0,-45.0,-102.0,-89.0,-65.0,-44.0,-26.0,2.0,85.0,156.0,36.0,-83.0,-48.0,-34.0,-31.0,-25.0,-18.0,-13.0,-10.0,-4.0,3.0,-5.0,-14.0,-3.0,-4.0,1.0,10.0,6.0,2.0,5.0,0.0,-4.0,3.0,6.0,4.0,3.0,0.0
0.0,-23.0,-38.0,-43.0,-27.0,-4.0,24.0,27.0,9.0,18.0,35.0,69.0,92.0,-18.0,-136.0,-148.0,-103.0,-34.0,9.0,44.0,77.0,69.0,31.0,13.0,8.0,-6.0,-2.0,11.0,7.0,5.0,10.0,13.0,16.0,18.0,11.0,10.0,33.0,56.0,64.0,48.0,-9.0,-81.0,-109.0,-90.0,-62.0,-33.0,-10.0,33.0,81.0,88.0,84.0,57.0,10.0,-25.0,-57.0,-75.0,-80.0,-66.0,14.0,63.0,36.0,38.0,56.0,37.0,13.0,-8.0,-27.0,-14.0,49.0,79.0,59.0,27.0,-5.0,-6.0,-8.0,-20.0,-22.0,-3.0,5.0,-26.0,-76.0,-143.0,-185.0,-251.0,-226.0,-59.0,-40.0,28.0,125.0,3.0,-38.0,-61.0,82.0,142.0,26.0,-41.0,-108.0,-86.0,-70.0,-7.0,21.0,-26.0,-15.0,67.0,74.0,-19.0,2.0,-44.0,5.0,88.0,13.0,45.0,-1.0,13.0,86.0,-35.0,-106.0,-82.0,-72.0,-38.0,-39.0,13.0,-30.0,-64.0,66.0,229.0,336.0,319.0,180.0,57.0,25.0,22.0,24.0,30.0,8.0,-54.0,-135.0,-145.0,-52.0,-1.0,-19.0,7.0,42.0,41.0,30.0,65.0,149.0,96.0,-81.0,-149.0,-88.0,-35.0,-22.0,12.0,47.0,21.0,-3.0,7.0,22.0,16.0,18.0,43.0,45.0,23.0,-48.0,-106.0,-90.0,-62.0,-43.0,-24.0,-2.0,51.0,147.0,81.0,-69.0,-62.0,-30.0,-28.0,-30.0,-23.0,-14.0,-9.0,-4.0,1.0,-9.0,-10.0,6.0,-4.0,-4.0,8.0,6.0,1.0,7.0,4.0,-3.0,3.0,5.0,3.0,1.0,0.0
0.0,-26.0,-38.0,-44.0,-25.0,-1.0,21.0,28.0,16.0,18.0,41.0,76.0,80.0,-45.0,-145.0,-138.0,-94.0,-27.0,12.0,49.0,79.0,69.0,31.0,6.0,4.0,-2.0,-3.0,6.0,5.0,6.0,11.0,12.0,15.0,21.0,15.0,9.0,23.0,46.0,67.0,55.0,2.0,-69.0,-110.0,-94.0,-61.0,-35.0,-17.0,26.0,79.0,91.0,80.0,58.0,17.0,-23.0,-53.0,-70.0,-72.0,-66.0,-16.0,50.0,52.0,32.0,48.0,43.0,20.0,10.0,4.0,-24.0,-35.0,23.0,89.0,78.0,29.0,4.0,-4.0,-16.0,-28.0,-13.0,-3.0,-9.0,-4.0,-18.0,-75.0,-143.0,-192.0,-198.0,-202.0,-108.0,40.0,5.0,-87.0,-76.0,103.0,118.0,-11.0,-37.0,19.0,21.0,-81.0,-59.0,-29.0,-22.0,97.0,169.0,41.0,-87.0,-9.0,11.0,-56.0,20.0,12.0,41.0,27.0,-63.0,-39.0,-99.0,-89.0,-39.0,-53.0,-23.0,-3.0,90.0,96.0,111.0,281.0,306.0,219.0,116.0,23.0,8.0,24.0,26.0,26.0,17.0,-36.0,-131.0,-154.0,-57.0,11.0,-21.0,-29.0,19.0,42.0,41.0,33.0,74.0,148.0,78.0,-94.0,-146.0,-77.0,-35.0,-29.0,6.0,38.0,32.0,6.0,-7.0,20.0,14.0,15.0,50.0,59.0,29.0,-56.0,-110.0,-89.0,-58.0,-44.0,-25.0,-9.0,26.0,126.0,121.0,-37.0,-78.0,-29.0,-30.0,-33.0,-22.0,-17.0,-9.0,-5.0,-2.0,-6.0,-3.0,4.0,-4.0,-2.0,4.0,5.0,-1.0,4.0,10.0,3.0,1.0,2.0,1.0,1.0,0.0
0.0,-32.0,-38.0,-43.0,-29.0,-1.0,26.0,30.0,18.0,19.0,44.0,80.0,65.0,-65.0,-148.0,-127.0,-82.0,-21.0,15.0,56.0,79.0,63.0,27.0,2.0,2.0,1.0,-2.0,3.0,5.0,7.0,11.0,9.0,13.0,23.0,21.0,13.0,17.0,37.0,66.0,61.0,15.0,-54.0,-110.0,-100.0,-66.0,-42.0,-21.0,24.0,74.0,88.0,83.0,64.0,23.0,-21.0,-54.0,-67.0,-65.0,-63.0,-34.0,28.0,53.0,32.0,35.0,45.0,35.0,14.0,11.0,24.0,-22.0,-60.0,14.0,85.0,84.0,40.0,5.0,-12.0,-21.0,-14.0,-13.0,-8.0,0.0,1.0,-9.0,-26.0,-61.0,-116.0,-160.0,-182.0,-139.0,-75.0,-141.0,-123.0,47.0,75.0,1.0,-23.0,13.0,37.0,-41.0,-32.0,-30.0,-50.0,121.0,179.0,49.0,-112.0,-77.0,4.0,-32.0,30.0,-6.0,-26.0,-15.0,-106.0,-94.0,-60.0,-37.0,-14.0,28.0,83.0,127.0,227.0,243.0,204.0,212.0,137.0,36.0,7.0,8.0,21.0,27.0,20.0,16.0,-22.0,-118.0,-159.0,-67.0,18.0,-11.0,-46.0,-12.0,17.0,35.0,44.0,38.0,90.0,142.0,60.0,-98.0,-140.0,-70.0,-43.0,-35.0,3.0,34.0,45.0,6.0,-25.0,15.0,21.0,28.0,57.0,58.0,28.0,-60.0,-113.0,-87.0,-53.0,-41.0,-30.0,-14.0,17.0,98.0,150.0,1.0,-94.0,-35.0,-33.0,-35.0,-20.0,-17.0,-11.0,-5.0,-1.0,1.0,-1.0,-2.0,-2.0,0.0,2.0,1.0,-5.0,2.0,13.0,7.0,1.0,5.0,0.0,-4.0,0.0
0.0,-38.0,-37.0,-41.0,-33.0,-4.0,29.0,34.0,19.0,24.0,51.0,82.0,44.0,-83.0,-144.0,-118.0,-74.0,-18.0,22.0,63.0,77.0,55.0,23.0,3.0,2.0,4.0,-2.0,0.0,6.0,10.0,9.0,5.0,12.0,23.0,25.0,18.0,17.0,33.0,63.0,65.0,24.0,-47.0,-110.0,-102.0,-71.0,-51.0,-25.0,29.0,75.0,80.0,84.0,69.0,28.0,-16.0,-52.0,-68.0,-60.0,-60.0,-44.0,8.0,40.0,38.0,32.0,42.0,46.0,25.0,-2.0,31.0,39.0,-30.0,-59.0,-13.0,63.0,83.0,50.0,9.0,-6.0,-9.0,-18.0,-14.0,1.0,6.0,-4.0,-12.0,-12.0,-15.0,-32.0,-79.0,-114.0,-108.0,-161.0,-173.0,-77.0,-5.0,-35.0,-49.0,-60.0,-72.0,-55.0,88.0,67.0,-87.0,48.0,122.0,30.0,-111.0,-98.0,-61.0,-4.0,81.0,-17.0,-85.0,-42.0,-68.0,-73.0,26.0,69.0,100.0,179.0,229.0,238.0,213.0,150.0,94.0,44.0,14.0,1.0,4.0,8.0,24.0,27.0,3.0,-24.0,-96.0,-154.0,-75.0,22.0,5.0,-43.0,-38.0,-3.0,5.0,30.0,46.0,48.0,109.0,127.0,45.0,-90.0,-137.0,-70.0,-50.0,-39.0,2.0,34.0,47.0,-2.0,-34.0,7.0,35.0,49.0,54.0,49.0,23.0,-60.0,-115.0,-85.0,-47.0,-37.0,-32.0,-12.0,15.0,69.0,156.0,39.0,-92.0,-47.0,-36.0,-35.0,-19.0,-17.0,-14.0,-6.0,0.0,6.0,-2.0,-4.0,1.0,1.0,1.0,-4.0,-7.0,3.0,14.0,8.0,2.0,8.0,0.0,-9.0,0.0
0.0,-41.0,-37.0,-41.0,-33.0,-6.0,24.0,35.0,25.0,37.0,61.0,77.0,22.0,-97.0,-138.0,-112.0,-69.0,-16.0,28.0,68.0,74.0,47.0,21.0,5.0,2.0,7.0,1.0,-3.0,1.0,11.0,10.0,6.0,11.0,22.0,29.0,19.0,14.0,27.0,61.0,70.0,29.0,-42.0,-106.0,-103.0,-72.0,-52.0,-32.0,25.0,76.0,79.0,82.0,69.0,39.0,-7.0,-47.0,-72.0,-64.0,-57.0,-47.0,-3.0,29.0,37.0,33.0,36.0,42.0,39.0,6.0,13.0,47.0,34.0,-22.0,-69.0,-38.0,36.0,78.0,60.0,28.0,5.0,-15.0,-17.0,6.0,12.0,-9.0,-13.0,-11.0,-9.0,-1.0,0.0,-10.0,-38.0,-77.0,-92.0,-82.0,-74.0,-114.0,-95.0,-79.0,-131.0,-133.0,51.0,78.0,-87.0,-37.0,61.0,-47.0,-151.0,-57.0,-68.0,-31.0,95.0,44.0,-38.0,23.0,23.0,23.0,132.0,184.0,225.0,234.0,181.0,124.0,56.0,6.0,0.0,10.0,11.0,5.0,9.0,5.0,19.0,16.0,-42.0,-106.0,-121.0,-59.0,14.0,11.0,-31.0,-42.0,-26.0,-6.0,1.0,29.0,43.0,59.0,110.0,111.0,47.0,-79.0,-133.0,-76.0,-54.0,-39.0,0.0,30.0,39.0,-13.0,-35.0,11.0,50.0,60.0,46.0,44.0,25.0,-55.0,-117.0,-83.0,-44.0,-39.0,-32.0,-15.0,13.0,51.0,134.0,79.0,-63.0,-66.0,-40.0,-31.0,-18.0,-20.0,-17.0,-9.0,0.0,7.0,-3.0,-4.0,3.0,3.0,0.0,-5.0,-3.0,5.0,12.0,8.0,1.0,5.0,0.0,-8.0,0.0
0.0,-46.0,-39.0,-42.0,-32.0,-4.0,19.0,34.0,36.0,51.0,68.0,69.0,3.0,-107.0,-134.0,-107.0,-63.0,-12.0,33.0,72.0,69.0,38.0,18.0,6.0,3.0,8.0,6.0,-4.0,-9.0,9.0,14.0,8.0,10.0,21.0,31.0,17.0,10.0,19.0,54.0,78.0,41.0,-32.0,-98.0,-102.0,-73.0,-52.0,-38.0,11.0,68.0,81.0,84.0,71.0,49.0,0.0,-43.0,-72.0,-72.0,-57.0,-46.0,-8.0,26.0,31.0,27.0,28.0,31.0,48.0,28.0,4.0,24.0,45.0,32.0,-19.0,-53.0,-50.0,4.0,51.0,57.0,53.0,15.0,-4.0,11.0,9.0,-9.0,-11.0,-8.0,-8.0,-8.0,2.0,4.0,-5.0,-4.0,-4.0,-18.0,-39.0,-62.0,-61.0,-37.0,-86.0,-125.0,-46.0,-44.0,-80.0,-54.0,8.0,-84.0,-146.0,-29.0,-36.0,-31.0,61.0,71.0,52.0,116.0,113.0,123.0,164.0,138.0,128.0,95.0,44.0,4.0,-26.0,-15.0,0.0,14.0,10.0,5.0,14.0,6.0,5.0,-40.0,-117.0,-123.0,-25.0,36.0,4.0,-30.0,-44.0,-30.0,-18.0,-10.0,3.0,29.0,37.0,60.0,98.0,106.0,61.0,-73.0,-130.0,-82.0,-56.0,-36.0,-6.0,24.0,32.0,-22.0,-35.0,22.0,59.0,66.0,49.0,40.0,24.0,-48.0,-115.0,-80.0,-44.0,-45.0,-30.0,-23.0,9.0,38.0,99.0,118.0,-20.0,-84.0,-44.0,-28.0,-21.0,-23.0,-17.0,-11.0,-2.0,3.0,-3.0,-2.0,5.0,5.0,0.0,-2.0,1.0,5.0,8.0,9.0,1.0,1.0,2.0,-4.0,0.0
0.0,-52.0,-42.0,-40.0,-29.0,1.0,21.0,36.0,41.0,54.0,71.0,66.0,-15.0,-116.0,-128.0,-102.0,-59.0,-9.0,40.0,77.0,66.0,33.0,15.0,4.0,6.0,11.0,6.0,-6.0,-16.0,3.0,15.0,9.0,11.0,20.0,28.0,17.0,12.0,16.0,44.0,80.0,57.0,-18.0,-93.0,-97.0,-72.0,-60.0,-45.0,2.0,58.0,77.0,86.0,77.0,53.0,3.0,-39.0,-64.0,-74.0,-62.0,-46.0,-12.0,25.0,26.0,19.0,20.0,24.0,49.0,35.0,1.0,10.0,33.0,43.0,29.0,6.0,-33.0,-57.0,-42.0,4.0,61.0,60.0,49.0,36.0,3.0,-7.0,-5.0,-4.0,-7.0,-8.0,4.0,1.0,-8.0,0.0,2.0,0.0,-4.0,2.0,1.0,-4.0,-30.0,-51.0,-35.0,-61.0,-43.0,8.0,-2.0,-64.0,-65.0,-3.0,-16.0,-14.0,45.0,43.0,52.0,106.0,86.0,74.0,65.0,23.0,6.0,1.0,5.0,-3.0,-21.0,-9.0,6.0,9.0,4.0,3.0,11.0,-13.0,-56.0,-109.0,-107.0,-14.0,53.0,15.0,-31.0,-39.0,-42.0,-23.0,-13.0,-15.0,2.0,31.0,37.0,51.0,86.0,114.0,72.0,-72.0,-130.0,-85.0,-60.0,-35.0,-7.0,22.0,22.0,-28.0,-33.0,29.0,68.0,71.0,50.0,39.0,22.0,-51.0,-113.0,-76.0,-43.0,-47.0,-27.0,-25.0,2.0,21.0,70.0,144.0,26.0,-85.0,-52.0,-31.0,-27.0,-24.0,-16.0,-13.0,-6.0,-3.0,2.0,4.0,5.0,5.0,1.0,2.0,1.0,1.0,5.0,10.0,3.0,2.0,7.0,1.0,0.0
0.0,-53.0,-46.0,-38.0,-23.0,6.0,25.0,38.0,42.0,51.0,70.0,66.0,-30.0,-120.0,-117.0,-99.0,-60.0,-7.0,47.0,81.0,64.0,31.0,14.0,1.0,11.0,19.0,5.0,-10.0,-21.0,-10.0,10.0,12.0,12.0,19.0,26.0,22.0,15.0,17.0,40.0,72.0,67.0,-2.0,-91.0,-95.0,-67.0,-67.0,-57.0,-2.0,53.0,72.0,84.0,79.0,56.0,10.0,-31.0,-55.0,-74.0,-68.0,-46.0,-14.0,20.0,21.0,15.0,11.0,19.0,44.0,30.0,1.0,8.0,26.0,38.0,37.0,37.0,24.0,-23.0,-61.0,-66.0,-20.0,27.0,61.0,71.0,41.0,16.0,3.0,-2.0,-8.0,2.0,8.0,-3.0,-9.0,-5.0,1.0,4.0,-3.0,-3.0,15.0,2.0,-9.0,-11.0,-13.0,-17.0,-2.0,39.0,9.0,-28.0,-16.0,14.0,-3.0,-11.0,47.0,24.0,9.0,57.0,27.0,-1.0,0.0,-5.0,-1.0,0.0,-2.0,-1.0,-7.0,-6.0,8.0,5.0,-2.0,-13.0,-35.0,-75.0,-89.0,-68.0,0.0,61.0,19.0,-34.0,-35.0,-33.0,-39.0,-23.0,-11.0,-18.0,0.0,29.0,42.0,46.0,77.0,123.0,77.0,-71.0,-128.0,-86.0,-66.0,-39.0,-4.0,19.0,7.0,-30.0,-23.0,37.0,77.0,69.0,41.0,40.0,27.0,-56.0,-115.0,-72.0,-40.0,-46.0,-27.0,-24.0,-6.0,10.0,51.0,148.0,72.0,-71.0,-66.0,-36.0,-32.0,-26.0,-17.0,-11.0,-7.0,-6.0,6.0,10.0,3.0,2.0,4.0,3.0,-2.0,-2.0,3.0,8.0,5.0,7.0,10.0,4.0,0.0
0.0,-56.0,-48.0,-37.0,-20.0,9.0,28.0,39.0,47.0,52.0,67.0,64.0,-41.0,-121.0,-106.0,-98.0,-63.0,-6.0,51.0,82.0,59.0,30.0,14.0,0.0,14.0,25.0,11.0,-9.0,-25.0,-22.0,-2.0,13.0,15.0,16.0,24.0,28.0,19.0,20.0,40.0,62.0,70.0,9.0,-88.0,-96.0,-63.0,-65.0,-67.0,-9.0,53.0,68.0,78.0,75.0,56.0,24.0,-19.0,-50.0,-71.0,-67.0,-43.0,-19.0,7.0,19.0,19.0,7.0,11.0,30.0,29.0,5.0,5.0,26.0,29.0,30.0,43.0,44.0,22.0,-10.0,-51.0,-56.0,-40.0,-15.0,30.0,53.0,46.0,34.0,23.0,8.0,11.0,9.0,-1.0,-6.0,-9.0,1.0,13.0,4.0,-2.0,6.0,0.0,-1.0,3.0,-19.0,-23.0,10.0,26.0,10.0,-7.0,-19.0,7.0,3.0,-1.0,42.0,13.0,4.0,47.0,15.0,-10.0,5.0,7.0,2.0,-5.0,-4.0,2.0,-1.0,-4.0,5.0,-15.0,-44.0,-63.0,-78.0,-78.0,-3.0,26.0,39.0,49.0,-35.0,-58.0,-33.0,-31.0,-39.0,-20.0,-11.0,-17.0,3.0,24.0,42.0,48.0,76.0,124.0,76.0,-67.0,-124.0,-88.0,-64.0,-40.0,-9.0,13.0,-1.0,-31.0,-15.0,44.0,81.0,62.0,36.0,42.0,31.0,-52.0,-117.0,-72.0,-36.0,-45.0,-28.0,-25.0,-12.0,9.0,37.0,129.0,111.0,-45.0,-81.0,-39.0,-34.0,-30.0,-20.0,-7.0,-5.0,-5.0,3.0,11.0,5.0,0.0,4.0,1.0,-3.0,-1.0,3.0,6.0,5.0,9.0,8.0,1.0,0.0
0.0,-61.0,-48.0,-34.0,-20.0,10.0,34.0,42.0,50.0,56.0,68.0,57.0,-54.0,-125.0,-102.0,-96.0,-61.0,-5.0,53.0,83.0,59.0,30.0,9.0,-1.0,12.0,26.0,20.0,0.0,-24.0,-33.0,-17.0,9.0,21.0,17.0,20.0,29.0,25.0,23.0,38.0,57.0,67.0,14.0,-75.0,-94.0,-66.0,-61.0,-73.0,-23.0,54.0,69.0,68.0,66.0,56.0,41.0,-2.0,-44.0,-70.0,-60.0,-35.0,-30.0,-10.0,17.0,28.0,16.0,4.0,12.0,28.0,10.0,0.0,19.0,19.0,22.0,36.0,49.0,44.0,16.0,-9.0,-20.0,-29.0,-42.0,-53.0,-30.0,19.0,40.0,39.0,38.0,37.0,30.0,16.0,1.0,-4.0,2.0,13.0,7.0,8.0,-3.0,-5.0,5.0,9.0,-11.0,-32.0,13.0,18.0,4.0,3.0,-24.0,-1.0,2.0,9.0,32.0,2.0,24.0,41.0,-3.0,-1.0,18.0,8.0,-7.0,-10.0,7.0,5.0,-4.0,-11.0,-35.0,-70.0,-82.0,-78.0,-31.0,15.0,67.0,40.0,12.0,17.0,-63.0,-67.0,-29.0,-33.0,-36.0,-16.0,-14.0,-10.0,8.0,20.0,38.0,52.0,78.0,120.0,71.0,-61.0,-120.0,-97.0,-57.0,-33.0,-16.0,9.0,-5.0,-30.0,-11.0,45.0,75.0,53.0,43.0,50.0,33.0,-49.0,-117.0,-76.0,-35.0,-41.0,-28.0,-27.0,-14.0,11.0,23.0,92.0,140.0,-1.0,-92.0,-44.0,-35.0,-31.0,-21.0,-9.0,-6.0,-3.0,-2.0,8.0,11.0,1.0,0.0,0.0,0.0,0.0,4.0,5.0,4.0,6.0,3.0,-2.0,0.0
0.0,-59.0,-47.0,-31.0,-19.0,8.0,37.0,45.0,51.0,59.0,72.0,49.0,-69.0,-128.0,-100.0,-92.0,-56.0,-2.0,57.0,83.0,63.0,30.0,0.0,-4.0,10.0,26.0,25.0,11.0,-21.0,-45.0,-26.0,3.0,23.0,22.0,16.0,27.0,30.0,25.0,35.0,56.0,63.0,20.0,-54.0,-91.0,-73.0,-60.0,-77.0,-36.0,49.0,73.0,62.0,57.0,63.0,53.0,8.0,-39.0,-68.0,-53.0,-34.0,-37.0,-16.0,10.0,26.0,26.0,5.0,1.0,19.0,12.0,-1.0,3.0,10.0,16.0,23.0,46.0,50.0,25.0,18.0,15.0,4.0,-12.0,-59.0,-70.0,-32.0,-13.0,-1.0,29.0,44.0,43.0,32.0,26.0,20.0,18.0,17.0,11.0,9.0,-2.0,-1.0,7.0,11.0,-1.0,-27.0,11.0,13.0,-6.0,12.0,-18.0,4.0,-1.0,2.0,23.0,-8.0,34.0,33.0,-15.0,17.0,22.0,-7.0,-11.0,-8.0,3.0,-17.0,-41.0,-36.0,-48.0,-68.0,-48.0,-29.0,19.0,56.0,60.0,30.0,-5.0,-25.0,-82.0,-60.0,-16.0,-31.0,-32.0,-15.0,-17.0,-4.0,14.0,20.0,33.0,49.0,76.0,118.0,67.0,-55.0,-118.0,-106.0,-53.0,-28.0,-17.0,4.0,-12.0,-24.0,-5.0,38.0,61.0,49.0,58.0,63.0,31.0,-54.0,-111.0,-76.0,-37.0,-36.0,-30.0,-29.0,-13.0,11.0,14.0,57.0,149.0,51.0,-87.0,-55.0,-38.0,-33.0,-22.0,-12.0,-9.0,-1.0,-2.0,1.0,12.0,5.0,-1.0,2.0,2.0,-1.0,2.0,1.0,6.0,5.0,-2.0,-3.0,0.0
0.0,-57.0,-47.0,-29.0,-14.0,6.0,34.0,48.0,53.0,62.0,74.0,41.0,-79.0,-125.0,-97.0,-91.0,-54.0,6.0,64.0,80.0,62.0,26.0,-5.0,-7.0,9.0,25.0,26.0,18.0,-18.0,-47.0,-29.0,-4.0,20.0,25.0,15.0,23.0,30.0,27.0,32.0,56.0,67.0,30.0,-43.0,-92.0,-73.0,-56.0,-80.0,-44.0,41.0,69.0,63.0,55.0,64.0,58.0,10.0,-39.0,-55.0,-46.0,-48.0,-39.0,-9.0,8.0,17.0,22.0,9.0,-4.0,3.0,12.0,4.0,-5.0,3.0,11.0,12.0,34.0,42.0,30.0,38.0,35.0,17.0,5.0,-20.0,-39.0,-42.0,-36.0,-30.0,-19.0,1.0,9.0,15.0,33.0,29.0,29.0,26.0,25.0,18.0,14.0,17.0,20.0,15.0,8.0,-10.0,2.0,8.0,-11.0,18.0,-6.0,6.0,1.0,-4.0,22.0,-16.0,22.0,21.0,-16.0,26.0,9.0,-29.0,-22.0,-27.0,-22.0,-32.0,-45.0,-16.0,15.0,-9.0,-33.0,-26.0,14.0,54.0,53.0,33.0,-20.0,-58.0,-85.0,-49.0,-9.0,-26.0,-27.0,-15.0,-21.0,-6.0,20.0,28.0,31.0,39.0,73.0,116.0,67.0,-52.0,-119.0,-102.0,-51.0,-32.0,-18.0,-2.0,-14.0,-21.0,-1.0,31.0,47.0,54.0,74.0,69.0,21.0,-58.0,-103.0,-71.0,-35.0,-31.0,-34.0,-33.0,-12.0,7.0,9.0,40.0,135.0,92.0,-60.0,-67.0,-41.0,-42.0,-25.0,-9.0,-11.0,-3.0,1.0,-5.0,7.0,8.0,2.0,6.0,2.0,-2.0,1.0,-1.0,6.0,6.0,-2.0,-4.0,0.0
0.0,-55.0,-48.0,-29.0,-8.0,7.0,35.0,52.0,54.0,65.0,70.0,30.0,-83.0,-120.0,-95.0,-92.0,-53.0,17.0,69.0,78.0,61.0,18.0,-8.0,-7.0,5.0,21.0,26.0,20.0,-11.0,-39.0,-32.0,-13.0,14.0,27.0,20.0,18.0,25.0,29.0,28.0,55.0,78.0,42.0,-43.0,-97.0,-69.0,-47.0,-82.0,-53.0,37.0,61.0,60.0,56.0,54.0,62.0,23.0,-36.0,-41.0,-40.0,-60.0,-44.0,-12.0,8.0,17.0,18.0,12.0,-6.0,-11.0,10.0,12.0,1.0,-5.0,1.0,11.0,24.0,29.0,29.0,42.0,40.0,31.0,22.0,6.0,-21.0,-38.0,-22.0,-24.0,-39.0,-15.0,-10.0,-10.0,-1.0,-4.0,7.0,19.0,17.0,11.0,13.0,27.0,33.0,17.0,24.0,16.0,2.0,7.0,-4.0,22.0,5.0,-5.0,6.0,0.0,21.0,-23.0,-3.0,1.0,-25.0,19.0,-5.0,-34.0,-21.0,-25.0,-8.0,13.0,35.0,41.0,21.0,-42.0,-75.0,-37.0,24.0,70.0,53.0,18.0,-36.0,-69.0,-71.0,-36.0,-14.0,-25.0,-23.0,-21.0,-25.0,0.0,24.0,31.0,30.0,36.0,69.0,108.0,73.0,-51.0,-122.0,-93.0,-47.0,-35.0,-22.0,-4.0,-12.0,-23.0,0.0,31.0,37.0,59.0,85.0,64.0,12.0,-57.0,-98.0,-66.0,-31.0,-26.0,-37.0,-38.0,-14.0,1.0,5.0,31.0,114.0,122.0,-25.0,-78.0,-46.0,-46.0,-21.0,-8.0,-14.0,-8.0,-1.0,-4.0,3.0,5.0,4.0,8.0,4.0,1.0,2.0,1.0,3.0,5.0,4.0,-2.0,0.0
0.0,-47.0,-46.0,-30.0,-7.0,9.0,41.0,56.0,54.0,62.0,62.0,21.0,-84.0,-115.0,-91.0,-92.0,-52.0,22.0,71.0,80.0,62.0,12.0,-11.0,-4.0,1.0,14.0,23.0,18.0,-2.0,-26.0,-32.0,-23.0,5.0,27.0,25.0,16.0,20.0,28.0,29.0,55.0,83.0,50.0,-42.0,-99.0,-68.0,-37.0,-78.0,-60.0,33.0,58.0,52.0,54.0,46.0,60.0,39.0,-28.0,-36.0,-35.0,-52.0,-47.0,-28.0,-3.0,17.0,24.0,13.0,0.0,-9.0,2.0,12.0,7.0,-11.0,-8.0,14.0,22.0,15.0,19.0,38.0,39.0,42.0,40.0,22.0,-14.0,-37.0,-16.0,-18.0,-33.0,-8.0,-4.0,-11.0,-8.0,-7.0,0.0,8.0,-10.0,-24.0,-13.0,10.0,10.0,-4.0,13.0,30.0,11.0,1.0,3.0,18.0,8.0,-9.0,10.0,3.0,12.0,-18.0,-8.0,0.0,-19.0,18.0,10.0,-1.0,13.0,26.0,38.0,44.0,56.0,27.0,-47.0,-113.0,-81.0,-6.0,45.0,74.0,51.0,-5.0,-56.0,-71.0,-54.0,-19.0,-17.0,-27.0,-23.0,-25.0,-20.0,12.0,26.0,23.0,27.0,39.0,62.0,97.0,79.0,-44.0,-123.0,-92.0,-44.0,-29.0,-23.0,-8.0,-15.0,-21.0,-1.0,25.0,35.0,58.0,86.0,67.0,15.0,-56.0,-96.0,-63.0,-28.0,-25.0,-41.0,-39.0,-14.0,-5.0,2.0,22.0,93.0,144.0,13.0,-85.0,-57.0,-42.0,-18.0,-12.0,-15.0,-10.0,-5.0,-1.0,1.0,4.0,4.0,4.0,7.0,6.0,2.0,0.0,1.0,5.0,7.0,-3.0,0.0
0.0,-41.0,-43.0,-29.0,-8.0,14.0,46.0,59.0,54.0,54.0,55.0,14.0,-82.0,-111.0,-87.0,-89.0,-54.0,21.0,75.0,83.0,58.0,8.0,-11.0,-1.0,0.0,10.0,18.0,12.0,1.0,-10.0,-23.0,-31.0,-4.0,24.0,26.0,17.0,17.0,22.0,33.0,59.0,79.0,53.0,-33.0,-94.0,-67.0,-30.0,-75.0,-67.0,26.0,55.0,46.0,51.0,41.0,54.0,47.0,-23.0,-39.0,-26.0,-31.0,-38.0,-34.0,-20.0,7.0,28.0,12.0,9.0,2.0,-9.0,4.0,7.0,-12.0,-10.0,8.0,20.0,9.0,8.0,30.0,36.0,44.0,44.0,35.0,7.0,-21.0,-13.0,-18.0,-35.0,-22.0,-7.0,0.0,16.0,17.0,10.0,11.0,-2.0,-13.0,-6.0,-8.0,-18.0,-28.0,-18.0,15.0,1.0,-11.0,0.0,5.0,1.0,1.0,19.0,11.0,6.0,-2.0,15.0,21.0,10.0,29.0,31.0,25.0,20.0,33.0,37.0,26.0,6.0,-34.0,-97.0,-120.0,-41.0,19.0,49.0,72.0,45.0,-23.0,-76.0,-71.0,-35.0,-8.0,-19.0,-30.0,-21.0,-18.0,-10.0,16.0,24.0,15.0,24.0,34.0,59.0,96.0,79.0,-32.0,-121.0,-96.0,-44.0,-23.0,-22.0,-14.0,-17.0,-17.0,-2.0,14.0,33.0,54.0,87.0,83.0,19.0,-58.0,-96.0,-61.0,-22.0,-27.0,-45.0,-38.0,-13.0,-9.0,1.0,17.0,69.0,144.0,59.0,-76.0,-75.0,-41.0,-25.0,-14.0,-11.0,-9.0,-7.0,1.0,3.0,6.0,3.0,-1.0,5.0,7.0,4.0,-2.0,-1.0,5.0,3.0,-7.0,0.0
0.0,-40.0,-39.0,-27.0,-7.0,21.0,50.0,60.0,54.0,49.0,48.0,4.0,-77.0,-107.0,-90.0,-83.0,-53.0,20.0,80.0,83.0,46.0,3.0,-7.0,0.0,-1.0,13.0,19.0,6.0,-3.0,0.0,-10.0,-30.0,-11.0,19.0,26.0,16.0,15.0,18.0,31.0,61.0,77.0,57.0,-20.0,-85.0,-66.0,-33.0,-77.0,-74.0,18.0,50.0,43.0,45.0,34.0,52.0,56.0,-11.0,-43.0,-24.0,-17.0,-23.0,-29.0,-29.0,-5.0,23.0,15.0,10.0,5.0,-9.0,3.0,1.0,-17.0,-10.0,1.0,15.0,13.0,8.0,17.0,27.0,38.0,41.0,45.0,26.0,-2.0,-6.0,-15.0,-36.0,-35.0,-12.0,8.0,26.0,17.0,5.0,15.0,21.0,22.0,17.0,-10.0,-17.0,-17.0,-18.0,0.0,-14.0,-10.0,5.0,-3.0,0.0,13.0,22.0,16.0,5.0,8.0,21.0,17.0,21.0,26.0,22.0,23.0,12.0,8.0,11.0,4.0,-36.0,-76.0,-104.0,-88.0,-11.0,24.0,51.0,72.0,30.0,-36.0,-76.0,-60.0,-23.0,-11.0,-28.0,-31.0,-12.0,-9.0,-3.0,18.0,19.0,9.0,15.0,21.0,58.0,102.0,86.0,-18.0,-120.0,-96.0,-41.0,-27.0,-25.0,-18.0,-15.0,-15.0,-4.0,11.0,28.0,51.0,94.0,96.0,17.0,-66.0,-96.0,-57.0,-19.0,-28.0,-43.0,-37.0,-16.0,-9.0,3.0,13.0,50.0,124.0,99.0,-47.0,-93.0,-45.0,-32.0,-14.0,-6.0,-8.0,-8.0,1.0,8.0,4.0,-1.0,-2.0,0.0,7.0,6.0,-1.0,-2.0,0.0,3.0,-3.0,0.0
0.0,-38.0,-34.0,-25.0,-5.0,25.0,52.0,61.0,55.0,45.0,42.0,-4.0,-74.0,-101.0,-97.0,-80.0,-44.0,23.0,84.0,79.0,29.0,-2.0,-1.0,0.0,-3.0,18.0,25.0,5.0,-8.0,-1.0,-1.0,-19.0,-14.0,12.0,22.0,11.0,13.0,17.0,27.0,59.0,79.0,63.0,-8.0,-76.0,-69.0,-43.0,-74.0,-75.0,11.0,51.0,40.0,32.0,26.0,51.0,66.0,15.0,-40.0,-37.0,-18.0,-12.0,-21.0,-27.0,-11.0,11.0,14.0,6.0,5.0,1.0,7.0,1.0,-15.0,-12.0,-1.0,10.0,15.0,12.0,5.0,10.0,25.0,43.0,52.0,28.0,5.0,6.0,-4.0,-31.0,-36.0,-14.0,8.0,21.0,10.0,-3.0,4.0,15.0,27.0,28.0,-1.0,1.0,5.0,-10.0,-4.0,-9.0,1.0,13.0,-2.0,3.0,9.0,9.0,12.0,5.0,12.0,17.0,10.0,21.0,14.0,4.0,21.0,18.0,4.0,-1.0,-24.0,-72.0,-94.0,-87.0,-53.0,1.0,25.0,61.0,74.0,12.0,-52.0,-63.0,-39.0,-24.0,-19.0,-30.0,-27.0,-6.0,-3.0,4.0,15.0,11.0,8.0,7.0,10.0,53.0,103.0,97.0,-6.0,-119.0,-91.0,-36.0,-36.0,-31.0,-22.0,-14.0,-12.0,-6.0,10.0,22.0,52.0,101.0,100.0,19.0,-76.0,-99.0,-51.0,-19.0,-27.0,-38.0,-35.0,-19.0,-8.0,3.0,7.0,39.0,98.0,121.0,-3.0,-97.0,-54.0,-35.0,-14.0,-6.0,-8.0,-6.0,-2.0,9.0,2.0,-6.0,-2.0,-1.0,10.0,7.0,0.0,-3.0,-8.0,5.0,3.0,0.0
0.0,-33.0,-32.0,-26.0,-6.0,25.0,53.0,63.0,58.0,46.0,38.0,-14.0,-75.0,-94.0,-101.0,-81.0,-32.0,32.0,88.0,73.0,13.0,-6.0,3.0,3.0,-2.0,18.0,26.0,7.0,-11.0,-8.0,3.0,-8.0,-13.0,6.0,17.0,8.0,9.0,12.0,27.0,59.0,80.0,67.0,3.0,-69.0,-75.0,-48.0,-65.0,-72.0,3.0,54.0,39.0,21.0,18.0,46.0,70.0,39.0,-26.0,-50.0,-29.0,-9.0,-12.0,-19.0,-14.0,-1.0,8.0,5.0,4.0,4.0,8.0,15.0,5.0,-12.0,-8.0,3.0,13.0,11.0,-1.0,-5.0,6.0,32.0,55.0,37.0,13.0,17.0,8.0,-21.0,-34.0,-21.0,1.0,14.0,10.0,-5.0,-13.0,4.0,22.0,22.0,3.0,16.0,15.0,-6.0,1.0,2.0,8.0,12.0,2.0,2.0,-5.0,1.0,10.0,7.0,15.0,21.0,21.0,24.0,11.0,-3.0,18.0,15.0,-3.0,-14.0,-52.0,-92.0,-94.0,-69.0,-28.0,12.0,36.0,70.0,70.0,2.0,-66.0,-62.0,-27.0,-25.0,-23.0,-21.0,-20.0,-7.0,1.0,7.0,7.0,5.0,12.0,8.0,5.0,46.0,100.0,101.0,-1.0,-116.0,-88.0,-34.0,-38.0,-36.0,-26.0,-14.0,-8.0,-4.0,6.0,13.0,54.0,105.0,100.0,26.0,-80.0,-104.0,-49.0,-17.0,-24.0,-34.0,-35.0,-23.0,-7.0,5.0,2.0,25.0,73.0,126.0,44.0,-80.0,-66.0,-37.0,-17.0,-12.0,-5.0,-2.0,-7.0,6.0,0.0,-7.0,1.0,0.0,10.0,8.0,0.0,-3.0,-12.0,2.0,2.0,0.0
0.0,-29.0,-32.0,-30.0,-9.0,23.0,53.0,63.0,63.0,56.0,31.0,-33.0,-76.0,-83.0,-99.0,-81.0,-22.0,43.0,90.0,66.0,3.0,-11.0,2.0,10.0,2.0,12.0,22.0,8.0,-11.0,-13.0,2.0,-3.0,-8.0,6.0,16.0,6.0,3.0,8.0,28.0,59.0,77.0,69.0,14.0,-65.0,-79.0,-45.0,-56.0,-68.0,-4.0,51.0,37.0,16.0,11.0,39.0,70.0,52.0,-8.0,-52.0,-39.0,-13.0,-8.0,-13.0,-18.0,-7.0,9.0,9.0,0.0,-2.0,5.0,21.0,25.0,1.0,-14.0,-7.0,9.0,11.0,0.0,-10.0,-9.0,13.0,47.0,45.0,25.0,23.0,18.0,-7.0,-33.0,-31.0,-6.0,12.0,9.0,0.0,-10.0,7.0,12.0,-3.0,-1.0,16.0,11.0,8.0,20.0,10.0,7.0,5.0,1.0,9.0,1.0,2.0,6.0,9.0,17.0,18.0,26.0,22.0,8.0,-2.0,11.0,1.0,-19.0,-32.0,-70.0,-89.0,-77.0,-44.0,-6.0,21.0,48.0,66.0,52.0,0.0,-65.0,-66.0,-27.0,-25.0,-23.0,-19.0,-18.0,-3.0,-1.0,2.0,5.0,7.0,14.0,8.0,4.0,39.0,97.0,103.0,2.0,-110.0,-89.0,-36.0,-35.0,-38.0,-31.0,-18.0,-5.0,-1.0,4.0,8.0,49.0,107.0,107.0,33.0,-80.0,-101.0,-49.0,-25.0,-24.0,-25.0,-32.0,-30.0,-9.0,7.0,0.0,13.0,54.0,112.0,89.0,-48.0,-87.0,-38.0,-18.0,-17.0,-3.0,1.0,-9.0,0.0,-3.0,-3.0,2.0,0.0,4.0,5.0,3.0,0.0,-8.0,1.0,-2.0,0.0
0.0,-26.0,-31.0,-32.0,-8.0,22.0,48.0,60.0,66.0,63.0,23.0,-47.0,-74.0,-74.0,-91.0,-77.0,-18.0,52.0,90.0,55.0,-3.0,-14.0,-3.0,16.0,9.0,5.0,16.0,8.0,-8.0,-13.0,-1.0,-2.0,-1.0,9.0,14.0,4.0,0.0,8.0,28.0,54.0,66.0,70.0,28.0,-59.0,-76.0,-39.0,-49.0,-68.0,-7.0,47.0,29.0,13.0,4.0,33.0,70.0,58.0,5.0,-46.0,-43.0,-17.0,-11.0,-14.0,-13.0,-4.0,10.0,12.0,-1.0,-8.0,0.0,16.0,30.0,16.0,-8.0,-12.0,-3.0,0.0,4.0,1.0,-9.0,7.0,33.0,36.0,29.0,25.0,23.0,5.0,-22.0,-28.0,-10.0,8.0,-3.0,-2.0,12.0,14.0,1.0,-14.0,-2.0,8.0,-2.0,11.0,28.0,15.0,5.0,3.0,-1.0,11.0,17.0,8.0,4.0,13.0,15.0,10.0,24.0,15.0,2.0,3.0,1.0,-17.0,-33.0,-52.0,-78.0,-67.0,-45.0,-16.0,5.0,23.0,52.0,57.0,36.0,-8.0,-57.0,-55.0,-25.0,-32.0,-24.0,-22.0,-23.0,3.0,-2.0,-3.0,6.0,15.0,10.0,0.0,5.0,39.0,94.0,101.0,5.0,-105.0,-91.0,-37.0,-33.0,-36.0,-32.0,-26.0,-5.0,3.0,2.0,9.0,42.0,108.0,121.0,36.0,-81.0,-90.0,-46.0,-41.0,-30.0,-18.0,-23.0,-31.0,-16.0,1.0,0.0,10.0,37.0,92.0,129.0,-13.0,-110.0,-43.0,-14.0,-15.0,-6.0,-2.0,-6.0,-6.0,-4.0,2.0,-2.0,-1.0,2.0,3.0,3.0,1.0,-2.0,0.0,-4.0,0.0
0.0,-23.0,-28.0,-30.0,-7.0,20.0,43.0,57.0,67.0,68.0,17.0,-53.0,-70.0,-72.0,-85.0,-71.0,-18.0,60.0,92.0,41.0,-9.0,-13.0,-7.0,19.0,20.0,3.0,8.0,6.0,-5.0,-10.0,-1.0,-1.0,3.0,8.0,11.0,5.0,-2.0,7.0,28.0,46.0,53.0,70.0,42.0,-47.0,-69.0,-36.0,-44.0,-73.0,-13.0,46.0,25.0,15.0,-1.0,24.0,66.0,62.0,17.0,-40.0,-46.0,-19.0,-13.0,-15.0,-4.0,1.0,4.0,10.0,1.0,-6.0,1.0,13.0,20.0,16.0,2.0,-12.0,-16.0,-17.0,4.0,17.0,4.0,10.0,20.0,17.0,23.0,33.0,25.0,14.0,-2.0,-15.0,-9.0,-2.0,-14.0,-12.0,22.0,20.0,-8.0,-17.0,-1.0,7.0,-4.0,0.0,15.0,19.0,11.0,8.0,5.0,6.0,17.0,13.0,11.0,19.0,10.0,6.0,13.0,4.0,7.0,8.0,-18.0,-33.0,-35.0,-61.0,-67.0,-45.0,-28.0,0.0,6.0,25.0,52.0,50.0,24.0,-27.0,-52.0,-32.0,-19.0,-41.0,-27.0,-20.0,-23.0,2.0,1.0,-1.0,9.0,16.0,3.0,-6.0,6.0,40.0,84.0,100.0,13.0,-102.0,-94.0,-37.0,-28.0,-32.0,-28.0,-27.0,-7.0,5.0,-4.0,6.0,38.0,108.0,131.0,37.0,-80.0,-84.0,-44.0,-45.0,-31.0,-19.0,-20.0,-26.0,-21.0,-8.0,0.0,9.0,20.0,73.0,147.0,32.0,-110.0,-61.0,-12.0,-10.0,-9.0,-9.0,-5.0,-6.0,-3.0,2.0,-3.0,-3.0,4.0,3.0,-4.0,-2.0,0.0,-1.0,-3.0,0.0
0.0,-22.0,-26.0,-28.0,-8.0,18.0,42.0,56.0,68.0,72.0,14.0,-56.0,-68.0,-72.0,-84.0,-68.0,-18.0,64.0,94.0,34.0,-12.0,-12.0,-8.0,20.0,26.0,4.0,4.0,4.0,-4.0,-8.0,0.0,0.0,4.0,6.0,10.0,6.0,-4.0,6.0,28.0,42.0,48.0,70.0,48.0,-40.0,-66.0,-36.0,-42.0,-76.0,-18.0,46.0,26.0,18.0,-2.0,18.0,62.0,64.0,24.0,-38.0,-48.0,-20.0,-12.0,-14.0,-2.0,2.0,0.0,8.0,2.0,-2.0,4.0,12.0,12.0,12.0,6.0,-12.0,-20.0,-22.0,2.0,22.0,12.0,12.0,14.0,6.0,18.0,40.0,26.0,18.0,8.0,-8.0,-6.0,-8.0,-16.0,-16.0,20.0,22.0,-14.0,-22.0,0.0,10.0,0.0,-6.0,6.0,22.0,16.0,10.0,10.0,6.0,12.0,12.0,16.0,22.0,8.0,6.0,4.0,-2.0,14.0,10.0,-30.0,-40.0,-32.0,-60.0,-56.0,-38.0,-28.0,4.0,6.0,28.0,52.0,46.0,16.0,-38.0,-50.0,-20.0,-16.0,-44.0,-28.0,-18.0,-20.0,0.0,2.0,2.0,12.0,12.0,0.0,-6.0,6.0,38.0,76.0,102.0,20.0,-100.0,-96.0,-38.0,-24.0,-30.0,-26.0,-24.0,-8.0,4.0,-8.0,2.0,36.0,108.0,134.0,38.0,-78.0,-84.0,-44.0,-42.0,-28.0,-20.0,-22.0,-24.0,-22.0,-12.0,0.0,8.0,12.0,62.0,148.0,60.0,-102.0,-74.0,-12.0,-8.0,-10.0,-12.0,-6.0,-4.0,-2.0,0.0,-2.0,-4.0,4.0,2.0,-8.0,-4.0,0.0,0.0,-2.0,0.0
