0.0,2.0,2.0,0.0,2.0,2.0,4.0,4.0,2.0,0.0,2.0,0.0,0.0,2.0,0.0,2.0,4.0,0.0,0.0,4.0,2.0,0.0,0.0,4.0,4.0,0.0,0.0,2.0,4.0,0.0,4.0,2.0,0.0,4.0,4.0,2.0,2.0,0.0,0.0,2.0,2.0,0.0,0.0,4.0,4.0,0.0,2.0,0.0,2.0,2.0,2.0,0.0,2.0,0.0,4.0,0.0,2.0,2.0,2.0,0.0,0.0,2.0,0.0,2.0,2.0,4.0,2.0,0.0,0.0,0.0,0.0,4.0,4.0,2.0,0.0,2.0,8.0,2.0,0.0,2.0,0.0,2.0,0.0,0.0,2.0,2.0,4.0,0.0,0.0,4.0,2.0,0.0,0.0,0.0,0.0,0.0,2.0,4.0,0.0,2.0,2.0,2.0,4.0,2.0,0.0,2.0,2.0,0.0,2.0,2.0,2.0,0.0,2.0,2.0,2.0,6.0,6.0,2.0,4.0,0.0,8.0,2.0,2.0,2.0,2.0,0.0,0.0,4.0,4.0,4.0,4.0,0.0,0.0,2.0,0.0,2.0,0.0,4.0,4.0,4.0,6.0,2.0,2.0,2.0,0.0,0.0,2.0,4.0,2.0,2.0,2.0,2.0,0.0,4.0,2.0,2.0,4.0,0.0,4.0,0.0,2.0,2.0,2.0,0.0,0.0,2.0,0.0,0.0,4.0,0.0,2.0,2.0,2.0,0.0,2.0,0.0,2.0,2.0,2.0,0.0,0.0,0.0,2.0,0.0,0.0,2.0,2.0,2.0,2.0,2.0,4.0,2.0,0.0,2.0,0.0,6.0,0.0,2.0,2.0,0.0
0.0,2.0,2.0,1.4142,2.8284,3.1623,5.099,3.1623,2.0,3.1623,2.8284,1.4142,1.4142,2.8284,2.0,2.8284,5.831,4.0,4.0,4.2426,1.4142,1.4142,3.1623,2.8284,3.1623,1.4142,0.0,3.1623,4.4721,1.4142,4.0,2.0,1.4142,5.831,4.2426,2.8284,4.2426,3.1623,1.4142,2.0,3.1623,2.0,1.4142,4.0,4.0,0.0,1.4142,2.0,2.8284,2.8284,1.4142,1.4142,3.1623,2.8284,3.1623,2.0,2.8284,1.4142,1.4142,2.0,2.0,4.2426,3.1623,4.0,2.8284,3.1623,2.0,0.0,0.0,0.0,1.4142,4.4721,4.4721,2.8284,2.0,4.2426,7.6158,2.8284,2.0,2.8284,2.0,1.4142,1.4142,3.1623,5.831,5.099,4.2426,3.1623,4.0,5.6569,3.1623,2.0,3.1623,4.0,4.0,4.0,4.4721,4.2426,3.1623,5.099,5.831,4.4721,4.2426,3.1623,0.0,1.4142,2.8284,1.4142,1.4142,2.8284,1.4142,1.4142,2.8284,2.8284,3.1623,7.2111,7.6158,2.8284,5.831,4.0,8.9443,4.2426,1.4142,2.0,1.4142,2.0,1.4142,3.1623,4.4721,4.4721,4.4721,1.4142,0.0,2.0,0.0,2.0,1.4142,4.4721,3.1623,4.0,7.0711,2.8284,0.0,2.8284,1.4142,1.4142,2.8284,2.0,2.8284,0.0,3.1623,2.0,0.0,3.1623,3.1623,2.0,4.0,0.0,4.0,0.0,1.4142,2.8284,1.4142,1.4142,3.1623,2.0,0.0,0.0,3.1623,1.4142,1.4142,2.8284,3.1623,1.4142,4.2426,4.0,4.4721,4.4721,4.4721,4.0,4.0,4.0,4.2426,2.0,3.1623,3.1623,1.4142,1.4142,2.8284,1.4142,4.0,1.4142,2.0,3.1623,0.0,5.099,2.0,1.4142,2.0,0.0
4.0,3.1623,1.4142,2.0,1.4142,4.4721,5.099,2.0,2.0,1.4142,2.8284,3.1623,2.0,2.0,2.8284,5.831,7.0711,4.0,4.0,5.831,6.0,4.0,2.8284,2.0,2.8284,2.8284,1.4142,3.1623,4.4721,1.4142,3.1623,3.1623,4.4721,5.831,2.8284,2.8284,3.1623,1.4142,3.1623,3.1623,4.4721,2.0,3.1623,4.0,4.0,0.0,1.4142,2.0,1.4142,2.0,1.4142,3.1623,3.1623,3.1623,2.0,3.1623,2.8284,1.4142,0.0,0.0,0.0,4.0,2.0,6.0,3.1623,2.8284,1.4142,1.4142,3.1623,4.0,4.4721,4.2426,4.4721,5.6569,8.2462,9.4868,5.831,1.4142,1.4142,4.2426,3.1623,2.0,4.2426,3.1623,3.1623,1.4142,2.8284,2.8284,3.1623,5.6569,4.0,5.099,7.6158,8.0,8.0,7.0711,5.099,3.1623,2.8284,3.1623,5.831,5.099,3.1623,4.4721,6.0,5.099,4.4721,1.4142,4.4721,5.099,4.0,3.1623,3.1623,2.0,0.0,6.0,7.0711,3.1623,5.831,1.4142,7.0711,4.2426,4.0,4.2426,1.4142,0.0,2.0,1.4142,4.2426,5.6569,5.6569,4.4721,4.0,4.2426,2.0,2.8284,1.4142,4.0,2.0,4.0,8.0,2.0,2.0,2.0,3.1623,4.2426,3.1623,1.4142,2.0,3.1623,4.2426,4.4721,4.0,3.1623,3.1623,1.4142,4.2426,4.0,4.2426,1.4142,0.0,1.4142,3.1623,4.4721,4.4721,4.2426,2.0,3.1623,3.1623,2.8284,2.0,2.8284,4.4721,5.099,4.2426,3.1623,4.4721,3.1623,1.4142,1.4142,2.0,2.0,4.2426,3.1623,2.8284,2.0,2.0,2.0,2.8284,2.0,3.1623,0.0,1.4142,4.2426,2.8284,4.0,1.4142,2.0,0.0,2.0
0.0,0.0,1.4142,2.8284,1.4142,3.1623,4.2426,4.4721,2.0,3.1623,0.0,4.2426,4.4721,4.2426,5.099,4.0,4.0,0.0,0.0,3.1623,2.0,1.4142,3.1623,3.1623,4.4721,4.4721,4.2426,1.4142,4.0,1.4142,3.1623,4.0,3.1623,2.0,3.1623,3.1623,0.0,2.0,1.4142,0.0,3.1623,2.0,3.1623,4.0,3.1623,2.0,2.8284,2.0,2.0,3.1623,2.0,0.0,2.0,3.1623,2.8284,3.1623,3.1623,2.8284,1.4142,1.4142,2.0,4.2426,2.0,4.4721,5.831,3.1623,0.0,3.1623,4.2426,4.0,4.4721,4.4721,4.2426,6.3246,7.2111,5.099,2.8284,1.4142,4.2426,4.2426,2.8284,3.1623,4.2426,2.0,1.4142,2.0,3.1623,1.4142,3.1623,4.4721,3.1623,5.831,5.831,4.0,4.0,4.4721,4.0,4.0,4.4721,4.4721,5.099,6.0,5.099,5.099,7.0711,7.6158,8.4853,6.0,5.831,3.1623,2.0,2.0,2.0,3.1623,4.0,7.2111,7.2111,3.1623,2.0,2.8284,5.099,2.0,0.0,3.1623,2.8284,1.4142,1.4142,2.0,2.8284,4.4721,4.4721,3.1623,4.0,5.831,7.0711,2.0,1.4142,4.4721,3.1623,3.1623,8.2462,4.0,3.1623,3.1623,3.1623,4.0,1.4142,1.4142,3.1623,3.1623,1.4142,3.1623,0.0,1.4142,2.8284,2.0,1.4142,1.4142,3.1623,4.4721,4.0,4.0,4.4721,3.1623,1.4142,2.8284,4.0,3.1623,2.0,1.4142,0.0,1.4142,2.0,1.4142,1.4142,2.8284,1.4142,0.0,0.0,2.0,0.0,1.4142,3.1623,4.2426,2.8284,2.0,1.4142,0.0,2.0,4.0,2.0,0.0,3.1623,4.0,7.0711,2.8284,2.0,5.099,2.8284,2.0
2.0,2.0,1.4142,1.4142,1.4142,2.0,4.4721,7.6158,3.1623,1.4142,3.1623,1.4142,3.1623,5.099,5.099,2.8284,5.6569,4.0,5.099,6.3246,5.099,2.8284,5.099,2.8284,2.8284,2.8284,4.2426,4.0,4.2426,1.4142,0.0,0.0,0.0,1.4142,3.1623,3.1623,1.4142,0.0,2.0,0.0,2.0,1.4142,3.1623,4.2426,0.0,2.0,3.1623,1.4142,2.0,3.1623,2.0,1.4142,2.8284,1.4142,1.4142,2.0,2.0,2.8284,1.4142,2.0,1.4142,2.8284,1.4142,3.1623,6.3246,3.1623,1.4142,3.1623,3.1623,1.4142,3.1623,2.8284,1.4142,6.0,7.0711,2.0,3.1623,3.1623,5.831,3.1623,3.1623,4.4721,2.0,1.4142,3.1623,3.1623,4.4721,4.4721,7.2111,5.831,3.1623,3.1623,2.0,1.4142,2.0,2.8284,3.1623,4.0,4.4721,4.4721,4.0,4.0,4.4721,4.4721,4.4721,5.6569,7.0711,4.4721,1.4142,2.0,5.831,2.0,3.1623,3.1623,2.0,5.6569,8.4853,5.831,3.1623,3.1623,3.1623,3.1623,4.0,4.4721,4.4721,4.4721,3.1623,2.0,2.8284,6.0,3.1623,0.0,1.4142,1.4142,5.099,2.8284,0.0,3.1623,3.1623,2.8284,8.2462,6.3246,2.0,2.0,1.4142,3.1623,0.0,2.0,3.1623,1.4142,2.0,3.1623,0.0,3.1623,4.2426,4.0,4.0,4.4721,5.099,5.099,4.0,5.099,4.0,1.4142,0.0,1.4142,2.0,1.4142,0.0,0.0,0.0,0.0,0.0,1.4142,2.0,1.4142,1.4142,3.1623,3.1623,2.8284,3.1623,3.1623,2.0,4.2426,3.1623,2.0,3.1623,4.0,4.4721,3.1623,2.8284,2.0,2.0,2.8284,4.0,1.4142,2.0,4.2426,4.0,2.0
2.0,2.0,2.0,2.0,1.4142,2.0,3.1623,6.0,4.2426,3.1623,2.0,3.1623,5.6569,7.2111,5.6569,2.8284,3.1623,1.4142,2.0,2.0,2.0,4.0,5.099,2.8284,3.1623,2.0,2.0,0.0,2.0,1.4142,2.0,1.4142,1.4142,4.2426,2.0,2.0,3.1623,2.0,0.0,2.0,4.2426,3.1623,2.0,2.8284,2.8284,2.0,4.4721,2.8284,1.4142,1.4142,3.1623,1.4142,1.4142,2.0,0.0,0.0,3.1623,2.8284,2.0,2.8284,2.8284,2.8284,2.0,5.831,5.831,2.8284,4.2426,3.1623,1.4142,3.1623,4.4721,2.8284,2.0,5.099,5.099,1.4142,1.4142,3.1623,7.0711,3.1623,4.0,3.1623,2.8284,2.8284,4.2426,5.099,5.831,7.0711,7.2111,5.099,4.0,4.4721,4.4721,4.4721,4.0,4.2426,2.8284,4.4721,5.099,4.4721,5.099,5.099,4.4721,3.1623,1.4142,2.8284,5.831,7.2111,6.0,5.099,7.2111,8.0,6.0,4.4721,3.1623,2.8284,5.831,5.6569,4.2426,4.4721,3.1623,5.099,7.0711,7.6158,5.831,4.4721,4.2426,2.0,2.8284,9.0554,2.0,0.0,2.0,1.4142,4.4721,1.4142,2.0,2.0,2.0,2.0,8.0,6.0,0.0,4.0,1.4142,2.8284,1.4142,1.4142,2.8284,1.4142,0.0,1.4142,3.1623,5.6569,5.6569,4.0,3.1623,1.4142,2.0,1.4142,2.0,2.8284,2.8284,2.8284,2.0,0.0,1.4142,1.4142,1.4142,0.0,0.0,0.0,0.0,1.4142,2.0,2.0,4.2426,3.1623,3.1623,2.0,4.4721,4.0,3.1623,4.0,5.099,3.1623,3.1623,4.0,3.1623,2.8284,3.1623,3.1623,1.4142,1.4142,2.8284,1.4142,3.1623,4.4721,6.3246,6.0
0.0,4.0,1.4142,5.099,1.4142,2.8284,3.1623,3.1623,3.1623,4.4721,3.1623,3.1623,5.099,4.0,4.4721,1.4142,3.1623,2.8284,3.1623,3.1623,2.8284,4.4721,4.4721,1.4142,3.1623,3.1623,3.1623,2.0,3.1623,3.1623,2.0,2.8284,4.2426,2.8284,2.0,1.4142,5.099,0.0,1.4142,4.4721,2.0,2.0,1.4142,2.0,1.4142,3.1623,5.6569,3.1623,2.8284,2.0,3.1623,1.4142,2.0,1.4142,0.0,1.4142,1.4142,2.0,4.0,4.4721,3.1623,0.0,4.4721,5.099,4.0,3.1623,4.4721,3.1623,4.0,4.2426,4.4721,2.8284,3.1623,2.8284,3.1623,3.1623,0.0,2.0,8.0,3.1623,2.0,3.1623,5.099,4.0,3.1623,4.4721,5.831,7.0711,5.6569,2.8284,1.4142,5.6569,5.099,3.1623,3.1623,5.831,6.3246,10.0,9.0554,7.0711,6.3246,6.3246,7.0711,7.0711,5.099,6.3246,9.0554,10.7703,10.0,8.2462,6.3246,5.099,4.4721,1.4142,3.1623,4.4721,5.6569,5.831,5.099,3.1623,3.1623,3.1623,2.8284,4.2426,5.6569,4.4721,5.6569,3.1623,3.1623,9.0554,3.1623,0.0,1.4142,3.1623,4.0,0.0,1.4142,2.8284,3.1623,3.1623,7.0711,6.0,1.4142,3.1623,3.1623,2.8284,1.4142,3.1623,4.2426,4.4721,3.1623,2.0,2.8284,3.1623,4.0,0.0,2.0,0.0,1.4142,2.8284,1.4142,2.0,1.4142,3.1623,3.1623,3.1623,2.0,0.0,2.0,0.0,1.4142,2.0,1.4142,2.0,1.4142,2.0,3.1623,1.4142,3.1623,3.1623,5.099,0.0,2.0,2.0,2.0,4.4721,1.4142,2.0,1.4142,1.4142,2.0,3.1623,2.0,0.0,2.0,1.4142,4.4721,2.0,1.4142,0.0
0.0,4.0,2.0,6.0,1.4142,3.1623,1.4142,4.0,2.0,1.4142,2.0,3.1623,6.3246,3.1623,3.1623,3.1623,1.4142,1.4142,0.0,0.0,3.1623,4.4721,3.1623,1.4142,2.8284,3.1623,3.1623,2.0,3.1623,3.1623,1.4142,2.0,4.2426,1.4142,1.4142,4.4721,4.4721,1.4142,2.8284,4.2426,1.4142,1.4142,2.8284,1.4142,0.0,2.0,4.0,1.4142,3.1623,4.0,3.1623,1.4142,0.0,0.0,0.0,2.0,0.0,2.0,0.0,2.0,0.0,2.0,5.099,4.4721,4.4721,3.1623,3.1623,3.1623,0.0,2.0,4.0,2.0,2.0,0.0,2.0,4.0,1.4142,2.8284,7.0711,4.0,1.4142,2.8284,1.4142,1.4142,2.8284,6.3246,5.831,4.2426,4.4721,4.4721,1.4142,6.0,0.0,4.2426,14.4222,22.0907,27.1662,34.176,41.1096,48.0416,49.0102,50.0,58.3095,65.0077,64.1249,57.0088,42.45,25.0599,11.4018,8.4853,4.2426,3.1623,5.099,2.0,2.0,3.1623,5.831,8.4853,8.4853,5.831,3.1623,2.0,1.4142,2.0,4.0,1.4142,4.2426,4.4721,5.831,8.2462,4.2426,4.0,3.1623,4.4721,4.2426,3.1623,1.4142,1.4142,4.4721,5.099,4.4721,7.0711,5.6569,3.1623,4.0,2.0,1.4142,4.4721,4.4721,3.1623,4.2426,1.4142,2.0,2.0,4.0,0.0,2.0,0.0,0.0,2.0,3.1623,2.8284,2.0,1.4142,3.1623,3.1623,2.0,0.0,2.0,0.0,3.1623,2.0,3.1623,2.0,2.0,0.0,1.4142,2.8284,1.4142,4.0,3.1623,2.0,1.4142,2.0,4.4721,2.0,4.0,0.0,3.1623,2.0,1.4142,4.0,3.1623,1.4142,1.4142,1.4142,4.0,0.0,0.0,0.0
2.0,3.1623,1.4142,4.0,2.8284,2.0,2.0,4.0,2.0,1.4142,3.1623,2.8284,4.0,5.099,2.0,3.1623,2.8284,2.0,1.4142,0.0,3.1623,4.2426,4.4721,4.2426,3.1623,1.4142,1.4142,2.8284,3.1623,1.4142,3.1623,2.8284,1.4142,1.4142,2.0,4.4721,3.1623,4.2426,3.1623,3.1623,3.1623,3.1623,1.4142,0.0,0.0,2.0,4.0,2.0,0.0,0.0,0.0,1.4142,2.0,2.0,2.0,2.8284,2.0,0.0,2.0,2.8284,3.1623,3.1623,5.099,4.0,4.0,1.4142,2.8284,4.4721,1.4142,3.1623,4.4721,4.2426,3.1623,1.4142,2.0,4.0,3.1623,4.2426,5.831,4.4721,4.2426,3.1623,2.8284,3.1623,5.831,7.0711,5.831,2.8284,3.1623,3.1623,6.0,8.4853,13.4164,28.178,51.1077,93.2309,142.7725,181.6645,214.7044,239.253,247.002,252.0714,261.5531,265.0019,251.7181,223.9866,192.6344,145.6022,85.44,48.3322,27.8568,17.8885,12.083,10.0,7.6158,3.1623,3.1623,7.2111,7.0711,7.6158,7.0711,5.099,4.0,4.2426,4.4721,2.0,2.8284,3.1623,7.2111,8.9443,5.099,6.0,5.6569,4.4721,3.1623,4.2426,3.1623,0.0,4.0,5.099,3.1623,5.6569,7.6158,5.099,3.1623,2.8284,1.4142,4.0,4.0,0.0,3.1623,2.8284,2.8284,2.8284,4.4721,2.0,3.1623,0.0,0.0,3.1623,4.4721,1.4142,1.4142,4.2426,4.2426,1.4142,3.1623,3.1623,4.4721,4.0,4.2426,2.0,4.2426,4.4721,3.1623,2.0,2.0,2.8284,1.4142,2.8284,4.2426,1.4142,0.0,2.0,1.4142,2.8284,2.0,2.0,3.1623,0.0,2.0,3.1623,4.4721,1.4142,1.4142,2.0,3.1623,2.8284,4.0,4.0
6.0,4.0,2.0,2.8284,1.4142,1.4142,2.0,1.4142,0.0,2.0,4.0,2.0,1.4142,5.831,4.4721,4.4721,4.4721,3.1623,3.1623,0.0,1.4142,2.8284,3.1623,4.0,3.1623,2.0,1.4142,4.0,0.0,0.0,4.0,3.1623,2.0,1.4142,0.0,4.0,2.0,3.1623,2.8284,3.1623,0.0,0.0,1.4142,3.1623,4.0,4.4721,4.2426,0.0,2.0,2.0,2.0,4.0,2.0,1.4142,0.0,2.0,1.4142,4.2426,4.0,3.1623,2.8284,2.0,3.1623,4.0,3.1623,1.4142,3.1623,5.831,5.831,4.4721,4.4721,4.4721,2.0,3.1623,4.4721,4.2426,4.4721,7.2111,5.831,4.2426,5.831,5.099,7.0711,7.0711,5.831,5.6569,5.6569,5.831,6.3246,11.6619,28.6356,75.591,141.7392,207.3692,268.2462,314.8651,325.346,317.4051,305.7613,295.3811,295.0424,302.3243,305.7221,306.0,311.4482,314.0701,321.2787,328.7218,309.8935,280.1428,232.2283,162.5423,91.3893,41.2311,19.8494,7.2111,4.0,7.2111,5.831,2.8284,3.1623,4.2426,2.0,4.2426,5.6569,4.0,4.4721,1.4142,4.0,7.6158,4.0,4.0,7.2111,5.831,1.4142,4.0,3.1623,2.0,6.0,4.4721,2.0,4.4721,7.0711,6.0,1.4142,3.1623,3.1623,2.0,4.4721,2.0,3.1623,4.4721,3.1623,1.4142,3.1623,2.0,2.0,2.0,1.4142,4.0,4.0,0.0,3.1623,3.1623,1.4142,2.0,4.4721,2.8284,3.1623,4.0,3.1623,2.0,2.8284,1.4142,1.4142,2.0,2.0,3.1623,4.4721,3.1623,2.0,3.1623,1.4142,2.8284,2.0,1.4142,0.0,0.0,1.4142,1.4142,1.4142,2.8284,4.2426,3.1623,2.8284,3.1623,4.4721,5.6569,4.0,4.0
0.0,2.0,3.1623,3.1623,1.4142,1.4142,0.0,1.4142,3.1623,3.1623,3.1623,2.0,1.4142,4.4721,1.4142,1.4142,2.8284,3.1623,4.0,0.0,1.4142,4.2426,4.2426,3.1623,2.0,0.0,1.4142,4.4721,2.0,2.0,5.099,4.0,0.0,1.4142,3.1623,4.2426,1.4142,1.4142,2.8284,2.8284,3.1623,3.1623,2.8284,2.8284,2.0,2.8284,0.0,2.8284,2.0,2.0,1.4142,5.099,2.0,2.8284,3.1623,4.4721,3.1623,3.1623,1.4142,2.0,1.4142,1.4142,4.2426,5.6569,4.4721,4.4721,5.6569,8.6023,7.2111,5.099,5.6569,4.2426,2.0,4.4721,6.3246,5.099,5.6569,8.9443,4.4721,3.1623,5.099,3.1623,3.1623,4.0,3.1623,4.4721,4.4721,17.0294,42.9418,101.5185,200.125,302.5525,354.4009,362.174,354.5871,318.2515,266.1804,236.1228,212.0424,187.0241,176.1022,169.4993,156.4609,147.0034,158.8081,183.5756,211.0213,255.6325,299.6665,319.2773,323.1099,320.0531,296.287,244.3645,168.6179,87.6584,31.9061,11.3137,8.4853,5.831,4.0,5.831,5.099,4.4721,5.831,5.099,7.6158,3.1623,1.4142,5.831,3.1623,1.4142,4.4721,7.2111,4.4721,3.1623,3.1623,4.0,9.4868,5.099,0.0,4.0,5.099,5.831,3.1623,5.099,4.0,0.0,4.0,4.0,1.4142,2.8284,1.4142,1.4142,1.4142,0.0,2.8284,4.0,4.2426,3.1623,4.0,0.0,3.1623,3.1623,4.0,5.099,5.831,3.1623,3.1623,3.1623,2.0,2.0,3.1623,0.0,2.0,0.0,0.0,0.0,1.4142,3.1623,3.1623,3.1623,2.0,2.0,0.0,0.0,0.0,1.4142,3.1623,4.4721,3.1623,3.1623,1.4142,3.1623,3.1623,2.8284,2.8284,3.1623,1.4142,2.0
2.0,1.4142,2.0,3.1623,3.1623,3.1623,1.4142,1.4142,3.1623,0.0,1.4142,3.1623,3.1623,4.4721,2.0,2.0,1.4142,3.1623,4.4721,1.4142,2.0,4.0,2.0,1.4142,2.8284,1.4142,0.0,4.0,0.0,1.4142,6.3246,2.0,2.0,1.4142,3.1623,2.8284,2.0,2.0,1.4142,3.1623,4.2426,4.4721,3.1623,0.0,2.0,3.1623,3.1623,1.4142,0.0,0.0,3.1623,2.0,2.0,1.4142,2.0,2.0,0.0,2.0,2.0,0.0,1.4142,4.2426,5.6569,5.6569,4.4721,3.1623,5.831,8.9443,4.2426,3.1623,4.2426,2.8284,3.1623,5.6569,4.4721,4.0,5.6569,7.6158,2.8284,2.0,3.1623,4.0,3.1623,4.4721,7.0711,10.2956,38.4187,128.8099,236.3726,330.9924,382.9256,359.4357,294.2448,233.568,186.0108,149.6462,140.0357,145.9932,150.2132,156.0128,159.0283,151.0033,137.0328,125.1,118.1524,116.619,116.4818,113.8859,120.8801,140.7693,174.0402,233.5209,291.5476,322.5678,325.2599,294.1088,223.0202,124.3543,48.8262,15.6205,4.4721,2.8284,2.8284,3.1623,2.0,2.0,6.3246,5.831,5.099,5.6569,5.099,5.831,4.4721,6.0,6.0,2.0,0.0,1.4142,8.9443,8.4853,5.099,5.831,4.4721,4.4721,3.1623,6.0,4.0,1.4142,4.4721,2.0,2.8284,1.4142,2.0,2.0,0.0,0.0,4.0,1.4142,4.4721,1.4142,4.0,0.0,2.0,5.099,6.0,6.3246,4.0,1.4142,3.1623,3.1623,3.1623,1.4142,2.8284,4.0,2.0,1.4142,2.0,1.4142,0.0,0.0,1.4142,1.4142,2.0,2.0,3.1623,1.4142,0.0,3.1623,4.2426,1.4142,4.2426,1.4142,3.1623,3.1623,1.4142,3.1623,2.8284,1.4142,2.0,0.0
2.0,1.4142,2.0,2.0,0.0,2.0,2.0,1.4142,3.1623,1.4142,1.4142,5.099,3.1623,3.1623,2.0,2.0,1.4142,2.0,5.099,2.8284,1.4142,4.0,2.0,0.0,2.0,3.1623,3.1623,1.4142,2.0,4.0,4.0,2.0,1.4142,1.4142,4.4721,2.8284,2.0,1.4142,0.0,4.0,4.0,2.0,0.0,1.4142,2.0,3.1623,3.1623,2.0,2.0,2.0,3.1623,0.0,0.0,0.0,2.0,2.0,1.4142,2.8284,1.4142,0.0,2.0,5.099,5.831,4.2426,2.8284,4.4721,8.4853,7.2111,2.8284,3.1623,2.0,2.0,4.4721,5.6569,4.4721,5.099,7.2111,5.6569,1.4142,0.0,3.1623,4.4721,5.831,11.3137,31.9061,117.3456,253.1245,357.7988,375.2812,339.638,262.8802,163.4136,112.4011,105.0048,111.9732,114.7258,113.7717,109.1788,104.4797,108.1665,112.0179,113.1106,118.1524,127.0984,135.0926,138.5208,144.0694,145.561,143.9514,147.3635,141.7604,131.7346,133.154,163.6826,220.4223,282.1205,319.1269,298.8043,221.8197,117.2007,31.241,1.4142,3.1623,3.1623,2.8284,2.8284,4.4721,7.0711,7.6158,7.0711,5.099,7.6158,10.0,7.6158,5.831,4.4721,3.1623,1.4142,4.4721,7.2111,4.2426,5.831,5.831,4.4721,4.4721,7.0711,4.0,1.4142,4.4721,2.0,1.4142,1.4142,1.4142,2.0,1.4142,2.0,3.1623,2.0,3.1623,2.0,4.4721,3.1623,4.4721,4.4721,3.1623,0.0,2.8284,1.4142,3.1623,1.4142,2.0,3.1623,2.0,3.1623,4.4721,4.4721,3.1623,2.8284,3.1623,3.1623,1.4142,0.0,3.1623,4.2426,4.4721,4.4721,4.0,4.2426,3.1623,4.0,4.0,2.0,2.0,2.0,2.0,5.099,4.2426,4.0,3.1623,2.0
0.0,2.0,2.0,3.1623,3.1623,3.1623,1.4142,2.0,1.4142,2.8284,3.1623,6.0,1.4142,3.1623,3.1623,1.4142,2.0,3.1623,6.3246,1.4142,1.4142,3.1623,1.4142,1.4142,2.0,3.1623,3.1623,3.1623,1.4142,6.0,2.0,0.0,2.0,1.4142,3.1623,2.0,3.1623,3.1623,0.0,3.1623,4.2426,3.1623,1.4142,1.4142,2.0,1.4142,1.4142,3.1623,4.0,3.1623,1.4142,0.0,0.0,0.0,3.1623,2.8284,1.4142,2.0,1.4142,2.0,1.4142,8.2462,7.2111,3.1623,4.2426,7.0711,7.0711,4.2426,4.2426,4.4721,5.099,6.3246,8.4853,7.2111,5.099,3.1623,3.1623,2.0,1.4142,4.4721,7.2111,5.831,14.2127,74.9667,204.1666,351.639,405.6427,349.285,246.0772,160.1125,109.252,95.0789,106.4049,108.2682,99.93,83.678,69.857,62.8013,58.5491,54.5894,48.0416,44.1814,46.0,50.04,56.0357,64.4981,80.3617,99.2472,118.0678,136.0147,144.2498,143.5897,141.8732,140.0143,135.4179,145.3616,196.596,264.764,314.3915,304.0164,207.8846,87.4643,24.4131,10.198,10.198,8.9443,5.099,3.1623,4.4721,5.831,3.1623,2.8284,9.4868,8.6023,7.6158,8.2462,7.2111,2.8284,1.4142,6.3246,5.099,3.1623,6.3246,4.4721,4.4721,7.6158,5.831,1.4142,3.1623,1.4142,0.0,2.0,1.4142,2.8284,2.8284,3.1623,3.1623,1.4142,1.4142,2.0,3.1623,2.0,1.4142,2.8284,1.4142,3.1623,2.8284,2.0,2.8284,1.4142,2.0,4.0,4.0,3.1623,2.8284,2.8284,3.1623,4.2426,2.8284,3.1623,4.4721,4.0,4.2426,3.1623,1.4142,3.1623,4.0,3.1623,1.4142,2.8284,5.831,4.0,0.0,2.8284,1.4142,5.099,4.4721,1.4142,1.4142,2.0
2.0,1.4142,3.1623,4.4721,1.4142,0.0,0.0,1.4142,2.0,0.0,4.4721,5.099,0.0,1.4142,2.8284,3.1623,2.0,3.1623,5.831,3.1623,2.8284,2.8284,2.0,3.1623,4.4721,4.4721,3.1623,2.0,4.2426,5.831,2.8284,2.0,2.8284,2.8284,1.4142,1.4142,2.8284,3.1623,1.4142,1.4142,1.4142,1.4142,2.0,2.0,1.4142,2.0,1.4142,2.0,0.0,2.0,0.0,0.0,0.0,0.0,4.0,2.0,0.0,2.0,3.1623,4.4721,7.0711,10.0,5.831,3.1623,4.2426,5.099,4.0,3.1623,3.1623,1.4142,3.1623,7.2111,8.6023,5.831,4.0,4.0,4.4721,3.1623,2.8284,5.831,5.6569,25.4951,126.5069,288.5342,394.2208,368.7221,251.4319,151.7168,110.1363,99.96,96.7988,101.1929,101.951,87.3155,70.8802,57.4282,46.3897,34.0588,22.0,13.3417,12.083,12.083,7.0711,1.4142,5.6569,4.4721,10.198,11.6619,22.8035,47.4131,71.1758,93.2309,114.7693,130.9733,140.4564,144.6997,144.1388,145.6091,184.2281,266.9232,320.7554,272.7526,156.7737,55.2268,16.5529,11.6619,4.0,4.2426,2.8284,3.1623,2.0,2.8284,7.0711,5.099,3.1623,4.4721,7.2111,5.6569,3.1623,6.3246,6.3246,2.8284,6.3246,5.099,4.0,5.099,6.3246,4.0,2.8284,1.4142,0.0,2.0,2.0,1.4142,2.8284,3.1623,0.0,1.4142,2.0,2.0,2.8284,1.4142,0.0,2.0,1.4142,4.4721,2.8284,3.1623,1.4142,1.4142,1.4142,4.2426,4.2426,3.1623,3.1623,2.8284,2.0,4.4721,1.4142,1.4142,3.1623,4.0,3.1623,1.4142,1.4142,2.0,1.4142,1.4142,2.0,1.4142,1.4142,2.8284,2.8284,2.8284,1.4142,2.8284,5.6569,4.2426,2.8284,2.0
2.0,1.4142,3.1623,4.4721,1.4142,1.4142,2.0,1.4142,1.4142,2.8284,3.1623,4.0,0.0,2.0,2.0,4.0,2.0,1.4142,4.4721,3.1623,1.4142,2.8284,1.4142,1.4142,2.8284,3.1623,3.1623,4.4721,3.1623,4.0,2.0,0.0,2.0,1.4142,1.4142,2.8284,3.1623,1.4142,2.0,0.0,1.4142,1.4142,1.4142,3.1623,2.0,0.0,2.0,1.4142,2.0,1.4142,0.0,0.0,0.0,1.4142,4.4721,2.8284,2.0,2.8284,4.4721,5.831,5.831,4.2426,4.0,3.1623,2.8284,4.4721,4.4721,4.4721,2.8284,4.4721,7.0711,5.831,5.831,3.1623,1.4142,2.8284,4.4721,3.1623,4.2426,8.6023,53.7587,188.8068,354.8098,406.3225,316.1835,189.156,111.8928,89.9444,82.7647,81.7068,78.0,67.5426,53.2353,37.5766,24.6982,16.0,11.4018,8.4853,9.0554,5.831,7.6158,8.4853,7.2111,6.3246,9.0554,12.0,9.4868,6.3246,5.831,6.0,15.6205,29.7321,44.0454,57.3062,80.1124,109.252,138.2317,144.2012,125.1958,142.0422,209.4039,289.1539,308.3667,218.4903,101.4002,33.2866,7.6158,4.4721,3.1623,4.2426,5.099,1.4142,5.831,5.6569,3.1623,2.8284,5.6569,7.2111,5.6569,7.0711,5.099,3.1623,7.2111,7.6158,5.099,4.0,5.099,7.0711,3.1623,2.0,2.0,3.1623,2.0,1.4142,4.2426,4.2426,1.4142,3.1623,3.1623,3.1623,2.8284,3.1623,4.0,3.1623,1.4142,3.1623,3.1623,3.1623,1.4142,2.0,1.4142,3.1623,3.1623,1.4142,3.1623,0.0,4.2426,1.4142,2.0,1.4142,0.0,0.0,0.0,1.4142,3.1623,1.4142,3.1623,2.0,1.4142,2.8284,1.4142,3.1623,2.8284,0.0,2.8284,2.0,4.4721,3.1623,1.4142,2.0
0.0,1.4142,0.0,4.2426,4.4721,3.1623,1.4142,2.0,3.1623,1.4142,2.0,5.6569,3.1623,1.4142,1.4142,4.4721,3.1623,1.4142,4.4721,3.1623,0.0,2.0,3.1623,3.1623,3.1623,3.1623,4.0,4.0,2.0,4.0,2.0,0.0,1.4142,2.0,3.1623,4.0,0.0,0.0,1.4142,1.4142,3.1623,2.0,2.0,3.1623,1.4142,2.0,1.4142,0.0,0.0,0.0,0.0,1.4142,2.0,2.8284,4.4721,1.4142,1.4142,2.8284,3.1623,6.0,4.0,1.4142,4.4721,3.1623,3.1623,5.831,7.0711,7.2111,6.3246,8.6023,6.3246,2.8284,7.0711,3.1623,4.4721,4.2426,1.4142,3.1623,14.2127,92.0978,268.4027,412.4197,399.1416,275.4088,164.3046,111.4002,91.9239,83.2586,76.4853,65.9242,49.98,31.7805,19.8494,11.3137,4.4721,4.0,8.9443,10.0,12.083,8.6023,7.6158,10.0,8.9443,8.2462,8.9443,7.0711,4.2426,1.4142,3.1623,3.1623,7.6158,10.0,19.2354,22.8035,31.305,48.8467,90.2109,139.6066,157.848,160.1125,152.0132,169.8117,251.575,307.402,269.4624,151.5586,43.8406,8.6023,4.0,4.2426,7.2111,7.0711,7.2111,7.2111,5.831,4.4721,4.4721,5.831,7.0711,7.0711,4.4721,2.0,5.099,7.0711,6.3246,4.4721,5.099,7.0711,4.2426,2.8284,1.4142,4.4721,4.2426,4.4721,4.2426,1.4142,1.4142,4.4721,1.4142,2.0,2.0,3.1623,2.0,1.4142,0.0,1.4142,2.0,2.0,3.1623,3.1623,1.4142,0.0,0.0,0.0,1.4142,2.8284,1.4142,2.0,1.4142,2.0,1.4142,0.0,1.4142,4.2426,5.6569,4.2426,3.1623,2.0,2.0,2.0,2.0,3.1623,2.8284,2.8284,3.1623,4.0,2.8284,2.0,3.1623,2.0
2.0,3.1623,4.2426,0.0,2.8284,1.4142,1.4142,3.1623,5.099,1.4142,2.0,4.0,3.1623,2.0,2.0,4.2426,5.831,4.0,4.4721,1.4142,1.4142,4.2426,4.2426,2.0,2.0,2.8284,4.4721,2.0,2.8284,5.099,2.0,0.0,1.4142,3.1623,4.2426,3.1623,0.0,0.0,0.0,3.1623,4.4721,2.0,2.0,1.4142,0.0,0.0,0.0,0.0,0.0,0.0,0.0,2.0,0.0,1.4142,4.4721,1.4142,3.1623,2.8284,1.4142,6.0,4.0,3.1623,5.831,4.4721,5.6569,7.2111,7.2111,5.6569,4.4721,7.2111,5.099,6.0,7.2111,2.8284,2.8284,2.8284,4.4721,26.9072,135.0926,332.4154,442.4523,368.6109,233.6236,147.2481,103.7882,78.5493,71.1758,65.3911,50.1597,29.1548,14.5602,9.4868,8.4853,3.1623,4.4721,9.8995,11.4018,10.0,8.9443,6.0,4.4721,5.831,5.6569,4.4721,5.6569,3.1623,5.099,1.4142,2.8284,4.4721,9.0554,5.099,10.2956,12.8062,11.4018,13.4164,28.8444,63.1348,98.4886,133.094,155.8717,146.4855,155.0806,216.9055,305.9837,315.0397,204.6851,83.2346,20.0,5.831,4.4721,4.4721,5.831,7.2111,7.0711,4.4721,4.2426,6.3246,7.6158,7.2111,5.6569,5.831,5.099,5.099,5.831,5.831,6.3246,5.6569,6.3246,4.2426,4.4721,5.6569,4.2426,1.4142,2.0,0.0,1.4142,4.4721,1.4142,2.0,1.4142,4.4721,1.4142,2.0,0.0,0.0,1.4142,2.0,1.4142,0.0,0.0,0.0,0.0,1.4142,2.0,2.8284,2.0,1.4142,2.0,0.0,2.0,1.4142,4.2426,4.2426,4.4721,4.2426,3.1623,3.1623,1.4142,2.8284,1.4142,1.4142,4.0,5.099,3.1623,2.0,2.0,2.8284,2.8284,2.0
2.0,0.0,2.0,3.1623,4.4721,3.1623,1.4142,5.099,6.3246,2.8284,3.1623,4.2426,3.1623,1.4142,4.2426,2.0,4.4721,7.2111,5.6569,2.8284,4.4721,4.2426,1.4142,0.0,0.0,2.0,4.0,1.4142,3.1623,7.2111,4.2426,1.4142,3.1623,2.8284,1.4142,2.0,0.0,0.0,1.4142,4.4721,3.1623,1.4142,2.0,1.4142,0.0,0.0,0.0,0.0,0.0,0.0,0.0,1.4142,2.0,2.0,4.4721,3.1623,3.1623,3.1623,2.8284,7.2111,5.6569,4.2426,6.3246,5.6569,7.2111,8.4853,8.4853,5.831,4.4721,7.2111,5.831,6.0,4.4721,1.4142,2.0,3.1623,39.6232,180.161,388.8907,453.848,325.7299,187.4086,117.6605,81.8413,59.0931,47.5395,43.2666,30.5287,14.5602,7.0711,6.0,5.099,4.2426,2.0,7.2111,10.0,8.6023,8.9443,4.4721,2.8284,5.831,4.4721,4.2426,5.099,7.2111,4.4721,2.0,3.1623,3.1623,4.4721,8.9443,7.0711,7.2111,10.2956,8.6023,5.831,8.0,8.0,19.8494,57.0088,105.8017,132.3102,135.4843,144.1388,201.9109,295.503,327.5515,255.7655,125.2517,32.5576,5.831,5.099,6.3246,7.0711,7.6158,2.8284,4.2426,7.2111,7.2111,7.2111,5.6569,7.0711,8.6023,5.831,4.4721,7.0711,5.099,3.1623,4.2426,7.0711,6.0,4.0,2.0,0.0,3.1623,3.1623,3.1623,3.1623,2.0,2.0,0.0,3.1623,2.8284,1.4142,0.0,1.4142,4.2426,3.1623,2.8284,2.0,1.4142,0.0,1.4142,4.2426,3.1623,3.1623,0.0,1.4142,2.8284,2.0,2.8284,2.8284,4.4721,1.4142,4.0,2.0,0.0,3.1623,3.1623,4.4721,4.0,4.0,3.1623,1.4142,1.4142,2.0,3.1623,5.099,4.0,2.0
2.0,2.8284,1.4142,0.0,3.1623,3.1623,4.2426,5.099,5.099,1.4142,1.4142,1.4142,2.0,3.1623,3.1623,4.4721,3.1623,4.0,4.4721,5.099,5.099,3.1623,3.1623,1.4142,0.0,2.0,4.0,1.4142,2.0,5.099,4.0,2.0,3.1623,2.8284,1.4142,3.1623,2.0,2.0,2.8284,3.1623,2.0,2.0,0.0,2.0,1.4142,2.0,1.4142,0.0,0.0,0.0,0.0,1.4142,3.1623,4.0,4.2426,3.1623,2.0,5.099,5.831,7.2111,5.6569,3.1623,6.3246,8.9443,8.6023,10.0,8.6023,5.099,3.1623,5.099,4.0,0.0,0.0,1.4142,5.099,58.0517,232.5511,430.1163,448.8786,289.0156,149.8933,96.0208,57.2014,35.805,27.4591,21.6333,18.6011,6.3246,1.4142,6.3246,7.0711,4.4721,4.0,4.4721,8.2462,8.2462,6.3246,7.0711,1.4142,2.0,6.3246,5.099,2.0,0.0,3.1623,4.4721,1.4142,3.1623,5.099,3.1623,5.831,7.6158,8.0,7.0711,8.0,5.099,10.198,8.0,3.1623,9.8995,41.0122,80.6226,96.8297,106.6771,128.7012,177.4091,256.9124,325.0846,301.8079,178.8072,58.258,8.9443,4.2426,6.3246,7.6158,4.4721,5.099,8.4853,8.6023,7.0711,7.0711,5.831,7.6158,7.6158,5.099,8.0,4.0,0.0,4.0,7.0711,5.831,5.831,3.1623,0.0,4.0,3.1623,2.0,1.4142,2.0,1.4142,3.1623,4.4721,3.1623,2.0,3.1623,4.4721,2.8284,2.0,2.0,4.0,4.4721,4.0,4.4721,4.2426,2.8284,4.2426,4.0,4.4721,4.4721,4.0,4.2426,1.4142,4.0,0.0,4.0,2.0,0.0,2.0,3.1623,2.8284,2.0,3.1623,3.1623,3.1623,1.4142,2.0,0.0,2.0,1.4142,0.0
0.0,2.0,3.1623,2.0,3.1623,2.0,4.0,3.1623,4.4721,2.0,2.8284,1.4142,3.1623,4.4721,2.0,2.8284,2.0,2.8284,3.1623,5.099,4.2426,3.1623,3.1623,2.0,0.0,3.1623,4.4721,2.0,3.1623,4.2426,3.1623,2.0,1.4142,3.1623,3.1623,3.1623,0.0,1.4142,2.8284,1.4142,2.0,1.4142,2.0,0.0,2.8284,2.0,2.8284,1.4142,1.4142,2.0,1.4142,2.0,3.1623,3.1623,3.1623,1.4142,3.1623,7.6158,7.2111,5.831,4.4721,3.1623,7.2111,10.7703,8.6023,7.0711,4.2426,3.1623,4.0,4.2426,3.1623,1.4142,3.1623,7.2111,77.8332,279.5174,467.9017,425.0294,241.9132,113.5694,61.8547,38.2099,20.0,18.3848,12.083,10.7703,10.7703,4.4721,5.6569,5.6569,4.2426,8.2462,2.8284,2.0,9.4868,8.9443,5.831,4.0,2.0,2.0,5.831,7.6158,3.1623,1.4142,4.0,7.2111,5.831,1.4142,7.0711,2.0,3.1623,7.6158,12.1655,7.0711,7.0711,3.1623,8.9443,11.6619,5.831,0.0,10.0,41.6173,62.3699,75.4718,94.8683,118.7266,160.3122,231.6247,321.7266,338.0533,226.2963,80.6226,9.8995,7.0711,8.6023,4.2426,2.0,6.3246,8.2462,4.2426,7.2111,7.6158,6.3246,7.6158,7.2111,8.9443,5.831,1.4142,4.0,6.0,4.0,6.0,4.0,0.0,3.1623,4.2426,3.1623,1.4142,2.0,4.0,2.0,2.0,1.4142,3.1623,4.4721,2.0,1.4142,0.0,2.8284,2.0,3.1623,4.0,3.1623,1.4142,1.4142,3.1623,3.1623,1.4142,2.0,0.0,3.1623,2.0,3.1623,1.4142,4.4721,2.8284,3.1623,4.4721,4.2426,1.4142,0.0,2.0,2.0,3.1623,2.8284,1.4142,2.0,1.4142,3.1623,4.0
2.0,2.8284,4.4721,2.0,2.8284,0.0,3.1623,3.1623,4.4721,2.0,1.4142,2.0,4.0,4.0,1.4142,2.8284,1.4142,3.1623,2.8284,3.1623,2.0,2.0,5.099,2.8284,2.0,4.4721,3.1623,0.0,2.0,2.0,2.0,2.0,0.0,4.0,4.0,2.0,4.0,4.2426,3.1623,1.4142,1.4142,0.0,1.4142,4.2426,2.0,1.4142,1.4142,3.1623,4.2426,4.0,4.4721,3.1623,3.1623,2.0,1.4142,4.4721,7.2111,7.2111,7.6158,7.0711,5.831,5.831,7.0711,8.2462,8.0,5.099,4.2426,4.4721,4.0,3.1623,2.8284,5.6569,11.6619,103.3925,329.196,492.1077,400.125,192.6084,83.6301,45.3431,20.5913,15.8114,14.7648,13.9284,11.4018,14.7648,15.5563,13.3417,12.1655,7.0711,5.831,7.0711,8.2462,8.6023,10.198,8.2462,5.099,1.4142,3.1623,3.1623,4.4721,8.2462,4.4721,2.8284,2.8284,4.2426,10.198,0.0,8.0,2.0,1.4142,5.831,14.5602,8.9443,7.2111,4.2426,6.3246,11.0454,9.0554,2.0,0.0,17.4929,32.8024,50.4777,67.2012,79.3221,100.9554,131.0267,197.474,303.0017,355.2182,274.1168,130.384,38.2099,8.2462,4.2426,4.0,7.2111,8.9443,4.2426,6.3246,7.6158,7.6158,6.3246,5.831,8.9443,7.6158,3.1623,3.1623,6.3246,5.099,5.099,4.4721,1.4142,2.0,1.4142,2.8284,3.1623,3.1623,3.1623,4.4721,3.1623,2.8284,2.8284,1.4142,2.0,1.4142,2.8284,1.4142,0.0,0.0,0.0,0.0,0.0,1.4142,3.1623,3.1623,1.4142,2.0,0.0,1.4142,3.1623,3.1623,2.8284,4.2426,4.2426,2.8284,3.1623,3.1623,2.0,2.0,1.4142,2.0,1.4142,2.8284,3.1623,2.0,5.831,4.0,2.0
2.0,0.0,3.1623,3.1623,3.1623,2.0,2.0,4.0,4.0,0.0,0.0,2.0,4.0,4.0,3.1623,1.4142,3.1623,4.4721,4.2426,4.4721,4.4721,3.1623,5.099,2.0,0.0,4.0,2.0,0.0,2.0,3.1623,4.2426,3.1623,1.4142,4.0,4.0,2.0,1.4142,4.4721,3.1623,2.0,0.0,0.0,2.0,3.1623,2.8284,2.8284,2.0,3.1623,4.0,0.0,2.0,1.4142,2.8284,1.4142,3.1623,5.831,5.6569,5.6569,8.9443,7.2111,4.4721,5.6569,5.6569,7.2111,8.9443,7.2111,4.2426,2.8284,2.0,2.0,4.2426,24.0832,126.5069,362.9325,509.2445,370.47,151.6047,56.8507,42.45,24.2074,14.2127,16.5529,15.2315,10.2956,13.9284,21.0238,15.5563,9.4868,8.0,7.6158,8.4853,5.831,5.099,10.198,9.0554,6.3246,7.2111,9.0554,9.0554,7.2111,5.6569,9.4868,5.099,1.4142,3.1623,3.1623,10.0,3.1623,7.6158,3.1623,1.4142,3.1623,12.1655,8.9443,7.6158,5.099,5.099,12.1655,10.198,1.4142,2.0,6.3246,7.0711,22.6716,38.2884,48.1664,61.0737,74.4043,102.3426,170.8567,275.2235,346.208,304.2367,159.8061,43.0116,15.8114,8.9443,7.0711,10.0,10.0,8.6023,7.2111,8.9443,7.2111,5.831,8.2462,7.6158,5.831,2.8284,6.3246,7.0711,3.1623,4.4721,3.1623,3.1623,2.0,1.4142,4.0,3.1623,2.8284,0.0,3.1623,3.1623,1.4142,0.0,1.4142,2.0,1.4142,0.0,0.0,0.0,0.0,0.0,0.0,2.0,2.0,0.0,2.0,2.0,0.0,1.4142,2.8284,2.0,2.8284,2.8284,4.2426,3.1623,2.0,2.0,1.4142,1.4142,2.0,2.8284,2.0,1.4142,4.0,3.1623,4.4721,3.1623,0.0
4.0,4.4721,4.4721,3.1623,1.4142,3.1623,0.0,3.1623,3.1623,2.0,2.0,2.8284,5.099,4.0,4.0,0.0,4.0,4.0,4.0,3.1623,4.2426,4.0,2.8284,2.0,1.4142,3.1623,2.0,1.4142,4.2426,4.2426,3.1623,0.0,2.0,4.0,4.0,1.4142,2.8284,4.4721,2.8284,1.4142,0.0,1.4142,1.4142,2.0,3.1623,1.4142,0.0,2.0,3.1623,2.0,1.4142,2.0,2.0,1.4142,4.4721,4.0,5.099,6.3246,7.6158,6.3246,4.2426,5.6569,7.0711,9.8995,9.8995,5.6569,1.4142,3.1623,3.1623,4.0,16.9706,145.8355,382.28,493.22,335.3148,109.1238,28.6007,30.2324,29.1548,13.0384,11.4018,15.8114,12.083,8.2462,14.1421,22.0907,11.4018,5.831,6.0,7.6158,10.0,8.9443,8.0,8.2462,8.9443,5.831,8.0,10.198,8.2462,8.9443,6.0,10.198,6.3246,3.1623,6.3246,8.0,4.2426,7.0711,10.0,8.6023,6.3246,7.0711,8.6023,5.099,8.9443,7.6158,4.2426,11.6619,12.8062,8.2462,8.2462,8.6023,4.4721,10.7703,21.9545,29.7321,43.9318,52.3259,53.7587,82.134,139.3126,227.4027,333.7933,337.4048,205.548,72.6223,19.799,8.4853,5.6569,8.9443,8.6023,8.6023,8.9443,7.2111,10.0,11.3137,10.0,10.0,4.4721,6.0,7.0711,2.8284,5.099,4.0,3.1623,2.0,1.4142,4.0,2.0,2.0,2.0,2.0,0.0,0.0,0.0,1.4142,2.0,1.4142,0.0,0.0,0.0,0.0,0.0,0.0,1.4142,2.8284,1.4142,2.0,2.0,0.0,2.0,1.4142,1.4142,2.0,3.1623,1.4142,0.0,0.0,1.4142,3.1623,4.4721,4.0,4.4721,4.0,4.0,5.6569,2.8284,4.0,3.1623,2.0
4.0,3.1623,2.8284,3.1623,4.2426,2.0,2.8284,2.8284,2.8284,2.0,2.0,1.4142,5.099,5.099,2.8284,4.0,5.6569,4.2426,3.1623,4.0,4.0,0.0,0.0,3.1623,2.8284,1.4142,2.0,2.0,3.1623,3.1623,4.2426,1.4142,1.4142,4.4721,3.1623,1.4142,2.8284,3.1623,2.0,1.4142,2.0,2.8284,2.0,3.1623,0.0,1.4142,2.0,1.4142,2.0,1.4142,3.1623,3.1623,1.4142,3.1623,4.4721,2.8284,7.6158,7.6158,5.099,6.0,5.099,5.831,7.2111,8.9443,5.831,1.4142,1.4142,4.4721,2.8284,15.6205,142.8426,395.9899,482.2987,297.106,92.0978,18.3848,17.4929,24.1661,21.587,7.2111,12.8062,14.2127,8.4853,8.9443,17.088,24.6982,17.0294,11.4018,9.0554,7.6158,8.6023,13.3417,8.2462,5.6569,10.0,8.9443,4.0,0.0,8.6023,11.4018,10.0,10.2956,4.4721,3.1623,5.831,5.099,5.831,11.0454,7.6158,7.0711,12.083,12.0,4.2426,2.8284,9.8995,11.3137,7.6158,10.0,11.3137,9.4868,7.6158,8.4853,7.2111,8.2462,11.6619,17.2047,29.7321,43.566,41.4005,43.8406,67.897,114.6909,204.4162,328.7218,371.2034,244.9898,84.8999,22.8035,11.4018,9.0554,5.099,7.6158,8.9443,4.4721,7.0711,10.0,8.6023,10.7703,7.6158,6.3246,5.831,4.2426,7.0711,4.0,1.4142,1.4142,3.1623,3.1623,2.0,3.1623,2.8284,1.4142,0.0,0.0,0.0,2.0,0.0,2.0,0.0,0.0,1.4142,2.0,1.4142,1.4142,3.1623,4.2426,2.8284,2.8284,1.4142,1.4142,2.8284,2.0,2.8284,1.4142,4.0,1.4142,1.4142,1.4142,2.8284,2.0,1.4142,0.0,1.4142,2.0,1.4142,2.8284,4.0,4.2426,2.8284,2.0
0.0,0.0,2.0,3.1623,4.4721,6.0,5.099,3.1623,2.8284,2.0,2.0,2.0,3.1623,6.0,1.4142,3.1623,5.6569,3.1623,1.4142,4.0,4.0,0.0,1.4142,4.4721,0.0,2.0,3.1623,1.4142,3.1623,4.0,5.831,4.0,3.1623,2.8284,1.4142,3.1623,3.1623,2.8284,1.4142,3.1623,3.1623,3.1623,1.4142,3.1623,2.0,3.1623,1.4142,2.0,2.8284,2.8284,1.4142,1.4142,3.1623,4.2426,3.1623,4.4721,8.9443,5.831,5.831,5.831,6.3246,7.6158,5.831,7.0711,4.0,0.0,3.1623,4.4721,12.7279,142.8636,397.3965,480.8409,285.7026,82.134,18.4391,20.2485,20.2485,19.6977,17.72,8.9443,10.198,11.0454,7.2111,8.6023,22.1359,26.0,11.6619,0.0,4.2426,5.6569,7.6158,13.0384,10.198,5.831,3.1623,6.0,3.1623,1.4142,9.0554,8.2462,9.0554,7.0711,3.1623,5.099,4.0,3.1623,2.8284,13.0384,13.0384,9.0554,9.4868,15.0333,4.0,6.3246,3.1623,8.9443,5.831,7.6158,7.2111,8.4853,7.0711,5.099,8.0,7.0711,5.831,7.6158,19.2354,31.6228,34.2053,36.7696,45.8039,55.1725,76.0263,146.8128,307.0016,398.6101,275.4088,121.7949,50.9117,17.8885,4.4721,8.9443,12.7279,7.2111,5.6569,8.9443,9.4868,10.198,8.2462,7.0711,4.0,4.0,7.0711,4.4721,1.4142,3.1623,4.4721,1.4142,1.4142,4.4721,3.1623,0.0,1.4142,3.1623,3.1623,0.0,2.0,1.4142,0.0,0.0,2.0,0.0,2.0,3.1623,2.8284,4.4721,2.8284,1.4142,0.0,3.1623,4.2426,4.0,3.1623,2.0,4.2426,4.4721,3.1623,1.4142,2.0,0.0,1.4142,3.1623,3.1623,2.0,4.2426,2.8284,2.8284,3.1623,3.1623,0.0
0.0,0.0,2.0,4.0,1.4142,2.0,2.0,2.0,1.4142,0.0,0.0,0.0,3.1623,6.3246,2.8284,1.4142,3.1623,1.4142,1.4142,4.4721,3.1623,0.0,3.1623,4.4721,2.8284,3.1623,5.6569,3.1623,2.0,3.1623,4.4721,5.099,3.1623,0.0,1.4142,4.4721,3.1623,2.0,0.0,3.1623,3.1623,1.4142,3.1623,2.0,0.0,3.1623,2.8284,2.0,2.8284,1.4142,1.4142,4.2426,4.4721,4.4721,5.831,8.4853,8.6023,5.6569,7.2111,7.0711,8.4853,8.6023,5.6569,7.2111,5.6569,4.0,4.2426,15.6205,132.9436,391.8622,476.6655,274.372,82.4621,20.2485,14.4222,18.3848,17.088,17.088,15.8114,6.3246,6.3246,13.3417,10.0,5.099,20.3961,23.3238,19.2354,22.0907,23.5372,25.4951,24.3311,21.0238,15.8114,9.4868,8.2462,7.2111,4.2426,1.4142,5.831,12.8062,14.7648,7.2111,5.6569,7.6158,3.1623,3.1623,2.0,4.2426,10.2956,8.4853,3.1623,13.9284,9.4868,4.4721,2.8284,8.0,6.0,5.099,3.1623,7.0711,10.198,5.099,8.0,6.0,5.099,10.7703,17.72,18.1108,21.6333,30.2324,39.4462,37.2022,36.8782,46.5188,119.365,302.9785,399.97,331.4212,208.8061,87.8635,23.4094,12.083,12.8062,9.8995,7.0711,8.9443,11.4018,10.198,8.2462,8.2462,4.4721,4.4721,5.831,5.6569,4.2426,5.099,4.0,1.4142,4.4721,5.831,4.2426,3.1623,3.1623,2.8284,2.8284,2.8284,2.0,1.4142,1.4142,2.0,0.0,2.0,1.4142,4.0,2.0,3.1623,2.8284,2.0,3.1623,4.2426,3.1623,0.0,1.4142,2.0,1.4142,1.4142,2.0,2.0,3.1623,2.8284,1.4142,2.8284,2.8284,1.4142,4.0,3.1623,4.2426,3.1623,2.0,2.0
2.0,1.4142,3.1623,5.831,3.1623,2.0,1.4142,1.4142,1.4142,0.0,1.4142,3.1623,5.6569,7.2111,4.4721,3.1623,1.4142,2.0,3.1623,4.4721,1.4142,1.4142,3.1623,3.1623,0.0,4.2426,5.6569,4.4721,4.0,4.4721,4.4721,2.8284,3.1623,2.0,4.2426,5.6569,3.1623,1.4142,0.0,2.0,4.0,2.0,3.1623,3.1623,1.4142,1.4142,1.4142,4.2426,4.2426,2.0,3.1623,5.099,1.4142,2.0,5.099,6.3246,5.099,4.0,7.0711,7.6158,7.2111,5.831,4.4721,6.3246,4.4721,3.1623,14.2127,131.5295,380.434,478.1067,280.1428,79.2465,23.3238,13.9284,12.6491,15.2971,15.0333,15.0333,13.3417,6.3246,5.099,12.0,11.4018,5.831,15.6205,25.4951,29.0172,31.1448,33.7343,35.6931,33.0151,24.0,14.1421,10.198,11.0454,11.0454,9.0554,7.2111,4.4721,8.9443,14.1421,5.099,4.4721,9.8995,8.6023,5.831,4.0,4.2426,4.4721,11.4018,5.099,13.4164,14.5602,1.4142,3.1623,8.2462,4.0,4.2426,6.3246,6.0,9.0554,7.0711,8.0,8.2462,7.2111,11.4018,15.0333,10.198,15.2971,23.1948,29.8329,29.9666,24.2074,25.0599,26.6833,99.2975,250.1999,356.7072,354.7985,231.2488,97.0052,30.2324,8.2462,8.6023,8.6023,9.4868,12.1655,9.4868,8.9443,8.9443,5.831,4.4721,4.4721,5.099,4.0,6.0,4.0,2.0,5.099,2.8284,1.4142,3.1623,2.0,0.0,2.8284,0.0,3.1623,4.2426,2.8284,2.0,2.8284,2.0,2.0,4.4721,2.8284,3.1623,4.4721,4.0,4.4721,3.1623,1.4142,0.0,2.0,0.0,0.0,0.0,1.4142,4.2426,3.1623,3.1623,1.4142,3.1623,3.1623,2.8284,4.2426,3.1623,1.4142,2.0,0.0,0.0
2.0,3.1623,4.2426,6.3246,2.0,1.4142,1.4142,2.8284,1.4142,1.4142,4.2426,4.4721,5.6569,4.4721,1.4142,0.0,2.0,1.4142,4.0,4.0,0.0,3.1623,2.8284,1.4142,2.0,4.0,4.0,2.0,0.0,3.1623,4.2426,3.1623,2.8284,5.831,4.2426,3.1623,0.0,0.0,0.0,3.1623,5.831,3.1623,3.1623,4.0,2.0,0.0,1.4142,1.4142,3.1623,2.0,4.4721,5.099,0.0,2.0,5.099,7.0711,5.099,4.4721,10.7703,10.0,7.0711,4.2426,3.1623,6.0,5.099,15.5563,127.3106,373.3631,478.0795,289.9276,86.267,24.0832,14.2127,12.083,11.4018,13.0384,14.0,12.1655,12.083,10.2956,7.2111,10.0,12.7279,9.4868,11.0454,19.0263,25.1794,26.3059,27.2029,22.3607,16.1245,11.4018,5.099,8.9443,9.0554,9.0554,10.0,11.4018,8.2462,9.8995,12.083,5.6569,3.1623,3.1623,7.0711,7.2111,2.0,5.099,10.2956,12.8062,5.099,14.1421,17.0294,1.4142,2.0,6.3246,4.4721,4.4721,8.0,6.0,8.0,8.0,8.0,10.0,6.0,8.2462,13.0384,12.8062,17.72,20.8806,27.2029,24.6982,16.1245,12.8062,11.0454,14.1421,60.8769,183.9348,315.8259,354.8577,262.3776,121.6224,34.0588,11.4018,11.3137,13.0384,13.4164,10.0,10.0,10.0,8.9443,5.099,4.0,7.0711,4.4721,5.099,4.0,2.0,5.099,2.8284,2.0,4.4721,1.4142,2.0,1.4142,2.8284,2.8284,4.2426,3.1623,2.0,2.8284,2.0,3.1623,5.6569,3.1623,1.4142,1.4142,2.0,1.4142,0.0,0.0,1.4142,3.1623,3.1623,3.1623,5.099,4.0,2.8284,4.0,5.099,2.0,0.0,0.0,1.4142,3.1623,4.0,4.0,3.1623,1.4142,0.0
2.0,3.1623,4.4721,4.4721,0.0,2.0,1.4142,3.1623,2.8284,2.0,4.0,3.1623,4.4721,1.4142,0.0,2.0,0.0,0.0,4.0,5.099,3.1623,4.2426,2.8284,2.0,1.4142,4.0,4.0,2.0,1.4142,5.831,4.2426,2.8284,2.8284,5.099,2.0,2.0,1.4142,2.0,1.4142,4.0,6.0,0.0,4.0,3.1623,2.8284,1.4142,2.0,0.0,2.0,5.099,4.4721,3.1623,0.0,3.1623,5.831,8.9443,7.2111,7.0711,13.4164,10.0,7.2111,6.3246,7.6158,10.0,25.4951,127.4755,354.9676,468.3631,295.8446,87.7268,21.2603,15.8114,11.3137,11.4018,10.2956,11.4018,13.0384,7.6158,11.4018,13.0384,8.6023,10.2956,13.4164,14.5602,12.0,9.4868,7.6158,5.831,6.3246,1.4142,10.0,11.4018,6.3246,11.4018,11.0454,11.0454,7.6158,8.9443,4.2426,6.3246,11.4018,7.0711,7.0711,10.198,12.6491,10.2956,5.099,4.4721,4.4721,8.6023,7.6158,14.1421,17.0294,1.4142,2.0,4.2426,4.2426,8.6023,7.2111,5.099,8.0,8.0,8.0,9.0554,6.3246,5.831,8.9443,13.3417,17.2627,18.4391,24.7386,22.8473,19.6977,10.2956,4.0,3.1623,8.2462,63.0079,158.0506,294.598,386.8462,302.9092,131.5219,32.5576,12.7279,14.2127,15.8114,11.4018,10.0,10.2956,10.2956,8.4853,7.2111,8.2462,4.4721,5.099,4.0,3.1623,4.4721,2.8284,3.1623,4.2426,1.4142,1.4142,3.1623,3.1623,2.8284,3.1623,3.1623,2.0,2.8284,3.1623,4.4721,4.2426,3.1623,4.2426,1.4142,0.0,0.0,1.4142,3.1623,3.1623,1.4142,2.0,3.1623,2.8284,3.1623,2.0,2.0,0.0,2.0,1.4142,2.0,2.0,2.0,1.4142,1.4142,2.0,2.8284,2.0
2.0,1.4142,3.1623,2.8284,1.4142,1.4142,2.8284,2.0,4.2426,3.1623,3.1623,4.0,4.0,2.8284,5.099,4.0,2.0,3.1623,5.6569,5.831,2.8284,2.8284,1.4142,0.0,0.0,4.0,4.0,1.4142,4.2426,5.831,1.4142,1.4142,2.8284,2.0,2.8284,3.1623,2.0,0.0,2.0,3.1623,5.831,3.1623,2.0,3.1623,4.2426,4.0,1.4142,0.0,3.1623,4.0,4.4721,3.1623,1.4142,5.831,7.2111,7.6158,6.3246,7.6158,11.4018,8.2462,4.4721,2.8284,7.2111,18.3848,110.4536,327.0535,445.9821,297.8456,95.8019,20.5913,16.1245,17.0294,13.0384,10.0,8.6023,9.4868,10.0,4.2426,8.6023,13.4164,7.6158,10.198,15.0333,18.4391,14.4222,4.0,7.0711,7.0711,6.0,6.3246,13.9284,19.2354,17.2627,13.9284,11.0454,12.0,12.8062,11.6619,5.831,10.2956,14.4222,8.6023,7.0711,10.2956,13.4164,13.0384,11.4018,14.1421,22.0907,25.1794,21.9545,10.0,14.0,4.4721,10.2956,12.1655,11.4018,11.4018,8.9443,8.9443,11.3137,9.8995,7.2111,8.2462,4.0,4.2426,11.0454,14.1421,15.0333,17.0294,20.3961,20.2485,20.5913,15.8114,5.099,3.1623,4.4721,18.6011,47.4342,114.6211,269.8036,410.1146,337.5441,156.6461,50.9313,15.6205,16.5529,12.083,8.9443,11.4018,7.2111,8.6023,11.6619,8.9443,6.3246,7.0711,3.1623,3.1623,4.4721,4.0,4.2426,4.4721,4.0,3.1623,1.4142,0.0,2.0,0.0,2.0,1.4142,4.0,6.3246,5.099,2.0,2.0,3.1623,2.8284,2.0,2.0,4.2426,4.4721,3.1623,2.8284,3.1623,4.2426,0.0,3.1623,2.0,2.0,0.0,1.4142,2.8284,2.0,5.099,0.0,2.0,3.1623,2.0,3.1623,0.0
2.0,2.0,3.1623,3.1623,2.8284,2.0,2.8284,2.0,4.0,6.0,4.0,3.1623,4.0,4.0,3.1623,3.1623,4.0,4.4721,4.2426,3.1623,2.0,2.0,0.0,0.0,1.4142,4.4721,3.1623,0.0,4.0,4.0,0.0,0.0,3.1623,2.0,1.4142,4.0,2.0,1.4142,2.8284,1.4142,3.1623,2.8284,1.4142,0.0,3.1623,6.3246,1.4142,0.0,5.099,4.2426,4.2426,3.1623,3.1623,6.3246,6.3246,7.6158,8.6023,10.0,10.2956,7.6158,4.4721,2.8284,12.083,86.6833,296.5468,441.3547,309.0275,109.3435,28.178,14.5602,18.9737,17.4929,11.6619,8.2462,4.2426,5.831,9.8995,8.2462,10.2956,15.8114,7.6158,9.4868,14.5602,15.8114,20.0,15.2315,3.1623,18.6011,23.7065,24.7386,24.0832,25.9615,25.02,20.0998,14.0,12.0,15.6205,17.0294,15.8114,20.0,15.8114,8.2462,6.3246,8.4853,11.4018,7.0711,7.2111,10.2956,14.7648,13.9284,19.8494,13.0384,15.5563,15.6205,13.4164,8.0,7.6158,11.4018,12.083,15.2315,19.2354,16.4924,11.0454,9.8995,6.3246,5.099,14.5602,15.8114,13.9284,12.0,17.72,19.6469,15.2315,17.4929,14.4222,7.0711,10.198,14.0,25.1794,43.9318,80.9938,253.002,420.88,345.0797,157.2069,43.8634,21.5407,13.3417,8.2462,11.4018,5.831,5.099,11.0454,8.2462,9.0554,8.0,2.0,1.4142,4.4721,8.0,4.4721,1.4142,0.0,2.0,0.0,0.0,1.4142,2.0,0.0,4.2426,4.4721,3.1623,2.0,2.8284,2.8284,3.1623,4.4721,4.0,4.0,4.2426,1.4142,2.0,5.099,5.099,4.4721,4.4721,4.4721,3.1623,3.1623,0.0,1.4142,2.8284,1.4142,4.4721,4.0,2.0,4.0,0.0,4.0,0.0
2.0,3.1623,3.1623,3.1623,1.4142,2.0,1.4142,0.0,2.0,1.4142,3.1623,4.4721,4.2426,1.4142,5.6569,3.1623,2.0,1.4142,2.0,3.1623,2.8284,2.8284,3.1623,4.0,4.4721,4.2426,1.4142,0.0,4.0,4.0,0.0,1.4142,4.4721,2.0,2.0,3.1623,2.0,2.0,1.4142,3.1623,3.1623,1.4142,2.0,0.0,2.0,5.099,2.8284,1.4142,6.0,5.099,2.8284,2.8284,4.4721,5.099,7.0711,10.7703,11.4018,11.3137,11.3137,10.0,8.9443,12.083,56.5685,252.6064,441.6877,343.1851,130.1384,33.9411,13.0384,16.4924,22.1359,16.5529,7.0711,3.1623,2.0,4.0,8.9443,11.0454,12.6491,18.4391,12.083,11.6619,10.2956,11.4018,23.3238,32.6497,34.2345,36.7151,24.6982,17.72,17.0294,20.3961,21.0238,20.2485,17.2627,12.6491,13.0384,11.3137,11.4018,14.1421,8.6023,5.099,4.4721,11.4018,14.1421,10.198,10.2956,2.8284,8.6023,5.099,10.0,13.0384,17.2047,17.0294,11.4018,11.0454,12.6491,11.6619,10.0,14.1421,17.0294,15.2971,15.2971,11.4018,9.4868,12.1655,16.9706,17.4929,15.8114,11.4018,12.6491,16.4924,14.2127,17.0294,18.4391,14.0,11.4018,11.4018,13.4164,30.0,31.4006,48.3735,237.2551,439.9318,344.308,137.186,52.1536,17.088,8.9443,10.7703,8.2462,7.0711,9.0554,8.0,9.0554,8.2462,4.0,2.0,4.4721,9.0554,2.8284,4.0,3.1623,1.4142,0.0,1.4142,2.0,2.0,4.2426,4.2426,1.4142,0.0,0.0,1.4142,2.8284,2.0,2.8284,1.4142,1.4142,2.8284,1.4142,2.0,0.0,2.0,2.0,1.4142,3.1623,3.1623,5.099,0.0,3.1623,2.8284,2.8284,3.1623,4.0,4.4721,4.2426,2.0,4.2426,4.0
2.0,2.8284,2.0,1.4142,1.4142,3.1623,3.1623,2.0,1.4142,2.0,2.8284,3.1623,2.8284,3.1623,5.6569,5.831,1.4142,0.0,3.1623,4.4721,1.4142,2.0,3.1623,3.1623,3.1623,1.4142,0.0,0.0,4.0,4.0,0.0,2.0,4.0,1.4142,2.0,1.4142,2.0,1.4142,1.4142,4.4721,4.0,3.1623,2.8284,2.0,3.1623,4.0,2.0,3.1623,5.099,5.099,3.1623,3.1623,5.831,7.0711,10.0,12.083,9.4868,9.4868,10.2956,9.8995,20.0,67.424,216.8363,419.981,384.2005,154.9322,42.45,17.8885,10.7703,18.3848,21.587,13.3417,2.0,4.2426,4.2426,1.4142,2.0,6.3246,9.4868,17.0294,17.72,18.9737,17.2627,16.0,21.0238,33.3766,38.2099,27.4591,13.0384,6.3246,6.3246,10.0,11.4018,12.7279,8.4853,9.4868,10.2956,11.4018,13.3417,8.9443,4.2426,2.8284,7.0711,17.2047,15.6205,15.0333,17.8885,13.9284,9.4868,12.7279,2.0,4.0,13.4164,11.4018,5.099,6.3246,8.9443,6.3246,7.2111,12.6491,11.4018,7.2111,8.2462,7.6158,4.2426,11.4018,18.4391,21.2603,21.2603,19.6977,18.9737,11.6619,8.2462,10.198,10.0,7.2111,3.1623,5.831,4.4721,4.2426,26.0768,12.8062,48.2701,287.1411,469.161,301.3171,104.2785,21.6333,14.4222,15.6205,13.9284,8.2462,7.6158,9.4868,8.2462,8.2462,8.0,2.0,3.1623,7.0711,2.0,2.0,2.8284,1.4142,1.4142,4.2426,4.0,3.1623,3.1623,2.0,0.0,0.0,0.0,0.0,1.4142,2.0,1.4142,3.1623,2.8284,3.1623,2.0,1.4142,3.1623,3.1623,3.1623,1.4142,2.0,0.0,5.6569,6.0,4.4721,1.4142,1.4142,3.1623,3.1623,2.8284,2.8284,2.0,4.0,6.0
2.0,1.4142,1.4142,2.0,1.4142,3.1623,2.8284,2.0,3.1623,3.1623,3.1623,1.4142,2.8284,3.1623,5.6569,2.8284,2.0,1.4142,4.4721,3.1623,1.4142,2.8284,3.1623,2.0,0.0,0.0,0.0,1.4142,4.4721,4.4721,2.0,1.4142,4.0,2.0,1.4142,2.0,1.4142,1.4142,2.8284,6.3246,3.1623,4.4721,4.4721,3.1623,4.4721,4.2426,4.2426,4.4721,4.4721,4.4721,4.4721,4.4721,7.0711,8.2462,8.9443,9.4868,7.0711,10.0,10.0,8.0,50.1199,192.9611,382.0497,393.802,197.717,49.3964,20.8806,11.3137,15.8114,19.8494,16.5529,9.0554,4.0,2.8284,3.1623,4.4721,8.9443,13.4164,14.1421,17.088,19.2354,20.8806,22.3607,22.0907,18.1108,17.2627,15.0333,12.6491,13.9284,12.1655,8.2462,6.3246,8.2462,14.4222,15.8114,15.5563,12.083,11.0454,10.2956,8.0,5.099,4.0,13.3417,21.9545,15.8114,16.5529,20.2485,27.7849,15.8114,21.4009,14.5602,12.0,18.4391,11.6619,5.6569,4.0,6.3246,4.0,7.2111,11.4018,9.0554,9.0554,2.0,6.3246,5.6569,16.5529,18.868,21.2603,18.4391,17.0294,15.8114,15.0333,13.9284,10.2956,5.6569,7.6158,5.099,8.9443,2.8284,3.1623,7.6158,21.2603,33.3766,41.1825,351.5366,470.6421,232.2456,49.5782,21.4009,19.2354,17.72,8.6023,8.4853,12.083,9.4868,9.0554,10.0,1.4142,1.4142,6.0,2.8284,5.6569,3.1623,2.8284,4.2426,4.2426,2.0,3.1623,1.4142,3.1623,1.4142,2.0,2.0,3.1623,4.0,3.1623,2.0,4.2426,2.0,3.1623,1.4142,0.0,2.0,0.0,4.0,2.0,1.4142,3.1623,3.1623,5.099,2.8284,0.0,0.0,2.0,2.0,2.0,2.0,0.0,3.1623,2.0
4.0,4.0,4.4721,3.1623,1.4142,4.0,1.4142,2.0,2.8284,2.0,1.4142,3.1623,2.8284,1.4142,3.1623,2.0,0.0,4.2426,4.2426,1.4142,3.1623,4.2426,3.1623,1.4142,0.0,1.4142,3.1623,4.4721,5.6569,5.6569,4.0,4.0,4.2426,1.4142,2.0,1.4142,2.0,2.8284,2.8284,5.099,3.1623,3.1623,3.1623,2.8284,4.4721,2.8284,4.4721,5.099,4.0,3.1623,4.4721,6.0,7.0711,8.2462,9.4868,9.0554,7.0711,10.198,10.198,25.807,152.5516,356.6539,390.1282,215.7452,66.6033,21.4009,16.4924,18.3848,20.0,18.3848,11.6619,4.2426,2.8284,2.8284,4.0,7.6158,12.7279,14.4222,10.7703,11.0454,16.0,17.72,15.8114,14.5602,16.1245,20.8806,24.0832,26.3059,26.3059,27.1662,26.0768,21.0238,18.0,19.6469,22.3607,23.0217,15.8114,7.0711,5.831,11.4018,13.9284,13.4164,20.2485,21.5407,14.2127,26.9072,31.6228,41.6173,40.05,38.4708,28.0713,25.02,25.4951,16.0,14.2127,7.0711,5.099,1.4142,9.4868,11.6619,8.6023,12.083,6.0,9.4868,17.4929,21.2603,21.4009,24.4131,20.2485,16.1245,11.6619,11.0454,9.0554,4.0,0.0,8.2462,2.8284,9.0554,2.0,4.4721,3.1623,8.2462,8.0,35.4683,113.1459,461.5041,442.2217,147.3228,38.4187,26.6833,16.1245,7.6158,8.0,12.1655,9.0554,9.0554,9.4868,4.4721,2.8284,5.831,4.4721,4.4721,2.0,3.1623,4.2426,1.4142,0.0,3.1623,2.0,4.4721,2.8284,2.0,5.831,4.4721,4.0,4.4721,4.0,4.4721,4.2426,1.4142,0.0,0.0,1.4142,2.0,2.0,1.4142,1.4142,4.4721,4.4721,2.8284,4.4721,1.4142,0.0,2.0,1.4142,2.8284,2.8284,3.1623,4.2426,2.0
4.0,4.0,3.1623,2.8284,3.1623,4.2426,2.0,2.0,1.4142,0.0,0.0,3.1623,3.1623,1.4142,1.4142,1.4142,4.2426,4.2426,1.4142,0.0,4.0,4.0,1.4142,2.0,1.4142,3.1623,4.2426,3.1623,4.4721,4.4721,2.0,2.0,1.4142,1.4142,2.8284,1.4142,1.4142,2.8284,2.8284,4.4721,3.1623,0.0,0.0,2.0,4.0,2.0,4.0,6.0,4.0,2.0,4.0,9.0554,6.3246,4.0,10.198,12.0,8.2462,9.0554,15.8114,128.4056,357.3933,429.1806,252.2102,83.8689,32.5576,19.6977,18.4391,22.3607,17.8885,8.9443,6.0,2.8284,7.6158,7.2111,4.4721,13.9284,17.2047,11.6619,9.8995,10.2956,17.088,17.0294,9.0554,5.831,11.4018,17.2047,20.3961,25.1794,24.7386,22.0907,24.0832,26.3059,26.0,24.0416,21.6333,21.2132,20.5913,10.0,17.088,22.8035,21.0238,17.72,19.8494,18.868,20.2485,40.4969,38.0,49.7393,32.0624,28.2843,33.3766,25.9615,13.9284,10.7703,14.7648,17.0294,16.0,14.1421,17.0294,15.6205,13.4164,15.5563,14.5602,23.5372,30.4631,26.5707,20.2485,25.0599,25.4558,22.0907,17.2627,12.1655,8.6023,4.4721,5.831,10.0,11.0454,10.2956,7.0711,5.831,8.6023,5.831,3.1623,7.0711,44.1814,217.8669,514.8204,353.2818,111.2205,36.4966,12.6491,10.7703,10.198,12.1655,8.2462,7.6158,9.4868,7.0711,4.0,4.0,4.0,5.099,3.1623,3.1623,2.8284,2.0,1.4142,1.4142,2.0,4.4721,4.0,6.0,5.6569,1.4142,0.0,1.4142,2.0,2.8284,4.2426,4.0,4.0,3.1623,2.0,3.1623,4.0,3.1623,2.0,3.1623,2.8284,3.1623,3.1623,2.0,1.4142,4.2426,3.1623,3.1623,3.1623,2.8284,1.4142,0.0
2.0,2.0,1.4142,1.4142,2.0,2.8284,2.0,2.0,3.1623,4.0,4.0,3.1623,3.1623,3.1623,3.1623,3.1623,3.1623,2.0,0.0,0.0,4.0,4.0,2.0,1.4142,2.8284,3.1623,4.0,0.0,4.0,4.0,1.4142,2.0,2.0,4.2426,5.831,5.099,2.0,3.1623,4.2426,4.2426,1.4142,0.0,0.0,2.0,4.0,2.0,4.0,5.099,4.4721,3.1623,4.0,9.0554,7.0711,3.1623,10.198,15.2971,8.9443,18.6011,76.3806,308.1461,455.245,277.2436,90.5207,40.4969,26.9072,15.8114,13.0384,15.8114,18.4391,7.2111,5.831,8.9443,14.2127,10.2956,7.0711,18.3848,15.2315,5.6569,8.9443,14.4222,21.2603,19.2354,18.9737,22.0907,22.8035,13.4164,12.8062,12.0,15.6205,12.0,16.1245,19.2354,21.0238,26.6833,35.4401,41.7852,46.0652,38.0789,25.4951,20.2485,24.6982,25.4951,24.6982,26.0768,29.7321,50.1199,33.6155,45.607,32.6497,5.099,7.0711,12.1655,7.0711,8.4853,5.831,10.7703,20.3961,41.7852,50.636,39.0128,30.5941,25.4951,17.72,20.0,20.2485,18.3848,21.5407,29.6985,32.6497,22.0,18.4391,13.9284,14.7648,14.2127,12.083,1.4142,4.0,2.0,11.0454,4.4721,6.0,5.6569,7.6158,5.6569,41.1096,12.083,318.0566,509.274,276.2354,56.9386,22.8473,24.2074,18.3848,15.8114,11.3137,9.8995,12.6491,9.0554,3.1623,4.4721,5.099,6.0,2.0,1.4142,2.8284,1.4142,2.0,0.0,1.4142,4.4721,2.8284,2.0,1.4142,0.0,0.0,0.0,0.0,1.4142,3.1623,4.0,4.0,4.4721,4.0,4.4721,4.0,4.4721,4.0,3.1623,2.0,3.1623,3.1623,0.0,4.2426,4.2426,3.1623,3.1623,4.4721,0.0,2.0,2.0
2.0,2.0,2.8284,1.4142,0.0,3.1623,3.1623,4.0,4.4721,3.1623,2.0,4.4721,5.099,4.2426,4.2426,3.1623,0.0,2.8284,2.0,2.0,3.1623,4.0,1.4142,3.1623,2.0,3.1623,3.1623,1.4142,4.4721,3.1623,3.1623,3.1623,4.0,4.2426,3.1623,1.4142,2.8284,3.1623,3.1623,2.8284,1.4142,0.0,1.4142,3.1623,5.6569,4.2426,4.4721,5.099,5.099,4.4721,4.4721,8.2462,8.2462,3.1623,11.0454,16.1245,10.7703,82.801,248.9177,432.0417,337.5204,85.7555,33.6155,36.0555,21.2132,12.6491,9.0554,12.083,21.587,4.4721,12.1655,16.1245,14.2127,10.2956,8.6023,12.1655,14.7648,9.0554,6.3246,5.6569,20.0998,5.831,10.198,20.5913,16.4924,7.6158,13.9284,7.6158,14.1421,18.3848,21.2132,19.2354,17.0294,18.0,24.0832,32.8938,39.8246,36.0555,22.3607,28.178,32.249,33.7343,39.2173,45.5412,37.9473,42.9418,23.0217,29.8329,41.5933,25.02,14.5602,4.0,10.2956,10.7703,4.0,12.8062,19.799,41.6173,44.3847,59.0085,58.0345,39.8497,19.6469,12.8062,8.2462,10.198,14.7648,18.3848,25.1794,3.1623,9.4868,6.3246,12.6491,18.4391,17.4929,7.6158,6.0,6.3246,6.3246,4.4721,4.4721,2.8284,8.0,8.2462,7.2111,54.2033,54.037,439.0626,480.9366,182.4555,50.774,29.7321,22.8035,18.6011,12.8062,10.2956,13.9284,11.6619,5.6569,5.099,6.0,5.099,3.1623,2.8284,3.1623,2.8284,2.8284,2.0,4.2426,5.6569,3.1623,1.4142,0.0,0.0,0.0,0.0,0.0,0.0,1.4142,2.0,1.4142,1.4142,2.0,1.4142,1.4142,1.4142,1.4142,2.0,4.2426,4.4721,4.0,4.4721,4.2426,1.4142,3.1623,2.8284,3.1623,1.4142,2.0,2.0
2.0,2.0,4.0,5.831,3.1623,4.4721,2.8284,2.0,2.8284,3.1623,4.0,4.2426,2.0,2.8284,3.1623,2.0,2.0,2.0,5.099,3.1623,3.1623,4.4721,3.1623,4.2426,2.8284,2.0,2.8284,4.2426,4.2426,1.4142,4.0,3.1623,2.0,1.4142,2.0,1.4142,3.1623,3.1623,1.4142,3.1623,2.8284,1.4142,3.1623,3.1623,5.6569,5.831,5.099,6.0,6.0,4.0,5.099,8.2462,7.0711,3.1623,12.1655,15.0333,17.72,165.7468,378.4706,371.7687,152.2695,30.4631,41.9762,29.7321,17.0294,12.6491,10.7703,10.0,19.0263,2.0,15.0333,15.0333,10.198,2.0,10.0,8.0,20.0,18.9737,4.4721,2.0,21.2132,2.0,11.4018,19.799,18.3848,7.0711,14.1421,4.4721,6.0,7.0711,13.0384,7.6158,1.4142,0.0,2.8284,5.099,17.72,23.7065,20.0998,24.4131,13.0384,9.8995,29.1548,30.0,20.0998,21.587,18.9737,14.5602,37.3363,36.3593,36.4966,43.0116,27.8568,18.4391,22.8473,33.1059,29.9666,37.5766,48.3735,54.4243,58.1893,49.5782,28.8444,14.0,5.831,10.0,13.4164,17.8885,25.4951,6.0,12.8062,7.2111,3.1623,15.8114,20.2485,10.2956,8.0,7.0711,6.3246,7.0711,8.0,10.0,7.0711,7.2111,4.4721,11.4018,65.192,182.5705,528.0758,372.5936,91.9239,30.4631,22.3607,18.868,16.5529,11.4018,11.4018,10.7703,7.2111,7.6158,7.0711,4.0,5.099,4.4721,2.0,2.8284,2.8284,2.0,3.1623,4.0,1.4142,2.8284,1.4142,0.0,0.0,0.0,0.0,0.0,2.0,0.0,2.0,0.0,0.0,0.0,2.0,0.0,2.0,0.0,2.0,1.4142,3.1623,3.1623,1.4142,0.0,1.4142,2.8284,0.0,1.4142,1.4142,2.0
2.0,2.0,2.8284,4.4721,6.3246,4.4721,1.4142,1.4142,4.2426,5.099,6.0,4.0,2.0,2.8284,1.4142,2.0,1.4142,4.2426,7.2111,5.831,5.099,4.2426,4.2426,3.1623,1.4142,1.4142,4.2426,4.2426,2.8284,3.1623,5.6569,4.2426,1.4142,0.0,2.0,3.1623,3.1623,4.0,4.0,5.6569,4.4721,4.2426,3.1623,2.0,4.0,5.099,6.3246,6.3246,6.3246,5.099,6.0,7.0711,6.3246,7.0711,13.9284,15.2315,50.774,271.68,439.1446,233.9273,38.6005,31.9061,39.9249,27.2029,16.5529,10.2956,11.6619,8.9443,11.0454,6.3246,12.083,14.1421,13.9284,6.3246,15.0333,6.3246,16.4924,21.5407,10.0,5.099,18.9737,10.0,24.6982,13.0384,26.0768,6.3246,10.0,6.3246,18.6011,40.7185,43.1741,30.0,4.4721,2.0,5.831,11.4018,23.7065,34.9285,37.1214,17.72,12.1655,6.3246,25.4951,22.6274,15.2971,16.5529,14.1421,12.083,18.6011,38.6264,43.6807,36.4966,38.4187,29.9666,40.2244,50.9902,49.2544,48.3735,55.2268,28.178,25.0599,42.638,40.2244,25.6125,7.0711,9.0554,9.4868,20.8806,23.5372,7.6158,14.2127,11.6619,13.4164,6.3246,18.3848,10.0,8.0,9.0554,10.198,10.198,10.0,7.6158,4.0,8.6023,9.8995,10.2956,48.1664,61.6604,342.1257,524.7323,206.6204,39.3954,22.8473,17.8885,19.2354,15.8114,12.8062,13.0384,8.6023,8.9443,9.4868,5.099,6.0,4.0,0.0,3.1623,1.4142,1.4142,1.4142,3.1623,2.8284,1.4142,1.4142,2.0,2.0,2.0,2.0,2.0,2.8284,3.1623,4.4721,3.1623,1.4142,0.0,1.4142,2.0,1.4142,1.4142,2.8284,1.4142,2.0,0.0,0.0,1.4142,2.0,2.8284,2.8284,1.4142,2.0,0.0
0.0,0.0,1.4142,1.4142,2.0,4.0,4.0,4.4721,4.2426,0.0,2.0,0.0,3.1623,3.1623,2.0,4.0,6.0,5.831,7.2111,4.2426,2.8284,2.8284,3.1623,1.4142,2.0,2.8284,4.4721,2.8284,4.2426,5.831,7.2111,5.099,4.4721,4.0,3.1623,3.1623,2.0,0.0,0.0,4.0,3.1623,4.4721,0.0,3.1623,5.6569,4.2426,5.099,6.0,6.0,7.0711,5.099,7.0711,8.9443,11.6619,16.5529,17.4929,130.1768,415.9327,408.1421,112.4455,18.868,37.4433,30.5287,23.4094,17.088,9.8995,10.7703,7.6158,4.0,13.4164,13.4164,15.8114,19.2354,10.0,18.9737,8.6023,13.4164,16.1245,10.198,5.831,15.8114,20.8806,22.3607,2.8284,25.02,4.4721,9.8995,7.0711,19.6469,26.0768,35.4683,40.0,18.9737,17.0294,17.72,19.6977,19.6469,25.4951,31.0483,35.3553,24.6982,25.2982,8.9443,13.4164,15.8114,21.2603,20.0,19.6469,16.0,22.0907,26.6833,15.8114,26.0,18.6011,26.6833,37.3631,33.1059,42.5441,31.1448,9.4868,22.8035,23.3238,18.0,27.2029,14.5602,12.1655,12.083,19.2354,15.8114,15.6205,11.4018,7.2111,15.8114,8.9443,17.4929,5.831,1.4142,8.6023,12.6491,12.0,11.0454,11.0454,13.3417,18.4391,20.8806,18.4391,21.0238,103.3538,96.1769,513.2816,394.9101,84.3801,25.807,22.6716,21.6333,17.4929,12.8062,14.4222,11.4018,10.2956,10.7703,7.6158,7.0711,4.0,0.0,4.0,1.4142,3.1623,1.4142,1.4142,1.4142,2.0,1.4142,1.4142,3.1623,4.0,4.0,4.0,4.2426,1.4142,3.1623,2.8284,2.8284,2.0,1.4142,0.0,0.0,2.0,1.4142,2.8284,1.4142,0.0,0.0,2.0,1.4142,2.8284,2.8284,2.0,1.4142,0.0
0.0,0.0,0.0,2.0,3.1623,3.1623,4.0,3.1623,1.4142,2.0,1.4142,2.8284,1.4142,1.4142,3.1623,4.4721,4.0,3.1623,5.099,2.0,1.4142,2.8284,1.4142,2.0,1.4142,2.8284,4.4721,4.2426,4.2426,3.1623,3.1623,2.0,4.0,5.099,4.0,3.1623,2.8284,2.0,2.0,4.4721,3.1623,3.1623,3.1623,1.4142,4.4721,4.2426,5.6569,5.831,6.3246,9.4868,5.6569,10.2956,13.0384,12.8062,20.5913,48.1664,283.2419,499.988,256.0195,34.0,34.6699,31.9061,20.5913,20.2485,15.8114,7.6158,3.1623,14.1421,17.0294,18.3848,15.2971,19.8494,28.3196,21.4009,23.4094,5.6569,9.4868,14.1421,15.8114,14.4222,19.8494,19.2354,13.0384,4.4721,23.0217,12.6491,12.7279,9.4868,21.0238,45.0999,55.0273,33.6155,17.72,17.0294,20.2485,14.1421,8.6023,13.9284,12.6491,32.5576,27.8927,26.8328,22.6716,11.0454,12.8062,8.9443,3.1623,14.2127,23.1948,13.0384,7.0711,14.7648,25.1794,20.3961,24.0416,39.8497,31.9061,22.3607,8.9443,22.8473,48.6004,58.3095,52.0384,28.4605,19.2354,15.6205,17.4929,16.1245,14.7648,14.4222,3.1623,5.099,10.7703,15.6205,22.6716,17.0294,13.9284,16.1245,17.72,21.2132,22.0907,20.0,21.587,19.2354,19.6469,21.2132,18.0,58.258,68.3081,317.0773,534.5372,238.5624,44.0454,22.8035,24.6982,20.0,15.5563,15.8114,13.0384,12.6491,11.0454,8.0,7.0711,4.2426,3.1623,3.1623,3.1623,4.4721,2.8284,2.0,1.4142,0.0,2.0,3.1623,2.8284,2.0,2.0,2.0,4.4721,2.0,4.4721,1.4142,2.0,0.0,1.4142,3.1623,4.0,3.1623,2.0,3.1623,3.1623,1.4142,0.0,2.0,3.1623,2.8284,3.1623,0.0,0.0,0.0
2.0,1.4142,1.4142,4.2426,5.6569,2.0,1.4142,1.4142,0.0,1.4142,4.2426,3.1623,1.4142,3.1623,2.8284,1.4142,0.0,1.4142,4.4721,2.8284,2.0,1.4142,1.4142,1.4142,2.0,3.1623,4.4721,4.4721,1.4142,1.4142,2.8284,5.099,2.0,2.0,0.0,1.4142,4.2426,3.1623,2.0,4.4721,1.4142,1.4142,4.2426,4.4721,5.6569,5.831,5.099,5.099,6.3246,10.198,7.2111,10.2956,11.4018,13.9284,40.4969,146.3489,439.2949,430.2232,86.2786,10.198,38.4187,22.6274,16.1245,16.4924,13.0384,6.0,1.4142,22.0,20.8806,7.6158,1.4142,16.0,27.4591,21.587,29.0172,1.4142,9.4868,14.5602,17.2627,13.3417,11.4018,9.0554,8.9443,16.0,15.2315,13.3417,8.4853,8.2462,7.0711,17.2627,10.198,3.1623,1.4142,4.0,13.4164,10.0,11.0454,21.587,12.1655,22.8035,15.5563,15.8114,21.6333,17.0294,22.8473,20.0,21.5407,18.3848,7.6158,15.6205,19.6977,20.0,32.6497,26.0768,26.8328,31.241,42.0476,53.0094,38.0,52.8394,49.3964,32.5576,18.9737,18.868,16.1245,8.9443,22.8035,18.6011,14.2127,1.4142,1.4142,4.4721,9.4868,10.0,11.4018,11.0454,7.0711,11.4018,27.313,20.0998,19.2354,27.0185,22.0,17.72,16.4924,15.2971,14.5602,25.4558,93.0591,65.6049,480.6038,458.9553,125.1,24.0416,28.4253,24.0416,20.0,21.2603,17.4929,15.2315,13.4164,10.2956,7.2111,4.2426,2.8284,1.4142,2.8284,2.8284,1.4142,1.4142,2.0,0.0,3.1623,4.4721,0.0,3.1623,3.1623,1.4142,4.0,4.0,4.0,1.4142,2.8284,1.4142,0.0,3.1623,3.1623,4.0,4.0,4.0,4.4721,4.2426,1.4142,3.1623,4.4721,3.1623,3.1623,3.1623,4.0,4.0
4.0,4.4721,4.4721,5.6569,4.2426,3.1623,2.0,2.0,1.4142,2.0,3.1623,1.4142,3.1623,5.6569,3.1623,2.0,3.1623,4.4721,4.2426,1.4142,0.0,1.4142,4.2426,4.0,3.1623,4.4721,4.4721,3.1623,0.0,0.0,3.1623,5.099,2.0,2.0,4.0,4.4721,4.2426,2.8284,2.0,3.1623,1.4142,3.1623,4.4721,4.2426,5.099,7.0711,6.3246,6.3246,6.3246,8.0,9.0554,8.0,9.0554,18.0,77.8332,304.4011,491.7093,246.7104,16.9706,22.3607,28.178,12.7279,10.2956,13.0384,12.0,6.0,3.1623,19.6977,26.8701,24.0,23.1948,29.1548,41.2311,34.9857,28.8444,7.0711,12.0,15.2971,12.0,13.4164,12.7279,12.6491,15.6205,21.9545,12.7279,17.72,5.099,5.099,12.6491,18.1108,12.1655,14.2127,23.1948,28.6356,30.8869,27.4591,23.0217,27.4591,7.0711,18.1108,14.1421,13.0384,13.3417,5.831,10.7703,4.4721,4.4721,19.6469,25.02,25.1794,37.1214,56.3205,63.0714,42.7551,38.4187,38.0789,51.0098,69.7711,60.2993,39.3954,7.6158,36.2215,56.5155,52.6308,39.6989,10.0,18.0,17.088,19.8494,10.198,5.831,4.2426,8.2462,5.831,8.6023,15.2971,13.0384,14.4222,28.8444,42.19,32.6497,29.1548,24.7386,21.5407,17.088,12.0,10.7703,17.8885,47.7074,100.6876,236.5967,550.587,266.6608,31.6228,32.5576,29.6985,21.4009,24.6982,21.0238,15.6205,17.0294,14.4222,8.6023,5.831,2.8284,1.4142,1.4142,1.4142,1.4142,2.8284,1.4142,0.0,4.0,3.1623,4.2426,4.4721,4.4721,4.2426,2.0,4.4721,3.1623,3.1623,3.1623,4.4721,3.1623,3.1623,2.0,0.0,0.0,0.0,1.4142,4.2426,4.4721,4.2426,3.1623,4.0,1.4142,4.2426,4.0,4.0
2.0,3.1623,3.1623,3.1623,1.4142,3.1623,2.0,4.4721,4.4721,3.1623,1.4142,3.1623,2.0,3.1623,1.4142,3.1623,4.4721,3.1623,1.4142,0.0,1.4142,4.2426,4.2426,3.1623,5.099,5.831,4.2426,1.4142,1.4142,3.1623,4.2426,4.4721,4.2426,4.4721,4.0,3.1623,2.8284,4.0,6.0,5.099,4.4721,4.4721,4.4721,5.831,7.0711,8.0,6.0,6.0,7.0711,6.3246,8.0,8.2462,9.0554,23.1948,172.5399,472.5632,404.6381,72.8011,11.4018,26.6833,20.3961,7.0711,7.0711,13.3417,11.4018,4.0,4.2426,5.831,18.9737,24.0832,18.1108,19.2354,30.5287,29.1204,23.3238,17.4929,21.0238,18.1108,8.0,7.6158,10.2956,12.1655,17.0294,23.0217,21.2132,14.2127,2.8284,2.0,13.0384,23.5372,13.4164,17.72,15.6205,16.5529,17.0294,19.799,23.0217,12.7279,14.4222,22.8035,19.799,22.6274,20.5913,23.1948,31.7805,31.0161,26.3059,25.4951,26.3059,31.0161,49.7393,60.9262,43.9318,23.3238,27.8568,13.3417,25.4951,40.4969,38.0789,19.799,31.0161,17.2047,18.6011,4.0,35.1283,18.4391,18.4391,23.4094,10.198,3.1623,7.0711,17.72,15.8114,2.8284,11.4018,15.2971,10.198,19.6469,46.0435,49.5177,20.2485,12.1655,20.3961,25.4951,22.3607,15.8114,12.6491,21.4009,25.0599,94.3716,24.0416,476.892,423.1997,77.7946,32.6497,24.6982,17.2047,26.5707,22.1359,11.6619,15.2315,14.7648,11.4018,8.4853,6.3246,5.831,4.2426,0.0,2.8284,1.4142,0.0,0.0,4.0,2.0,3.1623,3.1623,3.1623,3.1623,1.4142,4.2426,3.1623,3.1623,0.0,2.0,1.4142,2.8284,1.4142,0.0,0.0,1.4142,2.0,3.1623,5.099,4.0,1.4142,4.0,0.0,5.099,2.0,2.0
0.0,0.0,0.0,1.4142,2.0,1.4142,3.1623,4.2426,3.1623,2.8284,3.1623,5.6569,3.1623,1.4142,3.1623,2.8284,1.4142,0.0,1.4142,3.1623,4.4721,4.2426,1.4142,3.1623,4.2426,3.1623,1.4142,1.4142,4.2426,4.4721,3.1623,5.831,7.0711,4.0,1.4142,1.4142,4.2426,4.4721,4.0,5.099,5.099,1.4142,2.8284,4.0,7.6158,9.4868,7.0711,6.0,8.0,7.0711,6.3246,8.2462,10.198,35.4401,316.8627,530.8126,223.1815,34.2345,3.1623,24.3311,17.0294,8.2462,11.6619,14.7648,11.6619,7.6158,7.0711,5.099,3.1623,4.4721,5.831,7.6158,16.4924,22.3607,20.8806,20.2485,29.9666,24.0416,10.198,3.1623,4.0,5.831,9.8995,16.1245,19.2354,14.0,13.3417,14.1421,19.799,29.9666,15.6205,21.2603,26.4197,27.2029,30.2655,25.02,11.6619,15.6205,32.5576,43.0116,41.7612,31.6228,21.5407,18.3848,18.1108,22.0907,22.0,17.088,21.4009,28.6356,45.2769,28.3196,18.1108,22.3607,17.0294,6.3246,11.4018,10.0,25.1794,24.0416,31.6228,38.0789,63.1981,66.0303,26.0768,11.0454,17.088,12.1655,11.0454,10.0,25.4951,32.249,39.1152,21.2132,10.0,14.1421,15.8114,32.5576,42.0476,27.7849,15.2971,12.1655,16.4924,23.0217,21.6333,18.868,13.9284,19.8494,31.7805,46.6905,80.399,314.8746,514.9951,202.5142,55.4617,25.2982,14.7648,26.0,25.0599,15.6205,15.8114,15.5563,15.5563,11.4018,8.2462,8.9443,8.4853,4.4721,2.0,1.4142,2.0,1.4142,4.0,3.1623,3.1623,4.0,4.0,3.1623,2.8284,3.1623,2.8284,1.4142,1.4142,2.0,1.4142,3.1623,1.4142,1.4142,1.4142,4.2426,4.0,3.1623,1.4142,2.0,1.4142,4.4721,1.4142,6.0,0.0,0.0
4.0,3.1623,2.0,3.1623,4.0,3.1623,3.1623,4.0,0.0,1.4142,2.8284,4.4721,2.8284,2.0,4.4721,1.4142,1.4142,3.1623,4.4721,4.4721,3.1623,2.8284,3.1623,4.2426,3.1623,0.0,1.4142,4.2426,4.2426,2.8284,2.0,5.099,6.0,1.4142,3.1623,4.4721,4.2426,1.4142,0.0,2.0,1.4142,4.4721,4.0,4.2426,7.2111,9.4868,7.0711,6.0,8.0,8.0,6.0,8.0,14.5602,97.7548,461.0618,478.7839,76.5768,36.0555,10.2956,21.587,16.4924,13.4164,13.0384,12.083,10.7703,5.6569,5.099,6.0,4.4721,4.4721,4.2426,6.3246,12.083,13.3417,7.0711,14.0,27.0185,25.4951,13.4164,5.831,3.1623,12.8062,8.2462,14.7648,20.0998,23.1948,21.2132,20.0998,24.0832,31.9061,21.0238,21.6333,18.3848,15.2971,15.8114,17.0294,6.3246,24.0832,27.2029,35.4401,22.6716,15.8114,5.831,8.9443,6.0,6.0,9.0554,15.8114,25.4558,21.6333,16.4924,15.8114,22.1359,21.0238,4.2426,7.6158,8.2462,10.198,25.807,26.8701,29.7321,43.9318,40.025,30.5287,32.0624,17.8885,23.4094,27.0185,21.0238,11.3137,48.0833,36.3593,46.6905,41.1096,19.0263,10.0,21.9545,29.0172,29.9666,25.807,22.6716,28.0713,8.9443,17.0294,8.2462,12.8062,15.8114,21.4009,44.2719,43.2897,87.8635,118.5327,476.2058,365.8251,105.119,33.6155,18.3848,25.0599,24.6982,19.8494,17.0294,14.2127,14.2127,13.0384,11.4018,10.0,10.2956,7.2111,4.2426,3.1623,0.0,2.0,4.0,4.0,0.0,1.4142,2.0,1.4142,2.0,0.0,4.0,0.0,2.0,1.4142,2.8284,3.1623,3.1623,3.1623,3.1623,2.0,1.4142,2.0,2.0,2.0,4.4721,5.6569,4.4721,4.4721,0.0,0.0
4.0,4.4721,4.0,4.4721,4.0,4.4721,4.4721,5.6569,4.0,4.0,3.1623,3.1623,1.4142,2.0,4.4721,3.1623,4.4721,4.4721,3.1623,1.4142,1.4142,4.2426,5.831,6.3246,5.099,4.0,3.1623,3.1623,3.1623,2.8284,2.0,3.1623,4.4721,2.8284,2.8284,4.4721,3.1623,1.4142,0.0,1.4142,2.8284,2.0,6.3246,6.0,6.3246,7.0711,6.0,6.0,8.0,7.0711,5.831,9.4868,25.4951,234.8829,555.7931,343.7965,34.2053,23.0217,11.4018,20.8806,18.3848,13.4164,8.2462,11.0454,10.198,3.1623,1.4142,3.1623,2.8284,4.0,11.0454,13.3417,10.2956,4.0,8.0,19.6469,20.3961,20.3961,18.1108,9.8995,12.8062,12.8062,10.2956,22.3607,10.7703,13.3417,13.0384,7.6158,20.3961,24.3311,10.7703,20.0,20.2485,8.6023,15.8114,24.0832,18.3848,35.805,17.4929,30.3645,27.8568,12.6491,3.1623,17.72,14.1421,15.0333,17.088,21.0238,4.4721,26.0768,35.6931,25.807,8.4853,27.4591,15.8114,13.9284,7.0711,4.2426,14.7648,22.8473,34.0588,31.0483,18.3848,37.6563,25.1794,38.0526,31.1448,21.6333,19.2354,8.9443,54.3323,17.72,43.6578,39.1152,22.8473,27.8568,7.6158,19.799,30.2324,21.587,23.0217,34.0,10.198,21.2132,6.0,2.0,10.0,18.6011,47.0106,55.0273,60.8276,31.1448,321.5494,494.081,216.5179,38.6264,17.4929,23.4094,21.0238,19.2354,17.72,11.4018,10.2956,8.4853,7.2111,10.2956,10.7703,7.2111,5.831,4.4721,2.0,1.4142,4.0,4.0,0.0,2.0,0.0,2.0,2.0,0.0,4.0,0.0,3.1623,3.1623,4.4721,2.0,3.1623,1.4142,1.4142,2.0,3.1623,1.4142,3.1623,4.4721,3.1623,4.4721,2.8284,1.4142,1.4142,2.0
0.0,1.4142,3.1623,4.4721,4.0,5.099,6.3246,5.831,4.0,4.0,4.0,2.0,0.0,1.4142,4.4721,4.2426,3.1623,1.4142,0.0,1.4142,4.2426,4.2426,4.4721,4.2426,4.0,4.0,4.0,3.1623,4.4721,2.8284,2.0,2.8284,2.8284,4.4721,3.1623,2.0,0.0,1.4142,2.0,2.0,2.8284,1.4142,6.0,8.0,5.099,6.3246,7.0711,6.0,8.0,5.099,4.4721,11.0454,53.1413,394.8164,548.3393,161.059,53.0848,12.1655,10.0,19.6469,18.4391,10.7703,5.831,11.0454,11.0454,2.8284,1.4142,3.1623,2.0,7.0711,9.8995,9.0554,4.4721,5.831,13.0384,24.6982,18.868,16.1245,23.5372,16.1245,15.8114,7.0711,13.3417,21.587,16.1245,2.0,10.0,7.6158,21.587,19.0263,7.2111,19.8494,29.7321,20.3961,26.0768,39.8497,50.1597,29.1548,4.4721,21.0238,31.1448,36.2491,36.0555,42.638,27.8927,16.5529,15.0333,7.2111,27.313,35.609,32.5576,35.0143,9.4868,43.2897,20.2485,21.2132,16.9706,13.0384,13.4164,9.8995,6.0,2.8284,29.1204,34.9857,28.6007,60.1664,32.5576,29.8329,21.0238,15.2971,39.9249,39.0128,46.8615,15.6205,3.1623,1.4142,13.4164,13.0384,37.3363,36.0,23.4094,27.0185,13.4164,18.1108,10.0,7.0711,9.8995,14.4222,39.8246,63.2456,44.9222,78.4092,130.384,519.9115,392.9198,60.0833,17.0294,20.0998,17.088,20.2485,21.587,10.7703,8.9443,7.2111,5.6569,10.2956,11.4018,9.8995,8.6023,5.831,1.4142,1.4142,4.4721,3.1623,1.4142,1.4142,1.4142,0.0,4.2426,3.1623,5.099,0.0,4.0,2.0,2.0,1.4142,2.8284,1.4142,1.4142,3.1623,4.2426,2.0,2.0,1.4142,0.0,3.1623,3.1623,1.4142,2.8284,2.0
4.0,4.0,4.4721,5.831,6.0,6.0,5.099,3.1623,3.1623,4.0,3.1623,3.1623,0.0,3.1623,4.4721,3.1623,0.0,0.0,0.0,3.1623,4.4721,1.4142,4.0,4.0,0.0,0.0,2.8284,5.099,4.4721,2.8284,2.0,2.8284,4.2426,4.2426,2.8284,2.8284,2.0,2.0,2.0,3.1623,4.4721,4.2426,6.3246,8.2462,6.0,5.099,7.0711,7.0711,8.0,4.0,4.0,15.2971,131.947,513.8813,463.4566,38.6005,46.0435,8.6023,10.0,17.72,17.2627,10.198,4.4721,8.0,13.0384,2.0,2.0,2.8284,2.8284,9.0554,10.198,3.1623,5.831,10.7703,20.2485,27.4591,22.6716,21.4009,21.4009,22.3607,18.4391,16.1245,22.1359,22.0,10.198,5.099,9.4868,12.6491,13.0384,17.2047,17.72,17.72,27.4591,24.0832,24.0416,23.1948,20.0,14.1421,12.083,16.4924,14.5602,38.4187,40.05,53.8516,46.1736,40.0,33.2866,10.0,26.6833,31.4006,46.6905,46.6476,17.0294,58.1378,12.0,18.0,15.2971,31.0161,15.2315,27.7849,21.9545,12.8062,18.4391,25.0599,25.9615,57.4282,35.805,39.8246,24.4131,25.4558,31.0161,46.1736,40.025,31.0161,36.2215,30.3645,3.1623,13.3417,36.1386,47.5184,25.4951,12.6491,11.6619,15.6205,5.099,10.2956,12.083,14.1421,37.2022,71.8053,54.037,65.6201,62.6418,433.8663,520.7245,91.0824,17.0294,17.0294,13.3417,19.6469,22.1359,13.0384,10.0,8.6023,8.9443,11.4018,10.0,10.0,10.2956,7.2111,4.2426,3.1623,4.0,2.0,3.1623,3.1623,4.4721,3.1623,3.1623,2.0,4.4721,4.0,2.8284,2.0,1.4142,3.1623,4.4721,5.099,6.0,4.0,1.4142,0.0,0.0,0.0,0.0,1.4142,4.2426,4.4721,3.1623,2.0
4.0,4.0,3.1623,4.4721,3.1623,4.0,4.0,4.0,4.4721,3.1623,2.8284,4.4721,6.0,5.831,4.2426,1.4142,0.0,1.4142,3.1623,4.2426,3.1623,1.4142,4.4721,4.4721,3.1623,4.0,4.2426,2.8284,2.0,1.4142,1.4142,4.2426,4.2426,2.8284,4.2426,4.4721,4.0,3.1623,2.0,2.8284,1.4142,4.0,5.099,7.6158,9.4868,5.099,6.0,8.0,8.0,5.099,5.831,26.0,248.5679,562.0818,336.5828,36.0555,38.2099,4.0,9.4868,16.4924,16.4924,9.4868,4.4721,6.3246,14.1421,5.6569,6.3246,4.4721,4.4721,9.4868,9.4868,5.099,9.8995,15.6205,24.1661,20.2485,15.0333,19.2354,18.6011,20.5913,11.4018,9.0554,23.5372,23.0217,18.3848,12.6491,9.8995,15.2315,0.0,13.3417,18.0,17.0294,21.2603,12.8062,9.4868,12.083,5.099,17.72,14.2127,11.6619,9.4868,25.02,7.0711,19.0263,20.8806,32.249,33.3766,16.0,16.5529,30.2655,41.1096,23.3238,19.6469,53.0094,16.5529,35.3836,32.6497,17.8885,29.9666,23.5372,13.3417,11.4018,15.6205,21.0238,29.4279,39.2938,34.7851,42.5441,20.0998,20.0,15.0333,22.6716,15.0333,15.0333,13.4164,23.4094,21.0238,9.4868,30.4631,45.2769,24.0,6.3246,5.099,11.3137,8.6023,8.0,14.1421,21.6333,35.3836,80.9938,70.8378,48.8262,107.1541,367.4915,553.2034,115.9741,18.4391,14.5602,13.9284,17.72,20.2485,14.4222,11.3137,8.6023,7.0711,10.7703,8.6023,9.8995,12.8062,10.0,8.6023,7.0711,5.6569,4.4721,5.831,4.0,3.1623,3.1623,1.4142,2.0,2.0,1.4142,2.0,2.8284,3.1623,4.4721,3.1623,1.4142,0.0,2.0,0.0,0.0,1.4142,2.0,2.0,2.0,1.4142,1.4142,3.1623,4.0
4.0,4.0,3.1623,3.1623,3.1623,2.0,2.0,2.0,1.4142,2.0,1.4142,4.4721,6.0,4.0,1.4142,0.0,0.0,3.1623,4.2426,4.4721,4.4721,4.4721,4.2426,4.4721,4.2426,4.0,3.1623,1.4142,1.4142,3.1623,4.4721,4.2426,1.4142,2.0,4.0,2.0,0.0,1.4142,3.1623,3.1623,1.4142,4.0,4.0,5.099,9.4868,7.6158,7.0711,8.0,8.0,7.0711,8.9443,37.9473,370.7344,561.9555,197.9747,55.2268,32.249,1.4142,10.198,16.1245,17.2627,10.2956,7.2111,9.8995,13.4164,7.2111,4.4721,5.831,4.2426,9.4868,7.0711,9.0554,15.2315,18.4391,24.6982,17.2047,10.2956,24.0832,13.3417,16.1245,19.799,1.4142,18.6011,21.4009,18.6011,14.7648,19.2354,20.2485,14.2127,13.0384,2.8284,7.2111,18.868,16.5529,5.099,8.6023,9.0554,6.0,9.8995,7.6158,15.6205,7.6158,21.0238,24.6982,26.9072,31.7805,28.6356,20.0,3.1623,4.4721,18.6011,28.2843,38.4708,32.6497,12.8062,43.0116,27.2029,19.6469,31.0161,2.0,5.6569,10.2956,23.3238,31.4006,22.6274,14.7648,24.3311,11.4018,25.4951,19.6469,8.9443,15.6205,22.8035,36.8782,39.6232,29.5296,17.088,8.6023,26.6833,38.0789,26.8328,17.2627,12.083,20.8806,12.083,18.3848,20.3961,27.0185,17.8885,70.2282,81.1542,41.0122,96.933,308.1039,532.4303,147.5127,24.1661,14.7648,15.8114,15.8114,18.3848,14.4222,11.3137,9.8995,8.6023,10.0,10.0,10.0,12.7279,11.4018,10.0,9.8995,7.0711,4.4721,7.2111,7.2111,4.0,2.0,0.0,3.1623,1.4142,3.1623,2.0,1.4142,2.0,2.0,0.0,1.4142,2.0,2.8284,2.0,1.4142,2.0,0.0,4.0,1.4142,1.4142,1.4142,3.1623,0.0
4.0,4.0,4.4721,3.1623,3.1623,0.0,0.0,0.0,0.0,1.4142,2.0,4.4721,3.1623,4.2426,1.4142,0.0,0.0,4.0,5.099,4.2426,4.4721,3.1623,2.8284,4.4721,3.1623,0.0,1.4142,2.0,4.2426,5.831,5.099,4.4721,4.0,3.1623,3.1623,3.1623,3.1623,4.0,4.4721,3.1623,3.1623,3.1623,4.4721,4.4721,8.2462,9.0554,8.0,8.0,9.0554,9.4868,12.083,72.4983,480.5206,518.247,68.9493,52.8015,19.2354,6.0,10.2956,16.4924,18.4391,12.083,8.6023,9.8995,8.9443,5.099,3.1623,6.3246,1.4142,7.0711,5.831,9.4868,15.0333,17.2627,25.1794,22.8035,20.8806,15.8114,26.4197,44.0454,46.6476,15.8114,21.2132,30.4631,30.0,19.6977,14.4222,4.2426,11.0454,11.0454,6.3246,7.2111,13.3417,16.1245,4.4721,8.6023,17.2627,0.0,6.0,19.0263,5.099,7.2111,7.2111,11.4018,20.5913,20.3961,22.3607,18.3848,11.4018,21.587,41.3038,57.0088,48.3735,30.2655,26.9072,40.2244,29.4279,40.0,28.8444,14.2127,9.0554,22.8035,29.8329,23.0217,10.7703,6.3246,8.9443,13.3417,29.5296,11.4018,3.1623,7.6158,21.0238,31.1127,33.7343,32.0,24.0832,15.0333,19.2354,34.2345,23.5372,23.7065,11.4018,21.0238,17.088,9.4868,24.0416,29.8329,6.3246,46.8402,79.1202,42.638,89.0505,216.1712,525.7319,227.1079,27.4591,21.6333,18.3848,15.8114,15.8114,13.4164,10.7703,8.2462,7.6158,7.2111,7.2111,7.2111,9.4868,7.6158,7.0711,10.0,8.4853,5.6569,6.3246,6.3246,1.4142,2.0,0.0,4.0,1.4142,4.4721,2.0,2.0,1.4142,1.4142,2.0,1.4142,0.0,2.0,0.0,3.1623,2.8284,2.0,4.4721,5.099,4.2426,2.8284,3.1623,0.0
0.0,0.0,1.4142,3.1623,3.1623,1.4142,0.0,1.4142,3.1623,3.1623,1.4142,4.0,3.1623,4.2426,4.2426,1.4142,0.0,4.0,7.0711,4.4721,1.4142,1.4142,4.2426,4.2426,1.4142,1.4142,4.2426,4.0,4.2426,3.1623,0.0,3.1623,3.1623,4.0,4.4721,5.6569,4.4721,4.0,3.1623,3.1623,3.1623,3.1623,5.6569,5.831,9.0554,10.0,8.0,8.0,10.0,11.0454,18.3848,154.4345,551.284,420.9537,19.0263,31.9061,4.0,6.0,10.0,15.8114,17.2627,13.3417,8.6023,5.6569,4.0,4.2426,5.6569,7.2111,4.0,7.2111,5.831,5.099,11.3137,21.2132,36.2491,29.1204,8.2462,2.0,31.1448,15.8114,65.7875,33.9411,24.3311,25.6125,29.7321,13.0384,4.4721,3.1623,11.4018,19.8494,12.1655,9.8995,16.4924,25.4951,21.0238,14.1421,9.8995,16.4924,14.5602,16.0,5.099,2.8284,5.6569,12.7279,21.6333,18.6011,21.2603,26.0,30.5941,36.2491,47.0106,38.833,26.6833,25.1794,37.1214,47.8539,47.5184,40.2492,21.6333,14.1421,7.6158,25.4951,18.1108,6.3246,8.4853,7.2111,8.6023,11.0454,30.4631,34.9857,15.8114,5.831,22.3607,25.02,9.8995,25.1794,33.0151,29.1548,11.4018,31.0161,25.02,17.2627,13.3417,17.088,32.9848,24.4131,18.1108,32.0,6.3246,32.6497,65.5134,61.0737,104.3935,105.6788,504.5077,336.6809,45.3431,28.6007,24.4131,21.0238,15.8114,13.3417,14.0,8.2462,5.099,7.0711,5.099,5.099,10.198,5.831,5.6569,9.4868,6.3246,6.3246,7.0711,6.0,2.0,2.0,0.0,3.1623,2.8284,3.1623,0.0,0.0,0.0,0.0,1.4142,2.0,1.4142,2.0,5.099,5.831,3.1623,2.0,3.1623,2.8284,4.0,1.4142,1.4142,0.0
0.0,0.0,0.0,3.1623,2.0,3.1623,1.4142,4.2426,4.4721,4.4721,5.099,5.831,2.8284,1.4142,4.2426,4.4721,4.0,4.2426,7.0711,4.0,0.0,3.1623,4.4721,1.4142,1.4142,4.2426,5.6569,5.099,4.0,1.4142,1.4142,3.1623,2.0,0.0,3.1623,4.4721,1.4142,0.0,0.0,3.1623,3.1623,4.0,5.831,7.0711,10.0,10.0,8.0,8.0,9.0554,11.4018,32.5576,253.2982,566.8474,296.1419,60.0167,16.1245,5.831,3.1623,9.0554,14.0,16.0,13.0384,7.6158,4.4721,5.099,8.0,12.083,10.7703,6.3246,7.6158,7.0711,2.0,6.3246,14.2127,36.0555,41.0366,33.1059,21.5407,10.2956,49.3964,61.4003,26.9072,9.0554,20.3961,33.3766,19.2354,8.4853,24.2074,29.8329,37.4433,33.9411,20.0,17.0294,33.1361,2.0,11.0454,10.7703,11.6619,24.6982,19.2354,19.0263,16.4924,11.0454,2.0,18.4391,25.807,27.8927,40.1995,52.9528,49.0306,25.4951,6.0,2.8284,17.088,26.0,29.8329,19.8494,1.4142,8.4853,6.0,17.72,17.8885,11.3137,8.9443,9.4868,10.2956,8.4853,10.0,7.0711,26.5707,22.1359,21.587,22.6716,17.2047,29.9666,32.249,29.4279,29.7321,20.2485,19.6977,24.0416,24.7386,14.1421,21.587,10.198,30.2324,21.6333,31.0161,11.3137,24.2074,43.8634,67.9412,126.4911,36.2491,430.2046,414.7795,61.2699,29.8329,30.0,27.4591,21.9545,17.088,15.8114,10.0,7.2111,9.0554,4.0,4.0,9.0554,4.4721,4.4721,10.198,7.0711,6.0,8.0,5.099,3.1623,4.2426,1.4142,2.0,2.0,2.0,0.0,0.0,0.0,1.4142,4.2426,4.0,4.4721,4.4721,4.4721,3.1623,1.4142,0.0,2.0,3.1623,4.4721,2.0,2.0,2.0
0.0,1.4142,3.1623,4.2426,1.4142,4.0,2.0,4.0,2.0,1.4142,3.1623,3.1623,1.4142,0.0,2.0,1.4142,3.1623,4.4721,5.831,3.1623,1.4142,4.4721,3.1623,1.4142,4.2426,4.2426,3.1623,2.0,2.0,1.4142,4.2426,3.1623,2.8284,2.0,3.1623,5.099,3.1623,4.0,3.1623,2.8284,2.0,1.4142,7.0711,8.2462,9.0554,10.0,8.0,8.0,8.0,9.0554,43.0116,319.8281,546.2545,203.0025,65.8027,10.198,9.4868,8.9443,12.6491,15.0333,15.0333,11.4018,7.6158,2.8284,3.1623,5.831,9.8995,8.2462,8.9443,11.4018,12.8062,11.0454,14.1421,17.088,21.9545,20.0998,16.4924,14.7648,24.0832,37.3363,27.0185,16.9706,13.3417,11.0454,29.9666,29.1548,19.799,31.4006,26.8328,35.7771,48.1041,35.3553,12.1655,23.7065,22.1359,12.083,7.6158,5.099,14.4222,29.0172,33.1361,31.0483,25.2982,21.9545,10.198,14.1421,38.4708,43.9318,33.7343,18.9737,15.0333,14.4222,10.7703,15.2971,10.0,26.0768,20.3961,13.0384,12.083,15.2971,11.0454,10.198,5.099,13.4164,2.8284,14.7648,8.9443,3.1623,10.2956,27.7849,26.4197,31.0161,23.3238,16.1245,45.1885,38.2099,29.8329,27.313,11.3137,4.2426,14.1421,34.2053,37.7359,35.4683,14.2127,16.1245,29.7321,25.6125,14.2127,17.8885,31.4006,47.4131,104.8046,119.5492,348.7492,468.9563,82.7647,32.6497,32.6497,26.8328,25.4951,21.5407,14.7648,11.4018,12.7279,13.0384,7.2111,4.4721,8.2462,5.099,4.0,9.0554,7.6158,7.2111,8.9443,5.831,1.4142,4.0,3.1623,3.1623,1.4142,3.1623,0.0,0.0,0.0,3.1623,4.4721,2.0,3.1623,3.1623,1.4142,0.0,1.4142,2.0,0.0,2.8284,3.1623,0.0,0.0,0.0
4.0,4.4721,4.4721,3.1623,2.8284,4.2426,3.1623,4.4721,4.2426,3.1623,0.0,2.0,0.0,3.1623,4.2426,1.4142,2.0,3.1623,4.4721,2.8284,4.2426,4.2426,2.8284,2.8284,3.1623,2.0,2.0,2.0,1.4142,2.8284,3.1623,1.4142,4.2426,4.0,4.4721,7.2111,4.4721,4.0,4.4721,4.4721,4.0,4.2426,8.2462,9.0554,9.0554,9.0554,9.0554,8.2462,7.0711,9.0554,41.0122,359.2353,525.3437,154.6351,47.4131,9.4868,2.8284,4.0,16.0,18.4391,12.6491,12.6491,11.4018,4.4721,5.831,8.6023,11.3137,9.4868,12.1655,18.1108,25.4951,30.0666,34.5254,40.025,48.1041,48.0833,41.2311,36.6879,38.2884,34.0,16.4924,5.831,10.0,6.3246,19.8494,33.9411,36.3593,45.4533,36.0555,34.2053,53.2541,39.4462,16.5529,11.4018,13.0384,17.4929,19.2354,15.6205,5.831,7.0711,8.0,15.8114,18.4391,18.868,20.2485,25.0599,20.0998,8.6023,7.0711,20.2485,22.3607,9.4868,9.8995,23.3238,24.7386,27.4591,19.6469,9.0554,11.0454,16.5529,10.7703,4.4721,14.1421,28.6007,22.3607,22.8473,5.099,10.2956,18.4391,28.8444,28.6007,30.5287,21.9545,12.7279,53.1601,38.833,40.4969,31.0161,9.4868,8.6023,12.0,18.868,30.0,36.7151,28.6356,15.2971,19.8494,21.0238,20.2485,17.2627,23.0217,24.7386,72.1249,181.0249,289.0675,496.0585,107.5639,32.8938,33.7343,24.7386,23.4094,24.1661,15.8114,10.0,12.8062,14.7648,10.7703,4.4721,7.6158,7.6158,4.4721,7.2111,8.4853,8.6023,8.9443,7.2111,4.4721,4.0,2.8284,4.2426,1.4142,4.0,0.0,0.0,0.0,4.0,3.1623,2.0,1.4142,0.0,0.0,0.0,0.0,0.0,2.0,2.0,2.0,0.0,0.0,0.0
4.0,3.1623,1.4142,1.4142,1.4142,2.0,4.0,4.2426,3.1623,2.0,1.4142,3.1623,4.4721,3.1623,5.099,3.1623,4.0,7.2111,5.831,4.4721,5.6569,4.4721,4.4721,4.4721,4.4721,4.4721,4.4721,5.831,6.0,4.0,2.8284,4.2426,5.6569,4.0,4.4721,5.831,1.4142,0.0,1.4142,3.1623,4.0,5.6569,8.9443,10.7703,11.4018,9.0554,10.0,8.0,7.0711,10.198,42.4264,411.2542,502.7146,97.6217,22.8035,17.0294,4.2426,3.1623,20.3961,23.4094,14.1421,17.2047,11.3137,8.9443,12.1655,14.1421,16.1245,13.3417,14.1421,18.4391,23.0217,27.4591,27.8927,29.9666,34.4093,31.7805,32.9848,36.6879,39.8246,33.6155,17.72,8.9443,10.0,20.0,7.2111,33.3766,58.1378,48.8467,21.2132,11.4018,43.382,49.3964,21.6333,10.0,16.5529,25.807,18.868,21.4009,31.1448,36.0555,17.0294,13.4164,12.8062,8.6023,9.0554,19.8494,36.7151,40.025,31.7805,24.2074,18.4391,5.099,0.0,13.4164,29.1204,25.2982,12.7279,3.1623,7.0711,5.6569,11.6619,11.4018,24.0,18.1108,14.1421,21.9545,18.0,21.0238,20.2485,30.5287,35.609,29.7321,18.4391,11.3137,41.9762,41.2311,51.225,45.8039,31.6228,26.3059,15.8114,13.3417,17.72,32.249,37.7359,31.4006,25.4951,19.6469,19.2354,19.6469,21.0238,20.3961,76.6551,212.1509,262.1221,507.0247,119.0042,30.2655,32.8938,27.4591,25.4951,31.1127,25.4951,15.8114,14.4222,15.8114,12.6491,5.831,6.3246,8.2462,4.4721,4.2426,7.6158,8.2462,7.6158,7.0711,8.6023,6.3246,0.0,1.4142,2.8284,3.1623,1.4142,2.0,1.4142,3.1623,3.1623,3.1623,3.1623,0.0,1.4142,2.0,1.4142,0.0,1.4142,2.8284,3.1623,0.0,1.4142,2.0
0.0,1.4142,2.0,3.1623,0.0,2.0,0.0,1.4142,2.8284,0.0,3.1623,4.4721,3.1623,2.0,7.6158,4.2426,8.0,10.7703,7.6158,7.0711,5.831,4.4721,3.1623,4.2426,5.831,5.099,4.4721,5.6569,4.0,4.4721,4.4721,4.2426,4.4721,3.1623,3.1623,3.1623,1.4142,3.1623,3.1623,1.4142,0.0,4.0,7.0711,9.4868,12.6491,11.4018,10.198,9.0554,10.198,9.4868,39.3192,450.0178,482.0041,54.5894,9.0554,19.2354,5.6569,2.8284,24.0832,25.4951,14.4222,15.8114,10.0,12.8062,19.6469,16.0,9.4868,3.1623,5.831,7.2111,2.8284,6.0,8.2462,13.3417,19.0263,15.0333,9.0554,10.198,20.0998,13.0384,6.3246,15.2315,17.4929,21.4009,31.7805,23.4094,27.7849,1.4142,14.5602,3.1623,24.0832,50.9902,41.2311,25.0599,31.1448,18.3848,49.0918,52.345,44.0454,24.0,28.0,19.2354,19.2354,20.2485,18.4391,10.198,6.0,20.2485,24.0832,27.8568,17.2627,11.0454,8.2462,21.0238,14.1421,11.0454,10.198,14.7648,18.4391,17.72,9.0554,10.198,21.5407,23.0217,15.8114,8.9443,1.4142,12.6491,18.4391,40.2244,45.3431,30.4631,24.0416,20.3961,5.831,34.4384,21.2603,46.1736,32.5269,38.0526,38.4708,34.9285,11.0454,15.8114,37.0135,36.7696,40.4969,38.0789,17.72,13.3417,17.8885,15.8114,71.5681,235.3593,231.4649,520.4075,138.0797,28.178,30.5287,28.4253,22.6274,26.0768,24.4131,18.4391,17.4929,17.8885,14.7648,8.9443,6.3246,7.6158,5.6569,4.2426,8.2462,7.6158,7.2111,5.6569,8.6023,10.2956,3.1623,2.0,1.4142,2.0,3.1623,2.0,3.1623,2.0,1.4142,2.8284,2.0,2.0,1.4142,0.0,2.0,1.4142,2.0,1.4142,3.1623,1.4142,2.0,0.0
2.0,4.2426,3.1623,4.4721,3.1623,4.4721,4.0,4.0,4.4721,4.4721,4.4721,4.4721,4.0,5.831,9.8995,9.0554,11.3137,10.7703,5.831,4.0,3.1623,1.4142,1.4142,4.4721,4.4721,3.1623,4.4721,4.2426,2.0,3.1623,3.1623,2.8284,4.4721,2.8284,2.0,2.8284,4.2426,4.4721,4.4721,4.2426,2.0,4.2426,7.2111,9.4868,12.1655,12.1655,11.0454,10.0,12.0,10.198,32.249,451.01,475.2368,50.6952,17.2047,22.8035,4.4721,5.099,28.0713,27.4591,16.5529,17.2047,18.868,21.6333,27.4591,23.0217,27.8927,29.0172,27.8927,30.0666,34.0,31.6228,26.0768,21.2603,21.0238,18.3848,9.8995,14.1421,29.7321,27.2029,15.8114,11.6619,18.1108,7.2111,38.6005,34.9285,27.2029,32.0624,17.0294,16.1245,34.5254,55.3173,51.225,31.6228,34.6699,17.0294,72.0278,12.8062,56.3205,9.8995,33.3766,17.0294,40.025,22.1359,15.2971,14.5602,20.5913,22.1359,21.0238,18.9737,20.5913,32.6497,19.6469,21.9545,14.2127,8.9443,10.198,22.8035,22.8035,23.4094,20.8806,14.5602,11.4018,10.7703,4.4721,5.831,1.4142,13.0384,29.8329,41.2311,29.1204,5.831,8.4853,5.831,15.8114,10.0,4.4721,47.2652,49.4773,24.3311,35.3553,41.1825,30.2324,16.5529,26.4197,30.5287,40.7185,51.2445,29.4279,7.2111,13.0384,13.0384,60.1664,246.0772,172.1046,513.1569,175.391,33.1059,24.6982,24.6982,20.8806,20.8806,21.0238,19.2354,17.8885,17.8885,16.5529,12.083,7.6158,5.831,6.3246,8.6023,10.2956,7.2111,7.2111,5.831,6.3246,9.4868,7.6158,2.0,2.0,3.1623,4.0,1.4142,4.2426,4.4721,4.4721,3.1623,1.4142,0.0,1.4142,2.0,1.4142,2.0,0.0,2.8284,4.4721,4.2426,2.8284,2.0
0.0,4.0,2.0,3.1623,4.2426,4.4721,4.0,4.0,4.4721,4.4721,4.4721,4.4721,4.0,5.099,8.9443,10.0,10.2956,8.4853,4.4721,0.0,1.4142,3.1623,4.4721,4.2426,4.4721,4.2426,4.4721,3.1623,1.4142,0.0,1.4142,4.2426,4.2426,1.4142,0.0,3.1623,4.4721,1.4142,2.0,3.1623,3.1623,4.4721,7.6158,10.198,11.4018,12.6491,13.3417,9.4868,12.6491,14.1421,67.5426,469.3591,443.786,32.6497,16.1245,23.1948,7.6158,12.1655,33.7343,28.4605,21.9545,25.4951,27.2029,30.3645,43.8634,48.3735,49.2544,47.0956,47.5184,53.4603,56.0357,52.5547,44.9444,36.7696,28.6007,31.241,20.2485,10.198,19.6977,20.8806,3.1623,8.0,12.6491,17.088,39.4462,26.8328,5.831,5.831,14.4222,40.2492,30.2324,48.8467,47.4342,17.088,22.6716,31.0161,82.0366,74.2159,50.4777,17.2627,34.0588,30.5941,53.3104,20.2485,19.799,8.0,14.5602,29.1548,36.8782,49.3964,44.6542,34.4093,27.2029,27.0185,22.8035,16.4924,26.8328,29.5296,16.0,12.8062,13.0384,10.198,14.2127,15.8114,7.6158,6.3246,5.831,24.2074,25.2982,33.1059,30.2324,20.8806,27.2029,26.6833,25.9615,26.0,49.1935,54.9181,48.8467,8.4853,42.5441,10.198,26.4197,22.0907,15.2971,23.5372,37.6563,51.4782,40.1995,11.4018,8.4853,10.0,49.0306,229.107,163.9817,480.404,171.1432,39.2938,22.8473,25.4951,25.0599,21.6333,21.9545,21.0238,17.8885,17.8885,17.8885,14.7648,10.7703,4.4721,3.1623,7.2111,11.4018,6.3246,5.831,7.2111,7.2111,8.9443,8.9443,3.1623,1.4142,4.0,3.1623,2.8284,0.0,2.8284,2.8284,2.0,2.8284,2.0,1.4142,0.0,0.0,2.0,4.0,2.8284,4.4721,4.2426,3.1623,0.0
0.0,4.0,1.4142,3.1623,4.2426,1.4142,1.4142,3.1623,4.4721,4.4721,3.1623,1.4142,0.0,1.4142,4.0,6.0,5.831,4.2426,2.8284,3.1623,4.4721,4.4721,4.4721,4.4721,5.6569,4.2426,2.8284,3.1623,4.4721,4.0,4.4721,5.6569,4.4721,4.0,4.0,4.2426,3.1623,0.0,2.0,1.4142,4.2426,4.2426,9.0554,9.0554,9.4868,13.3417,14.1421,7.6158,13.3417,17.0294,114.1403,491.6523,387.6751,11.6619,17.72,12.083,13.3417,27.1662,38.833,30.4631,33.0151,38.2099,35.3553,30.2655,32.8938,30.5941,29.4279,33.0151,39.1152,41.2311,36.4966,41.4005,44.0454,40.4969,25.0599,32.8024,31.241,17.2627,22.6716,29.8329,17.4929,8.6023,8.9443,35.609,48.2701,37.5766,42.0476,59.6657,63.1506,52.1536,13.0384,45.0999,40.4969,18.3848,12.1655,11.4018,38.2884,41.1096,22.0907,17.2627,24.0416,22.8035,38.833,13.9284,22.8473,11.4018,18.9737,21.2603,18.9737,41.1096,41.9762,24.6982,26.0,39.2938,53.7587,66.0303,68.6586,53.0094,35.3553,20.0,12.7279,7.0711,13.9284,10.0,10.0,11.4018,17.0294,45.607,21.5407,14.7648,42.9418,21.2603,22.3607,27.4591,31.0483,40.025,55.4437,41.7852,31.4006,25.4951,48.2701,26.0768,31.9061,26.8328,13.4164,20.2485,35.1283,48.0416,44.1814,15.2971,6.3246,7.0711,43.0116,198.4943,171.8197,445.7017,143.0874,37.6563,22.8473,22.8473,23.7065,21.9545,22.3607,21.9545,20.2485,19.2354,17.4929,17.2047,15.8114,8.6023,4.0,6.3246,10.7703,8.6023,5.831,5.831,7.6158,8.2462,7.6158,4.2426,3.1623,4.0,2.0,2.0,2.0,2.0,2.0,1.4142,2.8284,1.4142,0.0,1.4142,2.0,1.4142,0.0,1.4142,6.3246,1.4142,4.0,0.0
6.0,5.831,3.1623,2.0,2.8284,3.1623,4.4721,4.4721,3.1623,1.4142,0.0,1.4142,2.0,2.8284,2.8284,2.0,4.2426,4.4721,4.4721,4.4721,4.4721,3.1623,2.8284,4.2426,4.2426,1.4142,2.0,3.1623,3.1623,4.0,4.4721,5.6569,4.4721,4.0,4.0,4.4721,4.4721,4.0,5.099,6.0,5.831,5.6569,11.4018,9.0554,8.0,14.0,13.0384,7.0711,14.0,18.0,119.9417,463.0205,390.5125,53.8145,15.0333,7.2111,11.4018,41.0122,40.1995,36.1386,40.2492,38.6005,26.0768,17.8885,16.5529,8.2462,6.0,13.9284,19.2354,17.2627,14.1421,25.4951,38.9102,39.6232,34.7851,36.3593,39.1152,35.6931,37.3631,44.9444,35.805,14.1421,24.6982,42.19,34.0588,34.0588,57.3062,74.0,71.3442,57.0088,44.2945,50.9902,48.8262,48.3322,31.4006,9.8995,11.6619,33.6155,44.4072,40.05,26.0768,24.0832,31.1448,35.4683,34.4384,27.1662,30.2324,27.1662,27.4591,31.7805,36.2215,33.0151,41.5933,56.0357,66.1211,68.1175,64.7765,57.5847,53.0094,23.3238,14.7648,8.4853,11.4018,9.0554,6.0,13.0384,11.6619,33.2866,37.4433,12.8062,42.0476,26.5707,31.305,38.833,23.0217,8.9443,27.8568,22.8473,22.6274,26.0,64.0312,33.9706,31.1448,12.6491,16.1245,20.8806,29.4279,45.0111,41.1096,16.5529,5.831,5.099,36.4966,173.1185,165.9217,414.0,136.3305,39.9249,26.5707,20.8806,19.6977,21.9545,23.3238,21.6333,22.3607,20.2485,14.7648,16.1245,16.1245,10.0,7.2111,8.2462,7.0711,8.2462,7.0711,4.0,9.0554,8.2462,4.0,4.2426,5.831,5.099,3.1623,4.2426,3.1623,1.4142,1.4142,2.8284,1.4142,1.4142,2.0,1.4142,0.0,1.4142,2.0,1.4142,4.4721,4.0,4.2426,2.0
2.0,2.8284,3.1623,4.0,4.4721,4.4721,4.4721,4.4721,4.0,4.0,3.1623,1.4142,0.0,1.4142,2.8284,1.4142,5.099,4.2426,3.1623,1.4142,2.0,0.0,2.0,4.0,2.0,1.4142,2.8284,4.4721,2.0,1.4142,3.1623,4.4721,1.4142,0.0,0.0,3.1623,4.2426,4.0,4.0,4.0,3.1623,4.4721,11.4018,10.7703,10.198,14.0,12.0,10.198,13.3417,18.1108,80.9568,393.2048,430.7435,121.8524,20.5913,11.6619,12.083,48.0416,43.1045,41.5933,38.4708,28.0,11.4018,8.6023,14.7648,16.5529,18.9737,21.5407,14.0,7.2111,10.198,18.3848,30.8869,32.311,43.9318,48.0208,39.1152,29.7321,25.4951,31.9061,34.176,24.0416,38.0526,38.4708,22.3607,38.6005,44.9444,27.313,11.6619,15.6205,28.6007,41.8808,58.9406,68.3081,60.8276,34.9857,14.1421,19.2354,24.0416,22.1359,36.7696,36.7151,22.8473,12.0,9.4868,51.2445,33.0151,28.2843,40.2492,37.9473,32.9848,37.6563,54.626,50.04,45.8912,49.2544,38.4708,43.1741,57.0789,18.4391,17.2047,11.4018,12.7279,9.8995,14.1421,32.311,46.3897,84.7231,107.7868,96.1769,78.8923,56.3028,32.6497,22.1359,27.4591,22.8035,41.7612,43.1741,47.0106,37.6563,55.4437,40.7922,9.8995,22.3607,26.0768,27.0185,29.1548,40.025,35.0143,13.3417,4.0,7.0711,20.3961,140.1856,158.7577,373.0523,128.0156,41.2311,29.1548,24.1661,18.9737,17.088,20.5913,21.9545,24.1661,21.9545,17.2047,16.5529,14.7648,9.8995,8.6023,11.4018,8.0,8.2462,7.0711,4.0,9.0554,7.6158,4.4721,4.4721,7.6158,7.0711,4.0,4.0,1.4142,2.0,1.4142,1.4142,2.0,2.0,2.0,1.4142,1.4142,2.8284,2.0,2.0,2.8284,2.0,1.4142,0.0
2.0,1.4142,1.4142,3.1623,3.1623,1.4142,3.1623,4.2426,4.0,4.0,4.4721,4.0,4.0,3.1623,4.2426,5.831,5.6569,4.4721,3.1623,4.0,3.1623,2.0,2.8284,4.4721,4.2426,4.4721,4.4721,4.2426,2.0,2.8284,3.1623,4.0,0.0,1.4142,3.1623,2.8284,2.8284,3.1623,1.4142,0.0,0.0,3.1623,9.4868,10.7703,12.6491,15.2971,13.0384,12.0,12.0,19.0263,40.025,339.1578,449.8111,150.6519,22.8035,13.9284,22.0907,53.8516,43.6807,38.2099,33.1361,22.3607,17.2627,18.0,10.0,2.0,28.4253,40.4969,35.609,19.2354,2.0,15.2315,31.9061,30.2655,26.5707,37.4433,32.6497,15.5563,19.6977,43.0116,36.0,18.9737,47.5395,34.9285,28.8444,50.636,35.6931,24.2074,26.5707,27.313,24.6982,6.0,10.0,24.7386,31.0161,30.3645,11.3137,13.4164,16.1245,46.1736,48.3735,20.0,41.1096,41.6173,43.1045,46.8615,27.313,18.6011,35.4683,36.7696,42.4264,51.8652,49.6588,30.8869,20.2485,26.4197,37.3363,69.4262,53.8516,8.6023,11.4018,11.4018,9.0554,7.0711,41.8808,43.909,54.1295,85.276,82.3772,104.0096,95.7706,63.1506,29.9666,9.8995,32.249,43.0116,13.0384,24.4131,21.0238,43.2897,41.1825,34.2053,22.0907,20.2485,22.3607,21.4009,32.6497,34.0,26.6833,10.198,7.6158,11.6619,2.8284,123.0041,146.3421,363.0014,119.708,34.5254,23.1948,23.4094,22.8473,16.5529,16.1245,22.3607,23.3238,22.6716,22.8035,20.0,17.0294,12.8062,10.0,13.4164,12.083,8.9443,7.2111,5.831,8.2462,5.831,4.4721,4.2426,8.2462,8.2462,5.099,4.0,3.1623,2.0,4.0,3.1623,4.0,4.2426,1.4142,1.4142,4.2426,4.4721,4.0,4.0,4.4721,2.8284,1.4142,2.0
4.0,3.1623,2.8284,4.2426,4.0,4.0,4.2426,3.1623,1.4142,2.0,3.1623,6.3246,8.0,8.2462,7.6158,5.831,3.1623,4.4721,4.2426,4.0,5.099,7.0711,7.0711,5.831,4.2426,2.8284,4.2426,2.0,0.0,2.0,3.1623,3.1623,1.4142,5.6569,6.3246,4.4721,1.4142,2.0,2.0,0.0,0.0,2.0,8.0,10.0,10.198,15.8114,15.8114,13.3417,12.1655,18.4391,38.2099,350.5567,456.5304,137.2953,7.0711,14.7648,44.4072,50.6952,31.0161,32.9848,31.6228,18.4391,16.1245,20.0,24.3311,22.1359,39.9249,24.4131,47.4342,36.7696,20.5913,14.0,20.3961,27.8927,26.8701,36.8782,32.5576,12.7279,17.72,54.9181,55.4617,17.72,49.8197,48.0833,38.4187,63.2456,51.8845,59.0085,65.9242,49.0918,24.0832,20.3961,51.614,67.5426,49.8197,21.9545,5.831,17.2047,23.7065,53.1601,48.0833,9.8995,51.0882,31.0161,10.2956,22.8473,13.0384,20.2485,35.6931,17.2047,12.0,21.6333,21.0238,32.5576,25.2982,34.9285,60.2163,84.309,47.7074,22.0907,24.6982,31.9061,35.1283,42.7551,62.2415,46.6476,41.4005,60.7454,9.4868,64.7611,54.626,28.8444,22.0907,12.083,29.8329,45.5412,20.0,19.6469,21.0238,26.9072,17.2627,8.6023,34.0,34.0,12.1655,19.8494,39.3954,27.4591,12.6491,8.6023,11.6619,8.9443,8.9443,143.7846,136.6163,395.8282,131.1869,24.0832,21.0238,17.2627,22.1359,18.9737,12.083,19.6977,20.5913,19.6977,20.8806,17.088,15.8114,12.6491,9.4868,11.4018,12.083,10.0,8.6023,8.2462,6.3246,5.831,5.831,5.831,8.2462,8.2462,7.0711,4.0,3.1623,2.0,6.3246,2.8284,2.0,2.8284,2.8284,2.0,2.0,1.4142,1.4142,2.0,3.1623,5.831,3.1623,0.0
0.0,2.0,5.831,5.831,5.099,7.0711,6.0,3.1623,4.2426,4.0,4.0,4.2426,2.0,3.1623,3.1623,1.4142,1.4142,4.4721,4.4721,2.0,2.8284,4.2426,4.0,4.4721,4.4721,4.4721,4.2426,3.1623,4.0,4.4721,5.099,5.099,4.4721,7.2111,3.1623,4.2426,5.099,4.0,1.4142,1.4142,3.1623,4.2426,8.2462,10.198,9.0554,13.0384,17.0294,15.0333,12.1655,15.0333,69.6419,375.4704,435.1781,113.7453,21.0238,17.088,60.0,40.0,22.8035,28.6356,32.8024,27.8568,28.2843,30.2655,32.0624,32.249,44.6542,64.2806,74.3236,50.0,41.2311,45.3431,24.2074,0.0,25.0599,40.8167,39.6989,32.8938,21.587,38.2099,73.8783,41.1096,39.6989,53.2541,33.9411,49.5177,58.8558,75.3127,86.3713,82.4621,59.4811,61.9839,80.9938,66.7083,52.9528,37.7359,16.1245,5.831,18.4391,36.0555,54.4059,36.2491,39.9249,28.0,15.0333,18.1108,13.3417,32.28,54.9181,63.0079,82.2192,93.9042,96.0833,87.9659,77.1622,85.0059,98.8433,87.8635,48.8262,38.2099,43.9318,41.2311,36.2215,38.0789,44.2041,25.6125,10.7703,40.2244,74.5252,89.8109,63.7809,45.1885,33.3766,21.5407,29.1548,36.6879,6.3246,24.0416,34.6699,41.8808,25.02,7.0711,41.9762,43.6807,14.5602,35.4683,45.3431,24.4131,9.0554,3.1623,8.4853,4.0,9.4868,154.013,107.3778,409.5388,152.8398,21.0238,24.6982,17.088,19.6469,20.8806,12.083,15.2315,19.2354,22.8473,22.8035,17.2627,15.2971,12.6491,11.4018,10.198,9.4868,8.9443,8.6023,11.6619,7.2111,6.3246,7.2111,6.3246,7.6158,8.9443,8.9443,5.831,0.0,3.1623,5.831,1.4142,0.0,2.0,1.4142,2.0,1.4142,0.0,2.0,0.0,0.0,5.099,4.4721,2.0
0.0,3.1623,4.4721,1.4142,2.0,3.1623,3.1623,4.0,4.2426,2.0,2.0,1.4142,0.0,0.0,1.4142,3.1623,4.4721,5.6569,5.6569,4.0,3.1623,3.1623,1.4142,4.2426,4.4721,3.1623,1.4142,2.8284,5.099,5.099,4.4721,4.0,3.1623,5.099,1.4142,3.1623,4.0,4.4721,4.0,4.4721,4.4721,5.6569,8.9443,10.7703,11.4018,14.0,18.1108,16.1245,14.5602,17.8885,84.3801,341.5026,427.13,147.4924,35.1283,16.4924,62.514,38.833,21.587,18.868,27.7849,36.2215,40.1995,40.4475,41.0122,50.0,54.5711,49.3356,42.5441,33.0151,36.0555,51.225,48.4149,30.5287,7.0711,26.8701,38.0789,38.0789,30.5941,27.7849,52.4976,51.8652,44.0454,54.037,48.3735,49.98,49.0918,47.5395,41.1096,64.8845,86.3713,103.1601,88.6002,54.5894,42.3792,53.8145,44.9444,8.6023,15.8114,28.4253,43.9318,46.5188,24.7386,18.1108,18.868,33.3766,53.1413,67.897,85.9069,88.5664,87.1321,92.0869,107.1168,117.1068,117.2092,116.2755,110.8603,95.5196,84.4038,79.3095,67.0075,45.0111,23.1948,5.099,31.7805,58.0517,65.0077,70.4557,65.2534,41.8808,34.4384,27.4591,21.0238,26.6833,53.8145,67.9559,49.6588,36.0555,11.3137,14.1421,23.7065,28.0,40.025,27.4591,28.3196,40.05,34.9285,20.5913,19.6977,17.4929,9.0554,4.4721,9.4868,134.0821,135.9559,388.973,136.9379,19.2354,24.4131,25.6125,23.0217,23.7065,16.5529,13.3417,13.9284,22.8473,26.5707,19.6977,15.8114,15.6205,15.8114,13.0384,10.0,10.2956,7.2111,10.2956,7.2111,2.8284,8.2462,7.0711,5.099,7.6158,8.9443,7.6158,4.0,4.2426,4.2426,2.0,2.0,1.4142,0.0,0.0,1.4142,2.0,1.4142,0.0,0.0,4.0,4.0,0.0
2.0,4.4721,3.1623,1.4142,2.8284,3.1623,1.4142,2.0,1.4142,0.0,0.0,0.0,0.0,1.4142,4.2426,4.4721,4.4721,5.6569,4.2426,2.0,2.0,2.8284,4.2426,4.2426,1.4142,0.0,1.4142,4.4721,2.8284,2.0,1.4142,0.0,0.0,3.1623,3.1623,1.4142,2.0,3.1623,5.099,6.3246,5.099,5.831,9.0554,9.0554,12.1655,18.0,18.1108,16.1245,20.8806,23.3238,60.531,274.7981,450.7083,213.0634,35.0143,21.0238,56.8859,33.0151,21.9545,17.4929,22.0,31.1448,34.2345,34.5254,35.0143,43.0116,53.3667,45.0111,29.8329,21.2132,23.5372,40.0,51.4004,48.1664,25.4951,3.1623,15.8114,17.088,11.4018,18.3848,40.7185,59.4811,67.6018,71.1196,70.214,70.214,72.0278,67.3647,59.0762,63.9531,66.1211,60.1664,48.1664,41.2311,37.5766,54.037,58.1378,41.6173,16.1245,28.4253,24.6982,18.868,18.3848,3.1623,18.3848,38.6264,51.4782,57.7062,64.1249,73.5527,72.9932,69.0072,71.8053,75.5381,80.2247,77.0584,71.0634,76.6942,71.3863,53.4603,40.4969,34.4093,24.2074,27.0185,22.6716,18.9737,15.0333,12.8062,0.0,10.198,28.0713,23.0217,4.4721,12.6491,47.5184,35.0143,28.0713,35.3836,48.2701,51.4782,37.1214,42.0476,21.0238,12.083,39.3192,43.2897,29.1204,18.868,2.8284,25.9615,21.587,13.3417,16.1245,81.0062,205.8543,335.3357,73.7564,60.7289,133.0038,175.8238,152.3155,86.3134,32.6497,16.1245,10.0,20.0,24.0832,17.088,14.4222,14.7648,15.2315,13.4164,10.2956,10.2956,8.6023,9.4868,8.2462,2.8284,8.2462,10.0,4.4721,5.099,8.0,8.0,6.0,3.1623,2.8284,1.4142,0.0,0.0,0.0,0.0,0.0,0.0,1.4142,2.0,1.4142,4.0,5.099,2.0
4.0,4.2426,1.4142,3.1623,4.2426,3.1623,1.4142,0.0,0.0,1.4142,3.1623,3.1623,2.0,4.2426,4.2426,1.4142,3.1623,4.4721,1.4142,1.4142,2.0,2.8284,4.4721,1.4142,0.0,0.0,3.1623,5.831,3.1623,2.0,2.0,2.0,3.1623,3.1623,3.1623,3.1623,2.0,1.4142,2.0,3.1623,3.1623,7.6158,11.0454,8.0,12.0,19.0263,20.0,20.8806,81.2158,187.2966,244.0,237.794,414.6637,235.0021,25.02,31.0161,51.923,20.8806,12.083,13.4164,17.8885,15.2971,8.0,8.6023,7.6158,12.8062,22.0,33.7343,28.6356,21.587,19.2354,26.4197,41.1825,60.2163,62.6099,50.9902,30.0666,17.0294,7.0711,10.2956,19.0263,34.2053,42.45,42.638,41.5933,41.9762,49.2544,57.0789,66.0303,70.4557,57.7062,40.1995,36.0555,41.7612,46.8188,60.959,62.2254,65.8027,47.2017,26.0768,24.7386,13.9284,5.6569,15.6205,26.0768,24.0416,25.9615,24.0832,10.0,24.1661,37.7359,42.0,37.9473,29.7321,28.0713,31.0161,34.9285,38.2099,12.0,23.0217,28.178,30.0,15.8114,30.8869,32.8024,25.4951,16.5529,15.2971,24.3311,39.3954,34.6699,19.799,11.4018,16.1245,31.6228,39.4462,21.2132,12.1655,25.807,30.0666,45.2769,45.6508,40.7185,46.8188,50.9117,29.1548,15.2971,21.6333,16.4924,28.6356,40.1995,13.9284,22.3607,29.1204,229.6519,233.8033,137.2953,377.4493,498.5278,514.4706,490.8055,394.9329,202.3561,49.3964,11.0454,20.0,20.0998,13.9284,14.5602,14.1421,12.6491,13.0384,12.8062,11.3137,11.4018,11.6619,10.2956,5.099,7.0711,10.198,5.6569,5.831,9.0554,7.0711,5.831,4.4721,4.4721,4.2426,1.4142,0.0,0.0,0.0,0.0,0.0,2.0,0.0,2.0,4.0,5.099,2.0
2.0,2.8284,3.1623,4.2426,4.4721,3.1623,4.0,4.0,4.0,4.4721,4.4721,4.4721,4.0,4.2426,1.4142,0.0,4.0,3.1623,2.0,4.0,3.1623,3.1623,3.1623,1.4142,3.1623,4.0,4.2426,6.3246,3.1623,4.0,4.0,4.0,4.4721,4.0,4.4721,5.6569,3.1623,2.8284,2.8284,3.1623,2.0,7.0711,11.4018,9.4868,13.0384,17.0294,26.0768,146.219,392.8002,558.1416,599.4614,571.5453,417.2673,169.1449,20.5913,32.28,42.0,14.7648,10.0,7.0711,14.1421,7.0711,8.9443,11.4018,9.8995,13.0384,12.6491,12.0,24.7386,32.249,36.0555,44.0454,58.1378,75.8947,84.8999,89.4427,83.9524,56.5155,25.4951,18.6011,14.2127,17.088,30.0666,21.0238,15.6205,17.088,18.868,22.3607,33.1059,44.0454,57.5674,59.0085,58.0345,58.5491,62.3699,73.7835,77.201,83.4865,75.1665,40.05,22.8035,11.6619,5.831,13.9284,27.0185,25.2982,25.9615,15.8114,23.0217,43.1741,32.0,1.4142,9.4868,14.2127,13.0384,15.0333,11.4018,15.2315,13.4164,25.9615,34.5254,31.305,25.2982,29.1548,34.0588,40.7922,56.921,63.561,58.4637,50.2195,33.0151,18.1108,15.8114,19.8494,14.2127,16.1245,27.313,15.6205,5.099,15.8114,12.8062,25.807,39.598,35.7771,13.0384,16.1245,19.8494,19.2354,26.0,34.4384,53.1413,17.4929,26.5707,48.0416,200.2598,199.8499,510.8816,563.9876,433.8202,353.1345,361.8757,444.5447,414.8373,194.6176,37.2022,19.6469,18.9737,13.9284,16.4924,13.9284,11.6619,11.6619,11.4018,11.3137,13.0384,12.083,10.7703,9.4868,6.3246,7.2111,7.0711,7.6158,10.198,6.3246,4.4721,3.1623,2.0,4.0,2.0,0.0,0.0,0.0,0.0,1.4142,3.1623,3.1623,1.4142,4.0,2.8284,4.0
2.0,4.2426,4.4721,3.1623,4.4721,4.2426,4.0,4.0,4.0,4.4721,3.1623,2.8284,2.0,1.4142,0.0,1.4142,4.4721,1.4142,1.4142,6.3246,2.8284,2.0,2.8284,4.2426,4.4721,4.0,3.1623,5.099,3.1623,2.0,2.0,2.0,1.4142,1.4142,4.2426,5.6569,4.4721,4.4721,4.4721,3.1623,1.4142,5.099,8.9443,12.083,16.1245,17.0294,95.4149,399.2117,584.1318,471.6312,360.6688,367.3935,296.594,117.3456,14.1421,24.1661,28.2843,17.4929,20.5913,16.0,4.0,17.2047,12.8062,8.6023,14.0,16.4924,12.1655,10.7703,16.5529,26.0768,34.2345,50.0,63.6396,71.0634,77.7817,95.0474,111.4002,112.0089,95.5196,77.201,62.8172,45.0111,21.4009,13.0384,15.2315,14.7648,11.4018,17.8885,22.3607,14.4222,26.0768,53.8516,72.2496,73.8241,62.0322,62.482,66.5282,76.5768,72.2496,60.0167,53.0094,39.0128,40.1995,48.7647,34.9285,21.2603,21.0238,10.7703,21.9545,56.0,29.0172,5.831,13.4164,14.7648,24.0832,24.0416,17.0294,22.0,34.2053,43.909,46.6905,49.5782,55.0091,67.9117,73.3894,70.342,56.8859,34.9285,12.6491,2.8284,18.3848,20.8806,22.8035,20.0,17.72,22.8035,26.9072,31.7805,27.4591,27.8568,39.9249,38.0789,38.2099,16.1245,21.0238,15.2971,26.9072,26.9072,30.2324,48.1664,50.774,22.6716,31.7805,40.8167,187.7711,488.999,536.8091,242.1611,38.6005,134.4619,173.6433,173.3494,360.569,350.648,110.9414,16.4924,19.6469,14.5602,15.2315,14.4222,12.8062,13.0384,10.2956,8.9443,12.6491,12.6491,10.2956,11.6619,8.9443,5.099,7.0711,8.2462,8.0,6.3246,5.099,4.0,3.1623,4.4721,1.4142,0.0,0.0,0.0,1.4142,2.8284,1.4142,2.0,0.0,4.0,0.0,0.0
4.0,4.2426,2.8284,3.1623,4.2426,3.1623,1.4142,3.1623,4.0,4.4721,3.1623,3.1623,0.0,0.0,1.4142,4.2426,4.2426,2.0,4.2426,5.831,2.8284,3.1623,4.4721,4.2426,1.4142,0.0,0.0,3.1623,4.4721,1.4142,0.0,0.0,1.4142,2.8284,3.1623,4.0,1.4142,3.1623,4.4721,3.1623,2.0,4.2426,7.2111,12.6491,19.2354,20.0,222.8542,534.8046,428.852,153.0555,78.0256,47.0956,142.5061,164.5965,8.4853,12.0,17.8885,14.5602,19.2354,14.4222,22.8035,22.6274,7.0711,13.0384,24.6982,16.9706,5.831,16.0,20.2485,12.083,12.8062,28.6356,25.4558,32.5576,51.2445,63.9531,70.342,86.764,97.4987,99.93,91.7606,74.7262,54.5711,36.2215,23.0217,13.3417,8.6023,21.0238,19.2354,7.0711,16.1245,36.7696,31.6228,36.2491,46.669,51.0882,56.9386,65.146,45.1885,34.0588,54.0,62.514,59.6825,60.8769,64.0312,54.1479,33.7343,28.6356,41.4005,54.626,23.4094,13.3417,16.5529,10.0,14.4222,18.868,13.9284,40.8167,60.7454,68.9493,67.7791,56.9386,33.9411,7.6158,38.0526,85.2877,131.8484,165.5113,184.1738,188.1701,201.102,221.8152,235.4782,236.3049,226.4332,207.6391,175.4138,138.6001,106.3203,84.8999,71.3863,27.2029,18.868,7.0711,32.249,13.3417,19.2354,20.2485,19.6469,43.2666,27.313,23.0217,32.0,25.4951,291.7807,396.7972,131.103,100.9554,182.5705,215.4252,77.201,134.5362,337.0846,467.5083,200.5841,14.0,18.1108,13.4164,14.4222,14.7648,11.6619,13.0384,12.8062,11.6619,12.6491,12.083,10.0,12.083,12.1655,7.0711,8.2462,7.0711,5.099,6.3246,8.0,5.831,4.2426,3.1623,0.0,0.0,0.0,0.0,2.0,1.4142,2.8284,1.4142,0.0,3.1623,2.0,2.0
0.0,3.1623,2.8284,2.8284,1.4142,1.4142,3.1623,3.1623,3.1623,3.1623,3.1623,4.0,0.0,1.4142,5.6569,5.831,3.1623,3.1623,5.6569,5.6569,4.4721,4.4721,3.1623,1.4142,0.0,1.4142,2.0,1.4142,5.099,2.8284,1.4142,0.0,3.1623,2.8284,1.4142,3.1623,2.0,1.4142,2.0,2.0,1.4142,3.1623,7.6158,12.1655,19.2354,22.3607,298.1074,548.8206,298.5431,89.822,82.9699,54.5711,130.384,161.0279,14.2127,8.6023,9.0554,3.1623,9.4868,16.0,30.0666,14.2127,24.0832,28.6007,31.1448,12.0,6.3246,18.4391,28.6007,23.0217,36.0,56.3028,71.3863,78.1025,80.0625,82.8734,76.4199,52.6308,22.8035,21.9545,39.6989,48.3735,57.7235,64.3273,55.3173,39.2938,28.8444,31.7805,22.3607,3.1623,18.3848,38.9102,32.6497,13.4164,26.3059,38.6264,55.0273,67.6757,46.0652,25.6125,36.7151,46.1736,50.3587,54.4243,53.0094,56.3205,51.2445,57.4282,70.9366,57.2713,31.0161,18.3848,17.72,29.9666,35.4401,24.6982,31.7805,58.4123,47.0106,32.249,10.0,30.2655,85.6154,153.3101,215.4159,237.8991,214.0327,187.2966,183.6137,192.5097,203.1797,196.596,189.4466,180.4716,163.9573,161.5549,170.511,179.6942,199.2787,230.3389,230.8246,157.943,76.5768,17.72,38.0789,23.0217,23.1948,17.4929,17.088,36.7151,4.4721,21.587,30.0666,28.0713,348.1436,270.6806,134.0149,214.3362,232.2068,86.8332,227.2664,298.4393,383.8359,560.316,257.2353,15.8114,14.5602,9.0554,11.0454,12.6491,11.6619,11.4018,12.8062,17.0294,16.1245,12.083,8.9443,13.3417,14.1421,8.2462,9.0554,5.099,4.2426,7.6158,11.0454,7.0711,2.8284,2.8284,2.0,1.4142,0.0,0.0,2.0,0.0,2.0,0.0,0.0,1.4142,2.0,2.0
0.0,5.099,2.8284,1.4142,0.0,0.0,3.1623,4.4721,3.1623,0.0,3.1623,4.2426,4.0,5.831,8.4853,5.099,4.0,5.831,7.2111,5.831,3.1623,1.4142,1.4142,2.0,2.0,4.2426,4.0,4.0,5.831,2.8284,3.1623,4.0,4.2426,2.8284,2.0,2.8284,2.0,1.4142,2.0,1.4142,2.8284,1.4142,8.0,12.0,17.0294,20.3961,250.4556,598.565,368.0054,57.6888,68.4105,69.7711,123.3207,143.0874,11.4018,17.0294,10.0,3.1623,10.198,16.0,21.5407,13.9284,17.4929,19.6469,10.0,30.2324,41.2311,63.9531,123.0447,176.2555,192.2602,195.2076,189.4466,178.1797,174.4133,174.2871,177.0254,185.0027,186.0967,163.5176,116.2755,64.2806,26.5707,3.1623,22.6716,28.3196,29.1548,35.3553,25.4951,6.3246,13.9284,29.4279,24.1661,13.3417,14.7648,32.0,43.1741,56.7274,74.2428,67.6018,48.7032,31.1448,28.6356,30.2324,34.176,55.0818,67.6018,61.9839,53.8516,43.9318,35.3553,20.3961,18.6011,25.02,32.311,21.9545,52.6118,53.7587,21.6333,40.7922,89.3197,158.619,214.4481,222.6971,173.9023,85.44,32.0624,48.0416,73.3348,84.2021,86.0233,62.2415,53.8516,67.9559,89.0505,86.9253,57.5674,21.0238,14.2127,71.1758,185.9462,269.7147,227.2664,106.1508,22.6274,26.4197,18.9737,14.2127,29.7321,29.8329,14.1421,14.1421,29.8329,14.7648,318.1006,254.0945,202.2523,246.2884,93.5094,208.9689,349.0702,115.317,436.2247,596.2768,258.3796,16.0,13.0384,8.2462,9.0554,8.2462,10.2956,10.2956,7.0711,14.7648,18.3848,13.4164,10.2956,14.5602,13.9284,10.7703,10.198,4.4721,3.1623,8.0,11.0454,8.2462,4.0,2.8284,1.4142,2.0,0.0,1.4142,2.8284,1.4142,1.4142,2.0,2.0,2.0,1.4142,0.0
2.0,5.099,2.0,0.0,1.4142,2.0,1.4142,5.099,4.4721,2.0,4.0,7.0711,8.0,7.6158,5.6569,3.1623,4.0,4.2426,4.4721,1.4142,0.0,1.4142,2.8284,2.0,3.1623,4.2426,2.0,3.1623,4.2426,2.8284,3.1623,4.0,3.1623,1.4142,1.4142,2.8284,2.0,3.1623,4.4721,4.0,3.1623,2.8284,8.2462,12.1655,16.1245,18.1108,121.7949,618.0647,559.7089,61.6604,32.5576,65.2993,108.2405,124.1451,11.3137,15.2971,17.8885,12.6491,8.4853,10.198,17.2627,12.083,15.8114,24.6982,37.9473,94.4034,151.3473,189.4888,191.6038,154.4668,110.2905,83.5464,70.214,48.3322,40.025,47.2652,60.4152,89.8443,131.856,175.4822,200.5692,198.4792,175.8465,132.4387,77.666,30.2655,24.0832,35.6931,27.4591,8.9443,18.6011,25.2982,11.4018,13.0384,10.198,19.6977,39.4462,62.8013,81.7435,65.8027,29.5296,13.0384,8.9443,18.9737,29.4279,24.0832,27.8927,30.5941,26.5707,15.2971,15.8114,21.5407,22.3607,10.198,14.5602,17.8885,47.7074,64.405,71.007,99.5389,160.3122,200.3397,163.0828,89.4986,35.4683,94.541,73.0068,39.8497,37.1214,46.0652,73.6614,58.0517,24.3311,40.5216,67.082,46.3249,47.8539,85.9069,137.2953,166.3009,128.1405,65.2993,256.0078,226.2786,82.134,13.0384,13.4164,24.1661,18.868,27.0185,12.083,16.5529,33.2866,32.0,255.3507,216.1342,218.0826,122.45,176.7993,317.805,207.1714,72.0278,502.0219,571.8217,216.0231,18.3848,16.4924,9.0554,8.0,7.0711,7.0711,9.0554,5.099,11.0454,16.4924,13.0384,13.0384,15.2315,13.9284,12.6491,10.2956,7.2111,6.0,8.2462,9.0554,8.0,7.0711,2.8284,2.8284,2.8284,2.0,4.2426,3.1623,2.8284,3.1623,3.1623,1.4142,1.4142,2.8284,2.0
0.0,4.0,2.0,0.0,3.1623,3.1623,4.0,5.831,3.1623,1.4142,4.2426,4.0,4.0,3.1623,1.4142,3.1623,3.1623,3.1623,3.1623,1.4142,3.1623,4.4721,3.1623,2.0,2.8284,1.4142,1.4142,4.2426,4.4721,3.1623,2.8284,2.0,1.4142,0.0,2.0,2.0,1.4142,2.8284,1.4142,0.0,0.0,2.0,8.0,12.0,16.0,18.0,31.6228,551.4961,663.8825,108.2589,77.8974,12.6491,87.9204,98.1835,19.8494,18.3848,21.0238,19.6977,10.7703,2.0,22.0907,21.587,19.2354,45.8912,105.6788,171.6042,157.943,93.7443,21.0238,52.4976,78.7147,79.1202,75.591,66.2118,56.0357,48.1664,50.5964,69.6563,68.6003,37.3363,65.0077,117.2774,157.0032,175.9148,157.3086,108.462,57.0088,39.8246,24.6982,17.088,17.8885,15.2971,5.099,8.6023,11.4018,6.0,19.0263,26.3059,31.1448,50.636,49.3964,40.4969,37.0135,45.6946,61.2699,71.8053,67.1863,50.5964,32.311,20.0,11.0454,8.4853,18.3848,18.4391,24.6982,32.9848,47.0106,63.561,83.5464,124.5552,161.2452,104.6614,8.6023,29.1548,55.7315,83.4865,70.9366,53.0094,38.6005,78.4474,120.3412,113.4637,63.9062,33.0151,58.0345,45.2769,38.1838,53.3667,64.7765,50.6952,147.5127,157.0032,55.8032,251.2051,190.8822,40.4969,22.6716,18.6011,8.6023,22.0907,1.4142,7.0711,28.178,55.3173,187.2966,148.1216,152.322,116.0172,302.9785,178.6449,71.0634,142.3517,552.6825,530.8578,158.0696,18.0,17.0294,10.198,9.0554,8.0,5.099,7.6158,7.6158,10.198,13.3417,10.7703,12.083,15.2315,15.8114,12.083,10.2956,10.198,7.0711,8.2462,8.2462,8.2462,8.2462,2.8284,1.4142,1.4142,3.1623,2.8284,1.4142,1.4142,2.0,1.4142,2.8284,2.8284,2.8284,2.0
2.0,4.4721,2.8284,2.0,3.1623,3.1623,3.1623,4.2426,1.4142,1.4142,4.4721,1.4142,0.0,1.4142,3.1623,4.2426,2.8284,3.1623,3.1623,2.8284,5.6569,5.099,3.1623,2.0,1.4142,1.4142,5.6569,5.831,2.0,1.4142,4.2426,4.0,4.4721,3.1623,1.4142,3.1623,2.8284,1.4142,1.4142,3.1623,3.1623,3.1623,8.0,13.0384,15.0333,16.1245,21.2132,484.5947,641.4047,234.2691,42.19,88.2383,82.0,72.111,27.0185,18.9737,17.4929,17.0294,15.8114,6.3246,22.3607,33.0151,46.7547,119.0378,169.0976,113.9912,15.2315,70.3847,76.9675,60.959,46.3249,26.8701,29.1548,30.4631,13.0384,15.8114,17.0294,39.9249,66.242,80.2122,56.6392,17.8885,16.1245,72.0139,129.3754,145.1206,110.6797,72.0,44.0,27.313,21.2603,13.0384,11.4018,15.6205,7.0711,16.1245,5.831,11.0454,40.0,71.1196,66.242,41.2311,42.7551,61.0737,80.6226,93.1343,94.921,88.0227,75.2728,53.7587,31.1448,19.6977,10.0,11.4018,32.9848,45.0999,46.8402,46.0,82.3772,127.4049,87.9659,19.0263,18.6011,15.2971,25.807,65.0692,78.4347,99.4786,112.1606,74.027,62.482,64.56,32.9848,26.8328,79.6492,76.4853,77.4726,111.866,112.6144,49.0306,50.0,137.2079,151.6443,105.119,258.5034,92.8009,21.2603,26.4197,27.1662,23.3238,9.4868,3.1623,18.3848,55.0273,134.0149,79.3221,51.4782,273.9416,232.5941,51.614,19.0263,213.1525,581.3106,473.0518,99.368,17.2627,14.0,10.198,10.198,7.6158,5.831,7.0711,7.0711,9.4868,12.6491,10.7703,10.2956,14.7648,17.8885,13.4164,11.4018,11.4018,7.2111,9.4868,9.0554,8.0,8.0,1.4142,3.1623,2.8284,2.0,2.8284,4.4721,4.0,4.2426,2.0,3.1623,3.1623,2.8284,2.0
2.0,4.4721,2.8284,3.1623,2.0,3.1623,4.0,4.2426,4.0,3.1623,3.1623,2.0,1.4142,4.2426,4.4721,3.1623,1.4142,3.1623,3.1623,3.1623,6.3246,3.1623,4.4721,4.0,4.0,5.831,8.4853,5.099,4.4721,5.831,7.2111,5.099,4.4721,4.4721,4.0,4.2426,1.4142,1.4142,4.2426,4.4721,4.2426,4.4721,7.6158,15.2971,14.1421,13.3417,21.587,439.0262,612.2499,314.3056,22.3607,116.559,89.9444,63.1506,29.5296,16.4924,18.6011,18.4391,18.868,17.2627,22.0907,69.6419,128.8177,158.619,66.5733,38.6005,56.4624,35.3836,20.8806,22.0,34.0588,23.1948,28.6356,30.8869,11.4018,13.9284,19.2354,34.2053,35.0143,57.0088,61.4003,35.4683,24.0416,8.9443,36.0555,95.1315,110.4355,67.9559,37.3363,32.0624,24.7386,14.0,8.6023,11.4018,18.0,17.8885,5.831,12.083,55.1543,71.5542,52.3259,35.3553,25.6125,18.9737,20.0998,27.1662,41.2311,62.6099,71.1196,65.6049,45.1221,16.4924,11.3137,30.0,28.178,15.8114,18.4391,50.4777,115.9741,92.0978,26.0,16.1245,26.0768,37.3631,37.6563,59.2115,116.2497,172.8178,227.4775,251.877,286.531,262.2747,214.1495,191.2119,195.9796,158.9025,104.4031,135.0926,133.6862,118.9033,90.2109,77.201,183.9837,112.1606,188.9391,156.2626,23.1948,23.5372,36.0555,35.3553,32.8938,21.5407,17.4929,42.45,101.1237,35.7771,42.5441,346.2831,181.4166,47.8539,37.1214,306.4148,587.5645,401.263,47.0106,16.0,13.0384,10.198,7.0711,7.2111,8.2462,6.3246,7.2111,11.3137,14.7648,12.083,8.9443,12.6491,16.4924,14.5602,12.6491,10.7703,8.2462,10.0,9.0554,8.2462,9.0554,2.8284,4.4721,2.8284,1.4142,2.0,2.8284,1.4142,4.0,3.1623,2.0,1.4142,1.4142,2.0
4.0,5.6569,4.4721,4.4721,4.4721,3.1623,6.3246,4.4721,2.0,3.1623,4.4721,3.1623,2.8284,5.831,4.4721,4.0,4.0,4.2426,4.2426,4.0,4.4721,3.1623,3.1623,4.0,5.099,7.2111,5.6569,2.0,3.1623,5.6569,4.2426,2.8284,2.8284,2.8284,2.0,2.8284,3.1623,3.1623,3.1623,2.0,3.1623,4.4721,6.3246,15.2971,14.5602,12.6491,18.3848,386.9703,604.7231,382.2591,42.45,120.5073,97.8673,66.0303,34.2345,13.4164,19.2354,26.4197,31.7805,39.6232,53.7587,148.1216,163.0276,46.6905,71.4003,58.1378,16.4924,5.6569,13.3417,20.2485,33.5261,42.0476,63.0079,70.214,71.0634,77.2787,79.712,75.0733,48.3322,43.0116,45.1221,34.0,29.1204,12.7279,17.088,10.0,76.4199,92.0978,57.4282,19.8494,4.4721,4.4721,4.0,7.6158,16.5529,13.3417,15.0333,21.0238,56.3205,58.3095,40.5216,36.1386,17.2047,17.0294,22.1359,18.6011,12.083,31.7805,53.8516,88.5664,66.6483,27.1662,7.6158,30.5287,43.382,40.05,19.0263,75.8024,80.4114,31.7805,28.178,29.0172,59.8164,159.4114,219.3171,181.945,117.0385,81.2158,122.0901,126.1507,161.9691,89.3197,138.1304,156.6972,180.161,145.7738,100.8464,228.4732,300.8156,167.6007,24.2074,37.0135,100.5684,152.6106,118.4061,137.2953,26.0,21.0238,5.6569,7.2111,14.7648,18.9737,18.4391,34.5254,74.4312,58.8218,80.6102,402.3183,189.2829,32.28,103.3925,414.9819,569.5086,309.8645,20.3961,16.0,13.0384,9.4868,5.831,8.4853,12.083,5.6569,4.4721,8.6023,14.7648,14.7648,10.2956,12.6491,16.4924,14.5602,13.3417,11.0454,11.0454,10.198,7.0711,8.0,9.0554,5.099,2.0,2.8284,1.4142,2.0,3.1623,4.4721,4.2426,1.4142,0.0,2.0,1.4142,2.0
6.0,5.831,4.4721,4.4721,4.4721,4.0,7.2111,4.2426,1.4142,1.4142,2.8284,2.0,2.8284,6.3246,4.2426,4.0,4.0,4.4721,5.6569,4.0,3.1623,4.4721,2.0,2.0,4.2426,4.2426,1.4142,0.0,0.0,4.0,2.0,1.4142,3.1623,4.4721,4.0,4.4721,4.4721,3.1623,2.8284,4.2426,4.4721,5.831,6.3246,12.6491,14.7648,14.7648,15.8114,327.7682,606.2821,450.8703,58.9406,117.3882,118.5327,76.0,46.0,12.8062,14.1421,24.3311,33.7343,47.2017,83.7377,164.3959,54.037,100.6876,84.5813,36.2491,18.3848,10.7703,6.3246,15.8114,27.4591,56.6039,78.6003,71.5122,77.0065,85.1469,101.2423,112.8982,114.6211,99.5389,84.7585,64.5136,46.6476,26.0768,13.3417,10.7703,19.6469,61.2209,76.5506,47.4342,8.9443,7.0711,10.198,21.6333,24.1661,21.2603,27.4591,29.8329,43.566,43.9318,44.3847,40.4969,17.4929,7.0711,8.6023,24.7386,20.3961,7.0711,72.4431,115.7325,81.9878,49.2544,45.3431,22.8035,45.8912,43.0813,66.4078,91.444,63.0714,43.8406,2.8284,128.0625,288.0625,396.2474,382.1884,379.9605,256.8268,41.6173,127.0354,286.7821,218.0138,276.134,142.6114,267.3275,373.43,402.2263,334.1676,180.272,121.0041,333.8083,311.4514,175.8636,91.0055,25.807,60.0,85.4283,32.249,17.088,14.4222,10.7703,11.4018,17.0294,17.2627,31.4006,41.7612,66.6483,87.0976,431.0104,208.1538,13.3417,159.2545,506.2904,531.4753,213.4666,15.2971,15.0333,10.198,8.6023,5.831,7.0711,13.0384,8.4853,4.2426,6.3246,11.4018,13.9284,11.6619,13.0384,18.3848,16.4924,14.1421,12.1655,12.1655,10.198,8.0,9.4868,6.3246,4.4721,4.4721,4.2426,1.4142,4.0,1.4142,3.1623,3.1623,1.4142,0.0,2.0,3.1623,2.0
0.0,2.0,3.1623,4.2426,4.4721,5.099,7.0711,3.1623,3.1623,4.4721,3.1623,2.0,4.2426,4.4721,3.1623,1.4142,1.4142,4.2426,4.2426,2.0,2.0,3.1623,0.0,0.0,4.0,2.0,0.0,1.4142,3.1623,4.2426,1.4142,1.4142,1.4142,2.0,4.0,3.1623,1.4142,2.0,4.4721,2.8284,1.4142,5.831,7.2111,10.7703,12.6491,15.2971,19.0263,267.2677,602.9925,515.1233,77.3175,107.4895,149.2716,84.8528,64.0312,14.2127,8.2462,9.4868,12.1655,28.6007,81.7068,113.2166,72.4983,109.0413,61.4003,55.8032,37.1214,24.2074,7.0711,18.4391,61.9839,128.0,208.4706,268.0672,292.0068,215.0581,109.4806,200.0,207.6247,170.5579,106.4049,72.4707,120.0167,97.4987,28.178,22.0,15.5563,29.4279,74.6726,59.6657,20.2485,4.0,28.178,50.9902,42.7551,42.5206,40.4969,42.5441,39.8497,34.176,43.0813,47.5395,22.0907,5.099,4.4721,22.8035,36.7151,27.1662,73.8241,124.1451,86.3134,44.9444,82.0731,74.0405,21.2132,56.7274,91.4002,64.4981,75.2861,125.2996,210.7178,334.2484,372.0215,324.863,200.3397,454.7549,331.5479,42.0476,81.4125,318.989,243.9877,254.0315,220.4359,190.4206,245.4099,342.5318,372.2633,481.7406,418.2487,130.545,295.2965,296.7086,165.7106,88.193,80.7094,65.9697,26.0768,5.099,14.0,7.0711,8.4853,17.2627,18.1108,27.0185,18.1108,51.0882,86.0,424.5704,240.1333,11.3137,211.2865,583.301,495.001,132.8533,14.1421,13.0384,8.0,5.099,4.4721,4.2426,10.0,11.3137,8.6023,8.9443,11.0454,11.0454,9.4868,11.4018,18.1108,17.2627,14.5602,12.6491,12.6491,11.4018,11.0454,10.0,4.0,1.4142,3.1623,2.0,2.8284,4.2426,1.4142,0.0,0.0,2.0,0.0,1.4142,4.4721,2.0
0.0,2.0,4.0,4.0,2.0,4.4721,1.4142,2.0,2.0,2.8284,3.1623,4.0,4.2426,2.8284,2.8284,4.2426,4.4721,5.6569,4.4721,3.1623,1.4142,1.4142,2.0,2.0,4.4721,3.1623,1.4142,4.2426,4.4721,3.1623,1.4142,2.0,2.0,2.0,0.0,0.0,1.4142,4.2426,3.1623,2.0,2.0,2.0,6.3246,10.198,12.1655,16.1245,22.0907,210.1523,596.1292,570.335,100.02,90.7083,184.8783,90.0222,86.093,13.0384,5.099,2.0,4.4721,22.1359,70.3847,62.0322,33.7343,74.0405,14.4222,53.9073,41.1825,49.98,64.405,67.082,91.6079,134.8258,145.1689,139.7426,141.598,219.9682,78.6384,214.8534,87.4757,64.0,198.9271,338.0,344.2848,324.0772,228.1096,117.3882,93.6803,88.6454,30.0,60.959,52.8394,4.0,52.6308,61.0574,30.0,43.909,40.8167,47.0106,46.3249,39.8246,45.2769,57.0088,32.5576,25.9615,27.1662,27.4591,31.0161,35.4401,57.7754,115.0043,92.7793,54.3323,63.8905,117.1836,66.2873,133.0038,145.1206,91.0055,61.0737,80.4114,163.0031,161.2762,187.9255,210.6466,52.6308,476.6151,419.8309,80.9568,39.6232,131.7118,171.406,106.4049,200.8233,243.4461,325.5641,397.4167,156.8694,276.134,482.394,263.8825,129.0736,149.9066,116.9273,75.8947,87.2812,79.0063,29.1548,6.3246,22.0907,10.2956,10.0,25.02,22.1359,25.2982,32.28,53.1413,46.669,387.6751,295.9595,37.7359,287.6804,619.7629,436.1651,68.352,16.0,10.0,7.6158,6.3246,4.0,1.4142,6.3246,8.2462,5.831,10.7703,13.3417,10.198,8.2462,14.0,17.0294,13.3417,15.8114,13.3417,12.1655,13.0384,12.0,10.0,4.0,0.0,1.4142,2.8284,3.1623,2.0,0.0,1.4142,2.0,2.8284,2.0,1.4142,3.1623,2.0
2.0,1.4142,4.0,4.0,3.1623,2.8284,2.8284,2.0,3.1623,2.0,2.0,1.4142,2.8284,2.8284,4.2426,5.6569,3.1623,4.4721,4.2426,4.4721,4.4721,4.0,3.1623,2.0,5.831,5.6569,4.4721,4.2426,2.8284,2.0,2.8284,4.0,6.3246,4.0,1.4142,1.4142,2.8284,3.1623,1.4142,4.2426,3.1623,1.4142,6.0,9.0554,12.1655,16.1245,21.2132,149.4523,588.8786,619.7419,132.9812,58.5491,199.97,100.6876,85.9884,4.4721,5.099,1.4142,10.0,29.1204,52.9528,45.2769,22.8035,83.7377,101.6366,119.7748,135.0852,132.8232,52.1728,87.8635,179.1201,231.8707,128.0625,44.9444,38.4708,135.2479,160.6113,159.2608,1.4142,53.9073,367.4915,421.3526,199.0075,247.7822,191.901,68.8767,39.8246,12.083,83.4865,88.2383,108.074,47.4342,59.0931,51.4782,5.831,37.3363,39.9249,45.5412,42.0476,34.9285,31.0161,50.0,29.7321,17.72,9.0554,7.2111,9.4868,20.0998,38.0789,86.209,91.0824,86.0233,13.3417,107.8981,74.3236,106.3203,51.225,65.2993,57.0088,107.5174,190.3943,263.8788,342.7098,417.229,302.3673,270.6806,448.8675,219.3855,26.0768,17.2627,34.4384,28.0,86.3713,247.9355,501.5974,349.7942,170.1352,452.7273,381.3293,139.1187,296.287,256.1289,176.6182,117.9915,85.4283,60.531,32.249,13.4164,20.0998,17.2627,11.0454,31.0161,23.1948,29.1204,74.1485,90.5539,98.0816,309.4673,325.5764,75.8024,360.6688,604.5445,363.1887,31.0161,18.1108,7.0711,4.4721,9.4868,5.099,1.4142,6.3246,7.0711,3.1623,9.4868,14.5602,11.4018,9.0554,15.0333,16.1245,11.0454,15.0333,13.3417,13.3417,13.3417,12.6491,12.1655,4.0,1.4142,4.2426,3.1623,1.4142,2.0,1.4142,2.8284,1.4142,2.0,1.4142,2.8284,2.8284,2.0
0.0,1.4142,4.4721,4.4721,4.4721,2.8284,4.0,7.0711,7.0711,5.099,3.1623,2.8284,2.8284,2.8284,3.1623,4.0,2.8284,2.8284,2.8284,2.0,2.0,4.0,4.2426,3.1623,8.6023,5.831,3.1623,1.4142,2.0,1.4142,3.1623,4.4721,4.4721,4.2426,2.8284,4.2426,3.1623,1.4142,2.0,1.4142,3.1623,4.4721,7.6158,9.0554,12.0,17.0294,20.0998,80.6226,556.8213,654.0122,196.4688,25.4558,192.1666,97.3242,61.4003,7.2111,8.4853,6.3246,13.4164,32.28,46.8188,46.3249,38.4187,26.8328,97.6729,139.2839,152.9575,108.0463,140.0143,275.0455,358.0503,435.1391,350.7506,121.7539,46.6905,30.3645,43.9318,29.4279,17.2047,139.671,385.8834,277.4815,264.5033,351.2065,241.2302,106.3203,69.3397,38.0789,61.7414,73.0068,60.7454,31.6228,30.5287,45.0111,5.831,31.0483,46.0435,56.8859,51.264,41.1825,19.8494,35.0143,24.0416,3.1623,12.083,10.2956,11.0454,21.2132,38.4187,74.2428,87.7268,99.368,45.6946,51.4782,26.0,48.0833,110.354,159.11,152.1907,103.3247,63.9062,71.3442,72.8011,161.524,311.7852,284.6928,280.1892,229.6867,93.145,58.0345,38.0789,53.1413,158.3982,335.1805,345.4852,337.7395,503.0189,317.8742,89.1403,269.4624,202.7856,156.8184,158.619,108.074,36.6879,25.807,42.19,37.0135,9.4868,19.6469,13.0384,28.0713,25.02,32.0,110.6526,135.9559,115.4123,208.0961,304.3846,85.1469,436.1766,575.439,280.4461,17.2627,16.1245,8.2462,2.0,8.2462,7.6158,2.8284,5.831,7.6158,3.1623,8.0,13.0384,11.4018,11.4018,14.1421,15.2971,14.1421,14.0,10.198,14.5602,12.6491,12.6491,15.2971,5.099,3.1623,4.4721,2.0,2.0,1.4142,3.1623,2.8284,3.1623,2.0,2.0,2.0,2.0,0.0
2.0,4.2426,4.2426,4.4721,4.4721,1.4142,2.0,3.1623,3.1623,4.0,4.0,4.4721,3.1623,2.8284,2.8284,4.4721,5.831,3.1623,1.4142,2.0,2.0,0.0,3.1623,4.2426,7.6158,2.8284,2.0,1.4142,1.4142,2.8284,2.0,2.8284,1.4142,4.0,2.0,4.0,1.4142,2.0,1.4142,0.0,0.0,1.4142,7.6158,11.4018,12.1655,19.0263,21.0238,29.7321,472.4828,653.7415,289.4996,41.1096,182.011,92.0869,43.0116,7.0711,7.2111,5.831,13.0384,26.8328,41.1825,41.1096,46.669,64.0312,66.2873,85.0412,95.4254,40.0,168.5764,316.5091,229.5125,161.2265,413.6279,292.2054,72.1249,24.0416,35.6931,41.0122,62.6418,166.979,258.5885,239.9708,283.623,174.0402,68.0,48.2701,69.4262,74.7262,120.2082,126.0635,72.8011,27.4591,22.8473,43.0116,15.8114,49.4975,67.0075,67.9559,45.6508,31.7805,12.083,26.6833,21.0238,6.0,18.4391,13.0384,13.0384,24.2074,32.6497,62.7694,80.2621,107.042,79.511,30.5941,10.7703,24.1661,66.7083,51.4782,38.6264,88.5664,88.0227,104.0096,133.7012,149.0302,122.3765,65.1153,136.0588,185.801,150.3729,143.5618,131.2174,109.6358,144.5337,198.7612,264.0682,299.8166,144.9,123.0447,253.2074,147.0918,80.0,35.4683,14.5602,50.0,20.3961,14.7648,30.2324,42.8019,23.0217,14.2127,11.4018,26.0,27.1662,28.0,121.0372,180.4716,70.9366,100.09,256.6281,77.8332,513.9533,549.132,186.8154,11.0454,12.6491,11.6619,5.831,6.0,7.0711,2.8284,4.4721,7.6158,5.831,10.0,13.4164,12.083,13.3417,14.1421,13.3417,17.2627,15.0333,8.0,13.0384,12.1655,12.1655,16.1245,7.0711,4.0,4.0,0.0,0.0,0.0,4.0,2.0,4.0,2.0,2.0,1.4142,2.8284,2.0
2.0,4.4721,2.8284,4.4721,3.1623,1.4142,2.8284,3.1623,2.0,0.0,0.0,3.1623,3.1623,3.1623,2.8284,4.4721,4.0,1.4142,2.0,3.1623,1.4142,0.0,2.0,5.6569,4.4721,2.0,0.0,2.0,0.0,1.4142,4.4721,3.1623,1.4142,3.1623,1.4142,3.1623,2.0,0.0,0.0,0.0,0.0,1.4142,6.3246,11.0454,12.0,19.0263,21.2132,15.8114,347.6349,633.2851,399.5923,68.2642,166.9731,88.0909,36.0555,7.2111,5.831,4.4721,9.4868,18.9737,29.5296,34.0588,47.5395,80.9568,109.1788,136.1249,163.6154,158.1518,84.0595,217.2004,382.7924,344.5809,249.303,256.0312,117.72,70.342,107.7868,152.9706,176.9181,173.2166,118.1863,33.6155,98.0816,119.4738,81.4371,56.3205,38.1838,58.3095,48.4149,32.28,53.0848,4.4721,31.1448,31.6228,39.6232,53.8145,59.3633,49.6588,26.5707,22.0,14.5602,26.0768,20.0998,6.3246,14.4222,26.4197,28.2843,25.4951,31.241,53.9073,86.3134,132.9436,111.7229,55.9464,23.7065,33.3766,68.2642,33.3766,14.5602,25.02,32.6497,76.9415,127.0276,83.006,24.0832,62.6418,140.8687,172.0465,165.2211,177.3866,173.9253,115.317,87.1321,82.3893,52.4976,114.4902,153.3884,149.7732,140.5133,36.0555,68.1175,7.0711,31.4006,52.3259,24.2074,19.8494,18.4391,39.3954,24.0832,17.2627,19.2354,31.0161,27.0185,21.2132,120.1499,210.6086,51.264,35.6931,188.2976,79.3095,569.3804,521.4787,104.4031,8.0,10.0,8.2462,11.0454,10.2956,4.4721,2.0,5.099,4.0,2.8284,7.6158,12.6491,14.1421,13.0384,14.1421,14.0,18.1108,14.0,8.2462,13.0384,12.0,12.0,16.0,8.0,4.0,4.0,0.0,1.4142,3.1623,4.2426,0.0,4.4721,0.0,4.2426,4.0,4.4721,4.0
2.0,3.1623,3.1623,5.831,3.1623,2.8284,4.2426,3.1623,1.4142,1.4142,2.0,3.1623,3.1623,2.0,1.4142,3.1623,2.8284,1.4142,2.0,0.0,0.0,1.4142,2.8284,3.1623,1.4142,3.1623,3.1623,1.4142,0.0,0.0,4.0,4.0,3.1623,1.4142,2.8284,3.1623,1.4142,0.0,1.4142,2.0,1.4142,3.1623,7.6158,8.2462,12.0,17.0294,17.72,16.1245,217.5684,617.8317,509.1169,62.2415,149.1107,76.4199,32.0624,7.0711,5.831,4.2426,7.2111,15.8114,22.6274,26.4197,30.0666,40.05,48.1664,69.6419,101.8332,121.5648,118.9033,59.0085,83.4865,213.3214,207.6969,88.7694,162.7882,259.696,281.1868,270.9686,280.0607,273.2471,207.4078,112.0179,44.2719,74.0,34.5254,5.099,40.0,80.4487,20.2485,49.8197,40.05,17.2627,16.0,29.1548,37.4433,33.5261,43.0116,38.2099,27.1662,23.3238,21.2132,30.8869,21.9545,11.4018,21.2603,41.6173,49.8197,48.7647,50.6952,51.264,72.111,137.5936,162.6407,98.2344,58.0517,10.0,69.857,49.3964,29.7321,37.7359,67.0522,73.3348,19.8494,95.5092,178.2414,222.009,190.704,110.8603,44.1814,24.2074,60.0,54.4243,81.4002,121.6553,132.6122,140.6627,138.2245,135.5065,89.6437,11.4018,55.4437,39.6232,45.1885,42.5206,25.4951,13.0384,11.4018,31.0483,20.0,13.9284,28.0713,35.3553,24.3311,16.0,125.1958,235.44,74.9533,67.9559,118.5327,75.1665,601.0824,471.5294,46.5188,8.0,11.0454,5.099,15.0333,14.5602,5.6569,1.4142,5.099,3.1623,4.4721,5.831,11.0454,15.0333,11.4018,16.1245,18.1108,16.1245,10.198,9.4868,15.0333,13.0384,12.1655,15.0333,9.0554,4.4721,3.1623,0.0,2.0,3.1623,2.8284,3.1623,3.1623,4.2426,4.2426,2.0,2.8284,2.0
2.0,1.4142,4.0,7.0711,2.0,1.4142,4.0,1.4142,3.1623,4.4721,3.1623,1.4142,5.099,2.0,1.4142,2.0,3.1623,4.2426,3.1623,1.4142,1.4142,2.8284,0.0,3.1623,3.1623,1.4142,2.0,0.0,0.0,0.0,3.1623,4.4721,2.0,2.0,3.1623,0.0,0.0,0.0,2.0,1.4142,3.1623,5.6569,8.9443,7.2111,12.6491,16.4924,14.5602,14.5602,112.4011,606.1765,602.098,56.3205,133.094,70.0286,27.2029,11.4018,5.099,4.4721,7.0711,15.2315,21.9545,21.4009,8.4853,7.2111,5.6569,9.4868,21.4009,34.0588,49.679,72.4983,94.3716,95.0053,86.6487,79.1581,80.9938,69.9714,42.5441,38.6005,71.4703,11.3137,85.1469,117.047,101.4002,45.607,15.6205,56.4624,97.6524,42.5441,34.9857,45.1885,27.4591,27.0185,5.831,28.3196,18.1108,15.0333,43.566,44.0454,50.1597,47.2017,38.0789,25.6125,16.1245,9.8995,17.8885,37.3363,45.5412,32.5269,37.0135,33.5261,40.7922,59.4811,161.6168,140.264,109.0413,45.607,41.7852,70.3278,54.2033,14.7648,35.3553,66.0,89.0505,74.6324,38.6005,17.2627,52.6118,44.9222,45.0111,59.4138,43.0116,27.4591,93.2309,94.2444,79.511,98.9949,94.414,83.8689,49.0918,36.6879,65.2534,59.0593,31.0161,24.0832,20.2485,13.0384,20.2485,22.0907,12.1655,15.8114,31.7805,37.3363,26.5707,17.0294,131.3088,263.0931,81.1542,105.5367,82.0244,99.3177,616.086,399.7724,17.72,9.0554,11.0454,5.099,14.0,15.2971,3.1623,2.0,3.1623,4.0,6.0,3.1623,9.4868,15.2971,11.0454,18.0,20.0,12.1655,8.9443,12.1655,15.0333,14.1421,13.0384,14.0,10.0,4.0,2.0,0.0,1.4142,4.4721,3.1623,3.1623,2.8284,3.1623,2.0,0.0,2.0,0.0
2.0,3.1623,4.2426,7.0711,1.4142,3.1623,5.6569,3.1623,2.8284,2.8284,2.8284,2.0,5.099,0.0,1.4142,4.2426,5.6569,5.6569,4.0,4.4721,3.1623,1.4142,1.4142,1.4142,2.0,3.1623,1.4142,1.4142,2.0,1.4142,1.4142,4.4721,2.0,2.0,1.4142,0.0,0.0,0.0,1.4142,3.1623,1.4142,4.4721,7.6158,8.2462,12.0,15.0333,15.0333,13.0384,53.3667,585.7184,651.4062,71.007,133.1841,76.0263,26.0768,10.198,4.4721,6.3246,6.3246,7.0711,12.8062,18.9737,19.0263,10.7703,17.4929,15.2315,9.8995,15.2315,24.2074,28.178,31.7805,31.0483,23.3238,14.1421,64.3273,108.0463,112.641,114.5862,164.7544,192.0104,127.9453,46.0652,33.6155,51.2445,84.7703,124.7798,66.1211,51.923,42.4264,26.8328,21.2132,19.6977,19.2354,25.4951,17.0294,8.4853,46.3897,55.0091,62.514,47.8539,31.1448,27.0185,26.4197,17.0294,13.4164,28.2843,46.2385,43.382,18.4391,56.1427,46.669,51.8652,81.5966,118.6002,129.0736,129.3754,89.0056,48.4149,35.1283,38.6264,39.6232,24.3311,37.5766,92.358,115.0391,98.8433,87.6926,79.7621,65.9697,65.192,75.326,75.2861,76.4199,61.4654,56.0892,102.8591,117.3797,117.2007,98.326,87.4643,66.6033,44.3847,11.0454,6.3246,21.2132,6.3246,32.0,23.4094,22.8035,31.1448,27.0185,35.6931,32.9848,12.7279,131.1869,284.007,83.0542,114.2804,75.3127,162.9294,613.842,334.0928,12.0,11.0454,10.198,7.6158,9.0554,12.6491,5.099,3.1623,4.0,4.4721,5.099,2.0,8.0,16.0,12.0,17.0294,20.0998,10.198,9.0554,15.0333,13.0384,13.0384,14.1421,15.0333,10.0,4.0,2.0,0.0,0.0,3.1623,4.4721,0.0,3.1623,1.4142,3.1623,0.0,1.4142,2.0
4.0,4.4721,4.4721,4.4721,2.0,3.1623,3.1623,0.0,2.0,1.4142,1.4142,2.8284,2.8284,0.0,2.8284,4.2426,4.4721,3.1623,0.0,2.0,2.8284,0.0,2.8284,4.4721,3.1623,3.1623,1.4142,4.2426,4.0,4.4721,3.1623,3.1623,4.0,1.4142,2.0,1.4142,0.0,0.0,1.4142,4.4721,1.4142,4.0,6.0,10.0,12.0,13.0384,15.2971,14.1421,47.2652,585.247,669.6283,91.3893,149.8332,91.444,32.0,10.198,12.1655,7.6158,6.0,3.1623,11.4018,20.3961,25.4951,11.4018,12.6491,18.9737,17.0294,11.4018,4.4721,11.4018,14.2127,21.0238,33.7343,36.2491,33.9706,11.4018,14.0,11.4018,10.0,26.8328,34.4093,47.8539,68.1175,101.3903,119.5408,54.5711,63.1506,67.4685,17.0294,20.0998,11.4018,18.1108,26.5707,7.0711,24.1661,16.0,48.2701,70.8802,69.0797,52.0,25.4951,32.0624,29.1204,20.5913,10.7703,22.8035,30.0,36.0555,31.4006,63.9062,37.6563,88.2383,48.2701,53.3104,89.8888,118.5327,110.0636,81.2158,50.636,32.5576,31.4006,37.3363,26.5707,29.0172,64.6375,97.4166,94.0851,65.9242,58.8218,56.0357,47.2652,31.4006,43.8634,47.5395,43.909,67.4685,49.0306,54.1295,76.0,67.72,30.3645,17.72,23.0217,11.0454,22.3607,11.3137,38.0789,28.178,35.805,33.9706,21.9545,31.7805,36.1386,7.2111,127.1928,287.2943,72.4707,70.214,99.3177,248.2015,598.752,294.17,12.1655,12.1655,12.0,8.2462,4.0,9.4868,4.4721,4.4721,7.6158,6.0,5.831,4.4721,7.6158,13.0384,11.6619,17.8885,22.1359,12.6491,12.0,16.1245,12.1655,13.3417,13.3417,14.0,11.0454,5.099,1.4142,0.0,0.0,1.4142,4.2426,4.2426,2.0,2.0,3.1623,0.0,0.0,0.0
2.0,1.4142,3.1623,2.8284,2.8284,4.4721,0.0,1.4142,3.1623,1.4142,0.0,5.099,3.1623,4.0,4.2426,1.4142,4.0,2.0,0.0,2.0,4.0,0.0,4.0,1.4142,2.0,2.8284,4.2426,4.2426,2.0,3.1623,4.4721,3.1623,3.1623,2.0,1.4142,2.8284,1.4142,0.0,2.0,4.0,0.0,4.0,6.0,9.0554,12.1655,12.1655,12.6491,27.4591,95.3834,611.8055,662.7352,98.2344,167.72,121.5977,23.1948,17.0294,13.9284,7.2111,6.3246,8.4853,13.4164,21.587,26.3059,11.4018,3.1623,7.0711,12.1655,16.1245,20.0,18.1108,6.0,13.4164,9.8995,19.2354,28.6356,18.0,40.2492,51.4198,71.5542,74.9667,58.5491,67.6757,99.96,107.5174,51.2445,56.0357,59.0762,48.6004,42.638,31.6228,16.1245,18.9737,9.0554,32.311,14.2127,44.3847,63.2456,84.534,64.4981,41.5933,16.1245,2.8284,2.0,10.7703,25.4951,37.2022,28.6007,1.4142,20.3961,44.3847,44.2719,55.1543,68.4105,17.2627,41.1825,64.0312,70.4557,66.6483,54.9181,44.1814,26.6833,20.2485,49.679,28.4253,7.0711,37.3363,63.1506,78.8543,85.9884,80.0625,66.2722,68.0294,66.4831,50.9313,32.6497,43.9318,39.598,31.0161,27.0185,14.1421,31.6228,35.0143,43.9318,32.6497,24.0832,28.2843,29.1548,31.0161,45.1885,27.0185,19.6977,30.2324,33.6155,9.0554,124.2578,263.712,76.5506,44.0454,144.5061,329.1504,574.9243,298.5632,37.7359,13.0384,13.0384,8.0,2.0,7.0711,4.0,2.8284,6.0,9.0554,8.2462,3.1623,4.0,8.6023,11.3137,18.9737,22.3607,16.1245,13.0384,15.2971,13.3417,14.1421,13.0384,12.0,11.0454,6.3246,1.4142,1.4142,2.0,2.0,2.8284,3.1623,0.0,0.0,2.0,0.0,0.0,0.0
2.0,2.0,3.1623,3.1623,4.2426,5.6569,4.4721,4.4721,4.2426,3.1623,4.0,4.4721,3.1623,3.1623,4.4721,3.1623,3.1623,3.1623,2.0,0.0,3.1623,0.0,3.1623,1.4142,1.4142,4.2426,4.2426,1.4142,0.0,0.0,2.0,5.099,5.099,3.1623,2.8284,3.1623,4.4721,3.1623,0.0,4.4721,2.0,4.4721,5.099,8.0,11.0454,11.4018,12.1655,55.0818,217.5684,661.6948,593.0008,81.0555,178.8687,148.8624,5.831,18.6011,11.4018,7.2111,2.8284,5.6569,13.4164,22.1359,25.0599,20.5913,20.8806,17.72,10.7703,7.6158,8.6023,12.0,15.8114,19.799,15.8114,8.2462,29.4279,59.4811,73.0068,67.4685,61.4003,61.7414,90.7965,100.6578,51.4782,13.4164,53.8145,52.6308,37.2022,41.2311,48.1664,51.614,34.9285,16.4924,27.8568,45.2769,24.0,72.4983,66.0303,70.3847,51.8652,31.305,7.2111,2.8284,11.4018,20.5913,28.178,21.6333,1.4142,16.5529,7.2111,35.6931,58.0517,29.1548,72.111,71.4703,12.1655,43.566,61.6117,61.4003,58.0517,52.9528,38.0789,20.2485,27.0185,31.7805,15.5563,28.6356,13.0384,22.6274,18.4391,37.3631,54.1479,62.8013,55.0818,40.4969,33.2866,25.4951,22.8035,19.8494,30.5941,34.6699,37.1214,11.4018,34.9285,35.3553,26.0,24.6982,14.7648,37.6563,51.2445,27.0185,22.8035,28.4253,28.178,7.2111,126.0635,208.7534,47.0106,154.3243,140.4706,353.6382,550.5288,328.1128,60.0333,13.0384,10.198,9.0554,2.8284,5.099,8.2462,4.4721,4.2426,8.0,8.9443,5.099,4.2426,4.4721,10.0,21.2132,21.2132,18.1108,11.0454,12.1655,14.5602,15.2971,15.0333,12.0,10.0,6.0,2.0,3.1623,2.0,1.4142,2.0,1.4142,2.0,1.4142,2.0,0.0,0.0,0.0
2.0,3.1623,3.1623,3.1623,3.1623,4.4721,0.0,2.8284,2.8284,2.0,1.4142,2.0,4.0,3.1623,2.8284,2.8284,2.8284,3.1623,0.0,2.0,2.0,4.0,2.0,2.0,3.1623,4.4721,1.4142,0.0,0.0,0.0,2.0,2.0,1.4142,3.1623,3.1623,2.0,2.8284,3.1623,2.0,4.0,0.0,4.0,4.0,8.0,9.0554,9.4868,16.1245,84.3445,325.9693,644.8876,447.9732,42.5441,171.4934,147.2753,9.4868,17.0294,16.4924,14.1421,11.4018,8.9443,13.4164,19.2354,21.6333,28.2843,32.5576,31.6228,26.8328,21.6333,20.2485,16.4924,15.8114,21.2132,25.4951,32.9848,38.6264,38.833,48.1041,62.1772,84.7585,88.7694,57.2713,20.3961,32.249,63.7809,42.0476,10.198,26.8701,34.9285,26.4197,32.8024,28.2843,29.0172,59.9333,26.9072,60.4152,74.6324,55.0273,62.6259,53.6656,29.7321,18.0,25.4951,34.9285,32.8938,24.1661,10.0,6.3246,12.0,21.4009,40.025,48.3735,48.8262,34.2053,98.7623,33.1361,19.2354,38.4187,41.8808,48.0416,59.6657,64.405,53.8516,24.7386,23.1948,8.4853,31.1448,41.7852,23.1948,6.3246,0.0,6.3246,28.6007,34.0,39.3192,45.1885,45.1221,47.0106,52.4786,49.0306,38.2099,17.0294,5.099,25.1794,27.4591,10.198,10.198,15.5563,50.6952,57.2713,35.4683,33.7343,35.7771,21.6333,23.1948,130.9809,173.8333,144.755,219.6725,49.7393,351.7528,532.1353,344.0058,71.0634,8.0,9.0554,10.198,1.4142,4.0,9.0554,2.8284,3.1623,5.099,5.831,4.4721,5.099,4.4721,11.0454,22.0,21.0238,17.0294,11.0454,10.198,13.0384,16.0,15.0333,11.4018,10.7703,7.6158,3.1623,3.1623,2.0,1.4142,2.0,0.0,1.4142,2.8284,1.4142,0.0,1.4142,2.0
0.0,3.1623,2.0,2.8284,2.8284,4.4721,2.8284,0.0,3.1623,1.4142,3.1623,2.0,4.0,4.0,1.4142,1.4142,3.1623,1.4142,0.0,2.0,5.831,5.099,4.2426,1.4142,4.0,3.1623,2.0,1.4142,0.0,0.0,1.4142,2.8284,3.1623,2.0,0.0,0.0,2.0,4.0,2.0,3.1623,1.4142,3.1623,5.099,8.0,8.0,8.0,18.0,135.0926,399.0514,561.1435,323.8179,140.5133,131.0343,119.365,22.1359,15.8114,19.6469,20.0,20.3961,21.587,25.0599,26.0768,25.1794,27.0185,25.9615,28.4605,33.6155,30.2324,24.6982,26.3059,29.1204,36.0555,42.5441,42.45,37.3631,47.7074,69.527,61.4003,34.0588,11.6619,29.1548,32.311,52.4786,34.2345,30.8869,38.833,42.9418,52.4023,37.2022,30.2655,27.8927,56.3028,63.9062,30.4631,90.9175,70.214,65.192,63.1348,43.0813,26.4197,25.2982,30.3645,26.8328,24.1661,24.3311,33.5261,45.0111,37.0135,31.241,39.6232,51.2445,79.6492,41.5933,88.0909,68.0,34.2053,58.1893,60.7454,46.0435,42.7551,56.7979,69.3542,54.1295,19.0263,4.2426,17.0294,28.6356,31.305,29.1548,24.0,23.3238,39.9249,13.9284,7.2111,22.8035,17.2047,22.8035,31.7805,26.9072,29.4279,25.4951,12.7279,19.2354,22.1359,9.0554,12.6491,21.2603,54.4059,53.1601,34.9857,40.4969,40.4475,24.6982,38.833,131.0954,184.0978,188.4091,138.2317,91.9348,354.8436,496.5239,314.0255,84.8999,17.72,10.7703,8.2462,0.0,5.099,7.0711,2.0,4.0,4.0,5.099,6.3246,5.099,4.0,8.2462,22.3607,24.0832,16.0,12.0,10.0,13.0384,15.0333,12.1655,11.4018,10.198,8.2462,5.099,1.4142,1.4142,2.8284,5.831,6.0,4.0,1.4142,0.0,0.0,3.1623,2.0
0.0,4.0,0.0,3.1623,4.2426,4.2426,1.4142,1.4142,4.4721,2.8284,4.2426,4.4721,4.2426,3.1623,1.4142,2.0,3.1623,0.0,0.0,3.1623,4.4721,3.1623,3.1623,3.1623,4.2426,1.4142,0.0,2.0,0.0,0.0,0.0,3.1623,4.4721,1.4142,0.0,0.0,1.4142,4.2426,4.2426,1.4142,3.1623,2.8284,7.0711,7.0711,7.6158,9.4868,18.1108,165.003,455.9386,476.9172,182.7184,79.2465,43.566,116.2755,27.0185,14.0,18.3848,18.0,18.4391,20.0998,26.0,29.5296,25.02,22.3607,21.5407,23.1948,31.9061,34.2053,27.2029,28.0,36.0555,49.3964,50.1199,45.607,55.7853,57.2713,21.9545,39.2938,54.1295,47.2652,42.45,33.7343,17.2627,33.1361,42.9418,36.6879,41.6173,52.4786,46.6476,50.0,45.1221,67.7791,33.3766,88.1022,105.8017,85.6037,99.4887,82.7647,60.9262,50.1199,36.1386,28.6356,28.4605,35.7771,39.6232,46.0435,44.0,36.7967,32.249,24.2074,21.587,48.1664,63.8905,56.921,88.0,50.5371,54.037,66.242,45.6946,27.7849,25.4951,45.1885,65.192,52.8394,31.1448,15.8114,9.4868,21.2603,19.799,15.0333,26.6833,53.2541,55.0091,36.7967,26.6833,18.1108,22.0907,27.4591,20.0998,17.2047,32.5576,32.249,29.1548,25.6125,11.4018,25.6125,29.9666,44.9444,48.1664,43.1741,41.1825,18.4391,25.0599,41.7612,123.9677,199.97,165.7106,158.619,190.3943,337.7218,429.644,275.1472,92.0217,28.0713,9.4868,6.3246,1.4142,5.099,8.0,2.8284,4.4721,4.4721,5.099,5.099,4.4721,6.0,6.3246,20.0,26.0768,17.0294,12.0,9.0554,15.0333,15.0333,9.0554,13.0384,12.6491,8.6023,4.4721,1.4142,4.2426,4.2426,3.1623,0.0,2.0,0.0,1.4142,2.0,2.0,2.0
0.0,4.0,0.0,4.0,4.0,1.4142,2.0,1.4142,3.1623,2.8284,1.4142,4.4721,3.1623,2.8284,2.8284,2.0,1.4142,0.0,0.0,4.0,5.099,4.2426,4.4721,5.831,5.099,3.1623,2.0,1.4142,1.4142,3.1623,4.0,4.2426,3.1623,0.0,0.0,0.0,0.0,1.4142,4.2426,4.0,4.2426,3.1623,8.0,6.0,5.099,10.198,20.0,150.6519,525.001,469.1631,107.9352,107.5174,53.535,145.0034,24.0416,17.0294,16.5529,17.2627,23.0217,28.0713,30.3645,30.2324,22.0907,22.1359,20.2485,11.4018,17.2047,25.0599,35.3553,36.0,44.2945,54.6443,37.9473,13.0384,16.1245,41.0122,56.5155,50.04,42.9418,24.7386,13.9284,6.3246,21.2603,24.6982,30.5287,20.8806,32.28,46.6905,45.2769,64.2806,71.4703,50.5964,33.6155,115.9741,87.4643,75.1665,94.4034,68.0294,52.6118,39.2173,28.0713,24.0832,30.8869,37.7359,31.0483,27.4591,25.9615,42.45,47.7074,42.3792,40.1995,48.0208,66.0303,26.9072,78.4092,68.9638,20.0,28.6356,33.1059,24.4131,18.1108,22.1359,38.2884,52.4023,52.345,37.4433,11.6619,13.0384,18.0,4.2426,8.2462,19.799,35.3836,50.4777,42.19,24.0832,32.6497,41.1825,47.8539,44.7214,36.0555,23.3238,11.6619,7.0711,37.0135,59.397,58.2409,46.8188,42.9418,53.8516,36.0555,11.3137,26.6833,40.05,105.385,207.2921,91.7061,102.8397,147.6279,277.622,364.6423,248.8051,95.2575,27.4591,7.0711,5.099,2.8284,4.4721,10.198,3.1623,4.0,4.0,3.1623,4.4721,4.4721,8.2462,8.0,17.0294,26.0,18.0,9.4868,10.7703,17.0294,15.0333,10.0,14.1421,13.0384,6.0,2.0,2.0,4.0,2.0,1.4142,2.0,1.4142,0.0,2.0,0.0,2.8284,4.0
0.0,4.0,0.0,4.0,4.0,0.0,1.4142,2.8284,1.4142,2.0,4.0,1.4142,1.4142,3.1623,1.4142,0.0,0.0,0.0,1.4142,4.4721,5.099,1.4142,2.8284,3.1623,0.0,2.0,0.0,0.0,2.0,2.0,1.4142,1.4142,1.4142,1.4142,0.0,0.0,0.0,0.0,1.4142,2.0,0.0,4.4721,6.0,7.0711,5.099,8.0,23.0217,140.1285,560.2892,479.3767,78.9177,115.7325,65.9242,166.0,21.5407,8.2462,9.8995,14.2127,17.72,25.2982,32.5576,41.1825,31.0483,23.3238,21.2603,12.8062,12.083,9.0554,11.4018,9.4868,18.0,28.6007,40.0,41.2311,53.1413,67.9117,58.0345,36.0555,33.7343,10.7703,12.083,27.0185,25.4558,38.2099,39.8497,27.8927,38.4708,39.8497,67.0522,85.8836,76.9415,4.2426,82.6196,99.8599,56.7979,78.1025,91.0934,38.2884,33.3766,43.1741,45.0111,40.1995,37.1214,31.9061,22.3607,17.0294,17.72,32.311,49.3964,56.5155,52.6118,50.9902,63.9531,18.4391,59.2284,68.9638,31.6228,24.0832,30.4631,7.6158,24.0832,25.2982,28.2843,35.805,48.4149,53.7401,40.4969,19.2354,18.3848,5.099,16.4924,4.4721,22.6274,45.4533,65.5134,64.7611,67.897,75.8024,69.4262,46.1736,16.0,9.4868,27.8927,48.7032,63.8122,55.1725,42.638,46.3897,43.8634,46.2385,29.4279,8.4853,31.4006,45.0111,98.1835,219.3855,58.4637,91.9239,60.0,238.2142,359.8694,229.1201,79.1202,21.2132,5.099,4.2426,2.0,5.099,8.0,4.2426,5.831,5.099,1.4142,4.4721,6.0,8.2462,8.0,16.1245,28.0,17.0294,4.4721,13.3417,18.1108,14.1421,13.0384,13.0384,11.4018,7.6158,3.1623,2.0,5.099,2.8284,2.0,2.0,1.4142,0.0,2.0,0.0,5.099,2.0
0.0,4.0,1.4142,4.4721,3.1623,0.0,3.1623,4.2426,4.0,3.1623,2.0,1.4142,3.1623,2.0,2.0,1.4142,0.0,0.0,2.0,4.0,2.8284,4.0,2.0,1.4142,2.0,1.4142,0.0,0.0,1.4142,3.1623,4.4721,4.0,3.1623,3.1623,0.0,0.0,0.0,0.0,0.0,1.4142,2.8284,3.1623,3.1623,7.6158,7.6158,6.3246,20.8806,138.3112,567.6425,483.2991,79.1581,123.0366,67.082,174.5623,27.8927,3.1623,12.7279,12.8062,10.0,16.1245,16.4924,30.0,28.6007,18.9737,16.1245,18.6011,14.4222,1.4142,11.3137,13.9284,25.02,51.4198,66.1211,59.0085,40.7185,20.0,18.0,39.2938,28.0,16.1245,43.0116,41.0366,38.6005,53.9073,21.0238,56.0,32.0624,40.7922,90.5207,87.4643,42.3792,50.5371,95.2575,68.6003,61.4003,101.8725,86.4523,39.6989,45.1885,50.6952,48.0416,47.8539,44.3847,42.3792,39.0128,36.2215,35.0143,37.0135,40.5216,45.2769,45.607,51.2445,53.1601,42.45,42.7551,65.8027,35.4683,34.0,22.8035,17.2627,7.2111,12.083,27.0185,36.7696,41.2311,43.9318,50.5371,48.6621,39.6232,28.2843,29.7321,14.2127,13.0384,26.0768,16.1245,15.8114,25.2982,21.4009,27.0185,20.8806,22.1359,26.0,37.0135,59.8164,70.3278,63.9062,55.5698,42.45,29.4279,22.1359,26.6833,4.0,33.0151,52.0384,128.7866,244.3645,60.8276,129.6534,56.8859,237.6089,383.9505,209.122,43.909,13.3417,4.4721,3.1623,3.1623,5.099,5.099,2.8284,7.0711,6.0,0.0,5.099,10.7703,8.6023,2.0,16.4924,30.2655,16.4924,5.099,13.0384,17.0294,14.1421,13.3417,12.6491,11.4018,9.0554,5.099,2.8284,5.099,2.0,0.0,1.4142,2.8284,1.4142,2.0,0.0,6.0,0.0
4.0,4.2426,2.8284,4.4721,1.4142,1.4142,3.1623,3.1623,1.4142,0.0,0.0,3.1623,4.4721,1.4142,0.0,2.0,0.0,0.0,2.0,4.0,0.0,0.0,2.0,0.0,0.0,0.0,0.0,0.0,0.0,0.0,1.4142,2.0,3.1623,4.0,0.0,0.0,0.0,0.0,1.4142,4.2426,3.1623,1.4142,3.1623,6.3246,8.2462,7.6158,13.0384,105.7733,562.5389,520.0385,94.3398,131.1869,58.2409,178.2414,42.45,13.9284,14.2127,7.2111,9.4868,18.9737,10.0,15.2315,32.9848,24.3311,9.0554,13.9284,16.1245,10.2956,15.0333,12.8062,22.6274,30.0,13.3417,18.1108,29.1548,55.4437,63.2456,57.4282,28.2843,13.9284,67.4685,43.8634,19.2354,25.02,34.6699,43.566,29.9666,68.1175,107.5639,74.0945,5.099,77.8332,85.44,60.8276,92.6499,110.2089,65.0692,34.0588,37.2022,34.9857,41.1096,47.0744,43.2897,38.6005,30.2655,28.2843,32.0624,33.0151,36.4966,41.0122,60.0,67.6757,49.0306,62.1289,33.9706,70.3278,40.4969,36.8782,20.2485,22.3607,14.4222,10.2956,19.6977,34.0588,39.4462,28.4253,27.313,36.4966,35.3553,30.3645,38.4187,36.0555,36.6879,44.0454,27.4591,18.6011,19.799,44.2041,48.2701,27.0185,24.1661,33.1361,46.1736,63.8122,63.6553,58.8727,53.8516,33.0151,26.9072,6.3246,20.2485,11.4018,29.0172,59.0085,174.797,258.9093,43.8634,156.205,71.8471,262.2251,393.4489,189.4518,20.5913,7.6158,4.4721,3.1623,4.0,3.1623,4.4721,3.1623,7.0711,5.831,3.1623,8.0,11.0454,4.4721,3.1623,16.1245,28.2843,17.72,9.4868,12.1655,16.1245,13.3417,14.1421,13.0384,11.0454,10.0,7.0711,2.8284,2.0,2.8284,2.0,2.8284,1.4142,2.0,1.4142,2.0,5.099,0.0
2.0,1.4142,2.0,4.0,1.4142,4.2426,3.1623,1.4142,2.0,0.0,0.0,4.0,4.0,1.4142,2.0,2.8284,2.0,2.0,4.2426,4.2426,2.0,2.0,1.4142,0.0,1.4142,2.0,1.4142,0.0,1.4142,3.1623,3.1623,1.4142,4.0,4.0,0.0,0.0,0.0,0.0,3.1623,4.4721,2.0,2.0,4.4721,7.6158,8.9443,8.9443,9.4868,55.0091,505.6679,583.5409,171.4934,145.1689,41.7852,184.201,56.0892,23.1948,9.0554,3.1623,12.083,17.2627,7.0711,14.2127,22.0907,29.9666,15.6205,14.2127,18.6011,15.5563,22.3607,35.6931,52.1728,71.8471,82.0,72.5672,66.242,55.0818,39.1152,31.1448,20.2485,23.5372,63.3246,36.2215,9.0554,10.198,29.5296,14.4222,36.0555,110.6436,120.9049,47.4342,25.4951,83.9524,77.3692,79.6241,111.3643,85.0882,41.0122,36.3593,52.345,60.7454,60.531,60.0167,53.0848,38.0526,27.313,23.0217,26.6833,31.0161,41.3038,45.0111,68.2495,86.3134,69.6419,78.0256,24.3311,72.8011,43.382,27.0185,29.7321,28.6356,18.1108,13.9284,13.4164,14.1421,32.5269,41.4005,28.6356,20.5913,16.4924,9.0554,34.2053,47.0744,42.4264,30.5287,18.3848,20.5913,20.2485,41.5933,40.5216,21.0238,10.2956,31.1448,63.0714,63.9531,43.566,24.0,10.198,13.4164,25.4951,7.6158,11.0454,15.2971,25.02,62.0,198.0101,243.3475,57.0088,160.0312,98.0816,322.8157,389.5895,135.0037,10.0,6.3246,3.1623,1.4142,4.4721,2.8284,4.4721,4.4721,5.831,5.831,5.831,11.4018,9.4868,4.2426,2.0,14.0,25.1794,22.0,9.4868,9.0554,16.4924,13.3417,18.0,14.1421,9.0554,10.0,7.0711,3.1623,0.0,1.4142,1.4142,1.4142,1.4142,2.0,1.4142,1.4142,4.0,0.0
2.0,1.4142,3.1623,3.1623,3.1623,4.4721,2.0,2.0,1.4142,1.4142,3.1623,4.2426,3.1623,0.0,1.4142,2.8284,2.0,3.1623,4.2426,1.4142,1.4142,3.1623,3.1623,1.4142,2.0,0.0,2.0,0.0,2.0,3.1623,3.1623,4.2426,3.1623,4.0,0.0,0.0,0.0,1.4142,4.4721,3.1623,1.4142,2.0,2.0,8.2462,8.2462,7.6158,8.9443,18.6011,351.5252,627.1794,353.0014,185.9247,11.4018,189.7894,71.0634,27.8927,11.4018,7.6158,15.8114,8.2462,13.0384,8.9443,4.4721,25.4558,31.0483,36.4966,38.6005,25.4951,31.7805,49.8197,61.0082,65.0077,66.0,56.3205,39.8246,21.5407,19.6469,18.868,12.6491,25.2982,48.3735,34.9285,27.0185,31.7805,36.7696,34.0588,60.1664,148.8624,111.0856,7.2111,63.8905,86.093,80.1124,97.4987,100.5684,55.6597,30.3645,48.8262,77.8974,72.0694,50.04,47.8539,44.9444,32.6497,21.4009,20.0998,24.6982,25.4951,29.9666,26.6833,54.2033,90.2109,101.1336,91.0824,40.025,46.3249,69.9714,46.3249,49.4773,65.192,34.4093,17.2627,20.8806,14.1421,0.0,27.0185,27.4591,34.2053,32.8024,21.4009,22.1359,27.2029,28.0713,28.2843,38.2099,50.04,47.0106,43.9318,37.3363,7.2111,11.6619,34.176,71.3863,58.5491,37.0135,24.0832,12.1655,15.2971,25.4951,7.6158,9.0554,13.3417,27.2029,61.6604,200.1599,208.2402,76.5506,164.7119,167.6305,381.2427,338.3785,61.7738,5.099,4.0,3.1623,3.1623,4.2426,4.4721,5.099,3.1623,3.1623,3.1623,6.3246,12.0,6.3246,6.3246,6.3246,11.4018,23.0217,28.0713,8.9443,3.1623,16.1245,15.0333,20.0,14.0,9.0554,10.198,4.0,4.2426,3.1623,1.4142,2.0,1.4142,2.8284,3.1623,1.4142,2.8284,5.099,0.0
0.0,3.1623,4.4721,1.4142,4.0,4.0,0.0,0.0,1.4142,4.2426,4.4721,3.1623,2.8284,3.1623,4.4721,3.1623,2.0,2.8284,1.4142,0.0,2.0,2.0,2.0,2.0,1.4142,2.0,1.4142,0.0,1.4142,4.2426,3.1623,3.1623,1.4142,4.4721,1.4142,0.0,0.0,3.1623,4.4721,1.4142,2.0,0.0,0.0,7.0711,8.2462,6.3246,7.6158,10.198,157.0987,529.0085,568.0845,318.0975,34.2053,175.4138,98.7623,30.3645,11.3137,15.8114,20.0,2.8284,11.6619,22.0907,17.72,13.4164,13.9284,25.02,41.2311,27.8568,36.3593,39.8246,23.7065,13.0384,14.7648,7.6158,25.4951,26.3059,28.0,37.3631,46.0435,54.4243,69.3397,67.5426,46.3249,34.176,34.2053,29.5296,91.9239,163.5726,73.0068,69.3109,99.2472,95.268,84.8646,90.8735,79.2465,43.1045,35.6931,70.214,90.9175,67.5426,56.0892,49.2544,53.0094,47.0106,25.4951,26.6833,27.2029,23.5372,20.5913,20.0998,47.4342,96.5401,131.8939,124.6515,96.5401,36.0555,36.3593,42.7551,71.8053,107.9352,80.6102,24.6982,3.1623,8.2462,18.868,5.831,9.0554,25.4951,40.2244,34.9285,20.0998,12.8062,2.0,11.6619,21.6333,26.0768,37.1214,41.1096,23.3238,13.9284,20.3961,34.9857,64.4981,47.0956,37.6563,29.1548,10.0,28.3196,17.0294,5.099,9.0554,9.0554,29.1548,65.6201,199.4242,179.0028,104.9952,195.3868,269.0502,392.4207,223.2891,20.2485,5.831,1.4142,1.4142,2.8284,1.4142,6.0,6.0,3.1623,1.4142,0.0,9.0554,12.1655,3.1623,7.0711,9.0554,12.1655,22.3607,26.0,9.4868,3.1623,16.4924,15.2971,19.0263,15.0333,9.0554,9.0554,3.1623,1.4142,3.1623,3.1623,1.4142,2.0,1.4142,3.1623,1.4142,1.4142,6.0,0.0
4.0,4.2426,4.4721,3.1623,4.2426,3.1623,0.0,0.0,3.1623,4.4721,1.4142,0.0,3.1623,4.2426,3.1623,2.0,2.0,1.4142,0.0,0.0,2.0,5.099,4.0,2.8284,2.0,1.4142,0.0,0.0,0.0,1.4142,3.1623,3.1623,2.0,4.4721,3.1623,0.0,0.0,4.0,4.0,0.0,1.4142,1.4142,2.8284,4.4721,7.0711,7.0711,6.0,12.0,38.0789,288.8494,610.8781,546.0586,162.6038,136.3305,129.0736,34.176,13.0384,20.0998,24.0832,10.0,13.3417,9.0554,19.0263,16.5529,15.5563,16.0,26.5707,8.0,31.4006,25.4951,32.8938,28.0713,16.0,20.5913,31.241,28.0713,25.02,35.805,40.5216,47.0106,48.1041,29.7321,13.0384,18.3848,8.9443,62.6418,132.4009,125.4193,38.0789,103.2473,87.7268,73.5391,66.4831,62.6099,65.9242,50.0,50.1199,73.3757,96.5091,60.0,67.1863,79.1581,85.0882,82.0975,60.0833,39.0128,26.0768,21.2132,17.2627,15.8114,41.8808,81.1542,137.3608,145.6915,135.9485,113.8771,72.2496,35.805,70.7107,97.6524,125.2517,60.8276,22.1359,13.4164,12.8062,15.0333,11.4018,16.5529,26.0,29.0172,27.8927,29.1548,27.0185,28.6356,14.4222,2.0,13.0384,12.1655,14.4222,19.6977,15.2971,25.4951,44.4072,44.9444,48.7647,37.1214,24.4131,27.0185,11.6619,4.4721,7.0711,11.3137,29.8329,75.8024,198.6454,154.013,161.4001,300.1766,371.2034,310.9244,94.6256,9.4868,3.1623,0.0,3.1623,1.4142,1.4142,5.099,4.4721,5.831,2.0,3.1623,9.4868,10.0,2.8284,6.3246,9.4868,16.1245,23.0217,19.0263,11.4018,9.0554,16.4924,13.3417,17.0294,16.0,7.0711,9.0554,5.099,2.0,3.1623,3.1623,1.4142,1.4142,2.0,1.4142,2.0,0.0,5.099,2.0
4.0,3.1623,4.4721,4.2426,3.1623,1.4142,0.0,1.4142,4.4721,3.1623,0.0,0.0,4.0,4.0,0.0,0.0,0.0,0.0,0.0,0.0,2.0,0.0,2.0,2.0,0.0,2.0,0.0,0.0,0.0,0.0,0.0,0.0,1.4142,4.4721,2.0,3.1623,4.0,4.2426,3.1623,0.0,1.4142,4.2426,4.2426,2.8284,5.099,7.0711,7.0711,12.0,13.0384,100.3195,423.332,627.4934,354.7647,70.3847,142.2744,39.9249,18.4391,27.2029,31.305,17.72,3.1623,11.6619,20.2485,14.0,9.4868,23.5372,19.6977,13.4164,24.0416,19.6977,21.5407,28.4253,42.9418,60.2163,50.5964,28.178,22.8473,36.8782,30.5287,24.6982,11.0454,25.2982,14.5602,28.2843,26.9072,115.9655,145.1206,36.4966,81.6088,95.268,67.0075,63.7809,52.4023,37.7359,58.3095,61.6604,55.7136,63.2456,90.5539,70.4557,41.1096,74.9533,110.7249,116.619,85.8836,59.4811,42.45,24.0416,9.8995,5.099,50.04,30.4631,96.3328,129.6302,123.0366,111.5078,100.8464,99.6393,123.6932,16.1245,128.4134,89.4986,43.566,17.8885,13.3417,24.0832,8.2462,4.0,17.72,23.1948,23.5372,34.2053,44.7214,37.1214,21.0238,13.3417,6.3246,23.1948,16.5529,0.0,3.1623,18.9737,18.6011,43.2666,55.0273,34.6699,21.6333,7.2111,17.088,8.9443,5.831,12.8062,28.4605,85.9884,187.131,101.8627,343.651,455.9386,342.2397,151.9803,21.2132,5.099,3.1623,3.1623,4.2426,3.1623,3.1623,3.1623,2.8284,5.831,6.3246,3.1623,8.2462,6.0,3.1623,7.6158,9.0554,19.0263,23.0217,16.0,12.0,12.0,16.0,12.0,15.0333,16.1245,8.0,11.4018,4.4721,0.0,2.0,2.0,3.1623,1.4142,0.0,1.4142,4.2426,3.1623,4.4721,2.0
2.0,1.4142,4.0,4.0,1.4142,2.0,1.4142,2.0,4.0,2.0,0.0,0.0,4.0,3.1623,3.1623,3.1623,1.4142,0.0,0.0,0.0,1.4142,2.0,1.4142,1.4142,1.4142,2.0,3.1623,1.4142,0.0,0.0,0.0,0.0,2.0,3.1623,3.1623,4.4721,4.0,3.1623,1.4142,1.4142,4.2426,4.2426,1.4142,3.1623,4.4721,4.0,8.2462,13.0384,11.0454,43.0813,266.4808,589.1706,452.6036,5.099,139.807,46.8402,13.0384,25.807,34.9285,29.1204,5.099,14.5602,17.2627,18.9737,22.6716,21.0238,16.4924,20.0,21.9545,21.0238,16.5529,35.3553,45.1885,48.2701,16.1245,24.2074,37.7359,29.5296,24.0832,11.0454,5.831,32.9848,12.8062,38.4708,70.3847,148.9228,77.3692,65.2993,92.0978,65.8027,58.6003,69.3542,55.2268,35.4683,47.4342,59.0762,57.2713,58.0517,80.4114,72.2357,57.4282,60.4152,36.0,97.6729,91.9348,56.0357,41.2311,30.0,18.3848,5.6569,47.5184,43.9318,42.19,107.7868,95.4149,76.5376,97.17,121.8031,178.4657,118.4061,63.8122,117.7964,70.4557,33.0151,28.3196,32.5576,14.0,3.1623,19.2354,14.0,23.0217,25.1794,17.72,17.8885,15.8114,13.0384,14.7648,21.587,15.0333,8.2462,11.4018,18.0,1.4142,36.0555,45.6946,42.5441,36.2215,24.3311,30.4631,27.4591,20.2485,19.2354,25.0599,95.8853,156.0128,163.3769,484.2912,373.4488,144.4991,33.2866,3.1623,2.8284,1.4142,1.4142,2.8284,4.0,4.4721,1.4142,2.0,4.0,8.0,5.099,7.0711,3.1623,2.0,9.4868,12.083,18.4391,20.0,17.0294,11.0454,11.4018,17.2627,13.0384,14.0,16.0,10.0,11.0454,2.8284,1.4142,3.1623,2.8284,3.1623,2.0,0.0,3.1623,4.4721,3.1623,4.0,0.0
0.0,2.0,3.1623,4.2426,4.4721,3.1623,3.1623,2.0,4.0,2.0,0.0,0.0,4.0,1.4142,2.8284,2.8284,3.1623,3.1623,1.4142,0.0,0.0,0.0,0.0,0.0,2.0,2.0,2.0,2.0,0.0,0.0,0.0,0.0,1.4142,3.1623,3.1623,2.8284,3.1623,3.1623,2.0,4.2426,4.2426,1.4142,0.0,4.0,4.0,1.4142,8.2462,15.0333,10.0,18.868,173.9943,599.1761,554.1011,28.6356,130.6981,60.7454,13.9284,18.1108,30.2655,29.5296,20.2485,12.8062,24.6982,28.178,27.2029,20.5913,18.6011,19.8494,14.5602,25.4951,40.025,15.5563,8.0,26.9072,13.9284,30.0,37.9473,25.4951,30.2324,23.3238,12.083,27.4591,37.1214,51.4004,123.1666,120.1666,36.2491,102.0686,63.7809,42.638,59.6657,62.2415,33.1059,16.0,28.2843,41.7852,60.0333,66.5733,80.4487,80.7217,84.119,114.8564,106.8925,72.4983,70.9366,50.9902,39.6989,48.4149,35.7771,36.6879,67.082,102.6255,57.2713,75.8024,66.4831,60.1332,94.541,121.0785,174.5222,210.0,75.4718,95.3415,105.6882,55.0818,36.0,37.7359,37.0135,40.5216,26.4197,20.2485,20.0998,15.8114,10.0,21.2603,21.9545,11.4018,19.2354,25.2982,32.5269,8.2462,8.6023,22.3607,20.5913,35.4683,8.9443,36.4966,41.2311,32.311,27.1662,27.4591,16.1245,13.4164,22.6716,106.7052,123.4909,246.9413,440.6722,170.6576,20.0998,8.9443,5.6569,4.0,4.2426,4.0,4.4721,4.4721,4.0,2.8284,3.1623,3.1623,7.0711,6.3246,6.3246,3.1623,5.099,10.198,12.1655,14.0,18.1108,20.0,10.198,8.0,18.1108,15.0333,15.0333,16.1245,9.0554,8.2462,4.2426,3.1623,4.0,1.4142,3.1623,2.0,0.0,3.1623,4.2426,2.8284,3.1623,2.0
2.0,1.4142,2.0,2.0,1.4142,4.2426,5.6569,4.4721,5.6569,3.1623,2.0,3.1623,4.2426,2.0,2.8284,1.4142,1.4142,2.8284,2.8284,2.0,1.4142,1.4142,2.0,1.4142,1.4142,3.1623,4.4721,3.1623,1.4142,0.0,0.0,1.4142,2.0,1.4142,0.0,3.1623,4.2426,4.4721,4.0,4.2426,1.4142,1.4142,3.1623,4.2426,4.4721,3.1623,7.6158,15.0333,11.0454,11.6619,74.7262,526.9269,653.4493,131.5523,122.1966,87.2353,37.6563,17.8885,12.8062,40.025,47.0106,27.0185,34.0588,27.0185,22.8473,11.6619,17.2627,14.0,2.8284,34.2345,45.0999,9.0554,1.4142,16.4924,43.0116,53.7401,31.1448,18.4391,20.5913,20.2485,31.4006,21.2132,38.6264,76.8375,131.0954,43.0116,87.0057,76.4199,37.2022,31.1448,56.3028,37.9473,4.4721,17.4929,31.0161,47.0106,60.2163,62.8013,70.7672,72.8011,70.6824,89.4427,111.0856,117.1068,101.3903,82.3772,69.3542,74.8866,58.8558,55.0818,53.8516,81.2158,81.6333,44.4072,28.8444,53.2353,69.5845,94.921,138.4052,223.6515,200.4196,50.2195,103.2473,63.0079,69.6419,60.0167,34.176,38.0789,22.8035,18.4391,12.1655,21.2132,12.8062,6.0,29.1548,24.3311,18.3848,23.5372,42.5206,24.6982,8.2462,11.0454,36.2491,28.6007,9.4868,9.4868,19.2354,22.3607,9.4868,5.831,15.8114,5.831,29.5296,113.7805,125.2837,291.3589,438.2921,141.1737,21.587,6.0,6.0,6.0,5.099,4.4721,5.099,2.0,3.1623,5.099,0.0,2.0,7.6158,7.0711,6.0,5.099,6.3246,10.198,12.1655,10.0,19.0263,24.0832,9.4868,5.099,18.0,17.0294,16.1245,15.0333,8.0,5.099,4.4721,5.099,4.0,0.0,1.4142,2.8284,1.4142,1.4142,3.1623,3.1623,1.4142,0.0
0.0,1.4142,5.6569,6.3246,5.099,5.6569,5.6569,3.1623,4.4721,3.1623,4.0,3.1623,1.4142,0.0,2.0,1.4142,3.1623,3.1623,0.0,2.0,3.1623,2.0,0.0,2.0,0.0,0.0,2.0,0.0,2.0,1.4142,2.0,2.8284,3.1623,4.4721,4.0,4.2426,3.1623,1.4142,2.0,1.4142,1.4142,4.2426,4.4721,3.1623,4.4721,4.2426,5.831,12.0,12.1655,15.0333,38.2099,419.7237,677.7507,253.0178,114.0614,119.5408,61.9839,13.4164,24.0416,17.088,35.3553,6.3246,30.4631,24.0832,19.799,7.0711,22.0907,15.8114,4.2426,36.0555,48.3735,7.2111,17.0294,50.9902,57.9828,36.8782,20.3961,25.4951,15.2315,12.083,37.5766,44.4072,32.0624,71.0634,86.5794,47.4342,92.4554,45.4533,19.2354,18.3848,41.9762,35.3836,36.7696,38.6264,31.7805,40.2244,50.2195,60.2163,76.5506,77.201,61.4003,59.4643,63.1506,68.1175,75.4321,82.7647,87.7268,79.1202,54.0,30.2655,8.6023,26.8328,55.0091,72.0278,60.4152,55.1725,39.4462,13.0384,71.4003,174.6425,244.9,89.1067,66.2722,53.2353,90.6091,71.5681,31.7805,29.1548,20.0,18.6011,21.587,16.1245,11.6619,20.3961,20.5913,26.6833,19.2354,14.4222,34.9285,44.3847,16.4924,21.587,8.9443,29.6985,24.3311,26.0,26.0,17.2047,5.6569,10.2956,16.5529,15.0333,43.1741,120.0333,152.4861,315.3728,468.2094,130.0615,31.7805,8.0,7.6158,5.831,5.099,4.0,1.4142,3.1623,2.0,4.4721,2.8284,1.4142,8.2462,8.2462,5.099,6.0,6.0,10.0,14.1421,8.9443,20.3961,25.1794,6.0,6.0,18.1108,18.1108,16.1245,13.0384,8.0,5.099,4.4721,5.099,4.0,1.4142,2.8284,2.8284,4.2426,3.1623,1.4142,1.4142,2.0,2.0
0.0,4.4721,5.831,1.4142,1.4142,4.4721,3.1623,0.0,4.0,3.1623,2.0,1.4142,0.0,0.0,1.4142,2.8284,2.0,2.0,2.8284,2.0,3.1623,1.4142,2.0,1.4142,0.0,0.0,1.4142,2.0,1.4142,1.4142,2.0,2.8284,2.8284,1.4142,1.4142,2.8284,1.4142,0.0,0.0,0.0,3.1623,4.4721,1.4142,1.4142,4.4721,3.1623,4.0,9.0554,12.1655,14.5602,28.3196,342.0526,669.6402,403.636,53.8145,133.5066,72.1249,22.8473,25.6125,22.3607,38.2099,5.099,27.0185,23.0217,15.2315,7.2111,25.02,15.0333,3.1623,38.833,47.2652,8.4853,38.0789,62.1289,33.0151,9.4868,12.6491,34.9285,32.311,9.4868,29.5296,45.0999,31.305,81.6088,68.6003,72.8011,61.8547,15.2315,0.0,12.6491,40.5216,79.0569,102.4207,87.0057,60.4649,47.4131,34.2053,48.7032,66.2873,76.4853,57.2014,52.6118,63.3877,64.0312,56.5155,65.437,72.4707,46.0435,28.6007,16.5529,59.0931,125.4193,194.8794,222.009,203.4945,168.6179,137.2953,89.8999,31.0483,77.8332,221.4498,154.6932,27.2029,50.9902,82.8613,72.1803,56.5155,31.4006,21.5407,31.6228,28.8444,36.4966,44.1814,34.4093,14.1421,19.8494,29.7321,48.0,51.4782,37.7359,28.2843,44.9444,45.2769,12.0,45.2769,22.0,2.0,13.0384,13.4164,9.4868,10.198,21.2132,48.2701,145.9109,159.11,351.0698,487.3705,116.8418,33.3766,9.0554,9.0554,5.831,2.8284,4.0,2.0,1.4142,3.1623,2.0,6.3246,2.8284,6.3246,5.831,7.0711,9.0554,5.099,8.2462,17.2627,10.0,20.0998,22.0,5.099,11.4018,20.2485,17.088,14.1421,12.0,9.0554,7.6158,4.2426,3.1623,3.1623,2.8284,0.0,4.2426,5.6569,4.4721,4.2426,1.4142,0.0,0.0
2.0,6.3246,2.0,1.4142,2.8284,4.2426,1.4142,0.0,3.1623,4.4721,1.4142,1.4142,2.0,2.0,2.0,1.4142,0.0,0.0,2.0,4.0,2.0,0.0,1.4142,3.1623,3.1623,1.4142,0.0,0.0,0.0,1.4142,2.0,2.8284,3.1623,3.1623,2.8284,2.8284,1.4142,0.0,0.0,1.4142,3.1623,3.1623,1.4142,2.0,4.0,2.0,4.0,8.0,11.0454,12.1655,8.2462,208.7774,575.253,574.2473,134.3577,124.1451,58.4637,24.0416,7.0711,25.1794,32.9848,14.7648,20.2485,23.0217,21.0238,8.2462,26.0768,13.3417,12.6491,36.1386,42.19,24.6982,38.9102,44.1814,20.3961,18.1108,35.1283,18.4391,41.2311,31.7805,27.0185,37.1214,25.4951,57.2189,53.8516,51.4782,37.3363,14.7648,51.614,111.4271,189.9737,261.6333,289.762,273.5142,237.3605,177.747,90.6973,29.8329,36.7696,59.6154,45.3431,41.0122,46.0,50.1597,50.3587,48.2701,43.0813,16.1245,27.8568,101.0445,217.9587,311.7852,367.7227,374.2619,355.2182,308.6292,248.9659,200.8034,143.7359,85.7088,148.4857,172.6963,31.6228,46.6905,57.0789,49.2544,27.8568,48.8467,37.2022,26.0768,28.4253,18.4391,28.2843,54.626,57.7754,43.1741,56.5155,71.0211,52.9528,18.1108,29.1548,25.2982,22.3607,24.1661,35.3553,33.5261,10.0,15.6205,22.8035,31.6228,26.0768,23.7065,59.4811,159.6559,124.0161,389.3174,485.6501,103.3247,28.6356,7.0711,10.198,8.9443,4.4721,2.0,2.8284,3.1623,4.0,1.4142,7.0711,3.1623,5.099,2.0,6.0,13.0384,5.831,5.831,14.1421,13.9284,22.0907,18.1108,9.0554,16.4924,19.6469,13.3417,11.0454,12.0,11.0454,8.2462,1.4142,2.0,1.4142,2.8284,3.1623,3.1623,4.4721,0.0,4.4721,3.1623,1.4142,2.0
4.0,4.4721,0.0,2.0,3.1623,2.8284,1.4142,0.0,1.4142,4.4721,4.0,3.1623,4.0,3.1623,1.4142,0.0,0.0,1.4142,2.8284,2.0,2.8284,1.4142,2.0,3.1623,2.8284,3.1623,0.0,0.0,0.0,1.4142,3.1623,4.4721,3.1623,2.8284,2.8284,1.4142,2.0,0.0,0.0,2.0,2.0,3.1623,2.8284,1.4142,4.0,3.1623,4.4721,7.0711,9.0554,12.1655,10.0,100.4988,387.9227,605.1793,246.4183,90.7965,43.909,38.6005,12.7279,17.72,24.6982,17.72,15.6205,15.2971,26.0,7.2111,24.6982,17.4929,29.7321,40.4475,38.6005,32.9848,18.1108,30.2324,34.5254,25.4558,50.04,13.3417,37.0135,41.1096,37.0135,33.0151,15.8114,37.3363,47.0106,28.6007,44.4072,93.2309,184.716,236.089,232.8132,202.4846,162.3083,157.848,195.3868,267.5892,284.9175,185.0027,82.2192,50.9902,58.4637,70.1142,61.4003,47.5184,44.4072,39.8497,28.2843,51.264,200.9428,379.3046,392.3264,317.7704,234.094,184.7918,213.7148,254.6723,288.7663,302.8036,243.0185,142.6184,97.7446,137.4409,32.9848,36.0555,47.5395,55.6597,44.3847,37.9473,39.8246,39.9249,7.2111,7.0711,17.72,27.2029,56.7979,61.6604,65.9242,48.0416,48.0208,48.2701,31.4006,16.4924,12.083,39.1152,25.0599,36.8782,14.1421,18.9737,13.4164,18.6011,11.3137,23.3238,101.2126,148.1418,41.2311,405.3468,441.3004,91.1373,21.587,4.4721,10.7703,10.7703,5.6569,3.1623,2.8284,3.1623,4.0,1.4142,5.099,2.0,7.0711,4.2426,5.831,12.0,7.0711,4.0,8.2462,16.1245,24.0,14.1421,14.1421,19.0263,16.0,12.1655,11.0454,12.0,12.0,9.0554,2.0,0.0,1.4142,2.0,3.1623,2.8284,4.2426,4.4721,4.2426,3.1623,3.1623,2.0
2.0,1.4142,1.4142,2.8284,1.4142,2.0,2.0,1.4142,3.1623,4.2426,4.0,3.1623,1.4142,4.0,2.8284,1.4142,0.0,3.1623,1.4142,0.0,1.4142,3.1623,1.4142,4.4721,1.4142,4.0,0.0,0.0,0.0,1.4142,4.2426,4.4721,4.2426,1.4142,3.1623,2.0,1.4142,0.0,0.0,2.0,2.0,4.0,2.0,1.4142,4.4721,3.1623,4.0,6.0,8.0,11.0454,11.4018,80.0625,281.8865,581.1609,356.0815,27.0185,40.0,55.5698,25.0599,14.4222,18.868,4.2426,8.2462,17.088,30.0666,7.0711,21.2132,2.0,34.7851,52.1728,34.2053,41.0122,0.0,14.1421,22.3607,35.3553,50.3587,6.0,22.1359,31.4006,57.4282,33.0151,3.1623,28.6356,61.2046,26.0,72.4431,165.6804,217.7889,154.0195,63.9062,36.0555,13.9284,41.2311,110.0182,200.09,301.9437,334.8612,229.6171,124.2337,98.0204,100.08,104.69,104.3935,94.0851,91.1373,90.3549,150.2065,324.3763,353.6382,218.5635,101.5972,6.3246,72.1388,86.8332,59.4811,101.4002,178.2414,222.6791,161.2203,92.7038,108.7566,29.6985,27.313,46.8402,49.3356,49.5782,53.2541,34.0,35.4683,17.088,2.0,15.2971,20.0,15.8114,7.2111,20.2485,10.0,35.1283,70.0286,71.6938,46.0435,29.1204,48.3735,17.72,36.4966,20.8806,26.0,11.6619,13.9284,12.8062,61.6117,161.2452,138.946,96.5401,424.8482,379.3284,77.1622,18.4391,2.8284,9.0554,9.0554,2.0,3.1623,3.1623,1.4142,3.1623,2.8284,4.4721,2.8284,7.0711,5.099,4.4721,9.0554,7.0711,4.2426,8.2462,19.0263,23.0217,12.0,15.0333,20.0998,15.0333,13.0384,12.1655,12.1655,12.1655,9.0554,0.0,2.0,2.0,2.0,2.0,2.0,2.0,1.4142,1.4142,1.4142,3.1623,0.0
0.0,0.0,3.1623,4.2426,4.0,3.1623,1.4142,2.0,3.1623,2.8284,0.0,4.2426,4.4721,7.2111,3.1623,3.1623,0.0,3.1623,2.0,2.0,1.4142,3.1623,1.4142,3.1623,1.4142,3.1623,1.4142,0.0,1.4142,4.2426,2.8284,1.4142,2.0,2.0,3.1623,0.0,0.0,0.0,0.0,3.1623,2.8284,1.4142,4.4721,4.4721,4.0,1.4142,4.4721,7.0711,8.0,9.0554,10.198,54.1295,194.6535,542.6914,458.5303,90.5539,29.0172,77.5242,44.9444,9.4868,14.4222,16.5529,3.1623,27.2029,23.1948,13.0384,14.0,5.831,28.2843,44.7214,46.6905,64.56,7.2111,12.083,36.0555,41.3038,36.2215,17.4929,18.4391,19.6469,57.2189,44.0454,6.3246,15.8114,75.2861,67.9117,94.0213,141.1737,111.5437,72.8011,90.3549,68.6003,38.4187,21.2132,40.025,27.0185,119.7748,205.7037,153.8441,139.714,111.0856,72.0278,84.5931,110.8873,111.2205,103.1213,93.0484,99.8499,254.0118,226.7377,137.4409,139.1761,169.7292,205.6453,211.5467,202.6327,179.6274,117.686,130.384,132.6198,84.534,78.2432,24.0832,26.5707,51.2445,36.1386,21.0238,33.1361,33.1361,27.1662,25.2982,31.6228,27.8568,33.0151,47.5184,59.6825,57.2713,25.6125,46.8188,42.0476,60.959,29.9666,19.2354,52.345,12.083,34.4384,12.7279,31.0161,11.4018,19.8494,25.9615,110.4536,187.3873,93.3809,163.591,465.0097,352.3634,45.1221,17.0294,4.2426,6.3246,6.3246,3.1623,2.0,3.1623,3.1623,2.8284,2.8284,3.1623,2.0,6.0,6.0,3.1623,7.6158,7.6158,4.0,11.4018,19.2354,23.1948,15.2315,12.083,18.0,17.0294,14.0,12.0,12.0,12.0,8.0,0.0,2.0,2.0,3.1623,2.8284,1.4142,2.0,0.0,0.0,0.0,2.0,0.0
2.0,1.4142,3.1623,4.4721,1.4142,0.0,1.4142,3.1623,5.6569,4.2426,0.0,1.4142,1.4142,4.0,2.0,3.1623,0.0,1.4142,2.0,2.0,3.1623,1.4142,3.1623,1.4142,2.8284,1.4142,3.1623,3.1623,4.4721,4.2426,1.4142,1.4142,1.4142,1.4142,1.4142,0.0,0.0,0.0,1.4142,3.1623,1.4142,1.4142,2.0,5.099,4.4721,1.4142,4.0,8.0,7.0711,8.2462,12.0,29.1548,105.8017,443.2336,511.1497,210.0381,53.7401,94.0213,82.6196,39.8497,35.6931,39.6989,18.9737,24.7386,10.7703,2.8284,21.2132,22.3607,30.5941,20.2485,40.2244,73.8241,33.7343,10.198,32.9848,43.0116,41.2311,18.4391,8.2462,20.2485,50.9902,40.1995,17.4929,10.198,77.0584,111.3643,85.6154,71.1758,78.1025,221.4723,295.1373,285.8706,239.2697,231.4822,220.9525,231.4865,298.3186,299.5497,157.156,24.7386,85.4283,59.6154,46.0435,36.4966,45.2769,67.9117,72.1249,8.0,184.6131,307.2588,324.7461,320.1781,316.2847,293.9728,262.5452,230.0087,187.4887,134.9741,89.8888,49.1935,99.8499,52.9528,50.04,24.3311,39.3954,41.2311,36.7696,40.4969,34.2053,43.2897,49.0918,42.9418,32.311,30.3645,37.1214,40.0,56.7274,56.3028,60.4152,38.2884,32.0624,30.3645,36.0,37.6563,15.8114,14.1421,8.9443,30.0666,24.6982,26.6833,31.7805,148.0,193.0233,29.5296,226.4332,461.66,329.7575,33.3766,17.2627,4.4721,2.0,4.2426,4.4721,5.831,4.0,2.8284,2.8284,0.0,3.1623,4.4721,6.0,6.0,3.1623,5.099,9.0554,7.6158,11.4018,18.1108,23.0217,17.0294,8.2462,15.0333,17.0294,13.3417,13.3417,12.1655,12.1655,9.0554,0.0,1.4142,2.8284,2.0,2.8284,1.4142,1.4142,2.0,1.4142,0.0,1.4142,2.0
2.0,2.8284,2.8284,4.4721,3.1623,0.0,2.0,0.0,4.0,4.0,2.0,0.0,0.0,2.0,0.0,1.4142,3.1623,3.1623,1.4142,1.4142,4.2426,3.1623,4.4721,2.0,2.8284,2.0,3.1623,2.0,1.4142,3.1623,2.0,1.4142,1.4142,2.0,0.0,0.0,0.0,0.0,3.1623,2.8284,1.4142,1.4142,2.8284,3.1623,4.0,2.0,4.0,8.0,5.099,8.2462,14.1421,25.9615,77.8332,340.3087,545.9963,326.8822,70.7107,82.7647,127.6636,73.5935,19.6977,34.6699,26.0,14.4222,19.8494,14.1421,7.6158,23.5372,33.7343,8.6023,28.0713,43.0813,35.609,25.0599,16.1245,40.8167,48.8262,40.8167,29.1548,50.9117,62.2254,33.6155,20.8806,45.2769,94.8683,108.7842,65.0692,47.7074,75.591,169.0089,83.4865,159.5055,170.8801,167.72,179.3544,214.9791,242.6891,164.639,124.4829,133.544,29.4279,80.7094,33.1361,12.0,70.0,136.8941,159.3047,166.355,76.5506,71.1758,176.1817,220.0773,205.4313,133.4541,57.0789,30.0,59.6154,56.9386,30.8869,83.1865,60.1664,67.0671,55.7315,20.3961,17.0294,19.8494,43.909,67.6018,66.4078,41.7612,21.6333,20.5913,24.1661,17.0294,17.72,3.1623,33.3766,50.1199,62.2896,56.8507,38.0789,34.0588,38.6005,38.9102,24.3311,21.587,22.0907,35.3553,44.4072,43.0116,58.4637,167.6305,165.9217,112.2943,308.6487,425.9601,267.2901,29.1548,12.6491,3.1623,2.0,2.8284,3.1623,4.4721,7.0711,4.0,0.0,2.8284,2.0,6.3246,5.099,6.0,5.099,7.2111,10.2956,6.3246,9.0554,18.1108,21.2132,17.72,11.4018,14.0,15.0333,13.0384,14.0,12.0,11.0454,9.4868,3.1623,1.4142,2.0,0.0,2.0,2.0,0.0,1.4142,4.2426,3.1623,1.4142,0.0
2.0,3.1623,4.2426,5.099,4.0,0.0,1.4142,2.0,3.1623,4.0,2.0,0.0,0.0,2.0,0.0,1.4142,4.2426,4.4721,4.4721,4.4721,4.4721,4.2426,4.4721,2.0,3.1623,1.4142,2.8284,2.8284,3.1623,4.0,4.2426,2.0,2.0,1.4142,0.0,0.0,0.0,1.4142,4.4721,2.8284,2.8284,1.4142,2.0,3.1623,4.4721,1.4142,4.0,8.0,5.099,8.2462,12.0,17.088,55.0818,239.0816,591.5082,457.7969,94.0213,74.108,125.4193,119.0378,18.3848,25.4951,47.0106,16.4924,24.0832,33.2866,25.9615,25.807,33.5261,15.8114,14.5602,25.2982,46.7547,45.3431,29.4279,29.7321,32.8024,48.0833,59.0762,59.0762,32.8024,18.3848,36.6879,66.8431,83.4865,79.1202,52.0,22.1359,51.923,106.6677,158.1455,142.2744,98.2344,55.1543,21.0238,55.6058,116.2497,165.215,180.4273,154.5639,75.1665,83.006,71.218,55.6597,113.7014,120.3412,95.6347,153.3232,194.5508,204.3624,186.1236,174.568,160.4307,148.297,170.7923,197.3069,190.0737,156.9522,108.7842,35.3553,44.4072,75.9605,41.3038,26.0768,18.868,8.4853,18.9737,45.5412,56.3028,51.0882,36.7967,26.0768,18.9737,22.3607,16.4924,10.2956,28.8444,35.3836,51.1077,47.0106,22.3607,15.8114,38.4708,66.7083,45.2769,38.0789,31.6228,54.6443,50.4777,58.1378,105.6788,155.2417,87.4643,111.5437,347.036,423.1903,188.6637,16.0,9.0554,3.1623,2.0,1.4142,5.099,2.8284,2.0,3.1623,4.4721,2.0,1.4142,5.099,4.0,6.0,6.0,8.0,7.0711,5.099,7.0711,17.2627,21.2132,17.0294,15.0333,12.0,14.1421,15.0333,14.0,12.0,10.0,8.0,2.0,2.0,3.1623,3.1623,3.1623,1.4142,0.0,3.1623,4.4721,3.1623,2.0,0.0
2.0,1.4142,4.0,5.099,4.2426,3.1623,1.4142,0.0,2.0,4.0,2.0,1.4142,2.0,0.0,2.0,3.1623,4.0,2.0,2.0,1.4142,2.8284,2.0,4.4721,2.0,4.4721,3.1623,2.0,2.0,2.0,1.4142,4.4721,4.4721,2.0,1.4142,1.4142,2.0,2.0,4.2426,4.2426,1.4142,2.0,0.0,3.1623,4.4721,3.1623,0.0,4.0,7.0711,7.0711,9.0554,10.198,13.3417,48.1664,132.28,578.2474,594.6226,88.8144,13.0384,75.3127,143.6175,48.4149,24.6982,49.3964,43.566,6.3246,14.4222,17.0294,13.4164,30.0,14.0,26.8701,63.561,80.9938,66.6033,16.9706,31.0483,15.6205,10.198,27.7849,24.1661,14.2127,30.8869,36.8782,42.9418,46.0435,62.6259,62.0967,33.6155,72.4983,98.0612,121.0041,150.2132,139.0324,127.0354,149.4055,181.2236,209.4039,202.3561,148.4857,100.4988,52.4786,53.8145,71.0634,63.2456,60.8769,79.2086,83.2947,50.9902,36.7967,107.7033,157.0032,192.6344,208.6768,185.0027,161.0031,125.2278,92.0217,50.6952,49.3964,94.0213,87.4643,62.3699,29.7321,18.4391,27.8568,32.28,22.8035,12.6491,38.6264,44.2041,58.5491,72.2357,57.4282,66.7533,59.3633,12.083,20.2485,32.6497,45.6946,34.0,10.0,17.2047,42.9418,91.6624,10.7703,35.805,46.7547,55.6058,29.8329,78.2943,148.8086,120.6731,51.2445,90.5539,397.4569,431.1496,121.2023,35.3553,18.3848,5.099,1.4142,0.0,6.0,2.0,0.0,0.0,1.4142,3.1623,3.1623,3.1623,3.1623,6.3246,7.0711,8.0,6.0,6.0,7.0711,17.2627,22.3607,18.4391,15.2971,10.198,13.0384,16.0,15.0333,12.1655,10.198,7.0711,2.0,3.1623,4.4721,1.4142,0.0,0.0,0.0,3.1623,4.4721,3.1623,3.1623,2.0
0.0,2.0,4.0,3.1623,3.1623,4.2426,3.1623,1.4142,4.2426,4.2426,1.4142,3.1623,2.0,2.8284,2.0,3.1623,4.0,2.0,3.1623,3.1623,3.1623,1.4142,3.1623,1.4142,2.8284,5.6569,3.1623,1.4142,1.4142,4.2426,4.2426,3.1623,0.0,2.0,3.1623,2.0,2.0,4.4721,1.4142,1.4142,4.0,6.0,4.4721,3.1623,2.0,0.0,4.0,5.099,7.6158,11.4018,11.0454,14.0,35.7771,86.093,500.6875,671.3449,183.8314,14.5602,22.6716,133.544,70.7248,24.2074,35.4401,41.8808,36.1386,37.6563,27.4591,19.2354,31.4006,30.3645,50.9902,54.4059,59.5483,91.214,37.6563,13.4164,33.3766,42.19,41.8808,40.1995,50.6952,51.8845,35.609,20.2485,26.8328,52.8015,80.9197,79.511,28.6356,40.4475,55.3173,39.6232,36.7696,39.8497,50.4777,37.0135,23.0217,36.1386,30.5287,31.1448,26.0768,26.0,32.0,11.0454,34.7851,57.2713,76.1052,79.6241,65.7419,46.6905,38.6264,24.0832,30.0,21.0238,16.0,61.4003,110.8603,118.2962,105.423,63.8905,41.7852,38.0789,16.0,2.8284,15.6205,23.5372,13.0384,15.2315,27.2029,17.4929,42.9418,60.2163,45.5412,43.909,71.3442,49.3964,19.2354,39.2938,36.1386,13.0384,10.198,13.3417,41.2311,90.0222,25.02,28.4253,55.5698,28.3196,10.2956,118.1271,182.0,89.0056,66.4831,188.5099,459.8021,344.6534,79.1581,47.5184,20.0,7.2111,1.4142,2.0,4.0,3.1623,0.0,0.0,2.8284,5.6569,4.2426,1.4142,2.0,5.099,7.2111,10.2956,8.2462,7.0711,10.7703,18.9737,21.587,17.2627,13.0384,11.0454,13.3417,16.4924,15.2971,11.0454,9.0554,7.0711,3.1623,2.0,4.4721,1.4142,0.0,0.0,0.0,1.4142,4.4721,1.4142,4.0,0.0
0.0,1.4142,4.2426,4.2426,1.4142,4.0,4.0,2.0,4.0,2.0,0.0,4.0,1.4142,3.1623,4.0,3.1623,3.1623,2.0,5.099,4.2426,3.1623,2.8284,2.8284,2.8284,2.0,3.1623,0.0,1.4142,3.1623,4.2426,1.4142,1.4142,1.4142,2.0,4.2426,1.4142,0.0,4.0,1.4142,2.8284,2.8284,3.1623,3.1623,1.4142,2.0,0.0,4.0,4.0,5.099,11.4018,12.6491,13.9284,15.6205,55.2268,380.8412,691.2308,331.4363,47.8539,40.025,121.6553,73.3757,40.7185,40.05,18.4391,17.088,31.0483,25.6125,14.5602,21.0238,3.1623,36.2215,43.1045,39.0128,106.0754,39.1152,39.2173,47.5184,66.7083,58.4637,38.0,33.6155,28.178,18.3848,8.9443,11.0454,28.4605,49.6588,71.8471,77.0065,77.1622,70.7107,52.0384,30.0666,27.2029,44.4072,37.1214,52.345,36.7967,26.5707,24.0832,51.4782,54.5894,48.0208,26.0768,12.8062,7.2111,10.7703,23.7065,41.2311,72.5672,64.7765,50.636,42.45,31.0161,25.9615,38.0789,43.1741,29.7321,33.0151,27.0185,36.0555,27.0185,3.1623,5.831,18.9737,12.1655,40.4969,25.9615,8.2462,15.6205,32.249,36.7696,36.0,29.1548,37.9473,55.3173,69.857,71.0634,44.4072,19.799,18.868,59.0931,90.3549,67.8823,20.0998,3.1623,66.2118,24.3311,20.8806,167.72,194.2009,60.4152,108.6646,330.1303,464.2499,240.5535,75.4321,51.1077,8.9443,7.6158,8.2462,5.099,3.1623,7.2111,6.0,5.099,5.6569,5.6569,3.1623,1.4142,3.1623,4.4721,3.1623,10.0,10.0,9.0554,12.1655,17.0294,21.0238,17.2627,12.6491,11.4018,14.1421,15.0333,13.0384,10.198,9.0554,9.0554,4.4721,2.0,2.0,2.8284,1.4142,0.0,0.0,0.0,3.1623,2.0,3.1623,0.0
0.0,0.0,1.4142,4.4721,3.1623,3.1623,4.2426,4.4721,5.6569,4.2426,1.4142,4.0,3.1623,2.0,2.0,2.0,1.4142,3.1623,5.099,3.1623,2.8284,4.2426,4.4721,2.0,1.4142,0.0,1.4142,2.0,3.1623,1.4142,0.0,0.0,3.1623,4.2426,3.1623,2.8284,2.0,3.1623,3.1623,2.8284,1.4142,2.0,1.4142,2.0,1.4142,1.4142,4.4721,3.1623,4.0,9.0554,11.4018,12.083,10.2956,27.8568,252.6064,685.2518,481.8568,51.788,25.0599,119.0126,95.3834,53.9073,63.6553,43.8634,20.2485,14.1421,31.7805,16.5529,21.9545,9.4868,36.4966,40.7922,36.4966,83.9524,43.382,30.5941,20.2485,38.0789,11.4018,10.0,23.0217,16.1245,14.5602,15.0333,16.5529,23.3238,26.0768,50.2195,42.4264,21.2132,18.1108,9.0554,17.088,8.9443,25.4951,50.04,21.9545,22.0907,47.8539,53.7401,67.6018,63.6396,48.7647,36.7696,37.3363,19.6469,2.0,34.9285,29.1204,33.6155,41.5933,60.8276,53.4603,46.0,34.0,13.9284,46.3249,64.0781,62.7694,49.0102,55.9464,53.7401,28.6356,20.0998,8.6023,1.4142,35.6931,17.0294,14.5602,7.6158,27.0185,33.6155,32.5576,19.6977,29.1204,51.0882,63.7809,72.4983,53.2541,39.2938,6.0,53.2353,42.0476,31.0161,27.2029,37.7359,65.3911,24.4131,34.4093,189.4466,177.0537,27.8568,168.1071,435.0494,438.543,164.2011,56.0357,21.4009,2.8284,10.2956,9.4868,4.4721,3.1623,9.4868,4.0,4.4721,2.8284,4.0,0.0,1.4142,4.4721,4.4721,5.6569,11.6619,10.2956,10.7703,12.6491,15.2971,21.0238,18.0,13.0384,10.198,12.0,13.3417,13.3417,12.0,10.198,8.0,5.099,1.4142,2.0,2.8284,3.1623,0.0,0.0,0.0,1.4142,1.4142,1.4142,2.0
0.0,1.4142,2.0,5.099,4.0,1.4142,3.1623,4.4721,5.6569,5.6569,4.4721,4.2426,2.0,2.0,1.4142,0.0,0.0,3.1623,4.4721,7.0711,7.0711,5.831,3.1623,3.1623,1.4142,4.2426,4.2426,1.4142,4.0,0.0,0.0,0.0,4.0,4.0,0.0,1.4142,2.0,2.8284,3.1623,2.0,1.4142,1.4142,0.0,0.0,1.4142,4.2426,4.2426,1.4142,4.0,7.0711,9.4868,10.7703,10.7703,18.3848,162.7821,635.8569,582.0859,117.047,33.0151,97.6729,143.4503,73.0068,69.0797,89.1964,27.0185,16.9706,34.4093,50.1597,59.4643,50.9117,13.4164,56.7274,9.8995,58.6686,48.2701,61.0737,60.0,34.4384,12.8062,23.4094,39.1152,27.0185,21.587,17.72,17.4929,9.8995,12.8062,58.3095,59.6657,31.4006,11.6619,9.4868,37.3631,23.3238,56.3028,38.4708,40.2492,11.0454,90.2552,65.2993,26.8328,29.9666,4.4721,8.0,67.7791,7.0711,25.02,39.2173,37.0135,62.482,45.1221,15.2971,17.72,11.4018,40.7922,6.0,7.2111,23.1948,68.352,85.2877,89.8999,84.0238,32.9848,52.1728,72.0,64.2806,62.1772,54.1479,59.0762,53.7587,15.2315,31.1127,17.4929,50.04,37.0135,10.198,52.1536,52.3259,62.1289,68.4105,4.2426,41.7852,52.345,64.8845,24.3311,12.083,46.1736,12.8062,82.365,196.2906,146.1027,15.2971,216.4532,494.9545,413.6279,106.1037,33.6155,8.4853,11.6619,12.8062,4.4721,6.0,5.099,9.4868,3.1623,4.2426,4.0,5.831,2.0,2.0,4.4721,4.4721,7.6158,9.4868,8.2462,10.198,12.1655,15.2971,18.1108,16.1245,15.2971,10.198,9.4868,14.1421,15.0333,14.1421,9.0554,5.099,7.0711,2.0,3.1623,2.8284,3.1623,0.0,0.0,1.4142,3.1623,3.1623,2.0,2.0
0.0,2.0,0.0,6.0,4.0,0.0,0.0,2.0,4.0,3.1623,2.8284,0.0,2.0,1.4142,2.0,0.0,0.0,1.4142,1.4142,1.4142,2.0,2.8284,1.4142,3.1623,1.4142,3.1623,2.0,2.0,3.1623,0.0,0.0,1.4142,4.4721,3.1623,0.0,0.0,1.4142,4.2426,3.1623,1.4142,3.1623,3.1623,4.0,4.0,4.4721,4.2426,1.4142,0.0,4.0,5.099,8.2462,11.0454,9.0554,13.3417,104.5466,540.1074,641.9034,227.2004,47.8539,41.2311,134.2013,66.0303,40.7922,96.1769,38.2099,35.3836,41.0122,47.2652,53.8516,81.7068,32.0,66.7533,41.6173,58.6686,66.0,64.1249,57.7062,56.3205,60.1332,50.3587,41.1825,39.0128,33.3766,37.3363,48.6621,38.6005,26.0768,60.1664,79.6241,31.4006,26.0,39.1152,39.6989,43.2897,51.2445,44.7214,22.6716,48.7647,96.3846,40.025,14.1421,40.05,66.5282,74.6324,48.1041,42.3792,38.0526,22.8473,9.8995,30.0,65.6049,91.0934,100.4988,73.6614,19.8494,42.0476,38.0526,48.1664,18.3848,27.313,52.8394,111.0405,42.19,72.4431,82.365,106.3015,91.586,53.0848,89.0056,105.5462,92.1954,21.2132,44.1814,11.4018,35.4401,25.807,20.0,53.7587,89.9444,120.2414,60.4152,44.6542,26.4197,64.2806,42.5441,15.0333,40.4969,31.7805,148.0338,183.4121,92.477,14.0,259.1139,522.7963,393.1921,72.2357,18.6011,10.2956,10.0,5.6569,3.1623,7.2111,4.0,6.3246,4.4721,2.8284,1.4142,5.099,1.4142,4.4721,3.1623,4.0,8.0,8.0,8.0,9.0554,13.0384,17.0294,16.1245,14.1421,15.0333,11.0454,10.7703,17.088,14.5602,12.0,8.2462,5.099,8.0,1.4142,1.4142,3.1623,1.4142,0.0,0.0,2.0,2.0,1.4142,2.0,2.0
0.0,1.4142,2.0,5.099,4.0,0.0,0.0,2.0,4.0,2.0,2.0,2.0,0.0,2.0,2.0,0.0,0.0,0.0,2.0,2.0,0.0,2.0,2.0,1.4142,3.1623,3.1623,2.0,3.1623,3.1623,2.0,2.0,2.8284,4.4721,1.4142,0.0,0.0,3.1623,4.4721,2.0,2.0,3.1623,2.0,1.4142,2.0,1.4142,2.0,0.0,1.4142,3.1623,3.1623,9.0554,12.0,8.0,13.0384,61.4003,420.3261,674.4968,360.1111,60.0333,33.7343,121.499,59.6825,8.0,82.0975,39.9249,36.2491,18.3848,17.2627,24.1661,82.8613,67.72,113.1459,70.214,55.9464,31.4006,27.1662,51.788,83.2947,88.3629,67.7791,42.3792,34.0588,38.6005,61.4003,63.0714,62.0322,51.2445,50.9902,76.9415,23.5372,25.4951,55.6058,25.4951,49.4975,48.3735,69.1231,56.921,34.7851,38.2884,65.9242,55.4437,46.3249,84.3801,62.514,12.0,53.3104,24.0832,8.6023,34.5254,29.1548,29.7321,93.0054,74.2428,107.8147,67.0075,32.9848,31.4006,8.2462,44.1814,72.111,38.0789,135.1814,37.6563,117.1068,83.0542,32.249,87.8635,58.8558,99.6393,94.8683,155.0484,64.0312,29.1548,30.0,44.2945,61.9839,56.3205,59.0762,74.6324,123.1666,94.4034,12.8062,4.4721,51.2445,51.923,19.6469,49.6588,91.2688,179.4269,137.6154,50.6952,21.5407,323.1254,545.1495,339.4849,56.0892,9.8995,7.6158,8.0,1.4142,2.0,1.4142,4.0,4.0,1.4142,2.0,4.2426,2.8284,2.0,4.0,1.4142,4.2426,9.4868,9.0554,8.0,8.0,15.0333,17.0294,16.0,15.0333,13.0384,14.1421,13.9284,14.5602,11.0454,10.0,8.0,6.0,7.0711,3.1623,4.0,5.831,1.4142,1.4142,2.0,2.8284,3.1623,3.1623,2.0,2.0
0.0,1.4142,3.1623,4.2426,3.1623,1.4142,2.0,3.1623,4.0,2.0,1.4142,3.1623,3.1623,1.4142,2.0,0.0,0.0,0.0,1.4142,3.1623,4.0,3.1623,1.4142,1.4142,4.4721,6.0,5.099,4.4721,3.1623,2.0,3.1623,3.1623,3.1623,0.0,0.0,0.0,4.0,4.0,0.0,0.0,1.4142,3.1623,4.2426,2.0,2.0,3.1623,0.0,2.0,2.0,3.1623,10.198,12.1655,9.4868,14.5602,34.0588,277.7697,693.4854,486.508,55.2268,50.1597,91.0055,84.0952,39.9249,59.3633,28.0713,18.3848,35.6931,36.0555,42.8019,23.1948,57.5674,65.1153,6.0,27.2029,15.0333,32.8938,62.3699,80.1124,85.1469,88.2043,52.6118,25.4951,24.7386,66.6033,42.7551,41.8808,18.4391,22.3607,75.591,60.0,58.6003,49.6588,46.3249,46.5188,67.2309,35.609,81.7435,53.4603,128.4134,142.3376,127.7811,86.3134,72.4707,63.8905,11.4018,32.8938,60.531,54.4243,92.1954,37.3363,71.4003,81.8413,53.7587,42.5441,88.2383,48.1041,18.3848,8.4853,27.4591,44.7214,25.1794,122.9715,60.2163,115.4123,98.0612,30.2324,67.0671,28.4605,77.8845,40.8167,129.2517,119.5408,94.0213,87.4643,78.2304,86.3481,85.1469,77.0065,59.6657,81.0062,121.6717,57.0088,54.5894,81.939,50.9902,22.3607,82.4621,128.0156,184.3909,97.6524,22.8035,95.4254,438.0982,527.532,252.7687,47.0744,5.831,2.0,9.0554,2.8284,2.8284,1.4142,2.0,2.0,1.4142,4.0,3.1623,1.4142,2.0,4.0,1.4142,1.4142,10.0,11.0454,6.0,8.2462,17.0294,17.0294,16.1245,15.0333,12.0,16.0,13.0384,12.1655,11.0454,10.0,9.0554,6.3246,4.0,2.8284,2.0,5.831,4.2426,1.4142,0.0,2.0,0.0,0.0,0.0,0.0
2.0,3.1623,2.0,2.0,2.0,2.0,0.0,5.099,4.4721,1.4142,0.0,0.0,1.4142,2.0,2.8284,3.1623,3.1623,1.4142,0.0,0.0,0.0,0.0,1.4142,4.2426,4.2426,2.0,3.1623,2.0,3.1623,1.4142,4.4721,5.099,5.099,4.0,3.1623,2.0,4.4721,3.1623,0.0,1.4142,2.0,1.4142,4.0,1.4142,2.0,3.1623,1.4142,4.2426,5.831,8.6023,10.0,11.4018,12.6491,13.9284,23.0217,160.0562,651.6594,587.069,120.3079,45.8039,43.0116,120.075,41.9762,21.0238,28.6356,28.8444,10.7703,15.8114,19.2354,31.241,39.6232,19.8494,28.0713,14.0,33.6155,33.6155,63.1348,53.2541,38.6264,75.3923,43.566,22.6716,28.0,52.1536,19.2354,54.5711,17.4929,12.6491,58.1378,122.8007,81.4125,61.2046,74.4043,62.1289,27.313,64.8845,42.7551,76.0263,102.1763,99.8499,92.9624,89.5545,67.6018,77.4209,81.7435,49.2544,113.2961,67.2309,134.7145,69.857,32.249,48.4149,52.1536,25.6125,52.1536,132.9135,72.6911,51.0098,59.5483,48.1664,32.6497,95.4254,67.897,100.08,115.0043,14.4222,99.5691,65.192,92.477,15.2971,78.1025,61.7738,76.5506,37.3363,23.0217,29.9666,43.0116,49.8197,77.7946,81.2158,132.4009,139.1402,10.0,104.0192,21.587,36.0555,144.2221,141.6616,144.3676,39.2173,37.3363,223.7856,541.7933,447.2136,161.5549,29.5296,4.0,0.0,9.0554,6.0,4.2426,4.2426,2.0,1.4142,2.0,4.0,1.4142,3.1623,2.0,3.1623,3.1623,1.4142,10.198,11.0454,4.0,8.0,17.0294,19.0263,16.0,13.0384,13.0384,16.0,12.0,12.0,12.0,9.0554,11.0454,7.0711,1.4142,2.0,0.0,2.8284,5.831,4.2426,1.4142,1.4142,1.4142,2.0,1.4142,0.0
2.0,4.4721,2.8284,3.1623,1.4142,1.4142,1.4142,4.0,4.2426,4.0,4.0,4.0,4.0,4.0,4.4721,4.4721,4.2426,3.1623,0.0,0.0,0.0,0.0,2.0,4.0,2.0,0.0,0.0,2.0,4.0,2.0,7.0711,4.2426,4.0,4.0,4.4721,4.0,4.2426,1.4142,0.0,3.1623,3.1623,4.2426,4.4721,5.6569,7.0711,7.0711,6.3246,10.0,10.7703,10.2956,8.6023,10.2956,15.8114,14.7648,19.6977,87.8635,514.9078,635.152,196.3517,52.6118,8.0,118.5327,58.6003,32.0,47.0106,67.424,27.2029,30.4631,22.3607,22.6274,22.0907,20.2485,42.0476,31.4006,6.3246,27.2029,58.5491,32.0,18.6011,108.1665,64.0312,21.0238,26.4197,34.2053,44.7214,47.8539,45.2548,74.1485,29.7321,150.1533,113.3225,19.2354,21.2132,14.7648,52.0384,65.0692,15.2315,91.214,57.4282,127.3499,44.4072,74.9533,34.4093,22.6716,40.025,63.1348,117.7455,28.6007,117.047,107.7126,71.5681,98.1835,61.6604,21.6333,63.1506,158.2024,90.3549,147.3228,117.4138,61.4003,26.0768,87.4643,60.8276,82.4621,99.6092,59.6657,134.8258,84.0119,149.94,30.8869,86.7295,26.6833,10.7703,28.4605,24.3311,32.9848,27.4591,10.2956,39.6232,46.0435,113.2961,145.4166,138.3618,133.9627,61.4003,80.9197,170.7923,136.4185,94.8472,18.4391,16.1245,315.4838,543.7224,316.5375,74.6324,8.4853,5.099,4.4721,5.831,7.0711,1.4142,3.1623,3.1623,4.4721,3.1623,3.1623,0.0,5.099,2.8284,1.4142,4.0,3.1623,9.0554,10.0,5.099,8.2462,15.0333,19.0263,15.2971,13.3417,16.0,15.0333,13.0384,12.1655,11.0454,9.0554,11.0454,7.0711,1.4142,2.0,5.099,4.4721,0.0,6.3246,3.1623,0.0,2.0,0.0,2.0,0.0
2.0,4.4721,3.1623,4.0,0.0,0.0,2.0,1.4142,3.1623,4.0,4.0,4.0,4.0,4.0,3.1623,1.4142,4.0,4.0,0.0,0.0,1.4142,2.0,0.0,4.2426,4.4721,4.0,3.1623,0.0,4.2426,3.1623,7.0711,4.0,0.0,0.0,1.4142,2.0,2.8284,3.1623,3.1623,2.0,2.8284,1.4142,8.4853,10.0,9.4868,11.0454,11.0454,10.0,7.2111,7.2111,8.6023,14.1421,18.6011,15.8114,21.0238,49.0102,370.3971,649.2226,301.347,50.2195,17.2627,103.3247,66.242,14.2127,31.0161,68.2642,30.0,35.4401,12.1655,15.8114,29.4279,31.7805,14.1421,12.1655,43.9318,61.7414,52.4786,17.088,54.9181,113.719,12.083,86.3713,60.1332,28.6007,25.9615,20.2485,129.1898,98.7623,110.1363,133.8805,103.0437,19.0263,20.3961,55.1725,41.1096,38.1838,42.638,78.4092,44.3847,130.9198,14.0,93.0054,31.4006,43.6578,36.8782,62.2896,78.1025,31.1448,77.201,103.4698,56.8859,77.9872,53.1413,39.4462,67.082,111.4002,141.3153,142.0211,110.4536,60.9262,38.6264,90.9065,83.2586,74.4043,65.2993,46.5188,121.4331,48.1664,157.5436,57.0088,95.0053,54.1479,40.4969,55.9464,34.0,46.6905,27.2029,19.6469,37.0135,53.3667,98.326,50.6952,72.1249,72.2772,49.679,66.2873,135.8308,144.8378,81.7435,25.4951,59.2284,384.8766,499.818,265.017,65.3758,1.4142,7.0711,5.831,3.1623,5.099,0.0,1.4142,1.4142,2.0,2.8284,2.0,1.4142,7.6158,4.4721,3.1623,3.1623,4.0,7.0711,12.0,6.3246,8.2462,15.2971,18.4391,13.3417,14.1421,18.1108,13.0384,15.0333,12.1655,9.0554,10.0,9.0554,6.3246,3.1623,1.4142,2.8284,2.0,2.8284,5.099,4.0,0.0,1.4142,2.0,1.4142,0.0
2.0,4.4721,4.4721,7.6158,5.6569,1.4142,1.4142,0.0,0.0,0.0,1.4142,1.4142,1.4142,1.4142,0.0,0.0,3.1623,4.2426,3.1623,2.0,4.2426,4.0,4.4721,3.1623,1.4142,0.0,2.0,2.0,1.4142,2.0,5.099,4.0,0.0,0.0,1.4142,3.1623,4.4721,4.4721,4.4721,4.0,4.4721,7.2111,12.7279,10.2956,7.6158,7.6158,9.0554,8.2462,7.2111,7.2111,9.8995,15.8114,15.8114,14.4222,20.2485,29.1548,258.6813,652.5335,426.5232,80.5233,28.6356,82.8734,63.3246,60.1332,79.2465,71.1758,22.3607,37.2022,15.8114,31.241,19.799,67.0522,102.489,71.4703,42.8019,33.6155,62.482,23.0217,105.1095,75.1798,77.666,68.6003,36.8782,41.2311,21.0238,63.9531,157.3086,87.9204,130.384,105.119,79.2465,14.1421,9.8995,70.6116,27.1662,28.6356,64.8845,73.3485,106.4707,89.2749,21.2603,85.3815,49.0918,51.8845,42.7551,23.0217,40.2492,84.7585,69.3542,93.9149,42.4264,71.8471,68.7314,97.6217,90.6091,7.2111,139.5564,98.7927,64.0781,66.242,22.6716,42.638,65.8027,30.3645,51.2445,42.5441,87.2009,98.9949,107.2007,29.7321,98.1122,65.192,74.0405,43.2897,52.8394,77.4726,27.0185,36.0555,42.5441,91.7824,108.462,31.1127,49.7393,18.4391,31.4006,85.4283,75.9605,141.7604,122.654,67.7791,149.9133,374.7666,462.4976,238.1596,52.0,14.2127,10.198,4.4721,2.8284,5.831,4.4721,1.4142,1.4142,2.8284,4.4721,1.4142,4.4721,7.6158,0.0,1.4142,3.1623,4.4721,7.6158,12.1655,6.0,8.0,17.0294,18.1108,13.3417,15.8114,15.2971,12.0,16.0,13.0384,9.4868,9.4868,8.2462,5.099,3.1623,2.0,3.1623,3.1623,1.4142,4.0,3.1623,2.0,1.4142,0.0,0.0,0.0
0.0,3.1623,3.1623,4.4721,8.9443,4.4721,3.1623,2.0,2.0,2.0,3.1623,4.4721,4.4721,4.2426,2.0,3.1623,5.099,7.0711,8.2462,8.0,7.6158,6.0,6.3246,6.0,7.0711,8.0,7.0711,5.099,4.0,4.0,4.2426,3.1623,0.0,1.4142,4.2426,4.4721,3.1623,2.8284,5.099,10.198,13.3417,13.9284,11.4018,7.2111,6.3246,7.2111,7.6158,8.0,8.9443,10.2956,11.4018,14.7648,14.7648,15.8114,19.2354,17.72,135.5581,564.179,570.4875,176.4766,28.6007,56.5155,57.2189,77.3692,90.5207,23.5372,98.1835,77.8845,66.5733,56.5862,68.4105,125.865,79.0569,138.3112,63.7809,139.5206,134.9518,50.5964,90.6091,40.0,96.933,55.9464,84.214,50.9902,16.1245,84.0119,160.3808,59.6657,99.2472,60.7454,59.2115,28.0713,73.2393,96.2081,65.1153,104.7855,151.6377,153.3949,153.16,122.262,113.2166,140.0643,153.0555,103.9423,103.0049,127.5774,194.6535,227.0198,231.1753,186.8154,165.5113,197.3069,198.2524,155.7691,97.4064,93.0484,137.1787,55.2268,57.5674,53.8516,20.2485,13.0384,52.345,48.4149,79.3095,12.0,45.3431,35.3553,20.0998,103.2473,132.8834,73.0068,84.6286,92.5743,35.3553,84.8999,30.5941,31.1127,29.7321,102.489,104.4031,62.6259,40.7185,9.8995,49.5177,117.4564,98.0816,98.813,81.7435,112.2943,161.6168,354.1751,446.4437,192.2082,32.249,20.0998,11.0454,2.0,4.2426,2.8284,4.4721,2.8284,1.4142,2.0,3.1623,1.4142,5.099,6.3246,1.4142,1.4142,5.831,8.4853,11.3137,7.2111,6.0,10.198,17.2627,16.0,16.0,17.2627,10.198,13.0384,16.1245,14.1421,10.198,8.2462,9.4868,4.2426,1.4142,0.0,0.0,2.0,0.0,3.1623,3.1623,3.1623,3.1623,0.0,1.4142,2.0
0.0,2.0,1.4142,2.8284,6.0,4.0,5.831,3.1623,2.0,2.0,4.4721,5.099,3.1623,4.2426,4.0,4.4721,4.0,4.0,5.099,6.0,5.099,4.0,4.4721,4.0,4.4721,4.0,5.099,6.0,6.0,7.0711,7.0711,5.099,4.0,5.831,7.2111,5.099,5.099,8.9443,12.083,11.4018,10.7703,10.7703,9.4868,8.9443,8.2462,7.6158,4.4721,3.1623,8.4853,11.4018,14.4222,18.4391,18.3848,18.4391,20.0,22.6716,72.5672,396.0429,605.3924,298.0,38.6005,38.1838,66.4831,88.5889,136.1249,68.2495,116.7305,54.4243,73.5527,36.0555,136.0588,85.0059,150.6851,97.3242,119.105,56.0357,138.1014,2.0,57.2713,11.6619,91.7606,57.0088,104.7091,76.5768,8.6023,121.9262,132.0984,70.6116,57.4282,36.0555,28.3196,87.2353,154.2077,154.3243,164.0,201.8019,203.0665,195.4738,204.0098,209.6187,210.0381,222.036,241.5367,226.7157,244.9898,275.7463,280.0286,243.1872,252.9585,243.0185,222.1936,217.1129,220.4223,199.3038,152.4533,173.6663,206.5962,152.3155,125.6742,72.4431,28.0713,16.4924,71.5681,124.4829,120.7477,109.6358,11.4018,25.9615,8.2462,163.2483,77.8974,59.4643,1.4142,29.1548,72.1803,85.0059,1.4142,14.5602,33.1361,87.1321,72.1249,98.0204,101.2423,61.6117,94.8683,117.3456,83.3547,100.4988,41.4005,129.3754,199.6196,430.265,390.8657,133.7759,36.7696,19.8494,7.2111,2.0,3.1623,6.3246,4.4721,1.4142,1.4142,1.4142,3.1623,1.4142,3.1623,7.0711,1.4142,4.2426,7.2111,8.9443,7.6158,2.8284,7.6158,15.2315,16.5529,12.6491,17.0294,16.1245,10.198,15.0333,15.0333,14.0,9.0554,8.2462,10.198,3.1623,1.4142,1.4142,0.0,2.0,0.0,1.4142,1.4142,3.1623,4.4721,2.0,3.1623,0.0
2.0,3.1623,0.0,2.0,4.0,2.0,3.1623,2.8284,2.0,2.0,2.0,3.1623,3.1623,1.4142,0.0,2.0,1.4142,2.0,1.4142,2.8284,5.099,5.099,4.4721,3.1623,1.4142,0.0,3.1623,3.1623,5.099,7.6158,8.0,9.0554,11.0454,11.4018,9.4868,9.0554,11.4018,13.4164,12.083,10.198,12.083,11.4018,10.198,9.4868,8.2462,10.7703,13.0384,17.72,22.8473,22.1359,23.7065,25.0599,23.7065,24.4131,25.6125,29.6985,54.5894,258.1356,561.0793,444.4165,126.3725,32.5576,39.2173,37.1214,124.2014,80.9197,71.1758,34.0588,43.2897,21.6333,113.2166,77.8332,114.2716,60.8276,76.9415,71.8053,116.8247,53.0848,70.0,53.8516,89.0505,34.4093,28.2843,107.4151,50.9902,138.0,84.3801,67.897,28.8444,55.4617,117.1751,171.9186,181.1574,151.7893,159.5306,138.398,89.3197,71.6938,79.3095,120.0,174.9514,226.7377,279.12,288.6936,302.9884,287.934,202.5488,112.0714,79.3095,69.6419,42.0476,17.2627,28.4605,64.7765,111.8302,172.3079,241.6609,283.196,263.0931,210.238,158.7577,106.5082,103.0049,153.0751,66.4831,124.0161,33.1059,15.5563,22.8035,184.8783,42.0,122.8007,70.2567,84.7703,32.249,89.5879,89.2861,59.9333,17.8885,80.0999,43.0813,50.1597,52.4976,63.1348,140.6627,144.423,69.4262,39.8497,101.4002,144.2567,243.1296,462.0822,273.441,67.897,16.9706,6.3246,2.8284,3.1623,4.2426,2.8284,3.1623,3.1623,2.8284,2.0,3.1623,0.0,3.1623,8.2462,2.8284,8.6023,10.0,5.6569,4.4721,4.4721,10.198,15.2971,14.1421,10.198,14.0,14.1421,14.0,15.0333,12.1655,14.5602,9.4868,8.2462,9.4868,5.6569,4.2426,0.0,2.0,1.4142,0.0,0.0,3.1623,4.4721,3.1623,1.4142,4.4721,6.0
2.0,4.4721,1.4142,3.1623,2.0,1.4142,2.0,2.0,4.0,3.1623,2.0,2.8284,3.1623,0.0,0.0,2.0,3.1623,2.0,2.8284,7.2111,5.099,4.2426,3.1623,4.4721,4.0,5.099,7.2111,6.3246,7.6158,8.9443,8.0,8.2462,9.4868,10.198,9.0554,9.4868,10.7703,10.2956,8.9443,8.2462,11.4018,11.4018,12.1655,12.1655,14.5602,19.6977,24.7386,31.6228,31.0483,28.6356,27.8568,26.8328,27.313,28.178,27.4591,26.8701,29.4279,143.6175,462.45,541.4979,227.706,66.8431,61.7738,55.9464,63.5295,101.2126,5.6569,44.0454,24.4131,50.0,37.5766,83.5464,38.0789,69.0652,52.8015,80.9938,25.807,116.3787,46.669,80.025,58.1378,54.2033,24.3311,90.1998,41.4005,87.9659,56.8859,89.4986,111.9464,176.3009,198.5951,181.2402,113.5958,56.3028,33.0151,49.4975,80.2247,102.3914,121.0372,113.4637,103.2473,31.9061,85.0059,149.9333,120.8305,50.9902,62.6418,68.2495,67.7791,63.2456,55.0273,49.0918,48.6621,42.19,17.8885,29.9666,73.3894,138.0145,196.0102,244.3686,262.6176,237.6931,171.2308,65.192,121.2353,117.3456,40.4969,22.8473,27.8927,155.9295,49.5177,114.1578,27.0185,44.0454,29.6985,22.8035,36.0555,43.0116,32.5269,92.6499,77.5242,96.1769,43.566,41.6173,166.012,114.4814,51.8652,14.5602,125.9365,134.2013,266.1203,477.1268,213.1385,15.6205,0.0,5.831,5.099,3.1623,3.1623,2.8284,2.8284,3.1623,2.0,5.099,5.099,4.0,2.8284,7.0711,4.0,10.198,6.3246,1.4142,1.4142,8.0,13.3417,11.0454,13.3417,13.0384,13.3417,15.8114,15.8114,12.1655,10.0,13.0384,11.0454,8.0,6.3246,5.6569,5.831,3.1623,0.0,0.0,0.0,1.4142,3.1623,2.8284,4.4721,4.2426,1.4142,0.0
0.0,4.0,2.0,3.1623,3.1623,5.099,6.3246,6.3246,6.0,5.831,5.831,6.3246,5.831,5.099,5.099,3.1623,4.4721,2.0,3.1623,7.6158,2.0,4.2426,5.099,7.0711,9.0554,11.4018,11.4018,10.198,10.7703,9.4868,8.0,8.2462,8.9443,8.2462,9.0554,10.7703,12.083,13.9284,13.3417,12.1655,14.4222,13.9284,15.2971,18.4391,23.4094,26.0,26.0,25.4951,21.587,22.1359,26.0,28.6356,28.6356,31.305,31.7805,25.4951,29.6985,74.2428,352.6727,566.4274,282.8462,81.1542,22.6716,69.1231,25.6125,94.2444,55.1543,17.0294,21.9545,33.9706,42.7551,27.2029,85.6154,54.037,98.1835,65.192,59.0593,118.7013,28.4605,97.6729,55.1543,92.358,25.4951,80.0,22.8473,10.198,91.6079,138.5135,183.8478,187.2966,117.9237,54.1295,8.6023,26.0768,36.4966,40.7185,47.0744,61.0737,78.8543,114.4902,163.878,181.2457,159.8499,106.1037,98.4886,117.1836,102.1763,59.5483,20.2485,10.2956,33.0151,51.0098,51.2445,36.7151,8.4853,14.2127,18.9737,38.2099,39.3954,29.4279,135.0852,224.0179,197.4335,127.4127,143.1712,104.9952,18.1108,41.1096,64.2028,131.103,68.1175,72.1803,19.8494,84.9588,59.4138,57.4282,41.2311,31.4006,12.083,113.842,65.7419,110.0727,37.3631,48.3735,190.3733,148.6607,14.2127,63.0079,138.6001,162.0494,349.2878,451.637,167.6007,9.0554,6.0,5.831,8.2462,3.1623,0.0,2.0,2.0,3.1623,1.4142,2.0,2.8284,4.0,2.8284,6.0,7.0711,9.0554,8.2462,7.0711,11.0454,12.8062,13.4164,8.9443,12.6491,16.4924,17.088,17.8885,12.083,9.0554,12.1655,13.9284,12.083,8.9443,4.2426,3.1623,6.0,4.0,0.0,1.4142,2.0,3.1623,2.0,1.4142,2.8284,4.4721,3.1623,4.0
6.0,7.6158,9.0554,10.198,8.0,6.3246,7.0711,7.0711,6.0,7.6158,9.0554,11.0454,11.0454,9.0554,8.2462,8.0,7.6158,6.0,6.0,7.0711,5.099,7.0711,8.2462,8.0,9.4868,10.7703,9.0554,9.4868,10.7703,10.198,10.0,9.0554,8.9443,8.2462,9.4868,12.083,14.7648,16.5529,17.2627,19.2354,21.5407,23.4094,26.6833,28.6356,28.4605,27.8568,26.5707,24.6982,23.5372,26.5707,29.9666,30.4631,31.7805,34.0,31.0161,27.4591,32.5576,41.5933,257.3092,553.4799,313.8471,27.2029,72.2772,45.5412,9.4868,68.9493,77.9359,39.3954,10.2956,37.3363,13.4164,31.9061,95.6347,74.793,139.3126,39.3192,47.0956,77.1622,30.2655,123.199,136.565,96.0208,69.0652,75.8947,8.6023,104.8046,167.003,157.0796,128.8255,53.8516,17.72,36.0555,21.2603,12.083,27.2029,34.4384,37.0135,20.2485,10.0,11.0454,52.8015,96.3328,127.2871,124.3543,86.8332,49.0918,38.6005,25.02,3.1623,8.4853,20.0998,21.4009,21.2132,10.0,7.6158,8.2462,17.8885,25.4951,27.4591,77.3692,75.8947,2.8284,98.2344,160.5615,198.9774,164.3046,67.6757,54.1295,58.6003,135.0037,83.5225,54.9181,24.4131,108.2589,93.9042,76.9025,40.5216,62.0322,50.9902,134.3503,59.2284,124.0403,32.6497,80.0625,162.5054,167.6305,51.788,64.4981,124.2578,293.7107,473.2948,324.2252,70.7107,16.4924,12.083,9.8995,9.8995,8.9443,7.0711,5.6569,2.8284,1.4142,0.0,2.0,5.099,1.4142,2.8284,7.2111,5.099,9.0554,11.0454,5.831,7.2111,7.2111,7.0711,10.0,14.5602,14.5602,18.1108,16.1245,7.0711,9.0554,15.2971,13.3417,9.0554,8.0,2.0,2.0,6.0,4.0,0.0,2.0,0.0,4.0,2.0,2.0,2.0,3.1623,2.0,2.0
6.0,7.0711,8.0,8.2462,8.2462,7.0711,5.099,4.0,5.099,7.0711,8.0,9.0554,10.0,9.0554,8.2462,8.0,8.2462,8.0,8.0,7.6158,6.3246,7.0711,8.2462,8.0,8.9443,7.6158,6.0,8.6023,8.9443,8.2462,8.0,8.0,8.9443,9.4868,12.083,14.7648,17.4929,19.2354,19.6469,22.8035,27.8568,31.0161,32.28,32.5576,31.7805,31.6228,31.0483,28.6356,27.8927,31.0161,31.7805,31.7805,33.1059,31.305,27.8568,27.4591,35.805,31.241,189.0026,517.7065,346.5545,67.082,73.5391,51.4782,29.6985,38.4187,73.5935,61.0574,68.3081,35.805,81.1542,58.8218,146.0,38.6264,124.2578,55.2268,66.6483,101.8332,81.0555,140.1856,169.1686,25.0599,96.1041,80.6226,70.7248,151.268,134.9518,56.0357,13.9284,46.8188,40.7185,21.0238,10.2956,23.4094,12.8062,14.2127,28.6356,26.6833,12.083,39.6232,48.6621,86.5563,87.9659,83.5464,58.3095,43.2897,51.8652,48.7647,46.3897,56.0,69.6419,69.5701,63.1981,52.345,31.1448,19.0263,24.4131,17.088,15.0333,15.8114,58.8558,106.1037,60.8276,50.6952,170.4875,186.4886,87.9659,116.4302,26.3059,131.947,124.4588,51.4198,9.4868,90.2109,96.3328,95.3834,86.267,72.111,63.8122,133.8805,90.2109,83.1865,74.027,62.482,193.5459,110.0636,53.8516,30.8869,107.4895,444.5425,464.476,138.0797,14.4222,15.2315,15.8114,14.2127,11.6619,10.7703,8.9443,8.6023,4.4721,4.0,3.1623,3.1623,5.099,1.4142,2.8284,5.831,1.4142,10.0,11.0454,5.831,8.2462,4.4721,4.2426,10.0,16.1245,13.0384,17.0294,16.1245,9.0554,13.4164,13.9284,10.0,9.0554,8.0,1.4142,2.8284,7.0711,4.0,0.0,1.4142,2.0,4.4721,1.4142,3.1623,3.1623,1.4142,2.0,2.0
4.0,4.0,4.0,4.4721,5.099,7.0711,8.2462,8.0,7.0711,5.099,4.0,3.1623,2.0,4.0,8.0,11.0454,12.1655,11.0454,9.0554,8.2462,9.4868,10.198,10.198,10.0,8.2462,6.3246,7.0711,8.6023,7.2111,8.9443,12.1655,17.2627,20.3961,19.2354,20.2485,24.1661,29.9666,30.3645,26.3059,29.1548,34.9285,34.7851,32.28,30.5941,34.2053,38.6005,36.4966,32.0624,29.8329,31.7805,34.9285,36.7696,34.176,32.311,31.6228,30.5941,40.0,36.7696,127.3185,453.3277,393.1539,142.8426,90.7855,60.8276,58.2409,7.6158,53.2353,38.6005,69.8713,60.7454,103.3151,21.6333,184.1413,33.5261,157.0987,24.0,29.1548,93.0376,80.4487,161.8209,113.2166,57.7754,155.4156,103.2473,92.3147,151.2878,68.352,23.3238,50.0,45.5412,32.0,22.8473,25.807,27.7849,17.72,19.2354,26.0768,37.3363,33.9411,49.5177,37.3363,76.6942,86.267,83.8689,73.3485,64.0312,67.5426,73.0068,82.7647,92.5419,108.462,125.6025,114.4378,90.2552,74.0405,59.2115,64.0312,74.2159,57.2189,15.0333,29.1204,30.2655,87.2353,75.5381,121.5648,131.9394,123.0041,157.7149,6.0,63.8905,103.7882,124.4829,67.9412,33.6155,61.7738,84.119,60.8276,12.6491,74.6726,106.9299,108.2682,120.075,128.2264,94.3398,250.9542,53.0094,56.3205,86.209,106.3203,485.0155,450.1244,133.4541,11.6619,11.6619,14.2127,12.8062,10.2956,10.7703,11.6619,12.8062,9.4868,7.0711,5.831,5.831,7.2111,2.0,2.0,4.4721,2.0,9.0554,9.0554,5.099,9.0554,6.3246,5.099,7.6158,15.0333,16.1245,15.2971,17.2627,13.9284,12.6491,9.0554,9.0554,10.198,8.2462,3.1623,4.4721,7.6158,3.1623,1.4142,2.0,1.4142,3.1623,2.0,3.1623,4.0,1.4142,2.0,2.0
8.0,8.0,8.0,7.6158,5.099,5.831,7.0711,7.0711,6.0,7.0711,7.0711,5.099,4.0,4.4721,7.2111,9.4868,9.0554,8.2462,8.2462,8.2462,8.9443,8.2462,9.4868,12.1655,14.0,13.0384,12.1655,12.6491,15.2315,21.0238,25.9615,28.6356,28.2843,31.4006,33.7343,32.8938,32.6497,26.6833,27.4591,35.7771,37.5766,35.4401,33.7343,32.5576,32.8938,29.7321,27.4591,31.1448,36.8782,41.7852,41.7852,36.6879,32.28,33.6155,31.0483,29.8329,36.8782,30.8869,51.2445,343.0015,417.8516,198.7259,100.1299,71.5122,56.3028,15.8114,65.146,35.3553,26.0768,29.1204,28.3196,73.3894,139.7856,1.4142,122.262,46.8615,37.1214,61.2209,103.5857,97.4166,34.176,124.8439,160.0312,88.5438,96.8297,110.9234,12.6491,46.6476,43.8634,36.7151,42.19,44.3847,43.566,48.0833,57.0088,59.4138,58.8218,62.1289,61.8547,57.6888,40.1995,60.8276,75.2861,89.4427,101.3903,100.08,93.8616,97.17,97.5295,92.5419,95.4254,110.2905,116.6619,114.1403,123.9677,121.3425,108.6646,106.066,105.9906,96.7988,68.6586,66.5733,78.2304,106.3673,115.6028,83.006,114.6298,155.3641,32.28,10.7703,60.7454,107.629,122.1229,33.7343,72.2496,89.9889,27.313,75.2861,36.0555,70.214,72.4431,58.8727,104.4031,148.3846,164.3959,52.6118,43.6578,62.2896,198.0909,442.7302,386.7738,149.6462,46.3249,34.4384,24.0832,14.1421,10.2956,8.9443,10.2956,12.8062,10.2956,7.6158,7.0711,4.2426,9.0554,4.0,1.4142,4.2426,5.6569,8.9443,9.4868,7.0711,7.0711,7.0711,9.0554,6.3246,15.2971,19.6469,15.2315,18.9737,12.6491,8.0,10.0,10.198,9.0554,7.0711,3.1623,3.1623,5.099,2.0,2.0,0.0,2.0,1.4142,2.0,0.0,4.4721,2.8284,1.4142,0.0
6.0,6.0,5.099,5.831,6.3246,5.831,4.0,4.4721,6.3246,10.198,12.1655,12.1655,11.0454,9.0554,8.6023,5.831,5.099,9.0554,12.1655,10.0,8.9443,8.2462,10.2956,14.7648,17.0294,18.0,18.1108,19.6469,25.4951,26.0,22.8473,23.4094,25.4951,31.0161,34.9285,36.1386,32.8938,29.4279,36.0555,40.7185,36.7696,31.0483,29.8329,34.2053,32.5576,25.4951,25.2982,30.3645,36.0555,38.0789,34.176,32.28,36.6879,39.2173,34.2345,31.7805,34.4093,33.2866,39.1152,220.445,386.0285,291.1117,158.1139,53.9073,29.1548,17.0294,58.8558,30.8869,68.0294,86.8332,96.2601,71.5681,101.3903,26.9072,105.8017,41.1096,64.56,56.9386,56.3028,8.4853,80.6226,133.544,99.0454,50.4777,66.8431,38.0,53.9073,55.9464,44.2719,37.2022,39.2938,51.1077,49.3356,71.8471,92.1954,97.2522,95.8853,92.3472,91.3893,83.5225,67.6018,69.6419,75.3923,93.3809,105.9056,99.8499,92.228,83.006,61.3514,52.6118,56.3205,59.2115,80.5233,102.3132,115.7325,116.4818,102.3914,94.2019,97.5295,114.2366,131.0954,129.5222,126.7517,152.3286,166.8652,148.4318,118.7266,80.4114,47.4131,47.7074,61.9839,92.3472,166.7213,43.8634,103.0049,82.0244,78.4474,44.9444,41.4005,15.2971,48.7032,65.6049,31.7805,47.0106,94.255,34.0588,30.3645,90.2109,390.41,444.6774,285.6711,89.8443,25.4558,28.8444,28.6007,20.0,14.2127,8.6023,7.2111,9.8995,9.8995,7.2111,8.9443,10.2956,12.7279,10.2956,6.0,4.2426,4.4721,9.0554,11.0454,6.0,8.0,12.083,10.0,8.6023,18.3848,18.9737,13.3417,16.0,11.0454,8.2462,11.4018,9.0554,8.0,5.099,4.4721,4.4721,4.2426,4.4721,4.4721,2.8284,1.4142,1.4142,0.0,3.1623,3.1623,2.0,1.4142,2.0
4.0,5.099,6.3246,6.3246,7.0711,7.0711,6.0,8.0,10.7703,9.4868,9.0554,11.0454,12.1655,13.0384,14.5602,14.1421,15.2971,17.72,18.1108,17.2627,16.4924,16.1245,17.088,20.2485,20.3961,26.3059,31.1448,30.2655,29.9666,27.2029,29.7321,34.176,35.6931,34.7851,31.6228,31.0483,32.28,37.3631,41.7852,41.2311,37.3631,34.5254,38.6005,40.5216,39.1152,43.2897,47.0744,50.0,51.923,47.0744,43.1741,44.3847,43.6807,39.2938,42.7551,52.9528,53.8516,43.0116,34.6699,144.0139,376.133,380.2657,161.5549,17.088,8.9443,13.3417,51.264,20.8806,66.7083,166.9731,109.1788,63.1348,69.0072,36.8782,78.0,75.06,95.0789,22.6716,45.6508,54.2033,98.4886,77.3692,45.6508,53.8145,55.5698,77.5242,94.0213,74.9533,56.3205,34.9285,33.9706,46.1736,73.171,94.2444,81.0062,65.0692,50.0,39.8246,70.8378,57.2713,50.6952,54.1295,19.0263,18.4391,36.7151,46.3897,68.9638,63.6396,29.9666,10.198,20.8806,9.8995,8.2462,11.0454,14.2127,38.6264,31.1448,37.3631,62.1289,106.6771,134.7294,152.1907,191.7603,217.8302,208.7774,168.0,108.074,58.0517,24.0,18.868,79.3977,60.4152,155.5956,102.0196,130.1153,28.3196,43.6807,40.1995,10.0,48.7647,59.6154,18.3848,68.4105,41.7852,128.8099,42.5441,23.3238,232.8476,444.0,283.3831,109.8818,48.7647,24.0832,19.2354,21.2603,24.2074,21.4009,16.5529,14.5602,15.8114,17.4929,14.5602,13.3417,13.4164,14.7648,14.4222,8.6023,5.831,4.4721,11.0454,13.0384,4.4721,10.198,14.1421,6.3246,10.7703,18.9737,15.8114,10.198,13.0384,14.0,10.198,9.0554,9.0554,8.2462,3.1623,3.1623,4.4721,2.8284,3.1623,4.2426,5.099,1.4142,3.1623,4.0,4.2426,1.4142,2.0,0.0,0.0
6.0,7.6158,9.0554,9.4868,9.0554,11.0454,12.0,12.1655,11.4018,9.0554,8.0,8.0,9.0554,11.4018,12.6491,13.3417,14.5602,13.9284,14.0,18.1108,21.587,24.3311,26.6833,28.6356,30.3645,32.9848,32.249,33.1361,34.7851,36.6879,42.3792,41.7612,37.6563,35.6931,35.4401,34.9285,36.6879,41.2311,41.1096,41.2311,40.025,42.7551,47.4342,45.8912,46.3897,49.8197,49.8197,50.5964,47.5395,44.4072,52.4976,65.8027,84.8999,113.7805,150.6586,179.8889,173.1416,121.5648,82.7647,217.7062,423.2493,339.9676,111.1575,21.2132,40.2492,38.6005,58.0517,12.083,57.3062,182.8879,126.6491,65.2993,11.0454,74.4312,72.0694,86.0349,89.0505,21.2603,77.3692,85.1469,63.8122,44.2719,96.1873,133.3642,160.0125,173.6663,159.022,134.0,120.8387,103.2473,96.1665,103.5857,113.4372,102.3914,72.111,24.6982,17.2627,22.3607,81.8413,31.0483,97.17,86.5563,55.5698,49.98,14.5602,30.3645,34.0588,16.5529,44.1814,8.6023,27.8568,17.72,39.2938,57.4282,72.5672,78.5493,49.2544,21.587,25.1794,53.8516,73.0068,123.8225,121.2353,49.2544,17.8885,38.2099,34.6699,25.6125,50.636,50.9117,27.2029,22.1359,114.9348,125.1319,87.0057,91.6624,123.4909,104.7378,77.8332,19.0263,33.6155,31.7805,58.1893,75.591,78.2304,94.541,113.1371,331.5449,399.0614,193.4994,46.6905,56.6039,45.2548,31.305,29.1548,30.5287,29.9666,28.4605,25.4951,23.5372,24.1661,20.8806,17.088,14.7648,13.0384,14.1421,12.7279,9.8995,7.2111,12.1655,13.3417,6.3246,12.1655,12.1655,6.0,14.1421,17.2627,14.1421,10.7703,12.083,14.1421,9.0554,8.2462,11.0454,8.0,2.0,2.0,3.1623,2.8284,2.0,4.4721,3.1623,4.4721,2.8284,0.0,2.0,1.4142,1.4142,1.4142,2.0
12.0,11.4018,10.0,11.4018,13.3417,15.2971,16.0,15.0333,12.0,10.0,11.0454,13.0384,15.0333,15.2971,14.5602,14.5602,14.5602,15.8114,17.2627,20.0998,24.0416,25.9615,29.1204,32.311,32.311,28.6356,25.1794,29.1204,37.3363,40.4969,38.6264,35.4401,34.5254,36.8782,40.5216,41.9762,44.9222,48.8467,46.3249,40.5216,36.6879,36.1386,38.9102,43.0116,50.2195,58.9406,65.9242,69.857,73.3485,80.6226,91.7606,119.7748,173.626,188.2817,131.0954,52.345,33.1059,56.5862,202.5142,388.5254,328.4418,166.012,113.1459,96.6644,29.1204,68.2495,113.0044,73.0068,69.5701,148.6607,113.2166,48.7647,91.214,76.5506,48.7647,57.3062,63.0714,22.8035,92.5743,48.0416,41.7612,89.0505,108.2589,130.1384,153.0621,150.6519,121.062,85.44,69.6419,87.4757,85.5102,63.1506,45.8912,20.8806,87.7268,41.7852,8.2462,26.4197,52.6118,22.1359,81.1542,63.1348,42.638,56.8859,8.0,9.4868,32.0624,55.0273,45.607,18.4391,39.8497,57.0088,58.8727,57.0088,73.3485,82.2192,79.3095,63.2456,63.8122,90.6201,82.0,59.6657,96.5091,193.5975,220.1318,199.1231,154.1168,125.6423,61.2699,42.45,3.1623,61.0737,35.3836,75.1665,38.2099,70.214,62.0,80.2122,115.8016,36.0555,66.2873,32.0624,53.3104,53.1601,55.6597,45.4533,204.7486,365.4723,317.3043,141.1524,34.4384,28.0713,35.3553,27.313,29.9666,30.5287,29.7321,31.6228,28.4605,24.0416,25.2982,25.4951,20.5913,17.8885,17.8885,18.4391,15.5563,12.8062,12.7279,14.7648,13.4164,10.2956,16.1245,9.0554,6.3246,19.0263,18.9737,14.7648,12.083,9.4868,12.1655,8.2462,7.0711,12.0,8.0,2.0,2.0,2.0,2.0,4.0,4.0,1.4142,3.1623,5.6569,4.0,4.4721,4.4721,4.0,2.0,0.0
12.0,11.0454,11.0454,14.0,14.1421,10.198,9.0554,11.0454,14.0,18.1108,20.0998,20.0998,21.2132,22.0907,21.2132,20.3961,21.587,24.0416,25.4951,27.4591,29.1204,30.3645,32.8938,32.8938,31.0161,29.4279,32.249,37.3363,40.7185,40.4969,39.8497,40.5216,41.5933,44.3847,44.3847,40.7922,40.4969,42.9418,34.5254,28.2843,35.3553,46.8188,64.0781,79.712,99.4585,118.1271,123.9113,115.2128,89.0056,69.8713,98.1122,148.3846,113.6486,31.0161,108.2312,132.8157,121.9262,112.969,387.8376,301.5725,15.6205,149.4858,179.7387,150.12,20.5913,101.548,83.6301,53.8516,60.0,45.5412,124.8119,109.8818,121.2765,56.356,27.2029,51.0098,60.7454,36.0555,87.4185,83.5225,79.0569,44.4072,17.72,28.4253,35.6931,14.2127,37.2022,58.1378,25.4951,16.1245,38.4708,54.1479,67.082,135.8013,134.4619,68.3081,41.2311,9.0554,12.6491,47.8539,60.8276,42.19,28.2843,60.0,64.0312,74.6726,71.1758,63.2456,56.3205,57.7062,79.1202,90.7965,72.2496,67.6757,63.9531,39.8246,46.0435,53.7587,44.3847,90.4434,100.7671,153.7335,234.5421,234.2008,186.1881,157.8354,137.8985,147.411,113.1724,20.2485,11.4018,53.0094,53.0848,49.5782,46.0,42.19,66.7533,129.2749,128.8875,34.0588,55.7315,35.3553,68.3081,55.2268,79.925,81.0062,238.5372,343.4239,243.8237,75.4718,21.2132,19.8494,27.0185,24.0416,28.178,30.5287,27.2029,28.4605,29.5296,25.2982,24.7386,27.2029,23.3238,21.0238,19.6977,22.8035,21.2603,15.8114,15.5563,17.2047,16.1245,13.3417,16.1245,9.4868,8.0,23.1948,22.8035,14.4222,10.0,7.6158,13.3417,10.2956,7.0711,11.4018,8.2462,1.4142,1.4142,3.1623,4.4721,2.8284,2.8284,2.0,1.4142,3.1623,1.4142,3.1623,4.4721,4.0,4.2426,2.0
12.0,12.0,13.3417,15.2971,15.0333,14.0,15.2971,15.0333,15.2971,17.72,18.1108,19.2354,21.587,25.4951,30.2655,30.0666,26.3059,25.2982,27.2029,29.8329,29.8329,32.311,36.7696,37.3631,36.1386,34.5254,39.2938,45.5412,44.9444,41.1096,38.6005,39.2173,40.025,41.7612,41.2311,41.5933,45.5412,45.6946,46.6905,64.3273,80.9568,81.0432,73.3894,74.4312,91.2688,95.6347,81.3019,56.4624,35.7771,20.5913,111.3643,90.2109,79.6492,160.2061,110.1454,50.9117,35.4683,349.8571,437.1201,98.0,110.6526,25.4951,238.4114,158.2024,55.2268,63.5138,94.4034,32.311,32.0,29.9666,97.7446,159.5055,75.8024,61.0082,48.3735,66.0303,54.9181,25.4951,26.0,39.3954,17.2047,41.4005,74.1485,100.7174,124.6194,122.3765,90.0,50.2195,29.1548,50.4777,62.2896,52.0384,76.5376,134.8481,68.8767,68.0147,75.9605,94.541,100.02,104.7855,109.6358,109.4806,86.8332,67.9559,58.9406,85.3815,90.1998,81.7435,79.511,72.0,76.5506,67.6018,66.7533,72.4983,52.0,21.587,16.4924,53.0094,36.7696,77.8845,162.1111,223.2577,217.7062,141.598,72.0139,56.8859,61.9839,84.214,111.0856,66.0,38.4708,45.4533,52.1728,17.088,49.0918,49.4773,62.1289,84.7231,50.0,32.249,60.4649,64.6375,26.9072,99.3579,77.0584,185.0243,319.4057,340.147,169.1626,15.2971,22.3607,25.807,27.4591,24.0416,25.4951,29.1548,26.5707,24.6982,27.2029,23.4094,22.1359,27.0185,26.0,26.8328,22.3607,23.7065,29.1548,26.4197,22.6716,19.799,21.4009,21.0238,15.8114,11.4018,12.0,24.0832,23.0217,13.0384,7.6158,7.2111,12.1655,11.0454,5.831,7.0711,8.2462,1.4142,0.0,4.0,8.2462,5.099,4.4721,2.8284,2.8284,0.0,2.8284,1.4142,2.0,0.0,3.1623,2.0
16.0,17.0294,19.6469,19.2354,18.1108,20.0998,23.5372,24.0,23.1948,19.2354,15.0333,17.088,20.2485,22.8473,24.0416,24.0,26.3059,32.8938,36.6879,35.6931,33.3766,34.9285,35.7771,33.5261,32.9848,33.7343,39.3954,43.8634,44.2719,43.6807,43.1741,43.0116,40.025,39.8497,50.6952,70.8802,87.5557,92.5743,96.5091,102.1078,94.1488,68.1175,34.0,32.9848,60.0,37.0135,7.6158,48.7647,33.1361,53.535,135.3514,15.6205,172.7078,87.6926,21.9545,18.3848,91.7824,465.5857,358.7116,121.7539,133.124,85.9884,220.6581,137.1787,45.2769,38.9102,77.3692,45.3431,80.7217,47.4342,155.9551,103.2473,60.2163,51.4782,49.3356,83.7377,4.2426,44.2719,32.6497,29.6985,53.9073,70.8378,64.1405,65.192,89.6772,127.4755,149.6262,137.2953,100.0,65.192,47.4342,22.0907,54.1295,92.1954,20.8806,28.4253,60.1332,75.8024,74.9533,81.939,84.7585,72.8011,64.405,54.1295,40.7185,69.814,72.111,89.4539,90.5539,80.5233,63.1348,39.6232,38.6005,39.8246,29.5296,33.9411,32.5576,38.833,57.2713,134.618,186.0967,168.9615,78.9177,34.2345,83.5703,90.9175,53.2541,49.2544,101.8332,111.8302,54.1295,59.4811,59.3633,47.4131,37.3363,41.1096,84.534,92.0217,88.5099,28.6007,66.888,21.0238,30.0666,82.2922,88.7694,282.8462,403.9233,275.0455,53.6656,27.1662,29.1548,31.0161,34.0,26.8328,21.9545,23.3238,24.6982,26.0,29.5296,29.1204,28.4605,31.305,30.3645,30.5287,26.8328,24.6982,26.4197,29.5296,33.2866,30.5287,29.7321,29.7321,25.4951,18.6011,16.5529,24.0416,23.4094,16.5529,9.8995,9.8995,11.6619,12.8062,11.4018,8.4853,8.9443,4.2426,1.4142,2.8284,10.2956,5.6569,3.1623,2.0,2.0,2.0,1.4142,1.4142,1.4142,1.4142,2.0,0.0
16.0,17.2627,20.2485,20.0998,21.0238,22.3607,21.587,21.0238,23.1948,24.0,23.0217,22.1359,22.8473,22.8473,18.9737,19.2354,27.8568,33.1059,29.7321,27.8927,30.5941,32.311,30.8869,31.7805,36.6879,42.45,47.5395,47.0106,46.8188,48.7647,51.4198,61.9839,76.9025,90.6091,101.8332,103.7401,96.5401,85.9884,71.8471,55.6597,39.6232,35.4683,35.805,26.9072,51.2445,31.7805,26.4197,44.2719,9.8995,77.2528,105.2236,94.2444,162.0864,30.0,15.8114,15.6205,144.679,508.0866,317.956,94.921,120.6151,78.0,164.4019,150.5722,68.0147,100.449,43.6807,45.6508,54.2033,59.4811,122.0,68.1175,62.2896,38.2099,55.2268,25.6125,51.2445,4.4721,28.178,36.0,52.1728,51.4782,49.4773,34.9857,52.5547,74.7262,94.5304,105.5367,99.2975,68.1175,42.9418,28.6356,52.4786,60.531,23.7065,21.0238,22.6716,22.0907,49.3964,63.2456,45.1885,27.4591,73.0068,67.424,55.3173,88.1022,69.7711,72.4431,68.469,74.8465,62.8013,50.0,44.2719,18.1108,13.3417,17.2047,49.4975,75.326,150.3596,176.3859,117.3882,36.8782,65.2993,69.527,75.8947,75.0067,30.2655,41.9762,93.3916,97.0464,83.6301,47.0106,46.669,44.0454,15.0333,45.0999,47.0106,42.638,120.8056,59.4138,122.0656,137.3827,136.8941,45.1885,129.1898,322.4562,356.452,152.0526,40.1995,31.0483,22.3607,23.4094,28.6007,29.5296,29.5296,26.5707,26.5707,26.0,28.4605,31.7805,32.8938,31.7805,29.7321,33.6155,31.7805,28.6356,26.8328,27.8568,33.6155,34.9857,37.2022,37.7359,41.1825,40.0,29.7321,28.6007,28.178,18.4391,15.8114,17.2047,15.5563,13.4164,16.1245,15.5563,11.3137,8.9443,7.6158,6.0,9.8995,10.0,7.0711,5.831,4.2426,0.0,1.4142,1.4142,1.4142,2.0,2.0,0.0
22.0,22.3607,19.6469,16.1245,19.2354,24.7386,26.3059,24.0,21.2132,21.0238,23.0217,25.9615,29.1548,27.8927,27.4591,32.28,36.7696,34.176,29.8329,29.1204,30.3645,34.176,42.0476,47.5395,49.3356,53.7587,58.1893,61.3514,66.4078,72.2772,78.8543,84.119,84.119,82.9699,80.4114,64.5136,45.1221,28.0,16.1245,14.4222,12.1655,18.6011,30.0,32.311,34.9857,10.0,28.8444,28.6007,10.198,94.2019,62.2896,133.4166,129.0736,9.8995,7.0711,12.8062,175.0257,514.0156,311.0402,36.8782,98.9545,114.7258,85.4283,177.4599,137.7679,38.833,15.8114,58.1378,61.2046,104.69,60.0833,72.6223,102.6255,66.2118,111.6154,20.8806,36.0555,26.3059,7.2111,37.1214,42.9418,56.8507,73.0068,43.1045,37.1214,36.3593,23.5372,38.0789,58.1378,71.5681,66.0303,61.6604,66.5733,48.2701,28.6007,46.3249,24.1661,31.9061,57.9828,41.6173,26.0,27.1662,63.6553,78.8162,77.3692,98.6002,62.2896,45.5412,45.2769,53.3104,56.0357,55.2268,56.921,55.5698,42.5441,45.8912,91.9239,159.5306,149.8332,50.1199,56.6039,97.2008,75.0067,44.7214,46.0435,63.1506,43.9318,58.5491,82.0975,64.7611,63.7809,101.2423,126.5622,119.708,17.2627,59.4643,40.2492,27.2029,91.9239,90.2552,102.1763,58.0517,77.1622,108.0185,174.1953,309.4802,287.3604,117.72,39.598,11.4018,25.807,20.0998,8.2462,17.0294,34.176,36.1386,33.6155,29.1548,26.6833,25.2982,25.0599,27.313,28.6356,28.8444,28.6356,30.8869,28.6356,27.8927,32.6497,34.9857,37.4433,37.5766,41.2311,49.8197,44.0454,38.2099,38.2099,28.6356,22.8473,19.8494,15.5563,12.083,12.8062,14.7648,11.4018,10.2956,8.9443,6.3246,7.2111,7.0711,5.099,5.831,7.2111,5.6569,1.4142,2.0,1.4142,3.1623,5.099,6.0
22.0,22.3607,20.0,16.0,13.9284,17.2047,18.9737,21.0238,22.0907,22.0907,23.0217,26.5707,28.6356,27.8927,32.28,36.0555,35.4683,33.5261,32.5576,35.4401,41.1096,45.5412,49.1935,48.3322,50.6952,68.4251,84.7585,89.4986,86.8332,83.678,76.4853,59.6657,30.3645,17.088,32.9848,27.0185,23.0217,20.0,12.7279,4.4721,2.8284,6.0,9.8995,18.3848,14.4222,13.3417,21.0238,13.0384,18.1108,108.074,29.4279,158.4929,100.6876,12.0,11.4018,18.4391,165.5295,519.5094,336.8561,30.2655,78.9177,120.2082,22.6716,105.119,138.5208,106.527,44.0454,44.3847,43.0813,103.0049,45.2769,86.8332,48.0833,49.5177,73.171,47.4131,12.083,29.1548,57.2713,57.5674,19.0263,41.5933,76.4199,65.0692,32.0624,26.8328,19.8494,10.7703,18.9737,52.0,69.0652,69.5845,58.8218,38.6005,35.3553,40.2244,17.088,52.8015,55.1725,23.1948,33.9706,51.8652,67.6018,72.0694,81.4125,86.3713,58.8218,43.9318,30.4631,20.0,24.0416,29.4279,34.9857,47.8539,71.1758,93.8616,96.1769,57.9828,51.4782,134.2386,139.2839,95.5092,47.5395,23.0217,32.249,48.0208,65.6049,91.9239,96.1769,90.6091,47.7074,49.5782,78.2304,148.0,61.8547,38.4708,72.8011,55.2268,12.6491,21.9545,22.6274,72.1803,169.8117,205.1536,241.6154,298.6905,259.083,141.1737,114.7693,94.8472,53.8516,53.0094,48.3735,51.923,28.178,10.7703,32.28,39.2173,34.9285,31.305,26.4197,24.7386,29.5296,30.2324,25.0599,26.0768,26.8328,23.4094,25.0599,30.0,31.6228,30.8869,28.8444,38.1838,45.2769,44.0454,44.4072,38.0789,33.2866,29.8329,23.0217,15.5563,13.9284,12.083,8.6023,7.2111,5.6569,5.6569,7.0711,7.2111,5.831,4.2426,4.2426,7.0711,4.4721,1.4142,1.4142,3.1623,4.0,4.0
18.0,18.4391,20.0,22.0907,21.2132,21.9545,17.088,14.0,12.0,11.4018,18.3848,24.1661,25.0599,26.0,29.9666,30.4631,27.8568,23.4094,24.6982,35.3553,46.0652,56.4624,67.2309,79.1202,89.8443,91.3893,79.3095,64.7611,56.3205,44.9222,29.1548,17.2627,18.1108,12.7279,51.0098,33.2866,20.5913,22.8035,16.4924,12.6491,14.5602,7.0711,2.8284,12.6491,4.0,17.0294,19.0263,10.0,18.4391,109.3709,19.799,166.7693,87.4757,15.2315,13.0384,16.1245,116.3787,517.9073,399.1441,8.9443,81.5843,102.489,75.6439,61.4003,77.9872,108.2312,65.5134,53.2541,69.3542,98.8433,64.6375,51.1077,56.356,45.5412,10.0,74.686,39.2173,48.2701,31.0161,7.6158,29.1548,45.8912,80.0,66.0,28.2843,15.5563,28.178,29.1548,39.2173,30.4631,27.0185,31.0483,26.0768,20.0998,25.4558,25.807,22.8035,60.9262,41.4005,28.6356,48.2701,69.3542,78.7909,81.5966,79.6241,44.2945,31.7805,15.8114,32.9848,11.0454,13.0384,4.4721,17.0294,26.0768,28.6356,7.6158,56.3205,124.3382,157.0796,136.0,93.3916,65.3758,48.1041,29.0172,18.868,20.2485,36.4966,86.6833,99.1564,106.4049,89.1403,12.6491,65.1153,107.0047,69.6563,104.3072,173.2339,104.9381,70.3847,102.5768,96.1769,107.8981,187.5793,143.9514,156.5886,232.3489,216.2267,162.0987,52.4976,123.4909,83.9524,48.1041,43.382,59.2115,81.1542,69.9714,28.3196,10.2956,22.1359,30.2324,30.4631,29.4279,31.305,33.0151,28.8444,26.0,27.7849,24.1661,25.2982,31.4006,28.8444,28.8444,29.8329,31.1448,38.2884,38.2099,39.8246,44.3847,47.0106,43.909,37.4433,29.6985,21.2603,15.8114,10.2956,7.2111,8.6023,7.2111,7.2111,7.0711,5.6569,5.6569,5.099,7.6158,9.4868,8.2462,4.0,2.8284,2.0,2.0
18.0,19.6469,22.3607,26.0,29.1548,27.8927,23.1948,23.0217,25.02,27.4591,30.4631,29.7321,30.4631,30.4631,27.313,26.4197,29.1548,35.4401,54.1295,76.9675,96.933,108.8118,112.0893,106.3203,82.3772,49.4773,21.4009,12.083,16.1245,10.2956,8.9443,12.6491,33.3766,12.7279,70.0,41.1096,24.4131,35.1283,27.8568,19.2354,18.3848,15.5563,12.0,10.2956,3.1623,16.1245,19.0263,16.4924,16.9706,102.3914,29.5296,159.154,100.0,16.1245,13.9284,14.1421,64.8845,476.7599,465.5857,55.4617,89.9444,73.7564,79.0569,143.5897,74.0945,128.9496,46.0435,98.1835,103.3925,108.4066,69.6419,52.9528,110.5351,88.0227,49.0102,70.3278,39.2173,16.1245,18.3848,53.8516,47.8539,66.4831,80.399,57.5847,40.0,18.9737,23.0217,29.0172,56.0357,54.4059,23.0217,14.5602,5.099,5.6569,14.5602,20.2485,24.0832,50.1597,40.1995,7.0711,24.0832,64.5136,24.2074,19.0263,14.7648,43.909,71.3863,82.8734,72.8011,51.4782,48.7647,51.0882,54.1479,64.2806,101.6366,157.6959,180.4882,155.3319,123.3694,78.4474,34.2053,29.1204,25.02,8.0,13.0384,24.0416,26.9072,40.5216,49.3964,70.7107,122.0656,66.0303,29.1548,58.9406,53.7587,107.3313,124.2337,66.4831,64.0312,62.2415,48.0416,116.1809,103.846,103.1213,188.3083,209.695,118.423,178.3704,137.2006,36.4966,54.6443,22.0907,14.5602,14.1421,26.6833,73.4983,81.0555,39.6232,2.0,20.0998,5.831,15.0333,27.313,34.9857,36.3593,29.7321,30.5287,29.1204,30.5941,35.805,31.4006,27.4591,31.6228,34.2053,38.1838,37.0135,34.176,38.6264,46.0652,50.5371,52.1536,48.8262,40.4969,32.8024,23.3238,15.8114,13.0384,10.7703,10.2956,9.8995,7.0711,5.831,7.0711,8.2462,8.2462,8.9443,7.6158,5.099,5.099,6.0
20.0,20.8806,22.1359,23.1948,24.3311,24.3311,25.1794,28.2843,34.2345,39.6232,36.8782,31.0483,29.1548,27.313,26.5707,34.9857,50.1199,82.7647,127.9531,152.4336,152.6106,126.4358,89.6772,50.1597,21.4009,11.0454,12.083,20.0,22.0907,5.6569,6.3246,20.3961,43.6807,18.868,84.5931,50.04,24.6982,46.3897,35.0143,12.083,10.0,17.72,20.0998,10.198,4.0,16.4924,25.02,27.313,17.8885,89.9889,57.7235,143.4225,131.0343,16.5529,14.1421,11.6619,34.9857,383.9401,516.7669,166.355,93.6483,72.111,29.1548,209.1602,29.5296,191.3165,22.0,128.0156,137.1787,119.5408,131.6055,108.3421,86.3134,43.8634,49.8197,121.6963,145.279,112.7918,68.6003,87.2353,60.9262,95.8019,69.857,51.8845,43.566,21.6333,13.4164,10.198,36.7967,66.2873,67.2309,60.7454,48.7647,31.0161,24.6982,27.0185,31.1448,52.8015,71.6101,58.0517,61.0082,101.2423,121.1033,110.1635,105.0428,103.7401,94.0851,100.7174,94.1913,86.0233,93.1343,110.0273,129.8692,151.0828,167.6305,142.9405,100.896,92.5743,75.1665,40.0,32.249,31.1448,27.2029,15.0333,34.2053,38.833,47.2652,63.0714,28.0,29.8329,152.0526,82.3893,30.8869,88.8144,112.2586,26.5707,124.7397,64.7765,32.5576,40.7922,83.2346,84.8646,38.2099,235.3083,346.7333,251.3205,100.2098,106.827,211.5136,27.4591,45.2548,39.6989,19.6977,34.6699,32.6497,10.198,56.3028,67.897,50.9902,47.0106,41.1096,46.3897,35.3553,6.0,21.2603,26.0,31.7805,31.0483,27.2029,32.5576,32.5269,26.0768,27.2029,31.1448,35.4683,37.2022,30.4631,27.7849,28.8444,34.9857,45.4533,46.8615,44.4072,43.2666,37.1214,29.7321,26.5707,21.0238,14.4222,13.0384,13.0384,8.9443,5.099,4.4721,4.2426,4.4721,7.6158,7.0711,5.099,4.0
18.0,18.9737,21.0238,21.587,22.3607,24.7386,26.3059,25.4951,25.2982,24.0416,22.3607,24.0416,31.305,47.8539,70.8378,85.44,84.1546,109.6358,146.6492,140.2355,106.066,65.8027,35.3836,23.0217,21.2132,17.0294,14.5602,21.0238,32.5576,5.099,12.6491,29.1548,51.8652,22.3607,96.1769,61.2046,21.0238,52.0,37.0135,12.0,7.0711,17.2627,22.3607,16.0,4.0,20.0,39.8497,44.4072,31.6228,82.4621,89.4986,122.1475,162.0494,13.3417,14.1421,11.4018,21.2603,253.16,545.177,315.0397,85.2877,78.0256,18.3848,169.0976,100.4988,195.0282,39.3192,193.7627,139.1761,65.5134,169.4993,164.2011,130.2459,53.7587,122.7762,177.2794,189.4466,153.8831,164.3959,122.1475,47.0106,94.5304,65.7875,54.5711,34.7851,22.6716,9.8995,7.2111,0.0,25.4951,55.7853,88.0909,104.5466,83.678,62.2415,50.774,44.7214,56.3205,72.4983,77.2787,81.7435,109.0413,141.598,150.0533,153.3949,158.3982,161.524,176.0,176.4086,160.05,159.154,151.4001,138.1014,146.84,130.7287,64.1405,9.0554,36.1386,30.3645,41.7852,21.4009,44.7214,54.1295,56.0892,58.3095,57.2713,56.0892,29.4279,27.0185,16.1245,158.3982,90.7083,73.3485,47.5395,76.0263,70.214,100.7671,64.5136,63.0714,100.4191,115.6028,111.4002,177.3415,357.6143,320.0312,88.6002,186.703,19.6469,228.8449,72.9932,19.2354,64.3273,54.4243,35.609,35.4683,22.3607,16.1245,41.1096,51.788,52.1728,51.788,54.1479,57.5674,55.1543,29.7321,3.1623,18.4391,26.5707,26.8328,31.1448,31.1127,28.178,29.8329,28.3196,26.8701,29.7321,28.178,30.2324,27.2029,24.2074,32.5576,39.6232,41.2311,40.4969,42.0476,41.7612,39.2173,34.6699,25.4951,22.1359,21.0238,18.9737,15.2971,11.4018,10.2956,8.0,9.0554,9.4868,8.0,8.0
18.0,20.2485,22.3607,22.1359,22.3607,20.8806,17.2627,18.9737,26.8328,41.2311,68.3081,103.3247,132.2195,144.8102,138.0797,108.1665,65.0077,86.3134,124.0645,70.7107,41.7852,53.8516,51.0882,29.1548,12.1655,17.8885,21.0238,11.0454,33.5261,14.4222,20.2485,36.2491,56.3028,21.2603,102.489,64.7765,21.9545,53.7587,35.6931,12.083,7.0711,16.5529,25.4951,24.0832,5.099,29.0172,52.1728,48.8467,25.4951,72.4983,114.9783,91.0494,184.5318,16.1245,23.1948,22.0,22.1359,128.1405,504.1151,459.9065,52.3259,80.0999,19.799,105.8489,139.4346,145.1137,100.1299,180.5104,138.0145,86.4523,164.4019,195.8162,223.2353,110.6526,245.7723,120.1083,106.3673,66.7083,176.4086,198.0101,113.7805,80.6598,47.4342,55.7315,29.7321,30.4631,34.4093,15.0333,15.0333,20.2485,13.9284,31.6228,44.2041,54.4059,41.2311,64.4981,102.7035,128.0,142.5553,142.5061,159.6559,173.9023,158.8081,162.1111,165.1484,137.0036,122.8088,141.2303,159.9062,154.4345,135.0926,118.6086,98.732,85.4283,48.6621,89.1964,31.9061,31.6228,38.2099,20.0,24.6982,31.9061,34.7851,18.1108,17.72,31.0483,26.8701,55.0818,11.0454,51.225,106.7052,87.4643,87.2009,22.8473,48.3322,82.3772,181.945,180.2276,156.1794,109.5901,123.4342,190.9398,241.5988,322.8002,211.0782,48.6004,196.1275,22.6716,215.0581,98.326,7.2111,82.3893,60.1332,23.1948,27.8927,14.2127,9.0554,8.6023,6.3246,12.1655,18.868,13.9284,12.0,25.4951,53.2541,39.6989,10.198,10.0,17.0294,25.4558,32.249,32.6497,34.0588,34.2053,33.0151,31.4006,26.0768,27.2029,30.2324,30.5287,33.2866,38.4187,39.6989,36.7151,38.6264,39.2173,38.9102,41.8808,37.9473,36.8782,36.0555,31.0483,26.5707,20.2485,17.088,14.1421,11.0454,10.7703,10.0,10.0
22.0,22.1359,22.3607,25.4951,34.7851,47.0744,59.6825,86.6833,124.0403,147.5127,152.3155,148.7616,138.2462,119.2393,90.1998,63.2456,38.9102,78.4092,130.1153,52.8015,32.6497,63.2456,62.6418,33.1059,14.1421,16.5529,21.587,2.8284,27.313,16.9706,21.9545,41.7852,56.921,26.4197,102.489,59.4811,24.2074,50.6952,32.9848,10.2956,6.3246,16.1245,31.4006,29.0172,3.1623,34.0588,55.0091,51.0882,13.3417,58.6686,124.0645,39.9249,185.2836,59.4138,25.02,24.3311,21.0238,53.2353,362.0083,545.9524,153.3232,89.822,13.0384,77.1622,178.0449,19.2354,112.4455,114.56,108.4528,74.2024,114.1403,112.0714,198.6555,129.244,199.985,63.1506,110.4627,17.2047,117.7115,157.5373,27.0185,41.5933,27.0185,53.2353,31.4006,23.7065,41.6173,37.0135,25.807,23.7065,51.8652,67.2012,42.45,49.1935,5.099,45.3431,68.2642,86.0233,93.6803,83.1865,104.9571,85.6154,53.2353,39.9249,26.0768,27.0185,22.6716,44.2041,27.8927,23.7065,7.2111,32.0624,27.7849,58.5491,75.2861,63.2456,34.0588,4.0,6.0,25.1794,34.4093,33.6155,59.0931,34.2053,13.3417,24.6982,62.2896,125.8968,78.8923,103.8171,38.1838,68.2642,85.9884,48.2701,97.9898,179.3878,139.9428,90.377,107.6476,94.8683,178.1965,199.2787,227.4379,239.1401,104.8618,53.8516,186.0376,54.4059,188.0106,114.4378,14.4222,81.2527,43.1045,19.6977,22.0907,8.6023,10.0,5.831,6.3246,11.4018,25.1794,22.0907,26.4197,31.9061,8.2462,64.8845,67.082,36.8782,22.8473,13.4164,4.4721,19.799,28.2843,29.7321,30.2324,34.4093,31.6228,27.2029,25.4558,23.3238,28.8444,34.0588,32.6497,27.0185,24.1661,28.6356,34.0,39.8246,39.8497,38.0789,37.5766,32.311,30.4631,28.6356,23.4094,19.6469,17.2627,16.4924,13.3417,10.0
52.0,61.6117,78.1025,94.5939,108.683,116.559,131.7953,160.0312,165.7227,142.0422,110.3177,79.1202,54.4243,41.2311,36.7696,71.5681,49.4975,91.0824,135.794,50.1597,31.4006,62.6259,67.72,37.9473,15.2315,17.2627,22.0907,9.0554,19.2354,14.7648,21.5407,43.9318,54.9181,29.7321,98.732,52.4976,21.6333,45.5412,28.4605,10.0,8.2462,17.4929,38.2099,29.0172,8.6023,33.7343,52.1536,58.3095,24.4131,50.9313,112.8716,47.7074,158.1518,126.7517,17.2627,20.2485,21.2603,36.7696,193.1269,541.6733,351.9233,65.5134,16.0,33.6155,150.2332,156.4864,105.2616,112.6055,133.154,107.5639,83.6301,70.7248,179.36,72.1803,74.4043,97.1288,49.6588,66.1211,223.0067,200.8382,89.8443,73.8783,52.3259,64.622,37.6563,27.7849,25.6125,11.6619,43.0116,48.6621,30.2655,55.3173,26.4197,20.2485,24.0416,28.0713,53.2353,81.4371,69.6419,50.2195,77.201,80.0999,72.6911,75.0067,82.4621,67.7791,63.0079,79.8499,74.027,68.1175,55.1543,53.7587,42.5206,31.6228,30.8869,35.4683,38.2099,18.4391,24.0,24.6982,23.4094,23.1948,64.4981,39.1152,20.8806,31.4006,32.249,75.0067,61.6604,138.9244,73.7835,187.7232,196.1479,180.1555,206.4655,192.7693,115.9741,80.2621,124.0645,189.4518,207.562,206.5962,257.6199,169.6231,47.0106,40.0,167.3559,85.8836,151.0828,124.7878,18.868,76.4199,25.1794,19.6469,14.5602,4.0,9.4868,14.2127,4.4721,23.0217,27.0185,21.2603,48.1041,27.4591,65.8027,34.2053,81.7068,87.3613,73.0068,61.2046,54.3323,40.05,13.3417,15.5563,25.4951,33.0151,34.9857,37.1214,38.6005,28.4605,30.5287,38.4187,32.8024,25.4558,21.587,25.4951,26.0768,27.7849,28.178,25.0599,27.2029,28.6356,32.28,38.6005,38.6264,30.3645,26.3059,25.4951,23.4094,20.0
116.0,123.9758,131.0267,134.618,130.6139,117.9576,111.3194,106.6771,67.2309,31.0161,23.1948,31.6228,36.6879,33.3766,33.9706,90.5539,47.0956,110.3177,132.1968,41.7852,26.5707,56.8859,66.7083,45.5412,21.0238,18.3848,23.4094,13.4164,11.0454,13.0384,17.72,43.0116,55.0091,22.8473,95.7079,52.5547,21.6333,39.9249,28.178,16.1245,13.3417,21.0238,47.0106,27.1662,14.1421,31.4006,46.0,62.1289,31.1448,27.2029,86.0233,115.1694,101.9804,181.604,24.0,19.2354,26.0768,29.8329,80.7217,431.3514,511.2358,100.6578,45.607,8.9443,51.8652,176.9181,239.1527,165.0757,43.6807,108.4159,101.2028,102.3132,191.1073,112.712,25.6125,63.561,72.8972,200.4445,150.0533,154.0195,200.5692,127.0039,46.0,76.4853,65.192,27.8568,7.6158,4.0,46.3897,54.1479,17.0294,42.5441,26.8328,8.4853,7.6158,32.8938,56.3205,76.6551,71.1758,50.1597,60.531,85.0059,84.0952,75.326,63.1981,48.6621,55.1543,71.4703,67.3647,56.1427,63.1348,34.176,12.8062,26.0,25.807,32.249,28.178,5.831,29.8329,25.807,24.0416,43.9318,58.1893,49.2544,61.7738,68.8767,79.8123,63.6553,38.2099,90.8735,97.6729,178.4881,135.8234,234.6444,185.4077,111.8302,157.7847,182.3623,186.0753,150.0533,108.9312,213.5275,200.9975,77.4209,18.4391,34.2053,151.3275,95.352,125.1958,116.2755,17.2047,65.0077,24.6982,19.2354,9.0554,5.831,7.0711,13.0384,20.0998,27.8568,14.4222,16.1245,54.9181,71.3863,55.2268,103.4698,25.4951,60.4152,52.6118,56.3205,61.4003,64.3273,60.7289,36.0555,9.8995,28.8444,30.5287,32.8938,45.6508,44.3847,44.3847,50.9902,45.2548,33.0151,25.1794,25.807,23.0217,23.3238,24.0416,20.0,24.1661,27.8568,27.4591,29.8329,34.9857,32.311,30.2655,29.8329,30.3645,30.0
94.0,93.0054,81.6088,70.9366,58.8218,49.2544,43.909,40.8167,10.7703,14.2127,14.4222,19.799,14.2127,5.099,29.0172,103.0437,40.05,128.39,122.8007,30.5941,25.1794,50.636,59.4811,52.0,29.1548,19.8494,26.4197,20.2485,3.1623,12.8062,15.6205,37.1214,56.0357,8.4853,90.6091,54.4243,18.868,36.7696,33.6155,20.2485,17.0294,29.1548,60.0333,29.1548,24.0416,31.0161,39.1152,58.8558,41.7612,10.7703,51.225,140.4564,19.2354,193.6801,83.4865,14.4222,27.7849,21.4009,23.0217,241.4788,542.977,322.1211,28.8444,6.3246,18.4391,56.5685,173.2166,267.3799,257.9457,93.723,12.7279,21.2603,92.0869,157.4929,35.4683,92.6499,103.3925,181.4663,207.2921,211.1492,112.1606,73.0068,112.8716,130.9198,24.0832,58.8558,64.4981,47.2017,48.7647,50.0,29.0172,43.2666,18.4391,19.6469,26.9072,33.9411,18.868,16.1245,26.0,33.1059,38.9102,51.2445,63.1981,69.1809,62.3699,44.4072,37.0135,27.8568,34.9285,33.7343,44.6542,44.3847,48.0416,51.788,45.607,23.3238,18.9737,17.4929,14.7648,27.313,27.8927,16.4924,41.1096,72.6223,125.6423,91.7606,115.6633,63.2456,43.9318,75.1665,26.0,186.043,142.6184,43.0116,29.7321,72.4707,54.2033,154.6932,160.125,111.7229,25.4558,255.3312,152.6106,45.4533,28.2843,37.7359,162.0494,99.4082,131.0038,103.3925,15.2971,44.0454,24.0832,13.9284,5.099,8.2462,2.0,18.868,21.0238,27.1662,15.2971,18.6011,40.8167,98.4886,16.1245,120.8139,79.1202,32.0,14.7648,15.8114,26.0768,34.9285,52.1728,77.1751,63.7809,10.7703,17.8885,26.3059,34.0,35.4401,40.2492,50.9117,50.9902,44.7214,35.4401,32.6497,24.6982,24.1661,31.241,25.4951,22.8035,23.3238,18.4391,17.8885,22.6716,21.5407,25.1794,27.2029,26.5707,24.0
28.0,32.8024,27.2029,25.4558,18.4391,10.0,16.1245,23.5372,1.4142,7.6158,11.6619,13.9284,4.4721,6.3246,31.4006,106.1697,33.1361,138.0145,118.0678,26.3059,22.1359,46.3249,54.1295,50.2195,30.4631,18.4391,26.8328,28.4605,10.0,11.0454,17.4929,28.4605,52.0,8.2462,81.2158,57.5674,16.1245,36.7696,36.2491,21.0238,21.0238,39.9249,76.0263,32.28,33.7343,34.0,34.0,49.4975,43.6807,34.0588,24.2074,122.9309,73.4983,156.2626,157.4929,6.3246,24.2074,26.9072,15.6205,80.6598,409.939,513.2563,149.0302,37.1214,9.0554,13.4164,25.1794,99.2975,226.3449,255.4408,128.4056,5.099,101.2423,181.2457,37.3363,113.0044,97.7446,160.0562,127.0984,171.8139,133.7012,40.2244,121.2023,117.0982,143.3876,70.0,62.3699,66.7083,55.4437,49.3964,23.1948,43.0116,16.1245,35.1283,24.6982,13.0384,12.1655,22.3607,25.1794,9.0554,21.587,27.8927,14.5602,20.2485,32.311,43.6807,33.3766,19.799,12.8062,12.8062,21.2603,32.0,49.8197,64.7611,57.4282,35.4683,11.4018,34.4384,34.5254,34.9285,14.7648,24.4131,44.4072,42.638,106.3015,24.6982,89.5545,111.8302,126.5069,75.1798,102.6255,195.4789,181.6645,22.8035,85.9069,96.3846,180.8867,106.4707,71.1758,200.898,120.7477,310.2322,149.6262,43.0116,37.1214,55.5698,191.0026,99.2975,155.0032,108.6738,38.6264,39.1152,4.4721,16.1245,14.5602,4.4721,7.0711,25.2982,8.6023,19.2354,35.1283,19.799,32.8024,105.1095,61.4654,83.678,118.9622,18.4391,42.45,48.0208,18.0,14.7648,10.198,34.4093,76.3806,57.9828,19.2354,15.2971,19.799,16.5529,24.0832,36.8782,46.0435,48.8467,46.5188,44.9444,39.9249,34.176,34.4093,30.4631,27.2029,27.2029,18.9737,18.868,22.6716,18.4391,19.0263,22.8035,25.4951,22.0
18.0,21.2132,14.2127,14.5602,10.198,3.1623,14.5602,18.1108,1.4142,3.1623,10.0,10.198,5.099,5.831,33.0151,110.1635,26.6833,142.0,117.0043,28.0713,18.4391,44.1814,52.345,47.0744,31.0161,18.3848,24.3311,30.2655,19.0263,7.2111,10.0,21.587,43.0116,20.0,67.4685,64.56,14.7648,33.5261,33.7343,21.6333,21.0238,50.6952,88.5664,38.0526,38.0526,39.0128,31.1448,40.05,40.7922,52.0384,19.6977,96.6644,133.6638,75.9605,200.6091,61.7738,15.2315,31.1127,25.4558,20.2485,197.2004,522.9455,391.829,34.7851,14.2127,17.0294,14.2127,47.0744,128.5146,261.8396,325.6133,72.4983,164.1097,119.2057,16.4924,136.6236,97.17,114.8564,192.9249,259.4224,25.2982,161.3196,149.9333,42.19,195.0282,106.1697,27.0185,71.3442,60.0833,23.5372,31.6228,32.8024,27.1662,45.8912,18.3848,2.0,5.099,12.0,4.4721,13.0384,19.2354,31.1448,15.8114,11.6619,7.6158,16.0,38.4708,57.5674,58.8558,48.8467,30.8869,23.7065,24.4131,24.2074,25.9615,41.9762,22.8035,61.4003,57.2713,62.1289,56.3028,62.1289,61.4003,46.8402,39.6232,127.3499,121.0372,33.5261,118.9033,4.2426,124.3382,217.4121,217.8302,87.9204,150.8642,32.6497,221.0973,58.0,212.4241,285.6711,250.0,401.101,129.8384,49.3356,29.5296,74.6324,221.0023,89.2749,174.1034,116.8418,50.5964,54.3323,13.0384,7.0711,21.0238,0.0,15.0333,23.0217,5.099,18.9737,41.3038,19.6469,19.0263,95.3415,94.921,27.8568,135.595,21.9545,72.0278,49.4975,45.0999,17.8885,9.8995,11.4018,32.311,63.8905,64.2028,17.72,29.0172,43.2897,44.9444,37.0135,32.6497,30.8869,40.2492,50.1597,52.4976,50.1597,46.0652,41.1096,36.2491,33.2866,29.1204,29.1548,28.8444,21.587,21.0238,21.587,23.7065,22.0
6.0,12.083,7.6158,9.0554,10.7703,2.8284,13.0384,15.2971,5.831,6.3246,12.083,8.6023,5.099,2.0,37.1214,117.3456,18.3848,149.0302,115.2128,30.5941,21.2132,45.0111,46.0435,42.7551,31.6228,24.0416,26.0768,30.0,23.0217,9.4868,7.6158,18.0,36.2215,35.1283,54.4243,74.0405,12.1655,27.4591,30.0,29.1548,18.6011,58.1893,97.6217,48.0,36.8782,48.1664,32.249,32.0624,32.28,64.3273,34.2345,74.0945,138.7155,30.5287,175.9148,139.7856,10.7703,24.0832,29.6985,20.3961,58.8218,354.2005,549.8454,236.9219,11.6619,7.0711,10.0,37.0135,26.0,103.3925,316.2183,192.3538,159.0283,188.0638,119.6411,135.9559,83.678,147.6482,254.7862,156.9522,173.954,205.2998,89.822,79.3095,155.2933,103.3538,83.5464,90.5539,36.1386,46.5188,47.5184,21.5407,43.0116,47.5184,9.4868,11.6619,18.4391,11.6619,10.7703,7.0711,14.7648,31.1448,39.6232,19.8494,12.8062,16.9706,36.8782,33.3766,42.45,52.4786,50.774,38.6005,26.0768,1.4142,25.2982,22.8035,26.0,46.0,40.4969,70.0,97.4166,47.7074,12.083,20.3961,40.7922,155.7241,164.7786,180.7097,115.6028,151.6443,236.5925,268.3766,187.3233,102.4207,152.8398,73.4302,155.0032,97.509,243.877,114.4028,350.5025,418.2439,103.1601,55.7853,22.8035,92.0,238.4114,62.0322,186.9599,114.9783,50.5371,74.2159,1.4142,11.4018,17.4929,2.0,19.6469,17.2627,11.4018,23.4094,34.5254,22.0907,14.5602,65.7875,114.56,28.0,124.6515,75.6439,64.0312,36.7151,59.2115,29.0172,26.4197,20.2485,5.831,29.8329,69.3542,75.1665,42.19,24.4131,53.1413,64.8845,52.8015,31.1448,16.5529,14.1421,24.6982,40.7185,49.6588,46.2385,44.2945,43.0813,41.9762,38.9102,34.2053,24.7386,24.0832,23.4094,21.9545,18.0
2.0,10.198,6.3246,7.0711,10.0,4.0,11.0454,13.3417,4.2426,1.4142,11.0454,6.3246,2.8284,5.099,44.3847,119.708,8.4853,159.0786,114.4378,30.3645,27.4591,49.0102,41.1096,36.0555,29.1204,29.1204,31.1448,32.0624,24.3311,12.083,8.4853,13.3417,33.0151,50.1597,40.7185,82.4621,12.8062,22.0907,27.0185,38.0526,25.4951,61.6117,107.2287,56.0,33.1361,56.0357,35.0143,27.0185,21.2132,64.4981,58.0,53.8516,111.4271,99.2975,100.6876,194.9205,48.0833,20.5913,29.7321,20.2485,13.3417,138.8524,478.9071,483.6466,111.8302,29.7321,9.0554,36.7967,57.3062,110.4627,211.1492,243.4173,70.342,82.0366,135.5655,123.7093,23.3238,187.4727,136.2351,147.5805,153.5252,131.8484,36.7967,139.4417,103.1601,78.7147,101.6366,61.0082,40.8167,46.0652,21.4009,29.1548,50.1597,34.9285,23.1948,31.9061,34.9285,39.6232,21.5407,23.4094,21.4009,11.4018,36.3593,47.0106,22.3607,20.2485,54.2033,38.0526,37.3363,19.2354,21.9545,38.0789,49.0102,60.8276,71.8471,70.7107,46.8402,16.9706,34.0,45.607,99.6895,62.0322,93.0376,143.0245,148.297,169.4993,120.4326,200.4794,199.4242,239.4702,212.5088,136.8941,79.1202,163.2176,130.7364,93.8616,35.3836,160.7047,262.4881,96.1665,466.3668,310.5415,84.3445,65.5134,17.4929,118.1524,246.2722,10.7703,207.6247,92.1954,44.9444,78.5875,26.0,10.0,3.1623,11.3137,21.0238,18.868,18.4391,22.8473,31.7805,19.6469,12.1655,29.5296,118.9033,78.1025,76.1577,130.0,11.4018,24.0832,57.0088,33.0151,31.0161,16.1245,10.0,13.3417,19.799,65.192,101.2423,88.5099,38.4187,31.4006,83.5225,102.528,81.9878,37.2022,10.0,3.1623,24.6982,34.9857,41.2311,47.5395,46.1736,45.2769,44.6542,33.5261,25.02,23.7065,23.0217,18.0
2.0,9.4868,7.6158,9.0554,11.0454,5.831,8.2462,9.4868,5.099,3.1623,10.198,7.0711,3.1623,14.2127,48.7032,115.7325,8.2462,168.2974,110.4536,27.4591,31.1448,54.0,39.0128,30.0666,26.3059,31.1448,36.0,34.0588,24.0832,13.3417,10.0,14.2127,31.0483,53.0848,23.4094,82.4621,27.0185,18.3848,24.0832,41.0122,30.0,58.3095,112.4455,61.4003,28.0,58.1378,38.0526,28.0713,19.6469,57.0088,69.0652,32.5576,95.0368,107.8703,21.6333,198.8064,130.269,8.6023,26.9072,27.4591,9.0554,14.4222,252.0317,558.8721,391.8086,52.4023,19.8494,7.6158,12.6491,88.1022,140.3567,228.5607,253.4758,125.3635,11.6619,36.3593,116.0172,187.1096,56.6039,16.9706,56.7274,77.3175,38.833,131.856,67.9117,33.6155,65.0692,76.8505,96.0833,19.6469,27.1662,23.3238,55.1543,54.1295,36.2491,16.9706,21.5407,34.9857,34.0588,42.7551,48.1664,19.6977,13.9284,20.3961,39.2173,62.0,83.7735,75.06,70.1142,78.0256,57.7754,43.1741,22.6716,29.1548,31.4006,34.0588,53.7587,43.0116,48.8262,10.0,65.437,56.4624,81.2158,163.6704,117.3882,100.2098,147.5263,94.6678,131.6738,142.8426,84.9706,13.0384,10.0,133.544,165.3663,81.939,100.6578,189.4888,161.059,305.3948,497.8213,178.4657,84.119,73.5391,15.6205,164.7544,231.145,74.8465,230.9329,54.2033,45.1221,61.4654,60.7289,13.9284,9.4868,12.6491,22.8473,24.4131,19.8494,21.4009,30.3645,13.3417,8.0,10.7703,102.4597,115.1347,11.0454,141.5486,68.9638,14.2127,40.025,22.3607,33.1059,15.6205,7.0711,26.5707,23.5372,15.2315,36.7696,79.3977,87.6812,57.9828,36.7967,87.4643,136.565,139.671,89.0056,25.9615,6.3246,19.2354,26.5707,29.1204,37.3363,48.8467,55.2268,44.3847,37.3363,37.3363,36.2491,32.0
8.0,11.4018,12.8062,12.083,12.083,8.4853,8.6023,7.2111,4.0,5.099,11.4018,11.3137,8.9443,20.2485,53.1413,108.3421,26.0768,174.2871,103.3925,23.1948,34.0588,56.1427,37.1214,28.0713,26.0768,31.0161,38.0,33.0151,25.02,16.1245,12.083,16.1245,27.2029,47.0956,11.4018,74.8465,46.3249,9.8995,21.0238,40.05,35.0143,49.8197,112.0089,72.4431,17.4929,62.0967,47.5184,35.3553,22.3607,42.0,68.2495,15.2315,89.4539,99.2975,50.0,134.6477,200.8831,73.4983,11.3137,32.8024,28.2843,12.083,65.6049,366.4369,566.2102,302.83,22.6716,32.9848,19.8494,69.4262,44.4072,67.6018,181.3725,233.7734,115.2476,25.807,119.5408,220.9072,117.047,103.7304,55.7315,32.0,89.8109,105.3945,20.0,67.72,43.8634,108.6738,105.5367,24.3311,38.0789,12.0,34.7851,52.4023,42.9418,5.099,17.8885,8.0,35.4683,27.0185,39.8246,61.4003,19.2354,7.0711,39.3954,42.19,65.9242,76.9025,82.0,99.6092,115.3776,99.0353,64.4981,61.6604,68.1175,64.8845,106.0189,70.342,73.7835,28.2843,27.4591,64.622,54.037,200.04,35.4401,25.1794,154.7191,5.099,60.4152,151.0033,137.4118,11.0454,46.8615,147.5737,294.5166,156.205,136.3672,181.7966,19.6977,457.5172,408.5976,97.0464,101.2423,67.9559,57.2189,234.0299,165.7046,176.5276,223.486,58.4123,61.0737,27.1662,80.8084,27.4591,14.7648,21.0238,31.0161,21.6333,11.6619,17.72,24.3311,9.0554,9.0554,17.72,69.857,131.6738,63.2456,92.1303,126.657,35.4683,17.8885,15.2971,28.2843,7.2111,9.4868,41.2311,34.6699,41.2311,9.8995,38.4708,64.56,74.3236,70.214,37.3363,36.7696,107.4244,140.6627,106.0,47.0106,17.0294,8.9443,9.0554,20.0998,32.28,48.8262,48.3322,43.566,45.607,47.5395,42.0
12.0,13.4164,17.0294,16.1245,12.083,7.2111,8.6023,8.6023,8.0,7.0711,10.0,13.4164,12.1655,23.7065,68.9493,97.5295,52.0384,174.4133,98.326,15.0333,39.6232,54.5894,36.4966,29.8329,27.2029,29.8329,34.0588,30.2655,27.4591,21.0238,14.5602,15.8114,23.1948,44.0454,24.4131,63.5138,69.3542,15.6205,18.0,41.0122,40.05,41.5933,111.3643,86.0233,11.0454,63.8905,63.1506,46.0435,21.5407,23.0217,62.3699,11.0454,79.8123,104.3456,65.192,34.7851,180.2276,156.5886,26.9072,17.2047,36.0555,25.4951,8.2462,119.4738,438.8029,531.6728,237.5416,21.0238,46.0435,70.7248,53.6656,34.4093,48.8262,208.0192,219.9727,135.44,62.514,118.8024,190.8769,131.6435,79.6994,14.7648,69.5701,83.7377,69.2965,52.4786,39.6989,112.6055,50.774,59.4643,18.868,12.7279,28.6356,34.9285,32.8024,49.4773,27.8927,13.0384,17.8885,21.2603,30.2324,65.9242,34.0,36.4966,44.2945,23.5372,21.5407,53.4603,70.6116,49.4773,83.006,124.0161,103.7882,96.3016,103.1213,100.9752,111.7318,41.5933,99.2472,39.3192,47.2017,95.4254,43.566,216.3793,35.3553,42.5441,128.0156,86.267,101.5185,73.7835,204.0098,46.6905,11.0454,222.2521,288.2256,26.0,72.2772,122.8739,227.7718,515.1194,264.3066,83.006,107.7033,38.0789,127.5774,273.6421,66.242,255.002,180.8867,89.9444,98.6712,30.5941,59.6825,53.1413,8.2462,31.0161,37.6563,15.8114,9.8995,16.4924,21.0238,10.198,10.7703,20.3961,34.6699,124.5953,107.0047,24.4131,138.7155,93.8616,5.831,22.3607,29.7321,8.4853,4.0,52.345,48.8262,59.6657,35.3836,40.7185,55.0273,60.0167,53.4603,49.5782,45.4533,2.8284,69.814,104.6518,87.0057,54.6443,30.5287,15.0333,20.5913,33.3766,53.8516,69.4262,74.4312,72.1803,69.5701,64.0
12.0,13.9284,19.8494,21.0238,15.2971,6.0,5.099,12.1655,12.1655,8.9443,7.2111,7.6158,9.0554,25.4951,89.9889,77.201,88.5664,166.5953,91.6624,5.099,44.4072,51.4782,38.833,31.6228,27.8568,29.7321,27.8927,25.02,27.1662,24.3311,18.1108,14.0,19.2354,44.4072,41.1096,39.598,83.4865,49.679,18.3848,40.4475,41.1096,38.0526,113.0044,95.0474,15.6205,60.8769,74.9667,54.3323,23.0217,13.0384,53.2353,36.0,64.56,114.1403,55.7136,21.4009,91.9239,191.4158,93.0591,13.0384,23.3238,32.6497,14.2127,18.6011,180.5436,483.9876,513.1647,216.3932,4.0,63.2456,90.4434,99.0454,52.6118,121.6306,233.4609,268.2462,224.8777,134.2386,49.4773,91.7606,98.8433,29.1548,84.2021,121.0372,106.1508,41.8808,67.0671,60.0,55.1543,19.6469,29.8329,26.0768,8.9443,11.4018,67.6018,97.1288,96.7471,44.2719,36.7696,29.9666,55.2268,43.8406,26.6833,65.1153,32.5576,4.2426,44.1814,45.6946,15.6205,11.6619,45.1221,105.423,100.449,60.4152,84.5813,114.2716,100.6578,66.6033,110.5712,74.0,70.6116,74.2159,66.8431,176.5899,94.921,80.4114,45.2769,88.2836,63.0079,135.9485,177.0875,52.1536,175.5733,268.7787,199.3239,43.566,91.0494,17.088,430.4649,452.7693,142.6885,87.6584,86.7295,9.8995,205.5724,246.84,39.2173,282.8038,138.2462,138.3618,120.8056,45.3431,23.5372,63.6396,6.3246,31.0161,39.1152,17.0294,9.8995,13.4164,19.2354,14.5602,11.6619,19.6469,13.9284,111.0856,133.2216,37.9473,125.2517,140.684,16.5529,33.0151,29.8329,12.7279,12.083,64.7611,65.9242,58.0517,58.258,43.2666,59.0931,58.1378,43.909,17.2047,31.0161,29.8329,22.8035,57.7235,64.6375,68.8767,75.3923,53.1413,20.0998,20.5913,41.5933,85.5102,117.0043,127.0118,132.3707,136.0
6.0,8.2462,18.4391,27.313,21.587,5.6569,14.2127,17.0294,15.8114,10.7703,3.1623,4.0,10.2956,30.8869,106.7333,51.8652,126.7754,151.9079,78.4092,2.8284,47.2652,51.4782,43.1741,29.7321,24.7386,30.5941,24.0416,19.2354,25.02,23.1948,21.2132,15.0333,14.1421,41.5933,51.788,8.9443,64.6375,66.8431,27.8568,39.3954,39.8497,40.7922,115.1086,101.005,22.1359,58.4637,80.895,60.2993,31.1448,21.4009,46.1736,42.4264,48.6621,115.1173,53.7587,26.0,16.1245,140.5276,164.3472,59.3633,4.2426,26.4197,24.0416,16.9706,36.7967,219.2442,513.5952,499.2174,214.014,45.3431,13.4164,69.0652,86.1626,99.6092,115.5509,128.4134,172.5399,208.6145,177.0706,114.1403,45.8912,59.2115,108.7474,114.7693,157.2768,33.1059,106.9205,29.1548,53.3104,51.4782,15.8114,8.4853,37.2022,33.2866,83.6301,48.0416,99.6393,101.9804,35.4401,25.9615,54.5894,31.241,93.723,66.2722,30.0,31.4006,48.8262,28.2843,21.2603,28.2843,54.1295,62.3699,98.6002,46.3897,60.7454,41.6173,18.3848,88.0568,56.5155,93.5201,94.4034,58.3095,31.6228,118.2962,90.1998,52.1536,49.679,89.8999,30.0666,101.6366,68.8767,139.6281,229.1026,233.4138,128.8099,92.6175,86.6833,248.1693,528.6549,298.0067,80.4984,82.9699,61.1882,76.4853,269.5515,160.4618,131.7346,267.7611,85.1469,168.9615,107.7868,36.6879,18.9737,52.1536,11.4018,28.6356,34.5254,23.1948,5.099,10.198,21.0238,15.2971,11.4018,19.6469,8.6023,101.5972,147.411,63.0079,90.4765,169.2926,47.5395,44.0454,34.9285,20.0,32.0,63.0714,59.6825,29.1204,54.4243,29.1548,63.1506,56.3028,42.19,28.4605,24.6982,14.1421,14.2127,40.05,33.6155,33.7343,60.0833,77.8203,58.1378,3.1623,48.0208,51.8652,34.9285,60.531,99.0051,114.0
8.0,9.0554,15.6205,30.3645,25.9615,6.3246,21.9545,19.6469,25.6125,18.9737,4.0,8.9443,17.0294,46.3249,117.6435,26.9072,156.3202,136.9379,63.0714,7.0711,49.4975,52.6118,42.4264,25.1794,22.0907,34.2345,21.587,15.2971,21.0238,21.587,25.1794,17.0294,12.1655,34.0588,49.8197,27.4591,30.5287,65.5134,40.2244,32.8024,31.7805,37.6563,113.1371,109.1788,34.2345,52.6118,86.3713,68.0,37.3363,29.1548,43.0813,33.5261,42.19,108.2959,54.9181,7.6158,16.0,48.0833,157.7847,134.8332,28.3196,12.8062,27.0185,26.9072,20.2485,45.3431,237.6258,509.1247,487.9365,216.4163,45.8039,15.8114,52.0,37.4433,85.4283,18.4391,120.4159,188.9868,137.0912,130.384,24.2074,95.6347,120.8139,100.5684,218.2201,67.6757,158.3982,61.4003,53.9073,78.2304,79.3095,75.4321,46.7547,44.7214,79.1202,60.1664,118.9622,80.0999,30.3645,18.9737,38.2884,58.0,72.7324,26.6833,55.2268,63.6396,33.1361,39.598,51.4782,64.0312,39.8497,55.3173,33.1361,56.3205,30.5941,42.19,50.0,133.9328,70.214,12.7279,89.0955,38.9102,45.5412,54.2033,109.0413,67.3647,55.4617,91.0494,40.4969,94.414,20.0,186.4886,198.3381,142.3938,70.8378,103.2473,89.4427,489.1482,459.0534,142.436,65.2993,79.0569,33.1361,161.5549,278.2984,63.2456,188.4091,246.9413,24.0416,169.8529,85.0059,11.6619,21.2132,20.0,31.305,32.249,21.0238,22.3607,5.831,13.0384,26.3059,12.6491,12.1655,19.0263,7.0711,90.5539,150.2065,80.0625,43.8634,177.5387,91.9239,45.2769,44.1814,25.807,29.4279,38.9102,41.3038,12.083,39.3954,26.4197,64.7611,58.4637,28.6356,15.0333,9.8995,14.1421,17.8885,38.0789,30.5287,10.198,14.0,39.8246,80.6226,61.8547,15.8114,53.8145,82.3286,68.1175,39.6232,18.0
10.0,11.4018,17.2047,33.3766,26.0768,2.8284,25.1794,10.2956,26.6833,22.8035,5.099,11.4018,21.4009,62.2415,116.4818,21.9545,173.4878,125.6742,51.0882,8.9443,51.4782,53.7587,37.6563,23.1948,24.3311,34.2345,22.3607,16.5529,14.5602,20.0,30.0666,18.4391,11.4018,29.0172,44.0454,35.1283,9.0554,51.614,48.1664,23.4094,19.6469,29.0172,100.7174,112.969,52.6308,40.1995,90.7965,73.8241,40.7922,36.0555,41.1096,26.3059,42.19,101.2423,60.2993,9.4868,18.0,12.8062,74.3236,160.5241,94.4034,16.5529,15.5563,25.4558,22.6716,18.6011,46.7547,237.6552,509.1483,486.5635,214.9791,56.5685,22.3607,77.201,55.0273,115.421,50.2195,129.0039,17.2047,157.0032,62.1289,96.7988,103.3538,89.4427,168.434,52.9528,170.8801,71.0634,71.0634,95.8541,62.1289,75.4321,24.6982,58.258,29.4279,91.7606,59.4643,39.3954,23.5372,18.3848,37.3631,38.9102,30.8869,39.8246,25.4951,9.4868,18.9737,116.2497,88.0,140.2926,70.6116,136.0,101.0445,47.0106,80.05,92.9731,100.9752,114.5426,45.4533,65.437,76.6942,33.9411,42.5441,57.0088,34.6699,42.0476,102.5768,158.1518,78.0,52.345,113.2166,258.9556,154.4668,106.2544,106.1508,11.0454,377.64,547.7682,268.7936,63.6553,69.6419,68.8767,30.0,239.9417,219.4949,25.4951,199.7448,236.8459,18.1108,161.1521,66.1211,16.1245,13.4164,14.1421,33.2866,13.3417,7.0711,25.807,12.7279,19.0263,29.1548,13.4164,14.4222,17.088,5.099,76.1052,145.5816,90.7965,10.198,160.854,138.7516,22.3607,58.2409,45.0111,13.4164,13.3417,31.0483,7.0711,22.6716,24.7386,52.6308,54.0,20.3961,15.8114,17.2627,4.4721,7.6158,30.8869,36.3593,13.9284,10.0,14.1421,48.1041,68.0147,54.4243,32.0,30.2655,58.0517,65.5134,60.0
6.0,4.4721,16.1245,37.0135,27.0185,1.4142,24.0832,10.2956,20.0,20.5913,13.0384,15.5563,27.7849,75.8947,100.8067,53.4603,179.3544,115.1173,42.4264,11.0454,54.037,57.4282,34.2053,20.8806,27.4591,31.4006,25.4951,17.088,10.2956,21.587,32.5576,18.9737,11.6619,25.1794,36.4966,37.3363,18.3848,24.1661,40.2244,22.8035,13.4164,26.6833,87.6926,109.4897,66.7083,21.0238,87.4757,78.8543,46.3249,43.2897,45.0111,27.4591,40.7922,97.6217,70.2567,14.0,26.0,21.0238,12.6491,99.8599,151.1622,72.111,1.4142,15.6205,25.6125,28.4253,21.587,52.8015,250.4157,510.5389,492.8042,241.1182,59.0593,79.1202,13.0384,82.8734,94.2019,132.0984,75.1665,100.09,68.2642,50.5371,84.3445,173.0722,112.7918,21.0238,106.3203,28.0713,42.0476,70.1142,45.0999,84.3801,74.6324,44.9444,101.005,25.4951,9.4868,34.2345,17.2627,46.8188,47.8539,35.3553,32.0624,62.2254,67.7791,44.9222,40.025,191.4419,54.037,183.9837,80.1124,108.8118,143.1084,91.3017,134.618,78.2432,58.4123,30.0666,64.4981,43.0116,105.3091,63.9531,37.0135,128.7245,50.2195,72.7186,132.1968,210.6419,34.0,89.6437,259.2682,262.865,119.5408,130.1384,65.2993,282.0815,559.8643,380.2552,105.6882,50.2195,69.9714,31.0161,125.2996,265.5485,117.652,83.006,186.3438,213.5275,32.249,152.0,56.5685,33.1361,14.7648,31.7805,34.2345,15.8114,14.4222,23.7065,18.868,24.7386,35.0143,23.3238,21.6333,17.2047,5.831,70.0,136.1323,93.0591,31.4006,116.3873,173.9253,29.7321,64.1249,58.0,6.3246,2.0,28.0713,20.0998,11.0454,18.9737,36.0555,42.19,25.2982,18.0,20.3961,3.1623,4.4721,17.0294,27.8568,19.2354,18.9737,17.088,25.4951,42.8019,40.2244,35.7771,22.0,22.8035,25.2982,14.0
4.0,3.1623,16.1245,39.0128,29.0172,1.4142,21.0238,10.0,11.3137,20.5913,22.0907,18.9737,34.0,91.0934,78.4474,87.4643,177.9101,102.4207,34.5254,12.1655,58.0,64.2806,33.5261,17.8885,27.4591,31.4006,24.3311,14.0,8.2462,20.3961,32.5576,21.2132,11.0454,18.1108,26.8328,38.0789,33.6155,6.0,33.9706,32.311,22.8035,32.8938,81.3019,104.4797,71.8471,2.8284,78.6384,83.7257,49.4975,51.0098,51.4782,23.5372,37.0135,91.2688,80.399,17.0294,24.3311,28.6356,17.2047,12.1655,122.45,137.2006,37.2022,7.6158,21.5407,31.9061,27.2029,26.5707,70.7248,246.0772,487.5756,508.7023,273.8795,28.6356,21.9545,43.6807,46.3249,115.6028,96.1769,48.2701,91.7824,126.2537,117.6435,43.9318,73.5527,55.5698,26.0768,55.0091,27.1662,63.0079,58.0,124.6515,127.9453,66.0303,103.8171,42.4264,45.0999,63.9531,78.0,80.2621,67.9117,87.1321,48.0833,29.7321,6.3246,62.514,53.7587,204.3526,62.482,194.5867,95.0789,102.2155,96.8814,50.636,75.1665,16.0,18.0,22.8035,55.0091,130.361,61.6117,106.1037,70.6116,98.0816,81.7435,57.9828,157.4357,157.2768,62.6259,183.1721,266.1766,152.2958,102.0686,82.2192,206.0146,550.0,456.4296,164.9242,66.0303,66.8431,51.8652,40.0,218.6916,210.7178,15.0333,90.6201,175.6474,184.3909,35.0143,138.1304,60.531,47.2652,20.0,38.833,35.1283,11.4018,17.088,11.6619,24.4131,31.7805,45.0999,32.311,17.2047,10.7703,11.4018,72.4431,127.3185,90.7965,47.5184,59.0593,180.3607,88.2383,61.0737,61.4003,9.4868,5.6569,26.6833,24.3311,14.1421,21.9545,25.6125,26.0768,27.8927,24.7386,22.0907,1.4142,7.2111,8.2462,20.0998,7.6158,10.0,7.6158,15.5563,31.241,39.1152,37.4433,27.313,15.2315,16.4924,2.0
4.0,4.4721,16.4924,41.1096,30.0666,2.8284,19.0263,14.1421,8.2462,15.2971,18.1108,21.587,45.607,103.7304,50.1597,121.499,168.0774,90.3549,28.0713,15.2971,59.2115,69.1809,34.9285,17.2047,26.5707,29.4279,19.0263,12.083,10.7703,17.2627,29.8329,26.5707,14.7648,14.7648,19.6977,32.28,40.7922,20.0998,19.6977,29.9666,28.8444,44.2719,82.2192,100.1798,71.5681,11.6619,68.1175,86.5794,55.2268,59.0762,56.5685,16.5529,38.0526,78.4092,85.5102,31.4006,20.5913,32.311,37.1214,17.2627,35.6931,136.8576,106.4049,35.609,7.2111,20.2485,24.6982,25.9615,38.2099,67.9412,211.9292,462.5884,540.2685,316.4427,59.6154,48.0833,35.3553,90.5207,139.1761,85.1469,37.1214,39.6989,100.1798,76.1577,49.8197,84.7231,101.2028,70.7672,63.3246,120.4159,119.105,138.398,127.6636,126.0635,84.8999,86.3481,11.3137,87.2812,133.0038,17.0294,175.3283,78.2304,127.8828,57.0088,49.3964,97.17,21.6333,156.9522,85.44,125.9603,67.3647,62.1289,70.9366,58.0,53.8516,39.4462,48.6621,45.6508,11.6619,154.6932,57.7062,95.6347,113.3225,41.3038,113.5077,92.1954,88.0909,75.2861,130.269,205.8009,223.58,143.0315,85.4283,168.5823,517.1247,514.1984,218.5635,77.9872,79.3095,55.1725,4.0,142.5623,246.0081,94.3716,43.0116,68.9493,176.7258,167.5052,44.0,129.1898,66.2722,56.5685,23.0217,46.1736,42.4264,7.0711,23.3238,12.1655,27.313,39.3192,50.04,39.1152,12.7279,9.0554,10.7703,76.0263,119.0042,88.3629,54.5894,12.6491,157.6959,139.714,43.1045,66.2873,17.72,10.198,24.3311,26.6833,21.9545,21.2132,18.4391,16.1245,22.0,25.4951,24.0416,5.099,4.2426,9.4868,24.7386,9.0554,11.4018,4.0,5.831,14.7648,27.7849,39.1152,36.7151,21.9545,11.6619,2.0
8.0,7.2111,15.8114,41.5933,31.7805,4.0,16.0,16.1245,9.0554,6.3246,8.2462,19.799,56.9386,100.5684,12.8062,144.2567,154.1752,82.3893,22.0,20.8806,56.3205,70.1142,39.6232,20.0,25.0599,21.587,14.1421,11.4018,13.0384,14.1421,24.0416,27.8568,17.4929,14.4222,19.6977,30.3645,43.1741,33.3766,8.4853,17.4929,27.0185,52.6308,86.3713,98.1835,69.3542,16.5529,56.0,82.6075,64.7765,61.4003,62.1289,20.2485,43.0116,71.8471,85.4751,52.0384,19.6977,42.0476,47.0744,25.9615,23.0217,48.3735,128.6934,110.3449,45.2769,4.4721,14.1421,20.2485,33.0151,35.3836,47.0106,177.0028,420.8373,570.1035,443.4975,184.1738,32.6497,33.0151,108.8944,123.7093,80.3617,134.7145,136.6821,80.4984,34.7851,77.0065,91.0494,119.4738,55.7315,84.534,98.9545,161.4187,94.921,36.4966,39.1152,79.511,31.7805,80.3617,141.4214,69.814,186.8154,47.4131,136.565,17.0294,42.5206,88.2383,70.1142,88.0227,29.1548,30.8869,42.45,18.6011,12.1655,63.8905,113.719,99.8499,77.9872,21.9545,27.0185,74.6726,159.0283,48.3322,92.9624,15.6205,124.4588,83.1986,89.0505,167.1466,208.0865,235.0532,202.2375,139.5206,156.4864,516.6837,541.7343,271.5327,90.6863,82.2192,67.9412,13.0384,94.4034,231.8707,175.8408,10.2956,34.9857,56.3205,182.2745,158.3161,55.0818,128.0,69.0652,59.4138,27.313,49.4773,52.345,13.3417,21.9545,30.3645,22.0907,42.7551,54.1479,46.0435,13.4164,5.831,18.1108,78.2304,110.0182,82.2192,58.5491,20.0,125.1319,166.7153,15.5563,65.1153,28.178,18.4391,27.4591,31.6228,26.4197,22.6716,18.868,17.4929,20.0,20.8806,18.1108,7.6158,7.2111,7.6158,27.8927,15.8114,7.6158,9.8995,4.4721,0.0,8.2462,23.3238,33.9706,31.4006,7.0711,0.0
8.0,10.2956,14.1421,40.05,35.0143,5.831,16.4924,17.0294,13.0384,5.831,6.0,28.178,69.6419,89.1852,27.4591,154.8289,142.8986,73.3348,13.3417,24.6982,57.2713,71.3863,44.2719,21.4009,17.8885,14.1421,11.0454,12.1655,14.1421,10.2956,21.0238,27.8568,18.868,15.6205,20.0,31.7805,45.8912,43.0116,17.8885,14.5602,28.178,58.3095,87.0517,98.0816,68.1175,17.2627,43.2897,76.4853,69.6419,63.8905,73.8241,36.4966,43.382,80.4114,87.2812,66.0303,13.0384,48.8467,56.0892,41.1096,18.4391,23.7065,39.8246,130.1768,115.9655,47.0106,10.0,12.1655,31.241,31.241,16.5529,25.6125,114.0175,336.2142,550.0709,534.0599,316.4712,104.2017,20.2485,77.8332,158.6001,186.9866,163.6154,86.3481,70.342,117.652,94.921,169.9176,94.3716,95.4254,23.1948,121.3425,93.0054,102.8008,54.6443,56.3205,32.28,75.9605,119.708,79.0569,86.0233,127.4755,50.9902,20.8806,85.6037,130.2459,135.9779,39.0128,29.0172,76.4199,69.0072,33.6155,87.6584,103.3538,111.9464,9.0554,87.2353,1.4142,19.6469,93.723,232.125,110.6345,171.8139,186.2686,60.1332,122.4827,244.8836,223.7722,210.7748,210.5089,136.8576,118.9285,524.7952,562.921,285.6746,92.0217,60.8112,73.7835,32.5576,61.2699,197.2663,219.2077,49.5782,47.5395,21.2132,57.2713,185.3267,150.12,53.4603,128.5613,82.0244,60.531,29.1204,53.2353,58.0,21.587,17.4929,38.4708,10.2956,45.8912,64.0,47.2652,14.5602,7.6158,25.02,80.2247,104.1729,79.1581,59.2115,24.0832,93.0591,171.1432,27.2029,62.514,33.0151,24.3311,31.4006,34.9285,28.6356,24.2074,20.2485,19.6977,17.2047,9.4868,13.4164,14.5602,9.0554,7.2111,22.0907,18.1108,2.8284,10.0,7.0711,4.4721,6.3246,7.2111,21.5407,31.305,17.4929,2.0
6.0,15.2971,17.2627,40.4475,38.4708,7.2111,22.0907,19.2354,12.1655,9.4868,10.2956,34.9285,78.5875,76.1577,56.0,158.455,132.1363,66.0303,8.9443,27.8927,62.3699,69.4262,41.2311,17.8885,14.4222,14.4222,11.4018,10.7703,12.0,5.831,17.088,26.5707,19.6977,13.4164,14.2127,31.7805,50.0,52.1728,27.0185,9.0554,29.9666,65.1153,88.3629,98.1835,68.2642,20.3961,29.4279,71.3863,70.214,61.9839,80.0625,54.3323,29.1548,87.5557,92.9624,74.1485,24.0832,39.9249,68.9638,46.1736,29.9666,10.0,38.0789,26.8328,121.7539,116.2755,45.4533,12.1655,19.8494,32.5576,25.0599,20.2485,16.5529,59.8164,224.6597,465.8691,575.2113,448.0179,216.4532,40.0,72.1803,161.1521,241.0519,183.2157,82.9699,159.8061,198.6404,81.7435,221.7747,65.0692,78.6003,91.9239,34.9285,130.384,167.4097,131.7346,49.679,107.8703,59.4643,59.6825,25.2982,77.7817,25.6125,57.0088,145.1206,26.8328,100.7174,46.0652,5.099,115.447,78.9177,106.1037,25.02,102.4597,135.595,165.8493,105.0048,48.2701,14.4222,173.3494,220.9253,104.0,102.9563,104.0,207.4223,216.947,218.1559,164.7544,140.5205,98.4886,178.2134,533.8352,575.7586,287.0888,86.5563,50.0,66.8431,54.037,33.0151,167.2005,232.422,114.2366,31.7805,46.6476,30.2324,59.4811,180.0056,145.5816,54.3323,132.0606,94.5304,56.5685,26.0768,52.1536,63.1981,24.0832,22.8473,41.1096,9.4868,49.2544,65.0077,46.1736,17.0294,7.2111,33.0151,88.5664,102.1078,77.7817,55.2268,22.0907,63.2456,170.511,72.7324,64.0312,45.2769,18.9737,34.0588,39.6232,24.7386,19.0263,17.72,10.0,2.8284,4.0,11.4018,21.587,10.0,10.0,18.1108,16.0,6.3246,7.0711,7.0711,6.3246,5.099,4.4721,12.6491,25.0599,27.4591,14.0
8.0,19.6977,24.3311,41.0122,37.0135,5.099,28.0,22.3607,7.6158,13.0384,9.4868,35.3553,85.7088,61.6604,77.3175,156.6269,122.262,61.0082,7.6158,30.2655,67.3647,66.7533,35.6931,17.72,14.7648,14.4222,11.3137,8.4853,7.0711,4.4721,14.1421,23.1948,20.3961,13.3417,7.6158,25.9615,46.8402,57.7235,43.1045,14.2127,30.2324,70.6116,95.2575,97.0464,66.2722,24.0416,17.0294,63.6396,75.8024,59.6825,75.3127,66.7083,7.0711,74.6324,101.2423,87.2812,42.45,18.868,71.5122,55.9464,31.9061,34.7851,18.3848,47.8539,16.1245,125.873,121.6306,51.8652,3.1623,24.0832,25.4951,30.4631,27.8568,21.0238,25.0599,123.3288,332.5688,530.3735,543.3415,353.7937,149.3051,58.1893,73.8241,189.6154,79.6994,140.89,293.2098,120.8139,152.0855,109.5628,38.0789,98.2344,57.4282,54.9181,145.3616,202.2325,67.6018,76.1052,102.4597,106.9205,41.8808,63.5295,109.078,34.4384,172.1918,126.2537,147.6347,52.1536,23.0217,113.5341,110.8603,64.2028,124.0161,109.7725,145.9932,73.3348,49.4975,40.2244,98.1529,244.2335,145.7738,56.8859,198.6454,307.8246,285.5241,174.1838,132.8232,118.4061,28.3196,269.9037,591.7449,582.1838,290.1724,97.4166,59.0762,70.7248,69.3542,12.0,138.4052,226.0088,155.3319,20.2485,41.7612,48.1041,43.9318,59.8164,169.1686,140.9113,65.3758,140.0143,96.1873,48.0416,21.587,38.0526,67.082,26.8328,34.4384,29.7321,22.3607,48.6621,51.0882,47.5395,25.9615,2.0,42.0476,97.4166,97.4166,71.0634,50.04,22.3607,29.1548,151.3803,120.3329,49.2544,61.1882,16.0,38.4708,41.5933,18.4391,16.0,22.0907,4.4721,2.8284,0.0,7.0711,21.2132,14.5602,9.0554,17.72,14.4222,11.6619,8.9443,8.6023,3.1623,5.099,6.0,4.0,16.1245,25.6125,20.0
8.0,19.6977,31.4006,42.0476,36.0555,7.0711,31.0161,25.1794,2.8284,14.0,13.3417,43.6807,97.7446,44.9444,97.2522,153.9415,115.7325,53.2353,4.4721,32.5576,73.8241,68.6586,33.1059,20.2485,15.8114,7.6158,7.6158,7.0711,5.831,5.6569,14.5602,20.0998,18.1108,14.5602,7.6158,20.3961,42.4264,60.1332,56.0357,24.6982,31.241,77.666,103.3925,95.2575,63.6396,26.5707,7.6158,52.6118,79.2465,64.4981,75.06,66.2722,11.3137,51.4782,99.7296,104.3168,72.7186,16.1245,60.8769,62.8172,29.7321,37.3363,36.6879,16.4924,55.4437,10.198,121.6963,127.2871,55.1725,4.4721,12.083,18.9737,25.807,24.1661,22.3607,23.3238,48.1041,192.5097,420.0595,555.0009,510.7034,326.5854,121.0785,110.354,104.9952,90.6201,219.545,167.72,84.2021,47.4342,55.4437,100.1798,95.1315,114.8651,127.2871,223.9866,199.3239,63.8905,99.93,83.006,134.618,50.9902,114.6298,76.6551,95.6033,56.4624,44.9444,38.6005,48.0833,111.1575,146.0137,31.1448,182.9153,135.44,183.5211,217.6097,157.0032,84.0952,155.029,180.3607,173.1185,226.1062,229.0196,241.814,166.8173,94.8472,72.7324,99.4887,424.3489,651.5597,559.8018,261.6028,86.4523,64.8845,65.2993,65.1153,10.2956,111.4002,209.4803,173.3494,41.7852,26.0,44.6542,59.9333,40.2244,50.9902,158.3982,129.4681,70.1142,145.031,97.0052,42.0476,17.088,22.0907,63.3877,26.5707,30.2655,14.7648,31.305,40.7922,36.2215,46.3249,32.8938,7.2111,46.0435,100.02,91.0055,67.1863,47.5184,24.7386,8.0,118.5327,149.1107,13.0384,79.1202,30.2655,38.2099,37.0135,19.0263,14.1421,18.1108,7.6158,3.1623,4.0,4.0,16.4924,15.8114,7.0711,11.4018,12.8062,10.0,6.0,2.0,4.0,1.4142,0.0,4.4721,7.6158,12.083,10.0
4.0,20.0998,36.0555,42.19,33.0151,7.6158,30.0666,26.0,2.8284,17.088,27.4591,63.5295,105.6882,24.4131,119.2057,153.0621,110.0273,43.566,2.8284,39.2938,77.2787,69.4262,32.6497,22.6274,18.6011,9.4868,3.1623,12.0,7.6158,5.6569,12.1655,16.1245,16.4924,15.2971,9.0554,15.2971,40.7922,61.9839,61.9839,36.0555,21.9545,83.1865,107.5639,92.7793,64.3273,30.3645,2.8284,41.5933,79.7621,78.0256,84.5931,61.9839,11.6619,29.8329,74.7262,92.7038,88.1022,51.264,43.9318,68.9638,34.2053,40.2492,48.3735,30.5941,32.28,67.6018,17.8885,103.3925,132.0076,62.8013,11.6619,13.9284,25.807,23.4094,26.8328,35.3836,23.7065,20.0,82.365,258.0078,459.4301,554.1931,471.4849,253.6178,107.5639,80.8084,135.4179,145.4991,159.2608,133.0338,113.4637,82.3772,107.7033,105.2616,57.2189,121.6306,200.4794,130.1461,110.3902,122.4827,127.3499,23.4094,88.6002,50.0,119.4738,124.0,140.9113,127.8124,111.6154,181.8186,92.6175,28.178,104.6231,136.1323,229.4777,209.8809,168.6713,141.0319,39.1152,182.3897,272.738,253.7124,199.6246,193.3494,133.3042,28.2843,271.8308,580.374,675.0407,474.6051,202.8004,63.9531,50.5371,54.4059,46.3249,11.3137,83.5464,188.218,177.5049,56.0892,37.0135,31.4006,47.4342,52.8015,32.6497,57.5847,153.8831,114.8564,72.111,147.0034,96.0208,39.3192,16.4924,16.1245,56.0357,24.1661,18.9737,10.198,30.5287,27.8927,26.3059,43.1741,35.4401,14.1421,45.2769,102.0784,89.0056,65.0077,44.1814,26.6833,4.4721,86.3134,159.2482,36.8782,84.7231,49.0306,34.2345,32.28,26.5707,18.1108,13.0384,10.0,4.0,3.1623,5.099,14.5602,4.2426,10.7703,5.099,10.0,6.0,2.0,5.831,6.0,5.6569,4.2426,8.4853,8.9443,5.831,2.0
2.0,23.0217,38.0,43.0116,27.0185,7.2111,24.3311,27.0185,11.4018,21.6333,38.9102,74.0945,95.6033,18.4391,137.186,149.3452,103.8171,34.5254,9.0554,44.4072,77.5242,69.8713,33.6155,17.0294,10.0,8.4853,6.3246,11.0454,7.6158,5.831,10.198,13.3417,16.4924,18.1108,11.0454,10.0,33.7343,58.2409,66.4831,49.4773,9.4868,81.1542,109.2245,90.1998,62.514,34.2053,10.7703,33.1361,81.1542,88.0227,84.0952,57.7062,12.8062,25.4951,57.0088,75.5381,81.5843,68.4105,14.1421,67.0671,39.3954,38.833,56.8859,37.6563,13.3417,17.8885,55.9464,27.7849,86.267,141.1737,92.3147,33.0151,7.0711,17.088,21.5407,32.8024,32.5576,11.4018,5.099,28.6356,119.3315,301.1212,463.5191,544.3253,494.6473,271.4885,48.8262,121.2765,176.7767,83.0542,106.9766,159.154,181.5709,209.4755,168.0238,191.4419,145.8355,94.8472,94.8472,41.5933,25.807,29.5296,43.6578,176.2328,218.8881,156.1602,138.0145,181.4166,155.0806,103.2473,19.8494,46.3249,45.0111,62.3699,89.2861,145.279,229.8956,208.7774,197.5854,195.7243,173.4416,147.5737,141.2232,94.8472,162.0494,489.8265,677.2297,605.7937,331.1857,100.6876,33.9706,32.5576,38.4187,42.4264,17.8885,62.7694,169.8058,183.8314,60.0333,33.0151,28.3196,13.0384,46.5188,46.0652,37.2022,71.1758,152.6106,98.4886,81.1542,149.0302,88.0227,36.6879,24.1661,12.1655,47.5184,22.8473,3.1623,8.6023,22.0,17.088,22.8035,45.5412,45.0999,24.6982,48.6621,106.0189,90.0,62.0322,43.1045,24.3311,4.4721,53.1601,152.6106,86.0349,69.1809,63.1506,31.0483,29.7321,31.0483,23.5372,14.1421,9.0554,4.4721,1.4142,10.2956,10.198,7.2111,7.2111,7.2111,8.9443,6.3246,1.4142,7.0711,4.4721,9.4868,11.4018,8.6023,4.2426,3.1623,4.0
6.0,26.3059,38.0526,44.0454,25.02,1.4142,21.2132,28.2843,17.088,19.6977,41.9762,76.9415,80.399,45.8912,146.8128,139.4417,94.3398,27.0185,12.6491,49.4975,79.7621,69.8713,32.28,7.2111,4.4721,2.8284,3.1623,6.0,5.831,7.2111,11.4018,12.1655,15.2971,21.2132,15.0333,10.2956,23.0217,47.0744,68.6586,56.0892,2.8284,70.214,112.1784,95.7079,62.3699,36.6879,18.3848,26.0,79.3095,91.444,80.399,58.3095,17.0294,24.0416,53.4603,70.4557,73.3485,68.9638,18.868,51.4198,54.4059,34.9285,54.5894,53.0094,29.7321,18.868,4.0,51.8845,58.6003,52.3259,148.6001,119.0966,41.0122,5.6569,14.5602,22.6274,32.249,18.3848,5.831,9.4868,12.6491,40.2492,133.9627,306.4148,494.7727,562.032,504.2301,328.2743,104.0,29.4279,105.119,107.4802,116.7647,135.2036,115.5249,132.28,87.0976,23.7065,115.9741,73.0068,43.9318,54.626,97.6217,197.9141,135.3588,117.516,19.2354,25.4951,67.6757,22.3607,15.6205,41.0122,41.1096,113.9912,214.574,299.8166,281.4427,222.4455,173.3032,125.1319,95.0474,90.0888,212.8756,437.3214,658.0167,675.3073,462.1796,197.6259,43.566,27.2029,43.2666,46.0435,46.0435,31.9061,39.3954,158.373,191.6038,66.888,34.7851,24.6982,29.4279,20.2485,43.1741,41.9762,34.7851,75.71,149.3452,78.9177,94.0213,146.0548,77.1622,35.6931,29.0172,7.2111,39.2938,32.5576,7.2111,8.6023,25.6125,19.799,18.6011,50.3587,59.0762,31.0161,56.8859,110.0727,89.0505,58.3095,44.7214,25.4951,9.4868,30.5287,131.042,124.4267,38.0789,80.05,29.8329,30.2655,33.0151,22.0907,17.2627,9.0554,5.099,2.8284,6.3246,9.4868,8.9443,5.6569,6.3246,7.2111,5.831,1.4142,4.4721,10.198,4.2426,5.099,4.4721,3.1623,1.4142,0.0
4.0,32.0,38.2099,43.1045,29.4279,9.0554,26.6833,30.0,18.1108,19.2354,44.4072,80.6226,65.0692,66.7083,149.9333,128.4134,82.3893,21.0238,16.5529,57.7235,80.8084,63.9531,27.1662,2.0,2.0,1.4142,2.8284,3.1623,5.099,7.6158,11.4018,9.0554,13.9284,23.5372,21.0238,13.9284,18.3848,37.1214,66.0303,61.0082,17.4929,58.3095,113.5077,103.3247,68.9638,43.1741,21.2132,24.3311,74.108,88.0227,83.0542,64.1249,24.6982,23.7065,55.3173,68.2495,67.1863,66.4078,37.5766,28.0713,56.3028,37.7359,40.8167,52.4786,39.8246,15.2315,15.5563,24.0832,62.0322,101.6071,14.5602,132.0076,130.5986,58.0,8.6023,12.6491,25.807,27.7849,24.6982,16.1245,10.0,9.0554,21.0238,49.3964,121.4331,273.7882,464.4308,585.0299,535.3597,390.2743,312.6052,230.5515,85.1469,76.9025,1.4142,45.2769,13.9284,89.0505,105.3091,33.5261,115.9483,111.8034,125.9603,180.4716,57.9828,112.0179,82.28,110.0727,112.641,54.9181,54.3323,132.5745,207.5428,251.4359,230.0782,165.2755,87.2353,51.923,28.0713,168.8135,377.0332,577.4859,666.8508,660.303,524.7323,272.0184,85.9069,33.7343,32.9848,46.0652,54.2033,46.5188,30.5287,25.0599,148.4049,203.4945,79.6116,43.8634,27.313,46.0435,14.4222,20.2485,35.0143,44.1814,38.0526,91.7824,144.0139,60.531,98.0,140.0571,70.4557,43.2897,35.1283,7.6158,34.9285,45.0999,6.0,26.5707,25.807,29.6985,28.2843,58.0517,58.5491,28.0713,60.2993,113.2166,87.2812,53.0848,41.1096,30.2655,14.1421,17.0294,99.2975,151.6047,7.0711,96.1041,36.1386,33.1361,35.0143,20.0,17.0294,11.0454,5.099,3.1623,7.0711,9.0554,6.3246,6.3246,8.0,8.2462,5.099,5.099,4.4721,13.3417,7.0711,1.4142,7.0711,8.0,5.6569,0.0
2.0,38.0,37.0135,41.0122,33.0151,4.4721,29.4279,34.2345,19.0263,24.3311,52.6308,83.9524,44.4072,84.3445,145.3823,118.6086,74.2428,18.4391,22.0,63.3877,77.5242,55.2268,23.0217,3.1623,2.8284,5.6569,6.3246,4.0,6.3246,10.7703,10.2956,5.831,12.1655,23.0217,25.02,18.4391,18.3848,33.7343,63.1981,65.192,25.2982,48.2701,110.6526,102.7035,71.8471,51.4782,25.02,29.0172,75.326,80.2247,84.0,69.0072,28.2843,20.0,55.0273,70.342,62.6418,63.9062,48.3322,11.3137,40.7922,40.4969,33.5261,43.1741,47.0744,25.02,2.8284,33.6155,39.3192,68.8767,120.4409,33.6155,109.0413,150.0467,87.6584,19.2354,10.0,21.0238,28.4253,22.8035,17.0294,24.7386,24.3311,23.3238,23.3238,30.8869,75.1532,195.6579,364.2966,484.1983,547.2202,564.179,493.0497,371.0337,239.5704,145.4991,93.723,75.8947,142.0774,158.6443,69.1231,102.9272,49.0306,136.8503,133.4166,212.3252,196.2244,185.3267,214.0374,213.0023,149.9667,166.355,157.6959,137.9275,107.5639,38.2099,112.6144,297.3214,524.4902,684.4458,733.6757,650.841,444.0991,228.2542,89.5545,34.9285,31.0161,38.2099,36.8782,38.4187,38.1838,15.2971,35.3836,140.0714,204.1372,89.5879,45.6508,33.3766,43.1045,38.4708,13.3417,8.6023,30.0666,46.0435,48.6621,111.0045,128.4134,45.2769,90.1998,137.6154,71.0211,50.636,39.3192,4.4721,34.2345,47.0106,8.2462,37.5766,22.1359,38.0789,49.0918,54.3323,49.0918,24.0416,60.531,115.3516,85.4751,47.2652,37.0135,32.0,12.1655,15.2971,69.8713,158.4929,41.1096,93.0591,49.3356,36.4966,35.3553,20.2485,18.3848,14.5602,6.0,2.0,6.0,2.8284,4.4721,3.1623,5.099,5.099,4.4721,7.0711,4.2426,14.5602,8.9443,4.4721,8.9443,4.0,9.4868,2.0
4.0,41.1096,37.0135,41.0122,33.0151,6.0,24.3311,36.1386,25.4951,38.0789,65.192,80.3617,23.4094,97.2522,138.3618,112.1606,69.0072,16.4924,29.1204,69.0507,74.9667,47.2652,21.0238,5.099,2.0,7.0711,5.099,7.6158,1.4142,12.083,10.7703,6.0,11.0454,22.0,29.1548,19.6469,14.0,28.4605,62.8172,71.0211,29.4279,42.0476,106.4707,103.8171,72.9932,53.8516,34.176,25.02,76.4199,79.3095,82.0975,69.1809,39.0128,14.7648,51.4782,75.2861,65.5134,57.7062,48.2701,9.4868,29.1548,37.1214,33.7343,37.9473,47.4131,44.2945,6.3246,13.3417,49.3356,35.4401,52.8015,123.9758,76.1577,58.4123,141.4496,111.5168,44.0454,5.831,22.6716,27.0185,24.7386,30.4631,30.3645,29.9666,29.1548,28.4605,23.0217,22.0,39.2938,94.0213,204.0833,352.2272,473.1596,513.3615,506.9832,478.5248,475.607,504.3114,475.9601,346.7708,216.5364,165.6804,107.5639,66.7083,63.7024,186.231,131.947,104.9952,81.1542,141.598,89.5545,44.9444,146.8128,269.9815,415.6369,581.1884,694.8064,753.383,724.8117,570.4752,352.528,148.9295,34.5254,6.0,12.8062,20.2485,19.6469,22.8473,25.4951,29.8329,18.868,54.037,160.1125,193.4994,76.6942,51.923,40.5216,31.0161,42.4264,26.3059,8.4853,5.099,29.4279,43.0116,59.0762,110.0182,111.5437,48.2701,79.0063,133.3042,76.4199,54.037,39.0128,0.0,30.5941,41.7852,28.178,45.4533,23.7065,50.636,60.0,46.0,44.1814,25.1794,55.2268,117.3456,83.4865,45.1221,39.6232,32.249,15.0333,14.7648,52.6308,138.7516,85.6154,63.6396,68.4105,40.1995,31.4006,19.6977,20.8806,17.2627,9.0554,0.0,7.0711,4.2426,5.6569,4.2426,3.1623,0.0,5.099,5.831,10.2956,14.4222,10.0,5.099,5.099,2.0,8.0,2.0
6.0,46.0435,39.1152,42.19,32.249,4.4721,19.0263,34.0588,36.2215,53.1601,71.4703,72.1249,9.4868,107.1168,134.2386,107.042,63.0714,14.4222,35.4683,74.2159,71.0634,39.2938,18.4391,6.3246,4.2426,8.9443,8.4853,8.9443,9.4868,9.4868,14.1421,8.0,10.0,21.0238,31.1448,17.72,11.6619,21.0238,56.921,80.5233,41.5933,32.9848,99.6393,104.7855,77.1622,56.4624,42.0476,14.2127,68.1175,81.7435,84.5931,71.1758,49.0102,6.0,43.9318,72.9932,72.9932,57.7062,46.6905,10.0,26.3059,31.0161,27.8927,32.249,39.8246,55.5698,32.249,8.9443,32.5576,59.5483,45.2548,25.4951,103.5857,111.8034,12.6491,107.8239,146.5401,108.7842,34.4384,8.9443,25.4951,22.8473,19.2354,23.7065,27.2029,31.0483,29.1204,24.0832,24.3311,23.5372,26.3059,36.2215,64.56,125.2278,228.5695,336.5739,408.6784,483.7065,572.8054,585.8088,507.9094,459.0251,485.0155,486.0658,473.5103,520.88,543.7739,565.1478,591.8125,590.161,557.5392,570.3753,640.5904,698.2048,743.2483,732.5927,611.7679,423.7924,222.3196,82.6801,24.3311,29.5296,21.2132,22.0,27.7849,20.5913,15.8114,22.8035,20.8806,10.2956,62.482,178.6449,187.1096,39.8246,68.2642,44.1814,30.2655,45.1221,30.5941,18.4391,11.6619,5.831,29.8329,37.3363,60.0333,98.732,107.2007,61.4003,73.0068,130.0154,82.0,56.0357,36.0,6.3246,25.2982,34.176,28.4253,41.8808,29.7321,60.4152,66.2722,49.0918,40.4475,24.0,48.0416,115.0391,80.399,45.1221,45.5412,30.5941,23.5372,9.0554,39.8497,105.6882,123.3694,20.3961,86.3481,45.607,29.7321,22.1359,23.1948,17.2627,11.4018,2.0,5.831,7.6158,4.4721,5.099,5.099,2.0,4.4721,7.0711,8.6023,8.9443,9.4868,5.099,5.099,6.3246,10.7703,12.0
0.0,52.0384,42.4264,40.4475,29.0172,5.099,23.7065,39.3954,44.3847,55.7853,72.1803,67.4685,15.8114,116.2755,128.2498,102.0196,59.0085,9.4868,40.7922,78.4474,68.4105,37.1214,21.2132,12.6491,13.4164,20.2485,18.9737,15.2315,18.868,4.2426,15.2971,9.4868,11.0454,20.0,28.0713,17.2627,12.0,16.1245,44.0454,80.399,57.0789,21.6333,95.3415,100.1699,78.0,65.3911,47.4342,8.2462,58.0345,77.1622,86.3713,77.1622,53.0094,3.1623,39.3192,65.5134,76.6551,64.0312,47.5395,15.6205,25.9615,26.3059,19.0263,21.5407,27.7849,51.8652,40.8167,25.02,29.7321,49.5782,62.2415,45.4533,6.0,72.8972,123.0041,74.8866,44.1814,142.6955,152.3155,94.6678,40.2492,4.2426,7.6158,8.6023,12.6491,14.7648,17.8885,22.3607,21.0238,17.8885,14.0,14.1421,12.0,8.9443,6.3246,21.0238,40.1995,67.082,118.5327,170.6283,246.6617,315.9399,382.0838,430.0047,464.4308,530.9934,591.0076,616.2078,626.1565,632.6026,622.4869,580.3344,516.9836,418.9224,299.2925,173.626,68.9493,20.8806,7.0711,7.0711,5.831,24.6982,24.6982,28.6356,28.4605,22.3607,17.2627,14.2127,19.8494,100.9554,191.1282,167.6007,14.5602,90.2109,43.6578,31.0161,39.3192,42.0476,24.0416,15.8114,16.5529,2.8284,31.0161,37.3363,51.0882,86.3713,114.2804,72.0278,72.2496,130.1384,85.1469,60.0,35.3553,7.6158,22.0,23.4094,33.2866,37.1214,31.0161,68.0294,71.1758,50.04,39.0128,22.0907,51.0098,113.2166,76.2365,43.1045,47.0106,27.0185,25.1794,2.0,24.6982,77.8203,148.9295,26.6833,88.0568,56.4624,33.6155,27.8927,24.3311,16.4924,13.3417,6.0,5.831,4.4721,5.6569,8.6023,7.0711,5.099,8.2462,9.0554,5.099,5.099,10.0,3.1623,4.4721,11.4018,15.0333,18.0
2.0,53.0094,46.0435,38.2099,23.0217,7.2111,25.9615,38.833,43.1741,52.1728,70.4557,66.2722,30.0,120.1499,117.0043,99.4082,60.531,9.8995,48.2701,82.3772,65.5134,32.8938,17.2047,9.0554,15.5563,26.8701,25.4951,26.0,28.3196,12.8062,10.7703,13.4164,12.6491,19.6469,26.6833,22.0907,15.2971,17.72,40.4475,72.0,67.0671,8.2462,92.5743,96.5091,69.6419,70.214,58.4637,4.4721,53.0094,72.0278,84.214,79.511,56.5685,10.0,32.8938,58.1893,77.201,70.8802,49.3964,22.8035,24.4131,22.1359,15.2971,11.4018,21.9545,47.5395,38.4187,25.02,25.2982,35.3836,47.2017,50.9313,48.2701,25.2982,45.2769,117.9915,135.2036,55.7136,57.7062,144.5061,163.2483,103.4698,37.5766,7.6158,2.8284,8.2462,4.4721,14.4222,13.3417,15.8114,10.2956,3.1623,8.9443,17.2627,15.2971,17.4929,10.198,19.2354,32.8938,35.4683,31.9061,38.0526,56.5862,36.1386,59.0593,71.8053,73.3485,77.0584,83.7257,95.3834,79.6994,57.7062,67.9559,36.7967,11.0454,0.0,5.831,13.0384,18.0,12.1655,7.0711,16.5529,22.8035,23.4094,21.587,16.1245,13.0384,65.192,157.943,187.4727,108.074,36.0,111.2205,60.0833,34.5254,35.3553,33.0151,39.1152,23.0217,11.0454,18.1108,2.0,29.0172,42.0476,46.0,77.0584,123.0366,77.0065,71.0634,128.1405,86.3713,66.2722,39.0128,4.4721,19.6469,16.5529,37.2022,27.4591,37.1214,77.1622,69.1809,41.1096,40.7922,27.4591,56.0357,115.0391,72.0278,40.05,46.1736,27.1662,24.0832,6.3246,12.8062,53.7587,150.6254,72.6911,74.0405,69.5701,37.9473,32.9848,26.3059,17.0294,11.4018,9.8995,10.0,10.0,14.1421,11.4018,8.2462,8.9443,9.4868,6.3246,4.4721,4.2426,8.0,5.099,7.6158,11.6619,7.2111,6.0
6.0,56.0357,48.0416,37.0135,20.0,9.0554,28.2843,39.6232,48.2701,54.4059,69.1231,65.5134,41.5933,121.0041,106.0754,98.326,63.3877,8.4853,51.4782,82.3893,59.2115,30.0666,14.1421,2.0,14.1421,25.1794,14.2127,19.2354,31.4006,26.0768,2.8284,14.7648,15.8114,16.4924,25.2982,29.1204,19.2354,20.0998,40.1995,62.0,70.1142,9.0554,88.0909,96.1873,63.3877,65.9242,67.897,9.4868,53.0094,68.0294,78.4092,76.4853,59.4643,27.7849,19.0263,50.9902,72.5672,70.214,50.774,31.4006,13.0384,19.2354,21.0238,16.5529,15.5563,30.2655,31.7805,10.2956,10.2956,28.6356,33.6155,39.6989,53.0094,52.1536,24.1661,26.0,89.0505,130.6139,124.5953,57.0088,54.9181,137.6154,153.0751,117.047,65.192,21.5407,11.0454,9.0554,3.1623,10.0,14.2127,13.0384,21.4009,24.3311,34.0588,32.5576,20.0,19.0263,27.1662,38.0789,35.4683,24.1661,31.6228,15.6205,18.3848,25.4951,8.6023,3.1623,9.0554,44.2719,13.9284,8.9443,48.7647,15.2971,10.7703,5.831,18.3848,22.0907,15.8114,14.5602,20.0998,21.0238,22.3607,21.587,15.0333,72.8011,147.1666,188.8597,155.0484,25.1794,78.4347,95.3415,75.1665,44.2041,58.0,34.7851,33.6155,41.1096,21.5407,12.083,17.72,3.1623,24.0,42.19,48.1664,76.0,124.0,76.1052,67.0671,124.0161,88.0227,64.1249,41.2311,11.4018,13.0384,5.099,31.7805,16.5529,44.1814,81.0062,62.1289,36.8782,42.4264,31.1448,52.0384,117.1068,72.0278,36.0555,45.2769,28.6356,25.4951,12.1655,9.0554,37.3363,131.7953,113.7805,45.8912,83.1986,40.5216,35.4401,31.0483,20.3961,7.6158,7.0711,8.6023,5.831,11.0454,5.831,6.0,5.6569,1.4142,3.1623,3.1623,5.831,8.4853,7.0711,9.4868,8.0,5.099,8.0
2.0,61.0082,48.0,34.0588,20.3961,10.7703,34.9285,44.2719,52.4976,58.8218,71.4703,60.0833,54.3323,125.1,102.3132,96.1873,61.0082,5.831,53.2353,83.2947,60.0167,33.1059,12.7279,3.1623,12.0,26.0768,20.0998,12.0,31.241,36.2491,17.0294,12.7279,22.8473,17.2627,20.0998,29.4279,25.1794,23.0217,38.0,57.0789,67.3647,16.1245,75.1665,95.7079,67.9117,62.3699,73.8241,23.0217,54.9181,69.3542,68.7314,69.5701,61.7414,43.6578,4.4721,47.5395,72.8011,63.9062,46.7547,42.4264,18.868,17.72,28.6356,24.0832,24.3311,18.4391,28.2843,10.7703,4.0,19.6469,25.4951,34.0588,50.9117,63.8905,54.4059,24.0832,9.0554,39.4462,86.0349,134.7145,130.269,45.3431,60.0833,118.9285,146.2942,141.2091,105.6882,61.7738,24.0832,1.4142,10.7703,14.1421,17.0294,9.8995,12.8062,13.3417,12.083,13.9284,19.2354,27.313,43.8634,31.7805,33.2866,20.3961,19.2354,33.9411,23.0217,20.0998,21.0238,34.9285,2.8284,25.2982,44.3847,4.2426,1.4142,24.0832,17.8885,7.6158,10.7703,7.6158,12.083,10.7703,11.0454,58.6003,138.9244,176.2385,155.0484,70.214,41.7852,114.6211,87.6584,53.3667,28.6007,63.3877,69.1231,31.0161,33.7343,36.4966,16.4924,15.2315,10.198,10.0,20.8806,38.0526,52.0384,78.1025,120.0167,71.0634,61.0737,120.0167,97.0464,57.4282,33.0151,16.4924,9.0554,5.831,30.2655,11.0454,45.0999,75.1665,55.6597,45.5412,50.04,33.3766,49.2544,117.1068,76.1052,35.0143,41.1096,28.6356,27.4591,14.5602,12.083,23.0217,96.7678,145.6022,1.4142,94.5939,46.1736,36.1386,32.28,23.7065,12.7279,7.2111,4.2426,2.8284,8.2462,11.0454,3.1623,2.0,0.0,2.0,4.0,5.6569,5.831,4.4721,6.0,5.831,8.2462,8.0
2.0,59.0085,47.2652,31.7805,21.0238,11.3137,37.3363,45.2769,51.4782,59.6825,72.9932,50.2195,69.0072,128.1405,100.08,92.0,56.1427,8.2462,58.4637,84.3445,64.7611,34.0,12.0,7.2111,10.7703,26.3059,25.4951,15.5563,27.0185,46.8402,26.6833,3.1623,23.1948,22.0907,16.1245,27.4591,30.2655,25.02,35.0143,56.0357,63.0714,20.0,55.7853,94.3716,76.5376,63.2456,79.3095,38.6264,49.2544,73.0068,62.0322,57.0088,63.0079,53.7587,14.4222,41.1096,70.342,58.6003,41.6173,41.5933,25.6125,20.5913,27.2029,26.3059,10.2956,9.0554,19.0263,14.4222,7.0711,15.2971,29.7321,37.5766,48.7647,70.9366,78.1025,64.0781,45.6946,19.8494,8.9443,26.8328,82.0366,118.8108,101.1929,48.7647,17.0294,76.6942,118.4736,141.6827,145.561,122.7844,82.4621,47.5395,27.0185,14.2127,11.4018,8.2462,1.4142,7.6158,11.4018,7.0711,31.9061,23.7065,19.8494,10.0,14.4222,25.4558,30.2655,35.0143,26.0768,27.4591,11.3137,34.0588,33.3766,18.6011,17.2627,22.3607,9.8995,17.0294,11.3137,17.2627,53.7587,116.456,164.0,159.3989,112.8007,51.264,51.8652,73.4983,82.0731,72.111,48.4149,37.3363,25.9615,85.44,65.3911,20.0,31.0161,32.249,16.5529,18.3848,7.2111,17.2047,25.6125,36.2491,49.4975,76.0,118.0169,67.0671,55.0091,118.0169,106.0,53.0094,28.0,17.0294,4.4721,15.6205,26.0,5.831,38.4708,63.8905,55.0091,60.1664,63.0079,31.1448,54.1479,111.0405,76.1052,37.3363,36.4966,30.5941,29.1548,13.3417,11.4018,14.0,58.9406,152.1907,51.788,90.5207,61.2699,42.0476,35.4683,23.4094,13.4164,10.2956,5.099,8.2462,5.099,12.1655,5.099,3.1623,6.3246,8.2462,7.0711,4.4721,1.4142,6.3246,5.099,2.0,4.2426,4.0
2.0,57.0088,47.0106,29.0172,14.5602,10.0,34.5254,48.3735,53.7587,63.1506,75.3127,41.9762,79.0063,125.004,97.1288,91.1373,54.1479,11.6619,67.0522,82.9699,64.56,28.6356,8.6023,8.6023,9.4868,25.02,26.0,18.1108,18.9737,48.2701,31.7805,8.9443,20.0998,25.02,15.2971,23.0217,30.2655,27.4591,32.5576,56.5685,67.0671,31.0483,45.5412,93.0591,74.5252,60.1664,83.5225,47.5395,42.45,69.0652,63.0079,55.0091,64.0312,58.1378,10.0,39.0128,55.7315,50.9902,50.5964,39.3192,12.7279,17.8885,22.6716,22.8035,9.0554,4.0,11.4018,23.3238,16.4924,12.083,13.3417,21.9545,28.6356,50.9902,66.8431,63.5295,61.2209,50.9313,30.2324,12.083,23.3238,58.0517,76.5506,87.7268,96.7678,71.5681,17.0294,36.1386,80.4114,115.8016,138.0797,153.7596,156.1794,145.1689,123.3207,97.0155,71.0634,46.5188,29.1548,17.8885,10.0,4.4721,8.9443,13.0384,18.9737,6.3246,7.2111,3.1623,8.9443,25.0599,18.868,22.3607,29.6985,32.249,38.2099,40.025,69.3542,92.6499,127.8828,161.5054,169.0562,134.7368,62.0967,21.2132,75.5381,83.7735,42.8019,14.5602,54.5894,56.3028,37.1214,20.8806,59.2284,86.6833,49.4975,9.4868,26.0768,27.1662,15.8114,21.0238,7.2111,20.3961,28.2843,32.8938,39.6232,73.0068,116.0172,67.0671,52.0384,119.0378,102.0196,51.788,32.5576,18.0,4.4721,14.5602,21.2132,3.1623,31.1448,48.2701,55.7853,74.027,69.1809,21.2132,58.8558,103.2376,71.007,35.3553,32.8938,36.0555,33.7343,12.6491,7.0711,10.2956,41.7612,137.6735,94.5939,61.1882,71.5122,45.1885,43.6807,25.4951,11.4018,14.2127,5.831,3.1623,5.831,7.0711,8.9443,2.8284,6.3246,4.4721,4.4721,5.099,7.0711,8.4853,7.2111,6.3246,8.9443,8.0
4.0,55.0091,48.0416,29.0172,8.2462,8.6023,36.1386,53.8516,56.3205,67.1863,71.3863,30.2655,83.0542,120.0167,95.0053,92.0217,53.0848,19.2354,70.6116,79.6241,63.3246,22.8035,11.3137,9.8995,7.0711,21.0238,26.3059,20.3961,11.0454,40.5216,34.9285,14.7648,14.1421,27.4591,20.0,18.1108,25.1794,29.4279,28.6356,55.7315,78.1025,42.7551,44.9222,97.4166,69.3542,48.7647,83.9524,54.5711,37.6563,61.0737,60.1332,56.5685,55.7853,64.56,23.5372,37.3631,45.1885,47.7074,65.3911,48.3322,14.4222,8.2462,17.0294,18.4391,14.4222,11.6619,12.083,10.198,12.0,9.0554,10.2956,3.1623,13.0384,24.7386,32.6497,38.2884,51.614,51.225,39.8246,23.4094,13.4164,32.6497,46.0435,35.609,43.2666,59.5483,62.8172,78.6384,78.6384,51.0098,8.9443,31.7805,60.0833,84.7231,119.5073,153.5513,173.1185,178.0842,177.8145,169.7056,142.8986,120.0167,113.2166,104.0769,96.5401,87.1436,89.1403,94.1913,90.0,93.3916,99.6895,115.0391,143.0035,166.8832,181.9945,191.0654,189.082,164.3472,127.4755,74.4312,15.8114,84.5813,152.6106,136.6236,63.7809,80.4114,53.7587,26.0,71.0211,55.6597,18.4391,39.3954,73.3894,73.0068,36.0,14.5602,25.02,23.0217,21.587,27.313,4.0,24.7386,31.4006,30.0,36.0,69.0072,108.462,73.8241,51.2445,122.1475,93.1343,47.0106,35.3553,22.3607,4.4721,12.1655,23.0217,0.0,31.0161,37.0135,59.0762,85.0059,64.0,13.4164,57.4282,98.0816,66.0,31.1448,26.6833,37.6563,38.2099,14.0,5.099,10.2956,34.4384,117.8813,124.7397,25.4951,79.6241,46.3897,46.1736,23.7065,16.1245,17.2047,10.0,1.4142,4.0,3.1623,5.831,7.2111,10.0,5.6569,1.4142,4.4721,5.099,5.831,5.831,7.2111,12.1655,14.0
8.0,47.0956,46.1736,30.5941,8.6023,10.2956,41.9762,57.7235,56.3205,63.1506,62.1289,21.2132,84.214,115.0391,91.0494,92.1954,52.345,22.8035,71.3442,80.6226,63.1506,15.6205,13.0384,8.9443,9.0554,14.5602,23.1948,19.6977,6.3246,26.6833,35.7771,26.4197,5.831,27.1662,25.1794,16.1245,20.3961,29.1204,29.8329,55.0818,83.0542,50.04,42.0476,99.1262,68.2642,38.6005,80.5233,63.9062,37.1214,59.6657,52.9528,54.1479,46.0,60.2993,39.3192,28.2843,36.8782,36.6879,57.2713,58.6003,39.598,11.4018,17.0294,24.0,13.3417,8.0,22.8473,22.0907,16.9706,11.4018,14.2127,10.0,14.5602,22.3607,15.2971,25.4951,46.0435,48.6004,49.3964,42.3792,22.0,17.2047,40.7185,27.2029,31.6228,43.9318,27.2029,22.3607,29.1548,46.6905,79.3095,108.0,116.2755,104.4797,81.6088,52.6308,27.8568,14.1421,52.1536,93.9042,119.8165,115.5249,119.0042,127.0354,135.2036,142.2252,141.2869,136.3672,133.0338,138.5208,137.186,118.2709,96.0,71.5681,51.264,26.0,19.0263,64.3273,113.031,160.5615,173.6663,145.2309,75.9605,47.0106,123.9758,95.7183,17.088,45.5412,74.6726,51.4782,7.0711,62.6099,81.9878,63.8122,25.4951,18.3848,27.8927,24.6982,26.5707,20.0998,14.4222,28.6356,24.0416,27.0185,39.0128,62.0322,97.6217,80.4114,44.7214,123.0041,92.0217,44.1814,29.0172,24.0416,8.9443,15.2971,21.2132,1.4142,26.5707,38.0789,60.1664,88.295,68.6586,15.2971,56.0357,96.0208,63.0714,28.6356,25.9615,41.1096,39.0128,14.5602,5.831,2.8284,23.4094,95.8019,146.3284,13.3417,88.0568,58.9406,43.1741,20.5913,13.4164,15.8114,11.6619,7.0711,5.099,5.099,7.2111,8.9443,5.6569,7.0711,7.2111,6.3246,4.0,1.4142,5.099,7.0711,4.2426,6.0
2.0,41.0122,43.0116,29.1548,8.9443,16.1245,48.0833,61.4003,56.921,55.7853,55.4437,14.0,82.0244,111.0045,87.0517,89.2749,54.5894,21.587,75.326,83.7257,58.5491,8.2462,11.0454,3.1623,4.0,10.7703,18.1108,12.6491,9.0554,10.198,26.4197,35.3553,10.7703,24.3311,26.0768,17.2627,17.2627,22.0907,33.3766,59.0085,79.0063,53.0848,33.3766,95.352,70.214,38.4187,79.0569,69.6419,27.8568,55.0818,46.0435,51.2445,41.9762,55.7853,48.7647,24.6982,40.5216,27.2029,32.28,47.2017,50.9902,37.7359,18.3848,29.7321,15.6205,15.8114,20.0998,21.0238,10.7703,8.6023,12.6491,10.7703,8.2462,22.3607,14.2127,16.1245,38.4187,48.1664,56.8507,60.8276,52.4023,16.5529,25.807,31.7805,33.2866,41.8808,24.1661,7.6158,0.0,22.6274,35.3553,37.3631,42.45,64.0312,109.7725,154.1168,168.1904,159.022,150.6254,135.2036,112.0089,85.0059,67.897,60.0,51.2445,39.0128,41.0122,58.1893,69.8713,76.2365,84.0238,106.066,128.7245,150.333,171.4701,179.6942,182.7184,171.1724,140.9184,103.8171,70.9366,32.5576,37.5766,112.5078,135.0704,50.2195,19.0263,49.4975,72.2496,45.0111,25.4951,80.3243,78.2943,40.8167,11.3137,21.0238,33.1059,24.6982,18.4391,11.6619,18.868,25.2982,15.2971,24.0832,35.4401,60.8769,96.5194,79.3095,32.0624,121.1033,96.0833,44.0454,23.1948,22.3607,14.1421,17.0294,17.2627,4.4721,14.0,33.7343,55.3173,87.6926,83.006,21.0238,58.3095,96.0833,61.2046,24.1661,29.9666,46.3249,39.2938,15.8114,11.4018,7.0711,18.3848,69.3542,146.697,60.0167,79.6994,78.4474,42.45,25.4951,14.0,11.4018,11.4018,9.8995,7.0711,11.4018,15.2315,13.3417,11.0454,8.6023,7.6158,5.6569,6.3246,5.099,5.831,3.1623,8.6023,6.0
2.0,40.05,39.0128,27.4591,9.8995,23.7065,52.4976,62.6418,56.921,51.8652,49.4773,4.4721,77.0065,107.1168,90.0888,83.0542,53.7587,23.3238,81.2158,84.3445,46.3897,5.831,8.6023,2.0,3.1623,13.0384,19.6469,8.4853,3.1623,0.0,12.8062,34.9857,21.9545,23.0217,27.8568,17.8885,15.8114,18.4391,31.0161,61.0737,77.0584,57.0088,22.3607,87.5557,70.9366,39.1152,78.4474,74.9667,18.9737,50.0,43.1045,45.8912,38.4708,56.4624,58.2409,11.0454,44.3847,24.7386,17.72,27.4591,38.2884,39.6232,21.587,25.4951,17.4929,14.1421,8.6023,14.2127,19.2354,17.0294,18.3848,10.198,1.4142,15.2971,13.3417,8.9443,17.0294,29.9666,44.9444,49.0918,50.5371,31.6228,10.198,6.3246,19.8494,41.1825,39.8246,18.4391,16.1245,30.5287,20.2485,5.099,15.8114,21.0238,25.0599,30.2324,33.5261,44.3847,65.2534,89.822,96.0,93.0591,96.5194,109.1146,115.0391,118.0,127.6636,129.8769,123.0447,119.105,120.2664,116.9017,96.5091,81.7435,72.8011,52.8015,40.2244,36.0555,34.9285,25.4951,7.2111,43.2666,96.8297,124.2578,95.8541,14.2127,24.3311,51.0882,72.0,31.6228,44.4072,79.6994,60.2993,23.5372,11.0454,29.7321,34.4384,14.4222,9.0554,7.6158,21.6333,21.9545,10.2956,15.8114,28.3196,64.405,105.7733,87.8635,18.1108,120.1499,96.3328,43.0116,29.1548,25.1794,18.1108,15.2971,15.0333,4.4721,11.4018,28.2843,51.4782,94.0851,96.0833,18.3848,66.0,96.1873,57.0789,19.0263,28.0713,43.0116,37.3363,16.4924,9.4868,5.831,13.3417,50.3587,126.3012,101.2028,48.7647,96.3016,47.4342,33.5261,16.1245,11.6619,14.4222,14.4222,11.0454,14.4222,12.6491,7.0711,4.4721,2.0,7.0711,6.3246,3.1623,4.4721,0.0,3.1623,7.6158,12.0
2.0,38.0,34.2345,25.9615,10.2956,27.313,53.3667,62.3699,57.0088,46.8402,42.7551,5.6569,74.027,101.1237,97.1288,80.025,44.7214,28.6007,86.8332,81.7435,30.3645,2.8284,1.4142,2.0,3.1623,18.1108,25.9615,12.083,12.8062,5.099,5.099,24.2074,26.0768,21.6333,24.1661,11.4018,13.0384,17.2627,27.4591,59.4138,79.3095,63.0714,10.0,77.666,71.0634,43.9318,74.4312,76.1183,15.5563,52.1728,41.7612,32.0624,27.8568,53.1601,67.082,16.5529,47.7074,42.5441,19.6977,14.4222,27.0185,36.7967,29.1548,21.9545,16.1245,6.3246,5.099,7.0711,14.7648,19.0263,34.4384,37.9473,33.0151,31.6228,30.8869,28.6356,21.587,11.6619,28.178,47.8539,54.4059,30.4631,12.083,7.2111,8.9443,35.3553,42.19,27.7849,23.4094,25.807,12.8062,4.2426,10.7703,34.4384,52.4786,50.4777,29.0172,11.0454,8.6023,15.6205,8.9443,15.8114,25.02,33.6155,34.0588,35.1283,26.5707,11.4018,12.6491,7.0711,12.1655,17.2627,15.6205,29.6985,24.4131,10.7703,21.587,19.6977,10.7703,5.099,30.0,88.8144,117.2007,107.4151,67.0075,23.0217,29.1548,61.2046,74.108,12.1655,55.7136,67.7791,40.025,24.0,19.6469,30.2655,27.1662,8.4853,9.4868,16.4924,21.2132,12.083,8.2462,7.6158,10.198,53.7587,103.8171,97.6217,7.2111,119.0042,91.1373,37.3631,36.8782,31.0161,22.3607,15.2315,12.6491,6.3246,10.7703,24.1661,53.3667,101.2423,100.08,19.0263,76.0263,99.4082,51.788,19.6469,27.1662,38.0,35.1283,19.2354,8.2462,3.1623,7.6158,40.5216,102.489,126.5306,5.831,99.6895,57.5847,37.3363,18.4391,11.6619,11.3137,11.6619,10.198,11.4018,6.3246,7.2111,2.8284,3.1623,11.6619,11.4018,10.0,9.4868,8.9443,5.099,3.1623,0.0
4.0,33.7343,33.5261,27.2029,7.2111,25.02,53.0094,63.0714,58.3095,47.5395,40.4969,14.5602,75.1665,94.0213,101.005,81.0062,32.249,35.7771,91.214,76.5376,18.3848,7.2111,4.2426,7.6158,12.1655,21.6333,27.2029,9.8995,13.0384,8.2462,3.1623,8.9443,15.8114,10.0,17.72,8.9443,9.0554,13.4164,28.4605,59.4138,80.2247,67.1863,3.1623,69.5845,75.5381,48.3735,65.9242,74.2159,15.2971,54.9181,40.5216,22.8473,18.1108,46.3897,70.7107,39.0128,31.6228,55.4617,31.7805,10.2956,14.4222,25.4951,24.4131,13.0384,10.0,7.0711,5.6569,4.0,8.2462,16.5529,29.4279,45.607,40.7922,29.1548,26.4197,23.7065,19.0263,13.9284,6.3246,40.0,66.2873,47.0106,18.3848,17.0294,12.8062,31.1448,45.3431,31.1448,11.0454,14.5602,10.7703,8.6023,13.0384,7.2111,23.4094,31.1127,37.1214,39.3954,32.6497,20.8806,7.0711,4.4721,12.8062,15.6205,10.198,12.1655,8.6023,3.1623,10.7703,8.6023,16.5529,22.8473,25.807,31.241,23.7065,21.2132,24.0832,16.5529,5.831,24.4131,64.405,105.6788,108.4066,81.3019,35.609,12.6491,37.3631,72.8011,71.8053,8.2462,66.0303,62.2896,28.4605,25.9615,24.0416,21.2132,20.8806,11.4018,9.0554,11.4018,8.6023,5.099,12.1655,10.0,8.6023,46.0435,100.08,101.1237,3.1623,116.0,88.0227,34.0588,38.2099,36.2215,26.0,14.1421,8.0,5.6569,7.2111,13.3417,54.5894,105.2331,100.1798,26.0768,80.025,104.0,49.0918,17.2627,24.0,34.2345,35.3553,23.0217,7.0711,5.831,4.4721,25.9615,77.8332,132.1968,48.3322,81.5843,70.2282,40.7185,21.4009,13.4164,7.0711,10.198,11.4018,7.2111,0.0,7.0711,3.1623,6.0,10.7703,8.2462,2.0,4.2426,12.6491,2.8284,2.8284,4.0
8.0,30.3645,33.5261,31.0483,10.2956,23.1948,53.0094,63.0079,63.0079,56.8859,32.8938,33.3766,77.666,83.4865,99.0051,81.1542,24.1661,47.0106,93.145,68.9638,13.3417,13.0384,2.8284,10.7703,10.198,14.4222,22.0907,8.0,11.0454,13.0384,2.8284,4.2426,8.2462,10.0,18.868,10.0,4.2426,8.0,28.0,59.0085,77.1622,69.3542,14.0,65.3758,79.3095,45.8912,58.2409,71.4703,22.3607,53.7587,38.6005,17.088,11.0454,39.3192,70.4557,52.1536,11.3137,55.0273,42.5441,17.0294,11.3137,15.8114,19.6977,8.6023,11.4018,15.8114,14.0,8.2462,5.099,21.587,25.02,17.0294,31.305,24.0416,17.4929,17.0294,16.0,20.5913,15.8114,13.0384,48.7647,49.6588,30.2324,25.4951,18.9737,8.6023,35.4683,32.8938,8.4853,12.6491,9.0554,2.0,18.868,29.8329,26.8328,4.2426,11.0454,22.6274,29.1548,27.2029,20.8806,14.1421,13.0384,5.831,5.099,9.0554,17.0294,28.0713,24.7386,22.8473,28.6007,26.9072,30.5287,26.0768,11.3137,6.3246,12.083,7.0711,31.4006,54.4059,93.5094,109.0413,87.2353,45.1221,17.088,35.805,60.0,74.2428,54.4059,4.0,65.6201,67.4685,29.9666,27.313,25.4951,21.0238,18.4391,7.6158,9.0554,2.8284,5.099,7.6158,15.2315,8.9443,4.4721,39.0128,97.1288,103.1213,2.8284,110.0727,89.2749,36.2215,35.1283,38.2099,31.0161,18.9737,10.2956,7.0711,7.2111,10.0,50.2195,108.0463,107.2287,33.1361,80.2247,101.5972,51.8652,26.5707,24.0832,25.1794,34.9285,33.1059,11.4018,7.6158,2.0,13.0384,55.3173,116.4818,91.444,52.0,89.9889,38.833,20.5913,20.2485,9.4868,9.0554,14.2127,8.0,4.2426,5.831,6.3246,4.0,4.0,8.6023,7.6158,2.0,8.9443,9.0554,8.2462,6.0
2.0,26.3059,31.7805,32.9848,12.8062,25.0599,48.6621,60.0333,66.0,63.0079,23.0217,47.5184,74.4312,74.108,91.0494,77.7817,22.8035,55.0273,92.6499,57.0088,5.831,14.1421,3.1623,16.1245,10.2956,8.6023,16.0,8.9443,8.2462,13.0384,1.4142,2.0,3.1623,11.4018,15.2315,5.6569,4.0,8.9443,28.2843,54.0,67.082,72.8011,30.4631,59.0085,76.6551,42.5441,54.1295,72.111,22.1359,50.6952,31.7805,14.7648,4.4721,33.3766,70.4557,58.3095,5.099,47.0744,44.9222,20.2485,13.0384,14.1421,14.7648,18.4391,22.3607,21.6333,19.0263,19.6977,14.0,18.868,30.5941,17.8885,19.6977,26.8328,15.2971,6.0,16.4924,3.1623,15.8114,20.2485,35.4683,36.0555,31.0161,27.313,24.6982,5.831,25.0599,39.598,33.5261,27.2029,13.3417,2.8284,12.6491,24.4131,21.0238,24.4131,22.0907,19.6977,8.2462,11.4018,30.4631,21.2132,13.9284,9.4868,5.099,14.2127,19.2354,8.2462,10.7703,19.8494,21.2132,12.8062,24.0832,15.8114,12.1655,11.4018,15.0333,35.3553,55.8032,79.3977,104.8046,86.6833,50.5371,17.088,19.6469,29.8329,55.0273,58.9406,36.8782,8.9443,57.7062,55.2268,31.4006,35.7771,25.2982,22.8035,23.1948,3.1623,4.4721,5.831,7.2111,17.4929,14.1421,0.0,7.0711,39.0128,94.0,101.1237,8.6023,105.119,91.1373,37.3363,33.1361,36.0,32.249,26.0768,5.831,3.1623,2.0,9.0554,42.0476,108.074,121.0372,37.3631,81.4985,91.0824,50.9902,44.3847,30.5941,18.1108,24.0416,34.4384,21.2603,5.099,0.0,10.0,38.0789,95.6033,130.1153,21.4009,113.031,44.9222,17.2047,21.2132,17.088,10.198,10.0,10.0,7.2111,8.2462,8.2462,5.099,6.3246,9.4868,7.6158,3.1623,4.4721,4.0,4.4721,2.0
2.0,23.0217,28.0713,30.5941,9.8995,20.3961,43.0116,57.0088,67.0075,68.1175,17.72,53.0094,70.0286,72.0,85.0059,71.1758,19.6977,61.1882,93.7443,43.0116,9.4868,13.0384,7.0711,19.0263,21.5407,15.2971,14.4222,8.4853,7.0711,12.8062,11.0454,13.0384,15.2971,16.1245,15.5563,12.083,10.198,9.8995,28.6356,46.0435,53.4603,71.0211,42.4264,47.5184,71.0634,41.1825,49.1935,75.9605,18.3848,46.6905,26.5707,19.8494,15.0333,25.2982,66.0303,62.1289,17.72,42.3792,48.0833,21.9545,17.0294,19.8494,16.4924,19.0263,16.4924,14.1421,9.0554,15.2315,21.0238,26.4197,24.4131,16.1245,2.8284,13.4164,16.1245,18.3848,14.5602,20.2485,4.4721,15.6205,21.5407,19.2354,33.9706,40.2244,29.1548,17.2047,4.4721,25.807,32.28,28.0713,24.4131,18.4391,23.4094,21.5407,8.9443,18.3848,11.0454,9.8995,4.0,2.0,22.6716,29.8329,18.6011,11.3137,5.099,7.2111,17.0294,14.7648,11.4018,19.6469,11.6619,7.2111,13.9284,20.3961,20.2485,12.8062,26.9072,51.0882,55.4437,72.4017,72.2357,45.8912,28.0713,2.0,8.4853,26.5707,53.3667,50.636,24.3311,35.4683,61.0574,36.7151,19.2354,41.1096,27.8927,20.8806,23.0217,2.0,1.4142,3.1623,12.7279,17.8885,3.1623,6.3246,6.3246,40.1995,85.1587,101.9804,17.0294,102.0196,94.0213,37.3363,28.0713,32.249,29.1204,29.9666,16.5529,13.9284,8.9443,6.0,38.4708,108.2959,131.0954,37.0135,80.025,84.0952,44.1814,45.5412,33.6155,24.2074,23.3238,28.6356,24.6982,11.3137,4.0,9.4868,20.8806,77.1622,151.1092,32.5576,114.0175,65.9242,16.9706,17.2047,17.4929,14.2127,8.6023,10.0,11.4018,10.198,9.4868,9.4868,8.9443,7.6158,4.4721,4.4721,6.0,5.099,4.2426,2.0
0.0,22.0,26.0,28.0,8.0,18.0,42.0,56.0,68.0,72.0,14.0,56.0,68.0,72.0,84.0,68.0,18.0,64.0,94.0,34.0,12.0,12.0,8.0,20.0,26.0,4.0,4.0,4.0,4.0,8.0,0.0,0.0,4.0,6.0,10.0,6.0,4.0,6.0,28.0,42.0,48.0,70.0,48.0,40.0,66.0,36.0,42.0,76.0,18.0,46.0,26.0,18.0,2.0,18.0,62.0,64.0,24.0,38.0,48.0,20.0,12.0,14.0,2.0,2.0,0.0,8.0,2.0,2.0,4.0,12.0,12.0,12.0,6.0,12.0,20.0,22.0,2.0,22.0,12.0,12.0,14.0,6.0,18.0,40.0,26.0,18.0,8.0,8.0,6.0,8.0,16.0,16.0,20.0,22.0,14.0,22.0,0.0,10.0,0.0,6.0,6.0,22.0,16.0,10.0,10.0,6.0,12.0,12.0,16.0,22.0,8.0,6.0,4.0,2.0,14.0,10.0,30.0,40.0,32.0,60.0,56.0,38.0,28.0,4.0,6.0,28.0,52.0,46.0,16.0,38.0,50.0,20.0,16.0,44.0,28.0,18.0,20.0,0.0,2.0,2.0,12.0,12.0,0.0,6.0,6.0,38.0,76.0,102.0,20.0,100.0,96.0,38.0,24.0,30.0,26.0,24.0,8.0,4.0,8.0,2.0,36.0,108.0,134.0,38.0,78.0,84.0,44.0,42.0,28.0,20.0,22.0,24.0,22.0,12.0,0.0,8.0,12.0,62.0,148.0,60.0,102.0,74.0,12.0,8.0,10.0,12.0,6.0,4.0,2.0,0.0,2.0,4.0,4.0,2.0,8.0,4.0,0.0,0.0,2.0,0.0
