0.0,0.0,0.0,0.0,0.0,0.0,0.0,0.0,0.0,0.0,0.0,0.0,0.0,0.0,0.0,0.0,0.0,0.0,0.0,0.0,0.0,0.0,0.0,0.0,0.0,0.0,0.0,0.0,0.0,0.0,0.0,0.0,0.0,0.0,0.0,0.0,0.0,0.0,0.0,0.0,0.0,0.0,0.0,0.0,0.0,0.0,0.0,0.0,0.0,0.0,0.0,0.0,0.0,0.0,0.0,0.0,0.0,0.0,0.0,0.0,0.0,0.0,0.0,0.0,0.0,0.0,0.0,0.0,0.0,0.0,0.0,0.0,0.0,0.0,0.0,0.0,0.0,0.0,0.0,0.0,0.0,0.0,0.0,0.0,0.0,0.0,0.0,0.0,0.0,0.0,0.0,0.0,0.0,0.0,0.0,0.0,0.0,0.0,0.0,0.0,0.0,0.0,0.0,0.0,0.0,0.0,0.0,0.0,0.0,0.0,0.0,0.0,0.0,0.0,0.0,0.0,0.0,0.0,0.0,0.0,0.0,0.0,0.0,0.0,0.0,0.0,0.0,0.0,0.0,0.0,0.0,0.0,0.0,0.0,0.0,0.0,0.0,0.0,0.0,0.0,0.0,0.0,0.0,0.0,0.0,0.0,0.0,0.0,0.0,0.0,0.0,0.0,0.0,0.0,0.0,0.0,0.0,0.0,0.0,0.0,0.0,0.0,0.0,0.0,0.0,0.0,0.0,0.0,0.0,0.0,0.0,0.0,0.0,0.0,0.0,0.0,0.0,0.0,0.0,0.0,0.0,0.0,0.0,0.0,0.0,0.0,0.0,0.0,0.0,0.0,0.0,0.0,0.0,0.0,0.0,0.0,0.0,0.0,0.0,0.0
0.0,0.0,0.0,-1.0,-2.0,-1.0,1.0,1.0,-2.0,-3.0,-2.0,-1.0,1.0,2.0,2.0,2.0,3.0,4.0,4.0,3.0,1.0,1.0,3.0,2.0,-1.0,-1.0,0.0,1.0,2.0,1.0,0.0,0.0,1.0,3.0,3.0,2.0,3.0,3.0,1.0,0.0,1.0,2.0,1.0,0.0,0.0,0.0,1.0,2.0,2.0,2.0,1.0,-1.0,-3.0,-2.0,1.0,0.0,-2.0,-1.0,1.0,2.0,2.0,3.0,3.0,0.0,-2.0,-1.0,0.0,0.0,0.0,0.0,-1.0,-2.0,-2.0,-2.0,-2.0,-3.0,-3.0,-2.0,-2.0,-2.0,-2.0,-1.0,-1.0,-3.0,-5.0,-5.0,-3.0,-3.0,-4.0,-4.0,-3.0,-2.0,-3.0,-4.0,-4.0,-4.0,-4.0,-3.0,-3.0,-5.0,-5.0,-4.0,-3.0,-1.0,0.0,-1.0,-2.0,-1.0,-1.0,-2.0,-1.0,-1.0,-2.0,-2.0,-3.0,-4.0,-3.0,-2.0,-3.0,-4.0,-4.0,-3.0,-1.0,0.0,-1.0,-2.0,-1.0,-1.0,-2.0,-2.0,-2.0,-1.0,0.0,0.0,0.0,0.0,1.0,2.0,1.0,0.0,1.0,2.0,0.0,-2.0,-1.0,1.0,2.0,0.0,-2.0,0.0,1.0,0.0,0.0,-1.0,-1.0,0.0,0.0,0.0,0.0,0.0,1.0,2.0,1.0,1.0,3.0,2.0,0.0,0.0,-1.0,-1.0,1.0,2.0,1.0,1.0,3.0,4.0,4.0,4.0,4.0,4.0,4.0,4.0,3.0,2.0,3.0,3.0,1.0,1.0,2.0,1.0,0.0,1.0,2.0,1.0,0.0,-1.0,-2.0,-1.0,0.0,0.0
4.0,3.0,1.0,0.0,1.0,2.0,1.0,0.0,0.0,-1.0,-2.0,-1.0,0.0,0.0,2.0,5.0,5.0,4.0,4.0,5.0,6.0,4.0,2.0,2.0,2.0,2.0,1.0,-1.0,-2.0,-1.0,1.0,3.0,4.0,3.0,2.0,2.0,1.0,1.0,3.0,3.0,2.0,2.0,1.0,0.0,0.0,0.0,1.0,2.0,1.0,0.0,1.0,3.0,3.0,1.0,0.0,1.0,2.0,1.0,0.0,0.0,0.0,0.0,0.0,0.0,-1.0,-2.0,-1.0,-1.0,-3.0,-4.0,-4.0,-3.0,-2.0,-4.0,-8.0,-9.0,-5.0,-1.0,-1.0,-3.0,-3.0,-2.0,-3.0,-3.0,-1.0,-1.0,-2.0,-2.0,-3.0,-4.0,-4.0,-5.0,-7.0,-8.0,-8.0,-7.0,-5.0,-3.0,-2.0,-3.0,-5.0,-5.0,-3.0,-4.0,-6.0,-5.0,-2.0,-1.0,-4.0,-5.0,-4.0,-3.0,-1.0,0.0,0.0,0.0,-1.0,-3.0,-3.0,-1.0,-1.0,-3.0,-4.0,-3.0,-1.0,0.0,0.0,-1.0,-3.0,-4.0,-4.0,-4.0,-4.0,-3.0,0.0,2.0,1.0,0.0,0.0,0.0,0.0,0.0,0.0,0.0,1.0,3.0,3.0,1.0,0.0,1.0,3.0,4.0,4.0,3.0,1.0,-1.0,-3.0,-4.0,-3.0,-1.0,0.0,1.0,3.0,4.0,4.0,3.0,2.0,3.0,3.0,2.0,2.0,2.0,4.0,5.0,3.0,3.0,4.0,3.0,1.0,1.0,2.0,2.0,3.0,3.0,2.0,2.0,2.0,2.0,2.0,2.0,1.0,0.0,1.0,3.0,2.0,0.0,1.0,0.0,0.0,2.0
0.0,0.0,-1.0,-2.0,-1.0,-1.0,-3.0,-2.0,2.0,3.0,0.0,-3.0,-4.0,-3.0,-1.0,0.0,0.0,0.0,0.0,-1.0,-2.0,-1.0,1.0,3.0,4.0,4.0,3.0,1.0,0.0,1.0,3.0,4.0,3.0,0.0,-1.0,1.0,0.0,-2.0,-1.0,0.0,-1.0,-2.0,-1.0,0.0,-1.0,-2.0,-2.0,-2.0,-2.0,-1.0,0.0,0.0,2.0,3.0,2.0,3.0,3.0,2.0,1.0,-1.0,-2.0,-3.0,-2.0,2.0,3.0,1.0,0.0,-1.0,-3.0,-4.0,-4.0,-4.0,-3.0,-2.0,-4.0,-5.0,-2.0,-1.0,-3.0,-3.0,-2.0,-3.0,-3.0,-2.0,-1.0,0.0,-1.0,-1.0,-1.0,-2.0,-3.0,-5.0,-5.0,-4.0,-4.0,-4.0,-4.0,-4.0,-4.0,-4.0,-5.0,-6.0,-5.0,-5.0,-7.0,-7.0,-6.0,-6.0,-5.0,-3.0,0.0,2.0,0.0,-3.0,-4.0,-4.0,-4.0,-3.0,0.0,2.0,1.0,0.0,0.0,-1.0,-2.0,-1.0,-1.0,-2.0,-2.0,-2.0,-2.0,-3.0,-4.0,-5.0,-5.0,-2.0,-1.0,-2.0,-1.0,-1.0,-2.0,0.0,3.0,3.0,1.0,0.0,-1.0,-1.0,1.0,1.0,1.0,1.0,0.0,1.0,2.0,2.0,1.0,1.0,3.0,4.0,4.0,4.0,4.0,3.0,1.0,2.0,4.0,3.0,2.0,1.0,0.0,1.0,2.0,1.0,-1.0,-2.0,-1.0,0.0,0.0,0.0,0.0,1.0,3.0,3.0,2.0,2.0,1.0,0.0,2.0,4.0,2.0,0.0,1.0,4.0,5.0,2.0,0.0,-1.0,-2.0,-2.0
-2.0,-2.0,-1.0,1.0,1.0,-2.0,-4.0,-3.0,-1.0,1.0,1.0,-1.0,-1.0,1.0,1.0,-2.0,-4.0,-4.0,-5.0,-6.0,-5.0,-2.0,1.0,2.0,2.0,2.0,3.0,4.0,3.0,1.0,0.0,0.0,0.0,1.0,1.0,-1.0,-1.0,0.0,0.0,0.0,0.0,1.0,3.0,3.0,0.0,-2.0,-1.0,1.0,2.0,1.0,0.0,-1.0,-2.0,-1.0,1.0,2.0,0.0,-2.0,-1.0,0.0,1.0,2.0,1.0,-1.0,-2.0,-1.0,-1.0,-1.0,1.0,1.0,-1.0,-2.0,-1.0,0.0,1.0,2.0,1.0,-1.0,-3.0,-3.0,-3.0,-4.0,-2.0,-1.0,-3.0,-3.0,-2.0,-4.0,-6.0,-5.0,-3.0,-1.0,0.0,-1.0,-2.0,-2.0,-3.0,-4.0,-4.0,-4.0,-4.0,-4.0,-4.0,-4.0,-4.0,-4.0,-5.0,-4.0,-1.0,-2.0,-3.0,-2.0,-3.0,-3.0,-2.0,-4.0,-6.0,-5.0,-3.0,-1.0,-1.0,-3.0,-4.0,-4.0,-4.0,-4.0,-3.0,-2.0,-2.0,0.0,1.0,0.0,1.0,1.0,-1.0,-2.0,0.0,1.0,-1.0,-2.0,-2.0,-2.0,-2.0,0.0,1.0,-1.0,0.0,2.0,1.0,-1.0,-2.0,-1.0,0.0,1.0,3.0,4.0,4.0,4.0,5.0,5.0,4.0,5.0,4.0,1.0,0.0,1.0,2.0,1.0,0.0,0.0,0.0,0.0,0.0,1.0,2.0,1.0,1.0,3.0,3.0,2.0,3.0,3.0,2.0,3.0,3.0,2.0,3.0,4.0,4.0,3.0,2.0,2.0,0.0,-2.0,0.0,1.0,0.0,3.0,4.0,2.0
2.0,0.0,-2.0,0.0,1.0,0.0,1.0,0.0,-3.0,-3.0,0.0,3.0,4.0,4.0,4.0,2.0,-1.0,-1.0,0.0,0.0,0.0,0.0,-1.0,-2.0,-1.0,0.0,0.0,0.0,0.0,1.0,2.0,1.0,1.0,3.0,2.0,-2.0,-1.0,2.0,0.0,0.0,3.0,3.0,2.0,2.0,2.0,2.0,2.0,2.0,1.0,-1.0,-1.0,1.0,1.0,0.0,0.0,0.0,1.0,2.0,2.0,2.0,2.0,2.0,0.0,-3.0,-3.0,-2.0,-3.0,-3.0,-1.0,-1.0,-2.0,-2.0,-2.0,-1.0,1.0,1.0,-1.0,-1.0,-1.0,-3.0,-4.0,-3.0,-2.0,-2.0,-3.0,-5.0,-5.0,-5.0,-6.0,-5.0,-4.0,-4.0,-4.0,-4.0,-4.0,-3.0,-2.0,-4.0,-5.0,-4.0,-5.0,-5.0,-4.0,-3.0,-1.0,-2.0,-5.0,-6.0,-6.0,-5.0,-6.0,-8.0,-6.0,-4.0,-3.0,-2.0,-3.0,-4.0,-3.0,-2.0,-3.0,-5.0,-7.0,-7.0,-5.0,-4.0,-3.0,-2.0,-2.0,-1.0,0.0,0.0,0.0,1.0,2.0,1.0,0.0,0.0,0.0,0.0,0.0,0.0,0.0,0.0,1.0,2.0,1.0,1.0,2.0,1.0,0.0,1.0,3.0,4.0,4.0,4.0,3.0,1.0,0.0,1.0,2.0,2.0,2.0,2.0,2.0,0.0,-1.0,1.0,1.0,0.0,0.0,0.0,0.0,1.0,2.0,2.0,3.0,3.0,1.0,0.0,2.0,4.0,3.0,4.0,5.0,3.0,3.0,4.0,3.0,2.0,3.0,3.0,1.0,-1.0,-2.0,-1.0,1.0,4.0,6.0,6.0
0.0,0.0,-1.0,-1.0,1.0,2.0,1.0,-1.0,-3.0,-4.0,-3.0,-1.0,1.0,0.0,-2.0,1.0,3.0,2.0,3.0,3.0,2.0,2.0,2.0,1.0,-1.0,-1.0,-1.0,-2.0,-1.0,1.0,2.0,2.0,3.0,2.0,0.0,1.0,1.0,0.0,1.0,2.0,0.0,-2.0,-1.0,0.0,1.0,3.0,4.0,3.0,2.0,2.0,1.0,1.0,2.0,1.0,0.0,-1.0,-1.0,2.0,4.0,4.0,3.0,0.0,-2.0,-1.0,0.0,-1.0,-2.0,-3.0,-4.0,-3.0,-2.0,-2.0,-3.0,-2.0,1.0,1.0,0.0,0.0,0.0,-1.0,-2.0,-3.0,-5.0,-4.0,-1.0,-2.0,-5.0,-5.0,-4.0,-2.0,-1.0,-4.0,-5.0,-3.0,-3.0,-5.0,-6.0,-8.0,-9.0,-7.0,-6.0,-6.0,-7.0,-7.0,-5.0,-6.0,-9.0,-10.0,-10.0,-8.0,-6.0,-5.0,-2.0,-1.0,-3.0,-4.0,-4.0,-3.0,-1.0,-1.0,-3.0,-3.0,-2.0,-3.0,-4.0,-4.0,-4.0,-3.0,-1.0,-1.0,-1.0,0.0,-1.0,-1.0,0.0,0.0,-1.0,-2.0,-1.0,1.0,1.0,0.0,1.0,1.0,1.0,2.0,1.0,1.0,3.0,4.0,3.0,2.0,2.0,1.0,0.0,0.0,0.0,0.0,-1.0,-2.0,-1.0,0.0,1.0,3.0,3.0,1.0,0.0,0.0,0.0,0.0,1.0,2.0,1.0,0.0,1.0,2.0,1.0,-1.0,-1.0,1.0,1.0,0.0,0.0,0.0,2.0,4.0,1.0,-2.0,-1.0,1.0,2.0,1.0,0.0,0.0,0.0,1.0,2.0,0.0,-1.0,0.0
0.0,0.0,0.0,0.0,1.0,1.0,-1.0,0.0,2.0,1.0,0.0,-1.0,-2.0,-1.0,-1.0,-1.0,1.0,1.0,0.0,0.0,1.0,2.0,1.0,1.0,2.0,1.0,1.0,2.0,1.0,-1.0,-1.0,2.0,3.0,1.0,1.0,4.0,4.0,1.0,2.0,3.0,1.0,1.0,2.0,1.0,0.0,0.0,0.0,1.0,3.0,4.0,3.0,1.0,0.0,0.0,0.0,0.0,0.0,0.0,0.0,0.0,0.0,0.0,-1.0,-2.0,-2.0,-1.0,1.0,1.0,0.0,0.0,0.0,0.0,0.0,0.0,0.0,0.0,-1.0,-2.0,-1.0,0.0,-1.0,-2.0,-1.0,-1.0,-2.0,-2.0,-3.0,-3.0,-2.0,-2.0,-1.0,0.0,0.0,-3.0,-12.0,-22.0,-27.0,-32.0,-41.0,-48.0,-49.0,-50.0,-58.0,-65.0,-64.0,-57.0,-41.0,-22.0,-11.0,-6.0,-3.0,-1.0,-1.0,-2.0,-2.0,-3.0,-5.0,-6.0,-6.0,-5.0,-3.0,-2.0,-1.0,0.0,0.0,-1.0,-3.0,-4.0,-3.0,-2.0,-3.0,-4.0,-3.0,-2.0,-3.0,-3.0,-1.0,-1.0,-2.0,-1.0,-2.0,-5.0,-4.0,-1.0,0.0,0.0,1.0,2.0,2.0,3.0,3.0,1.0,0.0,0.0,0.0,0.0,0.0,0.0,0.0,0.0,1.0,2.0,2.0,1.0,-1.0,-1.0,0.0,0.0,0.0,0.0,1.0,2.0,1.0,0.0,0.0,0.0,-1.0,-2.0,-1.0,0.0,-1.0,-2.0,-1.0,-2.0,-4.0,-2.0,0.0,0.0,1.0,2.0,1.0,0.0,-1.0,-1.0,1.0,1.0,0.0,0.0,0.0,0.0
-2.0,-1.0,1.0,0.0,-2.0,0.0,2.0,0.0,-2.0,-1.0,1.0,2.0,0.0,-1.0,0.0,-1.0,-2.0,-2.0,-1.0,0.0,-1.0,-3.0,-4.0,-3.0,-1.0,-1.0,-1.0,2.0,3.0,1.0,1.0,2.0,1.0,1.0,2.0,2.0,3.0,3.0,1.0,1.0,3.0,3.0,1.0,0.0,0.0,0.0,0.0,0.0,0.0,0.0,0.0,1.0,2.0,2.0,2.0,2.0,2.0,0.0,-2.0,-2.0,-3.0,-3.0,-1.0,0.0,0.0,1.0,2.0,2.0,1.0,-1.0,-2.0,-3.0,-3.0,-1.0,0.0,0.0,-1.0,-3.0,-3.0,-2.0,-3.0,-3.0,-2.0,-3.0,-5.0,-5.0,-3.0,-2.0,-1.0,-3.0,-6.0,-6.0,-12.0,-25.0,-44.0,-86.0,-140.0,-179.0,-213.0,-239.0,-247.0,-252.0,-261.0,-265.0,-251.0,-223.0,-188.0,-136.0,-80.0,-44.0,-26.0,-16.0,-11.0,-10.0,-7.0,-3.0,-3.0,-4.0,-5.0,-7.0,-7.0,-5.0,-4.0,-3.0,-2.0,-2.0,-2.0,-3.0,-4.0,-4.0,-5.0,-6.0,-4.0,-2.0,-3.0,-3.0,-1.0,0.0,0.0,-1.0,-3.0,-4.0,-3.0,-1.0,-1.0,-2.0,-1.0,0.0,0.0,0.0,1.0,2.0,2.0,2.0,2.0,2.0,1.0,0.0,0.0,1.0,2.0,1.0,-1.0,-3.0,-3.0,-1.0,1.0,3.0,4.0,4.0,3.0,2.0,3.0,4.0,3.0,2.0,2.0,2.0,1.0,-2.0,-3.0,-1.0,0.0,0.0,-1.0,-2.0,0.0,2.0,1.0,0.0,0.0,1.0,2.0,1.0,1.0,2.0,1.0,2.0,4.0,4.0
-6.0,-4.0,0.0,2.0,1.0,1.0,2.0,1.0,0.0,0.0,0.0,0.0,-1.0,-3.0,-4.0,-4.0,-4.0,-3.0,-1.0,0.0,-1.0,-2.0,-1.0,0.0,-1.0,-2.0,-1.0,0.0,0.0,0.0,0.0,1.0,2.0,1.0,0.0,0.0,0.0,1.0,2.0,1.0,0.0,0.0,1.0,3.0,4.0,4.0,3.0,0.0,-2.0,-2.0,-2.0,0.0,2.0,1.0,0.0,0.0,-1.0,-3.0,-4.0,-3.0,-2.0,-2.0,-1.0,0.0,1.0,1.0,-1.0,-3.0,-5.0,-4.0,-2.0,-2.0,-2.0,-3.0,-4.0,-3.0,-2.0,-4.0,-5.0,-3.0,-3.0,-5.0,-7.0,-7.0,-5.0,-4.0,-4.0,-5.0,-6.0,-10.0,-26.0,-67.0,-133.0,-201.0,-260.0,-304.0,-321.0,-315.0,-303.0,-295.0,-295.0,-302.0,-305.0,-306.0,-310.0,-312.0,-316.0,-317.0,-303.0,-276.0,-227.0,-154.0,-84.0,-38.0,-15.0,-6.0,-4.0,-4.0,-3.0,-2.0,-3.0,-3.0,-2.0,-3.0,-4.0,-4.0,-2.0,1.0,0.0,-3.0,-4.0,-4.0,-4.0,-3.0,-1.0,0.0,-1.0,-2.0,0.0,2.0,2.0,2.0,1.0,0.0,-1.0,-1.0,1.0,0.0,-2.0,0.0,3.0,4.0,3.0,1.0,-1.0,-2.0,0.0,2.0,1.0,0.0,0.0,0.0,-1.0,-1.0,1.0,2.0,2.0,2.0,3.0,4.0,3.0,2.0,2.0,1.0,1.0,2.0,2.0,3.0,4.0,3.0,0.0,-1.0,1.0,2.0,2.0,1.0,0.0,0.0,-1.0,-1.0,1.0,2.0,3.0,3.0,2.0,3.0,4.0,4.0,4.0,4.0
0.0,0.0,-1.0,-1.0,1.0,1.0,0.0,1.0,3.0,3.0,1.0,0.0,1.0,2.0,1.0,-1.0,-2.0,-1.0,0.0,0.0,1.0,3.0,3.0,1.0,0.0,0.0,-1.0,-2.0,-2.0,-2.0,-1.0,0.0,0.0,1.0,3.0,3.0,1.0,1.0,2.0,2.0,3.0,3.0,2.0,2.0,2.0,2.0,0.0,-2.0,-2.0,-2.0,-1.0,-1.0,-2.0,-2.0,-3.0,-4.0,-3.0,-1.0,-1.0,-2.0,-1.0,-1.0,-3.0,-4.0,-4.0,-4.0,-4.0,-5.0,-6.0,-5.0,-4.0,-3.0,-2.0,-4.0,-6.0,-5.0,-4.0,-4.0,-4.0,-3.0,-1.0,-1.0,-3.0,-4.0,-3.0,-2.0,-2.0,-11.0,-38.0,-91.0,-183.0,-283.0,-340.0,-353.0,-344.0,-310.0,-264.0,-235.0,-211.0,-187.0,-176.0,-169.0,-156.0,-147.0,-158.0,-182.0,-207.0,-248.0,-294.0,-313.0,-312.0,-305.0,-285.0,-235.0,-156.0,-78.0,-27.0,-8.0,-6.0,-5.0,-4.0,-5.0,-5.0,-4.0,-5.0,-5.0,-3.0,-1.0,-1.0,-3.0,-3.0,-1.0,-2.0,-4.0,-2.0,-1.0,-3.0,-4.0,-3.0,-1.0,0.0,0.0,-1.0,-3.0,-3.0,-1.0,0.0,0.0,0.0,0.0,-1.0,-2.0,-1.0,1.0,1.0,0.0,2.0,4.0,3.0,1.0,0.0,0.0,1.0,3.0,4.0,5.0,5.0,3.0,3.0,3.0,2.0,2.0,1.0,0.0,0.0,0.0,0.0,0.0,1.0,3.0,3.0,1.0,0.0,0.0,0.0,0.0,0.0,1.0,3.0,4.0,3.0,1.0,1.0,3.0,3.0,2.0,2.0,1.0,1.0,2.0
2.0,1.0,0.0,-1.0,-3.0,-3.0,-1.0,-1.0,-1.0,0.0,-1.0,-1.0,1.0,2.0,2.0,2.0,1.0,-1.0,-2.0,-1.0,0.0,0.0,0.0,-1.0,-2.0,-1.0,0.0,0.0,0.0,1.0,2.0,0.0,-2.0,-1.0,1.0,2.0,2.0,2.0,1.0,1.0,3.0,4.0,3.0,0.0,-2.0,-1.0,-1.0,-1.0,0.0,0.0,1.0,0.0,-2.0,-1.0,0.0,0.0,0.0,0.0,0.0,0.0,-1.0,-3.0,-4.0,-4.0,-4.0,-3.0,-3.0,-4.0,-3.0,-3.0,-3.0,-2.0,-3.0,-4.0,-4.0,-4.0,-4.0,-3.0,-2.0,-2.0,-1.0,0.0,-1.0,-4.0,-7.0,-9.0,-30.0,-104.0,-216.0,-310.0,-354.0,-337.0,-282.0,-227.0,-178.0,-145.0,-139.0,-145.0,-150.0,-156.0,-159.0,-151.0,-137.0,-125.0,-118.0,-116.0,-112.0,-109.0,-116.0,-130.0,-163.0,-224.0,-282.0,-307.0,-305.0,-278.0,-207.0,-110.0,-40.0,-12.0,-4.0,-2.0,-2.0,-1.0,0.0,0.0,-2.0,-5.0,-5.0,-4.0,-5.0,-5.0,-2.0,0.0,0.0,0.0,0.0,-1.0,-4.0,-6.0,-5.0,-3.0,-2.0,-2.0,-1.0,0.0,0.0,1.0,2.0,0.0,-2.0,-1.0,0.0,0.0,0.0,0.0,0.0,1.0,2.0,1.0,0.0,0.0,2.0,5.0,6.0,6.0,4.0,1.0,1.0,3.0,3.0,1.0,2.0,4.0,2.0,1.0,2.0,1.0,0.0,0.0,1.0,1.0,0.0,2.0,3.0,1.0,0.0,1.0,3.0,1.0,-3.0,-1.0,3.0,3.0,1.0,1.0,2.0,1.0,0.0,0.0
2.0,1.0,0.0,0.0,0.0,0.0,0.0,1.0,1.0,-1.0,-1.0,1.0,1.0,-1.0,-2.0,-2.0,-1.0,0.0,1.0,2.0,1.0,0.0,0.0,0.0,0.0,1.0,3.0,1.0,-2.0,0.0,0.0,-2.0,-1.0,-1.0,-2.0,-2.0,-2.0,-1.0,0.0,0.0,0.0,0.0,0.0,1.0,2.0,1.0,1.0,2.0,2.0,2.0,1.0,0.0,0.0,0.0,0.0,0.0,-1.0,-2.0,-1.0,0.0,0.0,-1.0,-3.0,-3.0,-2.0,-4.0,-6.0,-4.0,-2.0,-3.0,-2.0,0.0,-2.0,-4.0,-4.0,-5.0,-6.0,-4.0,-1.0,0.0,-1.0,-2.0,-3.0,-8.0,-27.0,-99.0,-226.0,-322.0,-344.0,-315.0,-241.0,-152.0,-103.0,-99.0,-107.0,-111.0,-112.0,-108.0,-104.0,-108.0,-112.0,-113.0,-118.0,-127.0,-135.0,-138.0,-140.0,-142.0,-141.0,-140.0,-136.0,-127.0,-123.0,-146.0,-205.0,-266.0,-291.0,-270.0,-198.0,-94.0,-20.0,-1.0,-1.0,-1.0,-2.0,-2.0,-4.0,-7.0,-7.0,-5.0,-5.0,-7.0,-6.0,-3.0,-3.0,-4.0,-3.0,-1.0,-2.0,-4.0,-3.0,-3.0,-3.0,-2.0,-2.0,-1.0,0.0,-1.0,-2.0,-2.0,-1.0,1.0,1.0,0.0,1.0,2.0,1.0,0.0,1.0,2.0,2.0,3.0,4.0,4.0,3.0,0.0,-2.0,-1.0,-1.0,-1.0,0.0,-1.0,0.0,3.0,4.0,4.0,3.0,2.0,3.0,3.0,1.0,0.0,1.0,3.0,4.0,4.0,4.0,3.0,1.0,0.0,0.0,0.0,0.0,0.0,0.0,1.0,3.0,4.0,3.0,2.0
0.0,0.0,0.0,1.0,3.0,3.0,1.0,0.0,-1.0,-2.0,-1.0,0.0,-1.0,-3.0,-3.0,-1.0,0.0,1.0,2.0,1.0,1.0,1.0,-1.0,-1.0,0.0,-1.0,-3.0,-3.0,-1.0,0.0,0.0,0.0,0.0,1.0,1.0,-2.0,-3.0,-1.0,0.0,-1.0,-3.0,-3.0,-1.0,1.0,2.0,1.0,1.0,3.0,4.0,3.0,1.0,0.0,0.0,0.0,-1.0,-2.0,-1.0,0.0,-1.0,-2.0,-1.0,-2.0,-4.0,-3.0,-3.0,-5.0,-5.0,-3.0,-3.0,-4.0,-5.0,-6.0,-6.0,-6.0,-5.0,-3.0,-1.0,0.0,-1.0,-4.0,-6.0,-5.0,-9.0,-54.0,-172.0,-305.0,-361.0,-320.0,-227.0,-144.0,-100.0,-92.0,-99.0,-101.0,-95.0,-81.0,-68.0,-62.0,-58.0,-54.0,-48.0,-44.0,-46.0,-50.0,-56.0,-64.0,-77.0,-97.0,-116.0,-130.0,-138.0,-137.0,-132.0,-130.0,-127.0,-131.0,-171.0,-238.0,-281.0,-265.0,-180.0,-75.0,-20.0,-10.0,-10.0,-8.0,-5.0,-3.0,-2.0,-3.0,-3.0,-2.0,-3.0,-5.0,-7.0,-8.0,-6.0,-2.0,-1.0,-2.0,-1.0,-1.0,-2.0,-2.0,-2.0,-3.0,-3.0,-1.0,-1.0,-1.0,0.0,0.0,1.0,2.0,2.0,3.0,3.0,1.0,1.0,2.0,1.0,0.0,-1.0,-2.0,-1.0,-1.0,-2.0,0.0,2.0,1.0,0.0,0.0,0.0,1.0,2.0,2.0,3.0,3.0,2.0,3.0,4.0,4.0,3.0,1.0,1.0,3.0,4.0,3.0,1.0,2.0,5.0,4.0,0.0,-2.0,-1.0,-1.0,-2.0,-1.0,1.0,2.0
-2.0,-1.0,1.0,2.0,1.0,0.0,0.0,-1.0,-2.0,0.0,2.0,1.0,0.0,-1.0,-2.0,-1.0,0.0,-1.0,-3.0,-3.0,-2.0,-2.0,-2.0,-3.0,-4.0,-4.0,-3.0,0.0,3.0,3.0,2.0,2.0,2.0,2.0,1.0,1.0,2.0,1.0,1.0,1.0,-1.0,-1.0,0.0,0.0,1.0,2.0,1.0,0.0,0.0,0.0,0.0,0.0,0.0,0.0,0.0,0.0,0.0,0.0,-1.0,-4.0,-7.0,-6.0,-3.0,-3.0,-3.0,-1.0,0.0,-1.0,-1.0,1.0,-1.0,-6.0,-7.0,-5.0,-4.0,-4.0,-4.0,-3.0,-2.0,-3.0,-4.0,-19.0,-98.0,-236.0,-333.0,-316.0,-217.0,-133.0,-103.0,-94.0,-91.0,-96.0,-95.0,-82.0,-68.0,-57.0,-46.0,-34.0,-22.0,-13.0,-11.0,-11.0,-7.0,-1.0,4.0,4.0,-2.0,-10.0,-22.0,-42.0,-65.0,-86.0,-106.0,-123.0,-132.0,-133.0,-126.0,-121.0,-156.0,-232.0,-278.0,-237.0,-133.0,-47.0,-15.0,-6.0,0.0,3.0,2.0,-1.0,0.0,2.0,1.0,-1.0,-3.0,-4.0,-4.0,-4.0,-3.0,-2.0,-2.0,-2.0,-2.0,-1.0,0.0,-1.0,-2.0,0.0,2.0,1.0,0.0,0.0,0.0,-1.0,-2.0,-1.0,0.0,1.0,2.0,2.0,2.0,1.0,0.0,0.0,1.0,2.0,2.0,1.0,-1.0,-1.0,1.0,3.0,3.0,1.0,-1.0,-2.0,0.0,2.0,1.0,1.0,3.0,4.0,3.0,1.0,-1.0,-2.0,-1.0,-1.0,-2.0,-1.0,1.0,2.0,2.0,2.0,1.0,-2.0,-4.0,-3.0,-2.0,-2.0
2.0,1.0,-1.0,-2.0,-1.0,-1.0,-2.0,-1.0,1.0,2.0,1.0,0.0,0.0,0.0,0.0,0.0,0.0,-1.0,-2.0,-1.0,-1.0,-2.0,-1.0,-1.0,-2.0,-1.0,1.0,2.0,1.0,0.0,0.0,0.0,0.0,-1.0,-1.0,2.0,3.0,1.0,0.0,0.0,1.0,1.0,-1.0,-1.0,0.0,0.0,0.0,-1.0,-2.0,-1.0,0.0,0.0,0.0,-1.0,-2.0,-2.0,-2.0,-2.0,-2.0,-3.0,-5.0,-3.0,0.0,-1.0,-2.0,-2.0,-2.0,-2.0,-2.0,-4.0,-5.0,-3.0,-3.0,-3.0,-1.0,-2.0,-4.0,-3.0,-3.0,-5.0,-39.0,-152.0,-291.0,-337.0,-264.0,-158.0,-98.0,-79.0,-75.0,-76.0,-72.0,-61.0,-47.0,-34.0,-23.0,-16.0,-11.0,-6.0,-1.0,5.0,7.0,6.0,6.0,6.0,9.0,12.0,9.0,6.0,5.0,0.0,-10.0,-22.0,-34.0,-50.0,-73.0,-100.0,-118.0,-115.0,-107.0,-120.0,-175.0,-249.0,-263.0,-187.0,-81.0,-18.0,-3.0,-2.0,-3.0,-3.0,-1.0,-1.0,-3.0,-4.0,-3.0,-2.0,-4.0,-6.0,-4.0,-1.0,-1.0,-3.0,-4.0,-3.0,-1.0,0.0,-1.0,-1.0,1.0,0.0,-2.0,-1.0,0.0,1.0,3.0,3.0,1.0,1.0,3.0,3.0,2.0,3.0,4.0,3.0,1.0,1.0,3.0,3.0,1.0,0.0,1.0,3.0,3.0,1.0,1.0,0.0,-3.0,-1.0,2.0,1.0,0.0,0.0,0.0,1.0,1.0,-1.0,-1.0,0.0,-1.0,-2.0,-1.0,-1.0,-2.0,0.0,2.0,2.0,2.0,1.0,-1.0,-2.0
0.0,1.0,0.0,-3.0,-4.0,-3.0,-1.0,0.0,1.0,1.0,-2.0,-4.0,-3.0,-1.0,-1.0,-2.0,-1.0,1.0,2.0,1.0,0.0,0.0,1.0,3.0,3.0,1.0,0.0,0.0,0.0,0.0,0.0,0.0,-1.0,-2.0,-1.0,0.0,0.0,0.0,-1.0,-1.0,1.0,2.0,2.0,1.0,-1.0,-2.0,-1.0,0.0,0.0,0.0,0.0,-1.0,-2.0,-2.0,-2.0,-1.0,-1.0,-2.0,-1.0,0.0,0.0,-1.0,-2.0,-1.0,-1.0,-3.0,-5.0,-6.0,-6.0,-7.0,-6.0,-2.0,-1.0,-3.0,-4.0,-3.0,-1.0,-3.0,-11.0,-69.0,-214.0,-343.0,-335.0,-229.0,-140.0,-101.0,-85.0,-76.0,-69.0,-61.0,-47.0,-29.0,-15.0,-8.0,-4.0,0.0,4.0,6.0,5.0,5.0,7.0,8.0,8.0,8.0,8.0,7.0,3.0,-1.0,-1.0,1.0,3.0,0.0,-9.0,-18.0,-28.0,-45.0,-77.0,-119.0,-146.0,-144.0,-128.0,-144.0,-211.0,-260.0,-219.0,-113.0,-31.0,-7.0,-4.0,-3.0,-6.0,-7.0,-6.0,-6.0,-5.0,-4.0,-4.0,-3.0,-1.0,-1.0,-2.0,0.0,1.0,-1.0,-2.0,-2.0,-1.0,-1.0,-3.0,-2.0,1.0,2.0,3.0,4.0,3.0,1.0,1.0,2.0,1.0,0.0,0.0,1.0,2.0,1.0,0.0,1.0,2.0,2.0,3.0,3.0,1.0,0.0,0.0,0.0,1.0,2.0,1.0,0.0,1.0,2.0,1.0,0.0,1.0,3.0,4.0,3.0,1.0,0.0,0.0,0.0,0.0,1.0,2.0,2.0,3.0,4.0,2.0,-2.0,-3.0,-2.0
2.0,3.0,3.0,0.0,-2.0,-1.0,-1.0,-1.0,1.0,1.0,0.0,0.0,1.0,2.0,0.0,-3.0,-3.0,0.0,2.0,1.0,1.0,3.0,3.0,2.0,2.0,2.0,2.0,0.0,-2.0,-1.0,0.0,0.0,1.0,3.0,3.0,1.0,0.0,0.0,0.0,1.0,2.0,2.0,2.0,1.0,0.0,0.0,0.0,0.0,0.0,0.0,0.0,0.0,0.0,1.0,2.0,1.0,-1.0,-2.0,-1.0,0.0,0.0,-1.0,-3.0,-4.0,-4.0,-4.0,-4.0,-4.0,-4.0,-4.0,-5.0,-6.0,-4.0,-2.0,-2.0,-2.0,-4.0,-20.0,-105.0,-264.0,-358.0,-305.0,-198.0,-129.0,-94.0,-73.0,-65.0,-60.0,-46.0,-27.0,-14.0,-9.0,-6.0,-1.0,4.0,7.0,7.0,6.0,4.0,0.0,-2.0,-3.0,-4.0,-4.0,-4.0,-3.0,-1.0,-1.0,-2.0,-2.0,-1.0,-1.0,-5.0,-8.0,-9.0,-12.0,-24.0,-55.0,-90.0,-115.0,-130.0,-127.0,-131.0,-182.0,-251.0,-255.0,-170.0,-68.0,-16.0,-5.0,-4.0,-4.0,-5.0,-6.0,-5.0,-4.0,-3.0,-2.0,-3.0,-4.0,-4.0,-3.0,-1.0,-1.0,-3.0,-3.0,-2.0,-4.0,-6.0,-3.0,2.0,4.0,3.0,1.0,0.0,0.0,1.0,2.0,1.0,0.0,-1.0,-2.0,-1.0,0.0,0.0,0.0,1.0,2.0,1.0,0.0,0.0,0.0,0.0,1.0,2.0,2.0,2.0,1.0,0.0,0.0,0.0,1.0,3.0,3.0,2.0,3.0,3.0,1.0,1.0,2.0,1.0,1.0,4.0,5.0,3.0,2.0,2.0,2.0,2.0,2.0
2.0,0.0,0.0,3.0,4.0,3.0,1.0,1.0,2.0,2.0,3.0,3.0,1.0,1.0,3.0,2.0,-2.0,-4.0,-4.0,-2.0,2.0,3.0,1.0,0.0,0.0,0.0,0.0,-1.0,-3.0,-4.0,-3.0,-1.0,1.0,2.0,1.0,0.0,0.0,0.0,1.0,2.0,1.0,1.0,2.0,1.0,0.0,0.0,0.0,0.0,0.0,0.0,0.0,1.0,2.0,2.0,2.0,1.0,1.0,1.0,-2.0,-4.0,-4.0,-3.0,-2.0,-4.0,-6.0,-6.0,-6.0,-5.0,-4.0,-4.0,-5.0,-6.0,-4.0,-1.0,0.0,-1.0,-27.0,-137.0,-306.0,-367.0,-266.0,-151.0,-100.0,-73.0,-54.0,-44.0,-36.0,-26.0,-14.0,-7.0,-6.0,-5.0,-3.0,0.0,4.0,6.0,5.0,4.0,2.0,-2.0,-3.0,-2.0,-3.0,-5.0,-6.0,-4.0,0.0,1.0,-1.0,-2.0,-4.0,-5.0,-4.0,-5.0,-5.0,-3.0,0.0,0.0,-13.0,-45.0,-85.0,-109.0,-116.0,-126.0,-168.0,-241.0,-273.0,-210.0,-98.0,-24.0,-5.0,-5.0,-6.0,-5.0,-3.0,-2.0,-3.0,-4.0,-4.0,-4.0,-4.0,-5.0,-5.0,-3.0,-2.0,-1.0,-1.0,-3.0,-3.0,-1.0,0.0,0.0,0.0,0.0,1.0,3.0,3.0,1.0,0.0,0.0,0.0,-1.0,-2.0,-1.0,0.0,1.0,3.0,3.0,2.0,2.0,1.0,0.0,1.0,3.0,3.0,1.0,0.0,1.0,2.0,2.0,2.0,2.0,2.0,1.0,0.0,0.0,0.0,1.0,3.0,4.0,4.0,4.0,3.0,1.0,1.0,2.0,3.0,5.0,4.0,2.0
-2.0,-2.0,-1.0,0.0,1.0,3.0,3.0,1.0,-1.0,-1.0,1.0,1.0,0.0,1.0,3.0,4.0,3.0,0.0,-2.0,-1.0,-1.0,-3.0,-3.0,-1.0,0.0,0.0,0.0,1.0,2.0,1.0,0.0,0.0,-1.0,-2.0,-1.0,1.0,2.0,2.0,2.0,1.0,0.0,0.0,0.0,0.0,1.0,2.0,1.0,0.0,0.0,0.0,0.0,-1.0,-3.0,-4.0,-3.0,-1.0,0.0,-1.0,-3.0,-4.0,-4.0,-3.0,-2.0,-4.0,-7.0,-8.0,-7.0,-5.0,-3.0,-1.0,0.0,0.0,0.0,-1.0,-5.0,-43.0,-176.0,-338.0,-354.0,-233.0,-128.0,-78.0,-46.0,-29.0,-23.0,-18.0,-11.0,-2.0,-1.0,-6.0,-7.0,-2.0,4.0,4.0,2.0,2.0,2.0,1.0,-1.0,-2.0,-2.0,-1.0,0.0,0.0,-1.0,-2.0,-1.0,1.0,1.0,-1.0,-3.0,-3.0,0.0,1.0,0.0,-1.0,-2.0,0.0,1.0,-7.0,-29.0,-56.0,-76.0,-92.0,-108.0,-143.0,-210.0,-268.0,-248.0,-144.0,-45.0,-8.0,-3.0,-2.0,-3.0,-4.0,-5.0,-6.0,-5.0,-5.0,-5.0,-3.0,-3.0,-3.0,-1.0,0.0,0.0,0.0,0.0,-1.0,-3.0,-3.0,-1.0,0.0,0.0,1.0,2.0,1.0,0.0,1.0,3.0,4.0,3.0,2.0,3.0,4.0,2.0,0.0,2.0,4.0,4.0,4.0,4.0,3.0,2.0,3.0,4.0,4.0,4.0,4.0,3.0,1.0,0.0,0.0,0.0,0.0,0.0,0.0,1.0,2.0,2.0,3.0,3.0,1.0,1.0,2.0,0.0,-2.0,-1.0,0.0
0.0,0.0,1.0,2.0,1.0,0.0,0.0,-1.0,-2.0,-2.0,-2.0,-1.0,1.0,2.0,2.0,2.0,2.0,2.0,1.0,-1.0,-3.0,-3.0,-1.0,0.0,0.0,1.0,2.0,2.0,3.0,3.0,1.0,0.0,-1.0,-1.0,1.0,1.0,0.0,1.0,2.0,1.0,0.0,-1.0,-2.0,0.0,2.0,2.0,2.0,1.0,-1.0,-2.0,-1.0,0.0,-1.0,-3.0,-3.0,-1.0,-1.0,-3.0,-4.0,-3.0,-2.0,-3.0,-4.0,-4.0,-5.0,-5.0,-3.0,-3.0,-4.0,-3.0,-1.0,-1.0,-3.0,-6.0,-57.0,-213.0,-364.0,-337.0,-189.0,-87.0,-51.0,-28.0,-12.0,-7.0,-5.0,-4.0,-4.0,-4.0,-4.0,-4.0,-3.0,-2.0,-2.0,0.0,3.0,4.0,3.0,0.0,-2.0,-2.0,-3.0,-3.0,-1.0,-1.0,-4.0,-6.0,-3.0,1.0,1.0,0.0,-1.0,-3.0,-2.0,1.0,1.0,-1.0,-4.0,-6.0,-3.0,0.0,-6.0,-24.0,-47.0,-64.0,-78.0,-100.0,-134.0,-195.0,-268.0,-274.0,-177.0,-58.0,-7.0,-5.0,-5.0,-3.0,-2.0,-2.0,-2.0,-3.0,-4.0,-3.0,-2.0,-3.0,-4.0,-4.0,-3.0,-1.0,0.0,0.0,0.0,0.0,0.0,0.0,-1.0,-3.0,-3.0,-1.0,2.0,4.0,2.0,0.0,1.0,3.0,4.0,2.0,-1.0,0.0,2.0,2.0,3.0,4.0,3.0,1.0,1.0,3.0,3.0,1.0,0.0,0.0,1.0,2.0,1.0,1.0,2.0,2.0,3.0,4.0,3.0,1.0,0.0,0.0,0.0,1.0,2.0,1.0,0.0,1.0,3.0,4.0
-2.0,-2.0,-2.0,0.0,2.0,0.0,-1.0,1.0,2.0,2.0,1.0,0.0,0.0,0.0,-1.0,-2.0,-1.0,1.0,2.0,1.0,0.0,0.0,1.0,2.0,2.0,2.0,1.0,0.0,0.0,0.0,0.0,0.0,0.0,0.0,0.0,-2.0,-4.0,-3.0,-1.0,1.0,1.0,0.0,1.0,3.0,2.0,-1.0,-1.0,-1.0,-3.0,-4.0,-4.0,-3.0,-1.0,0.0,-1.0,-4.0,-6.0,-4.0,-3.0,-5.0,-5.0,-5.0,-5.0,-2.0,0.0,-1.0,-3.0,-4.0,-4.0,-3.0,-2.0,-4.0,-10.0,-77.0,-251.0,-383.0,-314.0,-153.0,-63.0,-30.0,-10.0,-5.0,-7.0,-5.0,-3.0,-7.0,-11.0,-13.0,-12.0,-7.0,-3.0,-5.0,-8.0,-5.0,-2.0,-2.0,-1.0,-1.0,-3.0,-3.0,-2.0,-2.0,-2.0,-2.0,-2.0,-3.0,-2.0,0.0,0.0,0.0,-1.0,-3.0,-4.0,-4.0,-4.0,-3.0,-2.0,-1.0,1.0,2.0,0.0,-9.0,-26.0,-42.0,-54.0,-66.0,-84.0,-112.0,-164.0,-243.0,-282.0,-224.0,-110.0,-26.0,-2.0,-3.0,-4.0,-4.0,-4.0,-3.0,-2.0,-3.0,-3.0,-2.0,-3.0,-4.0,-3.0,-1.0,-1.0,-2.0,-1.0,-1.0,-2.0,-1.0,0.0,-1.0,-2.0,-1.0,1.0,3.0,4.0,3.0,2.0,2.0,1.0,0.0,1.0,2.0,1.0,0.0,0.0,0.0,0.0,0.0,-1.0,-3.0,-3.0,-1.0,0.0,0.0,1.0,3.0,3.0,2.0,3.0,3.0,2.0,3.0,3.0,2.0,2.0,1.0,0.0,1.0,2.0,1.0,2.0,5.0,4.0,2.0
-2.0,0.0,1.0,-1.0,-1.0,0.0,0.0,0.0,0.0,0.0,0.0,0.0,0.0,0.0,-1.0,-1.0,1.0,2.0,3.0,4.0,4.0,3.0,1.0,0.0,0.0,0.0,0.0,0.0,0.0,1.0,3.0,3.0,1.0,0.0,0.0,0.0,1.0,2.0,1.0,0.0,0.0,0.0,0.0,-1.0,-2.0,-2.0,-2.0,-1.0,0.0,0.0,0.0,-1.0,-2.0,-1.0,-1.0,-3.0,-4.0,-4.0,-4.0,-4.0,-4.0,-4.0,-4.0,-4.0,-4.0,-4.0,-3.0,-2.0,-2.0,-2.0,-3.0,-16.0,-98.0,-274.0,-387.0,-292.0,-122.0,-44.0,-29.0,-19.0,-11.0,-7.0,-6.0,-5.0,-5.0,-9.0,-11.0,-9.0,-8.0,-7.0,-6.0,-5.0,-1.0,2.0,1.0,-2.0,-6.0,-9.0,-9.0,-6.0,-4.0,-3.0,-1.0,1.0,3.0,3.0,0.0,-3.0,-3.0,-1.0,1.0,1.0,-2.0,-4.0,-3.0,-1.0,-1.0,-2.0,-2.0,-1.0,2.0,2.0,-5.0,-15.0,-25.0,-36.0,-47.0,-60.0,-85.0,-134.0,-218.0,-284.0,-236.0,-113.0,-35.0,-15.0,-8.0,-5.0,-8.0,-8.0,-5.0,-4.0,-4.0,-4.0,-3.0,-2.0,-3.0,-3.0,-2.0,-2.0,-1.0,-1.0,-2.0,-1.0,1.0,2.0,1.0,0.0,-1.0,-2.0,0.0,3.0,3.0,1.0,0.0,1.0,2.0,1.0,0.0,0.0,0.0,0.0,0.0,0.0,0.0,0.0,0.0,0.0,0.0,0.0,1.0,2.0,2.0,2.0,2.0,3.0,3.0,2.0,2.0,1.0,1.0,2.0,2.0,2.0,1.0,0.0,1.0,2.0,1.0,0.0
4.0,4.0,4.0,3.0,-1.0,-3.0,0.0,1.0,-1.0,-2.0,-2.0,-2.0,-1.0,0.0,0.0,0.0,0.0,0.0,0.0,1.0,3.0,4.0,2.0,0.0,1.0,1.0,0.0,1.0,3.0,3.0,1.0,0.0,0.0,0.0,0.0,1.0,2.0,2.0,2.0,1.0,0.0,1.0,1.0,-2.0,-3.0,-1.0,0.0,0.0,1.0,2.0,1.0,0.0,0.0,-1.0,-2.0,0.0,1.0,-2.0,-3.0,-2.0,-3.0,-4.0,-5.0,-7.0,-7.0,-4.0,-1.0,-1.0,-3.0,-4.0,-12.0,-98.0,-283.0,-371.0,-244.0,-82.0,-23.0,-17.0,-15.0,-11.0,-9.0,-9.0,-5.0,-2.0,-2.0,-2.0,-3.0,-5.0,-6.0,-7.0,-8.0,-4.0,0.0,-2.0,-4.0,-5.0,-8.0,-10.0,-8.0,-4.0,0.0,2.0,2.0,3.0,6.0,8.0,3.0,-5.0,-8.0,-7.0,-2.0,5.0,5.0,-1.0,-4.0,-3.0,-3.0,-6.0,-8.0,-8.0,-8.0,-7.0,-4.0,-4.0,-11.0,-22.0,-33.0,-37.0,-39.0,-61.0,-108.0,-176.0,-257.0,-271.0,-169.0,-57.0,-14.0,-6.0,-4.0,-4.0,-5.0,-5.0,-4.0,-6.0,-8.0,-8.0,-8.0,-6.0,-2.0,0.0,-1.0,-2.0,-1.0,0.0,-1.0,-2.0,-1.0,0.0,0.0,0.0,0.0,0.0,0.0,0.0,0.0,1.0,2.0,1.0,0.0,0.0,0.0,0.0,0.0,0.0,1.0,2.0,1.0,0.0,0.0,0.0,0.0,-1.0,-1.0,0.0,-1.0,-1.0,0.0,0.0,1.0,3.0,4.0,4.0,4.0,4.0,4.0,4.0,2.0,0.0,1.0,2.0
4.0,3.0,2.0,3.0,3.0,2.0,2.0,2.0,2.0,2.0,2.0,1.0,-1.0,-1.0,2.0,4.0,4.0,3.0,1.0,0.0,0.0,0.0,0.0,1.0,2.0,1.0,0.0,0.0,-1.0,-3.0,-3.0,-1.0,1.0,2.0,1.0,1.0,2.0,1.0,0.0,1.0,2.0,2.0,2.0,1.0,0.0,-1.0,-2.0,-1.0,0.0,-1.0,-3.0,-3.0,-1.0,-1.0,-2.0,-2.0,-3.0,-3.0,-1.0,0.0,-1.0,-3.0,-4.0,-4.0,-3.0,-1.0,-1.0,-2.0,-2.0,-12.0,-102.0,-278.0,-346.0,-216.0,-61.0,-7.0,-9.0,-10.0,-5.0,-4.0,-8.0,-9.0,-6.0,-4.0,-6.0,-9.0,-11.0,-11.0,-9.0,-7.0,-5.0,-3.0,-2.0,-4.0,-8.0,-8.0,-4.0,0.0,5.0,7.0,6.0,5.0,2.0,1.0,3.0,5.0,5.0,1.0,-3.0,-5.0,-5.0,0.0,3.0,-2.0,-7.0,-8.0,-7.0,-6.0,-8.0,-9.0,-7.0,-6.0,-4.0,-2.0,-6.0,-14.0,-20.0,-23.0,-25.0,-31.0,-47.0,-85.0,-169.0,-277.0,-296.0,-182.0,-62.0,-18.0,-7.0,-1.0,-1.0,-3.0,-4.0,-4.0,-5.0,-6.0,-5.0,-4.0,-3.0,-2.0,-3.0,-3.0,-1.0,0.0,-1.0,-1.0,1.0,1.0,0.0,1.0,2.0,1.0,0.0,0.0,0.0,0.0,0.0,0.0,0.0,0.0,1.0,2.0,1.0,1.0,3.0,3.0,2.0,2.0,1.0,1.0,2.0,2.0,2.0,1.0,0.0,-1.0,-1.0,1.0,2.0,2.0,1.0,0.0,1.0,2.0,1.0,2.0,4.0,3.0,2.0,2.0
0.0,0.0,0.0,1.0,4.0,6.0,5.0,3.0,2.0,2.0,2.0,2.0,1.0,0.0,1.0,3.0,4.0,3.0,1.0,0.0,0.0,0.0,1.0,2.0,0.0,-2.0,-1.0,-1.0,-3.0,-4.0,-3.0,0.0,3.0,2.0,-1.0,-1.0,1.0,2.0,1.0,1.0,3.0,3.0,1.0,1.0,2.0,1.0,-1.0,-2.0,-2.0,-2.0,-1.0,-1.0,-3.0,-3.0,-1.0,-2.0,-4.0,-3.0,-3.0,-3.0,-2.0,-3.0,-3.0,-1.0,0.0,0.0,-1.0,-2.0,-9.0,-99.0,-282.0,-342.0,-199.0,-55.0,-12.0,-11.0,-11.0,-8.0,-5.0,-4.0,-2.0,-1.0,-4.0,-5.0,-7.0,-10.0,-6.0,0.0,3.0,4.0,3.0,1.0,2.0,5.0,3.0,0.0,1.0,1.0,-1.0,-2.0,-1.0,-1.0,-1.0,1.0,0.0,-1.0,2.0,7.0,11.0,9.0,3.0,-1.0,0.0,2.0,-1.0,-4.0,-3.0,-3.0,-6.0,-6.0,-1.0,1.0,0.0,-1.0,-3.0,-3.0,-3.0,-10.0,-21.0,-26.0,-27.0,-38.0,-62.0,-125.0,-245.0,-303.0,-219.0,-103.0,-36.0,-8.0,-4.0,-8.0,-9.0,-6.0,-4.0,-4.0,-3.0,-2.0,-2.0,-1.0,0.0,0.0,-1.0,-2.0,-1.0,1.0,2.0,1.0,-1.0,-2.0,-1.0,0.0,1.0,3.0,3.0,0.0,-2.0,-1.0,0.0,0.0,0.0,0.0,0.0,1.0,2.0,2.0,2.0,1.0,0.0,1.0,3.0,4.0,3.0,2.0,3.0,4.0,3.0,1.0,0.0,0.0,-1.0,-3.0,-3.0,-2.0,-3.0,-2.0,2.0,3.0,1.0,0.0
0.0,0.0,0.0,0.0,1.0,2.0,2.0,2.0,1.0,0.0,0.0,0.0,1.0,2.0,2.0,1.0,-1.0,-1.0,1.0,2.0,1.0,0.0,1.0,2.0,2.0,3.0,4.0,3.0,2.0,3.0,2.0,-1.0,-1.0,0.0,1.0,2.0,1.0,0.0,0.0,-1.0,-1.0,1.0,1.0,0.0,0.0,1.0,2.0,0.0,-2.0,-1.0,-1.0,-3.0,-4.0,-4.0,-5.0,-6.0,-5.0,-4.0,-4.0,-5.0,-6.0,-5.0,-4.0,-4.0,-4.0,-4.0,-3.0,-10.0,-95.0,-270.0,-331.0,-192.0,-52.0,-11.0,-8.0,-7.0,-6.0,-6.0,-5.0,-2.0,2.0,3.0,0.0,-1.0,4.0,12.0,19.0,22.0,23.0,25.0,24.0,19.0,13.0,9.0,8.0,6.0,3.0,1.0,-5.0,-10.0,-7.0,-4.0,-4.0,-3.0,-1.0,-1.0,-2.0,3.0,9.0,6.0,-1.0,-5.0,-3.0,2.0,2.0,0.0,0.0,-1.0,-1.0,-1.0,-2.0,-1.0,0.0,0.0,1.0,4.0,5.0,-2.0,-12.0,-17.0,-20.0,-22.0,-28.0,-42.0,-102.0,-236.0,-330.0,-288.0,-168.0,-66.0,-22.0,-11.0,-8.0,-7.0,-5.0,-4.0,-3.0,-2.0,-2.0,-2.0,-2.0,-2.0,-3.0,-4.0,-3.0,-1.0,0.0,1.0,4.0,5.0,3.0,3.0,3.0,2.0,2.0,2.0,2.0,1.0,1.0,2.0,0.0,-2.0,-1.0,0.0,0.0,1.0,2.0,2.0,3.0,3.0,1.0,0.0,-1.0,-2.0,-1.0,1.0,2.0,0.0,-3.0,-2.0,1.0,2.0,2.0,1.0,0.0,-1.0,-3.0,-3.0,0.0,2.0
2.0,1.0,1.0,3.0,3.0,2.0,1.0,-1.0,-1.0,0.0,1.0,3.0,4.0,4.0,4.0,3.0,1.0,0.0,1.0,2.0,1.0,1.0,1.0,-1.0,0.0,3.0,4.0,4.0,4.0,4.0,4.0,2.0,-1.0,0.0,3.0,4.0,3.0,1.0,0.0,0.0,0.0,0.0,1.0,1.0,-1.0,-1.0,1.0,3.0,3.0,2.0,1.0,-1.0,-1.0,0.0,-1.0,-2.0,-1.0,0.0,-1.0,-3.0,-4.0,-3.0,-2.0,-2.0,-2.0,-3.0,-11.0,-92.0,-267.0,-331.0,-192.0,-54.0,-12.0,-5.0,-4.0,-3.0,-1.0,1.0,3.0,2.0,-1.0,0.0,3.0,5.0,12.0,23.0,29.0,31.0,33.0,35.0,33.0,24.0,14.0,10.0,11.0,11.0,9.0,6.0,4.0,4.0,2.0,-1.0,-4.0,-7.0,-7.0,-5.0,-4.0,-3.0,-2.0,-3.0,-5.0,-6.0,-4.0,-1.0,1.0,2.0,0.0,-3.0,-2.0,0.0,-1.0,-1.0,0.0,2.0,4.0,3.0,1.0,-2.0,-3.0,-3.0,-7.0,-13.0,-19.0,-22.0,-26.0,-82.0,-206.0,-294.0,-271.0,-176.0,-77.0,-17.0,-2.0,-5.0,-5.0,-3.0,-2.0,-3.0,-4.0,-4.0,-3.0,-2.0,-2.0,-1.0,0.0,0.0,0.0,0.0,1.0,2.0,1.0,1.0,2.0,0.0,-2.0,0.0,3.0,3.0,2.0,2.0,2.0,2.0,2.0,2.0,2.0,3.0,4.0,4.0,4.0,3.0,1.0,0.0,0.0,0.0,0.0,0.0,1.0,3.0,3.0,1.0,1.0,3.0,3.0,2.0,3.0,3.0,1.0,0.0,0.0,0.0
2.0,3.0,3.0,2.0,2.0,1.0,1.0,2.0,1.0,1.0,3.0,4.0,4.0,2.0,-1.0,0.0,2.0,1.0,0.0,0.0,0.0,1.0,2.0,1.0,0.0,0.0,0.0,0.0,0.0,1.0,3.0,3.0,2.0,3.0,3.0,1.0,0.0,0.0,0.0,1.0,3.0,3.0,1.0,0.0,0.0,0.0,-1.0,-1.0,1.0,0.0,-2.0,-1.0,0.0,0.0,1.0,1.0,-1.0,-2.0,-4.0,-6.0,-5.0,-3.0,-1.0,0.0,-1.0,-11.0,-92.0,-262.0,-332.0,-203.0,-61.0,-16.0,-9.0,-5.0,-3.0,-1.0,0.0,2.0,5.0,5.0,4.0,6.0,9.0,9.0,11.0,19.0,25.0,26.0,26.0,22.0,14.0,7.0,5.0,8.0,9.0,9.0,10.0,9.0,8.0,7.0,5.0,4.0,3.0,-1.0,-5.0,-4.0,-2.0,-5.0,-9.0,-8.0,-5.0,-2.0,1.0,1.0,0.0,-2.0,-4.0,-2.0,0.0,0.0,0.0,0.0,0.0,0.0,0.0,-2.0,-7.0,-8.0,-5.0,-6.0,-8.0,-9.0,-8.0,-8.0,-11.0,-14.0,-45.0,-126.0,-235.0,-280.0,-199.0,-86.0,-26.0,-9.0,-8.0,-7.0,-6.0,-6.0,-6.0,-6.0,-4.0,-1.0,0.0,1.0,2.0,1.0,0.0,0.0,-1.0,-2.0,-2.0,-2.0,-1.0,0.0,1.0,2.0,2.0,3.0,3.0,2.0,2.0,2.0,3.0,4.0,3.0,1.0,1.0,2.0,1.0,0.0,0.0,1.0,3.0,3.0,3.0,5.0,4.0,2.0,4.0,5.0,2.0,0.0,0.0,1.0,3.0,4.0,4.0,3.0,1.0,0.0
2.0,3.0,4.0,2.0,0.0,0.0,1.0,3.0,2.0,0.0,0.0,1.0,2.0,1.0,0.0,0.0,0.0,0.0,0.0,1.0,3.0,3.0,2.0,2.0,1.0,0.0,0.0,0.0,1.0,3.0,3.0,2.0,2.0,1.0,0.0,0.0,1.0,2.0,1.0,0.0,0.0,0.0,0.0,1.0,2.0,1.0,0.0,0.0,0.0,-1.0,-2.0,-1.0,0.0,-1.0,-3.0,-4.0,-4.0,-5.0,-6.0,-6.0,-6.0,-6.0,-7.0,-8.0,-19.0,-95.0,-251.0,-320.0,-200.0,-60.0,-14.0,-9.0,-8.0,-7.0,-5.0,-3.0,-1.0,3.0,7.0,7.0,7.0,9.0,12.0,14.0,12.0,9.0,7.0,5.0,2.0,-1.0,0.0,3.0,6.0,9.0,11.0,11.0,7.0,4.0,3.0,2.0,3.0,5.0,7.0,10.0,12.0,9.0,5.0,2.0,2.0,7.0,7.0,2.0,-1.0,-1.0,2.0,3.0,3.0,5.0,4.0,1.0,0.0,0.0,0.0,-1.0,-2.0,-3.0,-4.0,-3.0,-3.0,-4.0,-6.0,-9.0,-8.0,-5.0,-4.0,-1.0,-2.0,-37.0,-124.0,-242.0,-301.0,-223.0,-93.0,-24.0,-9.0,-9.0,-9.0,-7.0,-6.0,-5.0,-5.0,-6.0,-4.0,-2.0,-2.0,-1.0,0.0,1.0,2.0,2.0,3.0,3.0,1.0,1.0,3.0,3.0,2.0,3.0,3.0,2.0,2.0,3.0,4.0,3.0,3.0,3.0,1.0,0.0,0.0,1.0,3.0,3.0,1.0,0.0,1.0,2.0,1.0,0.0,0.0,0.0,0.0,1.0,2.0,0.0,-2.0,-1.0,1.0,2.0,2.0,2.0
2.0,1.0,1.0,2.0,1.0,1.0,2.0,2.0,3.0,3.0,1.0,0.0,0.0,2.0,5.0,4.0,2.0,3.0,4.0,3.0,2.0,2.0,1.0,0.0,0.0,0.0,0.0,1.0,3.0,3.0,1.0,1.0,2.0,0.0,-2.0,-1.0,0.0,0.0,0.0,-1.0,-3.0,-3.0,0.0,3.0,3.0,0.0,-1.0,0.0,-1.0,0.0,2.0,1.0,-1.0,-3.0,-4.0,-3.0,-2.0,-3.0,-3.0,-2.0,-2.0,-2.0,-4.0,-13.0,-74.0,-220.0,-300.0,-194.0,-57.0,-10.0,-8.0,-11.0,-11.0,-8.0,-5.0,-3.0,0.0,3.0,5.0,6.0,7.0,10.0,15.0,18.0,12.0,0.0,-7.0,-5.0,0.0,6.0,13.0,17.0,17.0,13.0,11.0,12.0,10.0,6.0,3.0,5.0,8.0,7.0,7.0,9.0,12.0,13.0,11.0,14.0,22.0,25.0,19.0,8.0,0.0,2.0,9.0,12.0,11.0,9.0,8.0,8.0,8.0,7.0,4.0,2.0,0.0,-3.0,-1.0,2.0,1.0,-1.0,-4.0,-7.0,-10.0,-9.0,-1.0,1.0,-4.0,-15.0,-39.0,-93.0,-215.0,-313.0,-256.0,-123.0,-37.0,-10.0,-7.0,-5.0,-4.0,-3.0,-4.0,-7.0,-6.0,-4.0,-2.0,1.0,1.0,-1.0,-2.0,0.0,3.0,4.0,4.0,3.0,1.0,0.0,0.0,0.0,0.0,1.0,4.0,6.0,5.0,2.0,0.0,1.0,2.0,2.0,2.0,3.0,4.0,3.0,2.0,3.0,3.0,0.0,-1.0,2.0,2.0,0.0,1.0,2.0,2.0,1.0,0.0,0.0,1.0,2.0,1.0,0.0
2.0,2.0,1.0,1.0,2.0,2.0,2.0,2.0,4.0,6.0,4.0,1.0,0.0,0.0,1.0,3.0,4.0,4.0,3.0,1.0,0.0,0.0,0.0,0.0,1.0,2.0,1.0,0.0,0.0,0.0,0.0,0.0,1.0,2.0,1.0,0.0,0.0,1.0,2.0,1.0,-1.0,-2.0,-1.0,0.0,1.0,2.0,1.0,0.0,-1.0,-3.0,-3.0,-1.0,-1.0,-2.0,-2.0,-3.0,-5.0,-6.0,-5.0,-3.0,-2.0,-2.0,-5.0,-55.0,-192.0,-285.0,-203.0,-70.0,-13.0,-4.0,-6.0,-9.0,-10.0,-8.0,-3.0,3.0,7.0,8.0,9.0,9.0,7.0,9.0,14.0,15.0,12.0,6.0,3.0,11.0,21.0,24.0,24.0,25.0,25.0,20.0,14.0,12.0,12.0,13.0,15.0,16.0,13.0,8.0,6.0,6.0,7.0,7.0,6.0,9.0,13.0,13.0,13.0,13.0,11.0,12.0,12.0,8.0,7.0,9.0,11.0,14.0,17.0,16.0,11.0,7.0,6.0,5.0,4.0,5.0,5.0,0.0,-5.0,-5.0,-6.0,-9.0,-8.0,-7.0,-10.0,-14.0,-25.0,-33.0,-68.0,-203.0,-316.0,-246.0,-105.0,-30.0,-8.0,-3.0,-2.0,-3.0,-3.0,-1.0,-1.0,-2.0,-1.0,0.0,0.0,-1.0,-2.0,0.0,2.0,1.0,0.0,0.0,0.0,0.0,-1.0,-2.0,0.0,3.0,4.0,3.0,2.0,2.0,2.0,3.0,4.0,4.0,4.0,3.0,1.0,2.0,5.0,5.0,4.0,4.0,4.0,3.0,1.0,0.0,1.0,2.0,1.0,2.0,4.0,2.0,0.0,0.0,0.0,0.0
2.0,3.0,3.0,1.0,1.0,2.0,1.0,0.0,0.0,1.0,3.0,4.0,3.0,-1.0,-4.0,-1.0,2.0,1.0,0.0,1.0,2.0,2.0,3.0,4.0,4.0,3.0,1.0,0.0,0.0,0.0,0.0,1.0,2.0,2.0,2.0,1.0,0.0,0.0,1.0,3.0,3.0,1.0,0.0,0.0,0.0,1.0,2.0,1.0,0.0,-1.0,-2.0,-2.0,-2.0,-1.0,-1.0,-4.0,-7.0,-8.0,-8.0,-8.0,-8.0,-11.0,-40.0,-153.0,-272.0,-224.0,-90.0,-24.0,-7.0,-4.0,-7.0,-7.0,-5.0,-3.0,0.0,4.0,8.0,11.0,12.0,12.0,11.0,10.0,9.0,11.0,20.0,29.0,34.0,32.0,23.0,17.0,17.0,20.0,21.0,19.0,17.0,12.0,7.0,8.0,11.0,10.0,7.0,5.0,4.0,7.0,10.0,10.0,9.0,2.0,-7.0,-5.0,6.0,13.0,14.0,13.0,11.0,11.0,12.0,10.0,8.0,10.0,13.0,15.0,15.0,11.0,9.0,12.0,12.0,9.0,9.0,9.0,4.0,-4.0,-9.0,-11.0,-14.0,-14.0,-11.0,-11.0,-12.0,-24.0,-25.0,-42.0,-183.0,-304.0,-228.0,-96.0,-28.0,-6.0,-4.0,-4.0,-2.0,1.0,1.0,0.0,-1.0,-2.0,0.0,2.0,2.0,1.0,-2.0,-4.0,-3.0,-1.0,0.0,1.0,2.0,2.0,3.0,3.0,1.0,0.0,0.0,1.0,2.0,2.0,2.0,1.0,1.0,2.0,1.0,0.0,0.0,0.0,0.0,1.0,3.0,3.0,1.0,0.0,1.0,2.0,2.0,3.0,4.0,4.0,3.0,2.0,3.0,4.0
2.0,2.0,2.0,1.0,1.0,3.0,3.0,2.0,1.0,0.0,2.0,3.0,2.0,3.0,4.0,3.0,1.0,0.0,1.0,2.0,1.0,0.0,1.0,3.0,3.0,1.0,0.0,0.0,0.0,0.0,0.0,0.0,0.0,1.0,2.0,1.0,0.0,-1.0,-1.0,2.0,4.0,3.0,2.0,2.0,1.0,0.0,0.0,-1.0,-1.0,1.0,1.0,-1.0,-3.0,-5.0,-6.0,-5.0,-3.0,-3.0,-5.0,-7.0,-16.0,-55.0,-163.0,-272.0,-231.0,-98.0,-29.0,-16.0,-10.0,-7.0,-5.0,-3.0,0.0,3.0,3.0,1.0,2.0,6.0,9.0,13.0,17.0,18.0,17.0,16.0,21.0,33.0,38.0,27.0,13.0,6.0,6.0,10.0,11.0,9.0,6.0,3.0,5.0,11.0,13.0,8.0,3.0,2.0,5.0,10.0,12.0,15.0,16.0,5.0,-9.0,-9.0,0.0,4.0,6.0,7.0,5.0,6.0,8.0,6.0,4.0,4.0,3.0,4.0,8.0,7.0,3.0,7.0,14.0,16.0,16.0,18.0,18.0,10.0,2.0,-2.0,-6.0,-6.0,-3.0,-3.0,-2.0,-3.0,-14.0,-10.0,-47.0,-207.0,-296.0,-174.0,-43.0,-12.0,-12.0,-10.0,-5.0,-2.0,-3.0,-3.0,-2.0,-2.0,0.0,2.0,1.0,-1.0,-2.0,0.0,2.0,1.0,1.0,3.0,4.0,3.0,1.0,0.0,0.0,0.0,0.0,0.0,-1.0,-2.0,-1.0,-1.0,-2.0,-1.0,0.0,-1.0,-3.0,-3.0,-1.0,-1.0,-2.0,0.0,4.0,6.0,4.0,1.0,1.0,3.0,3.0,2.0,2.0,2.0,4.0,6.0
2.0,1.0,1.0,2.0,1.0,1.0,2.0,2.0,3.0,3.0,1.0,1.0,2.0,3.0,4.0,2.0,0.0,1.0,2.0,1.0,1.0,2.0,1.0,0.0,0.0,0.0,0.0,1.0,2.0,2.0,2.0,1.0,0.0,0.0,1.0,2.0,1.0,1.0,2.0,2.0,3.0,4.0,4.0,3.0,2.0,3.0,3.0,2.0,2.0,2.0,2.0,2.0,1.0,-2.0,-4.0,-3.0,-1.0,0.0,0.0,0.0,-24.0,-125.0,-261.0,-262.0,-124.0,-26.0,-6.0,-8.0,-15.0,-15.0,-7.0,1.0,4.0,2.0,1.0,4.0,8.0,12.0,14.0,16.0,19.0,20.0,22.0,22.0,18.0,17.0,15.0,12.0,13.0,12.0,8.0,6.0,8.0,12.0,13.0,11.0,11.0,11.0,9.0,8.0,5.0,0.0,3.0,11.0,13.0,15.0,17.0,14.0,15.0,17.0,14.0,12.0,12.0,10.0,4.0,0.0,2.0,4.0,4.0,3.0,1.0,1.0,2.0,2.0,4.0,7.0,10.0,14.0,14.0,13.0,15.0,15.0,13.0,9.0,4.0,3.0,5.0,4.0,2.0,3.0,-3.0,-16.0,5.0,-36.0,-203.0,-248.0,-123.0,-37.0,-17.0,-9.0,-5.0,-5.0,-6.0,-5.0,-3.0,-1.0,0.0,1.0,1.0,0.0,2.0,4.0,3.0,2.0,3.0,3.0,2.0,1.0,-1.0,-1.0,-1.0,-2.0,0.0,3.0,4.0,3.0,2.0,3.0,2.0,-1.0,-1.0,0.0,0.0,0.0,0.0,0.0,-1.0,-1.0,3.0,5.0,2.0,0.0,0.0,0.0,0.0,0.0,0.0,0.0,1.0,2.0
4.0,4.0,4.0,3.0,1.0,0.0,1.0,2.0,2.0,2.0,1.0,1.0,2.0,1.0,-1.0,-2.0,0.0,3.0,3.0,1.0,1.0,3.0,3.0,1.0,0.0,1.0,3.0,4.0,4.0,4.0,4.0,4.0,3.0,1.0,0.0,1.0,2.0,2.0,2.0,1.0,1.0,3.0,3.0,2.0,2.0,2.0,2.0,1.0,0.0,1.0,2.0,0.0,-1.0,2.0,3.0,1.0,-1.0,-2.0,-2.0,-15.0,-86.0,-209.0,-242.0,-139.0,-44.0,-13.0,-4.0,-7.0,-16.0,-17.0,-10.0,-3.0,2.0,2.0,0.0,3.0,9.0,12.0,10.0,11.0,16.0,17.0,15.0,14.0,16.0,20.0,24.0,26.0,26.0,27.0,26.0,21.0,18.0,19.0,20.0,19.0,13.0,5.0,5.0,11.0,13.0,12.0,11.0,8.0,9.0,20.0,30.0,34.0,40.0,38.0,28.0,25.0,23.0,16.0,11.0,7.0,1.0,-1.0,3.0,6.0,5.0,5.0,6.0,9.0,15.0,16.0,13.0,14.0,17.0,14.0,10.0,11.0,9.0,4.0,0.0,-2.0,-2.0,-1.0,2.0,4.0,1.0,-8.0,-8.0,13.0,-81.0,-269.0,-254.0,-98.0,-24.0,-6.0,-2.0,-3.0,0.0,2.0,1.0,-1.0,-3.0,-2.0,2.0,3.0,2.0,2.0,2.0,3.0,3.0,1.0,0.0,1.0,2.0,2.0,2.0,2.0,3.0,4.0,4.0,4.0,4.0,4.0,3.0,1.0,0.0,0.0,1.0,2.0,0.0,-1.0,1.0,2.0,2.0,2.0,2.0,1.0,0.0,0.0,1.0,2.0,2.0,3.0,3.0,2.0
4.0,4.0,3.0,2.0,3.0,3.0,2.0,2.0,1.0,0.0,0.0,-1.0,-1.0,1.0,1.0,1.0,3.0,3.0,1.0,0.0,0.0,0.0,1.0,2.0,1.0,1.0,3.0,3.0,2.0,2.0,2.0,2.0,1.0,1.0,2.0,1.0,1.0,2.0,2.0,2.0,1.0,0.0,0.0,0.0,0.0,0.0,0.0,0.0,0.0,0.0,0.0,-1.0,-2.0,0.0,2.0,0.0,-2.0,-1.0,-5.0,-78.0,-233.0,-286.0,-167.0,-53.0,-22.0,-18.0,-14.0,-10.0,-8.0,-8.0,-6.0,-2.0,3.0,6.0,4.0,5.0,10.0,10.0,7.0,9.0,16.0,17.0,9.0,5.0,9.0,14.0,20.0,25.0,24.0,22.0,24.0,26.0,26.0,23.0,18.0,15.0,10.0,8.0,16.0,22.0,19.0,17.0,15.0,10.0,11.0,22.0,38.0,43.0,32.0,28.0,33.0,25.0,13.0,10.0,13.0,17.0,16.0,14.0,13.0,12.0,12.0,11.0,14.0,23.0,28.0,25.0,17.0,12.0,18.0,22.0,17.0,12.0,7.0,2.0,-3.0,-8.0,-11.0,-9.0,-1.0,5.0,5.0,3.0,-3.0,5.0,4.0,-135.0,-292.0,-218.0,-61.0,-6.0,-4.0,-4.0,-2.0,-2.0,-2.0,-3.0,-3.0,-1.0,0.0,0.0,0.0,1.0,3.0,3.0,2.0,2.0,1.0,1.0,2.0,2.0,4.0,6.0,4.0,1.0,0.0,1.0,2.0,2.0,3.0,4.0,4.0,3.0,2.0,3.0,4.0,3.0,2.0,1.0,-2.0,-3.0,-1.0,0.0,1.0,3.0,3.0,1.0,1.0,2.0,1.0,0.0
2.0,2.0,1.0,1.0,2.0,2.0,2.0,2.0,3.0,4.0,4.0,3.0,1.0,1.0,3.0,3.0,1.0,0.0,0.0,0.0,0.0,0.0,0.0,1.0,2.0,1.0,0.0,0.0,0.0,0.0,1.0,2.0,2.0,3.0,5.0,5.0,2.0,1.0,3.0,3.0,1.0,0.0,0.0,0.0,0.0,0.0,0.0,1.0,2.0,1.0,0.0,1.0,1.0,-1.0,-2.0,-3.0,-4.0,-11.0,-53.0,-173.0,-268.0,-192.0,-65.0,-22.0,-18.0,-15.0,-11.0,-5.0,-4.0,-6.0,-3.0,4.0,9.0,9.0,7.0,7.0,6.0,4.0,8.0,12.0,16.0,19.0,18.0,22.0,22.0,12.0,8.0,12.0,12.0,12.0,16.0,19.0,21.0,26.0,34.0,39.0,41.0,37.0,25.0,19.0,23.0,25.0,23.0,22.0,22.0,24.0,31.0,36.0,25.0,5.0,-5.0,-2.0,5.0,6.0,5.0,10.0,20.0,39.0,50.0,39.0,30.0,25.0,17.0,16.0,17.0,17.0,20.0,21.0,21.0,22.0,18.0,13.0,13.0,11.0,5.0,-1.0,-4.0,-2.0,-1.0,-2.0,0.0,4.0,7.0,4.0,31.0,5.0,-186.0,-276.0,-135.0,-29.0,-21.0,-19.0,-13.0,-9.0,-8.0,-7.0,-4.0,-1.0,-1.0,-2.0,-1.0,0.0,0.0,1.0,2.0,1.0,0.0,0.0,1.0,2.0,2.0,2.0,1.0,0.0,0.0,0.0,0.0,1.0,3.0,4.0,4.0,4.0,4.0,4.0,4.0,4.0,4.0,3.0,0.0,-3.0,-3.0,0.0,3.0,3.0,1.0,1.0,2.0,0.0,-2.0,-2.0
2.0,2.0,2.0,1.0,0.0,1.0,3.0,4.0,4.0,3.0,2.0,4.0,5.0,3.0,3.0,3.0,0.0,-2.0,0.0,2.0,1.0,0.0,-1.0,-1.0,2.0,3.0,1.0,1.0,2.0,1.0,1.0,3.0,4.0,3.0,1.0,1.0,2.0,1.0,-1.0,-2.0,-1.0,0.0,1.0,3.0,4.0,3.0,2.0,1.0,-1.0,-2.0,-2.0,-2.0,-2.0,-1.0,-1.0,-2.0,-4.0,-50.0,-178.0,-264.0,-176.0,-45.0,-13.0,-20.0,-15.0,-12.0,-9.0,-5.0,-5.0,-4.0,2.0,8.0,9.0,9.0,7.0,-2.0,-7.0,-1.0,6.0,4.0,2.0,5.0,10.0,18.0,16.0,7.0,5.0,7.0,10.0,17.0,21.0,19.0,17.0,18.0,24.0,31.0,35.0,30.0,22.0,25.0,32.0,33.0,37.0,43.0,36.0,20.0,13.0,19.0,19.0,-1.0,-14.0,0.0,9.0,4.0,4.0,8.0,14.0,24.0,41.0,59.0,58.0,38.0,19.0,8.0,2.0,2.0,7.0,7.0,3.0,3.0,3.0,6.0,12.0,12.0,9.0,7.0,6.0,6.0,2.0,-4.0,-4.0,2.0,8.0,8.0,6.0,27.0,-42.0,-230.0,-264.0,-131.0,-43.0,-20.0,-14.0,-11.0,-8.0,-5.0,-5.0,-6.0,-4.0,-1.0,0.0,-1.0,-1.0,2.0,3.0,2.0,2.0,2.0,3.0,4.0,3.0,1.0,0.0,0.0,0.0,0.0,0.0,0.0,-1.0,-2.0,-1.0,1.0,2.0,1.0,-1.0,-1.0,1.0,2.0,3.0,4.0,4.0,4.0,3.0,1.0,1.0,2.0,1.0,1.0,2.0,2.0
2.0,2.0,4.0,5.0,3.0,2.0,2.0,2.0,2.0,3.0,4.0,3.0,2.0,2.0,1.0,0.0,0.0,0.0,1.0,3.0,3.0,2.0,3.0,3.0,2.0,2.0,2.0,3.0,3.0,1.0,0.0,1.0,2.0,1.0,0.0,1.0,3.0,3.0,1.0,1.0,2.0,1.0,1.0,3.0,4.0,3.0,1.0,0.0,0.0,0.0,-1.0,-2.0,-1.0,-1.0,-2.0,-1.0,-5.0,-56.0,-178.0,-214.0,-95.0,-12.0,-9.0,-10.0,-11.0,-12.0,-10.0,-6.0,-1.0,2.0,1.0,-1.0,-2.0,0.0,0.0,-8.0,-12.0,-6.0,-2.0,-2.0,-3.0,-2.0,7.0,14.0,7.0,-1.0,-2.0,-2.0,0.0,-5.0,-13.0,-7.0,1.0,0.0,-2.0,1.0,5.0,11.0,20.0,20.0,11.0,7.0,15.0,24.0,20.0,5.0,-6.0,-4.0,5.0,19.0,36.0,41.0,26.0,14.0,21.0,30.0,27.0,16.0,24.0,51.0,55.0,37.0,24.0,14.0,5.0,0.0,-6.0,-8.0,-5.0,-6.0,-8.0,-6.0,1.0,9.0,11.0,9.0,8.0,7.0,6.0,7.0,8.0,8.0,7.0,4.0,-4.0,9.0,23.0,-124.0,-292.0,-199.0,-47.0,-12.0,-10.0,-10.0,-7.0,-3.0,-3.0,-4.0,-4.0,-3.0,-1.0,0.0,1.0,2.0,2.0,2.0,2.0,2.0,1.0,0.0,1.0,2.0,1.0,0.0,0.0,0.0,0.0,0.0,0.0,0.0,0.0,0.0,0.0,0.0,0.0,0.0,0.0,0.0,0.0,1.0,3.0,3.0,1.0,0.0,1.0,2.0,0.0,-1.0,1.0,2.0
2.0,2.0,2.0,4.0,6.0,4.0,1.0,1.0,3.0,5.0,6.0,4.0,2.0,2.0,1.0,0.0,1.0,3.0,4.0,5.0,5.0,3.0,3.0,3.0,1.0,1.0,3.0,3.0,2.0,3.0,4.0,3.0,1.0,0.0,0.0,1.0,3.0,4.0,4.0,4.0,4.0,3.0,1.0,0.0,0.0,1.0,2.0,2.0,2.0,1.0,0.0,1.0,2.0,-1.0,-5.0,-6.0,-27.0,-99.0,-152.0,-101.0,-31.0,-17.0,-15.0,-8.0,-7.0,-9.0,-10.0,-8.0,-1.0,6.0,5.0,2.0,5.0,6.0,1.0,-2.0,-4.0,-8.0,-8.0,-5.0,-6.0,0.0,13.0,11.0,2.0,2.0,0.0,-6.0,-15.0,-37.0,-42.0,-18.0,-2.0,2.0,5.0,11.0,21.0,34.0,37.0,17.0,2.0,2.0,-5.0,-16.0,-15.0,-7.0,-10.0,-11.0,11.0,36.0,42.0,36.0,30.0,27.0,33.0,46.0,49.0,42.0,29.0,13.0,12.0,27.0,33.0,20.0,5.0,1.0,3.0,6.0,5.0,-3.0,-9.0,-10.0,-6.0,2.0,7.0,8.0,8.0,9.0,10.0,10.0,10.0,7.0,4.0,5.0,7.0,5.0,32.0,9.0,-151.0,-212.0,-94.0,-16.0,-9.0,-8.0,-9.0,-9.0,-8.0,-7.0,-5.0,-4.0,-3.0,-1.0,0.0,0.0,0.0,-1.0,-1.0,1.0,1.0,-1.0,-2.0,-1.0,1.0,2.0,2.0,2.0,2.0,2.0,2.0,3.0,4.0,3.0,1.0,0.0,1.0,2.0,1.0,1.0,2.0,1.0,0.0,0.0,0.0,1.0,2.0,2.0,2.0,1.0,0.0,0.0
0.0,0.0,-1.0,-1.0,2.0,4.0,4.0,4.0,3.0,0.0,-2.0,0.0,3.0,3.0,2.0,4.0,6.0,5.0,4.0,3.0,2.0,2.0,1.0,1.0,2.0,2.0,2.0,2.0,3.0,5.0,6.0,5.0,4.0,4.0,3.0,1.0,0.0,0.0,0.0,0.0,1.0,2.0,0.0,-3.0,-4.0,-3.0,-1.0,0.0,0.0,-1.0,-1.0,-1.0,-4.0,-6.0,-7.0,-9.0,-61.0,-182.0,-196.0,-70.0,-10.0,-21.0,-16.0,-8.0,-6.0,-7.0,-10.0,-7.0,4.0,12.0,12.0,9.0,9.0,8.0,6.0,7.0,6.0,2.0,2.0,5.0,5.0,6.0,4.0,-2.0,-1.0,4.0,7.0,7.0,5.0,14.0,27.0,24.0,18.0,17.0,17.0,18.0,19.0,25.0,30.0,25.0,23.0,24.0,8.0,-12.0,-15.0,-14.0,-20.0,-19.0,0.0,22.0,26.0,15.0,10.0,11.0,6.0,10.0,30.0,39.0,21.0,-3.0,-14.0,-12.0,0.0,8.0,4.0,2.0,5.0,3.0,-5.0,-10.0,-7.0,-4.0,-5.0,-8.0,-9.0,-5.0,-1.0,5.0,12.0,12.0,11.0,11.0,13.0,18.0,20.0,18.0,21.0,49.0,-41.0,-213.0,-173.0,-44.0,-15.0,-15.0,-12.0,-9.0,-8.0,-8.0,-7.0,-5.0,-4.0,-3.0,-1.0,0.0,0.0,0.0,-1.0,-1.0,1.0,1.0,-1.0,-2.0,-1.0,1.0,3.0,4.0,4.0,4.0,3.0,1.0,1.0,2.0,2.0,2.0,1.0,0.0,0.0,0.0,1.0,2.0,1.0,0.0,0.0,0.0,1.0,2.0,2.0,2.0,1.0,0.0
0.0,0.0,0.0,0.0,1.0,3.0,4.0,3.0,1.0,0.0,1.0,2.0,1.0,1.0,3.0,4.0,4.0,3.0,1.0,0.0,1.0,2.0,1.0,0.0,1.0,2.0,2.0,3.0,3.0,1.0,-1.0,0.0,4.0,5.0,4.0,3.0,2.0,2.0,2.0,2.0,1.0,1.0,1.0,-1.0,-2.0,-3.0,-4.0,-3.0,-2.0,-3.0,-4.0,-5.0,-7.0,-8.0,-10.0,-32.0,-135.0,-222.0,-139.0,-34.0,-19.0,-17.0,-10.0,-7.0,-5.0,-3.0,-3.0,2.0,13.0,17.0,15.0,15.0,19.0,17.0,8.0,4.0,3.0,2.0,5.0,12.0,15.0,9.0,-1.0,2.0,13.0,12.0,9.0,9.0,19.0,45.0,52.0,31.0,17.0,17.0,19.0,14.0,5.0,5.0,12.0,22.0,27.0,24.0,17.0,11.0,10.0,4.0,3.0,9.0,3.0,-1.0,5.0,7.0,3.0,-4.0,-7.0,-12.0,-17.0,-10.0,-8.0,-21.0,-39.0,-54.0,-52.0,-27.0,-9.0,-10.0,-9.0,-8.0,-13.0,-12.0,-3.0,1.0,-4.0,-12.0,-17.0,-17.0,-13.0,-8.0,5.0,21.0,22.0,20.0,21.0,19.0,19.0,21.0,18.0,37.0,21.0,-143.0,-249.0,-136.0,-28.0,-14.0,-13.0,-12.0,-11.0,-9.0,-7.0,-4.0,-1.0,0.0,-1.0,-3.0,-3.0,-1.0,-1.0,-2.0,-2.0,-2.0,-1.0,0.0,0.0,1.0,2.0,2.0,2.0,2.0,2.0,0.0,-2.0,-1.0,0.0,0.0,1.0,3.0,4.0,3.0,2.0,3.0,3.0,1.0,0.0,0.0,1.0,2.0,1.0,0.0,0.0,0.0
2.0,1.0,1.0,3.0,4.0,2.0,-1.0,-1.0,0.0,1.0,3.0,3.0,1.0,1.0,2.0,1.0,0.0,1.0,2.0,2.0,2.0,1.0,1.0,1.0,0.0,1.0,2.0,2.0,1.0,-1.0,-2.0,-1.0,0.0,0.0,0.0,1.0,3.0,3.0,2.0,2.0,1.0,1.0,3.0,4.0,4.0,3.0,1.0,-1.0,-2.0,-2.0,-4.0,-5.0,-3.0,-5.0,-22.0,-93.0,-206.0,-194.0,-60.0,-10.0,-24.0,-16.0,-8.0,-4.0,-1.0,0.0,-1.0,0.0,6.0,7.0,1.0,0.0,5.0,5.0,-1.0,-1.0,3.0,4.0,3.0,3.0,3.0,-1.0,-4.0,0.0,6.0,3.0,-6.0,-8.0,-1.0,3.0,2.0,3.0,1.0,0.0,6.0,6.0,1.0,5.0,12.0,14.0,11.0,9.0,12.0,17.0,21.0,20.0,20.0,17.0,3.0,-12.0,-18.0,-16.0,-15.0,-14.0,-12.0,-20.0,-38.0,-43.0,-38.0,-46.0,-42.0,-24.0,-18.0,-10.0,-2.0,-8.0,-14.0,-15.0,-11.0,-1.0,1.0,-4.0,-9.0,-6.0,7.0,11.0,5.0,-3.0,-11.0,-2.0,19.0,27.0,22.0,17.0,16.0,15.0,14.0,18.0,44.0,-52.0,-254.0,-232.0,-71.0,-17.0,-18.0,-17.0,-16.0,-14.0,-9.0,-6.0,-6.0,-5.0,-4.0,-3.0,-2.0,-1.0,2.0,2.0,-1.0,-1.0,0.0,0.0,1.0,2.0,0.0,-3.0,-3.0,-1.0,0.0,0.0,0.0,1.0,2.0,1.0,0.0,1.0,3.0,4.0,4.0,4.0,4.0,3.0,1.0,1.0,2.0,1.0,1.0,3.0,4.0,4.0
4.0,4.0,4.0,4.0,3.0,1.0,0.0,0.0,1.0,2.0,1.0,1.0,3.0,4.0,3.0,2.0,3.0,4.0,3.0,1.0,0.0,1.0,3.0,4.0,3.0,2.0,2.0,1.0,0.0,0.0,1.0,1.0,0.0,2.0,4.0,4.0,3.0,2.0,2.0,1.0,1.0,3.0,4.0,3.0,1.0,-1.0,-2.0,-2.0,-2.0,0.0,1.0,0.0,1.0,0.0,-27.0,-148.0,-233.0,-121.0,-12.0,-10.0,-13.0,-9.0,-5.0,-1.0,0.0,0.0,-1.0,-8.0,-19.0,-24.0,-23.0,-25.0,-32.0,-30.0,-16.0,-5.0,0.0,3.0,0.0,-6.0,-9.0,-12.0,-12.0,-11.0,-9.0,-5.0,-5.0,-5.0,-4.0,-2.0,2.0,11.0,23.0,28.0,27.0,23.0,19.0,15.0,7.0,2.0,2.0,1.0,3.0,5.0,4.0,4.0,-4.0,-19.0,-25.0,-25.0,-37.0,-54.0,-57.0,-42.0,-30.0,-37.0,-51.0,-62.0,-60.0,-36.0,3.0,36.0,55.0,51.0,26.0,6.0,0.0,6.0,13.0,10.0,3.0,-3.0,-8.0,-5.0,7.0,15.0,13.0,12.0,16.0,22.0,29.0,29.0,24.0,20.0,16.0,12.0,10.0,8.0,26.0,27.0,-103.0,-205.0,-112.0,-26.0,-24.0,-21.0,-17.0,-13.0,-9.0,-10.0,-11.0,-8.0,-5.0,-3.0,-2.0,-1.0,1.0,1.0,1.0,2.0,1.0,0.0,0.0,-1.0,-3.0,-4.0,-4.0,-3.0,0.0,2.0,1.0,1.0,3.0,4.0,3.0,1.0,0.0,0.0,0.0,0.0,1.0,3.0,4.0,3.0,1.0,0.0,1.0,3.0,4.0,4.0
2.0,3.0,3.0,1.0,-1.0,-1.0,2.0,4.0,4.0,3.0,1.0,1.0,2.0,1.0,1.0,3.0,4.0,3.0,1.0,0.0,1.0,3.0,3.0,3.0,5.0,5.0,3.0,1.0,1.0,3.0,3.0,2.0,3.0,4.0,4.0,3.0,2.0,4.0,6.0,5.0,4.0,4.0,4.0,3.0,1.0,0.0,0.0,0.0,-1.0,-2.0,0.0,2.0,1.0,-3.0,-67.0,-196.0,-196.0,-58.0,3.0,-6.0,-4.0,-1.0,-1.0,-3.0,-3.0,0.0,3.0,-3.0,-18.0,-24.0,-18.0,-17.0,-26.0,-28.0,-20.0,-15.0,-9.0,-2.0,0.0,-3.0,-9.0,-12.0,-13.0,-19.0,-21.0,-11.0,-2.0,0.0,1.0,5.0,6.0,5.0,10.0,15.0,13.0,14.0,19.0,9.0,-8.0,-14.0,-14.0,-16.0,-18.0,-23.0,-31.0,-31.0,-26.0,-23.0,-26.0,-31.0,-43.0,-56.0,-43.0,-20.0,-10.0,-13.0,-23.0,-34.0,-33.0,-14.0,1.0,10.0,11.0,0.0,3.0,14.0,12.0,8.0,2.0,-3.0,7.0,17.0,13.0,2.0,-9.0,-15.0,-10.0,5.0,26.0,34.0,19.0,12.0,20.0,23.0,20.0,15.0,12.0,13.0,12.0,41.0,-7.0,-155.0,-157.0,-56.0,-15.0,-9.0,-10.0,-9.0,-7.0,-6.0,-6.0,-7.0,-7.0,-6.0,-6.0,-5.0,-3.0,0.0,2.0,1.0,0.0,0.0,0.0,0.0,1.0,3.0,3.0,1.0,1.0,3.0,3.0,1.0,0.0,0.0,1.0,2.0,1.0,0.0,0.0,1.0,2.0,3.0,5.0,4.0,1.0,0.0,0.0,1.0,2.0,2.0
0.0,0.0,0.0,-1.0,-2.0,-1.0,1.0,3.0,3.0,2.0,3.0,4.0,3.0,1.0,1.0,2.0,1.0,0.0,1.0,3.0,4.0,3.0,1.0,1.0,3.0,3.0,1.0,1.0,3.0,4.0,3.0,3.0,5.0,4.0,1.0,1.0,3.0,4.0,4.0,5.0,5.0,1.0,-2.0,0.0,3.0,3.0,1.0,0.0,0.0,-1.0,-2.0,-2.0,-2.0,-10.0,-99.0,-181.0,-97.0,-4.0,-1.0,-4.0,-1.0,-2.0,-6.0,-7.0,-6.0,-7.0,-7.0,-5.0,-3.0,-2.0,-3.0,-7.0,-16.0,-22.0,-20.0,-17.0,-13.0,-7.0,-2.0,-1.0,-4.0,-5.0,-7.0,-16.0,-19.0,-14.0,-13.0,-14.0,-14.0,-13.0,-12.0,-16.0,-23.0,-26.0,-30.0,-25.0,-10.0,-12.0,-24.0,-35.0,-40.0,-30.0,-20.0,-17.0,-18.0,-22.0,-22.0,-16.0,-17.0,-28.0,-31.0,-21.0,-2.0,10.0,-1.0,-6.0,7.0,6.0,-3.0,-7.0,-18.0,-37.0,-63.0,-66.0,-26.0,11.0,16.0,2.0,-11.0,-8.0,11.0,32.0,33.0,15.0,-6.0,-14.0,-5.0,6.0,2.0,-14.0,-15.0,2.0,16.0,19.0,18.0,16.0,13.0,13.0,7.0,8.0,-8.0,-125.0,-206.0,-116.0,-24.0,-8.0,-7.0,-10.0,-12.0,-10.0,-9.0,-11.0,-11.0,-9.0,-8.0,-8.0,-6.0,-2.0,0.0,1.0,2.0,1.0,0.0,1.0,3.0,4.0,4.0,3.0,2.0,3.0,2.0,-1.0,-1.0,0.0,-1.0,-1.0,1.0,1.0,1.0,3.0,4.0,3.0,1.0,0.0,1.0,2.0,1.0,0.0,0.0,0.0
4.0,3.0,2.0,3.0,4.0,3.0,1.0,0.0,0.0,1.0,2.0,2.0,2.0,2.0,2.0,1.0,1.0,3.0,4.0,4.0,3.0,2.0,3.0,3.0,1.0,0.0,1.0,3.0,3.0,2.0,2.0,1.0,0.0,1.0,3.0,4.0,3.0,1.0,0.0,0.0,1.0,2.0,0.0,-3.0,-4.0,-3.0,-1.0,0.0,0.0,0.0,0.0,0.0,-4.0,-50.0,-147.0,-155.0,-50.0,2.0,-5.0,-5.0,-4.0,-6.0,-7.0,-5.0,-4.0,-4.0,-5.0,-6.0,-4.0,-2.0,-3.0,-6.0,-11.0,-13.0,-7.0,0.0,-1.0,-5.0,-6.0,-5.0,1.0,10.0,8.0,-7.0,-20.0,-23.0,-21.0,-20.0,-18.0,-17.0,-19.0,-18.0,-13.0,-15.0,-15.0,-1.0,6.0,-2.0,-8.0,-10.0,-17.0,-15.0,-5.0,-4.0,-6.0,-6.0,-9.0,-15.0,-18.0,-18.0,-4.0,13.0,7.0,-1.0,-3.0,-7.0,-8.0,-10.0,-15.0,-19.0,-28.0,-43.0,-39.0,-16.0,-2.0,8.0,22.0,27.0,19.0,8.0,14.0,31.0,32.0,13.0,-1.0,6.0,11.0,1.0,-13.0,-21.0,-15.0,-2.0,4.0,1.0,2.0,10.0,15.0,17.0,14.0,5.0,18.0,-55.0,-196.0,-162.0,-49.0,-17.0,-13.0,-12.0,-13.0,-13.0,-11.0,-9.0,-9.0,-11.0,-11.0,-8.0,-5.0,-4.0,-3.0,-1.0,0.0,0.0,0.0,0.0,0.0,1.0,2.0,1.0,0.0,0.0,0.0,0.0,0.0,1.0,2.0,1.0,1.0,3.0,3.0,0.0,-1.0,0.0,0.0,2.0,4.0,4.0,4.0,2.0,0.0,0.0
4.0,4.0,4.0,4.0,4.0,4.0,4.0,4.0,4.0,4.0,3.0,1.0,1.0,2.0,2.0,3.0,4.0,4.0,3.0,1.0,1.0,3.0,5.0,6.0,5.0,4.0,3.0,1.0,1.0,2.0,2.0,1.0,-2.0,-2.0,2.0,4.0,3.0,1.0,0.0,-1.0,-2.0,0.0,2.0,0.0,-2.0,-1.0,0.0,0.0,0.0,1.0,3.0,3.0,-5.0,-99.0,-209.0,-140.0,-21.0,-1.0,-7.0,-6.0,-7.0,-6.0,-2.0,-1.0,-2.0,-1.0,1.0,3.0,2.0,-4.0,-11.0,-13.0,-9.0,-4.0,0.0,5.0,4.0,-4.0,-2.0,7.0,10.0,8.0,5.0,4.0,-4.0,-13.0,-11.0,-7.0,-4.0,-4.0,-10.0,-12.0,-7.0,-7.0,-5.0,-2.0,-13.0,-21.0,-9.0,9.0,10.0,4.0,3.0,-5.0,-14.0,-15.0,-16.0,-19.0,-4.0,26.0,35.0,21.0,6.0,5.0,15.0,13.0,1.0,-3.0,-7.0,-21.0,-34.0,-30.0,-7.0,7.0,-3.0,2.0,23.0,18.0,3.0,4.0,6.0,-5.0,-15.0,-3.0,21.0,26.0,7.0,-14.0,-17.0,-5.0,1.0,0.0,2.0,3.0,0.0,2.0,10.0,15.0,19.0,18.0,28.0,-3.0,-145.0,-204.0,-92.0,-14.0,-9.0,-8.0,-9.0,-9.0,-5.0,-3.0,-5.0,-6.0,-6.0,-5.0,-4.0,-4.0,-3.0,-2.0,-2.0,-1.0,0.0,0.0,0.0,0.0,0.0,0.0,0.0,0.0,0.0,0.0,1.0,3.0,4.0,2.0,-1.0,-1.0,-1.0,-2.0,-1.0,1.0,3.0,4.0,3.0,2.0,2.0,1.0,1.0,2.0
0.0,1.0,3.0,4.0,4.0,5.0,6.0,5.0,4.0,4.0,4.0,2.0,0.0,1.0,2.0,3.0,3.0,1.0,0.0,1.0,3.0,3.0,2.0,3.0,4.0,4.0,4.0,3.0,2.0,2.0,2.0,2.0,2.0,2.0,1.0,0.0,0.0,1.0,2.0,2.0,2.0,1.0,0.0,0.0,1.0,2.0,1.0,0.0,0.0,1.0,2.0,1.0,-18.0,-114.0,-174.0,-76.0,3.0,-2.0,-6.0,-5.0,-4.0,-4.0,-3.0,-1.0,-1.0,-2.0,-1.0,1.0,2.0,-1.0,-7.0,-9.0,-4.0,3.0,7.0,9.0,10.0,8.0,5.0,8.0,13.0,7.0,-3.0,-5.0,-2.0,0.0,0.0,3.0,5.0,1.0,-6.0,-15.0,-22.0,-20.0,-22.0,-38.0,-46.0,-27.0,-2.0,9.0,21.0,33.0,36.0,33.0,27.0,15.0,-1.0,-4.0,11.0,28.0,22.0,-1.0,-9.0,5.0,17.0,15.0,12.0,1.0,-12.0,-7.0,0.0,-2.0,-8.0,-18.0,-23.0,-16.0,-6.0,-7.0,-9.0,-3.0,-15.0,-39.0,-36.0,-10.0,3.0,-1.0,-6.0,-13.0,-13.0,0.0,8.0,1.0,-6.0,-2.0,0.0,1.0,7.0,12.0,19.0,20.0,13.0,8.0,-98.0,-218.0,-135.0,-19.0,-1.0,-2.0,-6.0,-7.0,-5.0,-4.0,-4.0,-4.0,-4.0,-5.0,-7.0,-7.0,-5.0,-3.0,-1.0,1.0,2.0,1.0,1.0,1.0,-1.0,0.0,3.0,3.0,1.0,0.0,0.0,0.0,0.0,1.0,2.0,1.0,1.0,3.0,3.0,2.0,2.0,1.0,0.0,1.0,1.0,-1.0,-2.0,-2.0
4.0,4.0,4.0,5.0,6.0,6.0,5.0,3.0,3.0,4.0,3.0,1.0,0.0,1.0,2.0,1.0,0.0,0.0,0.0,1.0,2.0,1.0,0.0,0.0,0.0,0.0,2.0,5.0,4.0,2.0,2.0,2.0,3.0,3.0,2.0,2.0,2.0,2.0,2.0,3.0,4.0,3.0,2.0,2.0,0.0,-1.0,1.0,1.0,0.0,0.0,0.0,-3.0,-57.0,-145.0,-126.0,-31.0,2.0,-5.0,-6.0,-5.0,-3.0,-2.0,-2.0,0.0,1.0,0.0,0.0,-2.0,-2.0,1.0,2.0,3.0,3.0,4.0,11.0,15.0,15.0,17.0,13.0,10.0,14.0,14.0,7.0,0.0,2.0,5.0,3.0,4.0,-1.0,-14.0,-17.0,-17.0,-23.0,-24.0,-23.0,-23.0,-16.0,-2.0,5.0,4.0,14.0,30.0,40.0,46.0,44.0,32.0,18.0,8.0,-6.0,-25.0,-32.0,-24.0,-13.0,-4.0,0.0,0.0,-3.0,-11.0,-6.0,14.0,19.0,8.0,-4.0,-12.0,-7.0,-7.0,-21.0,-25.0,-20.0,-18.0,-29.0,-44.0,-39.0,-31.0,-36.0,-29.0,-3.0,13.0,9.0,7.0,11.0,4.0,-10.0,-12.0,-1.0,5.0,5.0,14.0,22.0,16.0,2.0,9.0,-18.0,-92.0,-77.0,-14.0,1.0,-1.0,-3.0,-5.0,-7.0,-7.0,-6.0,-7.0,-8.0,-7.0,-6.0,-6.0,-5.0,-4.0,-3.0,-1.0,0.0,0.0,1.0,3.0,4.0,3.0,1.0,0.0,2.0,4.0,2.0,0.0,1.0,3.0,4.0,5.0,6.0,4.0,1.0,0.0,0.0,0.0,0.0,1.0,3.0,4.0,3.0,2.0
4.0,4.0,3.0,2.0,3.0,4.0,4.0,4.0,4.0,3.0,2.0,4.0,6.0,5.0,3.0,1.0,0.0,1.0,3.0,3.0,1.0,1.0,2.0,2.0,3.0,4.0,3.0,2.0,2.0,1.0,1.0,3.0,3.0,2.0,3.0,4.0,4.0,3.0,2.0,2.0,1.0,0.0,1.0,3.0,3.0,1.0,0.0,0.0,0.0,-1.0,-3.0,-10.0,-81.0,-156.0,-98.0,-12.0,4.0,0.0,-3.0,-4.0,-4.0,-3.0,-2.0,-2.0,-2.0,-4.0,-6.0,-4.0,-2.0,-3.0,-3.0,1.0,7.0,10.0,10.0,7.0,1.0,3.0,11.0,10.0,3.0,1.0,5.0,13.0,17.0,12.0,7.0,6.0,0.0,-13.0,-18.0,-17.0,-16.0,-10.0,-9.0,-11.0,-5.0,-5.0,-11.0,-6.0,3.0,1.0,-5.0,1.0,6.0,4.0,5.0,0.0,-15.0,-30.0,-31.0,-12.0,5.0,-1.0,-15.0,-26.0,-29.0,-8.0,13.0,5.0,-3.0,7.0,12.0,9.0,5.0,-10.0,-33.0,-37.0,-20.0,-12.0,-15.0,-15.0,-15.0,-15.0,-12.0,-8.0,-1.0,9.0,12.0,5.0,0.0,2.0,-1.0,-8.0,-5.0,0.0,2.0,12.0,24.0,28.0,23.0,28.0,41.0,19.0,-15.0,-15.0,-4.0,-4.0,-5.0,-5.0,-7.0,-8.0,-8.0,-7.0,-5.0,-4.0,-5.0,-7.0,-8.0,-8.0,-7.0,-5.0,-4.0,-4.0,-3.0,0.0,3.0,3.0,1.0,0.0,0.0,1.0,2.0,2.0,3.0,4.0,3.0,1.0,0.0,0.0,0.0,0.0,1.0,2.0,0.0,-2.0,-1.0,1.0,3.0,4.0
4.0,4.0,3.0,1.0,1.0,2.0,2.0,2.0,1.0,0.0,1.0,4.0,6.0,4.0,1.0,0.0,0.0,1.0,3.0,4.0,4.0,4.0,3.0,2.0,3.0,4.0,3.0,1.0,1.0,3.0,4.0,3.0,1.0,0.0,0.0,0.0,0.0,1.0,3.0,3.0,1.0,0.0,0.0,1.0,3.0,3.0,1.0,0.0,0.0,-1.0,-4.0,-12.0,-80.0,-137.0,-65.0,5.0,4.0,-1.0,-2.0,-2.0,-3.0,-5.0,-6.0,-7.0,-6.0,-4.0,-4.0,-3.0,-3.0,-3.0,-1.0,1.0,6.0,12.0,13.0,10.0,5.0,2.0,-3.0,-14.0,-14.0,-1.0,11.0,17.0,15.0,13.0,17.0,17.0,11.0,7.0,2.0,-6.0,-10.0,-7.0,-5.0,-5.0,1.0,0.0,-7.0,3.0,12.0,-3.0,-21.0,-23.0,-18.0,-13.0,-6.0,0.0,3.0,4.0,11.0,28.0,34.0,15.0,-10.0,-25.0,-26.0,-5.0,11.0,0.0,-4.0,9.0,20.0,25.0,16.0,-7.0,-24.0,-11.0,17.0,19.0,8.0,10.0,22.0,36.0,39.0,26.0,6.0,-5.0,-6.0,-9.0,-12.0,-3.0,11.0,6.0,-11.0,-13.0,-4.0,1.0,8.0,24.0,31.0,29.0,36.0,8.0,-39.0,-32.0,-10.0,-7.0,-5.0,-5.0,-7.0,-8.0,-8.0,-7.0,-5.0,-6.0,-8.0,-8.0,-9.0,-9.0,-8.0,-7.0,-5.0,-4.0,-4.0,-4.0,-4.0,-2.0,0.0,-1.0,-1.0,1.0,2.0,1.0,0.0,0.0,0.0,-1.0,-2.0,-2.0,-2.0,-1.0,0.0,0.0,0.0,1.0,1.0,-1.0,-1.0,0.0
4.0,4.0,4.0,3.0,1.0,0.0,0.0,0.0,0.0,1.0,2.0,2.0,3.0,3.0,1.0,0.0,0.0,0.0,1.0,3.0,4.0,3.0,2.0,2.0,1.0,0.0,1.0,2.0,3.0,5.0,5.0,4.0,4.0,3.0,1.0,1.0,3.0,4.0,4.0,3.0,1.0,1.0,2.0,2.0,2.0,1.0,0.0,0.0,-1.0,-3.0,-5.0,-30.0,-100.0,-112.0,-23.0,22.0,3.0,-6.0,-5.0,-4.0,-4.0,-5.0,-7.0,-7.0,-4.0,-1.0,1.0,2.0,1.0,1.0,3.0,3.0,-1.0,-3.0,3.0,14.0,20.0,9.0,-23.0,-44.0,-24.0,5.0,21.0,28.0,24.0,18.0,12.0,3.0,-1.0,1.0,2.0,4.0,3.0,-2.0,-4.0,-5.0,-3.0,0.0,0.0,1.0,-1.0,-4.0,-4.0,-7.0,-10.0,-4.0,4.0,7.0,11.0,21.0,41.0,55.0,48.0,30.0,18.0,23.0,29.0,24.0,16.0,11.0,9.0,14.0,23.0,19.0,10.0,6.0,4.0,-3.0,-14.0,-11.0,-1.0,3.0,9.0,22.0,33.0,32.0,24.0,15.0,3.0,-4.0,-5.0,-11.0,-9.0,9.0,16.0,3.0,-7.0,-7.0,-2.0,13.0,28.0,27.0,19.0,-47.0,-115.0,-67.0,-15.0,-12.0,-7.0,-5.0,-5.0,-6.0,-4.0,-2.0,-3.0,-4.0,-4.0,-4.0,-3.0,-3.0,-5.0,-6.0,-6.0,-4.0,-2.0,-2.0,-1.0,0.0,0.0,0.0,1.0,2.0,2.0,2.0,1.0,-1.0,-2.0,-1.0,0.0,0.0,0.0,1.0,2.0,2.0,4.0,5.0,3.0,2.0,1.0,0.0
0.0,0.0,1.0,3.0,3.0,1.0,0.0,1.0,3.0,3.0,1.0,0.0,1.0,3.0,3.0,1.0,0.0,0.0,1.0,2.0,1.0,1.0,3.0,3.0,1.0,1.0,3.0,4.0,3.0,1.0,0.0,1.0,3.0,4.0,4.0,4.0,4.0,4.0,3.0,1.0,1.0,3.0,4.0,3.0,1.0,0.0,0.0,0.0,0.0,-1.0,-7.0,-63.0,-133.0,-91.0,-1.0,17.0,0.0,-6.0,-6.0,-5.0,-3.0,-3.0,-5.0,-4.0,0.0,3.0,4.0,4.0,4.0,4.0,3.0,-1.0,-8.0,-15.0,-15.0,-8.0,-2.0,0.0,3.0,13.0,22.0,24.0,24.0,20.0,10.0,1.0,-4.0,-1.0,11.0,13.0,2.0,-7.0,-4.0,11.0,21.0,14.0,-7.0,-16.0,-4.0,0.0,-5.0,-2.0,4.0,9.0,12.0,11.0,14.0,24.0,30.0,33.0,41.0,38.0,26.0,25.0,33.0,43.0,47.0,36.0,18.0,10.0,7.0,5.0,2.0,-6.0,-6.0,-4.0,-5.0,-11.0,-28.0,-30.0,-13.0,5.0,10.0,1.0,7.0,25.0,33.0,27.0,11.0,-1.0,-1.0,3.0,3.0,16.0,32.0,20.0,2.0,0.0,6.0,15.0,34.0,39.0,17.0,-52.0,-128.0,-95.0,-30.0,-17.0,-14.0,-9.0,-5.0,-3.0,0.0,2.0,1.0,1.0,1.0,-1.0,-2.0,-3.0,-4.0,-3.0,-2.0,-2.0,-1.0,0.0,0.0,0.0,0.0,1.0,2.0,1.0,0.0,0.0,0.0,0.0,1.0,2.0,1.0,2.0,5.0,5.0,3.0,2.0,3.0,2.0,0.0,1.0,1.0,0.0
0.0,0.0,0.0,1.0,2.0,1.0,1.0,3.0,4.0,4.0,5.0,5.0,2.0,1.0,3.0,4.0,4.0,3.0,1.0,0.0,0.0,1.0,2.0,1.0,1.0,3.0,4.0,5.0,4.0,1.0,1.0,1.0,0.0,0.0,1.0,2.0,1.0,0.0,0.0,1.0,3.0,4.0,3.0,1.0,0.0,0.0,0.0,0.0,1.0,3.0,-6.0,-68.0,-120.0,-60.0,11.0,14.0,5.0,3.0,1.0,0.0,0.0,1.0,3.0,4.0,5.0,8.0,11.0,10.0,6.0,3.0,1.0,-2.0,-6.0,-11.0,-20.0,-30.0,-30.0,-20.0,9.0,42.0,37.0,18.0,9.0,4.0,5.0,3.0,6.0,19.0,29.0,31.0,24.0,12.0,1.0,-3.0,0.0,1.0,-4.0,-10.0,-13.0,-17.0,-19.0,-16.0,-11.0,0.0,14.0,21.0,27.0,40.0,52.0,48.0,23.0,0.0,2.0,16.0,24.0,23.0,15.0,1.0,-6.0,6.0,17.0,8.0,-8.0,-8.0,-3.0,-5.0,-6.0,-6.0,-7.0,-9.0,-7.0,5.0,15.0,10.0,13.0,28.0,29.0,22.0,19.0,8.0,-7.0,-6.0,2.0,5.0,10.0,17.0,18.0,11.0,8.0,15.0,30.0,50.0,72.0,33.0,-60.0,-69.0,-27.0,-19.0,-18.0,-15.0,-11.0,-6.0,-5.0,-6.0,-4.0,-1.0,0.0,0.0,-1.0,-2.0,-2.0,-2.0,-1.0,0.0,0.0,-1.0,-3.0,-3.0,-1.0,0.0,0.0,0.0,0.0,0.0,0.0,1.0,3.0,4.0,4.0,4.0,4.0,3.0,1.0,0.0,0.0,1.0,2.0,2.0,2.0,2.0
0.0,1.0,3.0,3.0,1.0,0.0,0.0,0.0,0.0,1.0,3.0,3.0,1.0,0.0,0.0,1.0,3.0,4.0,3.0,1.0,1.0,2.0,1.0,1.0,3.0,3.0,1.0,0.0,0.0,1.0,3.0,3.0,2.0,2.0,1.0,1.0,3.0,4.0,3.0,2.0,2.0,1.0,-1.0,-2.0,-1.0,0.0,0.0,0.0,0.0,1.0,1.0,-23.0,-37.0,-1.0,19.0,10.0,9.0,8.0,4.0,1.0,1.0,3.0,3.0,2.0,3.0,5.0,7.0,8.0,8.0,9.0,10.0,11.0,14.0,16.0,11.0,2.0,-4.0,-7.0,-2.0,5.0,-1.0,-12.0,-13.0,-1.0,13.0,15.0,14.0,19.0,24.0,32.0,33.0,25.0,12.0,-11.0,-21.0,-11.0,3.0,5.0,-12.0,-29.0,-33.0,-30.0,-24.0,-19.0,-10.0,14.0,38.0,43.0,33.0,18.0,1.0,-8.0,-4.0,3.0,6.0,2.0,-4.0,-7.0,-5.0,3.0,11.0,10.0,5.0,6.0,2.0,-7.0,-8.0,-1.0,9.0,14.0,13.0,11.0,12.0,14.0,19.0,28.0,23.0,11.0,8.0,3.0,-10.0,-27.0,-32.0,-23.0,-9.0,14.0,28.0,20.0,11.0,16.0,25.0,42.0,70.0,36.0,-51.0,-68.0,-35.0,-21.0,-15.0,-12.0,-11.0,-8.0,-7.0,-9.0,-9.0,-7.0,-4.0,-2.0,-2.0,-1.0,0.0,-1.0,-3.0,-4.0,-4.0,-3.0,-1.0,0.0,1.0,1.0,-1.0,-1.0,0.0,0.0,0.0,1.0,2.0,2.0,3.0,3.0,1.0,0.0,1.0,2.0,0.0,-2.0,-1.0,0.0,0.0,0.0
4.0,4.0,4.0,3.0,2.0,3.0,3.0,2.0,3.0,3.0,0.0,-2.0,0.0,3.0,3.0,1.0,0.0,1.0,2.0,2.0,3.0,3.0,2.0,2.0,1.0,0.0,0.0,0.0,1.0,2.0,1.0,1.0,3.0,4.0,4.0,4.0,4.0,4.0,4.0,4.0,4.0,3.0,2.0,1.0,-1.0,-1.0,-1.0,-2.0,-1.0,-1.0,1.0,-13.0,-19.0,14.0,22.0,3.0,-2.0,0.0,0.0,-4.0,-4.0,-4.0,-7.0,-4.0,3.0,7.0,8.0,9.0,12.0,18.0,25.0,30.0,34.0,39.0,45.0,46.0,40.0,35.0,29.0,16.0,4.0,-5.0,-10.0,-2.0,13.0,24.0,31.0,35.0,34.0,33.0,30.0,20.0,15.0,11.0,7.0,15.0,19.0,10.0,3.0,-1.0,-8.0,-13.0,-14.0,-16.0,-17.0,-12.0,-2.0,5.0,-1.0,-11.0,-10.0,-3.0,-7.0,-20.0,-24.0,-15.0,-5.0,1.0,1.0,-7.0,-10.0,-4.0,10.0,23.0,20.0,9.0,5.0,9.0,14.0,16.0,17.0,16.0,11.0,9.0,15.0,22.0,14.0,1.0,-3.0,-7.0,-12.0,-16.0,-18.0,-18.0,-12.0,3.0,15.0,19.0,19.0,17.0,19.0,24.0,21.0,-3.0,-42.0,-55.0,-31.0,-11.0,-7.0,-6.0,-8.0,-10.0,-9.0,-8.0,-8.0,-7.0,-4.0,-2.0,-3.0,-3.0,-2.0,-4.0,-6.0,-5.0,-4.0,-4.0,-2.0,0.0,-2.0,-3.0,-1.0,0.0,0.0,0.0,0.0,0.0,-1.0,-2.0,-1.0,0.0,0.0,0.0,0.0,0.0,0.0,0.0,0.0,0.0,0.0,0.0
4.0,3.0,1.0,-1.0,-1.0,2.0,4.0,3.0,1.0,0.0,1.0,3.0,4.0,3.0,1.0,-1.0,0.0,4.0,5.0,4.0,4.0,4.0,4.0,4.0,4.0,4.0,4.0,5.0,6.0,4.0,2.0,3.0,4.0,4.0,4.0,3.0,1.0,0.0,1.0,3.0,4.0,4.0,4.0,4.0,3.0,1.0,0.0,0.0,-1.0,-2.0,-6.0,-43.0,-61.0,-11.0,14.0,1.0,-3.0,-3.0,-4.0,-8.0,-10.0,-10.0,-8.0,-4.0,2.0,10.0,14.0,13.0,14.0,18.0,23.0,27.0,27.0,27.0,28.0,29.0,32.0,35.0,35.0,29.0,17.0,4.0,-8.0,-12.0,4.0,33.0,52.0,45.0,21.0,9.0,19.0,26.0,18.0,8.0,7.0,15.0,16.0,17.0,31.0,30.0,11.0,6.0,8.0,5.0,1.0,-13.0,-32.0,-39.0,-31.0,-19.0,-12.0,-5.0,0.0,-12.0,-28.0,-24.0,-9.0,3.0,5.0,-4.0,-10.0,-7.0,0.0,2.0,2.0,11.0,18.0,19.0,17.0,16.0,22.0,22.0,14.0,8.0,-9.0,-32.0,-32.0,-27.0,-30.0,-26.0,-15.0,-3.0,-5.0,-16.0,-20.0,-19.0,-11.0,5.0,17.0,19.0,19.0,20.0,20.0,8.0,-8.0,-5.0,1.0,-4.0,-11.0,-15.0,-19.0,-22.0,-19.0,-13.0,-8.0,-5.0,-4.0,-3.0,-2.0,-2.0,-2.0,-3.0,-3.0,-2.0,-3.0,-5.0,-5.0,-2.0,0.0,1.0,2.0,1.0,1.0,2.0,1.0,-1.0,-3.0,-3.0,-1.0,0.0,-1.0,-2.0,-1.0,0.0,1.0,2.0,1.0,0.0,1.0,2.0
0.0,1.0,2.0,1.0,0.0,0.0,0.0,-1.0,-2.0,0.0,3.0,4.0,3.0,0.0,-3.0,-3.0,0.0,4.0,7.0,7.0,5.0,4.0,3.0,3.0,5.0,5.0,4.0,4.0,4.0,4.0,4.0,3.0,2.0,3.0,3.0,1.0,1.0,3.0,3.0,1.0,0.0,0.0,1.0,3.0,4.0,3.0,2.0,1.0,-2.0,-3.0,5.0,4.0,-2.0,8.0,9.0,3.0,4.0,2.0,-2.0,-5.0,-8.0,-9.0,-8.0,-8.0,-5.0,0.0,3.0,3.0,3.0,4.0,2.0,0.0,2.0,3.0,1.0,1.0,1.0,-2.0,-2.0,1.0,-2.0,-6.0,-9.0,-17.0,-13.0,8.0,14.0,1.0,-4.0,1.0,16.0,34.0,32.0,22.0,23.0,13.0,-27.0,-52.0,-28.0,0.0,0.0,-3.0,9.0,19.0,18.0,10.0,-6.0,-19.0,-24.0,-26.0,-17.0,-1.0,8.0,9.0,10.0,11.0,10.0,13.0,18.0,17.0,9.0,2.0,-8.0,-19.0,-15.0,-4.0,1.0,4.0,12.0,23.0,30.0,28.0,23.0,20.0,-5.0,-31.0,-16.0,-4.0,-23.0,-38.0,-34.0,-14.0,1.0,-9.0,-23.0,-26.0,-22.0,-9.0,5.0,13.0,16.0,15.0,19.0,13.0,-26.0,-50.0,-29.0,-13.0,-16.0,-18.0,-16.0,-14.0,-14.0,-12.0,-9.0,-8.0,-7.0,-4.0,-2.0,-3.0,-4.0,-3.0,-2.0,-3.0,-4.0,-4.0,-5.0,-5.0,-1.0,2.0,1.0,0.0,1.0,2.0,1.0,0.0,1.0,2.0,0.0,-2.0,-1.0,0.0,0.0,-1.0,-2.0,-1.0,1.0,1.0,0.0,0.0
2.0,3.0,3.0,2.0,3.0,4.0,4.0,4.0,4.0,4.0,4.0,4.0,4.0,5.0,7.0,9.0,8.0,4.0,3.0,4.0,3.0,1.0,1.0,2.0,2.0,3.0,4.0,3.0,2.0,3.0,3.0,2.0,2.0,2.0,2.0,2.0,3.0,4.0,4.0,3.0,2.0,3.0,4.0,3.0,2.0,2.0,1.0,0.0,0.0,-2.0,-4.0,3.0,15.0,19.0,14.0,6.0,2.0,1.0,-2.0,-5.0,-7.0,-10.0,-16.0,-18.0,-15.0,-19.0,-27.0,-29.0,-27.0,-30.0,-34.0,-30.0,-22.0,-14.0,-9.0,-7.0,-7.0,-14.0,-22.0,-22.0,-15.0,-6.0,-2.0,-6.0,-11.0,-14.0,-26.0,-32.0,-17.0,8.0,34.0,42.0,32.0,30.0,29.0,13.0,-2.0,-10.0,-16.0,-7.0,5.0,1.0,9.0,21.0,15.0,14.0,18.0,21.0,19.0,6.0,10.0,25.0,19.0,11.0,11.0,8.0,10.0,18.0,22.0,22.0,20.0,14.0,7.0,4.0,4.0,3.0,1.0,-1.0,7.0,16.0,8.0,-3.0,-6.0,-3.0,5.0,6.0,-4.0,-5.0,-12.0,-24.0,-17.0,-20.0,-25.0,-15.0,-13.0,-16.0,-17.0,-15.0,-5.0,6.0,11.0,11.0,16.0,23.0,-6.0,-47.0,-39.0,-14.0,-9.0,-9.0,-6.0,-6.0,-9.0,-9.0,-8.0,-8.0,-7.0,-5.0,-3.0,-3.0,-6.0,-7.0,-5.0,-4.0,-4.0,-3.0,-2.0,-3.0,-3.0,-2.0,-2.0,-1.0,0.0,1.0,3.0,4.0,4.0,3.0,1.0,0.0,1.0,2.0,1.0,0.0,0.0,2.0,4.0,3.0,2.0,2.0
0.0,0.0,0.0,1.0,3.0,4.0,4.0,4.0,4.0,4.0,4.0,4.0,4.0,5.0,8.0,10.0,9.0,6.0,2.0,0.0,1.0,3.0,4.0,3.0,2.0,3.0,4.0,3.0,1.0,0.0,1.0,3.0,3.0,1.0,0.0,1.0,2.0,1.0,0.0,1.0,3.0,4.0,3.0,2.0,3.0,4.0,3.0,3.0,4.0,2.0,-29.0,-77.0,-65.0,-15.0,2.0,3.0,7.0,2.0,-7.0,-9.0,-11.0,-17.0,-22.0,-29.0,-40.0,-48.0,-49.0,-47.0,-47.0,-53.0,-56.0,-49.0,-38.0,-26.0,-23.0,-24.0,-17.0,-10.0,-8.0,-6.0,-1.0,0.0,4.0,16.0,20.0,12.0,3.0,3.0,8.0,18.0,25.0,19.0,15.0,16.0,17.0,29.0,59.0,72.0,42.0,17.0,26.0,30.0,21.0,19.0,14.0,8.0,14.0,25.0,36.0,42.0,37.0,28.0,22.0,21.0,18.0,16.0,24.0,26.0,16.0,10.0,11.0,10.0,11.0,13.0,7.0,2.0,5.0,15.0,8.0,-14.0,-17.0,-20.0,-26.0,-26.0,-25.0,-26.0,-44.0,-46.0,-19.0,6.0,17.0,2.0,-13.0,-2.0,3.0,-5.0,-7.0,-7.0,-4.0,3.0,6.0,6.0,10.0,31.0,59.0,48.0,7.0,-10.0,-9.0,-11.0,-12.0,-12.0,-11.0,-9.0,-8.0,-8.0,-8.0,-7.0,-4.0,-2.0,-3.0,-4.0,-3.0,-2.0,-3.0,-4.0,-4.0,-4.0,-4.0,-3.0,-1.0,0.0,-1.0,-2.0,0.0,2.0,2.0,2.0,2.0,2.0,1.0,0.0,0.0,2.0,4.0,2.0,-2.0,-3.0,-1.0,0.0
0.0,0.0,1.0,3.0,3.0,1.0,1.0,3.0,4.0,4.0,3.0,1.0,0.0,1.0,4.0,6.0,5.0,3.0,2.0,3.0,4.0,4.0,4.0,4.0,4.0,3.0,2.0,3.0,4.0,4.0,4.0,4.0,4.0,4.0,4.0,3.0,1.0,0.0,0.0,1.0,3.0,3.0,1.0,1.0,3.0,3.0,2.0,3.0,3.0,1.0,-22.0,-51.0,-36.0,-10.0,-5.0,5.0,13.0,3.0,-8.0,-12.0,-19.0,-28.0,-31.0,-30.0,-31.0,-30.0,-29.0,-33.0,-39.0,-40.0,-36.0,-33.0,-28.0,-22.0,-22.0,-26.0,-24.0,-17.0,-17.0,-19.0,-15.0,-7.0,8.0,28.0,37.0,34.0,42.0,58.0,62.0,44.0,13.0,3.0,14.0,13.0,2.0,7.0,25.0,31.0,22.0,17.0,23.0,22.0,8.0,5.0,9.0,11.0,18.0,16.0,18.0,39.0,41.0,23.0,24.0,38.0,53.0,66.0,67.0,53.0,31.0,16.0,9.0,5.0,5.0,6.0,8.0,9.0,13.0,28.0,20.0,-13.0,-20.0,-14.0,-22.0,-27.0,-30.0,-39.0,-43.0,-39.0,-25.0,-5.0,11.0,26.0,27.0,12.0,6.0,7.0,3.0,-2.0,-4.0,-3.0,-2.0,-1.0,1.0,14.0,31.0,25.0,5.0,-7.0,-9.0,-9.0,-11.0,-11.0,-10.0,-11.0,-11.0,-9.0,-9.0,-10.0,-9.0,-7.0,-4.0,-2.0,-4.0,-5.0,-3.0,-3.0,-3.0,-2.0,-3.0,-3.0,-1.0,0.0,0.0,0.0,0.0,0.0,0.0,1.0,2.0,1.0,0.0,1.0,2.0,1.0,0.0,-1.0,-2.0,-1.0,0.0,0.0
6.0,5.0,3.0,2.0,2.0,3.0,4.0,4.0,3.0,1.0,0.0,1.0,2.0,2.0,2.0,2.0,3.0,4.0,4.0,4.0,4.0,3.0,2.0,3.0,3.0,1.0,0.0,1.0,3.0,4.0,4.0,4.0,4.0,4.0,4.0,4.0,4.0,4.0,5.0,6.0,5.0,4.0,3.0,1.0,0.0,0.0,1.0,1.0,0.0,0.0,15.0,68.0,90.0,36.0,-1.0,6.0,9.0,1.0,-4.0,-9.0,-18.0,-23.0,-22.0,-16.0,-7.0,-2.0,-6.0,-13.0,-19.0,-17.0,-10.0,-11.0,-17.0,-27.0,-33.0,-31.0,-33.0,-35.0,-36.0,-38.0,-29.0,-10.0,9.0,22.0,22.0,26.0,50.0,70.0,71.0,57.0,39.0,34.0,40.0,44.0,31.0,7.0,6.0,29.0,44.0,40.0,22.0,-2.0,-21.0,-33.0,-31.0,-3.0,25.0,27.0,23.0,31.0,36.0,33.0,41.0,56.0,66.0,68.0,64.0,54.0,31.0,12.0,7.0,6.0,3.0,1.0,6.0,11.0,6.0,-18.0,-31.0,-10.0,2.0,-9.0,-28.0,-38.0,-23.0,-4.0,10.0,21.0,16.0,0.0,2.0,25.0,31.0,12.0,2.0,6.0,5.0,1.0,-3.0,-7.0,-5.0,-1.0,6.0,27.0,31.0,0.0,-19.0,-15.0,-9.0,-6.0,-8.0,-11.0,-12.0,-12.0,-10.0,-7.0,-7.0,-8.0,-8.0,-8.0,-6.0,-2.0,-1.0,-2.0,-1.0,0.0,1.0,2.0,0.0,-3.0,-3.0,-1.0,1.0,3.0,3.0,1.0,-1.0,-2.0,-1.0,1.0,2.0,1.0,0.0,-1.0,-2.0,-1.0,2.0,4.0,3.0,2.0
2.0,2.0,3.0,4.0,4.0,4.0,4.0,4.0,4.0,4.0,3.0,1.0,0.0,-1.0,-2.0,-1.0,1.0,3.0,3.0,1.0,0.0,0.0,0.0,0.0,0.0,1.0,2.0,2.0,2.0,1.0,1.0,2.0,1.0,0.0,0.0,1.0,3.0,4.0,4.0,4.0,3.0,2.0,3.0,4.0,2.0,0.0,0.0,-2.0,-3.0,-2.0,25.0,89.0,104.0,48.0,10.0,6.0,5.0,2.0,-3.0,-7.0,-6.0,0.0,7.0,5.0,-7.0,-15.0,-18.0,-20.0,-14.0,-4.0,-2.0,-7.0,-15.0,-30.0,-43.0,-41.0,-33.0,-28.0,-23.0,-17.0,-12.0,-7.0,2.0,6.0,4.0,11.0,16.0,11.0,10.0,12.0,17.0,35.0,57.0,65.0,54.0,30.0,14.0,19.0,23.0,7.0,-14.0,-18.0,-9.0,0.0,9.0,15.0,19.0,28.0,36.0,36.0,32.0,37.0,50.0,50.0,45.0,49.0,38.0,10.0,-3.0,4.0,10.0,9.0,9.0,7.0,-10.0,-30.0,-46.0,-83.0,-107.0,-87.0,-68.0,-53.0,-29.0,-21.0,-15.0,14.0,40.0,42.0,43.0,37.0,7.0,-8.0,7.0,22.0,22.0,17.0,15.0,9.0,1.0,-3.0,-4.0,-5.0,4.0,34.0,52.0,28.0,-2.0,-10.0,-11.0,-10.0,-6.0,-6.0,-10.0,-11.0,-10.0,-11.0,-10.0,-7.0,-7.0,-7.0,-5.0,-3.0,0.0,2.0,1.0,0.0,-1.0,-3.0,-4.0,-4.0,-3.0,-1.0,0.0,0.0,-1.0,-2.0,-1.0,-1.0,-2.0,0.0,2.0,1.0,1.0,2.0,2.0,2.0,2.0,2.0,1.0,0.0
2.0,1.0,1.0,3.0,3.0,1.0,1.0,3.0,4.0,4.0,4.0,4.0,4.0,3.0,3.0,5.0,4.0,2.0,3.0,4.0,3.0,2.0,2.0,2.0,3.0,4.0,4.0,3.0,2.0,2.0,1.0,0.0,0.0,1.0,3.0,2.0,-2.0,-3.0,-1.0,0.0,0.0,1.0,3.0,4.0,4.0,3.0,1.0,0.0,0.0,-1.0,9.0,28.0,27.0,14.0,14.0,13.0,-2.0,-14.0,-12.0,-4.0,3.0,10.0,17.0,18.0,10.0,0.0,-18.0,-38.0,-28.0,-3.0,0.0,-14.0,-27.0,-30.0,-25.0,-21.0,-15.0,-11.0,-18.0,-13.0,0.0,-6.0,-12.0,-14.0,-16.0,-8.0,-7.0,-19.0,-25.0,-25.0,-21.0,-6.0,0.0,-6.0,-1.0,9.0,8.0,6.0,2.0,-14.0,-24.0,-12.0,13.0,34.0,43.0,30.0,11.0,11.0,23.0,34.0,42.0,49.0,45.0,27.0,17.0,23.0,13.0,-14.0,-20.0,-7.0,3.0,3.0,-1.0,-7.0,-23.0,-38.0,-49.0,-66.0,-81.0,-87.0,-84.0,-62.0,-27.0,-7.0,-4.0,1.0,13.0,14.0,21.0,43.0,36.0,9.0,2.0,17.0,22.0,13.0,15.0,16.0,6.0,-2.0,-7.0,-10.0,-2.0,-1.0,-10.0,1.0,13.0,6.0,-3.0,-8.0,-9.0,-7.0,-8.0,-10.0,-12.0,-15.0,-14.0,-12.0,-11.0,-8.0,-6.0,-6.0,-5.0,-4.0,-4.0,-3.0,-2.0,-3.0,-4.0,-3.0,-2.0,-2.0,-1.0,0.0,-1.0,-2.0,0.0,3.0,4.0,3.0,1.0,1.0,3.0,4.0,4.0,4.0,4.0,2.0,-1.0,-2.0
4.0,3.0,2.0,3.0,4.0,4.0,3.0,1.0,1.0,2.0,3.0,6.0,8.0,8.0,7.0,5.0,3.0,2.0,3.0,4.0,5.0,7.0,7.0,5.0,3.0,2.0,3.0,2.0,0.0,2.0,3.0,1.0,1.0,4.0,6.0,4.0,1.0,0.0,0.0,0.0,0.0,0.0,0.0,0.0,2.0,5.0,5.0,3.0,2.0,4.0,-4.0,-33.0,-48.0,-25.0,7.0,13.0,-6.0,-13.0,-1.0,8.0,10.0,12.0,16.0,20.0,24.0,21.0,15.0,20.0,27.0,26.0,18.0,0.0,-20.0,-27.0,-19.0,-8.0,-6.0,-9.0,-17.0,-30.0,-24.0,-17.0,-31.0,-34.0,-30.0,-36.0,-46.0,-59.0,-65.0,-49.0,-24.0,-20.0,-42.0,-61.0,-49.0,-19.0,3.0,10.0,11.0,15.0,14.0,7.0,3.0,1.0,5.0,9.0,1.0,-7.0,-7.0,-10.0,-12.0,-12.0,-19.0,-22.0,-24.0,-32.0,-35.0,-32.0,-26.0,-22.0,-23.0,-27.0,-35.0,-42.0,-43.0,-40.0,-33.0,-21.0,-3.0,15.0,22.0,16.0,2.0,-5.0,-7.0,-15.0,-16.0,-5.0,9.0,20.0,17.0,-5.0,-16.0,0.0,12.0,13.0,16.0,15.0,4.0,-7.0,-10.0,-8.0,-4.0,-15.0,-42.0,-38.0,-7.0,2.0,-1.0,-3.0,-7.0,-6.0,-5.0,-8.0,-10.0,-8.0,-6.0,-6.0,-5.0,-4.0,-3.0,-3.0,-5.0,-6.0,-5.0,-2.0,-2.0,-5.0,-5.0,-3.0,-2.0,-2.0,-1.0,0.0,1.0,2.0,2.0,2.0,2.0,2.0,2.0,2.0,0.0,-1.0,1.0,2.0,3.0,3.0,1.0,0.0
0.0,2.0,5.0,5.0,5.0,7.0,6.0,3.0,3.0,4.0,4.0,3.0,2.0,3.0,3.0,1.0,1.0,2.0,2.0,2.0,2.0,3.0,4.0,4.0,4.0,4.0,3.0,3.0,4.0,4.0,5.0,5.0,4.0,4.0,3.0,3.0,5.0,4.0,1.0,1.0,3.0,3.0,2.0,2.0,1.0,1.0,1.0,-1.0,-2.0,-1.0,-19.0,-43.0,-32.0,-13.0,-1.0,6.0,0.0,0.0,6.0,12.0,20.0,26.0,28.0,30.0,32.0,28.0,37.0,64.0,68.0,48.0,38.0,34.0,19.0,0.0,-12.0,-21.0,-30.0,-31.0,-21.0,-28.0,-47.0,-39.0,-30.0,-30.0,-24.0,-36.0,-58.0,-74.0,-86.0,-76.0,-57.0,-61.0,-68.0,-61.0,-52.0,-32.0,-2.0,3.0,-4.0,12.0,32.0,33.0,15.0,0.0,-1.0,-2.0,-13.0,-31.0,-46.0,-63.0,-82.0,-93.0,-96.0,-87.0,-77.0,-85.0,-89.0,-66.0,-40.0,-38.0,-43.0,-38.0,-36.0,-37.0,-27.0,-16.0,-4.0,33.0,73.0,71.0,48.0,41.0,33.0,20.0,15.0,11.0,-2.0,-17.0,-29.0,-35.0,-25.0,-7.0,9.0,12.0,14.0,27.0,30.0,20.0,9.0,-1.0,-6.0,-4.0,-3.0,-2.0,-9.0,-21.0,-16.0,-9.0,-9.0,-6.0,-5.0,-6.0,-5.0,-6.0,-9.0,-9.0,-6.0,-3.0,-3.0,-4.0,-3.0,-2.0,-3.0,-4.0,-5.0,-6.0,-6.0,-6.0,-4.0,-2.0,-3.0,-4.0,-4.0,-3.0,0.0,3.0,3.0,1.0,0.0,0.0,1.0,2.0,1.0,0.0,0.0,0.0,0.0,1.0,2.0,2.0
0.0,1.0,2.0,1.0,0.0,1.0,3.0,4.0,3.0,2.0,2.0,1.0,0.0,0.0,1.0,3.0,4.0,4.0,4.0,4.0,3.0,1.0,1.0,3.0,4.0,3.0,1.0,2.0,5.0,5.0,4.0,4.0,3.0,1.0,1.0,3.0,4.0,4.0,4.0,4.0,4.0,4.0,4.0,4.0,3.0,0.0,-2.0,-2.0,-4.0,-8.0,-8.0,32.0,66.0,27.0,-3.0,4.0,8.0,8.0,5.0,10.0,24.0,36.0,40.0,40.0,41.0,48.0,53.0,47.0,39.0,33.0,34.0,40.0,38.0,26.0,5.0,-19.0,-33.0,-35.0,-30.0,-24.0,-34.0,-43.0,-34.0,-34.0,-42.0,-47.0,-49.0,-44.0,-41.0,-57.0,-86.0,-101.0,-85.0,-54.0,-40.0,-36.0,-24.0,-5.0,13.0,22.0,33.0,42.0,24.0,-2.0,-16.0,-33.0,-50.0,-67.0,-84.0,-88.0,-86.0,-92.0,-107.0,-117.0,-117.0,-116.0,-107.0,-90.0,-82.0,-79.0,-67.0,-45.0,-23.0,-1.0,31.0,57.0,65.0,70.0,63.0,35.0,15.0,15.0,21.0,26.0,40.0,57.0,45.0,20.0,8.0,-10.0,-21.0,0.0,9.0,-15.0,-19.0,2.0,14.0,18.0,18.0,9.0,-1.0,-4.0,-3.0,17.0,60.0,62.0,16.0,-9.0,-14.0,-16.0,-13.0,-11.0,-7.0,-3.0,-5.0,-9.0,-9.0,-8.0,-9.0,-10.0,-9.0,-7.0,-6.0,-5.0,-4.0,-5.0,-4.0,-2.0,-2.0,-1.0,-1.0,-3.0,-4.0,-3.0,0.0,3.0,3.0,2.0,2.0,1.0,0.0,0.0,1.0,2.0,1.0,0.0,0.0,0.0,0.0,0.0
2.0,2.0,1.0,1.0,2.0,1.0,1.0,2.0,1.0,0.0,0.0,0.0,0.0,1.0,3.0,4.0,4.0,4.0,3.0,2.0,2.0,2.0,3.0,3.0,1.0,0.0,1.0,2.0,2.0,2.0,1.0,0.0,0.0,-1.0,-1.0,1.0,2.0,3.0,5.0,6.0,5.0,3.0,1.0,1.0,2.0,0.0,-2.0,-2.0,-6.0,-12.0,8.0,65.0,83.0,36.0,1.0,-9.0,-10.0,1.0,11.0,15.0,22.0,31.0,34.0,34.0,35.0,43.0,52.0,45.0,29.0,21.0,23.0,32.0,41.0,36.0,17.0,1.0,-5.0,-6.0,-7.0,-17.0,-37.0,-53.0,-59.0,-63.0,-67.0,-69.0,-72.0,-67.0,-59.0,-63.0,-66.0,-58.0,-48.0,-40.0,-34.0,-34.0,-38.0,-24.0,8.0,18.0,9.0,10.0,13.0,3.0,-17.0,-36.0,-45.0,-51.0,-64.0,-73.0,-72.0,-69.0,-70.0,-75.0,-80.0,-77.0,-69.0,-71.0,-70.0,-53.0,-38.0,-28.0,-15.0,1.0,15.0,18.0,15.0,10.0,0.0,-2.0,2.0,-1.0,-2.0,4.0,7.0,-1.0,2.0,26.0,47.0,51.0,37.0,18.0,1.0,-5.0,5.0,5.0,-8.0,-10.0,2.0,7.0,-5.0,-13.0,-8.0,39.0,110.0,97.0,16.0,-58.0,-131.0,-175.0,-140.0,-63.0,-15.0,-2.0,0.0,0.0,-2.0,-6.0,-8.0,-7.0,-6.0,-6.0,-5.0,-5.0,-5.0,-3.0,-2.0,-2.0,-2.0,0.0,2.0,1.0,0.0,0.0,0.0,-1.0,-2.0,-1.0,0.0,0.0,0.0,0.0,0.0,0.0,-1.0,-2.0,-1.0,0.0,-1.0,-2.0
4.0,3.0,1.0,1.0,3.0,3.0,1.0,0.0,0.0,1.0,3.0,3.0,2.0,3.0,3.0,1.0,1.0,2.0,1.0,1.0,2.0,2.0,2.0,1.0,0.0,0.0,1.0,3.0,3.0,2.0,2.0,2.0,3.0,3.0,1.0,1.0,2.0,1.0,0.0,1.0,3.0,3.0,1.0,0.0,0.0,1.0,0.0,-6.0,-50.0,-162.0,-240.0,-175.0,-55.0,-1.0,-1.0,-11.0,-14.0,-6.0,5.0,12.0,16.0,15.0,8.0,5.0,7.0,10.0,22.0,33.0,28.0,21.0,19.0,23.0,36.0,49.0,56.0,50.0,30.0,13.0,5.0,-5.0,-19.0,-27.0,-29.0,-33.0,-37.0,-41.0,-49.0,-57.0,-66.0,-70.0,-57.0,-40.0,-36.0,-40.0,-44.0,-46.0,-44.0,-39.0,-28.0,-14.0,-6.0,-5.0,4.0,12.0,2.0,-7.0,-7.0,2.0,6.0,-10.0,-32.0,-42.0,-36.0,-28.0,-28.0,-31.0,-32.0,-26.0,-12.0,1.0,13.0,18.0,5.0,-15.0,-26.0,-25.0,-15.0,3.0,24.0,36.0,29.0,14.0,9.0,8.0,-10.0,-34.0,-21.0,12.0,21.0,30.0,45.0,40.0,37.0,44.0,36.0,15.0,-3.0,-12.0,-4.0,6.0,-4.0,-13.0,-10.0,28.0,78.0,42.0,-115.0,-338.0,-489.0,-514.0,-473.0,-344.0,-148.0,-26.0,-1.0,0.0,-2.0,-5.0,-4.0,-2.0,-4.0,-7.0,-8.0,-8.0,-7.0,-6.0,-5.0,-1.0,1.0,-2.0,-4.0,-3.0,-1.0,-1.0,-3.0,-4.0,-4.0,-3.0,-1.0,0.0,0.0,0.0,0.0,0.0,0.0,0.0,0.0,0.0,1.0,2.0
2.0,2.0,3.0,3.0,2.0,3.0,4.0,4.0,4.0,4.0,4.0,4.0,4.0,3.0,1.0,0.0,0.0,-1.0,-2.0,0.0,3.0,3.0,1.0,1.0,3.0,4.0,3.0,2.0,3.0,4.0,4.0,4.0,4.0,4.0,4.0,4.0,3.0,2.0,2.0,1.0,0.0,1.0,3.0,3.0,1.0,1.0,-2.0,-94.0,-314.0,-509.0,-595.0,-570.0,-364.0,-107.0,-10.0,-9.0,0.0,7.0,6.0,7.0,10.0,5.0,-4.0,-9.0,-7.0,-1.0,4.0,12.0,24.0,32.0,36.0,44.0,58.0,72.0,82.0,88.0,82.0,55.0,23.0,11.0,11.0,6.0,2.0,-1.0,-10.0,-16.0,-16.0,-20.0,-30.0,-44.0,-55.0,-59.0,-58.0,-58.0,-61.0,-62.0,-62.0,-61.0,-57.0,-40.0,-18.0,-6.0,-3.0,-5.0,1.0,8.0,7.0,13.0,19.0,10.0,0.0,-1.0,-3.0,-9.0,-13.0,-15.0,-9.0,6.0,12.0,7.0,6.0,14.0,24.0,25.0,26.0,40.0,54.0,58.0,57.0,49.0,33.0,18.0,13.0,15.0,11.0,8.0,11.0,10.0,1.0,-5.0,8.0,21.0,28.0,32.0,11.0,-14.0,-15.0,-9.0,-10.0,-15.0,-18.0,-15.0,-9.0,-2.0,-30.0,-194.0,-426.0,-501.0,-426.0,-348.0,-327.0,-342.0,-279.0,-124.0,-22.0,-5.0,-6.0,-5.0,-4.0,-5.0,-6.0,-6.0,-7.0,-8.0,-7.0,-5.0,-4.0,-3.0,-2.0,-4.0,-5.0,-3.0,-2.0,-2.0,-2.0,-1.0,0.0,0.0,0.0,0.0,0.0,0.0,0.0,1.0,3.0,3.0,1.0,0.0,2.0,4.0
2.0,3.0,4.0,3.0,2.0,3.0,4.0,4.0,4.0,4.0,3.0,2.0,2.0,1.0,0.0,1.0,2.0,1.0,1.0,2.0,2.0,2.0,2.0,3.0,4.0,4.0,3.0,1.0,1.0,2.0,2.0,2.0,1.0,1.0,3.0,4.0,4.0,4.0,4.0,3.0,1.0,1.0,4.0,5.0,2.0,-1.0,-52.0,-229.0,-407.0,-406.0,-349.0,-367.0,-292.0,-99.0,-10.0,-10.0,4.0,15.0,18.0,16.0,4.0,-10.0,-10.0,-5.0,0.0,4.0,2.0,4.0,15.0,26.0,34.0,48.0,63.0,69.0,77.0,95.0,109.0,105.0,90.0,74.0,61.0,45.0,17.0,-7.0,-14.0,-13.0,-9.0,-8.0,-10.0,-12.0,-26.0,-52.0,-72.0,-73.0,-58.0,-48.0,-49.0,-50.0,-54.0,-59.0,-53.0,-39.0,-40.0,-47.0,-34.0,-14.0,-1.0,10.0,11.0,0.0,-1.0,5.0,6.0,13.0,24.0,23.0,17.0,22.0,33.0,38.0,34.0,33.0,49.0,66.0,69.0,68.0,56.0,32.0,12.0,-2.0,-13.0,-20.0,-18.0,-16.0,-17.0,-14.0,-20.0,-31.0,-27.0,-10.0,15.0,33.0,28.0,14.0,-1.0,-15.0,-20.0,-20.0,-25.0,-32.0,-27.0,-15.0,-7.0,-21.0,-187.0,-448.0,-458.0,-221.0,-23.0,68.0,94.0,-11.0,-179.0,-173.0,-52.0,-4.0,-5.0,-4.0,-6.0,-8.0,-8.0,-7.0,-5.0,-4.0,-4.0,-4.0,-5.0,-6.0,-4.0,-1.0,1.0,2.0,0.0,-2.0,-1.0,0.0,1.0,2.0,1.0,0.0,0.0,0.0,1.0,2.0,1.0,0.0,0.0,0.0,0.0,0.0
4.0,3.0,2.0,3.0,3.0,1.0,1.0,3.0,4.0,4.0,3.0,1.0,0.0,0.0,1.0,3.0,3.0,2.0,3.0,3.0,2.0,3.0,4.0,3.0,1.0,0.0,0.0,-1.0,-2.0,-1.0,0.0,0.0,1.0,2.0,1.0,0.0,1.0,3.0,4.0,3.0,2.0,3.0,4.0,4.0,3.0,0.0,-80.0,-200.0,-167.0,-49.0,2.0,3.0,-12.0,-14.0,-6.0,0.0,8.0,14.0,17.0,12.0,-6.0,-16.0,-5.0,7.0,13.0,12.0,3.0,0.0,7.0,11.0,10.0,12.0,18.0,32.0,51.0,63.0,68.0,78.0,91.0,95.0,88.0,72.0,53.0,36.0,23.0,13.0,5.0,-1.0,-3.0,1.0,-2.0,-14.0,-26.0,-33.0,-33.0,-33.0,-29.0,-20.0,-19.0,-34.0,-54.0,-62.0,-59.0,-59.0,-64.0,-54.0,-33.0,-28.0,-33.0,-22.0,-8.0,-13.0,-15.0,0.0,12.0,10.0,13.0,35.0,57.0,65.0,63.0,49.0,24.0,-3.0,-38.0,-85.0,-130.0,-165.0,-184.0,-188.0,-199.0,-221.0,-235.0,-236.0,-226.0,-205.0,-173.0,-137.0,-102.0,-58.0,-14.0,8.0,10.0,7.0,4.0,-3.0,-9.0,-11.0,-19.0,-24.0,-11.0,1.0,0.0,-25.0,-160.0,-262.0,-122.0,56.0,134.0,162.0,62.0,-132.0,-225.0,-158.0,-47.0,0.0,-2.0,-6.0,-8.0,-7.0,-6.0,-7.0,-8.0,-6.0,-4.0,-5.0,-6.0,-5.0,-2.0,1.0,2.0,1.0,-1.0,-2.0,0.0,3.0,3.0,1.0,0.0,0.0,0.0,0.0,0.0,-1.0,-2.0,-1.0,0.0,1.0,2.0,2.0
0.0,1.0,2.0,2.0,1.0,-1.0,-1.0,1.0,3.0,3.0,1.0,0.0,0.0,1.0,4.0,5.0,3.0,3.0,4.0,4.0,4.0,4.0,3.0,1.0,0.0,1.0,2.0,1.0,1.0,2.0,1.0,0.0,1.0,2.0,1.0,-1.0,-2.0,-1.0,0.0,0.0,1.0,3.0,3.0,2.0,3.0,4.0,-8.0,-30.0,-18.0,18.0,22.0,13.0,10.0,-3.0,-11.0,-7.0,-1.0,3.0,3.0,0.0,2.0,11.0,18.0,23.0,23.0,12.0,-2.0,-12.0,-17.0,-23.0,-36.0,-53.0,-70.0,-78.0,-79.0,-82.0,-76.0,-51.0,-18.0,11.0,30.0,42.0,56.0,63.0,54.0,38.0,24.0,13.0,4.0,1.0,7.0,17.0,21.0,12.0,-4.0,-14.0,-18.0,-22.0,-21.0,-20.0,-32.0,-46.0,-50.0,-51.0,-53.0,-54.0,-51.0,-57.0,-66.0,-52.0,-29.0,-17.0,-17.0,-27.0,-34.0,-23.0,7.0,36.0,41.0,28.0,6.0,-30.0,-83.0,-148.0,-210.0,-236.0,-213.0,-186.0,-183.0,-192.0,-199.0,-195.0,-189.0,-179.0,-161.0,-156.0,-165.0,-177.0,-196.0,-216.0,-204.0,-139.0,-58.0,-5.0,9.0,1.0,3.0,9.0,-6.0,-18.0,-4.0,5.0,2.0,2.0,10.0,38.0,82.0,138.0,172.0,76.0,-145.0,-271.0,-201.0,-77.0,-11.0,5.0,4.0,1.0,-1.0,-4.0,-6.0,-7.0,-10.0,-11.0,-8.0,-5.0,-4.0,-3.0,-2.0,-2.0,-1.0,-1.0,-3.0,-3.0,-1.0,1.0,2.0,2.0,2.0,1.0,0.0,0.0,0.0,0.0,0.0,0.0,0.0,1.0,2.0,2.0
0.0,1.0,2.0,1.0,0.0,0.0,-1.0,-2.0,-1.0,0.0,1.0,3.0,4.0,5.0,6.0,5.0,4.0,5.0,6.0,5.0,3.0,1.0,1.0,2.0,2.0,3.0,4.0,4.0,3.0,2.0,3.0,4.0,3.0,2.0,2.0,2.0,2.0,1.0,0.0,1.0,2.0,1.0,0.0,0.0,1.0,4.0,78.0,122.0,2.0,-48.0,18.0,32.0,18.0,5.0,-11.0,-17.0,-10.0,-3.0,-2.0,0.0,8.0,13.0,9.0,5.0,-6.0,-25.0,-38.0,-63.0,-122.0,-175.0,-192.0,-195.0,-189.0,-178.0,-174.0,-174.0,-177.0,-185.0,-186.0,-163.0,-116.0,-64.0,-25.0,1.0,17.0,19.0,11.0,5.0,5.0,6.0,5.0,5.0,10.0,13.0,7.0,0.0,-10.0,-37.0,-66.0,-67.0,-46.0,-31.0,-28.0,-25.0,-32.0,-55.0,-67.0,-61.0,-50.0,-43.0,-35.0,-20.0,-15.0,-25.0,-30.0,-19.0,-8.0,-9.0,-18.0,-40.0,-83.0,-146.0,-202.0,-213.0,-169.0,-82.0,2.0,48.0,73.0,81.0,70.0,57.0,52.0,57.0,73.0,80.0,55.0,19.0,-9.0,-65.0,-176.0,-239.0,-175.0,-78.0,-16.0,13.0,6.0,-9.0,-10.0,-7.0,-2.0,-2.0,-7.0,13.0,62.0,108.0,141.0,153.0,62.0,-132.0,-215.0,-107.0,14.0,39.0,14.0,0.0,1.0,2.0,1.0,-2.0,-5.0,-5.0,-5.0,-7.0,-7.0,-6.0,-5.0,-4.0,-5.0,-4.0,-2.0,-2.0,-1.0,0.0,-1.0,-2.0,0.0,2.0,1.0,0.0,0.0,1.0,2.0,1.0,1.0,2.0,2.0,2.0,1.0,0.0
2.0,1.0,0.0,0.0,1.0,2.0,1.0,1.0,2.0,2.0,4.0,7.0,8.0,7.0,4.0,3.0,4.0,3.0,2.0,1.0,0.0,1.0,2.0,2.0,3.0,3.0,2.0,3.0,3.0,2.0,3.0,4.0,3.0,1.0,1.0,2.0,2.0,3.0,4.0,4.0,3.0,2.0,2.0,2.0,2.0,2.0,65.0,140.0,55.0,-61.0,-32.0,30.0,30.0,6.0,-8.0,-15.0,-16.0,-12.0,-6.0,2.0,3.0,-5.0,-13.0,-21.0,-36.0,-76.0,-141.0,-185.0,-186.0,-154.0,-110.0,-82.0,-63.0,-44.0,-39.0,-47.0,-59.0,-86.0,-131.0,-175.0,-198.0,-195.0,-171.0,-128.0,-76.0,-30.0,-2.0,7.0,5.0,-4.0,-11.0,-8.0,3.0,13.0,10.0,-8.0,-34.0,-62.0,-79.0,-63.0,-26.0,-1.0,8.0,6.0,-5.0,-18.0,-27.0,-30.0,-25.0,-15.0,-13.0,-20.0,-20.0,-10.0,-4.0,-8.0,-26.0,-52.0,-71.0,-92.0,-134.0,-170.0,-150.0,-87.0,-13.0,37.0,43.0,38.0,37.0,41.0,49.0,43.0,24.0,11.0,12.0,25.0,47.0,84.0,135.0,166.0,106.0,-58.0,-184.0,-159.0,-61.0,-7.0,-12.0,-22.0,-10.0,1.0,-5.0,-15.0,-18.0,0.0,52.0,115.0,146.0,63.0,-127.0,-206.0,-106.0,-2.0,55.0,66.0,21.0,-7.0,-4.0,-1.0,0.0,1.0,1.0,-1.0,-1.0,-1.0,-4.0,-7.0,-7.0,-6.0,-5.0,-4.0,-5.0,-4.0,0.0,2.0,1.0,0.0,1.0,2.0,2.0,2.0,2.0,3.0,3.0,2.0,3.0,3.0,1.0,1.0,2.0,2.0
0.0,0.0,0.0,0.0,1.0,3.0,4.0,3.0,1.0,1.0,3.0,4.0,4.0,3.0,1.0,1.0,3.0,3.0,1.0,1.0,3.0,4.0,3.0,2.0,2.0,1.0,1.0,3.0,4.0,3.0,2.0,2.0,1.0,0.0,0.0,0.0,1.0,2.0,1.0,0.0,0.0,0.0,0.0,0.0,0.0,0.0,10.0,62.0,102.0,22.0,-58.0,-12.0,29.0,6.0,-13.0,-17.0,-19.0,-18.0,-10.0,0.0,2.0,-5.0,-19.0,-45.0,-92.0,-138.0,-139.0,-92.0,-21.0,40.0,70.0,76.0,67.0,60.0,56.0,48.0,48.0,54.0,41.0,-5.0,-65.0,-115.0,-151.0,-165.0,-145.0,-100.0,-57.0,-31.0,-13.0,-6.0,-8.0,-3.0,1.0,5.0,11.0,0.0,-19.0,-26.0,-23.0,-8.0,18.0,34.0,37.0,42.0,55.0,70.0,67.0,48.0,30.0,20.0,11.0,-6.0,-17.0,-18.0,-23.0,-32.0,-43.0,-62.0,-82.0,-105.0,-116.0,-73.0,-5.0,25.0,9.0,-27.0,-54.0,-43.0,11.0,77.0,109.0,93.0,60.0,27.0,-2.0,-23.0,-27.0,-12.0,10.0,47.0,112.0,113.0,-33.0,-152.0,-110.0,-38.0,-17.0,-11.0,-7.0,-2.0,-1.0,-7.0,-13.0,-12.0,22.0,84.0,81.0,-68.0,-190.0,-117.0,-3.0,58.0,103.0,91.0,31.0,0.0,-1.0,-2.0,-1.0,0.0,-1.0,-3.0,-3.0,-2.0,-3.0,-4.0,-5.0,-6.0,-5.0,-5.0,-5.0,-2.0,-1.0,-2.0,-2.0,-2.0,-2.0,-2.0,-1.0,1.0,3.0,2.0,-1.0,-1.0,0.0,1.0,2.0,2.0,2.0,2.0
2.0,2.0,2.0,2.0,1.0,1.0,3.0,3.0,1.0,-1.0,-2.0,-1.0,0.0,1.0,3.0,3.0,2.0,3.0,3.0,2.0,4.0,5.0,3.0,2.0,1.0,1.0,4.0,5.0,2.0,1.0,3.0,4.0,4.0,3.0,1.0,1.0,2.0,1.0,1.0,3.0,3.0,1.0,0.0,-1.0,-1.0,2.0,3.0,24.0,66.0,39.0,-36.0,-35.0,0.0,-4.0,-17.0,-18.0,-15.0,-13.0,-9.0,-2.0,4.0,-1.0,-31.0,-97.0,-145.0,-95.0,6.0,65.0,70.0,46.0,25.0,19.0,15.0,12.0,13.0,13.0,11.0,15.0,32.0,47.0,38.0,16.0,-14.0,-65.0,-113.0,-126.0,-105.0,-72.0,-44.0,-25.0,-16.0,-11.0,-9.0,-10.0,-7.0,-2.0,3.0,11.0,24.0,33.0,32.0,32.0,42.0,61.0,80.0,93.0,93.0,82.0,71.0,51.0,23.0,8.0,6.0,-7.0,-32.0,-45.0,-45.0,-46.0,-69.0,-94.0,-57.0,1.0,11.0,3.0,-15.0,-47.0,-74.0,-86.0,-72.0,-58.0,-48.0,-18.0,8.0,24.0,50.0,69.0,71.0,83.0,89.0,48.0,30.0,99.0,100.0,-45.0,-118.0,-56.0,-16.0,-23.0,-27.0,-20.0,-9.0,-3.0,-7.0,-18.0,-2.0,44.0,21.0,-80.0,-100.0,-42.0,1.0,65.0,119.0,97.0,35.0,3.0,0.0,-2.0,-2.0,-3.0,-3.0,-1.0,-1.0,-3.0,-4.0,-4.0,-5.0,-7.0,-8.0,-6.0,-3.0,-3.0,-4.0,-3.0,-1.0,0.0,0.0,-1.0,-3.0,-2.0,0.0,-2.0,-4.0,-4.0,-3.0,0.0,3.0,3.0,2.0,2.0
2.0,2.0,2.0,3.0,2.0,-1.0,0.0,3.0,4.0,3.0,1.0,0.0,1.0,3.0,4.0,3.0,1.0,1.0,3.0,3.0,2.0,3.0,4.0,4.0,4.0,5.0,6.0,5.0,4.0,5.0,6.0,5.0,4.0,4.0,4.0,3.0,1.0,1.0,3.0,4.0,3.0,2.0,3.0,3.0,2.0,3.0,5.0,30.0,63.0,38.0,-10.0,-19.0,-13.0,-12.0,-14.0,-16.0,-15.0,-12.0,-10.0,-3.0,2.0,-25.0,-87.0,-118.0,-56.0,31.0,52.0,26.0,6.0,0.0,-2.0,3.0,12.0,15.0,11.0,5.0,-3.0,-9.0,1.0,21.0,31.0,27.0,17.0,4.0,-30.0,-79.0,-90.0,-57.0,-35.0,-32.0,-24.0,-14.0,-7.0,-9.0,-18.0,-16.0,-5.0,5.0,21.0,32.0,23.0,17.0,20.0,18.0,20.0,27.0,38.0,56.0,63.0,40.0,10.0,4.0,8.0,0.0,-13.0,-15.0,-14.0,-42.0,-83.0,-69.0,-24.0,-14.0,-26.0,-36.0,-37.0,-59.0,-115.0,-171.0,-211.0,-251.0,-284.0,-262.0,-214.0,-189.0,-178.0,-145.0,-84.0,-5.0,84.0,113.0,77.0,74.0,125.0,96.0,-27.0,-63.0,-23.0,-23.0,-36.0,-35.0,-31.0,-20.0,-9.0,-11.0,-5.0,32.0,37.0,-14.0,-44.0,-47.0,-17.0,67.0,116.0,76.0,19.0,0.0,1.0,2.0,-1.0,-4.0,-2.0,-2.0,-6.0,-8.0,-7.0,-5.0,-4.0,-4.0,-4.0,-4.0,-4.0,-4.0,-2.0,0.0,-1.0,-2.0,-1.0,2.0,4.0,2.0,-1.0,0.0,2.0,1.0,0.0,-1.0,-2.0,-1.0,1.0,2.0
4.0,4.0,4.0,4.0,4.0,3.0,2.0,2.0,2.0,3.0,4.0,3.0,2.0,3.0,4.0,4.0,4.0,3.0,3.0,4.0,2.0,1.0,3.0,4.0,5.0,6.0,4.0,2.0,3.0,4.0,3.0,2.0,2.0,2.0,2.0,2.0,3.0,3.0,1.0,0.0,1.0,2.0,2.0,3.0,4.0,4.0,7.0,39.0,67.0,31.0,-11.0,-19.0,-13.0,-2.0,-4.0,-12.0,-17.0,-23.0,-29.0,-29.0,-39.0,-84.0,-107.0,-32.0,57.0,52.0,16.0,4.0,-3.0,-7.0,-10.0,2.0,37.0,63.0,71.0,76.0,75.0,56.0,20.0,1.0,10.0,16.0,8.0,9.0,16.0,-8.0,-52.0,-69.0,-47.0,-13.0,4.0,4.0,0.0,-7.0,-15.0,-13.0,-1.0,9.0,6.0,-6.0,-11.0,-9.0,-10.0,-17.0,-21.0,-11.0,11.0,29.0,20.0,-10.0,-31.0,-27.0,-7.0,16.0,39.0,40.0,1.0,-39.0,-29.0,-7.0,-25.0,-29.0,37.0,146.0,218.0,152.0,3.0,-80.0,-55.0,83.0,125.0,-33.0,-138.0,-155.0,-137.0,-75.0,-87.0,-198.0,-259.0,-163.0,-19.0,37.0,67.0,121.0,94.0,9.0,-10.0,1.0,-4.0,-6.0,-7.0,-6.0,-4.0,-6.0,8.0,48.0,57.0,16.0,-22.0,-31.0,9.0,99.0,132.0,60.0,4.0,0.0,-1.0,-3.0,-5.0,-6.0,-5.0,-4.0,-4.0,-5.0,-7.0,-7.0,-5.0,-4.0,-4.0,-4.0,-3.0,-1.0,1.0,2.0,1.0,0.0,-1.0,-1.0,2.0,2.0,-1.0,0.0,3.0,4.0,3.0,1.0,0.0,0.0,-1.0,-2.0
6.0,5.0,4.0,4.0,4.0,4.0,4.0,3.0,1.0,1.0,2.0,2.0,2.0,2.0,3.0,4.0,4.0,4.0,4.0,4.0,3.0,2.0,2.0,2.0,3.0,3.0,1.0,0.0,0.0,0.0,0.0,1.0,3.0,4.0,4.0,4.0,4.0,3.0,2.0,3.0,4.0,3.0,2.0,4.0,7.0,7.0,5.0,34.0,63.0,28.0,-15.0,-28.0,-19.0,0.0,0.0,-8.0,-14.0,-24.0,-33.0,-38.0,-54.0,-65.0,-2.0,83.0,77.0,33.0,17.0,10.0,2.0,-5.0,-15.0,-30.0,-47.0,-67.0,-77.0,-83.0,-95.0,-95.0,-93.0,-92.0,-80.0,-61.0,-40.0,-26.0,-13.0,4.0,-5.0,-38.0,-42.0,-15.0,4.0,7.0,2.0,-12.0,-22.0,-16.0,-5.0,7.0,7.0,-9.0,-17.0,-14.0,-9.0,-5.0,-5.0,-6.0,-4.0,-1.0,-8.0,-25.0,-41.0,-49.0,-30.0,18.0,45.0,40.0,21.0,-9.0,-27.0,-31.0,2.0,100.0,234.0,356.0,382.0,249.0,86.0,24.0,-3.0,62.0,161.0,101.0,113.0,258.0,335.0,365.0,332.0,163.0,-121.0,-322.0,-291.0,-168.0,-89.0,-15.0,48.0,37.0,4.0,6.0,12.0,10.0,7.0,1.0,-3.0,-5.0,12.0,31.0,19.0,3.0,-8.0,-13.0,9.0,73.0,105.0,48.0,3.0,1.0,-2.0,-5.0,-5.0,-5.0,-7.0,-6.0,-3.0,-2.0,-3.0,-5.0,-6.0,-7.0,-7.0,-4.0,-2.0,-2.0,-2.0,-2.0,0.0,3.0,2.0,-2.0,-4.0,-3.0,-1.0,0.0,1.0,3.0,3.0,1.0,0.0,0.0,-1.0,-2.0
0.0,0.0,1.0,3.0,4.0,5.0,5.0,3.0,3.0,4.0,3.0,2.0,3.0,2.0,-1.0,-1.0,1.0,3.0,3.0,2.0,2.0,1.0,0.0,0.0,0.0,0.0,0.0,1.0,3.0,3.0,1.0,-1.0,-1.0,2.0,4.0,3.0,1.0,2.0,4.0,2.0,1.0,3.0,4.0,4.0,4.0,3.0,-1.0,26.0,60.0,34.0,-7.0,-23.0,-9.0,12.0,2.0,-9.0,-8.0,-9.0,-12.0,-23.0,-30.0,7.0,66.0,81.0,61.0,45.0,33.0,19.0,5.0,-18.0,-61.0,-128.0,-208.0,-268.0,-292.0,-205.0,-105.0,-160.0,-202.0,-169.0,-99.0,34.0,120.0,91.0,13.0,-22.0,-11.0,-5.0,-10.0,-14.0,-11.0,-4.0,-13.0,-34.0,-42.0,-32.0,-22.0,-17.0,-12.0,-12.0,-16.0,-12.0,-2.0,1.0,-4.0,-18.0,-32.0,-27.0,-11.0,-6.0,-15.0,-42.0,-56.0,-21.0,-3.0,-37.0,-55.0,-8.0,72.0,124.0,191.0,281.0,300.0,256.0,194.0,111.0,32.0,-2.0,-38.0,-165.0,-223.0,-94.0,44.0,112.0,149.0,232.0,372.0,435.0,274.0,-49.0,-260.0,-256.0,-152.0,-77.0,-45.0,-16.0,-2.0,1.0,0.0,-5.0,-6.0,-3.0,2.0,1.0,2.0,-3.0,0.0,22.0,8.0,-8.0,31.0,92.0,99.0,39.0,2.0,1.0,0.0,-1.0,-2.0,-3.0,-6.0,-8.0,-7.0,-4.0,-1.0,-1.0,-3.0,-3.0,-2.0,-3.0,-4.0,-4.0,-4.0,-3.0,-1.0,0.0,0.0,-1.0,-3.0,-2.0,2.0,3.0,1.0,0.0,0.0,0.0,0.0,-1.0,-2.0,-2.0
0.0,0.0,0.0,0.0,2.0,4.0,1.0,-2.0,0.0,2.0,3.0,4.0,3.0,2.0,2.0,3.0,4.0,4.0,4.0,3.0,1.0,-1.0,-2.0,-2.0,-2.0,-1.0,1.0,3.0,4.0,3.0,1.0,0.0,0.0,0.0,0.0,0.0,1.0,3.0,3.0,0.0,-2.0,0.0,2.0,2.0,2.0,2.0,2.0,30.0,61.0,39.0,2.0,-22.0,-18.0,2.0,-4.0,-11.0,-5.0,0.0,-2.0,-21.0,-27.0,-2.0,-7.0,-21.0,12.0,35.0,20.0,-17.0,-58.0,-66.0,-74.0,-117.0,-143.0,-138.0,-141.0,-119.0,-78.0,-81.0,-86.0,-64.0,44.0,240.0,344.0,299.0,197.0,114.0,90.0,87.0,24.0,-40.0,-26.0,0.0,-13.0,-32.0,-30.0,-22.0,-21.0,-23.0,-25.0,-25.0,-23.0,-21.0,-22.0,-25.0,-27.0,-27.0,-29.0,-34.0,-23.0,1.0,12.0,-6.0,-41.0,-54.0,-55.0,-91.0,-126.0,-89.0,-3.0,75.0,97.0,27.0,-54.0,-44.0,41.0,121.0,103.0,25.0,-7.0,-88.0,-162.0,-81.0,-87.0,-179.0,-86.0,86.0,148.0,101.0,48.0,75.0,98.0,34.0,-26.0,-24.0,-7.0,-1.0,3.0,6.0,2.0,-5.0,-6.0,1.0,7.0,8.0,-9.0,-50.0,-33.0,36.0,34.0,20.0,74.0,115.0,84.0,24.0,0.0,0.0,-3.0,-2.0,0.0,-1.0,-2.0,-2.0,-3.0,-4.0,-3.0,-2.0,-2.0,0.0,1.0,-3.0,-5.0,-3.0,-2.0,-1.0,0.0,0.0,0.0,0.0,1.0,2.0,1.0,0.0,0.0,1.0,2.0,2.0,2.0,1.0,1.0,2.0
2.0,1.0,0.0,0.0,1.0,2.0,2.0,2.0,1.0,0.0,0.0,1.0,2.0,2.0,3.0,4.0,3.0,2.0,3.0,4.0,4.0,4.0,3.0,2.0,3.0,4.0,4.0,3.0,2.0,2.0,2.0,4.0,6.0,4.0,1.0,1.0,2.0,1.0,1.0,3.0,3.0,1.0,0.0,1.0,2.0,2.0,3.0,40.0,83.0,68.0,28.0,-8.0,-28.0,-27.0,-13.0,-2.0,-1.0,1.0,0.0,-8.0,-10.0,-5.0,-22.0,-64.0,-99.0,-111.0,-122.0,-119.0,-51.0,66.0,178.0,192.0,100.0,38.0,34.0,-54.0,-160.0,-92.0,-1.0,35.0,121.0,207.0,198.0,114.0,51.0,30.0,25.0,5.0,-47.0,-81.0,-68.0,-45.0,-24.0,-7.0,-5.0,-13.0,-15.0,-7.0,2.0,8.0,1.0,-14.0,-20.0,-17.0,-9.0,-4.0,-9.0,-20.0,-19.0,6.0,30.0,26.0,-13.0,-61.0,-68.0,-30.0,32.0,50.0,-21.0,-102.0,-175.0,-256.0,-315.0,-352.0,-285.0,-38.0,161.0,121.0,22.0,-3.0,15.0,28.0,8.0,76.0,200.0,116.0,-145.0,-311.0,-184.0,123.0,285.0,251.0,165.0,101.0,53.0,8.0,-16.0,-12.0,2.0,3.0,-1.0,1.0,3.0,8.0,-13.0,-78.0,-92.0,-17.0,32.0,45.0,91.0,107.0,55.0,11.0,2.0,1.0,-2.0,-3.0,-1.0,1.0,2.0,1.0,-1.0,-3.0,-4.0,-3.0,-1.0,-1.0,-2.0,-1.0,-1.0,-3.0,-3.0,-3.0,-4.0,-2.0,0.0,1.0,3.0,3.0,1.0,0.0,1.0,2.0,1.0,0.0,1.0,2.0,2.0,2.0
0.0,1.0,2.0,2.0,2.0,2.0,4.0,7.0,7.0,5.0,3.0,2.0,2.0,2.0,1.0,0.0,2.0,2.0,-2.0,-2.0,2.0,4.0,3.0,3.0,5.0,5.0,3.0,1.0,0.0,1.0,3.0,4.0,4.0,3.0,2.0,3.0,3.0,1.0,0.0,1.0,3.0,4.0,3.0,1.0,0.0,-1.0,-2.0,32.0,93.0,114.0,74.0,18.0,-8.0,-16.0,-7.0,6.0,6.0,6.0,6.0,9.0,16.0,25.0,24.0,-24.0,-96.0,-130.0,-136.0,-107.0,-2.0,169.0,342.0,389.0,251.0,90.0,46.0,29.0,-9.0,-5.0,14.0,68.0,91.0,-64.0,-241.0,-261.0,-184.0,-102.0,-58.0,-35.0,26.0,67.0,21.0,-26.0,-16.0,1.0,-3.0,-8.0,-2.0,10.0,18.0,20.0,13.0,-1.0,-7.0,-3.0,5.0,9.0,11.0,21.0,30.0,34.0,36.0,35.0,18.0,-21.0,-26.0,34.0,107.0,154.0,151.0,100.0,60.0,61.0,26.0,-121.0,-289.0,-283.0,-91.0,66.0,90.0,58.0,33.0,50.0,113.0,139.0,-32.0,-332.0,-458.0,-262.0,89.0,257.0,199.0,156.0,158.0,108.0,35.0,-15.0,-36.0,-29.0,-9.0,5.0,7.0,2.0,-1.0,0.0,-12.0,-60.0,-102.0,-50.0,29.0,47.0,89.0,119.0,55.0,3.0,-2.0,-2.0,0.0,-2.0,-3.0,-2.0,-3.0,-3.0,-1.0,0.0,-1.0,-3.0,-3.0,-2.0,-3.0,-2.0,0.0,-2.0,-4.0,-4.0,-4.0,-3.0,-1.0,1.0,2.0,2.0,2.0,1.0,1.0,2.0,1.0,0.0,0.0,0.0,0.0,0.0
2.0,3.0,3.0,2.0,2.0,1.0,0.0,1.0,3.0,4.0,4.0,4.0,3.0,2.0,2.0,2.0,3.0,3.0,1.0,0.0,0.0,0.0,1.0,3.0,3.0,2.0,2.0,1.0,-1.0,-2.0,0.0,2.0,1.0,0.0,0.0,0.0,1.0,2.0,1.0,0.0,0.0,1.0,3.0,3.0,2.0,1.0,-1.0,10.0,78.0,147.0,107.0,31.0,2.0,-4.0,1.0,5.0,4.0,5.0,7.0,12.0,20.0,27.0,33.0,40.0,55.0,64.0,59.0,40.0,-23.0,-77.0,-40.0,115.0,252.0,190.0,51.0,-7.0,7.0,41.0,60.0,51.0,-58.0,-231.0,-261.0,-127.0,0.0,47.0,52.0,72.0,119.0,126.0,70.0,27.0,9.0,-1.0,15.0,35.0,41.0,37.0,22.0,7.0,5.0,6.0,1.0,-6.0,-12.0,-7.0,7.0,19.0,21.0,24.0,41.0,53.0,51.0,30.0,4.0,10.0,27.0,21.0,36.0,80.0,88.0,87.0,124.0,149.0,120.0,64.0,56.0,111.0,146.0,141.0,127.0,106.0,69.0,-55.0,-246.0,-297.0,-130.0,86.0,183.0,144.0,64.0,27.0,14.0,0.0,-4.0,-13.0,-25.0,-26.0,-19.0,-9.0,-3.0,0.0,3.0,0.0,-3.0,-23.0,-66.0,-37.0,43.0,57.0,78.0,105.0,50.0,1.0,-4.0,-6.0,-3.0,0.0,-1.0,-2.0,-2.0,-3.0,-5.0,-6.0,-6.0,-5.0,-3.0,-2.0,-3.0,-3.0,-1.0,0.0,-1.0,-2.0,-2.0,-2.0,-1.0,0.0,0.0,0.0,0.0,0.0,0.0,0.0,0.0,0.0,0.0,1.0,2.0,2.0
2.0,2.0,2.0,2.0,1.0,1.0,2.0,1.0,0.0,0.0,0.0,1.0,3.0,3.0,2.0,2.0,0.0,-1.0,2.0,3.0,1.0,0.0,2.0,4.0,2.0,0.0,0.0,0.0,0.0,-1.0,-2.0,-1.0,-1.0,-1.0,1.0,1.0,0.0,0.0,0.0,0.0,0.0,-1.0,-2.0,-1.0,0.0,1.0,3.0,5.0,77.0,159.0,107.0,36.0,18.0,4.0,2.0,4.0,3.0,2.0,3.0,6.0,14.0,26.0,44.0,77.0,108.0,127.0,151.0,156.0,71.0,-130.0,-327.0,-340.0,-166.0,4.0,57.0,68.0,107.0,150.0,174.0,140.0,48.0,29.0,94.0,105.0,74.0,56.0,27.0,22.0,30.0,9.0,-3.0,-2.0,-3.0,10.0,29.0,36.0,32.0,21.0,9.0,0.0,-4.0,-2.0,2.0,6.0,8.0,13.0,20.0,19.0,20.0,41.0,77.0,95.0,79.0,49.0,21.0,5.0,6.0,5.0,4.0,1.0,-21.0,-68.0,-106.0,-71.0,-2.0,60.0,110.0,140.0,163.0,175.0,165.0,113.0,46.0,8.0,34.0,108.0,142.0,84.0,-12.0,-36.0,-4.0,-5.0,-25.0,-23.0,-15.0,-13.0,-14.0,-16.0,-18.0,-17.0,-9.0,-1.0,1.0,-3.0,-6.0,-16.0,-48.0,-35.0,40.0,73.0,85.0,88.0,36.0,0.0,0.0,-2.0,-1.0,5.0,4.0,0.0,1.0,0.0,-2.0,-3.0,-4.0,-2.0,-1.0,-2.0,0.0,2.0,0.0,-2.0,-1.0,0.0,0.0,0.0,0.0,0.0,0.0,0.0,1.0,3.0,3.0,0.0,-2.0,0.0,3.0,4.0,4.0,4.0
2.0,1.0,1.0,3.0,3.0,2.0,3.0,3.0,1.0,1.0,2.0,1.0,1.0,2.0,1.0,-1.0,-2.0,-1.0,0.0,0.0,0.0,1.0,2.0,1.0,-1.0,-3.0,-3.0,-1.0,0.0,0.0,0.0,0.0,-1.0,-1.0,2.0,3.0,1.0,0.0,1.0,2.0,1.0,-1.0,-3.0,-2.0,0.0,1.0,5.0,8.0,70.0,130.0,72.0,25.0,25.0,8.0,2.0,5.0,5.0,3.0,4.0,9.0,16.0,23.0,30.0,40.0,48.0,65.0,97.0,117.0,113.0,59.0,-69.0,-205.0,-207.0,-34.0,160.0,259.0,279.0,268.0,275.0,270.0,207.0,112.0,14.0,-24.0,-6.0,1.0,24.0,46.0,19.0,-9.0,-2.0,-3.0,0.0,29.0,31.0,10.0,-1.0,-4.0,3.0,12.0,15.0,15.0,11.0,11.0,16.0,24.0,39.0,47.0,47.0,48.0,72.0,116.0,116.0,77.0,39.0,0.0,-28.0,-18.0,10.0,32.0,64.0,73.0,13.0,-91.0,-177.0,-218.0,-188.0,-103.0,-44.0,-19.0,0.0,19.0,49.0,84.0,105.0,115.0,125.0,121.0,70.0,11.0,-7.0,-27.0,-41.0,-28.0,-19.0,-11.0,-3.0,-8.0,-16.0,-13.0,-2.0,5.0,4.0,0.0,-7.0,-26.0,-53.0,-37.0,19.0,63.0,92.0,72.0,20.0,0.0,1.0,1.0,1.0,4.0,4.0,1.0,-1.0,-1.0,2.0,3.0,1.0,-1.0,-3.0,-2.0,2.0,2.0,-2.0,-3.0,-1.0,1.0,2.0,1.0,1.0,2.0,1.0,0.0,0.0,1.0,2.0,1.0,1.0,3.0,3.0,2.0,2.0,2.0
2.0,1.0,0.0,1.0,2.0,1.0,0.0,1.0,3.0,4.0,3.0,1.0,1.0,2.0,1.0,0.0,1.0,3.0,3.0,1.0,1.0,2.0,0.0,-3.0,-3.0,-1.0,0.0,0.0,0.0,0.0,-1.0,-2.0,0.0,2.0,1.0,0.0,0.0,0.0,0.0,1.0,3.0,4.0,4.0,4.0,4.0,4.0,4.0,4.0,45.0,93.0,61.0,16.0,5.0,2.0,8.0,9.0,5.0,4.0,7.0,14.0,19.0,17.0,6.0,-6.0,-4.0,9.0,17.0,22.0,38.0,66.0,91.0,95.0,82.0,71.0,68.0,60.0,39.0,23.0,22.0,8.0,-47.0,-98.0,-81.0,-28.0,10.0,52.0,80.0,37.0,-18.0,-19.0,-5.0,-1.0,5.0,19.0,18.0,-1.0,-7.0,2.0,20.0,38.0,37.0,20.0,8.0,7.0,8.0,5.0,7.0,23.0,29.0,10.0,8.0,57.0,106.0,105.0,73.0,28.0,-15.0,-35.0,-33.0,-7.0,31.0,66.0,81.0,61.0,31.0,-17.0,-52.0,-43.0,-45.0,-59.0,-35.0,27.0,54.0,31.0,9.0,14.0,45.0,65.0,49.0,11.0,-17.0,-28.0,-29.0,-18.0,-11.0,-13.0,-7.0,-2.0,-2.0,5.0,7.0,5.0,9.0,11.0,9.0,-7.0,-31.0,-23.0,2.0,42.0,79.0,47.0,5.0,1.0,1.0,1.0,0.0,-3.0,-1.0,2.0,1.0,0.0,0.0,-1.0,-3.0,-3.0,-1.0,0.0,0.0,-2.0,-4.0,-2.0,-1.0,-2.0,-1.0,0.0,0.0,0.0,0.0,0.0,-1.0,-2.0,-1.0,1.0,2.0,1.0,0.0,0.0,0.0,0.0
2.0,3.0,3.0,1.0,1.0,3.0,4.0,3.0,2.0,2.0,2.0,2.0,1.0,0.0,1.0,3.0,4.0,4.0,4.0,4.0,3.0,1.0,1.0,1.0,0.0,1.0,1.0,1.0,2.0,1.0,-1.0,-2.0,0.0,2.0,1.0,0.0,0.0,0.0,-1.0,-1.0,1.0,2.0,3.0,2.0,0.0,1.0,1.0,1.0,12.0,29.0,23.0,-1.0,-7.0,2.0,2.0,-2.0,2.0,6.0,6.0,7.0,8.0,6.0,-1.0,-10.0,-15.0,-14.0,-7.0,6.0,19.0,25.0,29.0,30.0,20.0,-10.0,-63.0,-107.0,-112.0,-113.0,-162.0,-192.0,-119.0,-21.0,29.0,51.0,81.0,111.0,66.0,-14.0,-30.0,-12.0,-3.0,8.0,17.0,11.0,-1.0,-6.0,-6.0,-1.0,8.0,21.0,31.0,27.0,23.0,17.0,6.0,-4.0,-17.0,-19.0,-4.0,-4.0,-33.0,-29.0,27.0,71.0,98.0,113.0,89.0,38.0,-3.0,-14.0,-7.0,4.0,34.0,87.0,105.0,89.0,87.0,79.0,64.0,65.0,75.0,72.0,52.0,23.0,-11.0,-46.0,-83.0,-106.0,-98.0,-75.0,-44.0,-11.0,-1.0,-2.0,-3.0,-6.0,0.0,8.0,14.0,21.0,17.0,7.0,8.0,9.0,7.0,2.0,-3.0,-8.0,-14.0,25.0,59.0,27.0,0.0,1.0,2.0,3.0,1.0,-4.0,-5.0,-3.0,0.0,2.0,1.0,0.0,0.0,0.0,0.0,-1.0,-2.0,-2.0,-1.0,1.0,1.0,-1.0,-2.0,-1.0,0.0,0.0,0.0,0.0,0.0,-1.0,-2.0,0.0,1.0,-1.0,-1.0,0.0,1.0,2.0
4.0,4.0,4.0,2.0,0.0,1.0,1.0,0.0,0.0,-1.0,-1.0,2.0,2.0,0.0,2.0,3.0,2.0,1.0,0.0,2.0,2.0,0.0,2.0,4.0,3.0,1.0,1.0,3.0,4.0,4.0,3.0,1.0,0.0,1.0,2.0,1.0,0.0,0.0,1.0,2.0,1.0,0.0,0.0,0.0,0.0,1.0,3.0,2.0,-5.0,-17.0,-29.0,-36.0,-29.0,-9.0,0.0,-2.0,2.0,7.0,6.0,1.0,-3.0,-4.0,-5.0,-7.0,-12.0,-18.0,-17.0,-11.0,-2.0,7.0,11.0,21.0,33.0,33.0,23.0,11.0,0.0,-7.0,8.0,24.0,28.0,47.0,68.0,98.0,113.0,53.0,-12.0,-14.0,-1.0,-2.0,3.0,18.0,25.0,7.0,-10.0,0.0,11.0,20.0,26.0,20.0,23.0,32.0,28.0,18.0,10.0,6.0,0.0,-20.0,-31.0,-22.0,-37.0,-69.0,-47.0,21.0,76.0,105.0,105.0,80.0,50.0,22.0,-5.0,-13.0,9.0,29.0,53.0,93.0,94.0,65.0,56.0,56.0,47.0,31.0,18.0,18.0,22.0,14.0,-10.0,-49.0,-76.0,-65.0,-29.0,5.0,13.0,1.0,-4.0,8.0,15.0,13.0,21.0,25.0,19.0,13.0,9.0,6.0,7.0,13.0,34.0,13.0,-42.0,-10.0,30.0,10.0,-2.0,-2.0,0.0,2.0,0.0,-3.0,-4.0,-4.0,-3.0,0.0,3.0,4.0,3.0,-1.0,-6.0,-8.0,-7.0,-4.0,0.0,2.0,2.0,3.0,3.0,0.0,-1.0,1.0,1.0,0.0,0.0,-1.0,-3.0,-3.0,0.0,2.0,1.0,0.0,0.0,0.0
2.0,1.0,1.0,2.0,2.0,2.0,0.0,-1.0,1.0,1.0,0.0,1.0,3.0,4.0,3.0,1.0,0.0,0.0,0.0,0.0,0.0,0.0,0.0,1.0,2.0,2.0,3.0,3.0,2.0,3.0,4.0,3.0,1.0,0.0,1.0,2.0,1.0,0.0,0.0,0.0,0.0,0.0,0.0,1.0,2.0,2.0,4.0,-5.0,-47.0,-91.0,-87.0,-61.0,-47.0,-25.0,3.0,11.0,5.0,4.0,6.0,6.0,6.0,5.0,4.0,3.0,-1.0,-7.0,-12.0,-16.0,-20.0,-18.0,-6.0,6.0,7.0,3.0,6.0,18.0,36.0,50.0,64.0,74.0,58.0,56.0,94.0,102.0,51.0,-2.0,-3.0,29.0,33.0,18.0,16.0,18.0,9.0,-12.0,-11.0,17.0,36.0,39.0,32.0,19.0,8.0,2.0,0.0,10.0,25.0,30.0,23.0,-1.0,-20.0,-11.0,-14.0,-51.0,-54.0,-3.0,36.0,50.0,58.0,59.0,54.0,44.0,26.0,-7.0,-32.0,-22.0,7.0,37.0,62.0,77.0,85.0,79.0,66.0,68.0,62.0,37.0,15.0,-9.0,-28.0,-31.0,-27.0,-10.0,18.0,35.0,33.0,21.0,16.0,20.0,15.0,11.0,19.0,21.0,18.0,17.0,13.0,9.0,8.0,30.0,72.0,28.0,-61.0,-58.0,-47.0,-52.0,-20.0,1.0,1.0,0.0,0.0,-1.0,0.0,2.0,0.0,-1.0,2.0,3.0,0.0,-5.0,-8.0,-6.0,-4.0,-2.0,-1.0,-3.0,-3.0,-2.0,-1.0,0.0,-1.0,-2.0,-1.0,1.0,2.0,2.0,2.0,1.0,0.0,0.0,0.0,0.0,0.0,0.0
2.0,2.0,1.0,1.0,3.0,4.0,4.0,4.0,3.0,3.0,4.0,2.0,1.0,3.0,4.0,3.0,1.0,1.0,2.0,0.0,-1.0,0.0,-1.0,-1.0,1.0,3.0,3.0,1.0,0.0,0.0,2.0,5.0,5.0,3.0,2.0,3.0,4.0,3.0,0.0,-2.0,-2.0,-2.0,-1.0,0.0,1.0,3.0,2.0,-15.0,-106.0,-196.0,-145.0,-63.0,-37.0,-16.0,3.0,11.0,9.0,4.0,2.0,4.0,6.0,7.0,12.0,18.0,20.0,17.0,10.0,3.0,-5.0,-12.0,-13.0,-14.0,-15.0,-2.0,29.0,57.0,67.0,66.0,53.0,56.0,90.0,94.0,45.0,-12.0,-36.0,-13.0,22.0,32.0,36.0,42.0,34.0,16.0,-10.0,-23.0,0.0,30.0,38.0,27.0,17.0,14.0,6.0,2.0,9.0,18.0,25.0,18.0,-1.0,-7.0,-4.0,-7.0,-11.0,-25.0,-40.0,-22.0,12.0,37.0,50.0,53.0,57.0,52.0,35.0,17.0,1.0,-7.0,-11.0,-6.0,11.0,16.0,18.0,36.0,54.0,62.0,55.0,38.0,28.0,17.0,6.0,15.0,30.0,29.0,17.0,11.0,14.0,17.0,24.0,21.0,7.0,7.0,15.0,21.0,22.0,18.0,13.0,4.0,-4.0,27.0,29.0,-50.0,-66.0,-34.0,-41.0,-27.0,2.0,7.0,2.0,1.0,2.0,1.0,2.0,4.0,3.0,0.0,-4.0,-5.0,-3.0,-2.0,0.0,3.0,3.0,2.0,1.0,-2.0,-4.0,-3.0,-1.0,0.0,0.0,0.0,0.0,1.0,2.0,1.0,0.0,-1.0,-2.0,-1.0,0.0,0.0,0.0,0.0
2.0,3.0,3.0,1.0,-1.0,-2.0,0.0,2.0,2.0,2.0,1.0,0.0,0.0,1.0,2.0,2.0,2.0,1.0,0.0,0.0,2.0,4.0,2.0,0.0,1.0,2.0,1.0,0.0,0.0,0.0,0.0,0.0,1.0,3.0,3.0,2.0,2.0,1.0,0.0,0.0,0.0,0.0,0.0,0.0,1.0,3.0,2.0,-15.0,-80.0,-118.0,-42.0,39.0,39.0,9.0,3.0,13.0,16.0,14.0,11.0,8.0,6.0,9.0,18.0,28.0,32.0,30.0,24.0,18.0,17.0,16.0,13.0,15.0,23.0,32.0,36.0,32.0,33.0,55.0,80.0,82.0,56.0,20.0,-16.0,-48.0,-38.0,2.0,19.0,14.0,13.0,20.0,20.0,1.0,-26.0,-20.0,13.0,23.0,18.0,21.0,24.0,20.0,18.0,25.0,32.0,31.0,22.0,6.0,-2.0,12.0,17.0,9.0,24.0,28.0,-9.0,-27.0,-3.0,17.0,24.0,35.0,48.0,58.0,58.0,46.0,24.0,3.0,-6.0,-23.0,-39.0,-23.0,-2.0,0.0,2.0,17.0,34.0,39.0,41.0,44.0,43.0,45.0,48.0,38.0,13.0,-5.0,-3.0,5.0,10.0,10.0,11.0,19.0,24.0,27.0,33.0,32.0,18.0,-3.0,-16.0,-17.0,-73.0,-120.0,-43.0,23.0,12.0,-2.0,-3.0,0.0,1.0,2.0,1.0,0.0,-1.0,-2.0,-1.0,-1.0,-3.0,-2.0,1.0,2.0,1.0,0.0,1.0,1.0,1.0,2.0,1.0,0.0,-1.0,-3.0,-4.0,-3.0,-1.0,-1.0,-2.0,-1.0,0.0,0.0,1.0,2.0,1.0,0.0,1.0,2.0
0.0,1.0,2.0,2.0,2.0,2.0,2.0,0.0,-1.0,1.0,1.0,0.0,0.0,0.0,-1.0,-1.0,1.0,1.0,0.0,2.0,5.0,5.0,3.0,1.0,0.0,-1.0,-2.0,-1.0,0.0,0.0,-1.0,-2.0,-1.0,0.0,0.0,0.0,0.0,0.0,0.0,-1.0,-1.0,1.0,1.0,0.0,0.0,0.0,0.0,-33.0,-89.0,-49.0,83.0,140.0,81.0,18.0,7.0,15.0,19.0,20.0,20.0,21.0,22.0,22.0,25.0,27.0,25.0,27.0,29.0,25.0,23.0,26.0,28.0,30.0,37.0,41.0,36.0,40.0,53.0,49.0,26.0,-6.0,-27.0,-30.0,-27.0,-4.0,27.0,38.0,38.0,35.0,22.0,4.0,-7.0,-19.0,-22.0,12.0,45.0,41.0,35.0,31.0,16.0,13.0,24.0,29.0,24.0,22.0,24.0,32.0,45.0,37.0,20.0,27.0,49.0,62.0,37.0,-4.0,0.0,33.0,55.0,57.0,46.0,42.0,51.0,61.0,49.0,19.0,-3.0,-17.0,-26.0,-28.0,-27.0,-24.0,-20.0,-15.0,-5.0,4.0,6.0,10.0,14.0,13.0,20.0,29.0,23.0,9.0,3.0,7.0,9.0,12.0,16.0,16.0,15.0,18.0,34.0,40.0,23.0,8.0,5.0,-6.0,-23.0,8.0,66.0,83.0,50.0,-4.0,-22.0,-5.0,4.0,2.0,0.0,1.0,1.0,0.0,0.0,0.0,1.0,2.0,1.0,0.0,-2.0,-4.0,-2.0,0.0,0.0,0.0,1.0,1.0,-2.0,-3.0,-2.0,-2.0,-1.0,-1.0,-1.0,2.0,5.0,6.0,4.0,1.0,0.0,0.0,1.0,2.0
0.0,0.0,0.0,1.0,3.0,3.0,1.0,1.0,2.0,2.0,3.0,4.0,3.0,1.0,1.0,2.0,1.0,0.0,0.0,1.0,2.0,1.0,1.0,3.0,3.0,1.0,0.0,0.0,0.0,0.0,0.0,1.0,2.0,1.0,0.0,0.0,1.0,3.0,3.0,1.0,1.0,2.0,1.0,1.0,3.0,3.0,2.0,1.0,-42.0,-61.0,25.0,54.0,7.0,8.0,17.0,14.0,17.0,18.0,18.0,20.0,24.0,26.0,25.0,22.0,20.0,23.0,27.0,27.0,26.0,28.0,34.0,42.0,44.0,44.0,54.0,52.0,11.0,-38.0,-53.0,-47.0,-41.0,-33.0,-3.0,33.0,38.0,35.0,34.0,27.0,24.0,14.0,-10.0,-25.0,-5.0,39.0,63.0,68.0,77.0,73.0,56.0,44.0,35.0,28.0,27.0,32.0,39.0,46.0,44.0,27.0,16.0,19.0,21.0,32.0,41.0,18.0,0.0,23.0,54.0,58.0,42.0,24.0,23.0,41.0,55.0,46.0,23.0,5.0,-9.0,-16.0,-14.0,-15.0,-26.0,-44.0,-49.0,-27.0,-6.0,-2.0,2.0,5.0,-2.0,-14.0,-24.0,-28.0,-25.0,-20.0,-7.0,16.0,27.0,16.0,4.0,10.0,20.0,18.0,12.0,12.0,22.0,28.0,66.0,146.0,175.0,134.0,63.0,9.0,-2.0,2.0,3.0,2.0,1.0,-1.0,0.0,2.0,2.0,2.0,1.0,-1.0,-2.0,0.0,2.0,0.0,-2.0,-1.0,0.0,-1.0,-1.0,1.0,1.0,1.0,4.0,5.0,2.0,1.0,3.0,3.0,1.0,0.0,0.0,0.0,1.0,2.0,0.0,-2.0
0.0,0.0,0.0,0.0,0.0,-1.0,-2.0,-1.0,-1.0,-2.0,1.0,4.0,3.0,2.0,2.0,2.0,1.0,0.0,0.0,0.0,1.0,3.0,4.0,5.0,5.0,3.0,2.0,1.0,1.0,3.0,4.0,3.0,1.0,0.0,0.0,0.0,0.0,1.0,3.0,4.0,3.0,1.0,0.0,0.0,1.0,2.0,0.0,14.0,1.0,-45.0,-43.0,-34.0,-29.0,1.0,17.0,17.0,15.0,17.0,23.0,28.0,29.0,25.0,22.0,21.0,17.0,11.0,10.0,22.0,35.0,36.0,39.0,45.0,36.0,13.0,-14.0,-41.0,-55.0,-50.0,-38.0,-24.0,-13.0,-2.0,14.0,23.0,26.0,20.0,9.0,8.0,5.0,-6.0,-22.0,-16.0,29.0,57.0,45.0,41.0,56.0,62.0,52.0,37.0,28.0,24.0,27.0,32.0,30.0,27.0,25.0,31.0,40.0,40.0,40.0,41.0,38.0,20.0,-8.0,-20.0,-12.0,6.0,14.0,14.0,18.0,21.0,29.0,39.0,36.0,21.0,6.0,-1.0,0.0,3.0,-2.0,-14.0,-24.0,-28.0,-22.0,-18.0,-25.0,-36.0,-47.0,-44.0,-30.0,-20.0,-10.0,5.0,23.0,42.0,56.0,44.0,20.0,14.0,12.0,8.0,6.0,2.0,9.0,11.0,29.0,100.0,137.0,105.0,58.0,20.0,7.0,5.0,1.0,-1.0,-2.0,-2.0,-2.0,-1.0,0.0,0.0,-1.0,-2.0,-2.0,-2.0,0.0,1.0,0.0,0.0,-3.0,-4.0,-1.0,-1.0,0.0,2.0,1.0,0.0,0.0,0.0,0.0,0.0,-1.0,-2.0,-1.0,0.0,0.0,0.0,-2.0,-4.0
0.0,0.0,0.0,0.0,0.0,0.0,1.0,2.0,1.0,0.0,0.0,-1.0,-1.0,1.0,1.0,0.0,0.0,0.0,1.0,2.0,1.0,1.0,2.0,1.0,0.0,0.0,0.0,0.0,0.0,0.0,1.0,1.0,-1.0,-1.0,0.0,0.0,0.0,0.0,1.0,2.0,0.0,-2.0,0.0,1.0,-1.0,0.0,1.0,-6.0,-18.0,-19.0,-12.0,-13.0,-11.0,0.0,8.0,8.0,7.0,11.0,17.0,24.0,32.0,36.0,30.0,20.0,14.0,8.0,5.0,9.0,11.0,9.0,0.0,-23.0,-40.0,-40.0,-50.0,-66.0,-58.0,-30.0,-7.0,-4.0,5.0,21.0,18.0,28.0,38.0,7.0,-18.0,-12.0,-20.0,-40.0,-36.0,3.0,51.0,54.0,25.0,18.0,27.0,29.0,33.0,42.0,45.0,40.0,33.0,27.0,22.0,17.0,17.0,30.0,46.0,55.0,52.0,38.0,29.0,12.0,-12.0,-20.0,-18.0,-16.0,-12.0,7.0,24.0,24.0,20.0,21.0,30.0,38.0,34.0,19.0,7.0,5.0,4.0,-4.0,-16.0,-35.0,-56.0,-63.0,-67.0,-75.0,-68.0,-44.0,-16.0,9.0,27.0,46.0,54.0,38.0,33.0,46.0,40.0,17.0,5.0,6.0,5.0,-1.0,-6.0,-13.0,-13.0,13.0,36.0,39.0,59.0,64.0,28.0,3.0,-1.0,-3.0,-2.0,1.0,0.0,-3.0,-3.0,-1.0,-1.0,-2.0,0.0,2.0,0.0,-2.0,0.0,1.0,-2.0,-3.0,-2.0,-2.0,-1.0,-1.0,-3.0,-3.0,-1.0,0.0,1.0,2.0,2.0,2.0,1.0,0.0,0.0,0.0,-1.0,-2.0
0.0,0.0,1.0,2.0,1.0,0.0,1.0,3.0,4.0,3.0,0.0,-1.0,1.0,0.0,-2.0,-1.0,0.0,0.0,0.0,0.0,-2.0,-4.0,-2.0,-1.0,-2.0,-1.0,0.0,0.0,-1.0,-3.0,-4.0,-4.0,-3.0,-1.0,0.0,0.0,0.0,0.0,0.0,-1.0,-2.0,-1.0,1.0,3.0,3.0,2.0,6.0,19.0,27.0,17.0,5.0,-3.0,-12.0,-14.0,-7.0,3.0,9.0,8.0,6.0,8.0,16.0,24.0,17.0,6.0,8.0,11.0,8.0,1.0,-8.0,-13.0,-25.0,-50.0,-66.0,-59.0,-37.0,-16.0,0.0,10.0,0.0,-16.0,-1.0,28.0,37.0,35.0,19.0,0.0,-2.0,-8.0,-25.0,-33.0,-14.0,23.0,43.0,35.0,37.0,53.0,43.0,30.0,41.0,49.0,48.0,47.0,43.0,40.0,39.0,36.0,35.0,37.0,39.0,45.0,36.0,15.0,15.0,11.0,-8.0,-19.0,-27.0,-30.0,-18.0,-3.0,4.0,11.0,21.0,26.0,26.0,33.0,45.0,48.0,39.0,28.0,20.0,11.0,7.0,14.0,8.0,-15.0,-24.0,-13.0,-1.0,-6.0,-7.0,10.0,29.0,47.0,61.0,60.0,48.0,41.0,29.0,7.0,-6.0,-4.0,1.0,-2.0,-31.0,-67.0,-54.0,-13.0,10.0,17.0,27.0,36.0,22.0,3.0,-2.0,-1.0,1.0,1.0,-1.0,-2.0,-1.0,0.0,0.0,1.0,4.0,5.0,0.0,-4.0,-4.0,-4.0,-1.0,1.0,-1.0,-2.0,-3.0,-4.0,-3.0,-1.0,1.0,2.0,1.0,0.0,0.0,1.0,2.0,1.0,0.0,0.0,0.0,0.0
4.0,3.0,2.0,2.0,1.0,1.0,1.0,-1.0,-1.0,0.0,0.0,1.0,2.0,1.0,0.0,0.0,0.0,0.0,0.0,0.0,0.0,0.0,0.0,0.0,0.0,0.0,0.0,0.0,0.0,0.0,-1.0,-2.0,-1.0,0.0,0.0,0.0,0.0,0.0,-1.0,-3.0,-3.0,-1.0,-1.0,-2.0,-2.0,-3.0,-1.0,28.0,63.0,46.0,8.0,-7.0,-16.0,-21.0,-11.0,5.0,11.0,6.0,3.0,6.0,6.0,6.0,8.0,4.0,1.0,5.0,8.0,5.0,-1.0,-8.0,-16.0,-18.0,-13.0,-2.0,25.0,55.0,60.0,47.0,28.0,13.0,14.0,18.0,17.0,1.0,-19.0,-7.0,13.0,-4.0,-31.0,-27.0,1.0,27.0,30.0,28.0,50.0,65.0,47.0,26.0,22.0,30.0,41.0,46.0,43.0,37.0,30.0,28.0,32.0,33.0,36.0,41.0,36.0,22.0,10.0,-4.0,-25.0,-35.0,-38.0,-36.0,-19.0,-10.0,-8.0,5.0,18.0,22.0,20.0,18.0,25.0,36.0,35.0,29.0,30.0,34.0,35.0,34.0,27.0,15.0,14.0,27.0,37.0,27.0,10.0,3.0,14.0,34.0,46.0,55.0,52.0,33.0,18.0,6.0,-7.0,-7.0,1.0,1.0,-25.0,-55.0,-40.0,-8.0,11.0,41.0,59.0,36.0,10.0,3.0,2.0,1.0,0.0,-1.0,-2.0,-1.0,-1.0,-3.0,-3.0,0.0,1.0,-2.0,-3.0,-2.0,-4.0,-5.0,-3.0,-2.0,-2.0,-3.0,-2.0,1.0,1.0,0.0,1.0,2.0,0.0,-2.0,-2.0,-2.0,-1.0,0.0,-1.0,-2.0,-1.0,0.0
2.0,1.0,0.0,0.0,1.0,3.0,3.0,1.0,0.0,0.0,0.0,0.0,0.0,1.0,2.0,2.0,2.0,2.0,3.0,3.0,2.0,2.0,1.0,0.0,-1.0,-2.0,-1.0,0.0,1.0,3.0,3.0,1.0,0.0,0.0,0.0,0.0,0.0,0.0,-1.0,-2.0,-2.0,-2.0,-2.0,-3.0,-4.0,-4.0,-3.0,25.0,108.0,142.0,69.0,7.0,-15.0,-21.0,-11.0,-3.0,1.0,3.0,5.0,3.0,-7.0,-11.0,2.0,13.0,12.0,11.0,11.0,11.0,20.0,35.0,51.0,71.0,82.0,71.0,58.0,53.0,39.0,23.0,19.0,23.0,17.0,4.0,1.0,-10.0,-14.0,8.0,12.0,-19.0,-43.0,-27.0,5.0,18.0,19.0,34.0,51.0,42.0,29.0,31.0,38.0,51.0,60.0,59.0,53.0,38.0,25.0,23.0,26.0,31.0,41.0,45.0,43.0,39.0,19.0,-2.0,-24.0,-44.0,-39.0,-27.0,-22.0,-12.0,-2.0,-5.0,-12.0,-2.0,23.0,33.0,28.0,18.0,4.0,9.0,33.0,46.0,42.0,26.0,13.0,18.0,17.0,7.0,11.0,19.0,9.0,-3.0,3.0,11.0,7.0,0.0,2.0,6.0,5.0,3.0,-1.0,-3.0,-1.0,0.0,-2.0,13.0,35.0,31.0,34.0,79.0,102.0,51.0,6.0,2.0,1.0,-1.0,-2.0,-2.0,-2.0,-2.0,-3.0,-5.0,-5.0,-3.0,-3.0,-3.0,0.0,0.0,-3.0,0.0,3.0,-1.0,-4.0,-3.0,0.0,2.0,1.0,0.0,-1.0,-1.0,0.0,-1.0,-1.0,-1.0,-1.0,0.0,-1.0,-1.0,0.0,0.0
-2.0,-1.0,1.0,1.0,1.0,2.0,2.0,2.0,1.0,1.0,3.0,3.0,1.0,0.0,1.0,2.0,2.0,3.0,3.0,1.0,-1.0,-3.0,-3.0,-1.0,0.0,0.0,0.0,0.0,0.0,1.0,3.0,3.0,1.0,0.0,0.0,0.0,0.0,-1.0,-2.0,-1.0,-1.0,-2.0,0.0,2.0,2.0,3.0,4.0,11.0,129.0,255.0,167.0,38.0,-7.0,-26.0,-17.0,-7.0,-7.0,-3.0,5.0,2.0,-7.0,-8.0,2.0,18.0,30.0,36.0,31.0,23.0,31.0,49.0,61.0,65.0,66.0,56.0,35.0,20.0,19.0,16.0,12.0,24.0,24.0,14.0,21.0,29.0,34.0,34.0,16.0,-16.0,-26.0,6.0,41.0,44.0,33.0,35.0,33.0,17.0,9.0,28.0,58.0,63.0,50.0,47.0,42.0,25.0,17.0,20.0,23.0,25.0,27.0,26.0,33.0,47.0,42.0,30.0,9.0,-39.0,-60.0,-45.0,-48.0,-43.0,-20.0,-17.0,-20.0,-14.0,0.0,17.0,27.0,27.0,20.0,17.0,21.0,26.0,28.0,28.0,38.0,50.0,47.0,33.0,13.0,6.0,10.0,12.0,14.0,8.0,1.0,2.0,2.0,-3.0,-5.0,-3.0,-1.0,-3.0,-8.0,-9.0,-8.0,10.0,42.0,61.0,98.0,139.0,104.0,30.0,1.0,0.0,-3.0,-3.0,-3.0,-2.0,1.0,1.0,-1.0,-3.0,-2.0,0.0,-2.0,-2.0,2.0,3.0,1.0,2.0,4.0,1.0,-2.0,-1.0,0.0,0.0,1.0,2.0,0.0,-3.0,-3.0,-1.0,0.0,1.0,2.0,1.0,1.0,2.0,1.0,0.0
0.0,1.0,2.0,1.0,0.0,0.0,0.0,0.0,1.0,3.0,4.0,3.0,2.0,3.0,4.0,3.0,2.0,2.0,1.0,0.0,0.0,0.0,0.0,0.0,1.0,2.0,1.0,0.0,-1.0,-3.0,-3.0,-1.0,-1.0,-2.0,-1.0,0.0,0.0,-1.0,-2.0,-1.0,0.0,0.0,0.0,1.0,2.0,2.0,3.0,2.0,82.0,263.0,284.0,119.0,9.0,-29.0,-27.0,-9.0,-8.0,-5.0,0.0,2.0,10.0,22.0,17.0,6.0,13.0,25.0,26.0,26.0,31.0,35.0,21.0,-7.0,-13.0,7.0,23.0,26.0,28.0,36.0,46.0,51.0,58.0,61.0,45.0,32.0,33.0,14.0,-23.0,-34.0,-1.0,48.0,75.0,74.0,59.0,37.0,14.0,3.0,7.0,21.0,45.0,61.0,55.0,49.0,43.0,29.0,23.0,26.0,26.0,23.0,18.0,20.0,45.0,74.0,86.0,83.0,62.0,20.0,-19.0,-42.0,-70.0,-83.0,-57.0,-21.0,-3.0,-8.0,-16.0,-5.0,9.0,19.0,33.0,34.0,20.0,8.0,2.0,6.0,18.0,26.0,37.0,39.0,20.0,13.0,20.0,18.0,8.0,-3.0,-7.0,-3.0,-10.0,-21.0,-11.0,1.0,1.0,-1.0,-3.0,-9.0,-13.0,-1.0,32.0,76.0,152.0,187.0,93.0,11.0,3.0,1.0,1.0,2.0,1.0,0.0,0.0,1.0,1.0,0.0,1.0,2.0,1.0,-1.0,-1.0,2.0,4.0,0.0,-3.0,1.0,4.0,3.0,1.0,1.0,1.0,-1.0,-1.0,-1.0,-1.0,1.0,1.0,0.0,-1.0,-1.0,1.0,1.0,0.0,0.0
4.0,3.0,2.0,3.0,3.0,1.0,0.0,0.0,1.0,2.0,1.0,0.0,1.0,3.0,3.0,2.0,2.0,1.0,0.0,0.0,2.0,5.0,4.0,2.0,2.0,1.0,0.0,0.0,0.0,-1.0,-3.0,-3.0,-2.0,-2.0,-1.0,0.0,0.0,0.0,0.0,0.0,1.0,1.0,-2.0,-2.0,1.0,1.0,0.0,0.0,19.0,153.0,314.0,264.0,86.0,-19.0,-28.0,-12.0,-7.0,-2.0,2.0,8.0,13.0,9.0,-1.0,-7.0,-11.0,-16.0,-9.0,8.0,19.0,19.0,11.0,2.0,0.0,10.0,24.0,28.0,25.0,29.0,39.0,43.0,33.0,20.0,7.0,-7.0,-8.0,-18.0,-49.0,-33.0,37.0,74.0,64.0,52.0,46.0,28.0,11.0,14.0,24.0,22.0,17.0,36.0,67.0,79.0,74.0,68.0,57.0,39.0,26.0,21.0,17.0,15.0,35.0,75.0,102.0,105.0,101.0,98.0,72.0,21.0,-34.0,-80.0,-78.0,-42.0,-21.0,-12.0,-8.0,-1.0,9.0,15.0,24.0,29.0,27.0,25.0,27.0,26.0,12.0,-2.0,-7.0,-2.0,12.0,18.0,15.0,11.0,-6.0,-24.0,-23.0,-17.0,-20.0,-21.0,-10.0,-2.0,-5.0,-8.0,-7.0,-11.0,-16.0,-2.0,45.0,141.0,224.0,175.0,55.0,3.0,1.0,0.0,1.0,1.0,1.0,1.0,-2.0,-3.0,0.0,3.0,3.0,0.0,-2.0,-2.0,-3.0,-2.0,1.0,-1.0,-3.0,1.0,4.0,3.0,1.0,0.0,-1.0,-1.0,1.0,2.0,1.0,-1.0,-1.0,-1.0,-2.0,-1.0,0.0,0.0,1.0,2.0
4.0,3.0,2.0,3.0,3.0,1.0,0.0,1.0,2.0,1.0,0.0,0.0,0.0,0.0,0.0,0.0,0.0,0.0,0.0,0.0,0.0,0.0,0.0,0.0,0.0,0.0,0.0,0.0,0.0,0.0,0.0,0.0,1.0,2.0,0.0,-3.0,-4.0,-3.0,-1.0,0.0,-1.0,-3.0,-3.0,-2.0,-1.0,1.0,1.0,0.0,1.0,40.0,167.0,258.0,167.0,27.0,-19.0,-15.0,-14.0,-16.0,-14.0,-5.0,1.0,-6.0,-7.0,0.0,-9.0,-23.0,-18.0,-6.0,-7.0,-18.0,-8.0,22.0,38.0,49.0,48.0,25.0,21.0,28.0,26.0,21.0,1.0,-8.0,4.0,4.0,-20.0,-62.0,-72.0,-6.0,66.0,74.0,53.0,42.0,35.0,20.0,6.0,9.0,20.0,20.0,10.0,8.0,31.0,73.0,104.0,100.0,76.0,57.0,41.0,23.0,7.0,-5.0,-2.0,28.0,64.0,80.0,87.0,97.0,93.0,78.0,48.0,-16.0,-61.0,-57.0,-37.0,-16.0,-3.0,2.0,2.0,4.0,17.0,23.0,23.0,33.0,44.0,37.0,19.0,13.0,6.0,3.0,7.0,0.0,1.0,6.0,-11.0,-24.0,-18.0,-19.0,-18.0,-4.0,6.0,4.0,-5.0,-10.0,-9.0,-13.0,-7.0,74.0,220.0,306.0,242.0,97.0,15.0,1.0,-3.0,-3.0,-3.0,-3.0,-1.0,-1.0,-2.0,-3.0,-2.0,1.0,2.0,0.0,-3.0,-3.0,-1.0,1.0,1.0,0.0,0.0,0.0,0.0,0.0,-1.0,-2.0,0.0,3.0,2.0,0.0,0.0,0.0,1.0,1.0,0.0,1.0,3.0,3.0,2.0,2.0
-2.0,-1.0,0.0,0.0,-1.0,-2.0,-1.0,0.0,0.0,0.0,0.0,0.0,0.0,-1.0,-3.0,-3.0,-1.0,0.0,0.0,0.0,-1.0,-2.0,-1.0,-1.0,-1.0,2.0,3.0,1.0,0.0,0.0,0.0,0.0,0.0,-1.0,-3.0,-4.0,-4.0,-3.0,-1.0,-1.0,-3.0,-3.0,-1.0,-1.0,-2.0,0.0,2.0,1.0,1.0,16.0,74.0,109.0,57.0,1.0,-15.0,-13.0,-11.0,-15.0,-14.0,-8.0,-1.0,4.0,3.0,-6.0,-15.0,-19.0,-16.0,-12.0,-19.0,-19.0,7.0,35.0,41.0,31.0,16.0,19.0,32.0,26.0,18.0,11.0,5.0,8.0,10.0,6.0,-27.0,-67.0,-35.0,42.0,69.0,53.0,47.0,51.0,47.0,33.0,15.0,-3.0,-12.0,-11.0,-15.0,-27.0,-33.0,-13.0,36.0,72.0,66.0,46.0,32.0,18.0,7.0,4.0,-7.0,-9.0,22.0,47.0,52.0,67.0,89.0,106.0,119.0,72.0,-34.0,-76.0,-40.0,-1.0,19.0,22.0,14.0,3.0,3.0,14.0,23.0,25.0,17.0,8.0,9.0,13.0,13.0,5.0,-1.0,-2.0,-3.0,0.0,1.0,-2.0,-18.0,-39.0,-36.0,-24.0,-28.0,-27.0,-19.0,-17.0,-12.0,-13.0,2.0,126.0,283.0,258.0,108.0,18.0,-1.0,-2.0,-1.0,-1.0,-2.0,0.0,2.0,1.0,0.0,0.0,0.0,1.0,1.0,-1.0,0.0,3.0,5.0,4.0,0.0,-1.0,-1.0,-3.0,-3.0,-1.0,0.0,0.0,0.0,-1.0,-2.0,-1.0,1.0,2.0,1.0,0.0,0.0,1.0,2.0,1.0,0.0,0.0
0.0,0.0,-1.0,-3.0,-4.0,-3.0,-1.0,0.0,0.0,0.0,0.0,0.0,0.0,-1.0,-2.0,-2.0,-3.0,-3.0,-1.0,0.0,0.0,0.0,0.0,0.0,0.0,0.0,0.0,0.0,0.0,0.0,0.0,0.0,-1.0,-3.0,-3.0,-2.0,-3.0,-3.0,-2.0,-3.0,-3.0,-1.0,0.0,0.0,0.0,1.0,2.0,1.0,0.0,10.0,75.0,134.0,82.0,6.0,-21.0,-21.0,-5.0,2.0,-4.0,-14.0,-17.0,-10.0,-9.0,-13.0,-16.0,-18.0,-15.0,-13.0,-14.0,-5.0,9.0,11.0,0.0,-18.0,-13.0,24.0,36.0,25.0,25.0,20.0,5.0,-23.0,-37.0,-31.0,-49.0,-38.0,33.0,67.0,48.0,33.0,38.0,43.0,30.0,16.0,4.0,-15.0,-30.0,-36.0,-46.0,-60.0,-74.0,-94.0,-101.0,-66.0,-26.0,-22.0,-26.0,-30.0,-32.0,-35.0,-66.0,-86.0,-56.0,-11.0,24.0,60.0,93.0,112.0,133.0,126.0,40.0,-39.0,-37.0,-15.0,0.0,20.0,37.0,39.0,23.0,17.0,20.0,13.0,10.0,16.0,11.0,-7.0,-17.0,-24.0,-23.0,-8.0,-5.0,-10.0,10.0,23.0,-8.0,-36.0,-38.0,-30.0,-27.0,-27.0,-16.0,-12.0,-15.0,-19.0,-11.0,38.0,64.0,30.0,2.0,-4.0,-4.0,0.0,3.0,4.0,4.0,2.0,0.0,2.0,3.0,1.0,-1.0,-2.0,-2.0,-1.0,1.0,2.0,2.0,0.0,-2.0,0.0,2.0,0.0,-2.0,-1.0,1.0,2.0,1.0,-2.0,-3.0,-1.0,0.0,-1.0,-3.0,-2.0,0.0,-1.0,-3.0,-2.0,1.0,2.0
2.0,1.0,0.0,0.0,1.0,3.0,4.0,4.0,4.0,3.0,2.0,3.0,3.0,2.0,2.0,1.0,-1.0,-2.0,-2.0,-2.0,-1.0,1.0,2.0,1.0,-1.0,-3.0,-4.0,-3.0,-1.0,0.0,0.0,-1.0,-2.0,-1.0,0.0,-1.0,-3.0,-4.0,-4.0,-3.0,-1.0,-1.0,-3.0,-3.0,-2.0,-3.0,-3.0,-1.0,-1.0,-6.0,20.0,116.0,150.0,41.0,-44.0,-37.0,-7.0,8.0,-10.0,-39.0,-41.0,-27.0,-22.0,-17.0,-9.0,-6.0,-3.0,0.0,-2.0,-4.0,-3.0,-1.0,-1.0,4.0,25.0,38.0,31.0,18.0,10.0,17.0,19.0,-3.0,-36.0,-60.0,-55.0,-1.0,53.0,52.0,30.0,21.0,19.0,12.0,-2.0,-15.0,-29.0,-37.0,-35.0,-38.0,-48.0,-58.0,-64.0,-80.0,-108.0,-117.0,-94.0,-69.0,-63.0,-62.0,-58.0,-53.0,-52.0,-64.0,-70.0,-36.0,16.0,47.0,69.0,89.0,110.0,138.0,118.0,41.0,-16.0,-37.0,-25.0,11.0,32.0,33.0,22.0,12.0,-2.0,-15.0,-10.0,0.0,3.0,-4.0,-13.0,-23.0,-28.0,-9.0,8.0,-1.0,-15.0,-17.0,-3.0,9.0,9.0,10.0,9.0,3.0,5.0,3.0,-14.0,-25.0,-36.0,-37.0,-16.0,-7.0,-5.0,0.0,0.0,0.0,1.0,4.0,5.0,2.0,-1.0,-1.0,0.0,-2.0,-3.0,-1.0,0.0,1.0,2.0,2.0,2.0,0.0,-1.0,2.0,3.0,1.0,0.0,1.0,2.0,1.0,0.0,-1.0,-2.0,-1.0,0.0,0.0,-1.0,-2.0,-1.0,-1.0,-3.0,-3.0,-1.0,0.0
0.0,1.0,4.0,6.0,5.0,4.0,4.0,3.0,2.0,3.0,4.0,3.0,1.0,0.0,0.0,1.0,3.0,3.0,0.0,-2.0,-1.0,0.0,0.0,0.0,0.0,0.0,0.0,0.0,0.0,-1.0,-2.0,-2.0,-3.0,-4.0,-4.0,-3.0,-1.0,-1.0,-2.0,-1.0,-1.0,-3.0,-4.0,-3.0,-2.0,-3.0,-3.0,0.0,2.0,1.0,4.0,38.0,61.0,3.0,-53.0,-39.0,-11.0,-6.0,-17.0,-16.0,-5.0,-6.0,-12.0,-16.0,-14.0,-5.0,2.0,5.0,3.0,2.0,6.0,4.0,13.0,38.0,41.0,24.0,20.0,17.0,6.0,11.0,16.0,6.0,-2.0,-17.0,-10.0,39.0,58.0,35.0,17.0,7.0,-9.0,-26.0,-34.0,-36.0,-31.0,-23.0,-29.0,-49.0,-64.0,-62.0,-53.0,-56.0,-62.0,-68.0,-73.0,-73.0,-80.0,-74.0,-54.0,-30.0,-5.0,-12.0,-49.0,-72.0,-59.0,-38.0,-20.0,11.0,57.0,112.0,126.0,64.0,-6.0,-25.0,-17.0,-19.0,-29.0,-25.0,-16.0,-11.0,-5.0,-2.0,-10.0,-20.0,-10.0,6.0,9.0,8.0,8.0,11.0,16.0,21.0,4.0,-21.0,-4.0,24.0,24.0,10.0,4.0,9.0,7.0,-1.0,-10.0,-22.0,-44.0,-46.0,-14.0,-4.0,-7.0,0.0,3.0,3.0,1.0,0.0,1.0,3.0,2.0,-2.0,-2.0,1.0,2.0,2.0,1.0,0.0,0.0,0.0,2.0,4.0,4.0,3.0,0.0,0.0,2.0,2.0,2.0,1.0,0.0,1.0,2.0,1.0,0.0,1.0,2.0,2.0,3.0,3.0,1.0,-1.0,-2.0,-2.0
0.0,2.0,3.0,1.0,1.0,2.0,1.0,0.0,0.0,1.0,2.0,1.0,0.0,0.0,1.0,2.0,2.0,2.0,2.0,2.0,1.0,-1.0,-2.0,-1.0,0.0,0.0,1.0,2.0,1.0,1.0,2.0,2.0,2.0,1.0,-1.0,-2.0,-1.0,0.0,0.0,0.0,-1.0,-2.0,-1.0,-1.0,-2.0,-1.0,0.0,1.0,2.0,4.0,19.0,90.0,187.0,159.0,36.0,-20.0,-21.0,-21.0,-16.0,-4.0,4.0,1.0,1.0,1.0,-6.0,-6.0,-1.0,-1.0,3.0,8.0,5.0,6.0,19.0,34.0,27.0,3.0,4.0,34.0,30.0,-9.0,-14.0,3.0,14.0,24.0,35.0,44.0,35.0,14.0,0.0,-12.0,-39.0,-79.0,-101.0,-87.0,-50.0,-22.0,-27.0,-46.0,-55.0,-51.0,-46.0,-52.0,-63.0,-64.0,-55.0,-51.0,-56.0,-46.0,-17.0,-15.0,-54.0,-121.0,-193.0,-222.0,-197.0,-156.0,-123.0,-81.0,-30.0,27.0,76.0,59.0,8.0,-10.0,-25.0,-49.0,-55.0,-25.0,20.0,30.0,24.0,36.0,44.0,28.0,10.0,13.0,28.0,48.0,47.0,20.0,20.0,42.0,39.0,12.0,-5.0,0.0,0.0,-13.0,-12.0,-3.0,-10.0,-15.0,-11.0,-29.0,-40.0,-7.0,19.0,14.0,5.0,1.0,1.0,3.0,2.0,0.0,0.0,1.0,1.0,-2.0,-2.0,2.0,2.0,-3.0,-5.0,-1.0,1.0,-2.0,-3.0,0.0,2.0,0.0,-1.0,3.0,7.0,6.0,2.0,0.0,1.0,3.0,3.0,1.0,-1.0,-2.0,0.0,3.0,4.0,4.0,3.0,1.0,0.0,0.0
2.0,2.0,0.0,-1.0,2.0,3.0,1.0,0.0,-1.0,-2.0,-1.0,1.0,2.0,2.0,2.0,1.0,0.0,0.0,2.0,4.0,2.0,0.0,1.0,3.0,3.0,1.0,0.0,0.0,0.0,1.0,2.0,2.0,3.0,3.0,2.0,2.0,1.0,0.0,0.0,-1.0,-1.0,1.0,1.0,0.0,0.0,0.0,0.0,0.0,1.0,2.0,2.0,82.0,246.0,252.0,94.0,6.0,-13.0,-17.0,-1.0,3.0,-8.0,-13.0,-7.0,1.0,1.0,-2.0,-2.0,-3.0,4.0,9.0,4.0,13.0,17.0,-4.0,-20.0,-18.0,-3.0,12.0,10.0,-7.0,-21.0,-17.0,-11.0,5.0,28.0,21.0,5.0,-7.0,-42.0,-104.0,-183.0,-256.0,-289.0,-271.0,-222.0,-155.0,-75.0,-23.0,-14.0,-23.0,-34.0,-41.0,-46.0,-50.0,-50.0,-37.0,-16.0,-2.0,-10.0,-79.0,-191.0,-289.0,-358.0,-374.0,-342.0,-286.0,-228.0,-179.0,-134.0,-85.0,-12.0,40.0,30.0,8.0,-3.0,-5.0,10.0,19.0,22.0,26.0,22.0,18.0,28.0,50.0,53.0,42.0,55.0,70.0,52.0,18.0,-3.0,-8.0,4.0,10.0,-5.0,-10.0,-6.0,-10.0,-22.0,-30.0,-26.0,-21.0,-27.0,-29.0,-2.0,32.0,40.0,26.0,12.0,5.0,2.0,4.0,4.0,0.0,-2.0,-1.0,0.0,1.0,1.0,-1.0,-1.0,0.0,0.0,1.0,3.0,3.0,-2.0,-5.0,-2.0,-2.0,-1.0,4.0,5.0,3.0,1.0,0.0,1.0,2.0,1.0,0.0,-1.0,-2.0,-1.0,-1.0,-2.0,0.0,2.0,1.0,1.0,2.0
4.0,2.0,0.0,0.0,-1.0,-2.0,-1.0,0.0,-1.0,-2.0,0.0,3.0,4.0,3.0,1.0,0.0,0.0,1.0,2.0,2.0,2.0,1.0,0.0,1.0,2.0,1.0,0.0,0.0,0.0,-1.0,-3.0,-4.0,-3.0,-2.0,-2.0,-1.0,0.0,0.0,0.0,0.0,0.0,-1.0,-2.0,-1.0,0.0,-1.0,-2.0,-1.0,1.0,2.0,0.0,10.0,78.0,139.0,91.0,12.0,-22.0,-23.0,-9.0,-5.0,-13.0,-17.0,-12.0,-3.0,0.0,-4.0,-9.0,-15.0,-10.0,6.0,11.0,8.0,-2.0,-25.0,-34.0,-18.0,-2.0,-3.0,1.0,13.0,-1.0,-19.0,-9.0,5.0,1.0,-17.0,-36.0,-76.0,-154.0,-217.0,-219.0,-190.0,-162.0,-146.0,-180.0,-252.0,-257.0,-155.0,-54.0,-34.0,-57.0,-70.0,-61.0,-47.0,-44.0,-38.0,-20.0,-48.0,-183.0,-336.0,-368.0,-297.0,-220.0,-182.0,-185.0,-223.0,-269.0,-273.0,-213.0,-132.0,-65.0,-11.0,8.0,-2.0,-12.0,-17.0,-11.0,-12.0,-35.0,-37.0,-6.0,7.0,5.0,26.0,51.0,61.0,61.0,48.0,41.0,47.0,31.0,4.0,11.0,21.0,12.0,8.0,2.0,-6.0,-12.0,-15.0,-8.0,-12.0,-50.0,-61.0,26.0,91.0,45.0,5.0,5.0,4.0,4.0,4.0,4.0,3.0,2.0,1.0,0.0,1.0,1.0,0.0,1.0,3.0,3.0,0.0,-1.0,0.0,-2.0,-2.0,0.0,-2.0,-2.0,1.0,0.0,-2.0,-1.0,0.0,0.0,1.0,2.0,0.0,-1.0,0.0,-1.0,-2.0,-3.0,-4.0,-3.0,-1.0,1.0,2.0
2.0,1.0,1.0,2.0,1.0,0.0,0.0,1.0,3.0,3.0,0.0,-1.0,1.0,0.0,-2.0,-1.0,0.0,1.0,1.0,0.0,1.0,1.0,-1.0,-2.0,-1.0,0.0,0.0,0.0,0.0,-1.0,-3.0,-4.0,-3.0,-1.0,-1.0,-2.0,-1.0,0.0,0.0,0.0,0.0,0.0,0.0,-1.0,-2.0,-1.0,0.0,0.0,0.0,1.0,3.0,13.0,74.0,148.0,115.0,17.0,-32.0,-28.0,-12.0,-8.0,-10.0,-3.0,8.0,6.0,-2.0,-1.0,3.0,-2.0,-11.0,-11.0,-9.0,-1.0,0.0,-14.0,-10.0,5.0,6.0,-6.0,-7.0,5.0,7.0,-1.0,-3.0,6.0,5.0,-24.0,-72.0,-123.0,-154.0,-131.0,-60.0,2.0,13.0,-32.0,-110.0,-200.0,-273.0,-264.0,-182.0,-115.0,-98.0,-100.0,-104.0,-103.0,-94.0,-91.0,-90.0,-121.0,-216.0,-272.0,-211.0,-101.0,-2.0,52.0,42.0,-17.0,-81.0,-129.0,-145.0,-114.0,-85.0,-58.0,-21.0,-11.0,-13.0,-15.0,-33.0,-44.0,-30.0,-13.0,-6.0,2.0,3.0,-12.0,-13.0,6.0,11.0,8.0,35.0,70.0,66.0,46.0,28.0,6.0,-5.0,-6.0,-6.0,-10.0,-10.0,-5.0,-10.0,-36.0,-80.0,-91.0,-22.0,64.0,69.0,25.0,4.0,2.0,1.0,-1.0,0.0,3.0,3.0,1.0,1.0,2.0,2.0,2.0,1.0,1.0,2.0,1.0,-1.0,-3.0,-2.0,1.0,1.0,0.0,-1.0,-2.0,-1.0,1.0,2.0,2.0,2.0,1.0,0.0,0.0,0.0,0.0,0.0,0.0,0.0,-1.0,-1.0,1.0,1.0,0.0
0.0,0.0,1.0,3.0,4.0,3.0,1.0,0.0,1.0,2.0,0.0,-3.0,-4.0,-4.0,-3.0,-1.0,0.0,-1.0,-2.0,-2.0,-1.0,1.0,1.0,-1.0,-1.0,1.0,1.0,0.0,-1.0,-3.0,-2.0,1.0,0.0,-2.0,-1.0,0.0,0.0,0.0,0.0,-1.0,-2.0,1.0,4.0,2.0,0.0,1.0,2.0,1.0,0.0,1.0,2.0,23.0,93.0,165.0,145.0,46.0,-29.0,-39.0,-16.0,-3.0,-8.0,-7.0,-3.0,-8.0,-3.0,7.0,0.0,-5.0,-4.0,-20.0,-32.0,-18.0,-4.0,-5.0,-2.0,5.0,-4.0,-15.0,-14.0,-5.0,5.0,2.0,-2.0,13.0,22.0,-16.0,-74.0,-79.0,-11.0,70.0,90.0,59.0,24.0,-3.0,-9.0,17.0,45.0,17.0,-68.0,-128.0,-108.0,-72.0,-84.0,-110.0,-111.0,-103.0,-93.0,-49.0,39.0,119.0,137.0,131.0,158.0,193.0,204.0,202.0,179.0,107.0,10.0,-52.0,-75.0,-61.0,-18.0,9.0,15.0,9.0,-1.0,-3.0,3.0,-3.0,-24.0,-30.0,-26.0,-33.0,-47.0,-59.0,-52.0,-20.0,16.0,38.0,40.0,27.0,3.0,-6.0,-5.0,-15.0,-9.0,-1.0,-9.0,-15.0,-25.0,-58.0,-85.0,-64.0,-29.0,-3.0,16.0,10.0,1.0,3.0,2.0,-2.0,-3.0,0.0,3.0,3.0,2.0,2.0,1.0,0.0,0.0,0.0,-1.0,-3.0,-3.0,0.0,3.0,3.0,3.0,6.0,5.0,0.0,-1.0,0.0,0.0,0.0,0.0,0.0,0.0,0.0,0.0,1.0,2.0,1.0,0.0,0.0,0.0,0.0,0.0,0.0
-2.0,-1.0,-1.0,-2.0,-1.0,0.0,-1.0,-3.0,-4.0,-3.0,0.0,1.0,-1.0,0.0,2.0,1.0,0.0,-1.0,-2.0,-2.0,-1.0,1.0,1.0,-1.0,-2.0,-1.0,-1.0,-3.0,-4.0,-3.0,-1.0,1.0,1.0,-1.0,-1.0,0.0,0.0,0.0,-1.0,-1.0,1.0,1.0,0.0,1.0,2.0,1.0,0.0,0.0,1.0,2.0,0.0,-3.0,13.0,90.0,135.0,50.0,-38.0,-58.0,-51.0,-38.0,-35.0,-30.0,-18.0,-6.0,4.0,-2.0,-21.0,-20.0,-6.0,-11.0,-23.0,-35.0,-33.0,-10.0,-8.0,-25.0,-32.0,-18.0,-2.0,-7.0,-10.0,4.0,15.0,10.0,3.0,-9.0,-21.0,5.0,76.0,201.0,295.0,271.0,235.0,228.0,218.0,231.0,265.0,261.0,157.0,6.0,-67.0,-55.0,-38.0,-36.0,-45.0,-66.0,-69.0,0.0,149.0,282.0,324.0,317.0,306.0,286.0,259.0,230.0,184.0,133.0,76.0,-22.0,-87.0,-52.0,-2.0,4.0,-16.0,-32.0,-26.0,-14.0,-21.0,-43.0,-49.0,-38.0,-30.0,-29.0,-33.0,-40.0,-43.0,-31.0,-25.0,-25.0,-2.0,9.0,0.0,7.0,15.0,2.0,-8.0,-2.0,-9.0,-26.0,-29.0,-48.0,-77.0,-26.0,74.0,89.0,34.0,5.0,3.0,2.0,0.0,-3.0,-4.0,-3.0,0.0,2.0,2.0,0.0,-3.0,-2.0,0.0,0.0,1.0,1.0,1.0,3.0,3.0,2.0,1.0,1.0,2.0,1.0,-1.0,-3.0,-3.0,-2.0,-2.0,-1.0,0.0,1.0,2.0,0.0,-2.0,-1.0,-1.0,-2.0,-1.0,0.0,-1.0,-2.0
-2.0,-2.0,-2.0,-2.0,-1.0,0.0,0.0,0.0,0.0,0.0,0.0,0.0,0.0,0.0,0.0,-1.0,-3.0,-3.0,-1.0,-1.0,-3.0,-3.0,-2.0,-2.0,-2.0,-2.0,-1.0,0.0,1.0,3.0,2.0,-1.0,-1.0,0.0,0.0,0.0,0.0,0.0,-1.0,-2.0,-1.0,-1.0,-2.0,-1.0,0.0,0.0,0.0,0.0,1.0,2.0,2.0,7.0,27.0,87.0,104.0,24.0,-34.0,-73.0,-97.0,-54.0,-18.0,-19.0,-10.0,12.0,13.0,-2.0,-3.0,5.0,7.0,5.0,2.0,-16.0,-28.0,-12.0,-14.0,-35.0,-40.0,-35.0,-29.0,-36.0,-44.0,-29.0,-20.0,-39.0,-54.0,-35.0,3.0,40.0,67.0,60.0,69.0,131.0,164.0,161.0,178.0,210.0,203.0,141.0,90.0,47.0,-29.0,-67.0,-33.0,-12.0,-56.0,-124.0,-157.0,-143.0,-64.0,71.0,176.0,215.0,199.0,133.0,57.0,18.0,23.0,29.0,-15.0,-74.0,-58.0,-3.0,9.0,4.0,1.0,-15.0,-38.0,-59.0,-63.0,-40.0,-12.0,-10.0,-22.0,-17.0,-5.0,-1.0,-5.0,-24.0,-42.0,-44.0,-37.0,-22.0,-11.0,-17.0,-24.0,-21.0,-22.0,-25.0,-26.0,-41.0,-57.0,-56.0,-31.0,27.0,100.0,119.0,62.0,15.0,4.0,-1.0,-2.0,-2.0,-1.0,-2.0,-5.0,-4.0,0.0,2.0,2.0,2.0,1.0,0.0,1.0,4.0,5.0,2.0,-1.0,-2.0,-3.0,-5.0,-3.0,0.0,-1.0,-1.0,0.0,0.0,-1.0,-3.0,-3.0,-1.0,0.0,0.0,0.0,0.0,0.0,1.0,3.0,3.0,1.0,0.0
-2.0,-3.0,-3.0,-1.0,0.0,0.0,1.0,2.0,1.0,0.0,0.0,0.0,0.0,0.0,0.0,-1.0,-3.0,-4.0,-4.0,-4.0,-4.0,-3.0,-2.0,-2.0,-1.0,1.0,2.0,2.0,3.0,4.0,3.0,0.0,-2.0,-1.0,0.0,0.0,0.0,-1.0,-2.0,-2.0,-2.0,-1.0,0.0,-1.0,-2.0,-1.0,0.0,0.0,-1.0,-2.0,0.0,6.0,15.0,78.0,121.0,27.0,-58.0,-74.0,-77.0,-43.0,-13.0,-19.0,-23.0,-4.0,18.0,28.0,25.0,15.0,10.0,13.0,4.0,-24.0,-35.0,-30.0,-29.0,-22.0,-26.0,-46.0,-59.0,-49.0,-20.0,-13.0,-35.0,-52.0,-47.0,-28.0,-20.0,-21.0,-14.0,-67.0,-151.0,-141.0,-91.0,-51.0,-21.0,-34.0,-95.0,-164.0,-165.0,-101.0,-63.0,-67.0,-56.0,-53.0,-72.0,-81.0,-95.0,-132.0,-175.0,-192.0,-179.0,-165.0,-157.0,-146.0,-161.0,-193.0,-188.0,-153.0,-103.0,-31.0,26.0,27.0,5.0,2.0,10.0,6.0,-18.0,-43.0,-47.0,-33.0,-25.0,-22.0,-18.0,-22.0,-16.0,-9.0,-16.0,-24.0,-26.0,-19.0,-20.0,-15.0,-6.0,-27.0,-45.0,-33.0,-30.0,-45.0,-42.0,-44.0,-92.0,-96.0,-9.0,11.0,-5.0,43.0,37.0,0.0,-1.0,1.0,2.0,1.0,1.0,2.0,0.0,-3.0,-4.0,-2.0,1.0,1.0,0.0,0.0,0.0,0.0,-1.0,-1.0,-1.0,-3.0,-3.0,-1.0,1.0,0.0,-2.0,-1.0,0.0,0.0,0.0,0.0,0.0,0.0,1.0,3.0,3.0,1.0,0.0,1.0,2.0,1.0,0.0,0.0
-2.0,-1.0,0.0,-1.0,-3.0,-3.0,-1.0,0.0,0.0,0.0,0.0,-1.0,-2.0,0.0,2.0,1.0,0.0,0.0,0.0,1.0,2.0,0.0,-2.0,-2.0,-2.0,-1.0,0.0,0.0,0.0,-1.0,-2.0,-2.0,-2.0,-1.0,-1.0,-2.0,-2.0,-3.0,-3.0,-1.0,0.0,0.0,-1.0,-2.0,-1.0,0.0,0.0,1.0,1.0,-1.0,-2.0,-3.0,-4.0,37.0,103.0,74.0,12.0,11.0,-14.0,-49.0,-38.0,-23.0,-26.0,-23.0,-6.0,8.0,11.0,6.0,0.0,0.0,-19.0,-58.0,-68.0,-44.0,-12.0,8.0,12.0,-2.0,-24.0,-22.0,-11.0,-15.0,-24.0,-20.0,2.0,21.0,16.0,-17.0,-66.0,-96.0,-121.0,-150.0,-139.0,-127.0,-149.0,-181.0,-209.0,-202.0,-148.0,-86.0,-45.0,-36.0,-55.0,-60.0,-15.0,55.0,83.0,46.0,-27.0,-100.0,-151.0,-188.0,-205.0,-185.0,-149.0,-119.0,-92.0,-49.0,26.0,86.0,81.0,47.0,20.0,-4.0,-26.0,-31.0,-18.0,-12.0,-14.0,-27.0,-58.0,-67.0,-57.0,-66.0,-50.0,-5.0,11.0,15.0,18.0,0.0,-6.0,10.0,20.0,11.0,-10.0,-21.0,-35.0,-44.0,-29.0,-37.0,-88.0,-99.0,-51.0,-10.0,34.0,43.0,-7.0,-25.0,-7.0,1.0,1.0,0.0,0.0,0.0,0.0,0.0,-1.0,-1.0,1.0,1.0,-1.0,-2.0,-1.0,0.0,0.0,0.0,1.0,3.0,4.0,4.0,3.0,2.0,1.0,0.0,1.0,2.0,2.0,1.0,0.0,1.0,2.0,1.0,0.0,0.0,0.0,-1.0,-2.0,-1.0,-1.0,-2.0
0.0,0.0,0.0,-1.0,-3.0,-3.0,-1.0,1.0,3.0,3.0,1.0,-1.0,-2.0,-2.0,-2.0,-1.0,0.0,0.0,1.0,3.0,3.0,1.0,1.0,1.0,-2.0,-4.0,-3.0,-1.0,-1.0,-3.0,-3.0,-1.0,0.0,0.0,-1.0,-2.0,-2.0,-2.0,-1.0,-1.0,-4.0,-6.0,-4.0,-1.0,0.0,0.0,0.0,1.0,3.0,3.0,1.0,0.0,16.0,44.0,112.0,160.0,85.0,14.0,-15.0,-47.0,-39.0,-15.0,-10.0,-23.0,-35.0,-37.0,-27.0,-17.0,-19.0,-29.0,-34.0,-32.0,-39.0,-24.0,7.0,-6.0,-33.0,-36.0,-35.0,-40.0,-49.0,-46.0,-28.0,-7.0,12.0,32.0,52.0,51.0,12.0,-40.0,-54.0,-39.0,-34.0,-38.0,-42.0,-37.0,-13.0,9.0,16.0,21.0,22.0,10.0,0.0,11.0,33.0,56.0,76.0,78.0,59.0,46.0,36.0,18.0,0.0,-19.0,0.0,61.0,107.0,113.0,83.0,49.0,39.0,33.0,16.0,2.0,-12.0,-23.0,-7.0,14.0,8.0,-15.0,-38.0,-49.0,-43.0,-38.0,-37.0,-18.0,3.0,10.0,9.0,-1.0,2.0,3.0,-10.0,-2.0,-1.0,-18.0,-28.0,-21.0,-5.0,-27.0,-70.0,-79.0,-46.0,56.0,143.0,81.0,-5.0,-7.0,0.0,-4.0,-1.0,2.0,0.0,-1.0,0.0,0.0,2.0,4.0,3.0,1.0,0.0,-1.0,-4.0,-5.0,-2.0,1.0,4.0,6.0,5.0,3.0,1.0,1.0,3.0,4.0,3.0,1.0,-1.0,-1.0,1.0,0.0,-2.0,-1.0,0.0,0.0,0.0,-1.0,-2.0,-1.0,0.0,0.0
0.0,-1.0,-3.0,-3.0,-1.0,0.0,0.0,0.0,0.0,0.0,0.0,0.0,-1.0,-3.0,-4.0,-3.0,-1.0,0.0,1.0,3.0,3.0,2.0,2.0,2.0,2.0,1.0,0.0,-1.0,-3.0,-3.0,-1.0,1.0,1.0,-2.0,-3.0,-1.0,0.0,0.0,-1.0,-2.0,-2.0,-3.0,-3.0,-1.0,0.0,0.0,0.0,0.0,1.0,3.0,4.0,5.0,10.0,29.0,112.0,170.0,65.0,-43.0,-39.0,-20.0,-22.0,-17.0,2.0,4.0,-16.0,-30.0,-20.0,-4.0,-1.0,-3.0,-4.0,-3.0,-1.0,-4.0,-21.0,-37.0,-47.0,-61.0,-57.0,-38.0,-29.0,-25.0,-17.0,-8.0,1.0,9.0,21.0,41.0,61.0,73.0,70.0,52.0,30.0,26.0,36.0,37.0,36.0,25.0,9.0,24.0,51.0,54.0,41.0,26.0,10.0,6.0,10.0,11.0,38.0,71.0,64.0,50.0,41.0,31.0,25.0,15.0,10.0,10.0,1.0,-21.0,-30.0,-17.0,-1.0,5.0,6.0,12.0,22.0,25.0,8.0,-12.0,-16.0,-14.0,0.0,27.0,12.0,-42.0,-64.0,-45.0,-26.0,-14.0,-16.0,-54.0,-80.0,-48.0,-2.0,-3.0,-28.0,-24.0,-20.0,-47.0,-65.0,-55.0,-12.0,85.0,142.0,95.0,47.0,26.0,4.0,-3.0,2.0,5.0,3.0,4.0,6.0,5.0,4.0,4.0,3.0,1.0,1.0,2.0,1.0,0.0,0.0,1.0,2.0,1.0,1.0,3.0,4.0,3.0,2.0,1.0,-1.0,-2.0,-1.0,1.0,2.0,2.0,0.0,-2.0,-1.0,0.0,0.0,0.0,-1.0,-2.0,-1.0,0.0
0.0,0.0,-1.0,-2.0,-1.0,-1.0,-3.0,-4.0,-4.0,-3.0,-1.0,0.0,-1.0,-2.0,-2.0,-2.0,-1.0,1.0,1.0,-1.0,-2.0,-3.0,-4.0,-2.0,1.0,0.0,-1.0,0.0,-1.0,-1.0,0.0,0.0,-1.0,-3.0,-3.0,-2.0,-2.0,-1.0,-1.0,-2.0,-1.0,0.0,-1.0,-2.0,-1.0,-1.0,-2.0,-1.0,0.0,1.0,3.0,5.0,5.0,10.0,69.0,129.0,81.0,9.0,-22.0,-50.0,-47.0,-35.0,-46.0,-32.0,-11.0,-10.0,-7.0,-7.0,-11.0,-3.0,6.0,8.0,6.0,-18.0,-39.0,-30.0,-17.0,-15.0,-11.0,-8.0,-13.0,-14.0,-14.0,-15.0,-15.0,-12.0,2.0,11.0,6.0,3.0,2.0,1.0,-6.0,-8.0,25.0,50.0,19.0,-22.0,-9.0,38.0,67.0,63.0,47.0,34.0,5.0,-5.0,2.0,-14.0,-8.0,17.0,41.0,60.0,53.0,46.0,30.0,-5.0,-39.0,-59.0,-54.0,-49.0,-49.0,-38.0,-28.0,-20.0,-5.0,1.0,-7.0,-17.0,-14.0,3.0,17.0,17.0,-6.0,-18.0,-28.0,-51.0,-42.0,-30.0,-30.0,-10.0,6.0,5.0,2.0,-11.0,-26.0,-32.0,-26.0,-14.0,-28.0,-49.0,-42.0,-26.0,6.0,78.0,112.0,69.0,32.0,13.0,2.0,5.0,3.0,-2.0,-1.0,3.0,4.0,4.0,2.0,0.0,0.0,1.0,2.0,2.0,4.0,6.0,5.0,4.0,4.0,3.0,1.0,0.0,1.0,2.0,0.0,-3.0,-3.0,0.0,2.0,0.0,-1.0,1.0,0.0,-2.0,-1.0,0.0,0.0,0.0,-1.0,-1.0,1.0,2.0
0.0,-1.0,-2.0,-1.0,0.0,-1.0,-3.0,-4.0,-4.0,-4.0,-4.0,-3.0,0.0,2.0,1.0,0.0,0.0,-1.0,-4.0,-7.0,-7.0,-5.0,-3.0,-1.0,-1.0,-3.0,-3.0,-1.0,0.0,0.0,0.0,0.0,0.0,0.0,0.0,-1.0,-2.0,-2.0,-1.0,0.0,-1.0,-1.0,0.0,0.0,-1.0,-3.0,-3.0,-1.0,0.0,1.0,3.0,4.0,4.0,7.0,43.0,117.0,118.0,34.0,-27.0,-72.0,-83.0,-59.0,-64.0,-60.0,-27.0,-12.0,-28.0,-50.0,-56.0,-36.0,12.0,37.0,7.0,-29.0,-47.0,-61.0,-60.0,-31.0,-10.0,-22.0,-33.0,-27.0,-21.0,-17.0,-15.0,-7.0,8.0,6.0,-14.0,-25.0,-10.0,3.0,-10.0,-12.0,19.0,38.0,18.0,-1.0,15.0,30.0,24.0,13.0,-4.0,8.0,25.0,-5.0,-25.0,-13.0,-29.0,-48.0,-10.0,15.0,5.0,9.0,8.0,6.0,6.0,-23.0,-64.0,-85.0,-81.0,-52.0,-32.0,-51.0,-72.0,-64.0,-55.0,-54.0,-59.0,-51.0,-6.0,22.0,-9.0,-50.0,-37.0,2.0,4.0,-23.0,-34.0,-18.0,-3.0,15.0,38.0,27.0,-4.0,-5.0,14.0,8.0,-40.0,-71.0,-45.0,-15.0,14.0,54.0,68.0,43.0,13.0,6.0,10.0,10.0,4.0,0.0,-1.0,-3.0,-3.0,-3.0,-4.0,-3.0,-2.0,0.0,2.0,2.0,3.0,3.0,2.0,2.0,2.0,3.0,2.0,-2.0,-3.0,-2.0,-3.0,-2.0,1.0,2.0,1.0,-1.0,-1.0,0.0,1.0,2.0,1.0,0.0,0.0,1.0,3.0,3.0,2.0,2.0
0.0,0.0,0.0,0.0,0.0,0.0,0.0,0.0,0.0,-1.0,-2.0,0.0,2.0,1.0,0.0,0.0,0.0,-1.0,-1.0,1.0,2.0,2.0,1.0,-1.0,-1.0,1.0,0.0,-2.0,-1.0,0.0,0.0,-1.0,-2.0,-1.0,0.0,0.0,-1.0,-3.0,-3.0,-1.0,-1.0,-3.0,-4.0,-4.0,-4.0,-3.0,-1.0,0.0,0.0,1.0,2.0,1.0,1.0,3.0,27.0,104.0,142.0,64.0,-9.0,-26.0,-37.0,-38.0,-40.0,-41.0,-26.0,-26.0,-41.0,-47.0,-50.0,-30.0,0.0,-10.0,-34.0,-51.0,-66.0,-64.0,-57.0,-56.0,-60.0,-50.0,-36.0,-39.0,-33.0,-37.0,-48.0,-37.0,-26.0,-16.0,-16.0,-25.0,-24.0,-33.0,-26.0,5.0,-5.0,-40.0,-15.0,47.0,49.0,9.0,-2.0,-2.0,-45.0,-61.0,-17.0,-14.0,-38.0,-21.0,7.0,0.0,-40.0,-87.0,-100.0,-55.0,15.0,42.0,38.0,36.0,17.0,-11.0,-26.0,-3.0,36.0,8.0,-72.0,-104.0,-78.0,-53.0,-79.0,-94.0,-38.0,3.0,4.0,3.0,10.0,15.0,-12.0,-51.0,-79.0,-83.0,-55.0,-37.0,-23.0,6.0,17.0,15.0,14.0,-13.0,-65.0,-78.0,-34.0,0.0,24.0,54.0,50.0,27.0,11.0,5.0,6.0,4.0,3.0,6.0,4.0,-2.0,-4.0,-2.0,1.0,1.0,1.0,2.0,1.0,0.0,0.0,0.0,0.0,-1.0,-1.0,1.0,2.0,2.0,1.0,1.0,4.0,6.0,4.0,0.0,-2.0,-1.0,0.0,-1.0,-1.0,1.0,1.0,0.0,0.0,0.0,0.0,-1.0,-2.0,-2.0
0.0,1.0,2.0,1.0,0.0,0.0,0.0,0.0,0.0,0.0,0.0,0.0,0.0,0.0,0.0,0.0,0.0,0.0,0.0,0.0,0.0,0.0,0.0,-1.0,-3.0,-3.0,-2.0,-3.0,-3.0,-2.0,-2.0,-2.0,-2.0,-1.0,0.0,0.0,-1.0,-2.0,-2.0,-2.0,-1.0,0.0,-1.0,-2.0,-1.0,0.0,0.0,-1.0,-1.0,1.0,1.0,0.0,0.0,-1.0,17.0,105.0,161.0,76.0,2.0,7.0,11.0,9.0,8.0,-4.0,-15.0,-15.0,-17.0,-17.0,-10.0,-25.0,-65.0,-81.0,-67.0,-49.0,-31.0,-27.0,-51.0,-83.0,-88.0,-63.0,-40.0,-34.0,-37.0,-53.0,-63.0,-58.0,-51.0,-34.0,-12.0,-5.0,-25.0,-44.0,-23.0,-7.0,-48.0,-67.0,-18.0,11.0,-29.0,-61.0,-35.0,-11.0,-8.0,-8.0,0.0,21.0,16.0,-7.0,6.0,25.0,-22.0,-75.0,-74.0,-70.0,-53.0,-32.0,-31.0,-2.0,44.0,60.0,33.0,7.0,7.0,5.0,-3.0,-32.0,-58.0,-58.0,-62.0,-78.0,-78.0,-40.0,3.0,0.0,-39.0,-59.0,-56.0,-59.0,-71.0,-83.0,-56.0,-8.0,2.0,-5.0,-14.0,-19.0,-21.0,-49.0,-75.0,-53.0,-19.0,-8.0,37.0,88.0,55.0,11.0,7.0,3.0,0.0,-1.0,-2.0,-1.0,0.0,0.0,-1.0,0.0,3.0,2.0,0.0,0.0,-1.0,-3.0,-3.0,-1.0,0.0,0.0,1.0,1.0,0.0,1.0,1.0,2.0,5.0,4.0,1.0,0.0,0.0,0.0,-1.0,-3.0,-4.0,-3.0,-1.0,-1.0,-2.0,-2.0,-3.0,-3.0,-2.0,-2.0
0.0,1.0,3.0,3.0,1.0,-1.0,-2.0,-1.0,0.0,0.0,-1.0,-3.0,-3.0,-1.0,0.0,0.0,0.0,0.0,-1.0,-3.0,-4.0,-3.0,-1.0,-1.0,-4.0,-6.0,-5.0,-4.0,-3.0,-2.0,-3.0,-3.0,-1.0,0.0,0.0,0.0,0.0,0.0,0.0,0.0,1.0,3.0,3.0,2.0,2.0,1.0,0.0,0.0,0.0,-1.0,-2.0,-2.0,-3.0,-4.0,2.0,80.0,141.0,73.0,41.0,46.0,-1.0,-4.0,37.0,32.0,2.0,13.0,35.0,36.0,34.0,-3.0,-55.0,-44.0,0.0,8.0,-15.0,-31.0,-47.0,-73.0,-83.0,-74.0,-52.0,-23.0,-24.0,-44.0,-42.0,-23.0,-4.0,20.0,35.0,0.0,-47.0,-45.0,-25.0,-42.0,-58.0,-28.0,-11.0,-53.0,-121.0,-134.0,-98.0,-77.0,-46.0,-19.0,-7.0,11.0,-8.0,-51.0,-38.0,13.0,43.0,67.0,51.0,-21.0,-69.0,-35.0,13.0,6.0,5.0,20.0,3.0,-31.0,-35.0,-18.0,-20.0,-25.0,-23.0,-27.0,-21.0,-21.0,-59.0,-99.0,-94.0,-75.0,-78.0,-84.0,-85.0,-77.0,-46.0,-39.0,-52.0,1.0,54.0,33.0,22.0,22.0,-20.0,-62.0,-76.0,-56.0,-14.0,59.0,157.0,159.0,66.0,10.0,3.0,0.0,-1.0,2.0,2.0,-1.0,0.0,0.0,-1.0,0.0,-1.0,-1.0,0.0,0.0,1.0,1.0,0.0,1.0,0.0,-2.0,-1.0,1.0,2.0,1.0,0.0,0.0,-1.0,-2.0,-1.0,0.0,1.0,2.0,0.0,-2.0,-2.0,-3.0,-3.0,-1.0,0.0,0.0,0.0,0.0,0.0,0.0
-2.0,-1.0,0.0,0.0,0.0,0.0,0.0,1.0,2.0,1.0,0.0,0.0,-1.0,-2.0,-2.0,-3.0,-3.0,-1.0,0.0,0.0,0.0,0.0,-1.0,-3.0,-3.0,-2.0,-3.0,-2.0,1.0,1.0,-2.0,-5.0,-5.0,-4.0,-3.0,-2.0,-2.0,-1.0,0.0,-1.0,-2.0,-1.0,0.0,-1.0,-2.0,-1.0,-1.0,-3.0,-5.0,-7.0,-6.0,-3.0,-4.0,-5.0,1.0,47.0,142.0,173.0,107.0,37.0,-13.0,-27.0,-9.0,-9.0,-26.0,-16.0,10.0,9.0,-9.0,-24.0,-27.0,-15.0,-2.0,-14.0,-31.0,-31.0,-31.0,-30.0,-36.0,-28.0,7.0,17.0,0.0,-4.0,3.0,13.0,9.0,4.0,26.0,14.0,-38.0,-61.0,-60.0,-62.0,-25.0,27.0,8.0,-44.0,-66.0,-49.0,-49.0,-78.0,-67.0,-63.0,-79.0,-49.0,-40.0,-58.0,-42.0,-16.0,16.0,30.0,28.0,16.0,4.0,55.0,72.0,-1.0,-39.0,-32.0,-15.0,-9.0,-11.0,4.0,1.0,12.0,55.0,65.0,34.0,3.0,-18.0,-54.0,-72.0,-35.0,-13.0,-27.0,-41.0,-49.0,-54.0,-64.0,-69.0,-44.0,-8.0,-2.0,5.0,-2.0,-48.0,-72.0,-39.0,13.0,37.0,108.0,218.0,200.0,84.0,14.0,0.0,0.0,-1.0,0.0,3.0,3.0,2.0,1.0,0.0,0.0,-1.0,-1.0,0.0,-1.0,-1.0,1.0,2.0,1.0,0.0,0.0,-1.0,-1.0,0.0,-1.0,-1.0,0.0,0.0,0.0,0.0,-1.0,-1.0,1.0,1.0,0.0,0.0,-2.0,-5.0,-3.0,1.0,1.0,1.0,2.0,1.0,0.0
-2.0,-2.0,-2.0,-1.0,-1.0,-1.0,1.0,0.0,-3.0,-4.0,-4.0,-4.0,-4.0,-4.0,-4.0,-4.0,-3.0,-1.0,0.0,0.0,0.0,0.0,0.0,0.0,0.0,0.0,0.0,0.0,0.0,0.0,-1.0,-3.0,-4.0,-4.0,-4.0,-4.0,-3.0,-1.0,0.0,-1.0,-3.0,-3.0,-2.0,-4.0,-7.0,-7.0,-6.0,-8.0,-10.0,-9.0,-7.0,-5.0,-5.0,-7.0,-8.0,18.0,127.0,187.0,85.0,8.0,0.0,-19.0,-25.0,-32.0,-47.0,-39.0,-16.0,-12.0,-22.0,-16.0,-2.0,-11.0,-38.0,-31.0,6.0,8.0,-8.0,0.0,15.0,36.0,40.0,1.0,-13.0,21.0,40.0,21.0,-32.0,-73.0,-22.0,39.0,31.0,19.0,-3.0,-13.0,2.0,-3.0,-14.0,-24.0,-7.0,33.0,26.0,-17.0,-20.0,-15.0,-39.0,-55.0,-42.0,-17.0,-40.0,-71.0,-71.0,-82.0,-61.0,-12.0,12.0,8.0,-42.0,-98.0,-95.0,-59.0,-26.0,-9.0,-28.0,-32.0,11.0,46.0,67.0,83.0,51.0,-15.0,-31.0,6.0,4.0,-9.0,24.0,32.0,15.0,9.0,-7.0,-26.0,-40.0,-89.0,-138.0,-111.0,-61.0,-52.0,-57.0,-59.0,-40.0,-14.0,-2.0,53.0,97.0,64.0,23.0,6.0,1.0,4.0,3.0,-1.0,-1.0,1.0,3.0,4.0,3.0,1.0,0.0,1.0,2.0,1.0,0.0,1.0,1.0,0.0,1.0,2.0,1.0,-1.0,-3.0,-3.0,0.0,1.0,1.0,2.0,1.0,1.0,1.0,-1.0,-1.0,2.0,5.0,4.0,0.0,-2.0,-1.0,0.0,0.0,0.0,0.0,0.0
-2.0,-2.0,-1.0,0.0,0.0,0.0,0.0,-1.0,-3.0,-4.0,-4.0,-4.0,-4.0,-4.0,-3.0,-1.0,0.0,0.0,0.0,0.0,-1.0,-2.0,0.0,3.0,4.0,4.0,3.0,0.0,-3.0,-3.0,-1.0,0.0,0.0,0.0,-1.0,-2.0,-2.0,-3.0,-3.0,0.0,2.0,-1.0,-6.0,-8.0,-9.0,-11.0,-11.0,-8.0,-6.0,-6.0,-7.0,-10.0,-11.0,-9.0,-9.0,1.0,63.0,103.0,51.0,11.0,-3.0,-26.0,-32.0,-9.0,29.0,36.0,18.0,10.0,12.0,15.0,5.0,-7.0,2.0,-2.0,-43.0,-56.0,-27.0,-6.0,30.0,46.0,-11.0,-64.0,-60.0,-23.0,7.0,-19.0,-83.0,-95.0,-59.0,-32.0,-3.0,19.0,20.0,38.0,31.0,-27.0,-33.0,8.0,41.0,42.0,14.0,1.0,-25.0,-41.0,-36.0,-62.0,-50.0,-23.0,-46.0,-59.0,-56.0,-51.0,-50.0,-20.0,12.0,-31.0,-73.0,-71.0,-74.0,-56.0,-36.0,-58.0,-76.0,-60.0,-30.0,-20.0,-39.0,-48.0,-22.0,-1.0,-1.0,4.0,-14.0,-27.0,0.0,-8.0,-22.0,-19.0,-29.0,-12.0,8.0,-19.0,-69.0,-70.0,-32.0,-13.0,15.0,23.0,-11.0,-25.0,12.0,67.0,53.0,3.0,-7.0,-1.0,1.0,3.0,3.0,1.0,0.0,1.0,1.0,0.0,2.0,2.0,1.0,3.0,4.0,3.0,1.0,0.0,-1.0,0.0,2.0,2.0,3.0,4.0,3.0,2.0,2.0,1.0,1.0,2.0,1.0,0.0,-1.0,-2.0,-1.0,-1.0,-2.0,0.0,2.0,1.0,0.0,0.0,-1.0,-2.0,-1.0,0.0
-2.0,-2.0,-4.0,-7.0,-4.0,1.0,1.0,0.0,0.0,0.0,1.0,1.0,-1.0,-1.0,0.0,0.0,-1.0,-3.0,-3.0,-2.0,-3.0,-4.0,-4.0,-3.0,-1.0,0.0,0.0,0.0,-1.0,-2.0,-1.0,0.0,0.0,0.0,-1.0,-3.0,-4.0,-4.0,-4.0,-4.0,-4.0,-6.0,-9.0,-9.0,-7.0,-7.0,-9.0,-8.0,-6.0,-6.0,-7.0,-9.0,-9.0,-8.0,-7.0,3.0,80.0,170.0,121.0,20.0,-6.0,-12.0,-23.0,4.0,58.0,65.0,10.0,-22.0,-9.0,-20.0,-14.0,64.0,102.0,22.0,-34.0,17.0,40.0,19.0,38.0,36.0,-16.0,-35.0,-8.0,10.0,-1.0,-29.0,-61.0,-73.0,-70.0,-45.0,-14.0,-14.0,-7.0,15.0,27.0,28.0,31.0,66.0,106.0,67.0,16.0,27.0,-3.0,-46.0,-42.0,-23.0,36.0,80.0,63.0,42.0,42.0,59.0,68.0,67.0,67.0,4.0,-60.0,-36.0,-25.0,-32.0,-15.0,-33.0,-53.0,-29.0,-15.0,-21.0,-52.0,-98.0,-64.0,22.0,49.0,35.0,21.0,-5.0,-26.0,-31.0,-27.0,-30.0,-37.0,-18.0,10.0,22.0,25.0,18.0,-19.0,-53.0,-21.0,40.0,50.0,63.0,105.0,85.0,48.0,32.0,0.0,-9.0,2.0,2.0,-2.0,-5.0,-4.0,-1.0,-1.0,-2.0,-2.0,-1.0,2.0,3.0,0.0,-1.0,1.0,2.0,3.0,2.0,0.0,0.0,1.0,2.0,3.0,5.0,3.0,0.0,0.0,1.0,3.0,3.0,2.0,1.0,-1.0,-2.0,-3.0,-3.0,-1.0,0.0,-1.0,-2.0,-1.0,0.0,0.0,0.0
0.0,-1.0,-3.0,-4.0,-4.0,-4.0,-3.0,-2.0,-2.0,-2.0,-3.0,-4.0,-4.0,-3.0,-2.0,-3.0,-5.0,-7.0,-8.0,-8.0,-7.0,-6.0,-6.0,-6.0,-7.0,-8.0,-7.0,-5.0,-4.0,-4.0,-3.0,-1.0,0.0,-1.0,-3.0,-4.0,-3.0,-2.0,-5.0,-10.0,-13.0,-13.0,-9.0,-6.0,-6.0,-6.0,-7.0,-8.0,-8.0,-9.0,-9.0,-7.0,-7.0,-9.0,-9.0,-5.0,50.0,173.0,184.0,70.0,23.0,13.0,-5.0,-19.0,-25.0,-23.0,-54.0,-75.0,-56.0,-39.0,18.0,89.0,45.0,-19.0,42.0,115.0,86.0,48.0,17.0,-32.0,-36.0,-23.0,6.0,34.0,14.0,-13.0,-21.0,-14.0,-21.0,-21.0,5.0,28.0,60.0,70.0,64.0,102.0,137.0,153.0,153.0,122.0,113.0,123.0,115.0,102.0,103.0,124.0,171.0,227.0,231.0,180.0,165.0,197.0,198.0,150.0,92.0,33.0,-7.0,-5.0,17.0,14.0,-7.0,-13.0,-6.0,30.0,53.0,12.0,-34.0,-31.0,-2.0,72.0,117.0,71.0,69.0,91.0,35.0,-22.0,-30.0,-22.0,-10.0,-10.0,-36.0,-59.0,-37.0,-7.0,-34.0,-80.0,-92.0,-58.0,21.0,87.0,106.0,112.0,96.0,40.0,4.0,2.0,1.0,-2.0,-3.0,-2.0,-2.0,-2.0,-1.0,0.0,-1.0,-1.0,-1.0,-2.0,-1.0,1.0,3.0,6.0,8.0,4.0,0.0,2.0,3.0,0.0,0.0,3.0,2.0,1.0,2.0,2.0,2.0,2.0,3.0,3.0,1.0,0.0,0.0,0.0,0.0,-1.0,-3.0,-3.0,-1.0,0.0,-1.0,-2.0
0.0,0.0,1.0,2.0,0.0,-4.0,-5.0,-3.0,-2.0,-2.0,-4.0,-5.0,-3.0,-3.0,-4.0,-4.0,-4.0,-4.0,-5.0,-6.0,-5.0,-4.0,-4.0,-4.0,-4.0,-4.0,-5.0,-6.0,-6.0,-7.0,-7.0,-5.0,-4.0,-5.0,-6.0,-5.0,-5.0,-8.0,-11.0,-11.0,-10.0,-10.0,-9.0,-8.0,-8.0,-7.0,-4.0,-3.0,-6.0,-9.0,-12.0,-14.0,-13.0,-12.0,-12.0,-15.0,-15.0,63.0,152.0,102.0,11.0,-27.0,-48.0,-78.0,-89.0,-67.0,-51.0,-51.0,-51.0,-30.0,4.0,-1.0,-41.0,-16.0,31.0,2.0,-24.0,-2.0,12.0,-6.0,-32.0,-35.0,-50.0,-50.0,-7.0,-15.0,-17.0,15.0,-7.0,-20.0,21.0,77.0,128.0,146.0,160.0,190.0,194.0,193.0,204.0,208.0,210.0,212.0,218.0,226.0,244.0,270.0,260.0,242.0,252.0,243.0,221.0,217.0,219.0,199.0,151.0,136.0,151.0,140.0,113.0,72.0,28.0,-4.0,-9.0,50.0,108.0,68.0,-9.0,-25.0,-8.0,27.0,58.0,20.0,-1.0,25.0,13.0,1.0,1.0,-4.0,-3.0,-14.0,-51.0,-98.0,-97.0,-60.0,-54.0,-63.0,-72.0,-86.0,-25.0,63.0,122.0,198.0,174.0,70.0,26.0,15.0,4.0,0.0,3.0,6.0,4.0,1.0,-1.0,-1.0,1.0,1.0,-1.0,-1.0,1.0,3.0,4.0,4.0,3.0,2.0,3.0,6.0,7.0,4.0,1.0,-2.0,-2.0,1.0,1.0,0.0,-1.0,-2.0,-2.0,-1.0,1.0,1.0,0.0,0.0,0.0,-1.0,-1.0,1.0,2.0,2.0,1.0,0.0
-2.0,-1.0,0.0,0.0,0.0,0.0,-1.0,-2.0,-2.0,-2.0,0.0,3.0,3.0,1.0,0.0,0.0,-1.0,-2.0,-1.0,-2.0,-5.0,-5.0,-4.0,-3.0,-1.0,0.0,-1.0,-3.0,-5.0,-7.0,-8.0,-9.0,-11.0,-11.0,-9.0,-9.0,-11.0,-12.0,-11.0,-10.0,-11.0,-11.0,-10.0,-9.0,-8.0,-10.0,-13.0,-17.0,-21.0,-21.0,-21.0,-22.0,-21.0,-20.0,-20.0,-21.0,-8.0,75.0,187.0,159.0,29.0,-22.0,-13.0,-37.0,-75.0,-62.0,-5.0,22.0,5.0,12.0,-7.0,-57.0,-17.0,44.0,12.0,-70.0,-72.0,3.0,42.0,20.0,3.0,20.0,-20.0,-63.0,-34.0,0.0,44.0,49.0,16.0,50.0,113.0,150.0,153.0,144.0,149.0,127.0,83.0,62.0,77.0,120.0,172.0,223.0,268.0,288.0,299.0,285.0,201.0,112.0,77.0,67.0,42.0,17.0,27.0,64.0,109.0,157.0,220.0,278.0,263.0,206.0,150.0,88.0,61.0,46.0,8.0,-2.0,14.0,11.0,14.0,18.0,0.0,-34.0,-70.0,-81.0,-16.0,75.0,86.0,54.0,16.0,-4.0,16.0,4.0,-40.0,-55.0,-81.0,-107.0,-68.0,-12.0,9.0,19.0,66.0,128.0,113.0,49.0,12.0,2.0,2.0,3.0,3.0,2.0,3.0,3.0,2.0,2.0,1.0,0.0,1.0,2.0,2.0,5.0,8.0,4.0,-2.0,-2.0,2.0,3.0,2.0,2.0,0.0,-2.0,0.0,1.0,-2.0,-4.0,-3.0,-2.0,-3.0,-4.0,-3.0,0.0,2.0,1.0,0.0,0.0,1.0,2.0,1.0,1.0,4.0,6.0
-2.0,-2.0,-1.0,1.0,0.0,-1.0,0.0,-2.0,-4.0,-3.0,0.0,2.0,1.0,0.0,0.0,0.0,-1.0,-2.0,-2.0,-4.0,-5.0,-3.0,-3.0,-4.0,-4.0,-5.0,-6.0,-6.0,-7.0,-8.0,-8.0,-8.0,-9.0,-10.0,-9.0,-9.0,-10.0,-9.0,-8.0,-8.0,-9.0,-11.0,-12.0,-12.0,-14.0,-18.0,-24.0,-30.0,-30.0,-28.0,-26.0,-24.0,-25.0,-25.0,-23.0,-19.0,-5.0,49.0,136.0,144.0,75.0,52.0,54.0,23.0,-30.0,-50.0,-4.0,34.0,20.0,14.0,-16.0,-82.0,-37.0,69.0,48.0,-28.0,-15.0,38.0,33.0,2.0,26.0,27.0,4.0,6.0,-25.0,-13.0,56.0,87.0,106.0,151.0,188.0,168.0,102.0,47.0,1.0,-49.0,-80.0,-100.0,-117.0,-105.0,-74.0,-17.0,85.0,148.0,118.0,46.0,-18.0,-53.0,-63.0,-60.0,-52.0,-49.0,-48.0,-36.0,-16.0,13.0,69.0,138.0,196.0,240.0,242.0,217.0,166.0,43.0,-57.0,-63.0,-38.0,-9.0,7.0,-17.0,-36.0,-6.0,27.0,34.0,21.0,6.0,12.0,25.0,23.0,22.0,39.0,41.0,37.0,34.0,2.0,-35.0,-43.0,-4.0,44.0,37.0,8.0,11.0,22.0,12.0,0.0,-3.0,-1.0,3.0,3.0,2.0,2.0,1.0,2.0,5.0,5.0,4.0,2.0,-1.0,0.0,2.0,2.0,1.0,-1.0,0.0,3.0,1.0,-3.0,-1.0,3.0,5.0,5.0,2.0,0.0,-1.0,-1.0,0.0,-2.0,-4.0,-3.0,-1.0,0.0,0.0,0.0,1.0,1.0,-2.0,-4.0,-3.0,-1.0,0.0
0.0,0.0,0.0,-1.0,-3.0,-5.0,-6.0,-6.0,-6.0,-5.0,-5.0,-6.0,-5.0,-5.0,-5.0,-3.0,-2.0,-2.0,-3.0,-3.0,-2.0,-3.0,-5.0,-7.0,-9.0,-11.0,-11.0,-10.0,-10.0,-9.0,-8.0,-8.0,-8.0,-8.0,-9.0,-10.0,-11.0,-13.0,-13.0,-12.0,-12.0,-13.0,-15.0,-18.0,-22.0,-24.0,-24.0,-23.0,-21.0,-21.0,-24.0,-26.0,-26.0,-28.0,-29.0,-23.0,-21.0,-6.0,63.0,118.0,109.0,75.0,15.0,-17.0,-16.0,-31.0,-21.0,13.0,19.0,-23.0,-42.0,-26.0,-21.0,-2.0,-6.0,5.0,52.0,47.0,27.0,18.0,-21.0,-51.0,-23.0,0.0,-21.0,2.0,74.0,131.0,170.0,162.0,109.0,53.0,5.0,-26.0,-36.0,-37.0,-46.0,-61.0,-77.0,-108.0,-150.0,-165.0,-136.0,-97.0,-96.0,-104.0,-78.0,-45.0,-17.0,9.0,33.0,51.0,51.0,32.0,6.0,-9.0,-18.0,-26.0,-16.0,29.0,122.0,210.0,192.0,103.0,53.0,32.0,2.0,-39.0,-51.0,-48.0,-44.0,-13.0,13.0,57.0,41.0,-33.0,-40.0,-19.0,5.0,36.0,29.0,-4.0,-10.0,24.0,59.0,50.0,9.0,1.0,21.0,66.0,159.0,150.0,39.0,-9.0,-6.0,-3.0,-2.0,-1.0,0.0,0.0,0.0,1.0,1.0,0.0,2.0,4.0,2.0,0.0,1.0,1.0,2.0,7.0,11.0,10.0,6.0,4.0,4.0,4.0,6.0,8.0,5.0,1.0,2.0,5.0,5.0,4.0,3.0,1.0,0.0,0.0,0.0,-1.0,-2.0,-1.0,0.0,-1.0,-2.0,-2.0,-3.0,-4.0
-6.0,-7.0,-9.0,-10.0,-8.0,-6.0,-7.0,-7.0,-6.0,-7.0,-9.0,-11.0,-11.0,-9.0,-8.0,-8.0,-7.0,-6.0,-6.0,-5.0,-5.0,-7.0,-8.0,-8.0,-9.0,-10.0,-9.0,-9.0,-10.0,-10.0,-10.0,-9.0,-8.0,-8.0,-9.0,-11.0,-13.0,-15.0,-17.0,-19.0,-20.0,-22.0,-26.0,-28.0,-27.0,-26.0,-25.0,-23.0,-23.0,-25.0,-27.0,-28.0,-29.0,-30.0,-29.0,-27.0,-24.0,-7.0,52.0,102.0,78.0,22.0,-18.0,-15.0,-3.0,-23.0,-43.0,-36.0,5.0,37.0,12.0,-27.0,-35.0,-65.0,-88.0,-39.0,3.0,-5.0,4.0,7.0,-55.0,-78.0,-39.0,-24.0,5.0,78.0,133.0,143.0,114.0,46.0,-17.0,-34.0,-16.0,11.0,26.0,31.0,29.0,17.0,8.0,-11.0,-42.0,-64.0,-91.0,-110.0,-86.0,-41.0,-11.0,-1.0,-3.0,-6.0,2.0,17.0,21.0,8.0,-3.0,2.0,16.0,17.0,-23.0,-75.0,-72.0,-2.0,77.0,124.0,126.0,86.0,56.0,11.0,-47.0,-51.0,-24.0,-10.0,-20.0,-22.0,-13.0,-17.0,-39.0,-58.0,-46.0,-19.0,12.0,35.0,21.0,13.0,38.0,50.0,51.0,32.0,-8.0,71.0,222.0,181.0,34.0,-16.0,-11.0,-7.0,-7.0,-8.0,-7.0,-4.0,-2.0,-1.0,0.0,0.0,1.0,1.0,2.0,4.0,1.0,-1.0,1.0,3.0,6.0,6.0,1.0,0.0,4.0,4.0,2.0,2.0,1.0,1.0,3.0,3.0,1.0,0.0,0.0,0.0,0.0,0.0,0.0,0.0,0.0,0.0,0.0,0.0,0.0,-1.0,-2.0,-2.0
-6.0,-7.0,-8.0,-8.0,-8.0,-7.0,-5.0,-4.0,-5.0,-7.0,-8.0,-9.0,-10.0,-9.0,-8.0,-8.0,-8.0,-8.0,-8.0,-7.0,-6.0,-7.0,-8.0,-8.0,-8.0,-7.0,-6.0,-7.0,-8.0,-8.0,-8.0,-8.0,-8.0,-9.0,-11.0,-13.0,-15.0,-17.0,-19.0,-22.0,-26.0,-29.0,-31.0,-32.0,-31.0,-30.0,-30.0,-28.0,-27.0,-29.0,-29.0,-29.0,-30.0,-28.0,-26.0,-27.0,-29.0,-24.0,1.0,42.0,56.0,30.0,28.0,45.0,21.0,-24.0,-50.0,-52.0,-21.0,29.0,5.0,-48.0,0.0,36.0,-8.0,-37.0,-59.0,-71.0,-51.0,-34.0,-27.0,-12.0,20.0,40.0,51.0,79.0,86.0,46.0,-13.0,-44.0,-37.0,-21.0,-5.0,8.0,10.0,9.0,12.0,6.0,-11.0,-29.0,-48.0,-56.0,-57.0,-62.0,-54.0,-43.0,-43.0,-43.0,-46.0,-56.0,-65.0,-66.0,-63.0,-52.0,-31.0,-19.0,-14.0,-6.0,1.0,-9.0,-58.0,-97.0,-60.0,19.0,71.0,83.0,57.0,10.0,-26.0,-61.0,-87.0,-50.0,-9.0,-47.0,-64.0,-47.0,-71.0,-72.0,-34.0,-32.0,-47.0,-14.0,58.0,48.0,-46.0,-33.0,50.0,27.0,-23.0,37.0,83.0,29.0,-12.0,-14.0,-13.0,-11.0,-10.0,-10.0,-8.0,-5.0,-4.0,-4.0,-3.0,-1.0,-1.0,-1.0,2.0,3.0,1.0,0.0,-1.0,-3.0,-2.0,2.0,3.0,0.0,-2.0,-1.0,-1.0,-2.0,1.0,6.0,5.0,0.0,-1.0,0.0,-1.0,-2.0,-1.0,0.0,0.0,1.0,2.0,2.0,1.0,-1.0,-1.0,-1.0,-2.0,-2.0
-4.0,-4.0,-4.0,-4.0,-5.0,-7.0,-8.0,-8.0,-7.0,-5.0,-4.0,-3.0,-2.0,-4.0,-8.0,-11.0,-12.0,-11.0,-9.0,-8.0,-9.0,-10.0,-10.0,-10.0,-8.0,-6.0,-7.0,-7.0,-6.0,-8.0,-12.0,-17.0,-20.0,-19.0,-19.0,-22.0,-27.0,-29.0,-26.0,-27.0,-32.0,-33.0,-31.0,-30.0,-33.0,-37.0,-36.0,-32.0,-29.0,-29.0,-32.0,-34.0,-32.0,-30.0,-30.0,-30.0,-32.0,-34.0,9.0,105.0,141.0,100.0,69.0,44.0,16.0,3.0,5.0,11.0,-11.0,-57.0,-45.0,18.0,28.0,32.0,58.0,24.0,-29.0,-40.0,-66.0,-95.0,-37.0,53.0,95.0,88.0,71.0,62.0,24.0,-20.0,-40.0,-43.0,-32.0,-21.0,-15.0,-14.0,-17.0,-17.0,-14.0,-13.0,-24.0,-34.0,-37.0,-49.0,-61.0,-65.0,-66.0,-64.0,-61.0,-67.0,-81.0,-92.0,-108.0,-124.0,-114.0,-89.0,-71.0,-59.0,-62.0,-72.0,-57.0,-15.0,8.0,-30.0,-79.0,-75.0,-33.0,32.0,53.0,15.0,6.0,-19.0,-94.0,-114.0,-50.0,-17.0,-30.0,-26.0,-10.0,-12.0,-26.0,-45.0,-101.0,-117.0,-79.0,-88.0,-107.0,-53.0,6.0,-6.0,-30.0,-54.0,-74.0,-41.0,-10.0,-10.0,-9.0,-8.0,-9.0,-10.0,-10.0,-10.0,-9.0,-7.0,-5.0,-5.0,-4.0,0.0,0.0,-2.0,0.0,1.0,-1.0,-1.0,-1.0,-2.0,1.0,3.0,1.0,2.0,3.0,3.0,5.0,4.0,1.0,1.0,2.0,2.0,3.0,4.0,3.0,1.0,1.0,2.0,1.0,-1.0,-2.0,-1.0,0.0,1.0,2.0,2.0
-8.0,-8.0,-8.0,-7.0,-5.0,-5.0,-7.0,-7.0,-6.0,-7.0,-7.0,-5.0,-4.0,-4.0,-6.0,-9.0,-9.0,-8.0,-8.0,-8.0,-8.0,-8.0,-9.0,-12.0,-14.0,-13.0,-12.0,-12.0,-14.0,-19.0,-25.0,-28.0,-28.0,-31.0,-33.0,-31.0,-29.0,-26.0,-27.0,-32.0,-34.0,-34.0,-33.0,-32.0,-31.0,-28.0,-27.0,-31.0,-36.0,-39.0,-39.0,-35.0,-31.0,-31.0,-30.0,-29.0,-28.0,-27.0,5.0,97.0,150.0,96.0,15.0,-25.0,-19.0,5.0,20.0,17.0,-14.0,-28.0,21.0,69.0,46.0,1.0,8.0,30.0,17.0,-48.0,-103.0,-57.0,32.0,95.0,107.0,84.0,76.0,48.0,-12.0,-40.0,-32.0,-32.0,-42.0,-41.0,-37.0,-46.0,-57.0,-59.0,-56.0,-52.0,-51.0,-48.0,-40.0,-42.0,-58.0,-80.0,-98.0,-100.0,-91.0,-89.0,-94.0,-92.0,-95.0,-110.0,-113.0,-112.0,-122.0,-120.0,-108.0,-105.0,-103.0,-91.0,-67.0,-56.0,-78.0,-105.0,-92.0,-49.0,-12.0,27.0,31.0,-10.0,-57.0,-72.0,-35.0,7.0,6.0,-23.0,25.0,72.0,20.0,-41.0,-72.0,-55.0,-84.0,-137.0,-65.0,8.0,-15.0,6.0,114.0,137.0,37.0,-37.0,-45.0,-31.0,-16.0,-10.0,-9.0,-8.0,-9.0,-10.0,-9.0,-7.0,-5.0,-3.0,-1.0,0.0,-1.0,-3.0,-4.0,-4.0,-3.0,-1.0,-1.0,-1.0,1.0,2.0,3.0,5.0,6.0,6.0,4.0,0.0,0.0,2.0,1.0,-1.0,-1.0,1.0,1.0,0.0,0.0,0.0,0.0,-1.0,-2.0,0.0,2.0,2.0,1.0,0.0
-6.0,-6.0,-5.0,-5.0,-6.0,-5.0,-4.0,-4.0,-6.0,-10.0,-12.0,-12.0,-11.0,-9.0,-7.0,-5.0,-5.0,-9.0,-12.0,-10.0,-8.0,-8.0,-9.0,-13.0,-17.0,-18.0,-18.0,-19.0,-23.0,-24.0,-21.0,-22.0,-25.0,-29.0,-34.0,-35.0,-31.0,-29.0,-34.0,-37.0,-34.0,-30.0,-29.0,-33.0,-32.0,-25.0,-24.0,-29.0,-34.0,-35.0,-32.0,-31.0,-35.0,-37.0,-34.0,-31.0,-28.0,-28.0,-33.0,14.0,83.0,35.0,-50.0,-35.0,11.0,11.0,-10.0,-27.0,-62.0,-22.0,79.0,71.0,26.0,20.0,13.0,3.0,-18.0,-49.0,-53.0,-6.0,58.0,85.0,57.0,42.0,42.0,0.0,-41.0,-51.0,-42.0,-30.0,-38.0,-44.0,-47.0,-71.0,-92.0,-97.0,-95.0,-88.0,-84.0,-80.0,-67.0,-59.0,-70.0,-92.0,-104.0,-99.0,-91.0,-77.0,-58.0,-52.0,-54.0,-59.0,-78.0,-102.0,-115.0,-112.0,-100.0,-93.0,-94.0,-111.0,-131.0,-126.0,-125.0,-152.0,-162.0,-144.0,-100.0,-15.0,42.0,40.0,19.0,8.0,30.0,32.0,-1.0,2.0,23.0,38.0,33.0,-15.0,-46.0,-40.0,-13.0,23.0,28.0,-2.0,-29.0,53.0,232.0,283.0,158.0,26.0,-18.0,-16.0,-17.0,-16.0,-11.0,-7.0,-6.0,-7.0,-7.0,-6.0,-8.0,-9.0,-9.0,-9.0,-6.0,-3.0,-2.0,-1.0,1.0,0.0,0.0,5.0,6.0,5.0,7.0,6.0,3.0,0.0,-1.0,2.0,3.0,1.0,0.0,-1.0,-2.0,-2.0,-3.0,-4.0,-4.0,-2.0,1.0,1.0,0.0,1.0,1.0,0.0,1.0,2.0
-4.0,-5.0,-6.0,-6.0,-7.0,-7.0,-6.0,-8.0,-10.0,-9.0,-9.0,-11.0,-12.0,-13.0,-14.0,-14.0,-15.0,-17.0,-18.0,-17.0,-16.0,-16.0,-16.0,-17.0,-20.0,-26.0,-31.0,-30.0,-27.0,-26.0,-28.0,-32.0,-35.0,-33.0,-30.0,-30.0,-31.0,-36.0,-39.0,-38.0,-36.0,-34.0,-37.0,-39.0,-39.0,-43.0,-46.0,-48.0,-50.0,-46.0,-42.0,-43.0,-42.0,-38.0,-42.0,-52.0,-52.0,-41.0,-29.0,2.0,10.0,-31.0,-42.0,-16.0,4.0,-3.0,-18.0,-20.0,-27.0,-18.0,16.0,31.0,1.0,-28.0,0.0,3.0,-36.0,-17.0,22.0,33.0,40.0,19.0,-22.0,-36.0,-48.0,-77.0,-86.0,-73.0,-56.0,-34.0,-25.0,-44.0,-73.0,-89.0,-81.0,-65.0,-50.0,-35.0,-47.0,-56.0,-19.0,23.0,19.0,-14.0,-32.0,-46.0,-66.0,-63.0,-27.0,-2.0,-6.0,-7.0,-8.0,-11.0,-11.0,-14.0,-23.0,-36.0,-62.0,-106.0,-134.0,-149.0,-184.0,-215.0,-208.0,-168.0,-108.0,-57.0,-24.0,16.0,52.0,25.0,-51.0,-102.0,-91.0,-21.0,-12.0,-40.0,0.0,47.0,55.0,7.0,-18.0,39.0,76.0,21.0,-12.0,67.0,144.0,115.0,25.0,-13.0,-2.0,-3.0,-14.0,-19.0,-17.0,-15.0,-14.0,-15.0,-15.0,-14.0,-13.0,-12.0,-13.0,-12.0,-7.0,-3.0,-2.0,-1.0,1.0,2.0,2.0,2.0,2.0,4.0,6.0,5.0,2.0,-1.0,0.0,2.0,1.0,1.0,2.0,1.0,-1.0,-2.0,-2.0,-3.0,-3.0,-1.0,1.0,3.0,4.0,3.0,1.0,0.0,0.0,0.0
-6.0,-7.0,-9.0,-9.0,-9.0,-11.0,-12.0,-12.0,-11.0,-9.0,-8.0,-8.0,-9.0,-11.0,-12.0,-13.0,-14.0,-13.0,-14.0,-18.0,-21.0,-24.0,-26.0,-26.0,-29.0,-32.0,-32.0,-33.0,-33.0,-35.0,-40.0,-40.0,-37.0,-35.0,-34.0,-34.0,-35.0,-38.0,-39.0,-38.0,-39.0,-42.0,-45.0,-45.0,-46.0,-49.0,-49.0,-48.0,-46.0,-44.0,-50.0,-63.0,-82.0,-111.0,-147.0,-178.0,-173.0,-117.0,-81.0,-136.0,-178.0,-93.0,16.0,15.0,-36.0,-37.0,-11.0,5.0,28.0,42.0,34.0,30.0,-11.0,-64.0,-63.0,-29.0,3.0,14.0,35.0,65.0,34.0,-42.0,-96.0,-131.0,-160.0,-172.0,-158.0,-134.0,-119.0,-102.0,-92.0,-103.0,-112.0,-100.0,-60.0,-21.0,-3.0,22.0,37.0,30.0,39.0,56.0,48.0,17.0,-14.0,-29.0,-26.0,-15.0,-4.0,7.0,10.0,17.0,38.0,57.0,71.0,73.0,49.0,21.0,3.0,-20.0,-59.0,-106.0,-107.0,-49.0,8.0,28.0,19.0,-16.0,-50.0,-36.0,8.0,-7.0,-103.0,-123.0,-69.0,-91.0,-123.0,-103.0,-53.0,-1.0,17.0,13.0,-19.0,-35.0,6.0,37.0,80.0,139.0,105.0,31.0,-8.0,-30.0,-32.0,-28.0,-27.0,-26.0,-27.0,-27.0,-25.0,-23.0,-22.0,-20.0,-16.0,-13.0,-11.0,-10.0,-9.0,-7.0,-4.0,-2.0,-3.0,-2.0,2.0,2.0,0.0,2.0,3.0,2.0,4.0,5.0,2.0,-1.0,-2.0,-1.0,0.0,0.0,0.0,-1.0,-2.0,0.0,2.0,-1.0,-4.0,-2.0,0.0,0.0,1.0,1.0,-1.0,-2.0
-12.0,-11.0,-10.0,-11.0,-13.0,-15.0,-16.0,-15.0,-12.0,-10.0,-11.0,-13.0,-15.0,-15.0,-14.0,-14.0,-14.0,-15.0,-17.0,-20.0,-23.0,-25.0,-28.0,-30.0,-30.0,-28.0,-25.0,-28.0,-35.0,-38.0,-36.0,-34.0,-34.0,-36.0,-39.0,-41.0,-43.0,-45.0,-45.0,-39.0,-35.0,-35.0,-35.0,-41.0,-49.0,-57.0,-65.0,-68.0,-72.0,-80.0,-88.0,-111.0,-161.0,-185.0,-131.0,-52.0,-14.0,-39.0,-166.0,-294.0,-207.0,-2.0,81.0,40.0,8.0,53.0,91.0,73.0,66.0,44.0,7.0,13.0,-24.0,-64.0,-47.0,-28.0,-3.0,14.0,17.0,2.0,-40.0,-81.0,-106.0,-130.0,-152.0,-150.0,-120.0,-80.0,-67.0,-86.0,-84.0,-62.0,-45.0,-6.0,36.0,39.0,8.0,-23.0,-8.0,21.0,5.0,-31.0,-33.0,-10.0,0.0,9.0,32.0,52.0,36.0,18.0,38.0,55.0,55.0,55.0,66.0,78.0,73.0,60.0,54.0,34.0,0.0,14.0,95.0,182.0,217.0,199.0,154.0,105.0,55.0,11.0,-3.0,-3.0,-24.0,-41.0,-28.0,-31.0,-62.0,-65.0,-33.0,-30.0,-55.0,-32.0,21.0,15.0,-17.0,35.0,129.0,171.0,131.0,50.0,15.0,2.0,-17.0,-25.0,-27.0,-26.0,-28.0,-30.0,-27.0,-23.0,-24.0,-23.0,-18.0,-16.0,-16.0,-14.0,-11.0,-10.0,-9.0,-7.0,-6.0,-5.0,-2.0,-1.0,-2.0,1.0,6.0,7.0,5.0,3.0,2.0,2.0,1.0,0.0,0.0,0.0,0.0,0.0,0.0,0.0,0.0,-1.0,-3.0,-4.0,-4.0,-4.0,-4.0,-4.0,-2.0,0.0
-12.0,-11.0,-11.0,-14.0,-14.0,-10.0,-9.0,-11.0,-14.0,-18.0,-20.0,-20.0,-21.0,-22.0,-21.0,-20.0,-21.0,-23.0,-25.0,-27.0,-28.0,-29.0,-31.0,-31.0,-29.0,-29.0,-32.0,-35.0,-37.0,-38.0,-38.0,-39.0,-41.0,-43.0,-43.0,-40.0,-38.0,-38.0,-34.0,-28.0,-31.0,-44.0,-59.0,-75.0,-96.0,-115.0,-123.0,-115.0,-89.0,-69.0,-85.0,-123.0,-100.0,1.0,85.0,126.0,121.0,-21.0,-237.0,-235.0,-12.0,139.0,91.0,-6.0,10.0,54.0,55.0,50.0,60.0,7.0,-113.0,-107.0,-28.0,-26.0,-16.0,-1.0,-21.0,-30.0,-51.0,-80.0,-75.0,-36.0,5.0,18.0,7.0,-9.0,-22.0,-26.0,-17.0,2.0,34.0,54.0,66.0,109.0,116.0,65.0,26.0,1.0,12.0,47.0,42.0,22.0,28.0,48.0,64.0,74.0,71.0,60.0,56.0,57.0,76.0,90.0,72.0,64.0,57.0,35.0,38.0,37.0,17.0,28.0,77.0,153.0,217.0,219.0,185.0,156.0,130.0,111.0,78.0,19.0,-11.0,1.0,3.0,-33.0,-46.0,4.0,66.0,106.0,86.0,26.0,-9.0,-17.0,-21.0,-55.0,-68.0,1.0,82.0,108.0,89.0,40.0,-3.0,-13.0,-17.0,-23.0,-25.0,-26.0,-26.0,-27.0,-26.0,-24.0,-24.0,-22.0,-20.0,-19.0,-18.0,-18.0,-16.0,-13.0,-11.0,-10.0,-8.0,-3.0,-2.0,-3.0,0.0,3.0,6.0,8.0,6.0,3.0,3.0,5.0,5.0,3.0,2.0,1.0,-1.0,-1.0,2.0,2.0,-2.0,-2.0,1.0,1.0,-1.0,-3.0,-4.0,-4.0,-3.0,-2.0
-12.0,-12.0,-13.0,-15.0,-15.0,-14.0,-15.0,-15.0,-15.0,-17.0,-18.0,-19.0,-21.0,-25.0,-30.0,-30.0,-26.0,-24.0,-26.0,-29.0,-29.0,-30.0,-34.0,-36.0,-35.0,-34.0,-38.0,-43.0,-42.0,-39.0,-37.0,-37.0,-39.0,-40.0,-40.0,-41.0,-43.0,-42.0,-46.0,-63.0,-77.0,-78.0,-69.0,-64.0,-77.0,-89.0,-81.0,-52.0,-16.0,-10.0,-51.0,-53.0,50.0,129.0,96.0,36.0,-13.0,-132.0,-207.0,-98.0,-12.0,-11.0,-14.0,-8.0,5.0,-35.0,-56.0,-30.0,0.0,13.0,-65.0,-131.0,-65.0,1.0,6.0,2.0,10.0,19.0,-10.0,-36.0,-14.0,33.0,73.0,100.0,119.0,120.0,90.0,41.0,15.0,28.0,46.0,52.0,67.0,78.0,62.0,51.0,71.0,93.0,98.0,102.0,106.0,105.0,86.0,57.0,57.0,81.0,90.0,81.0,79.0,72.0,64.0,67.0,66.0,66.0,52.0,21.0,4.0,1.0,14.0,75.0,162.0,212.0,200.0,139.0,65.0,10.0,-11.0,6.0,26.0,0.0,-38.0,-35.0,-11.0,-16.0,-49.0,-48.0,-4.0,17.0,0.0,4.0,34.0,53.0,18.0,-64.0,-77.0,3.0,104.0,140.0,70.0,-3.0,-20.0,-21.0,-23.0,-23.0,-23.0,-25.0,-25.0,-23.0,-22.0,-22.0,-21.0,-21.0,-24.0,-24.0,-20.0,-21.0,-25.0,-23.0,-17.0,-14.0,-13.0,-9.0,-5.0,-3.0,0.0,2.0,1.0,1.0,3.0,4.0,2.0,1.0,3.0,1.0,-2.0,-1.0,0.0,0.0,2.0,5.0,4.0,2.0,2.0,0.0,-2.0,-1.0,0.0,0.0,-1.0,-2.0
-16.0,-17.0,-19.0,-19.0,-18.0,-20.0,-23.0,-24.0,-23.0,-19.0,-15.0,-16.0,-19.0,-21.0,-23.0,-24.0,-26.0,-31.0,-35.0,-35.0,-33.0,-32.0,-32.0,-32.0,-32.0,-33.0,-36.0,-40.0,-42.0,-42.0,-42.0,-41.0,-39.0,-38.0,-47.0,-68.0,-85.0,-91.0,-95.0,-99.0,-92.0,-68.0,-34.0,-8.0,0.0,-1.0,3.0,13.0,3.0,-29.0,-44.0,12.0,82.0,61.0,19.0,13.0,-18.0,-89.0,-105.0,-82.0,-99.0,-85.0,-27.0,7.0,5.0,17.0,19.0,-30.0,-54.0,-39.0,-39.0,-54.0,-49.0,-25.0,-47.0,-64.0,-3.0,42.0,29.0,21.0,35.0,47.0,55.0,65.0,89.0,127.0,148.0,137.0,100.0,55.0,27.0,22.0,23.0,6.0,-6.0,22.0,60.0,75.0,73.0,75.0,80.0,70.0,38.0,11.0,17.0,43.0,72.0,89.0,90.0,78.0,55.0,39.0,37.0,31.0,26.0,24.0,6.0,8.0,56.0,121.0,174.0,162.0,78.0,4.0,-30.0,-45.0,-30.0,5.0,31.0,25.0,-23.0,-57.0,-50.0,-42.0,-35.0,-27.0,-39.0,-68.0,-47.0,23.0,35.0,-19.0,-30.0,36.0,82.0,109.0,155.0,125.0,24.0,-27.0,-27.0,-29.0,-30.0,-24.0,-19.0,-20.0,-23.0,-24.0,-26.0,-28.0,-27.0,-28.0,-29.0,-26.0,-24.0,-23.0,-23.0,-26.0,-28.0,-26.0,-22.0,-20.0,-17.0,-11.0,-7.0,-7.0,-8.0,-7.0,-7.0,-7.0,-6.0,-8.0,-9.0,-6.0,-4.0,-3.0,-1.0,-2.0,-5.0,-4.0,-1.0,0.0,0.0,0.0,1.0,1.0,-1.0,-1.0,0.0,0.0
-16.0,-17.0,-19.0,-20.0,-21.0,-22.0,-21.0,-21.0,-23.0,-24.0,-23.0,-21.0,-21.0,-21.0,-18.0,-19.0,-26.0,-30.0,-28.0,-27.0,-30.0,-30.0,-27.0,-29.0,-35.0,-41.0,-44.0,-43.0,-44.0,-47.0,-50.0,-59.0,-75.0,-89.0,-97.0,-99.0,-94.0,-85.0,-71.0,-53.0,-39.0,-33.0,-29.0,-20.0,-5.0,13.0,23.0,14.0,-7.0,-28.0,-16.0,31.0,44.0,24.0,15.0,12.0,-14.0,-46.0,-50.0,-71.0,-78.0,-30.0,28.0,44.0,45.0,73.0,42.0,22.0,27.0,-27.0,-22.0,4.0,6.0,26.0,-5.0,-20.0,5.0,-4.0,-13.0,0.0,11.0,7.0,12.0,30.0,49.0,72.0,94.0,103.0,94.0,68.0,38.0,28.0,27.0,8.0,-11.0,1.0,15.0,22.0,42.0,52.0,41.0,27.0,29.0,39.0,36.0,39.0,62.0,72.0,68.0,69.0,62.0,50.0,42.0,18.0,-3.0,10.0,35.0,75.0,132.0,154.0,108.0,28.0,-30.0,-45.0,-24.0,1.0,4.0,-9.0,-21.0,3.0,37.0,43.0,33.0,2.0,-15.0,3.0,1.0,-27.0,-37.0,-41.0,-70.0,-125.0,-124.0,-19.0,99.0,147.0,97.0,4.0,-40.0,-30.0,-20.0,-22.0,-23.0,-26.0,-26.0,-25.0,-25.0,-24.0,-27.0,-31.0,-31.0,-29.0,-28.0,-29.0,-29.0,-26.0,-24.0,-26.0,-29.0,-30.0,-30.0,-32.0,-36.0,-32.0,-22.0,-17.0,-13.0,-12.0,-15.0,-14.0,-11.0,-12.0,-14.0,-11.0,-8.0,-8.0,-7.0,-6.0,-7.0,-8.0,-7.0,-5.0,-3.0,0.0,1.0,-1.0,-1.0,0.0,0.0,0.0
-22.0,-22.0,-19.0,-16.0,-19.0,-24.0,-26.0,-24.0,-21.0,-21.0,-23.0,-25.0,-27.0,-27.0,-27.0,-31.0,-34.0,-32.0,-29.0,-28.0,-29.0,-32.0,-38.0,-44.0,-47.0,-51.0,-55.0,-58.0,-63.0,-70.0,-77.0,-80.0,-80.0,-80.0,-75.0,-61.0,-44.0,-28.0,-16.0,-12.0,-12.0,-15.0,-24.0,-30.0,-18.0,8.0,24.0,17.0,2.0,-15.0,-6.0,30.0,28.0,7.0,5.0,8.0,3.0,-4.0,-5.0,-8.0,-24.0,-29.0,37.0,136.0,136.0,32.0,-9.0,52.0,61.0,12.0,19.0,45.0,56.0,60.0,43.0,20.0,-12.0,-26.0,-4.0,3.0,-20.0,-36.0,-29.0,-3.0,17.0,19.0,23.0,33.0,52.0,69.0,66.0,61.0,56.0,37.0,23.0,25.0,22.0,27.0,41.0,34.0,24.0,27.0,44.0,64.0,69.0,59.0,46.0,45.0,45.0,49.0,56.0,55.0,54.0,48.0,39.0,45.0,91.0,149.0,135.0,44.0,-48.0,-78.0,-51.0,-20.0,-2.0,12.0,9.0,-8.0,-4.0,15.0,48.0,101.0,113.0,61.0,3.0,-20.0,-18.0,-8.0,-35.0,-89.0,-66.0,11.0,25.0,2.0,38.0,87.0,80.0,57.0,28.0,-11.0,-21.0,-2.0,2.0,-17.0,-32.0,-35.0,-31.0,-27.0,-26.0,-24.0,-22.0,-25.0,-26.0,-24.0,-26.0,-27.0,-26.0,-27.0,-29.0,-30.0,-31.0,-34.0,-38.0,-39.0,-34.0,-28.0,-26.0,-26.0,-21.0,-13.0,-11.0,-11.0,-8.0,-7.0,-9.0,-9.0,-8.0,-6.0,-4.0,-5.0,-5.0,-5.0,-6.0,-4.0,-1.0,0.0,-1.0,-3.0,-5.0,-6.0
-22.0,-22.0,-20.0,-16.0,-13.0,-14.0,-18.0,-21.0,-22.0,-22.0,-23.0,-25.0,-26.0,-27.0,-31.0,-34.0,-33.0,-32.0,-32.0,-34.0,-39.0,-43.0,-44.0,-44.0,-47.0,-61.0,-80.0,-87.0,-84.0,-81.0,-75.0,-58.0,-29.0,-6.0,-8.0,-21.0,-23.0,-16.0,-9.0,-2.0,2.0,0.0,-7.0,-13.0,-8.0,3.0,9.0,7.0,2.0,-4.0,5.0,28.0,27.0,12.0,9.0,12.0,34.0,51.0,24.0,-4.0,-12.0,-17.0,17.0,103.0,132.0,82.0,44.0,11.0,-16.0,-1.0,45.0,68.0,14.0,-36.0,5.0,22.0,-5.0,15.0,52.0,55.0,19.0,-7.0,-8.0,-3.0,-2.0,-12.0,-13.0,-4.0,18.0,52.0,69.0,69.0,56.0,37.0,31.0,23.0,16.0,32.0,40.0,23.0,25.0,49.0,59.0,63.0,72.0,64.0,48.0,43.0,28.0,16.0,23.0,29.0,30.0,43.0,71.0,91.0,87.0,41.0,-47.0,-122.0,-130.0,-91.0,-46.0,-13.0,4.0,25.0,52.0,65.0,69.0,61.0,40.0,33.0,42.0,48.0,35.0,6.0,20.0,47.0,4.0,-19.0,16.0,71.0,144.0,178.0,153.0,104.0,68.0,79.0,106.0,86.0,52.0,43.0,48.0,50.0,25.0,-10.0,-31.0,-37.0,-34.0,-28.0,-23.0,-24.0,-26.0,-25.0,-22.0,-22.0,-24.0,-22.0,-22.0,-24.0,-26.0,-27.0,-24.0,-27.0,-33.0,-34.0,-36.0,-35.0,-28.0,-23.0,-19.0,-11.0,-5.0,-5.0,-5.0,-4.0,-4.0,-4.0,-5.0,-6.0,-5.0,-3.0,-3.0,-5.0,-4.0,-1.0,-1.0,-3.0,-4.0,-4.0
-18.0,-18.0,-20.0,-22.0,-21.0,-19.0,-16.0,-14.0,-12.0,-11.0,-17.0,-22.0,-22.0,-24.0,-27.0,-28.0,-26.0,-22.0,-23.0,-31.0,-41.0,-52.0,-62.0,-74.0,-86.0,-84.0,-73.0,-63.0,-54.0,-43.0,-29.0,-17.0,-2.0,9.0,-1.0,-18.0,-18.0,-6.0,4.0,12.0,14.0,7.0,-2.0,-4.0,0.0,1.0,-1.0,0.0,4.0,9.0,14.0,16.0,16.0,14.0,11.0,8.0,38.0,78.0,50.0,-4.0,-16.0,-30.0,-31.0,17.0,51.0,67.0,56.0,44.0,51.0,43.0,53.0,44.0,-26.0,-45.0,8.0,33.0,37.0,31.0,11.0,-7.0,-15.0,-9.0,0.0,0.0,-4.0,-11.0,-25.0,-29.0,-13.0,12.0,27.0,30.0,26.0,20.0,18.0,15.0,18.0,24.0,25.0,28.0,31.0,51.0,72.0,77.0,72.0,39.0,13.0,13.0,8.0,1.0,1.0,4.0,13.0,26.0,28.0,3.0,-56.0,-122.0,-143.0,-120.0,-91.0,-65.0,-45.0,-29.0,-10.0,7.0,36.0,67.0,74.0,81.0,61.0,-12.0,-44.0,1.0,44.0,88.0,133.0,104.0,65.0,89.0,95.0,89.0,119.0,119.0,74.0,25.0,-23.0,-26.0,50.0,105.0,82.0,45.0,39.0,59.0,75.0,60.0,21.0,-9.0,-21.0,-25.0,-28.0,-29.0,-28.0,-27.0,-24.0,-24.0,-24.0,-22.0,-24.0,-25.0,-24.0,-24.0,-23.0,-23.0,-25.0,-28.0,-35.0,-41.0,-41.0,-38.0,-31.0,-21.0,-14.0,-9.0,-5.0,-6.0,-7.0,-6.0,-6.0,-5.0,-4.0,-4.0,-5.0,-7.0,-9.0,-8.0,-4.0,-2.0,-2.0,-2.0
-18.0,-19.0,-22.0,-26.0,-29.0,-27.0,-23.0,-23.0,-25.0,-27.0,-28.0,-28.0,-28.0,-28.0,-25.0,-23.0,-27.0,-34.0,-49.0,-70.0,-90.0,-104.0,-108.0,-102.0,-81.0,-48.0,-17.0,-5.0,-8.0,-9.0,-8.0,-4.0,5.0,9.0,0.0,-13.0,-14.0,-3.0,10.0,17.0,17.0,11.0,0.0,-5.0,-3.0,-2.0,-1.0,4.0,12.0,22.0,14.0,-7.0,0.0,14.0,13.0,10.0,27.0,80.0,89.0,24.0,-13.0,-16.0,-45.0,-13.0,69.0,52.0,38.0,82.0,77.0,66.0,59.0,52.0,83.0,88.0,49.0,35.0,37.0,14.0,-17.0,-46.0,-47.0,-18.0,-8.0,-20.0,-24.0,-18.0,-23.0,-29.0,-32.0,-32.0,-19.0,-4.0,5.0,4.0,-4.0,-7.0,-2.0,-4.0,-4.0,7.0,-2.0,-21.0,-15.0,1.0,-7.0,-38.0,-70.0,-82.0,-68.0,-51.0,-47.0,-51.0,-54.0,-64.0,-99.0,-152.0,-176.0,-152.0,-116.0,-75.0,-33.0,-8.0,1.0,0.0,-7.0,-17.0,-20.0,-11.0,18.0,50.0,38.0,-2.0,-11.0,15.0,37.0,48.0,47.0,46.0,62.0,43.0,48.0,87.0,28.0,5.0,96.0,114.0,10.0,-90.0,-70.0,6.0,31.0,22.0,4.0,-2.0,26.0,61.0,63.0,29.0,0.0,-2.0,-3.0,-15.0,-25.0,-30.0,-31.0,-28.0,-26.0,-28.0,-30.0,-29.0,-25.0,-23.0,-26.0,-27.0,-27.0,-29.0,-32.0,-36.0,-41.0,-45.0,-44.0,-40.0,-34.0,-26.0,-20.0,-15.0,-11.0,-10.0,-9.0,-7.0,-5.0,-5.0,-7.0,-8.0,-8.0,-8.0,-7.0,-5.0,-5.0,-6.0
-20.0,-20.0,-21.0,-23.0,-24.0,-24.0,-25.0,-28.0,-34.0,-39.0,-36.0,-30.0,-27.0,-25.0,-25.0,-30.0,-44.0,-75.0,-116.0,-144.0,-147.0,-125.0,-89.0,-50.0,-17.0,1.0,11.0,12.0,2.0,-4.0,-2.0,4.0,12.0,16.0,10.0,-2.0,-9.0,-6.0,1.0,5.0,6.0,5.0,2.0,-2.0,-4.0,-4.0,1.0,11.0,16.0,23.0,14.0,-11.0,-3.0,15.0,14.0,10.0,18.0,91.0,138.0,55.0,-11.0,-4.0,-15.0,-22.0,14.0,11.0,0.0,62.0,97.0,99.0,126.0,107.0,59.0,32.0,49.0,121.0,145.0,109.0,41.0,-41.0,-56.0,-23.0,-16.0,-24.0,-23.0,-18.0,-12.0,-10.0,-27.0,-55.0,-62.0,-57.0,-47.0,-31.0,-21.0,-17.0,-23.0,-42.0,-58.0,-57.0,-61.0,-97.0,-121.0,-110.0,-105.0,-99.0,-94.0,-100.0,-94.0,-86.0,-93.0,-109.0,-129.0,-149.0,-160.0,-136.0,-98.0,-91.0,-75.0,-32.0,-4.0,-3.0,-8.0,-15.0,-27.0,-32.0,-47.0,-57.0,-28.0,7.0,4.0,-8.0,27.0,88.0,101.0,9.0,-82.0,-64.0,-32.0,-8.0,48.0,59.0,28.0,91.0,220.0,231.0,81.0,-66.0,-77.0,-15.0,32.0,30.0,-8.0,-29.0,-25.0,-2.0,31.0,49.0,50.0,43.0,41.0,46.0,35.0,6.0,-16.0,-24.0,-29.0,-30.0,-26.0,-24.0,-23.0,-22.0,-22.0,-23.0,-27.0,-30.0,-28.0,-24.0,-24.0,-30.0,-35.0,-36.0,-36.0,-36.0,-33.0,-28.0,-25.0,-19.0,-12.0,-11.0,-11.0,-8.0,-5.0,-4.0,-3.0,-4.0,-7.0,-7.0,-5.0,-4.0
-18.0,-18.0,-19.0,-21.0,-22.0,-24.0,-26.0,-25.0,-24.0,-23.0,-22.0,-23.0,-28.0,-43.0,-67.0,-82.0,-79.0,-86.0,-115.0,-129.0,-105.0,-63.0,-24.0,1.0,3.0,-1.0,4.0,9.0,6.0,1.0,4.0,11.0,17.0,20.0,15.0,5.0,-1.0,0.0,1.0,0.0,1.0,3.0,4.0,0.0,-4.0,0.0,12.0,26.0,30.0,32.0,21.0,-6.0,-4.0,13.0,14.0,11.0,16.0,99.0,173.0,93.0,7.0,-2.0,7.0,-37.0,-68.0,-20.0,5.0,38.0,47.0,64.0,143.0,121.0,8.0,-39.0,43.0,162.0,183.0,136.0,65.0,6.0,-1.0,-10.0,-22.0,-13.0,-11.0,-17.0,-7.0,6.0,0.0,-23.0,-54.0,-88.0,-101.0,-81.0,-57.0,-43.0,-44.0,-54.0,-66.0,-76.0,-81.0,-107.0,-141.0,-150.0,-153.0,-157.0,-161.0,-176.0,-176.0,-160.0,-159.0,-151.0,-136.0,-141.0,-127.0,-55.0,9.0,9.0,9.0,15.0,-13.0,-40.0,-49.0,-55.0,-54.0,-52.0,-55.0,-29.0,1.0,8.0,21.0,22.0,32.0,46.0,44.0,57.0,65.0,61.0,63.0,72.0,70.0,89.0,165.0,212.0,162.0,85.0,37.0,-5.0,-29.0,-12.0,19.0,13.0,-19.0,-28.0,-23.0,-20.0,-2.0,31.0,51.0,51.0,51.0,54.0,55.0,51.0,28.0,-1.0,-18.0,-25.0,-24.0,-21.0,-22.0,-25.0,-23.0,-19.0,-19.0,-22.0,-25.0,-25.0,-22.0,-19.0,-22.0,-29.0,-32.0,-34.0,-38.0,-40.0,-37.0,-29.0,-23.0,-21.0,-19.0,-18.0,-15.0,-11.0,-9.0,-8.0,-9.0,-9.0,-8.0,-8.0
-18.0,-19.0,-20.0,-21.0,-22.0,-20.0,-17.0,-18.0,-24.0,-38.0,-65.0,-100.0,-129.0,-141.0,-135.0,-108.0,-65.0,-39.0,-44.0,-50.0,-39.0,-20.0,-3.0,3.0,-2.0,-8.0,-9.0,-1.0,10.0,12.0,11.0,15.0,19.0,16.0,10.0,10.0,11.0,9.0,7.0,5.0,5.0,7.0,5.0,-2.0,-5.0,1.0,11.0,19.0,23.0,30.0,26.0,-3.0,-14.0,8.0,23.0,22.0,21.0,72.0,166.0,155.0,47.0,-4.0,-14.0,-40.0,-11.0,77.0,99.0,30.0,2.0,57.0,98.0,110.0,105.0,110.0,140.0,101.0,17.0,15.0,96.0,142.0,111.0,59.0,15.0,-9.0,-20.0,-28.0,-20.0,-1.0,15.0,19.0,5.0,-18.0,-35.0,-32.0,-32.0,-64.0,-102.0,-128.0,-141.0,-142.0,-157.0,-169.0,-158.0,-162.0,-165.0,-137.0,-121.0,-139.0,-159.0,-153.0,-135.0,-118.0,-98.0,-77.0,-48.0,-30.0,-17.0,18.0,26.0,0.0,-21.0,-27.0,-11.0,-2.0,-5.0,-8.0,-19.0,-3.0,1.0,-40.0,-19.0,45.0,52.0,21.0,20.0,81.0,152.0,179.0,154.0,99.0,80.0,133.0,199.0,194.0,115.0,39.0,21.0,17.0,-5.0,-8.0,-4.0,-8.0,-4.0,-3.0,-7.0,-9.0,-9.0,-5.0,-2.0,2.0,10.0,5.0,0.0,25.0,44.0,26.0,2.0,-8.0,-11.0,-18.0,-28.0,-29.0,-26.0,-27.0,-27.0,-25.0,-22.0,-22.0,-25.0,-26.0,-28.0,-30.0,-30.0,-32.0,-36.0,-37.0,-35.0,-35.0,-36.0,-36.0,-34.0,-30.0,-25.0,-19.0,-16.0,-14.0,-11.0,-10.0,-10.0,-10.0
-22.0,-21.0,-20.0,-23.0,-33.0,-46.0,-59.0,-83.0,-119.0,-144.0,-148.0,-143.0,-134.0,-117.0,-90.0,-52.0,-17.0,-8.0,-17.0,-22.0,-21.0,-20.0,-18.0,-14.0,-10.0,-7.0,-5.0,2.0,11.0,12.0,11.0,15.0,18.0,13.0,10.0,17.0,19.0,13.0,8.0,5.0,6.0,8.0,5.0,1.0,1.0,2.0,1.0,3.0,13.0,29.0,44.0,15.0,-29.0,-7.0,25.0,24.0,19.0,25.0,127.0,200.0,78.0,-18.0,-13.0,-25.0,-46.0,19.0,112.0,80.0,59.0,45.0,-22.0,-4.0,58.0,120.0,113.0,-12.0,-49.0,14.0,20.0,-13.0,-27.0,-19.0,-17.0,-25.0,-25.0,-21.0,-24.0,-29.0,-15.0,21.0,49.0,54.0,41.0,22.0,1.0,-30.0,-58.0,-82.0,-90.0,-82.0,-90.0,-83.0,-53.0,-37.0,-22.0,-1.0,15.0,27.0,27.0,11.0,-6.0,-2.0,24.0,58.0,72.0,36.0,-2.0,0.0,-6.0,-25.0,-28.0,-29.0,-24.0,-21.0,-13.0,21.0,62.0,91.0,68.0,-13.0,-27.0,68.0,85.0,31.0,89.0,166.0,120.0,82.0,88.0,90.0,125.0,124.0,128.0,128.0,60.0,28.0,43.0,32.0,-2.0,-10.0,-12.0,-19.0,-3.0,8.0,2.0,-5.0,-10.0,-5.0,2.0,-3.0,-3.0,2.0,-13.0,-27.0,8.0,57.0,60.0,36.0,21.0,12.0,-2.0,-14.0,-20.0,-22.0,-25.0,-28.0,-26.0,-22.0,-18.0,-20.0,-24.0,-22.0,-21.0,-21.0,-22.0,-26.0,-30.0,-35.0,-38.0,-37.0,-34.0,-30.0,-28.0,-26.0,-22.0,-19.0,-17.0,-16.0,-13.0,-10.0
-52.0,-60.0,-76.0,-92.0,-106.0,-115.0,-129.0,-151.0,-158.0,-140.0,-109.0,-76.0,-51.0,-40.0,-34.0,-19.0,-7.0,-14.0,-22.0,-20.0,-19.0,-21.0,-19.0,-12.0,-6.0,-3.0,-2.0,-1.0,3.0,7.0,8.0,9.0,10.0,10.0,12.0,16.0,18.0,15.0,9.0,6.0,8.0,9.0,4.0,1.0,5.0,7.0,4.0,6.0,20.0,37.0,56.0,26.0,-36.0,-21.0,17.0,19.0,14.0,14.0,97.0,201.0,135.0,14.0,0.0,-17.0,-99.0,-98.0,26.0,106.0,123.0,107.0,55.0,51.0,83.0,53.0,-44.0,-47.0,45.0,4.0,-126.0,-144.0,-86.0,-57.0,-47.0,-24.0,7.0,24.0,16.0,-6.0,-13.0,8.0,30.0,36.0,23.0,-7.0,-23.0,2.0,47.0,74.0,67.0,49.0,62.0,80.0,72.0,75.0,80.0,63.0,63.0,74.0,74.0,68.0,51.0,37.0,32.0,30.0,27.0,27.0,28.0,18.0,0.0,-21.0,-22.0,-3.0,8.0,3.0,-20.0,-25.0,4.0,1.0,-9.0,16.0,62.0,146.0,193.0,166.0,162.0,178.0,101.0,41.0,124.0,186.0,161.0,151.0,152.0,104.0,41.0,24.0,42.0,40.0,5.0,-14.0,-10.0,-8.0,-3.0,5.0,4.0,-4.0,-9.0,-9.0,2.0,19.0,17.0,16.0,17.0,-23.0,-39.0,21.0,76.0,84.0,73.0,61.0,54.0,40.0,13.0,-11.0,-23.0,-27.0,-30.0,-33.0,-31.0,-27.0,-26.0,-24.0,-20.0,-18.0,-21.0,-23.0,-22.0,-24.0,-25.0,-22.0,-22.0,-26.0,-31.0,-37.0,-36.0,-29.0,-26.0,-25.0,-22.0,-20.0
-116.0,-121.0,-128.0,-131.0,-128.0,-117.0,-106.0,-92.0,-62.0,-31.0,-23.0,-30.0,-35.0,-33.0,-25.0,-10.0,-3.0,-17.0,-24.0,-15.0,-9.0,-10.0,-15.0,-15.0,-9.0,-7.0,-8.0,-6.0,1.0,7.0,5.0,1.0,1.0,9.0,18.0,19.0,18.0,15.0,13.0,14.0,13.0,9.0,1.0,-3.0,2.0,5.0,0.0,-4.0,3.0,22.0,50.0,40.0,-20.0,-36.0,0.0,17.0,14.0,19.0,60.0,180.0,221.0,76.0,-12.0,-4.0,-43.0,-120.0,-175.0,-129.0,12.0,105.0,99.0,102.0,141.0,100.0,20.0,58.0,65.0,-37.0,-4.0,149.0,198.0,127.0,46.0,15.0,23.0,26.0,7.0,0.0,6.0,-4.0,-17.0,-17.0,-12.0,-6.0,7.0,31.0,56.0,74.0,71.0,50.0,60.0,85.0,84.0,75.0,63.0,48.0,51.0,68.0,67.0,56.0,55.0,32.0,-8.0,-24.0,-21.0,-16.0,-13.0,-5.0,7.0,15.0,23.0,29.0,19.0,5.0,-30.0,-62.0,-49.0,-44.0,-28.0,37.0,72.0,63.0,132.0,223.0,170.0,91.0,136.0,170.0,168.0,150.0,79.0,87.0,104.0,45.0,18.0,21.0,20.0,16.0,7.0,-8.0,-14.0,1.0,9.0,3.0,-1.0,-3.0,-5.0,-7.0,-2.0,10.0,12.0,16.0,30.0,14.0,-37.0,-41.0,19.0,53.0,52.0,56.0,61.0,63.0,58.0,30.0,-7.0,-24.0,-26.0,-31.0,-40.0,-43.0,-41.0,-38.0,-32.0,-27.0,-25.0,-21.0,-19.0,-20.0,-17.0,-16.0,-22.0,-26.0,-27.0,-29.0,-30.0,-30.0,-30.0,-29.0,-29.0,-30.0
-94.0,-89.0,-78.0,-66.0,-56.0,-49.0,-38.0,-21.0,-10.0,-9.0,-12.0,-14.0,-11.0,-5.0,-1.0,3.0,2.0,-10.0,-14.0,-6.0,-3.0,-8.0,-17.0,-20.0,-15.0,-13.0,-13.0,-7.0,3.0,10.0,10.0,3.0,-2.0,6.0,17.0,19.0,16.0,14.0,17.0,19.0,17.0,11.0,-2.0,-11.0,-7.0,-1.0,-3.0,-10.0,-12.0,4.0,32.0,48.0,3.0,-54.0,-27.0,12.0,14.0,13.0,19.0,126.0,250.0,161.0,16.0,2.0,14.0,-40.0,-148.0,-224.0,-194.0,-72.0,9.0,16.0,52.0,48.0,13.0,22.0,9.0,71.0,207.0,210.0,104.0,59.0,112.0,124.0,24.0,-58.0,-64.0,-38.0,-23.0,-30.0,-29.0,-24.0,-14.0,5.0,20.0,24.0,16.0,14.0,24.0,30.0,35.0,49.0,63.0,69.0,61.0,44.0,29.0,26.0,32.0,33.0,37.0,43.0,48.0,51.0,44.0,20.0,-6.0,-9.0,7.0,25.0,27.0,4.0,-27.0,-45.0,-69.0,-86.0,-63.0,-20.0,33.0,49.0,-26.0,-84.0,-54.0,-13.0,-22.0,-46.0,27.0,133.0,142.0,79.0,18.0,13.0,33.0,35.0,28.0,20.0,4.0,-9.0,1.0,9.0,-3.0,-2.0,16.0,13.0,-5.0,-8.0,0.0,10.0,9.0,-3.0,3.0,15.0,21.0,22.0,-8.0,-40.0,-22.0,0.0,-7.0,5.0,26.0,34.0,51.0,66.0,48.0,10.0,-16.0,-26.0,-30.0,-34.0,-36.0,-36.0,-38.0,-40.0,-34.0,-25.0,-21.0,-22.0,-24.0,-23.0,-22.0,-20.0,-18.0,-16.0,-15.0,-20.0,-25.0,-26.0,-25.0,-24.0
-28.0,-26.0,-22.0,-18.0,-14.0,-10.0,-8.0,-5.0,-1.0,-3.0,-6.0,-5.0,-2.0,2.0,5.0,6.0,3.0,-2.0,-4.0,-4.0,-7.0,-11.0,-11.0,-11.0,-12.0,-12.0,-12.0,-9.0,0.0,11.0,15.0,9.0,0.0,2.0,14.0,17.0,14.0,14.0,15.0,19.0,21.0,15.0,2.0,-9.0,-7.0,0.0,0.0,-7.0,-12.0,-2.0,19.0,46.0,19.0,-53.0,-48.0,-2.0,15.0,18.0,12.0,55.0,205.0,254.0,87.0,-17.0,1.0,6.0,-3.0,-56.0,-164.0,-195.0,-78.0,-1.0,-55.0,-75.0,-35.0,-1.0,65.0,153.0,125.0,-36.0,-110.0,-33.0,67.0,116.0,56.0,-42.0,-61.0,-43.0,-35.0,-26.0,-23.0,-25.0,-14.0,3.0,9.0,-1.0,-12.0,-20.0,-25.0,-9.0,5.0,7.0,14.0,19.0,30.0,42.0,33.0,14.0,8.0,10.0,16.0,32.0,49.0,63.0,57.0,23.0,3.0,15.0,34.0,32.0,7.0,-20.0,-44.0,-27.0,22.0,21.0,-36.0,-95.0,-80.0,-36.0,-56.0,-66.0,-31.0,-6.0,-36.0,-89.0,-56.0,-10.0,-71.0,-146.0,-108.0,-12.0,22.0,25.0,37.0,28.0,-1.0,-16.0,-1.0,19.0,14.0,-3.0,4.0,14.0,4.0,-4.0,1.0,8.0,5.0,-3.0,3.0,14.0,26.0,38.0,23.0,-21.0,-34.0,-4.0,-11.0,-25.0,0.0,13.0,10.0,28.0,53.0,41.0,3.0,-15.0,-14.0,-15.0,-16.0,-24.0,-38.0,-45.0,-42.0,-38.0,-37.0,-32.0,-28.0,-28.0,-26.0,-22.0,-18.0,-16.0,-17.0,-18.0,-19.0,-22.0,-23.0,-22.0
-18.0,-15.0,-9.0,-4.0,-2.0,-3.0,-4.0,-2.0,1.0,1.0,0.0,2.0,5.0,3.0,1.0,6.0,6.0,0.0,-1.0,-2.0,-4.0,-4.0,-6.0,-10.0,-11.0,-7.0,-4.0,-4.0,-1.0,4.0,6.0,5.0,-1.0,0.0,14.0,18.0,13.0,10.0,7.0,12.0,21.0,19.0,10.0,2.0,-2.0,1.0,3.0,-2.0,-8.0,-2.0,18.0,40.0,35.0,-27.0,-70.0,-30.0,14.0,22.0,18.0,19.0,118.0,256.0,193.0,33.0,-9.0,1.0,-11.0,-46.0,-120.0,-216.0,-182.0,-30.0,6.0,-7.0,16.0,21.0,89.0,94.0,-58.0,-120.0,-8.0,110.0,108.0,42.0,20.0,6.0,-17.0,-7.0,19.0,5.0,-30.0,-26.0,-3.0,9.0,7.0,-2.0,-5.0,0.0,4.0,1.0,-3.0,-3.0,5.0,10.0,7.0,16.0,38.0,55.0,58.0,45.0,27.0,21.0,20.0,15.0,7.0,9.0,18.0,31.0,52.0,34.0,-19.0,-52.0,-61.0,-45.0,27.0,123.0,121.0,32.0,-37.0,-3.0,112.0,138.0,101.0,83.0,38.0,15.0,22.0,-40.0,-168.0,-238.0,-150.0,-9.0,27.0,15.0,26.0,23.0,-1.0,-7.0,6.0,14.0,16.0,6.0,-7.0,-5.0,1.0,0.0,1.0,1.0,1.0,6.0,5.0,5.0,19.0,39.0,33.0,-10.0,-35.0,-11.0,2.0,-7.0,3.0,8.0,-7.0,-11.0,12.0,41.0,39.0,5.0,-29.0,-43.0,-38.0,-29.0,-25.0,-27.0,-36.0,-46.0,-50.0,-46.0,-41.0,-39.0,-33.0,-28.0,-28.0,-27.0,-24.0,-21.0,-21.0,-21.0,-21.0,-22.0
-6.0,-5.0,-3.0,1.0,4.0,2.0,1.0,3.0,5.0,6.0,5.0,5.0,5.0,2.0,3.0,9.0,7.0,-3.0,-7.0,-6.0,-3.0,1.0,-2.0,-8.0,-10.0,-7.0,-2.0,0.0,1.0,3.0,3.0,0.0,-4.0,3.0,19.0,21.0,12.0,5.0,0.0,3.0,15.0,19.0,11.0,0.0,-8.0,-4.0,4.0,2.0,-9.0,-13.0,4.0,27.0,51.0,16.0,-61.0,-46.0,4.0,16.0,21.0,20.0,48.0,193.0,287.0,136.0,-6.0,-5.0,0.0,-23.0,-24.0,-9.0,-45.0,-30.0,93.0,158.0,115.0,60.0,21.0,-22.0,-20.0,55.0,124.0,138.0,88.0,-7.0,-20.0,49.0,82.0,62.0,9.0,-42.0,-47.0,-20.0,1.0,7.0,3.0,-6.0,-18.0,-10.0,10.0,7.0,-7.0,-23.0,-29.0,-15.0,-10.0,-12.0,8.0,33.0,41.0,45.0,43.0,37.0,26.0,1.0,-8.0,14.0,24.0,0.0,-14.0,0.0,-9.0,-26.0,-5.0,4.0,8.0,81.0,164.0,160.0,100.0,114.0,226.0,251.0,143.0,17.0,-16.0,36.0,-1.0,-88.0,-124.0,-68.0,56.0,72.0,21.0,14.0,14.0,0.0,-14.0,2.0,27.0,26.0,23.0,18.0,1.0,-11.0,-9.0,0.0,5.0,3.0,3.0,8.0,6.0,2.0,4.0,22.0,32.0,0.0,-43.0,-31.0,16.0,18.0,5.0,1.0,-13.0,-17.0,-5.0,19.0,51.0,57.0,22.0,-20.0,-50.0,-57.0,-42.0,-21.0,-7.0,-10.0,-23.0,-37.0,-45.0,-43.0,-39.0,-40.0,-41.0,-35.0,-27.0,-24.0,-24.0,-22.0,-19.0,-18.0
2.0,2.0,2.0,1.0,0.0,0.0,1.0,3.0,3.0,1.0,1.0,2.0,2.0,5.0,11.0,13.0,6.0,-5.0,-10.0,-9.0,-5.0,1.0,3.0,-2.0,-8.0,-8.0,-3.0,2.0,4.0,5.0,6.0,3.0,-1.0,4.0,17.0,20.0,10.0,2.0,-1.0,2.0,11.0,14.0,7.0,0.0,-3.0,-2.0,1.0,1.0,-3.0,-8.0,0.0,20.0,40.0,32.0,-27.0,-55.0,-14.0,18.0,22.0,17.0,13.0,92.0,254.0,245.0,59.0,-22.0,-1.0,27.0,50.0,49.0,-22.0,-116.0,-68.0,59.0,123.0,102.0,-12.0,-89.0,8.0,132.0,119.0,50.0,27.0,20.0,29.0,70.0,99.0,61.0,-21.0,-41.0,-17.0,-3.0,4.0,-8.0,-23.0,-27.0,-32.0,-27.0,-20.0,-22.0,-13.0,-11.0,-31.0,-37.0,-22.0,-17.0,-27.0,-38.0,-37.0,-17.0,11.0,33.0,49.0,60.0,71.0,70.0,45.0,12.0,-16.0,-12.0,23.0,58.0,84.0,134.0,146.0,77.0,98.0,176.0,197.0,195.0,174.0,134.0,76.0,48.0,64.0,59.0,-24.0,-125.0,-152.0,-28.0,133.0,100.0,15.0,14.0,15.0,-6.0,-25.0,4.0,48.0,38.0,16.0,20.0,10.0,-6.0,-1.0,8.0,9.0,10.0,12.0,9.0,7.0,5.0,-2.0,14.0,37.0,18.0,-38.0,-50.0,7.0,24.0,1.0,-1.0,1.0,2.0,6.0,3.0,14.0,55.0,85.0,75.0,30.0,-31.0,-80.0,-96.0,-71.0,-22.0,8.0,-1.0,-21.0,-30.0,-38.0,-46.0,-44.0,-39.0,-37.0,-32.0,-25.0,-21.0,-19.0,-18.0
2.0,3.0,3.0,1.0,-1.0,-3.0,-2.0,3.0,5.0,3.0,2.0,1.0,3.0,11.0,16.0,13.0,2.0,-10.0,-10.0,-5.0,-3.0,0.0,1.0,-2.0,-4.0,-3.0,0.0,2.0,2.0,3.0,6.0,9.0,8.0,3.0,8.0,20.0,17.0,7.0,2.0,-1.0,0.0,6.0,10.0,7.0,0.0,-4.0,-2.0,2.0,5.0,1.0,-3.0,6.0,14.0,20.0,-18.0,-80.0,-53.0,5.0,20.0,15.0,1.0,12.0,148.0,313.0,233.0,39.0,-15.0,7.0,-4.0,-39.0,-92.0,-192.0,-217.0,-104.0,10.0,31.0,-2.0,-39.0,-48.0,12.0,43.0,7.0,-22.0,-15.0,16.0,31.0,47.0,41.0,-4.0,-19.0,-3.0,-12.0,-39.0,-49.0,-33.0,-12.0,-8.0,-18.0,-34.0,-42.0,-36.0,-8.0,13.0,-4.0,-37.0,-62.0,-77.0,-75.0,-70.0,-78.0,-53.0,-10.0,15.0,29.0,31.0,22.0,-9.0,-41.0,-40.0,-8.0,41.0,52.0,50.0,102.0,114.0,59.0,40.0,81.0,123.0,102.0,38.0,-7.0,0.0,47.0,11.0,-75.0,-94.0,-109.0,-68.0,79.0,149.0,77.0,26.0,28.0,12.0,-30.0,-38.0,29.0,79.0,47.0,10.0,23.0,18.0,-5.0,-3.0,4.0,9.0,14.0,15.0,13.0,9.0,3.0,0.0,10.0,33.0,34.0,-11.0,-56.0,-34.0,11.0,9.0,4.0,14.0,10.0,1.0,-9.0,-23.0,-14.0,26.0,60.0,62.0,31.0,-25.0,-87.0,-125.0,-122.0,-79.0,-25.0,-6.0,-17.0,-25.0,-28.0,-35.0,-45.0,-47.0,-41.0,-37.0,-35.0,-33.0,-32.0
8.0,9.0,8.0,5.0,5.0,6.0,5.0,4.0,4.0,5.0,7.0,8.0,8.0,11.0,18.0,17.0,2.0,-10.0,-9.0,-3.0,2.0,4.0,3.0,2.0,2.0,1.0,0.0,-1.0,-1.0,2.0,5.0,8.0,8.0,3.0,11.0,29.0,25.0,7.0,-1.0,-2.0,1.0,9.0,15.0,8.0,-9.0,-16.0,-7.0,5.0,10.0,0.0,-13.0,-6.0,9.0,16.0,0.0,-63.0,-95.0,-41.0,8.0,20.0,20.0,11.0,52.0,224.0,337.0,191.0,15.0,-32.0,-13.0,14.0,-6.0,-59.0,-136.0,-155.0,-59.0,21.0,67.0,116.0,110.0,86.0,55.0,0.0,-55.0,-58.0,20.0,65.0,30.0,-19.0,-23.0,4.0,15.0,0.0,-33.0,-39.0,-20.0,-5.0,8.0,-8.0,-33.0,-27.0,-31.0,-31.0,-3.0,1.0,-16.0,-36.0,-65.0,-75.0,-80.0,-99.0,-96.0,-72.0,-56.0,-61.0,-68.0,-59.0,-62.0,-68.0,-40.0,-4.0,27.0,24.0,-34.0,-40.0,10.0,3.0,-23.0,-5.0,-59.0,-139.0,-81.0,11.0,36.0,-13.0,-108.0,-156.0,-136.0,-95.0,18.0,159.0,134.0,43.0,35.0,37.0,-5.0,-71.0,-53.0,51.0,89.0,46.0,3.0,3.0,17.0,5.0,-7.0,-1.0,11.0,12.0,6.0,5.0,4.0,1.0,1.0,5.0,28.0,47.0,20.0,-42.0,-61.0,-13.0,8.0,-3.0,-4.0,-6.0,-9.0,-16.0,-29.0,-26.0,-7.0,6.0,18.0,30.0,31.0,13.0,-34.0,-94.0,-119.0,-90.0,-43.0,-13.0,-4.0,-9.0,-20.0,-31.0,-40.0,-44.0,-43.0,-44.0,-44.0,-42.0
12.0,12.0,11.0,8.0,5.0,4.0,5.0,7.0,8.0,7.0,8.0,12.0,12.0,11.0,23.0,26.0,2.0,-12.0,-8.0,-1.0,7.0,8.0,6.0,7.0,8.0,7.0,2.0,-4.0,-5.0,-1.0,4.0,5.0,3.0,2.0,14.0,35.0,33.0,12.0,0.0,-1.0,2.0,7.0,9.0,2.0,-11.0,-19.0,-12.0,2.0,8.0,-1.0,-13.0,-1.0,21.0,22.0,23.0,-11.0,-81.0,-74.0,-18.0,14.0,30.0,23.0,8.0,75.0,262.0,326.0,149.0,-1.0,-26.0,-39.0,-48.0,-20.0,-40.0,-114.0,-142.0,-130.0,-62.0,83.0,185.0,131.0,24.0,-13.0,22.0,54.0,49.0,27.0,-26.0,-38.0,27.0,56.0,16.0,9.0,28.0,14.0,-26.0,-48.0,-27.0,-1.0,8.0,14.0,25.0,25.0,16.0,-6.0,-21.0,-5.0,-8.0,-53.0,-69.0,-48.0,-67.0,-98.0,-94.0,-93.0,-103.0,-100.0,-78.0,-41.0,-7.0,5.0,28.0,59.0,23.0,-32.0,5.0,17.0,-62.0,-71.0,-45.0,-40.0,-2.0,32.0,-1.0,-60.0,-43.0,-24.0,-70.0,-67.0,78.0,192.0,117.0,43.0,40.0,19.0,-30.0,-72.0,-32.0,45.0,56.0,13.0,-30.0,-30.0,9.0,18.0,2.0,1.0,7.0,9.0,7.0,4.0,1.0,2.0,4.0,4.0,19.0,40.0,29.0,-20.0,-51.0,-23.0,3.0,-4.0,-10.0,-6.0,0.0,-6.0,-28.0,-38.0,-24.0,-17.0,-18.0,-11.0,7.0,33.0,35.0,2.0,-43.0,-74.0,-69.0,-45.0,-26.0,-15.0,-18.0,-33.0,-52.0,-68.0,-74.0,-71.0,-66.0,-64.0
12.0,13.0,13.0,9.0,3.0,0.0,5.0,12.0,12.0,8.0,6.0,7.0,9.0,11.0,23.0,22.0,-10.0,-23.0,-11.0,-1.0,6.0,7.0,8.0,10.0,10.0,10.0,7.0,1.0,-3.0,-4.0,-2.0,0.0,-3.0,-6.0,3.0,28.0,47.0,38.0,17.0,6.0,3.0,2.0,1.0,-3.0,-10.0,-15.0,-12.0,-6.0,-1.0,1.0,-5.0,0.0,18.0,22.0,20.0,17.0,-35.0,-84.0,-44.0,7.0,20.0,21.0,11.0,11.0,114.0,312.0,337.0,151.0,4.0,-60.0,-86.0,-81.0,-52.0,-85.0,-210.0,-260.0,-209.0,-122.0,-48.0,-32.0,-19.0,-25.0,-67.0,-95.0,-78.0,-23.0,3.0,36.0,51.0,5.0,-23.0,-22.0,-4.0,-11.0,-59.0,-97.0,-84.0,-14.0,34.0,27.0,37.0,31.0,-26.0,-48.0,-24.0,-3.0,-4.0,-18.0,-12.0,-6.0,-44.0,-83.0,-73.0,-53.0,-77.0,-113.0,-94.0,-50.0,-45.0,-24.0,15.0,18.0,42.0,40.0,19.0,29.0,5.0,-15.0,37.0,101.0,56.0,-52.0,-145.0,-169.0,-79.0,-23.0,-57.0,6.0,164.0,174.0,74.0,40.0,31.0,-7.0,-68.0,-69.0,13.0,57.0,34.0,-10.0,-37.0,-30.0,-5.0,9.0,6.0,1.0,-3.0,1.0,7.0,6.0,3.0,4.0,6.0,5.0,13.0,26.0,18.0,-12.0,-42.0,-36.0,-7.0,-1.0,-7.0,-9.0,-11.0,-15.0,-25.0,-39.0,-37.0,-24.0,-24.0,-26.0,-22.0,-10.0,11.0,19.0,6.0,-14.0,-37.0,-62.0,-70.0,-50.0,-20.0,-10.0,-37.0,-84.0,-117.0,-126.0,-131.0,-136.0
6.0,8.0,12.0,11.0,5.0,4.0,11.0,17.0,13.0,4.0,1.0,4.0,9.0,15.0,24.0,17.0,-14.0,-24.0,-8.0,2.0,5.0,7.0,10.0,10.0,6.0,6.0,7.0,3.0,-1.0,-3.0,-3.0,-1.0,-2.0,-7.0,-9.0,8.0,37.0,42.0,26.0,16.0,12.0,8.0,5.0,1.0,-7.0,-13.0,-12.0,-6.0,3.0,13.0,14.0,6.0,8.0,16.0,17.0,24.0,8.0,-58.0,-81.0,-32.0,3.0,13.0,17.0,12.0,25.0,152.0,352.0,353.0,161.0,34.0,-12.0,-57.0,-80.0,-99.0,-106.0,-107.0,-149.0,-176.0,-177.0,-112.0,-9.0,5.0,-45.0,-76.0,-20.0,30.0,-14.0,-11.0,21.0,7.0,9.0,-6.0,-22.0,-18.0,-37.0,-48.0,-18.0,20.0,34.0,25.0,8.0,-24.0,-72.0,-66.0,-30.0,-31.0,-28.0,4.0,16.0,-4.0,-23.0,-41.0,-59.0,-46.0,-21.0,-24.0,-17.0,23.0,13.0,-39.0,-56.0,-30.0,30.0,35.0,-6.0,4.0,38.0,39.0,30.0,23.0,-30.0,-110.0,-162.0,-161.0,-104.0,-73.0,-55.0,98.0,230.0,142.0,36.0,22.0,12.0,-33.0,-93.0,-62.0,35.0,64.0,19.0,-18.0,-13.0,-11.0,-18.0,-4.0,11.0,12.0,6.0,3.0,1.0,-2.0,1.0,3.0,3.0,5.0,7.0,11.0,11.0,-1.0,-31.0,-42.0,-12.0,2.0,-8.0,-20.0,-32.0,-27.0,-9.0,-8.0,-19.0,-15.0,-12.0,-19.0,-22.0,-27.0,-23.0,-2.0,9.0,2.0,-13.0,-33.0,-57.0,-70.0,-44.0,3.0,25.0,17.0,-14.0,-60.0,-99.0,-114.0
8.0,9.0,10.0,9.0,7.0,6.0,11.0,19.0,16.0,6.0,4.0,8.0,13.0,25.0,36.0,20.0,-10.0,-16.0,-3.0,5.0,7.0,8.0,6.0,3.0,2.0,4.0,5.0,3.0,-1.0,-5.0,-3.0,1.0,2.0,-2.0,-9.0,-5.0,16.0,34.0,33.0,20.0,7.0,7.0,16.0,16.0,4.0,-8.0,-8.0,0.0,5.0,11.0,16.0,10.0,4.0,8.0,10.0,7.0,16.0,-14.0,-80.0,-72.0,-19.0,10.0,21.0,20.0,17.0,34.0,165.0,362.0,349.0,150.0,27.0,-15.0,-48.0,-21.0,37.0,-14.0,-118.0,-146.0,-137.0,-70.0,19.0,35.0,40.0,67.0,72.0,64.0,59.0,37.0,35.0,66.0,79.0,59.0,35.0,20.0,28.0,58.0,54.0,4.0,-29.0,-18.0,-25.0,-40.0,-23.0,-26.0,-55.0,-63.0,-33.0,28.0,51.0,16.0,12.0,36.0,3.0,-56.0,-30.0,36.0,48.0,53.0,67.0,9.0,-63.0,-35.0,7.0,-33.0,-89.0,-67.0,-24.0,3.0,38.0,45.0,0.0,-83.0,-113.0,-70.0,-53.0,-72.0,40.0,235.0,227.0,88.0,30.0,25.0,3.0,-60.0,-91.0,-36.0,23.0,38.0,7.0,-17.0,-1.0,-6.0,-21.0,0.0,28.0,28.0,9.0,-4.0,-5.0,-1.0,4.0,4.0,2.0,1.0,1.0,10.0,19.0,13.0,-18.0,-44.0,-23.0,5.0,4.0,-15.0,-29.0,-17.0,5.0,5.0,-16.0,-23.0,-15.0,-13.0,-6.0,1.0,-7.0,-14.0,-16.0,-19.0,-16.0,-10.0,-14.0,-35.0,-58.0,-51.0,-9.0,40.0,63.0,52.0,29.0,18.0
10.0,11.0,10.0,5.0,2.0,2.0,3.0,5.0,6.0,6.0,5.0,7.0,13.0,25.0,32.0,11.0,-13.0,-13.0,-3.0,4.0,7.0,9.0,7.0,3.0,4.0,4.0,4.0,7.0,4.0,0.0,2.0,4.0,3.0,1.0,-2.0,-3.0,9.0,30.0,36.0,22.0,5.0,1.0,12.0,21.0,13.0,-4.0,-12.0,-11.0,-8.0,-2.0,3.0,4.0,4.0,7.0,6.0,-3.0,0.0,10.0,-30.0,-82.0,-56.0,-7.0,11.0,18.0,17.0,11.0,35.0,172.0,356.0,338.0,150.0,40.0,22.0,22.0,-18.0,-71.0,-41.0,1.0,10.0,-1.0,4.0,33.0,49.0,80.0,61.0,52.0,92.0,71.0,71.0,88.0,52.0,19.0,-23.0,-45.0,29.0,88.0,40.0,-16.0,-23.0,-17.0,-36.0,-35.0,15.0,19.0,-11.0,-9.0,-18.0,17.0,88.0,71.0,69.0,120.0,79.0,1.0,18.0,88.0,100.0,48.0,29.0,41.0,49.0,24.0,-39.0,-15.0,19.0,-42.0,-51.0,26.0,72.0,36.0,-47.0,-113.0,-102.0,-61.0,-72.0,-11.0,194.0,283.0,153.0,46.0,37.0,30.0,-18.0,-86.0,-73.0,5.0,33.0,20.0,2.0,-7.0,4.0,2.0,-12.0,-2.0,18.0,13.0,-7.0,-15.0,-9.0,-1.0,3.0,6.0,8.0,6.0,1.0,4.0,13.0,12.0,-10.0,-43.0,-36.0,4.0,16.0,-1.0,-12.0,-3.0,8.0,1.0,-17.0,-24.0,-13.0,0.0,4.0,5.0,3.0,-2.0,-7.0,-15.0,-19.0,-13.0,-8.0,-14.0,-33.0,-51.0,-51.0,-32.0,4.0,39.0,56.0,60.0
6.0,4.0,2.0,1.0,-1.0,-1.0,-2.0,-5.0,0.0,10.0,13.0,11.0,14.0,24.0,19.0,-7.0,-22.0,-16.0,-6.0,-1.0,2.0,7.0,9.0,6.0,5.0,5.0,5.0,6.0,5.0,5.0,6.0,6.0,6.0,3.0,-6.0,-13.0,-7.0,10.0,23.0,22.0,12.0,6.0,11.0,18.0,15.0,-1.0,-16.0,-17.0,-11.0,-5.0,1.0,5.0,8.0,11.0,6.0,0.0,0.0,9.0,4.0,-54.0,-85.0,-40.0,-1.0,12.0,20.0,22.0,21.0,42.0,172.0,363.0,366.0,183.0,52.0,22.0,13.0,28.0,57.0,53.0,63.0,37.0,-36.0,-23.0,83.0,173.0,109.0,-21.0,-30.0,28.0,38.0,4.0,-3.0,8.0,-23.0,-42.0,1.0,23.0,3.0,4.0,-3.0,-44.0,-47.0,5.0,32.0,44.0,63.0,43.0,-9.0,-13.0,34.0,33.0,33.0,64.0,64.0,80.0,89.0,61.0,46.0,2.0,-32.0,41.0,91.0,29.0,-29.0,-21.0,29.0,38.0,24.0,39.0,30.0,-56.0,-172.0,-167.0,-99.0,-94.0,-50.0,159.0,322.0,213.0,57.0,29.0,36.0,11.0,-60.0,-100.0,-39.0,31.0,40.0,15.0,-4.0,0.0,8.0,3.0,-7.0,-7.0,-4.0,-5.0,-8.0,-11.0,-10.0,-6.0,1.0,12.0,18.0,14.0,5.0,0.0,6.0,14.0,5.0,-35.0,-55.0,-20.0,4.0,0.0,-2.0,0.0,2.0,-2.0,-11.0,-18.0,-12.0,4.0,8.0,0.0,-4.0,-1.0,4.0,1.0,-10.0,-17.0,-18.0,-16.0,-17.0,-26.0,-33.0,-32.0,-22.0,-6.0,8.0,14.0
4.0,3.0,2.0,1.0,-1.0,-1.0,-1.0,0.0,8.0,18.0,22.0,18.0,16.0,27.0,23.0,-9.0,-26.0,-17.0,-6.0,-2.0,0.0,6.0,10.0,8.0,5.0,5.0,4.0,0.0,-2.0,-4.0,-6.0,-3.0,1.0,-2.0,-12.0,-19.0,-13.0,6.0,25.0,30.0,22.0,11.0,7.0,10.0,11.0,2.0,-10.0,-11.0,-7.0,-1.0,7.0,5.0,1.0,7.0,8.0,1.0,-4.0,-6.0,10.0,-2.0,-63.0,-70.0,-22.0,7.0,20.0,27.0,26.0,25.0,49.0,175.0,367.0,393.0,209.0,26.0,-19.0,12.0,-11.0,-58.0,-45.0,-31.0,-90.0,-126.0,-68.0,-9.0,-9.0,-28.0,22.0,55.0,3.0,-1.0,58.0,83.0,67.0,66.0,37.0,-30.0,-45.0,-11.0,-30.0,-69.0,-16.0,46.0,14.0,-20.0,2.0,-8.0,-17.0,-12.0,-40.0,-42.0,-36.0,-52.0,-19.0,50.0,49.0,0.0,0.0,14.0,-1.0,37.0,60.0,43.0,69.0,34.0,-11.0,41.0,81.0,20.0,-59.0,-96.0,-113.0,-87.0,-77.0,-54.0,131.0,330.0,278.0,104.0,38.0,42.0,29.0,-24.0,-99.0,-89.0,1.0,34.0,24.0,12.0,-1.0,6.0,8.0,-5.0,-12.0,-8.0,-3.0,3.0,6.0,-6.0,-14.0,-7.0,3.0,12.0,14.0,10.0,9.0,8.0,9.0,12.0,7.0,-28.0,-63.0,-35.0,3.0,7.0,3.0,-4.0,-6.0,-4.0,-10.0,-19.0,-16.0,-2.0,7.0,6.0,2.0,1.0,4.0,2.0,-2.0,-3.0,-6.0,-7.0,-11.0,-24.0,-33.0,-31.0,-25.0,-14.0,-4.0,-2.0
4.0,4.0,4.0,3.0,2.0,2.0,1.0,2.0,8.0,15.0,18.0,21.0,28.0,34.0,20.0,-11.0,-19.0,-8.0,-2.0,3.0,5.0,5.0,8.0,10.0,9.0,5.0,-1.0,-5.0,-4.0,-3.0,-7.0,-9.0,-7.0,-7.0,-8.0,-9.0,-8.0,2.0,18.0,27.0,24.0,14.0,6.0,6.0,9.0,6.0,-4.0,-10.0,-5.0,3.0,8.0,7.0,2.0,8.0,16.0,5.0,-10.0,-12.0,-3.0,17.0,-7.0,-71.0,-69.0,-22.0,4.0,17.0,23.0,25.0,26.0,46.0,165.0,362.0,427.0,250.0,23.0,-46.0,-35.0,-63.0,-89.0,-71.0,-17.0,26.0,-6.0,-38.0,9.0,83.0,99.0,52.0,59.0,120.0,119.0,77.0,97.0,126.0,82.0,20.0,-8.0,-7.0,-23.0,-13.0,62.0,66.0,-15.0,-55.0,-46.0,-39.0,-18.0,-35.0,-82.0,-35.0,7.0,-34.0,-54.0,-42.0,-14.0,34.0,48.0,40.0,6.0,-59.0,-27.0,89.0,109.0,41.0,28.0,84.0,56.0,-58.0,-119.0,-123.0,-82.0,-73.0,-67.0,112.0,343.0,328.0,141.0,51.0,53.0,40.0,-4.0,-80.0,-114.0,-41.0,25.0,23.0,16.0,13.0,0.0,-7.0,-6.0,-8.0,-13.0,-14.0,-6.0,7.0,12.0,-2.0,-11.0,-5.0,-2.0,3.0,9.0,9.0,4.0,-2.0,1.0,8.0,8.0,-12.0,-42.0,-32.0,3.0,13.0,5.0,-2.0,-4.0,-6.0,-11.0,-15.0,-14.0,-8.0,0.0,5.0,7.0,5.0,-3.0,-9.0,-6.0,1.0,3.0,0.0,-5.0,-13.0,-24.0,-33.0,-32.0,-19.0,-6.0,-2.0
8.0,6.0,5.0,7.0,7.0,4.0,0.0,-2.0,1.0,6.0,8.0,14.0,29.0,33.0,8.0,-19.0,-19.0,-8.0,0.0,6.0,6.0,4.0,7.0,12.0,12.0,5.0,-2.0,-3.0,-1.0,-2.0,-7.0,-10.0,-9.0,-8.0,-8.0,-9.0,-10.0,-5.0,6.0,15.0,17.0,13.0,8.0,6.0,7.0,7.0,0.0,-10.0,-10.0,-7.0,-4.0,7.0,13.0,11.0,9.0,-2.0,-18.0,-18.0,-10.0,7.0,23.0,-24.0,-91.0,-80.0,-31.0,-2.0,14.0,19.0,19.0,24.0,43.0,141.0,340.0,467.0,367.0,152.0,21.0,-27.0,-77.0,-102.0,-23.0,102.0,131.0,72.0,33.0,61.0,91.0,75.0,55.0,75.0,96.0,90.0,63.0,6.0,-33.0,-9.0,29.0,23.0,20.0,55.0,50.0,-22.0,-31.0,17.0,32.0,55.0,70.0,32.0,-27.0,-15.0,11.0,-15.0,12.0,49.0,64.0,87.0,51.0,11.0,21.0,-10.0,-3.0,44.0,19.0,10.0,19.0,19.0,-51.0,-163.0,-198.0,-185.0,-142.0,-79.0,98.0,349.0,376.0,191.0,68.0,54.0,46.0,13.0,-56.0,-130.0,-98.0,-5.0,18.0,6.0,10.0,10.0,3.0,0.0,-3.0,-7.0,-11.0,-12.0,-6.0,3.0,11.0,9.0,-2.0,-8.0,-4.0,2.0,6.0,5.0,-2.0,-6.0,-2.0,6.0,8.0,0.0,-23.0,-35.0,-11.0,12.0,13.0,4.0,-5.0,-10.0,-13.0,-15.0,-16.0,-15.0,-12.0,-6.0,2.0,3.0,-4.0,-7.0,-7.0,-5.0,3.0,7.0,4.0,0.0,-8.0,-20.0,-25.0,-19.0,-7.0,0.0
8.0,5.0,2.0,2.0,-1.0,-5.0,-4.0,-1.0,1.0,3.0,6.0,13.0,25.0,27.0,5.0,-16.0,-16.0,-7.0,3.0,9.0,12.0,14.0,14.0,13.0,8.0,2.0,-1.0,-2.0,-2.0,-5.0,-9.0,-10.0,-10.0,-10.0,-12.0,-13.0,-9.0,-1.0,8.0,14.0,13.0,6.0,3.0,4.0,4.0,3.0,-5.0,-15.0,-19.0,-19.0,-11.0,6.0,19.0,15.0,7.0,2.0,-11.0,-19.0,-11.0,-3.0,12.0,21.0,-31.0,-95.0,-82.0,-29.0,0.0,12.0,20.0,20.0,15.0,20.0,90.0,276.0,463.0,456.0,265.0,83.0,-7.0,-53.0,-95.0,-158.0,-151.0,-84.0,-68.0,-39.0,63.0,126.0,25.0,-59.0,-23.0,18.0,55.0,62.0,31.0,6.0,9.0,27.0,61.0,65.0,-26.0,-95.0,-34.0,20.0,52.0,130.0,129.0,39.0,-1.0,52.0,69.0,31.0,50.0,91.0,74.0,-9.0,-41.0,-1.0,19.0,60.0,101.0,108.0,156.0,186.0,60.0,-121.0,-192.0,-207.0,-205.0,-175.0,-117.0,88.0,363.0,392.0,201.0,68.0,43.0,40.0,22.0,-27.0,-105.0,-116.0,-33.0,18.0,15.0,12.0,11.0,6.0,7.0,12.0,2.0,-8.0,-8.0,-5.0,0.0,5.0,9.0,6.0,-5.0,-9.0,0.0,5.0,4.0,3.0,-1.0,-6.0,-6.0,-5.0,-5.0,-2.0,-14.0,-27.0,-8.0,8.0,1.0,-4.0,-5.0,-8.0,-12.0,-15.0,-17.0,-18.0,-14.0,-3.0,6.0,4.0,1.0,4.0,2.0,-2.0,2.0,6.0,5.0,2.0,-2.0,-4.0,-8.0,-14.0,-9.0,-2.0
6.0,3.0,-3.0,-6.0,-6.0,-6.0,-2.0,3.0,2.0,3.0,9.0,14.0,20.0,18.0,0.0,-12.0,-6.0,2.0,4.0,7.0,13.0,14.0,10.0,8.0,8.0,8.0,7.0,4.0,0.0,-3.0,-6.0,-9.0,-8.0,-6.0,-9.0,-13.0,-14.0,-11.0,-1.0,9.0,13.0,12.0,8.0,6.0,6.0,4.0,-5.0,-14.0,-13.0,-11.0,-13.0,-6.0,11.0,21.0,19.0,13.0,2.0,-15.0,-20.0,-14.0,-13.0,8.0,33.0,-12.0,-82.0,-76.0,-29.0,-2.0,13.0,22.0,22.0,17.0,15.0,47.0,186.0,395.0,492.0,388.0,184.0,40.0,-53.0,-161.0,-215.0,-148.0,-80.0,-97.0,-67.0,21.0,28.0,-47.0,-63.0,-23.0,32.0,122.0,135.0,35.0,-38.0,-20.0,40.0,59.0,24.0,11.0,-20.0,-57.0,-18.0,12.0,-12.0,-21.0,1.0,28.0,78.0,97.0,1.0,-93.0,-131.0,-155.0,-105.0,-37.0,-8.0,59.0,98.0,96.0,94.0,0.0,-132.0,-205.0,-186.0,-138.0,-135.0,-86.0,124.0,396.0,417.0,204.0,56.0,30.0,42.0,34.0,-19.0,-100.0,-128.0,-57.0,13.0,24.0,25.0,27.0,19.0,13.0,6.0,-4.0,-10.0,-8.0,-2.0,-4.0,-5.0,-2.0,-9.0,-13.0,-3.0,5.0,1.0,-4.0,-1.0,4.0,1.0,-10.0,-15.0,-11.0,-5.0,-2.0,-20.0,-43.0,-23.0,2.0,-5.0,-6.0,-2.0,-7.0,-6.0,-1.0,-5.0,-8.0,-2.0,4.0,7.0,5.0,0.0,0.0,2.0,0.0,-2.0,-1.0,-1.0,-2.0,1.0,2.0,-4.0,-12.0,-15.0,-14.0
8.0,8.0,4.0,-1.0,-1.0,-1.0,0.0,4.0,3.0,1.0,3.0,5.0,11.0,9.0,-7.0,-14.0,-8.0,-1.0,3.0,4.0,7.0,10.0,7.0,5.0,7.0,8.0,8.0,6.0,1.0,-2.0,-2.0,-3.0,-4.0,-3.0,-3.0,-7.0,-13.0,-14.0,-3.0,11.0,17.0,15.0,7.0,3.0,6.0,7.0,1.0,-9.0,-11.0,-9.0,-14.0,-15.0,-1.0,23.0,35.0,27.0,11.0,-10.0,-25.0,-23.0,-17.0,-11.0,17.0,43.0,-8.0,-90.0,-85.0,-29.0,3.0,16.0,23.0,28.0,26.0,19.0,22.0,93.0,279.0,460.0,476.0,319.0,116.0,19.0,-31.0,-73.0,-76.0,-127.0,-174.0,-120.0,39.0,102.0,19.0,-37.0,-47.0,10.0,67.0,77.0,67.0,-4.0,-93.0,-106.0,-35.0,56.0,57.0,-15.0,-75.0,-126.0,-120.0,-52.0,-23.0,-59.0,-29.0,51.0,2.0,-109.0,-145.0,-73.0,-7.0,-33.0,15.0,95.0,55.0,-56.0,-168.0,-234.0,-220.0,-162.0,-119.0,-94.0,-21.0,208.0,461.0,447.0,226.0,79.0,49.0,51.0,47.0,0.0,-84.0,-134.0,-88.0,-11.0,12.0,17.0,33.0,37.0,27.0,16.0,7.0,-2.0,-6.0,-2.0,5.0,-2.0,-12.0,-12.0,-15.0,-10.0,4.0,8.0,-3.0,-12.0,-7.0,0.0,-2.0,-9.0,-9.0,-3.0,2.0,4.0,-11.0,-40.0,-32.0,5.0,12.0,0.0,-6.0,-7.0,-4.0,0.0,2.0,2.0,2.0,0.0,-1.0,3.0,4.0,-1.0,-5.0,-8.0,-10.0,-8.0,-5.0,-1.0,5.0,6.0,0.0,-8.0,-16.0,-20.0
8.0,8.0,5.0,2.0,2.0,1.0,1.0,3.0,2.0,0.0,3.0,12.0,23.0,16.0,-7.0,-17.0,-13.0,-5.0,2.0,6.0,11.0,15.0,14.0,11.0,9.0,3.0,-3.0,-1.0,3.0,4.0,4.0,2.0,-2.0,-4.0,-3.0,-4.0,-6.0,-4.0,2.0,13.0,20.0,16.0,9.0,7.0,9.0,9.0,3.0,-8.0,-14.0,-8.0,3.0,6.0,8.0,25.0,45.0,51.0,38.0,8.0,-15.0,-15.0,-10.0,-13.0,-11.0,16.0,43.0,-2.0,-83.0,-91.0,-40.0,-2.0,11.0,18.0,21.0,22.0,20.0,12.0,35.0,162.0,371.0,495.0,447.0,283.0,112.0,-27.0,-100.0,-84.0,-110.0,-151.0,-81.0,27.0,35.0,6.0,53.0,75.0,91.0,191.0,183.0,49.0,-31.0,-83.0,-89.0,-34.0,12.0,20.0,-26.0,-52.0,-24.0,-37.0,-46.0,16.0,34.0,31.0,83.0,130.0,176.0,205.0,157.0,76.0,25.0,-51.0,-171.0,-218.0,-185.0,-143.0,-102.0,-86.0,-69.0,77.0,354.0,537.0,447.0,210.0,75.0,57.0,58.0,48.0,5.0,-67.0,-121.0,-95.0,-15.0,24.0,25.0,26.0,23.0,22.0,21.0,11.0,4.0,3.0,1.0,2.0,6.0,2.0,-7.0,-9.0,-4.0,7.0,14.0,8.0,-4.0,-11.0,-11.0,-6.0,-2.0,-2.0,1.0,5.0,7.0,6.0,0.0,-19.0,-25.0,7.0,22.0,4.0,-4.0,1.0,1.0,-2.0,2.0,3.0,-3.0,-4.0,0.0,4.0,9.0,7.0,-3.0,-8.0,-8.0,-6.0,0.0,4.0,1.0,0.0,4.0,3.0,-5.0,-10.0
4.0,2.0,-2.0,-4.0,-1.0,3.0,2.0,0.0,2.0,6.0,15.0,30.0,37.0,20.0,-7.0,-18.0,-15.0,-7.0,2.0,10.0,14.0,14.0,15.0,16.0,15.0,9.0,1.0,0.0,3.0,4.0,2.0,-2.0,-4.0,-3.0,-1.0,-3.0,-8.0,-11.0,-11.0,-2.0,11.0,14.0,11.0,12.0,13.0,9.0,2.0,-7.0,-11.0,-2.0,10.0,11.0,6.0,7.0,20.0,37.0,39.0,18.0,-9.0,-20.0,-21.0,-18.0,-6.0,6.0,31.0,59.0,16.0,-77.0,-101.0,-50.0,-6.0,13.0,21.0,22.0,24.0,26.0,21.0,20.0,72.0,218.0,400.0,491.0,437.0,229.0,11.0,-53.0,-83.0,-127.0,-130.0,-133.0,-105.0,-45.0,-40.0,-26.0,57.0,113.0,96.0,57.0,75.0,121.0,93.0,8.0,-25.0,30.0,93.0,124.0,140.0,120.0,103.0,107.0,57.0,13.0,61.0,136.0,198.0,205.0,153.0,111.0,-3.0,-179.0,-269.0,-253.0,-185.0,-122.0,-87.0,-4.0,224.0,495.0,576.0,399.0,162.0,57.0,45.0,44.0,39.0,8.0,-56.0,-115.0,-98.0,-11.0,37.0,31.0,27.0,22.0,15.0,20.0,24.0,14.0,4.0,1.0,2.0,5.0,4.0,2.0,-2.0,-10.0,-6.0,10.0,16.0,7.0,-4.0,-10.0,-10.0,-2.0,5.0,4.0,1.0,1.0,4.0,6.0,4.0,-15.0,-32.0,-8.0,17.0,10.0,4.0,9.0,9.0,2.0,-1.0,0.0,0.0,1.0,-1.0,-4.0,3.0,10.0,5.0,0.0,0.0,0.0,3.0,6.0,4.0,3.0,6.0,8.0,5.0,2.0
2.0,1.0,0.0,-1.0,1.0,6.0,4.0,1.0,7.0,12.0,17.0,27.0,26.0,4.0,-18.0,-20.0,-13.0,-6.0,1.0,6.0,9.0,11.0,13.0,11.0,6.0,6.0,6.0,1.0,-3.0,-3.0,-2.0,-3.0,-4.0,-2.0,1.0,0.0,-7.0,-16.0,-18.0,-12.0,-3.0,5.0,7.0,6.0,8.0,9.0,4.0,-3.0,-5.0,-2.0,-4.0,-9.0,-8.0,-5.0,1.0,9.0,16.0,18.0,-2.0,-23.0,-16.0,-8.0,-10.0,-7.0,-3.0,16.0,49.0,24.0,-71.0,-117.0,-71.0,-19.0,5.0,16.0,20.0,26.0,24.0,11.0,1.0,12.0,92.0,265.0,425.0,483.0,440.0,265.0,28.0,-118.0,-125.0,-83.0,-100.0,-147.0,-162.0,-154.0,-166.0,-187.0,-98.0,40.0,64.0,41.0,15.0,-14.0,41.0,163.0,206.0,155.0,138.0,176.0,155.0,54.0,-15.0,-11.0,45.0,61.0,-24.0,-141.0,-204.0,-192.0,-184.0,-192.0,-169.0,-147.0,-138.0,-70.0,148.0,433.0,588.0,515.0,278.0,83.0,23.0,24.0,30.0,30.0,16.0,-32.0,-103.0,-113.0,-30.0,33.0,21.0,11.0,20.0,21.0,22.0,29.0,33.0,22.0,5.0,-3.0,2.0,11.0,10.0,2.0,-7.0,-9.0,1.0,5.0,0.0,-6.0,-14.0,-15.0,-3.0,9.0,8.0,2.0,0.0,2.0,3.0,4.0,4.0,-15.0,-41.0,-29.0,5.0,12.0,8.0,10.0,8.0,5.0,2.0,1.0,2.0,-1.0,-5.0,-2.0,4.0,6.0,6.0,4.0,2.0,1.0,-1.0,2.0,9.0,11.0,7.0,3.0,3.0,4.0
6.0,4.0,2.0,2.0,1.0,1.0,3.0,4.0,6.0,8.0,9.0,12.0,8.0,-9.0,-23.0,-20.0,-8.0,1.0,4.0,7.0,11.0,11.0,9.0,4.0,-2.0,-2.0,1.0,0.0,-3.0,-4.0,-3.0,-2.0,-3.0,-3.0,1.0,5.0,1.0,-10.0,-15.0,-11.0,-2.0,13.0,22.0,18.0,13.0,11.0,7.0,0.0,-7.0,-9.0,-8.0,-6.0,1.0,7.0,7.0,8.0,14.0,20.0,10.0,-12.0,-16.0,-14.0,-26.0,-31.0,-22.0,-16.0,0.0,46.0,47.0,-47.0,-119.0,-90.0,-29.0,4.0,14.0,16.0,16.0,13.0,5.0,3.0,12.0,36.0,111.0,271.0,456.0,526.0,462.0,310.0,96.0,-29.0,-59.0,-76.0,-55.0,-66.0,-115.0,-127.0,-85.0,11.0,83.0,43.0,-33.0,-50.0,11.0,103.0,129.0,79.0,17.0,23.0,38.0,10.0,10.0,1.0,-31.0,-95.0,-211.0,-283.0,-267.0,-219.0,-165.0,-123.0,-95.0,-4.0,190.0,423.0,595.0,602.0,407.0,160.0,37.0,26.0,36.0,38.0,38.0,27.0,-16.0,-89.0,-114.0,-35.0,33.0,13.0,-5.0,7.0,10.0,9.0,11.0,16.0,20.0,12.0,-2.0,-4.0,5.0,7.0,1.0,-4.0,-10.0,-6.0,4.0,-5.0,-16.0,-14.0,-11.0,-6.0,3.0,11.0,10.0,4.0,3.0,6.0,8.0,5.0,-3.0,-16.0,-36.0,-29.0,9.0,18.0,7.0,4.0,1.0,2.0,3.0,1.0,-1.0,-2.0,2.0,9.0,8.0,4.0,6.0,6.0,3.0,1.0,-2.0,-2.0,3.0,5.0,4.0,3.0,1.0,0.0
4.0,0.0,-4.0,-3.0,-5.0,-9.0,-6.0,0.0,2.0,3.0,6.0,10.0,3.0,-15.0,-24.0,-19.0,-8.0,1.0,7.0,14.0,17.0,11.0,3.0,0.0,0.0,1.0,2.0,1.0,1.0,3.0,3.0,-1.0,-5.0,-5.0,-1.0,5.0,7.0,3.0,-2.0,-1.0,9.0,22.0,28.0,26.0,20.0,10.0,3.0,4.0,4.0,-2.0,-3.0,4.0,9.0,11.0,12.0,13.0,17.0,21.0,16.0,-2.0,-19.0,-20.0,-21.0,-27.0,-19.0,-6.0,-11.0,-2.0,58.0,82.0,-4.0,-101.0,-100.0,-42.0,-7.0,4.0,15.0,24.0,21.0,14.0,10.0,9.0,19.0,42.0,105.0,248.0,436.0,556.0,517.0,383.0,279.0,195.0,71.0,-17.0,1.0,39.0,5.0,-81.0,-97.0,10.0,112.0,100.0,35.0,-23.0,-31.0,2.0,-29.0,-110.0,-108.0,-46.0,-54.0,-130.0,-207.0,-228.0,-210.0,-154.0,-79.0,-50.0,2.0,147.0,355.0,531.0,621.0,628.0,480.0,235.0,78.0,33.0,32.0,41.0,47.0,42.0,26.0,-12.0,-90.0,-127.0,-43.0,40.0,25.0,-2.0,8.0,11.0,-1.0,-4.0,2.0,18.0,24.0,8.0,0.0,4.0,8.0,5.0,-3.0,-7.0,-8.0,-3.0,0.0,-9.0,-21.0,-21.0,-4.0,11.0,8.0,-2.0,-6.0,-7.0,-7.0,-3.0,3.0,4.0,2.0,1.0,-16.0,-22.0,7.0,20.0,9.0,3.0,1.0,0.0,1.0,1.0,1.0,3.0,7.0,9.0,6.0,6.0,8.0,8.0,5.0,-1.0,-4.0,-3.0,-1.0,1.0,5.0,8.0,4.0,0.0
2.0,0.0,-1.0,1.0,1.0,-2.0,-5.0,-4.0,-1.0,4.0,13.0,18.0,6.0,-15.0,-20.0,-12.0,-6.0,-4.0,0.0,7.0,9.0,5.0,1.0,1.0,2.0,4.0,6.0,4.0,2.0,4.0,5.0,3.0,2.0,1.0,1.0,4.0,7.0,7.0,5.0,5.0,8.0,11.0,12.0,12.0,11.0,7.0,1.0,1.0,7.0,6.0,0.0,-1.0,4.0,12.0,18.0,18.0,18.0,22.0,20.0,8.0,-8.0,-14.0,-10.0,-10.0,-10.0,-1.0,2.0,-13.0,-5.0,62.0,105.0,31.0,-89.0,-125.0,-72.0,-17.0,8.0,19.0,22.0,18.0,17.0,24.0,24.0,20.0,20.0,27.0,68.0,179.0,346.0,472.0,523.0,537.0,487.0,371.0,237.0,137.0,72.0,-24.0,-131.0,-132.0,-17.0,55.0,10.0,-62.0,-130.0,-181.0,-170.0,-175.0,-214.0,-197.0,-149.0,-143.0,-152.0,-120.0,-79.0,-28.0,89.0,280.0,493.0,645.0,694.0,615.0,418.0,208.0,78.0,32.0,31.0,38.0,36.0,30.0,27.0,15.0,-26.0,-102.0,-134.0,-49.0,40.0,33.0,3.0,6.0,13.0,7.0,2.0,2.0,8.0,21.0,19.0,5.0,6.0,13.0,12.0,8.0,5.0,4.0,4.0,1.0,-8.0,-16.0,-21.0,-15.0,3.0,6.0,-3.0,-7.0,-8.0,-9.0,-9.0,-5.0,-1.0,0.0,2.0,3.0,-11.0,-28.0,-13.0,14.0,15.0,6.0,5.0,7.0,7.0,4.0,0.0,-2.0,0.0,2.0,2.0,3.0,5.0,5.0,2.0,1.0,3.0,4.0,4.0,4.0,4.0,4.0,3.0,2.0
4.0,3.0,1.0,-1.0,-1.0,0.0,-4.0,-9.0,-5.0,9.0,23.0,23.0,8.0,-7.0,-10.0,-6.0,-1.0,4.0,8.0,12.0,12.0,5.0,-1.0,-1.0,0.0,1.0,5.0,7.0,1.0,-5.0,-4.0,0.0,1.0,0.0,3.0,5.0,0.0,-9.0,-15.0,-12.0,-5.0,2.0,10.0,13.0,12.0,14.0,12.0,1.0,-8.0,-7.0,-4.0,-5.0,1.0,13.0,21.0,22.0,14.0,9.0,11.0,9.0,3.0,-3.0,-7.0,-12.0,-22.0,-21.0,-2.0,3.0,-15.0,-10.0,48.0,103.0,66.0,-46.0,-118.0,-94.0,-34.0,3.0,17.0,21.0,24.0,28.0,29.0,27.0,27.0,27.0,23.0,22.0,38.0,86.0,189.0,340.0,466.0,508.0,494.0,469.0,469.0,487.0,457.0,343.0,202.0,141.0,101.0,27.0,-43.0,-109.0,-119.0,-80.0,-75.0,-105.0,-78.0,24.0,145.0,269.0,415.0,566.0,670.0,719.0,686.0,541.0,330.0,138.0,34.0,6.0,8.0,17.0,19.0,21.0,25.0,23.0,10.0,-34.0,-120.0,-151.0,-49.0,50.0,39.0,-1.0,-6.0,4.0,6.0,5.0,5.0,1.0,3.0,2.0,-11.0,-11.0,1.0,9.0,8.0,2.0,1.0,0.0,-6.0,-15.0,-25.0,-29.0,-21.0,-8.0,0.0,0.0,-4.0,-3.0,5.0,9.0,9.0,10.0,7.0,4.0,-1.0,-7.0,-13.0,-36.0,-33.0,9.0,18.0,4.0,5.0,8.0,6.0,3.0,1.0,0.0,-1.0,-3.0,-4.0,-3.0,-1.0,0.0,1.0,5.0,9.0,8.0,6.0,5.0,1.0,-2.0,0.0,2.0
6.0,2.0,-3.0,-4.0,-4.0,-2.0,-1.0,-2.0,4.0,15.0,22.0,21.0,9.0,-5.0,-8.0,-3.0,3.0,8.0,13.0,18.0,17.0,10.0,4.0,2.0,3.0,4.0,6.0,8.0,3.0,-3.0,-2.0,0.0,0.0,-1.0,-3.0,-5.0,-6.0,-9.0,-18.0,-20.0,-7.0,8.0,18.0,24.0,25.0,22.0,18.0,9.0,-4.0,-11.0,-10.0,-5.0,1.0,6.0,9.0,12.0,12.0,9.0,8.0,6.0,4.0,1.0,-7.0,-16.0,-25.0,-28.0,-16.0,-8.0,-22.0,-39.0,-32.0,17.0,89.0,100.0,12.0,-95.0,-135.0,-95.0,-31.0,8.0,23.0,21.0,17.0,21.0,26.0,30.0,28.0,24.0,24.0,23.0,26.0,36.0,62.0,119.0,220.0,331.0,407.0,476.0,559.0,584.0,506.0,452.0,482.0,486.0,466.0,500.0,543.0,564.0,591.0,587.0,553.0,568.0,630.0,689.0,733.0,714.0,596.0,404.0,201.0,70.0,24.0,14.0,15.0,22.0,24.0,18.0,15.0,18.0,20.0,9.0,-48.0,-135.0,-141.0,-31.0,58.0,44.0,4.0,-10.0,-6.0,4.0,6.0,5.0,7.0,5.0,-2.0,-12.0,-16.0,-7.0,1.0,2.0,0.0,-2.0,0.0,-2.0,-8.0,-12.0,-18.0,-23.0,-20.0,-13.0,-6.0,3.0,6.0,0.0,-2.0,3.0,8.0,10.0,7.0,6.0,5.0,-1.0,-12.0,-37.0,-36.0,4.0,20.0,12.0,10.0,7.0,3.0,3.0,3.0,0.0,-5.0,-7.0,-4.0,-1.0,1.0,2.0,4.0,7.0,7.0,4.0,3.0,5.0,5.0,6.0,10.0,12.0
0.0,-2.0,-6.0,-6.0,-1.0,5.0,11.0,16.0,17.0,14.0,13.0,14.0,5.0,-8.0,-8.0,-2.0,1.0,3.0,8.0,15.0,18.0,17.0,15.0,12.0,12.0,17.0,18.0,14.0,10.0,3.0,-3.0,-3.0,-1.0,0.0,-2.0,-3.0,0.0,2.0,-2.0,-8.0,-3.0,12.0,21.0,25.0,30.0,26.0,15.0,8.0,2.0,-5.0,-8.0,-5.0,-1.0,1.0,5.0,14.0,20.0,16.0,12.0,10.0,7.0,4.0,-1.0,-8.0,-14.0,-17.0,-21.0,-25.0,-28.0,-37.0,-45.0,-35.0,0.0,65.0,109.0,62.0,-44.0,-129.0,-140.0,-81.0,-18.0,3.0,3.0,7.0,12.0,13.0,16.0,22.0,21.0,16.0,14.0,14.0,12.0,8.0,6.0,21.0,40.0,60.0,107.0,167.0,239.0,313.0,382.0,430.0,460.0,527.0,591.0,616.0,626.0,631.0,621.0,578.0,506.0,410.0,290.0,161.0,65.0,20.0,7.0,5.0,5.0,13.0,23.0,28.0,27.0,22.0,17.0,9.0,-15.0,-84.0,-157.0,-129.0,-4.0,73.0,41.0,-1.0,-5.0,2.0,7.0,9.0,7.0,2.0,1.0,5.0,3.0,-8.0,-8.0,2.0,6.0,6.0,5.0,0.0,-5.0,-3.0,0.0,-8.0,-18.0,-17.0,-11.0,-2.0,5.0,2.0,-1.0,2.0,-1.0,-7.0,-6.0,-3.0,-1.0,1.0,3.0,0.0,-13.0,-34.0,-38.0,-6.0,23.0,22.0,13.0,7.0,4.0,4.0,3.0,0.0,-5.0,-4.0,4.0,7.0,5.0,5.0,8.0,9.0,5.0,1.0,0.0,1.0,4.0,9.0,15.0,18.0
-2.0,-1.0,-2.0,-4.0,-1.0,4.0,7.0,8.0,10.0,11.0,8.0,6.0,0.0,-6.0,1.0,9.0,8.0,7.0,11.0,15.0,14.0,11.0,10.0,9.0,11.0,19.0,25.0,24.0,19.0,8.0,-4.0,-6.0,-4.0,-5.0,-6.0,-2.0,3.0,5.0,6.0,0.0,-3.0,8.0,17.0,17.0,19.0,21.0,13.0,4.0,1.0,-2.0,-6.0,-9.0,-8.0,0.0,11.0,19.0,22.0,20.0,18.0,18.0,14.0,7.0,3.0,-3.0,-11.0,-18.0,-24.0,-25.0,-24.0,-24.0,-28.0,-35.0,-31.0,-8.0,39.0,101.0,118.0,52.0,-51.0,-131.0,-147.0,-95.0,-34.0,-7.0,-2.0,-2.0,4.0,12.0,13.0,13.0,9.0,3.0,8.0,17.0,15.0,9.0,10.0,17.0,31.0,33.0,27.0,38.0,41.0,35.0,52.0,70.0,72.0,77.0,83.0,83.0,76.0,57.0,37.0,25.0,11.0,0.0,3.0,13.0,18.0,12.0,7.0,15.0,22.0,22.0,21.0,16.0,-1.0,-55.0,-139.0,-165.0,-84.0,36.0,93.0,57.0,6.0,-5.0,1.0,3.0,1.0,1.0,2.0,2.0,-1.0,-2.0,0.0,-3.0,-3.0,1.0,3.0,6.0,8.0,6.0,1.0,-2.0,-5.0,-15.0,-22.0,-15.0,-3.0,5.0,5.0,-3.0,-8.0,-5.0,-2.0,-3.0,-2.0,2.0,4.0,3.0,2.0,-2.0,-8.0,-17.0,-28.0,-10.0,21.0,22.0,12.0,8.0,4.0,1.0,3.0,7.0,8.0,8.0,10.0,11.0,8.0,8.0,9.0,6.0,4.0,3.0,0.0,-1.0,3.0,6.0,6.0,6.0
6.0,2.0,-2.0,-1.0,0.0,1.0,4.0,7.0,11.0,16.0,17.0,14.0,7.0,1.0,4.0,8.0,7.0,6.0,7.0,8.0,5.0,2.0,2.0,2.0,2.0,3.0,9.0,17.0,19.0,14.0,2.0,-7.0,-5.0,-4.0,-8.0,-8.0,-3.0,2.0,4.0,0.0,-4.0,-1.0,4.0,6.0,7.0,11.0,11.0,3.0,-1.0,-2.0,-8.0,-15.0,-20.0,-14.0,1.0,10.0,15.0,21.0,27.0,25.0,11.0,3.0,9.0,15.0,11.0,-4.0,-13.0,-9.0,-9.0,-12.0,-17.0,-26.0,-31.0,-28.0,-10.0,24.0,73.0,118.0,118.0,55.0,-46.0,-127.0,-146.0,-112.0,-61.0,-20.0,-1.0,1.0,3.0,8.0,11.0,13.0,17.0,24.0,34.0,32.0,20.0,19.0,27.0,33.0,27.0,22.0,18.0,12.0,17.0,17.0,5.0,-1.0,9.0,14.0,5.0,8.0,13.0,3.0,-4.0,3.0,17.0,22.0,15.0,14.0,20.0,21.0,22.0,21.0,-1.0,-58.0,-133.0,-172.0,-134.0,-25.0,74.0,87.0,57.0,27.0,0.0,-11.0,-13.0,-13.0,-8.0,-5.0,-5.0,-1.0,0.0,-4.0,-4.0,0.0,0.0,-4.0,-3.0,2.0,2.0,4.0,10.0,7.0,-1.0,-5.0,-7.0,-7.0,-4.0,-1.0,-4.0,-8.0,-6.0,-3.0,2.0,5.0,2.0,2.0,5.0,6.0,5.0,2.0,1.0,-5.0,-27.0,-25.0,9.0,19.0,11.0,10.0,8.0,4.0,3.0,5.0,7.0,5.0,1.0,3.0,6.0,4.0,1.0,1.0,3.0,5.0,6.0,5.0,3.0,0.0,-5.0,-8.0
2.0,1.0,0.0,2.0,4.0,4.0,8.0,14.0,16.0,18.0,22.0,19.0,6.0,-5.0,-8.0,-6.0,-1.0,3.0,5.0,7.0,11.0,14.0,9.0,3.0,0.0,-2.0,2.0,12.0,20.0,15.0,1.0,-9.0,-9.0,-3.0,-2.0,-5.0,-3.0,1.0,0.0,-3.0,-7.0,-8.0,5.0,18.0,16.0,13.0,11.0,-1.0,-10.0,-7.0,-10.0,-22.0,-26.0,-15.0,4.0,18.0,20.0,22.0,31.0,30.0,16.0,5.0,6.0,18.0,24.0,14.0,4.0,4.0,4.0,-5.0,-17.0,-26.0,-36.0,-41.0,-32.0,-18.0,1.0,34.0,81.0,128.0,119.0,34.0,-57.0,-112.0,-141.0,-136.0,-99.0,-54.0,-18.0,1.0,10.0,14.0,11.0,7.0,10.0,13.0,11.0,13.0,17.0,25.0,30.0,29.0,28.0,20.0,19.0,24.0,23.0,20.0,19.0,14.0,2.0,8.0,17.0,3.0,1.0,16.0,16.0,3.0,-4.0,3.0,11.0,10.0,-1.0,-47.0,-120.0,-156.0,-134.0,-63.0,39.0,93.0,78.0,52.0,23.0,-7.0,-17.0,-11.0,-7.0,-6.0,-4.0,-6.0,-2.0,6.0,6.0,2.0,2.0,4.0,2.0,-3.0,-3.0,2.0,-3.0,-7.0,1.0,4.0,1.0,-3.0,-4.0,1.0,3.0,-5.0,-17.0,-15.0,-2.0,5.0,5.0,5.0,4.0,1.0,3.0,6.0,5.0,4.0,5.0,-1.0,-30.0,-40.0,-1.0,22.0,14.0,9.0,9.0,11.0,9.0,4.0,3.0,2.0,-2.0,-1.0,3.0,2.0,0.0,2.0,4.0,4.0,3.0,2.0,0.0,-5.0,-8.0,-8.0
-2.0,1.0,5.0,7.0,9.0,8.0,5.0,5.0,7.0,9.0,12.0,11.0,1.0,-6.0,-4.0,0.0,4.0,8.0,13.0,15.0,15.0,16.0,12.0,6.0,4.0,4.0,5.0,11.0,17.0,13.0,6.0,1.0,-3.0,-2.0,-2.0,-5.0,-4.0,-1.0,-1.0,-2.0,-3.0,0.0,14.0,25.0,23.0,20.0,19.0,14.0,5.0,1.0,2.0,-1.0,1.0,9.0,12.0,13.0,18.0,25.0,24.0,19.0,20.0,18.0,8.0,4.0,9.0,9.0,-1.0,-8.0,-7.0,-15.0,-28.0,-34.0,-43.0,-54.0,-60.0,-59.0,-42.0,-13.0,8.0,24.0,57.0,96.0,96.0,47.0,-17.0,-71.0,-110.0,-135.0,-142.0,-120.0,-80.0,-44.0,-21.0,-9.0,-7.0,-8.0,-1.0,3.0,3.0,7.0,17.0,21.0,15.0,8.0,8.0,18.0,30.0,35.0,26.0,15.0,8.0,2.0,-5.0,-11.0,-3.0,4.0,-7.0,-13.0,-8.0,-17.0,-51.0,-109.0,-160.0,-152.0,-90.0,-18.0,43.0,71.0,60.0,40.0,38.0,37.0,7.0,-24.0,-26.0,-12.0,-1.0,4.0,7.0,7.0,6.0,10.0,16.0,15.0,7.0,0.0,-2.0,-3.0,-1.0,2.0,0.0,-1.0,0.0,1.0,-2.0,-10.0,-10.0,-3.0,-6.0,-19.0,-25.0,-16.0,-1.0,3.0,-4.0,-3.0,4.0,5.0,6.0,6.0,3.0,3.0,3.0,0.0,-15.0,-31.0,-9.0,25.0,27.0,18.0,13.0,8.0,6.0,5.0,5.0,8.0,5.0,-2.0,-1.0,3.0,6.0,8.0,7.0,4.0,-1.0,-2.0,1.0,0.0,-3.0,-4.0
2.0,1.0,-1.0,-1.0,4.0,8.0,6.0,6.0,9.0,12.0,14.0,9.0,1.0,1.0,5.0,5.0,4.0,10.0,20.0,22.0,18.0,12.0,7.0,5.0,3.0,1.0,0.0,2.0,6.0,11.0,13.0,8.0,2.0,1.0,3.0,1.0,-4.0,-5.0,-6.0,-8.0,-3.0,8.0,15.0,14.0,15.0,22.0,24.0,18.0,11.0,3.0,-1.0,1.0,-2.0,-4.0,0.0,1.0,9.0,22.0,16.0,5.0,9.0,16.0,15.0,6.0,1.0,0.0,-11.0,-20.0,-16.0,-11.0,-13.0,-19.0,-26.0,-38.0,-52.0,-56.0,-48.0,-37.0,-25.0,-11.0,12.0,43.0,64.0,80.0,92.0,69.0,17.0,-35.0,-79.0,-111.0,-135.0,-151.0,-154.0,-143.0,-122.0,-96.0,-69.0,-42.0,-25.0,-16.0,0.0,4.0,-4.0,-7.0,-6.0,2.0,4.0,3.0,8.0,12.0,10.0,-4.0,-21.0,-28.0,-28.0,-39.0,-63.0,-90.0,-125.0,-160.0,-166.0,-127.0,-60.0,15.0,75.0,77.0,34.0,4.0,8.0,19.0,17.0,6.0,-12.0,-17.0,-7.0,-3.0,-2.0,3.0,5.0,1.0,-4.0,-4.0,4.0,11.0,7.0,1.0,-2.0,-3.0,-2.0,-3.0,2.0,9.0,6.0,0.0,-4.0,-4.0,-3.0,-3.0,-3.0,-11.0,-14.0,-2.0,5.0,-3.0,-10.0,-7.0,-1.0,5.0,11.0,12.0,7.0,4.0,1.0,-5.0,-12.0,-27.0,-22.0,12.0,25.0,19.0,12.0,5.0,7.0,9.0,5.0,3.0,3.0,-1.0,-4.0,-2.0,2.0,4.0,4.0,5.0,7.0,6.0,4.0,6.0,8.0,8.0
-4.0,-1.0,2.0,1.0,2.0,5.0,9.0,14.0,16.0,17.0,14.0,4.0,-3.0,-2.0,1.0,2.0,3.0,9.0,15.0,16.0,17.0,14.0,8.0,7.0,5.0,-1.0,-4.0,-4.0,1.0,11.0,14.0,7.0,-2.0,-5.0,0.0,2.0,-3.0,-5.0,-6.0,-9.0,-4.0,8.0,13.0,9.0,7.0,13.0,18.0,13.0,7.0,3.0,-4.0,-8.0,-14.0,-18.0,-5.0,10.0,19.0,26.0,26.0,20.0,8.0,-2.0,-1.0,4.0,8.0,10.0,5.0,-2.0,0.0,9.0,9.0,-3.0,-7.0,-6.0,-15.0,-25.0,-30.0,-32.0,-25.0,-8.0,12.0,25.0,26.0,28.0,36.0,45.0,61.0,78.0,78.0,51.0,8.0,-31.0,-57.0,-83.0,-119.0,-153.0,-171.0,-175.0,-177.0,-168.0,-142.0,-120.0,-113.0,-104.0,-94.0,-87.0,-89.0,-94.0,-90.0,-91.0,-97.0,-115.0,-143.0,-165.0,-181.0,-191.0,-186.0,-163.0,-125.0,-74.0,-9.0,77.0,147.0,135.0,48.0,-29.0,-39.0,-10.0,12.0,17.0,4.0,-16.0,-25.0,-17.0,0.0,4.0,-1.0,-1.0,-5.0,-11.0,-4.0,6.0,5.0,0.0,0.0,-1.0,-10.0,-11.0,-5.0,-6.0,-5.0,1.0,5.0,4.0,2.0,2.0,1.0,0.0,1.0,-1.0,-3.0,1.0,0.0,-6.0,-7.0,-4.0,0.0,3.0,6.0,7.0,4.0,0.0,-5.0,-9.0,-15.0,-30.0,-26.0,5.0,16.0,6.0,4.0,11.0,14.0,10.0,6.0,1.0,0.0,1.0,-3.0,-6.0,-6.0,-4.0,1.0,4.0,5.0,5.0,3.0,6.0,12.0,14.0
-8.0,-3.0,4.0,6.0,5.0,5.0,9.0,14.0,16.0,12.0,4.0,-3.0,-6.0,-3.0,3.0,6.0,6.0,6.0,7.0,10.0,12.0,10.0,7.0,8.0,9.0,4.0,-3.0,-8.0,-6.0,6.0,16.0,13.0,3.0,-3.0,-3.0,-2.0,-4.0,-8.0,-7.0,-3.0,-3.0,-2.0,2.0,5.0,6.0,11.0,20.0,22.0,17.0,14.0,10.0,4.0,0.0,-6.0,-5.0,4.0,8.0,11.0,24.0,35.0,28.0,11.0,-1.0,0.0,3.0,8.0,21.0,22.0,12.0,9.0,9.0,6.0,4.0,4.0,-3.0,-17.0,-26.0,-29.0,-26.0,-14.0,0.0,10.0,17.0,22.0,26.0,29.0,26.0,22.0,27.0,46.0,79.0,108.0,116.0,104.0,78.0,51.0,26.0,-10.0,-52.0,-93.0,-116.0,-115.0,-119.0,-127.0,-134.0,-142.0,-141.0,-136.0,-133.0,-138.0,-136.0,-118.0,-96.0,-69.0,-48.0,-24.0,19.0,63.0,110.0,156.0,168.0,134.0,71.0,1.0,-51.0,-51.0,-16.0,7.0,10.0,7.0,-5.0,-28.0,-41.0,-34.0,-17.0,-7.0,-7.0,-9.0,-9.0,-2.0,8.0,12.0,7.0,1.0,1.0,-2.0,-11.0,-15.0,-8.0,-1.0,-2.0,-4.0,1.0,7.0,4.0,-3.0,-3.0,-1.0,-9.0,-15.0,-16.0,-20.0,-15.0,-3.0,2.0,2.0,3.0,6.0,7.0,3.0,1.0,4.0,3.0,-2.0,-8.0,-23.0,-26.0,3.0,23.0,15.0,10.0,10.0,6.0,5.0,6.0,5.0,5.0,5.0,6.0,8.0,4.0,1.0,4.0,6.0,4.0,1.0,1.0,1.0,-3.0,-6.0
-2.0,-1.0,1.0,3.0,4.0,8.0,14.0,17.0,18.0,14.0,7.0,0.0,-2.0,1.0,3.0,7.0,8.0,5.0,7.0,11.0,8.0,2.0,1.0,3.0,4.0,4.0,2.0,-4.0,-9.0,-2.0,13.0,17.0,10.0,4.0,2.0,3.0,3.0,-2.0,-5.0,-1.0,-1.0,-3.0,5.0,16.0,21.0,24.0,25.0,19.0,10.0,3.0,-2.0,-5.0,-9.0,-14.0,-13.0,-9.0,-11.0,-8.0,9.0,28.0,38.0,32.0,17.0,10.0,10.0,13.0,20.0,19.0,10.0,5.0,4.0,4.0,-2.0,-10.0,-11.0,-14.0,-24.0,-32.0,-36.0,-42.0,-39.0,-15.0,15.0,29.0,28.0,23.0,10.0,-3.0,0.0,16.0,31.0,36.0,41.0,64.0,109.0,154.0,168.0,158.0,148.0,134.0,111.0,85.0,67.0,60.0,51.0,39.0,41.0,55.0,69.0,76.0,84.0,105.0,127.0,150.0,169.0,177.0,181.0,170.0,137.0,97.0,66.0,32.0,-16.0,-57.0,-62.0,-29.0,1.0,7.0,6.0,1.0,-11.0,-26.0,-33.0,-21.0,-8.0,-9.0,-14.0,-13.0,-4.0,6.0,10.0,8.0,3.0,-2.0,-10.0,-15.0,-10.0,-7.0,-2.0,5.0,4.0,2.0,3.0,4.0,2.0,1.0,3.0,4.0,0.0,-7.0,-12.0,-11.0,1.0,9.0,6.0,4.0,5.0,10.0,13.0,11.0,10.0,9.0,7.0,7.0,7.0,-7.0,-28.0,-11.0,24.0,23.0,11.0,5.0,0.0,3.0,7.0,7.0,7.0,11.0,14.0,13.0,11.0,7.0,3.0,4.0,6.0,5.0,3.0,-1.0,-5.0,-6.0
-2.0,-2.0,1.0,5.0,7.0,11.0,16.0,18.0,18.0,17.0,12.0,2.0,-1.0,5.0,4.0,3.0,9.0,12.0,14.0,15.0,6.0,-5.0,-5.0,-2.0,-3.0,-1.0,5.0,6.0,1.0,0.0,8.0,18.0,19.0,13.0,10.0,8.0,5.0,4.0,1.0,-3.0,-3.0,1.0,10.0,21.0,26.0,21.0,15.0,12.0,6.0,0.0,-3.0,-9.0,-18.0,-22.0,-16.0,1.0,11.0,6.0,5.0,15.0,25.0,27.0,21.0,11.0,9.0,10.0,7.0,11.0,19.0,17.0,7.0,2.0,1.0,-3.0,-3.0,4.0,1.0,-13.0,-24.0,-27.0,-23.0,-18.0,-10.0,2.0,13.0,20.0,19.0,14.0,14.0,16.0,11.0,1.0,-5.0,-1.0,12.0,25.0,32.0,41.0,63.0,88.0,96.0,92.0,96.0,109.0,115.0,118.0,127.0,128.0,122.0,119.0,120.0,115.0,95.0,79.0,68.0,48.0,33.0,34.0,34.0,23.0,6.0,-24.0,-60.0,-68.0,-38.0,-9.0,-4.0,-3.0,0.0,-10.0,-26.0,-24.0,-6.0,5.0,1.0,-10.0,-15.0,-8.0,1.0,7.0,12.0,11.0,5.0,-5.0,-19.0,-28.0,-28.0,-18.0,-2.0,6.0,8.0,13.0,11.0,3.0,-2.0,-3.0,-1.0,-2.0,-3.0,-4.0,-7.0,-4.0,4.0,7.0,0.0,-6.0,-3.0,-1.0,-2.0,1.0,5.0,4.0,3.0,5.0,3.0,-6.0,-24.0,-21.0,13.0,25.0,15.0,10.0,8.0,10.0,12.0,12.0,11.0,12.0,12.0,7.0,4.0,2.0,1.0,2.0,3.0,4.0,0.0,-1.0,7.0,12.0
-2.0,0.0,4.0,7.0,9.0,11.0,12.0,13.0,15.0,13.0,8.0,4.0,2.0,5.0,5.0,2.0,8.0,17.0,22.0,21.0,9.0,-2.0,-1.0,2.0,1.0,2.0,7.0,11.0,10.0,5.0,5.0,15.0,22.0,18.0,10.0,3.0,-1.0,-3.0,-5.0,-7.0,-7.0,-3.0,6.0,16.0,17.0,9.0,8.0,13.0,11.0,11.0,12.0,2.0,-10.0,-15.0,-12.0,7.0,26.0,21.0,8.0,8.0,17.0,25.0,27.0,19.0,8.0,2.0,1.0,7.0,13.0,19.0,31.0,36.0,33.0,30.0,27.0,26.0,21.0,6.0,-13.0,-21.0,-16.0,-12.0,-11.0,-4.0,8.0,17.0,22.0,24.0,22.0,15.0,8.0,3.0,-10.0,-31.0,-45.0,-42.0,-29.0,-11.0,7.0,12.0,8.0,13.0,25.0,31.0,34.0,35.0,25.0,7.0,-4.0,-5.0,-2.0,3.0,12.0,21.0,20.0,10.0,5.0,8.0,10.0,5.0,-18.0,-52.0,-70.0,-63.0,-41.0,-23.0,-15.0,-5.0,4.0,-2.0,-20.0,-25.0,-9.0,0.0,-5.0,-4.0,3.0,6.0,9.0,16.0,15.0,5.0,2.0,3.0,-2.0,-9.0,-13.0,-11.0,-4.0,1.0,5.0,10.0,8.0,1.0,-4.0,-6.0,-4.0,-2.0,-4.0,-10.0,-12.0,-7.0,-4.0,-1.0,-2.0,-9.0,-9.0,-5.0,-3.0,0.0,3.0,3.0,2.0,1.0,-3.0,-11.0,-30.0,-37.0,-5.0,23.0,20.0,13.0,12.0,10.0,8.0,10.0,10.0,7.0,6.0,4.0,2.0,3.0,6.0,9.0,10.0,9.0,4.0,-1.0,-1.0,0.0
4.0,7.0,10.0,8.0,4.0,1.0,1.0,3.0,6.0,12.0,14.0,4.0,-5.0,-2.0,1.0,-1.0,4.0,16.0,24.0,23.0,13.0,4.0,3.0,7.0,12.0,12.0,8.0,7.0,7.0,2.0,-1.0,4.0,9.0,8.0,5.0,4.0,1.0,-6.0,-9.0,-7.0,-6.0,-5.0,1.0,9.0,9.0,6.0,11.0,18.0,15.0,10.0,11.0,9.0,2.0,-6.0,-10.0,-1.0,18.0,24.0,13.0,5.0,8.0,17.0,20.0,13.0,6.0,5.0,4.0,0.0,-2.0,7.0,29.0,44.0,40.0,29.0,23.0,21.0,19.0,13.0,-2.0,-24.0,-37.0,-29.0,-13.0,-1.0,10.0,23.0,30.0,23.0,11.0,4.0,4.0,7.0,1.0,-6.0,-8.0,-22.0,-37.0,-36.0,-29.0,-20.0,-7.0,4.0,10.0,10.0,10.0,12.0,7.0,3.0,4.0,5.0,7.0,9.0,15.0,20.0,21.0,21.0,16.0,7.0,-5.0,-20.0,-38.0,-52.0,-54.0,-43.0,-22.0,-4.0,10.0,20.0,16.0,8.0,2.0,-6.0,-9.0,-7.0,-7.0,-3.0,6.0,9.0,9.0,9.0,5.0,1.0,2.0,6.0,7.0,2.0,-4.0,-5.0,-3.0,0.0,2.0,2.0,4.0,4.0,0.0,-2.0,0.0,4.0,4.0,-3.0,-8.0,-7.0,-6.0,-2.0,2.0,0.0,-3.0,-3.0,0.0,4.0,5.0,1.0,-1.0,3.0,4.0,-7.0,-27.0,-40.0,-20.0,16.0,24.0,17.0,13.0,6.0,5.0,10.0,9.0,4.0,0.0,-1.0,3.0,6.0,4.0,2.0,2.0,3.0,4.0,2.0,-2.0,-4.0
8.0,9.0,10.0,8.0,5.0,3.0,1.0,-1.0,1.0,10.0,11.0,-5.0,-16.0,-9.0,1.0,5.0,10.0,19.0,24.0,20.0,13.0,7.0,2.0,4.0,10.0,8.0,2.0,0.0,1.0,1.0,-2.0,-3.0,2.0,8.0,10.0,8.0,3.0,0.0,0.0,-1.0,-5.0,-7.0,0.0,7.0,7.0,9.0,16.0,22.0,22.0,17.0,11.0,6.0,1.0,-5.0,-8.0,-4.0,8.0,18.0,17.0,11.0,8.0,9.0,8.0,5.0,7.0,13.0,14.0,8.0,1.0,-5.0,-1.0,17.0,28.0,23.0,15.0,13.0,16.0,18.0,13.0,1.0,-13.0,-21.0,-17.0,-11.0,-6.0,5.0,13.0,11.0,6.0,4.0,1.0,2.0,16.0,29.0,24.0,3.0,-11.0,-16.0,-27.0,-26.0,-6.0,10.0,11.0,3.0,-5.0,-1.0,17.0,28.0,24.0,21.0,23.0,20.0,16.0,14.0,8.0,6.0,5.0,-7.0,-25.0,-44.0,-62.0,-63.0,-41.0,-10.0,16.0,29.0,36.0,34.0,16.0,4.0,9.0,14.0,13.0,11.0,11.0,9.0,4.0,7.0,9.0,2.0,-1.0,3.0,6.0,4.0,2.0,-1.0,-5.0,-5.0,-2.0,4.0,7.0,4.0,3.0,4.0,1.0,-6.0,-9.0,-7.0,-6.0,-6.0,-11.0,-15.0,-7.0,3.0,6.0,11.0,17.0,9.0,-2.0,3.0,14.0,14.0,7.0,3.0,2.0,-1.0,-12.0,-32.0,-21.0,20.0,23.0,8.0,10.0,11.0,9.0,9.0,11.0,8.0,3.0,5.0,6.0,4.0,0.0,-7.0,-7.0,-2.0,4.0,9.0,8.0,6.0
2.0,4.0,7.0,8.0,10.0,12.0,8.0,2.0,0.0,1.0,-1.0,-7.0,-8.0,-4.0,3.0,11.0,14.0,18.0,22.0,15.0,5.0,2.0,-1.0,-2.0,5.0,7.0,0.0,-4.0,-2.0,1.0,1.0,0.0,3.0,7.0,6.0,4.0,4.0,4.0,4.0,0.0,-12.0,-20.0,-12.0,1.0,10.0,17.0,23.0,24.0,21.0,19.0,13.0,7.0,2.0,-5.0,-8.0,-6.0,1.0,10.0,13.0,11.0,7.0,2.0,7.0,18.0,20.0,18.0,19.0,18.0,14.0,10.0,6.0,8.0,18.0,24.0,15.0,-6.0,-16.0,-3.0,13.0,19.0,13.0,-2.0,-11.0,-11.0,-9.0,-3.0,12.0,28.0,32.0,26.0,13.0,-2.0,4.0,20.0,21.0,20.0,22.0,18.0,8.0,-3.0,-12.0,-15.0,-13.0,-9.0,-5.0,-9.0,-9.0,2.0,10.0,15.0,15.0,8.0,2.0,-5.0,-12.0,-11.0,-15.0,-31.0,-45.0,-60.0,-70.0,-55.0,-23.0,6.0,19.0,19.0,18.0,15.0,8.0,-4.0,-9.0,5.0,19.0,16.0,8.0,6.0,3.0,1.0,4.0,5.0,4.0,9.0,10.0,0.0,-5.0,-1.0,0.0,-5.0,-7.0,-5.0,-5.0,-5.0,-3.0,0.0,4.0,2.0,-3.0,-1.0,0.0,-1.0,-2.0,-4.0,3.0,10.0,9.0,14.0,22.0,17.0,6.0,2.0,7.0,15.0,14.0,5.0,0.0,0.0,-9.0,-26.0,-17.0,17.0,26.0,13.0,10.0,15.0,16.0,10.0,8.0,8.0,6.0,8.0,8.0,5.0,6.0,9.0,7.0,3.0,4.0,4.0,2.0,2.0
-2.0,-1.0,2.0,6.0,7.0,4.0,1.0,-1.0,-1.0,4.0,5.0,-1.0,-2.0,0.0,1.0,5.0,8.0,12.0,18.0,13.0,3.0,1.0,1.0,1.0,8.0,15.0,12.0,6.0,5.0,8.0,11.0,13.0,15.0,14.0,11.0,11.0,10.0,7.0,6.0,2.0,-7.0,-12.0,-6.0,7.0,17.0,20.0,22.0,21.0,13.0,8.0,9.0,13.0,15.0,8.0,-2.0,-4.0,5.0,14.0,14.0,11.0,11.0,13.0,16.0,19.0,16.0,10.0,9.0,14.0,21.0,23.0,14.0,2.0,2.0,6.0,2.0,-7.0,-14.0,-11.0,2.0,12.0,8.0,-9.0,-25.0,-23.0,-15.0,-10.0,4.0,21.0,31.0,28.0,20.0,14.0,8.0,8.0,4.0,-7.0,-11.0,-7.0,0.0,-2.0,-17.0,-23.0,-15.0,-8.0,-1.0,4.0,-1.0,-7.0,-3.0,5.0,6.0,4.0,-5.0,-20.0,-19.0,-10.0,-20.0,-39.0,-43.0,-39.0,-27.0,-9.0,-2.0,2.0,6.0,9.0,12.0,8.0,-4.0,-23.0,-32.0,-18.0,-3.0,-3.0,-7.0,-6.0,-1.0,0.0,-1.0,3.0,9.0,8.0,1.0,-2.0,-2.0,-4.0,-14.0,-20.0,-11.0,-2.0,-2.0,-5.0,-2.0,4.0,8.0,13.0,15.0,13.0,8.0,0.0,-6.0,-8.0,-5.0,-1.0,2.0,4.0,4.0,7.0,13.0,15.0,12.0,12.0,13.0,8.0,4.0,3.0,-6.0,-25.0,-35.0,-6.0,30.0,25.0,12.0,14.0,15.0,11.0,7.0,8.0,11.0,10.0,9.0,9.0,8.0,7.0,2.0,-4.0,-6.0,-5.0,-3.0,-2.0
0.0,0.0,0.0,0.0,0.0,0.0,0.0,0.0,0.0,0.0,0.0,0.0,0.0,0.0,0.0,0.0,0.0,0.0,0.0,0.0,0.0,0.0,0.0,0.0,0.0,0.0,0.0,0.0,0.0,0.0,0.0,0.0,0.0,0.0,0.0,0.0,0.0,0.0,0.0,0.0,0.0,0.0,0.0,0.0,0.0,0.0,0.0,0.0,0.0,0.0,0.0,0.0,0.0,0.0,0.0,0.0,0.0,0.0,0.0,0.0,0.0,0.0,0.0,0.0,0.0,0.0,0.0,0.0,0.0,0.0,0.0,0.0,0.0,0.0,0.0,0.0,0.0,0.0,0.0,0.0,0.0,0.0,0.0,0.0,0.0,0.0,0.0,0.0,0.0,0.0,0.0,0.0,0.0,0.0,0.0,0.0,0.0,0.0,0.0,0.0,0.0,0.0,0.0,0.0,0.0,0.0,0.0,0.0,0.0,0.0,0.0,0.0,0.0,0.0,0.0,0.0,0.0,0.0,0.0,0.0,0.0,0.0,0.0,0.0,0.0,0.0,0.0,0.0,0.0,0.0,0.0,0.0,0.0,0.0,0.0,0.0,0.0,0.0,0.0,0.0,0.0,0.0,0.0,0.0,0.0,0.0,0.0,0.0,0.0,0.0,0.0,0.0,0.0,0.0,0.0,0.0,0.0,0.0,0.0,0.0,0.0,0.0,0.0,0.0,0.0,0.0,0.0,0.0,0.0,0.0,0.0,0.0,0.0,0.0,0.0,0.0,0.0,0.0,0.0,0.0,0.0,0.0,0.0,0.0,0.0,0.0,0.0,0.0,0.0,0.0,0.0,0.0,0.0,0.0,0.0,0.0,0.0,0.0,0.0,0.0
