199,199,200,200,200,200,200,200,201,201,201,201,201,201,202,202,202,202,202,202,203,203,203,203,204,204,204,204,205,205,204,204,204,204,205,205,206,206,206,206,206,206,206,206,207,207,207,207,207,207,208,208,208,208,207,207,208,208,207,207,207,207,207,207,207,207,206,206,206,206,206,206,205,205,205,205,204,204,203,203,203,203,203,203,203,203,202,202,202,202,201,201,201,201,201,201,201,201,200,200,201,201,200,200,200,200,201,201,201,201,201,201,201,201,201,201,203,203,203,203,204,204,204,204,204,204,204,204,205,205,206,206,206,206,206,206,206,206,207,207,208,208,209,209,209,209,209,209,210,210,210,210,209,209,210,210,211,211,210,210,210,210,210,210,210,210,210,210,211,211,211,211,210,210,210,210,210,210,211,211,211,211,210,210,210,210,211,211,210,210,211,211,211,211,211,211,211,211,211,211
199,199,200,200,200,200,200,200,201,201,201,201,201,201,202,202,202,202,202,202,203,203,203,203,204,204,204,204,205,205,204,204,204,204,205,205,206,206,206,206,206,206,206,206,207,207,207,207,207,207,208,208,208,208,207,207,208,208,207,207,207,207,207,207,207,207,206,206,206,206,206,206,205,205,205,205,204,204,203,203,203,203,203,203,203,203,202,202,202,202,201,201,201,201,201,201,201,201,200,200,201,201,200,200,200,200,201,201,201,201,201,201,201,201,201,201,203,203,203,203,204,204,204,204,204,204,204,204,205,205,206,206,206,206,206,206,206,206,207,207,208,208,209,209,209,209,209,209,210,210,210,210,209,209,210,210,211,211,210,210,210,210,210,210,210,210,210,210,211,211,211,211,210,210,210,210,210,210,211,211,211,211,210,210,210,210,211,211,210,210,211,211,211,211,211,211,211,211,211,211
200,200,200,200,200,200,201,201,201,201,201,201,202,202,202,202,203,203,203,203,204,204,204,204,204,204,204,204,205,205,205,205,205,205,206,206,206,206,206,206,207,207,206,206,207,207,207,207,207,207,208,208,208,208,208,208,208,208,207,207,207,207,208,208,206,206,206,206,206,206,205,205,205,205,203,203,203,203,203,203,203,203,202,202,202,202,201,201,201,201,200,200,200,200,200,200,200,200,200,200,200,200,200,200,200,200,201,201,200,200,200,200,201,201,201,201,202,202,202,202,203,203,203,203,204,204,204,204,204,204,205,205,206,206,207,207,206,206,207,207,209,209,209,209,209,209,210,210,210,210,210,210,210,210,210,210,210,210,210,210,210,210,211,211,211,211,211,211,211,211,211,211,211,211,211,211,211,211,211,211,211,211,211,211,211,211,211,211,211,211,211,211,211,211,211,211,211,211,211,211
200,200,200,200,200,200,201,201,201,201,201,201,202,202,202,202,203,203,203,203,204,204,204,204,204,204,204,204,205,205,205,205,205,205,206,206,206,206,206,206,207,207,206,206,207,207,207,207,207,207,208,208,208,208,208,208,208,208,207,207,207,207,208,208,206,206,206,206,206,206,205,205,205,205,203,203,203,203,203,203,203,203,202,202,202,202,201,201,201,201,200,200,200,200,200,200,200,200,200,200,200,200,200,200,200,200,201,201,200,200,200,200,201,201,201,201,202,202,202,202,203,203,203,203,204,204,204,204,204,204,205,205,206,206,207,207,206,206,207,207,209,209,209,209,209,209,210,210,210,210,210,210,210,210,210,210,210,210,210,210,210,210,211,211,211,211,211,211,211,211,211,211,211,211,211,211,211,211,211,211,211,211,211,211,211,211,211,211,211,211,211,211,211,211,211,211,211,211,211,211
200,200,200,200,200,200,200,200,201,201,201,201,201,201,202,202,203,203,203,203,203,203,204,204,205,205,205,205,205,205,205,205,205,205,206,206,206,206,206,206,206,206,207,207,207,207,207,207,207,207,208,208,208,208,208,208,208,208,207,207,207,207,208,208,206,206,206,206,205,205,205,205,204,204,203,203,203,203,202,202,202,202,202,202,201,201,201,201,200,200,200,200,199,199,199,199,199,199,199,199,198,198,199,199,198,198,199,199,200,200,200,200,200,200,200,200,201,201,202,202,203,203,203,203,203,203,204,204,204,204,205,205,205,205,206,206,206,206,207,207,208,208,209,209,209,209,210,210,210,210,210,210,210,210,211,211,211,211,211,211,211,211,211,211,211,211,211,211,211,211,211,211,211,211,211,211,211,211,211,211,212,212,212,212,212,212,212,212,212,212,211,211,211,211,211,211,211,211,211,211
200,200,200,200,200,200,200,200,201,201,201,201,201,201,202,202,203,203,203,203,203,203,204,204,205,205,205,205,205,205,205,205,205,205,206,206,206,206,206,206,206,206,207,207,207,207,207,207,207,207,208,208,208,208,208,208,208,208,207,207,207,207,208,208,206,206,206,206,205,205,205,205,204,204,203,203,203,203,202,202,202,202,202,202,201,201,201,201,200,200,200,200,199,199,199,199,199,199,199,199,198,198,199,199,198,198,199,199,200,200,200,200,200,200,200,200,201,201,202,202,203,203,203,203,203,203,204,204,204,204,205,205,205,205,206,206,206,206,207,207,208,208,209,209,209,209,210,210,210,210,210,210,210,210,211,211,211,211,211,211,211,211,211,211,211,211,211,211,211,211,211,211,211,211,211,211,211,211,211,211,212,212,212,212,212,212,212,212,212,212,211,211,211,211,211,211,211,211,211,211
200,200,199,199,200,200,200,200,200,200,201,201,202,202,203,203,203,203,203,203,203,203,204,204,205,205,205,205,205,205,206,206,206,206,206,206,206,206,206,206,207,207,207,207,207,207,208,208,208,208,208,208,208,208,208,208,208,208,208,208,208,208,207,207,206,206,205,205,205,205,204,204,204,204,203,203,203,203,202,202,201,201,201,201,201,201,200,200,199,199,199,199,198,198,198,198,198,198,197,197,197,197,197,197,198,198,197,197,198,198,198,198,199,199,199,199,200,200,202,202,202,202,201,201,202,202,203,203,204,204,205,205,205,205,206,206,206,206,207,207,208,208,209,209,210,210,210,210,211,211,210,210,211,211,211,211,211,211,211,211,212,212,212,212,212,212,211,211,211,211,211,211,211,211,212,212,212,212,211,211,212,212,212,212,213,213,212,212,212,212,212,212,211,211,211,211,212,212,212,212
200,200,199,199,200,200,200,200,200,200,201,201,202,202,203,203,203,203,203,203,203,203,204,204,205,205,205,205,205,205,206,206,206,206,206,206,206,206,206,206,207,207,207,207,207,207,208,208,208,208,208,208,208,208,208,208,208,208,208,208,208,208,207,207,206,206,205,205,205,205,204,204,204,204,203,203,203,203,202,202,201,201,201,201,201,201,200,200,199,199,199,199,198,198,198,198,198,198,197,197,197,197,197,197,198,198,197,197,198,198,198,198,199,199,199,199,200,200,202,202,202,202,201,201,202,202,203,203,204,204,205,205,205,205,206,206,206,206,207,207,208,208,209,209,210,210,210,210,211,211,210,210,211,211,211,211,211,211,211,211,212,212,212,212,212,212,211,211,211,211,211,211,211,211,212,212,212,212,211,211,212,212,212,212,213,213,212,212,212,212,212,212,211,211,211,211,212,212,212,212
200,200,199,199,200,200,200,200,200,200,201,201,201,201,202,202,203,203,203,203,203,203,204,204,205,205,205,205,205,205,206,206,206,206,206,206,207,207,207,207,207,207,207,207,207,207,208,208,208,208,208,208,208,208,208,208,208,208,208,208,207,207,207,207,206,206,206,206,205,205,204,204,203,203,203,203,202,202,201,201,200,200,201,201,200,200,199,199,198,198,198,198,196,196,189,189,174,174,162,162,160,160,156,156,160,160,172,172,190,190,196,196,198,198,199,199,199,199,200,200,201,201,201,201,202,202,202,202,203,203,204,204,205,205,205,205,206,206,207,207,207,207,209,209,210,210,210,210,211,211,211,211,211,211,212,212,211,211,211,211,212,212,212,212,211,211,212,212,212,212,212,212,212,212,212,212,212,212,211,211,212,212,212,212,212,212,212,212,212,212,212,212,211,211,212,212,212,212,212,212
200,200,199,199,200,200,200,200,200,200,201,201,201,201,202,202,203,203,203,203,203,203,204,204,205,205,205,205,205,205,206,206,206,206,206,206,207,207,207,207,207,207,207,207,207,207,208,208,208,208,208,208,208,208,208,208,208,208,208,208,207,207,207,207,206,206,206,206,205,205,204,204,203,203,203,203,202,202,201,201,200,200,201,201,200,200,199,199,198,198,198,198,196,196,189,189,174,174,162,162,160,160,156,156,160,160,172,172,190,190,196,196,198,198,199,199,199,199,200,200,201,201,201,201,202,202,202,202,203,203,204,204,205,205,205,205,206,206,207,207,207,207,209,209,210,210,210,210,211,211,211,211,211,211,212,212,211,211,211,211,212,212,212,212,211,211,212,212,212,212,212,212,212,212,212,212,212,212,211,211,212,212,212,212,212,212,212,212,212,212,212,212,211,211,212,212,212,212,212,212
199,199,199,199,200,200,200,200,201,201,201,201,201,201,202,202,202,202,203,203,203,203,204,204,205,205,205,205,205,205,206,206,206,206,207,207,207,207,207,207,208,208,208,208,208,208,208,208,208,208,208,208,208,208,208,208,208,208,207,207,207,207,206,206,206,206,205,205,203,203,203,203,203,203,202,202,202,202,200,200,200,200,199,199,199,199,198,198,191,191,163,163,130,130,111,111,103,103,101,101,101,101,99,99,100,100,105,105,114,114,133,133,157,157,184,184,197,197,199,199,200,200,200,200,201,201,202,202,202,202,203,203,204,204,205,205,205,205,207,207,207,207,208,208,209,209,210,210,211,211,211,211,211,211,211,211,212,212,211,211,212,212,212,212,212,212,212,212,213,213,212,212,212,212,212,212,212,212,212,212,212,212,212,212,212,212,212,212,213,213,213,213,212,212,212,212,213,213,213,213
199,199,199,199,200,200,200,200,201,201,201,201,201,201,202,202,202,202,203,203,203,203,204,204,205,205,205,205,205,205,206,206,206,206,207,207,207,207,207,207,208,208,208,208,208,208,208,208,208,208,208,208,208,208,208,208,208,208,207,207,207,207,206,206,206,206,205,205,203,203,203,203,203,203,202,202,202,202,200,200,200,200,199,199,199,199,198,198,191,191,163,163,130,130,111,111,103,103,101,101,101,101,99,99,100,100,105,105,114,114,133,133,157,157,184,184,197,197,199,199,200,200,200,200,201,201,202,202,202,202,203,203,204,204,205,205,205,205,207,207,207,207,208,208,209,209,210,210,211,211,211,211,211,211,211,211,212,212,211,211,212,212,212,212,212,212,212,212,213,213,212,212,212,212,212,212,212,212,212,212,212,212,212,212,212,212,212,212,213,213,213,213,212,212,212,212,213,213,213,213
199,199,199,199,200,200,200,200,201,201,201,201,202,202,202,202,202,202,203,203,203,203,204,204,204,204,205,205,205,205,206,206,206,206,207,207,207,207,207,207,208,208,208,208,208,208,208,208,208,208,208,208,208,208,208,208,207,207,207,207,207,207,205,205,205,205,204,204,203,203,203,203,202,202,201,201,200,200,200,200,200,200,198,198,193,193,155,155,114,114,94,94,87,87,78,78,71,71,69,69,67,67,68,68,68,68,74,74,81,81,93,93,104,104,116,116,141,141,178,178,199,199,200,200,200,200,201,201,201,201,202,202,203,203,205,205,205,205,205,205,207,207,208,208,209,209,210,210,211,211,211,211,211,211,212,212,212,212,212,212,212,212,213,213,213,213,212,212,213,213,213,213,213,213,213,213,213,213,213,213,212,212,213,213,213,213,213,213,213,213,212,212,213,213,212,212,213,213,213,213
199,199,199,199,200,200,200,200,201,201,201,201,202,202,202,202,202,202,203,203,203,203,204,204,204,204,205,205,205,205,206,206,206,206,207,207,207,207,207,207,208,208,208,208,208,208,208,208,208,208,208,208,208,208,208,208,207,207,207,207,207,207,205,205,205,205,204,204,203,203,203,203,202,202,201,201,200,200,200,200,200,200,198,198,193,193,155,155,114,114,94,94,87,87,78,78,71,71,69,69,67,67,68,68,68,68,74,74,81,81,93,93,104,104,116,116,141,141,178,178,199,199,200,200,200,200,201,201,201,201,202,202,203,203,205,205,205,205,205,205,207,207,208,208,209,209,210,210,211,211,211,211,211,211,212,212,212,212,212,212,212,212,213,213,213,213,212,212,213,213,213,213,213,213,213,213,213,213,213,213,212,212,213,213,213,213,213,213,213,213,212,212,213,213,212,212,213,213,213,213
199,199,200,200,200,200,200,200,200,200,201,201,201,201,201,201,202,202,203,203,203,203,204,204,204,204,204,204,205,205,206,206,206,206,207,207,207,207,207,207,207,207,208,208,208,208,208,208,208,208,208,208,208,208,208,208,207,207,207,207,206,206,205,205,204,204,203,203,202,202,202,202,200,200,200,200,200,200,200,200,198,198,176,176,117,117,90,90,80,80,72,72,63,63,59,59,58,58,60,60,60,60,61,61,61,61,62,62,62,62,66,66,73,73,84,84,100,100,118,118,149,149,189,189,198,198,200,200,201,201,202,202,203,203,203,203,204,204,205,205,206,206,207,207,209,209,210,210,211,211,211,211,211,211,212,212,212,212,212,212,213,213,213,213,213,213,212,212,213,213,213,213,213,213,213,213,213,213,213,213,213,213,213,213,213,213,213,213,213,213,213,213,213,213,212,212,213,213,213,213
199,199,200,200,200,200,200,200,200,200,201,201,201,201,201,201,202,202,203,203,203,203,204,204,204,204,204,204,205,205,206,206,206,206,207,207,207,207,207,207,207,207,208,208,208,208,208,208,208,208,208,208,208,208,208,208,207,207,207,207,206,206,205,205,204,204,203,203,202,202,202,202,200,200,200,200,200,200,200,200,198,198,176,176,117,117,90,90,80,80,72,72,63,63,59,59,58,58,60,60,60,60,61,61,61,61,62,62,62,62,66,66,73,73,84,84,100,100,118,118,149,149,189,189,198,198,200,200,201,201,202,202,203,203,203,203,204,204,205,205,206,206,207,207,209,209,210,210,211,211,211,211,211,211,212,212,212,212,212,212,213,213,213,213,213,213,212,212,213,213,213,213,213,213,213,213,213,213,213,213,213,213,213,213,213,213,213,213,213,213,213,213,213,213,212,212,213,213,213,213
199,199,199,199,200,200,200,200,201,201,200,200,201,201,201,201,202,202,203,203,203,203,204,204,204,204,205,205,205,205,206,206,206,206,207,207,207,207,207,207,208,208,208,208,208,208,208,208,208,208,208,208,208,208,207,207,207,207,206,206,205,205,204,204,204,204,202,202,201,201,201,201,200,200,200,200,199,199,197,197,151,151,96,96,78,78,69,69,62,62,58,58,57,57,56,56,58,58,60,60,62,62,63,63,64,64,63,63,63,63,64,64,66,66,69,69,73,73,86,86,107,107,127,127,172,172,199,199,200,200,201,201,201,201,202,202,203,203,205,205,206,206,207,207,208,208,210,210,211,211,211,211,212,212,212,212,212,212,213,213,213,213,213,213,213,213,213,213,213,213,213,213,213,213,213,213,213,213,213,213,213,213,213,213,213,213,213,213,213,213,213,213,213,213,213,213,213,213,213,213
199,199,199,199,200,200,200,200,201,201,200,200,201,201,201,201,202,202,203,203,203,203,204,204,204,204,205,205,205,205,206,206,206,206,207,207,207,207,207,207,208,208,208,208,208,208,208,208,208,208,208,208,208,208,207,207,207,207,206,206,205,205,204,204,204,204,202,202,201,201,201,201,200,200,200,200,199,199,197,197,151,151,96,96,78,78,69,69,62,62,58,58,57,57,56,56,58,58,60,60,62,62,63,63,64,64,63,63,63,63,64,64,66,66,69,69,73,73,86,86,107,107,127,127,172,172,199,199,200,200,201,201,201,201,202,202,203,203,205,205,206,206,207,207,208,208,210,210,211,211,211,211,212,212,212,212,212,212,213,213,213,213,213,213,213,213,213,213,213,213,213,213,213,213,213,213,213,213,213,213,213,213,213,213,213,213,213,213,213,213,213,213,213,213,213,213,213,213,213,213
200,200,200,200,200,200,200,200,201,201,201,201,201,201,201,201,201,201,203,203,204,204,204,204,204,204,205,205,205,205,206,206,207,207,207,207,207,207,207,207,208,208,208,208,208,208,208,208,208,208,208,208,208,208,208,208,207,207,206,206,205,205,204,204,202,202,201,201,200,200,199,199,199,199,199,199,192,192,126,126,82,82,67,67,62,62,57,57,56,56,56,56,56,56,58,58,59,59,61,61,61,61,62,62,63,63,63,63,62,62,63,63,65,65,67,67,69,69,70,70,77,77,95,95,112,112,152,152,194,194,200,200,200,200,202,202,202,202,204,204,205,205,206,206,208,208,209,209,210,210,211,211,212,212,213,213,213,213,213,213,213,213,213,213,213,213,214,214,213,213,213,213,213,213,214,214,213,213,214,214,213,213,214,214,214,214,213,213,213,213,214,214,214,214,213,213,214,214,213,213
200,200,200,200,200,200,200,200,201,201,201,201,201,201,201,201,201,201,203,203,204,204,204,204,204,204,205,205,205,205,206,206,207,207,207,207,207,207,207,207,208,208,208,208,208,208,208,208,208,208,208,208,208,208,208,208,207,207,206,206,205,205,204,204,202,202,201,201,200,200,199,199,199,199,199,199,192,192,126,126,82,82,67,67,62,62,57,57,56,56,56,56,56,56,58,58,59,59,61,61,61,61,62,62,63,63,63,63,62,62,63,63,65,65,67,67,69,69,70,70,77,77,95,95,112,112,152,152,194,194,200,200,200,200,202,202,202,202,204,204,205,205,206,206,208,208,209,209,210,210,211,211,212,212,213,213,213,213,213,213,213,213,213,213,213,213,214,214,213,213,213,213,213,213,214,214,213,213,214,214,213,213,214,214,214,214,213,213,213,213,214,214,214,214,213,213,214,214,213,213
200,200,200,200,200,200,200,200,201,201,201,201,202,202,202,202,202,202,202,202,203,203,204,204,204,204,205,205,205,205,206,206,206,206,207,207,207,207,208,208,208,208,208,208,209,209,208,208,208,208,208,208,207,207,207,207,207,207,205,205,204,204,203,203,201,201,200,200,200,200,199,199,199,199,185,185,107,107,74,74,65,65,62,62,59,59,56,56,55,55,55,55,57,57,58,58,60,60,60,60,61,61,62,62,62,62,63,63,62,62,63,63,65,65,67,67,68,68,70,70,70,70,77,77,87,87,102,102,130,130,185,185,199,199,201,201,201,201,203,203,204,204,206,206,207,207,209,209,210,210,211,211,212,212,212,212,213,213,213,213,213,213,214,214,214,214,214,214,214,214,214,214,214,214,214,214,214,214,214,214,214,214,214,214,214,214,214,214,214,214,214,214,214,214,214,214,213,213,214,214
200,200,200,200,200,200,200,200,201,201,201,201,202,202,202,202,202,202,202,202,203,203,204,204,204,204,205,205,205,205,206,206,206,206,207,207,207,207,208,208,208,208,208,208,209,209,208,208,208,208,208,208,207,207,207,207,207,207,205,205,204,204,203,203,201,201,200,200,200,200,199,199,199,199,185,185,107,107,74,74,65,65,62,62,59,59,56,56,55,55,55,55,57,57,58,58,60,60,60,60,61,61,62,62,62,62,63,63,62,62,63,63,65,65,67,67,68,68,70,70,70,70,77,77,87,87,102,102,130,130,185,185,199,199,201,201,201,201,203,203,204,204,206,206,207,207,209,209,210,210,211,211,212,212,212,212,213,213,213,213,213,213,214,214,214,214,214,214,214,214,214,214,214,214,214,214,214,214,214,214,214,214,214,214,214,214,214,214,214,214,214,214,214,214,214,214,213,213,214,214
199,199,200,200,200,200,200,200,201,201,201,201,202,202,202,202,202,202,203,203,204,204,204,204,204,204,205,205,205,205,206,206,206,206,207,207,207,207,208,208,208,208,208,208,208,208,208,208,207,207,208,208,207,207,207,207,205,205,204,204,203,203,202,202,200,200,199,199,199,199,198,198,176,176,91,91,72,72,66,66,64,64,60,60,57,57,53,53,53,53,54,54,56,56,58,58,59,59,59,59,60,60,62,62,62,62,63,63,62,62,63,63,64,64,66,66,67,67,70,70,71,71,71,71,76,76,83,83,93,93,116,116,171,171,198,198,200,200,201,201,203,203,205,205,206,206,208,208,209,209,211,211,212,212,213,213,213,213,213,213,214,214,214,214,214,214,214,214,214,214,214,214,214,214,214,214,214,214,214,214,214,214,215,215,215,215,214,214,214,214,214,214,214,214,214,214,214,214,214,214
199,199,200,200,200,200,200,200,201,201,201,201,202,202,202,202,202,202,203,203,204,204,204,204,204,204,205,205,205,205,206,206,206,206,207,207,207,207,208,208,208,208,208,208,208,208,208,208,207,207,208,208,207,207,207,207,205,205,204,204,203,203,202,202,200,200,199,199,199,199,198,198,176,176,91,91,72,72,66,66,64,64,60,60,57,57,53,53,53,53,54,54,56,56,58,58,59,59,59,59,60,60,62,62,62,62,63,63,62,62,63,63,64,64,66,66,67,67,70,70,71,71,71,71,76,76,83,83,93,93,116,116,171,171,198,198,200,200,201,201,203,203,205,205,206,206,208,208,209,209,211,211,212,212,213,213,213,213,213,213,214,214,214,214,214,214,214,214,214,214,214,214,214,214,214,214,214,214,214,214,214,214,215,215,215,215,214,214,214,214,214,214,214,214,214,214,214,214,214,214
200,200,200,200,200,200,200,200,201,201,201,201,201,201,202,202,203,203,203,203,204,204,204,204,205,205,205,205,206,206,206,206,206,206,207,207,208,208,208,208,208,208,209,209,208,208,208,208,208,208,207,207,207,207,206,206,205,205,204,204,202,202,201,201,199,199,199,199,198,198,173,173,87,87,73,73,68,68,64,64,61,61,59,59,56,56,51,51,51,51,53,53,56,56,56,56,57,57,59,59,61,61,62,62,63,63,63,63,60,60,62,62,65,65,65,65,66,66,68,68,69,69,71,71,72,72,76,76,84,84,92,92,106,106,153,153,196,196,200,200,202,202,204,204,205,205,207,207,209,209,210,210,212,212,212,212,213,213,213,213,214,214,214,214,214,214,214,214,214,214,214,214,214,214,215,215,214,214,214,214,215,215,215,215,214,214,214,214,215,215,215,215,215,215,215,215,215,215,215,215
200,200,200,200,200,200,200,200,201,201,201,201,201,201,202,202,203,203,203,203,204,204,204,204,205,205,205,205,206,206,206,206,206,206,207,207,208,208,208,208,208,208,209,209,208,208,208,208,208,208,207,207,207,207,206,206,205,205,204,204,202,202,201,201,199,199,199,199,198,198,173,173,87,87,73,73,68,68,64,64,61,61,59,59,56,56,51,51,51,51,53,53,56,56,56,56,57,57,59,59,61,61,62,62,63,63,63,63,60,60,62,62,65,65,65,65,66,66,68,68,69,69,71,71,72,72,76,76,84,84,92,92,106,106,153,153,196,196,200,200,202,202,204,204,205,205,207,207,209,209,210,210,212,212,212,212,213,213,213,213,214,214,214,214,214,214,214,214,214,214,214,214,214,214,215,215,214,214,214,214,215,215,215,215,214,214,214,214,215,215,215,215,215,215,215,215,215,215,215,215
200,200,200,200,201,201,201,201,201,201,201,201,202,202,203,203,203,203,203,203,204,204,205,205,205,205,206,206,205,205,206,206,207,207,207,207,208,208,208,208,209,209,209,209,208,208,208,208,207,207,207,207,206,206,205,205,204,204,203,203,201,201,200,200,199,199,198,198,175,175,89,89,74,74,70,70,66,66,63,63,62,62,58,58,56,56,54,54,55,55,56,56,57,57,57,57,58,58,57,57,60,60,62,62,63,63,63,63,63,63,62,62,65,65,64,64,66,66,67,67,69,69,71,71,72,72,76,76,79,79,86,86,92,92,95,95,135,135,186,186,200,200,202,202,204,204,206,206,208,208,210,210,211,211,212,212,213,213,214,214,214,214,215,215,215,215,214,214,214,214,214,214,214,214,215,215,214,214,215,215,215,215,215,215,215,215,215,215,214,214,215,215,215,215,214,214,215,215,215,215
200,200,200,200,201,201,201,201,201,201,201,201,202,202,203,203,203,203,203,203,204,204,205,205,205,205,206,206,205,205,206,206,207,207,207,207,208,208,208,208,209,209,209,209,208,208,208,208,207,207,207,207,206,206,205,205,204,204,203,203,201,201,200,200,199,199,198,198,175,175,89,89,74,74,70,70,66,66,63,63,62,62,58,58,56,56,54,54,55,55,56,56,57,57,57,57,58,58,57,57,60,60,62,62,63,63,63,63,63,63,62,62,65,65,64,64,66,66,67,67,69,69,71,71,72,72,76,76,79,79,86,86,92,92,95,95,135,135,186,186,200,200,202,202,204,204,206,206,208,208,210,210,211,211,212,212,213,213,214,214,214,214,215,215,215,215,214,214,214,214,214,214,214,214,215,215,214,214,215,215,215,215,215,215,215,215,215,215,214,214,215,215,215,215,214,214,215,215,215,215
201,201,201,201,202,202,201,201,201,201,202,202,203,203,203,203,203,203,204,204,204,204,205,205,205,205,206,206,206,206,207,207,207,207,208,208,208,208,208,208,209,209,209,209,208,208,208,208,208,208,207,207,206,206,205,205,204,204,202,202,200,200,200,200,198,198,176,176,91,91,75,75,72,72,70,70,66,66,64,64,62,62,60,60,60,60,61,61,62,62,61,61,59,59,60,60,60,60,59,59,61,61,61,61,62,62,63,63,62,62,61,61,65,65,64,64,65,65,67,67,69,69,71,71,73,73,74,74,78,78,84,84,88,88,89,89,91,91,120,120,179,179,200,200,202,202,205,205,207,207,209,209,211,211,212,212,213,213,214,214,214,214,215,215,215,215,215,215,215,215,215,215,215,215,215,215,215,215,215,215,215,215,215,215,215,215,215,215,215,215,215,215,215,215,215,215,215,215,215,215
201,201,201,201,202,202,201,201,201,201,202,202,203,203,203,203,203,203,204,204,204,204,205,205,205,205,206,206,206,206,207,207,207,207,208,208,208,208,208,208,209,209,209,209,208,208,208,208,208,208,207,207,206,206,205,205,204,204,202,202,200,200,200,200,198,198,176,176,91,91,75,75,72,72,70,70,66,66,64,64,62,62,60,60,60,60,61,61,62,62,61,61,59,59,60,60,60,60,59,59,61,61,61,61,62,62,63,63,62,62,61,61,65,65,64,64,65,65,67,67,69,69,71,71,73,73,74,74,78,78,84,84,88,88,89,89,91,91,120,120,179,179,200,200,202,202,205,205,207,207,209,209,211,211,212,212,213,213,214,214,214,214,215,215,215,215,215,215,215,215,215,215,215,215,215,215,215,215,215,215,215,215,215,215,215,215,215,215,215,215,215,215,215,215,215,215,215,215,215,215
201,201,202,202,202,202,202,202,202,202,202,202,203,203,204,204,203,203,204,204,205,205,205,205,205,205,206,206,207,207,207,207,207,207,208,208,208,208,208,208,209,209,209,209,209,209,208,208,207,207,207,207,206,206,204,204,203,203,201,201,199,199,198,198,178,178,97,97,76,76,72,72,70,70,69,69,67,67,66,66,64,64,64,64,62,62,61,61,63,63,63,63,62,62,63,63,62,62,59,59,62,62,63,63,65,65,64,64,65,65,63,63,64,64,66,66,67,67,68,68,70,70,71,71,72,72,74,74,78,78,82,82,86,86,89,89,89,89,91,91,105,105,172,172,200,200,203,203,206,206,208,208,210,210,212,212,213,213,214,214,215,215,215,215,215,215,215,215,215,215,216,216,216,216,216,216,215,215,215,215,216,216,216,216,216,216,215,215,215,215,215,215,216,216,215,215,216,216,215,215
201,201,202,202,202,202,202,202,202,202,202,202,203,203,204,204,203,203,204,204,205,205,205,205,205,205,206,206,207,207,207,207,207,207,208,208,208,208,208,208,209,209,209,209,209,209,208,208,207,207,207,207,206,206,204,204,203,203,201,201,199,199,198,198,178,178,97,97,76,76,72,72,70,70,69,69,67,67,66,66,64,64,64,64,62,62,61,61,63,63,63,63,62,62,63,63,62,62,59,59,62,62,63,63,65,65,64,64,65,65,63,63,64,64,66,66,67,67,68,68,70,70,71,71,72,72,74,74,78,78,82,82,86,86,89,89,89,89,91,91,105,105,172,172,200,200,203,203,206,206,208,208,210,210,212,212,213,213,214,214,215,215,215,215,215,215,215,215,215,215,216,216,216,216,216,216,215,215,215,215,216,216,216,216,216,216,215,215,215,215,215,215,216,216,215,215,216,216,215,215
202,202,202,202,202,202,202,202,202,202,203,203,203,203,203,203,204,204,204,204,205,205,206,206,206,206,206,206,207,207,207,207,208,208,208,208,208,208,209,209,209,209,209,209,209,209,208,208,207,207,206,206,205,205,204,204,201,201,199,199,198,198,189,189,105,105,78,78,75,75,70,70,68,68,69,69,69,69,68,68,66,66,67,67,66,66,66,66,68,68,68,68,68,68,66,66,64,64,63,63,64,64,64,64,67,67,66,66,66,66,66,66,67,67,69,69,69,69,71,71,74,74,74,74,74,74,76,76,79,79,81,81,84,84,87,87,87,87,85,85,90,90,94,94,176,176,202,202,205,205,208,208,210,210,212,212,213,213,214,214,215,215,215,215,215,215,215,215,216,216,216,216,216,216,216,216,216,216,216,216,216,216,216,216,216,216,216,216,215,215,216,216,216,216,216,216,216,216,216,216
202,202,202,202,202,202,202,202,202,202,203,203,203,203,203,203,204,204,204,204,205,205,206,206,206,206,206,206,207,207,207,207,208,208,208,208,208,208,209,209,209,209,209,209,209,209,208,208,207,207,206,206,205,205,204,204,201,201,199,199,198,198,189,189,105,105,78,78,75,75,70,70,68,68,69,69,69,69,68,68,66,66,67,67,66,66,66,66,68,68,68,68,68,68,66,66,64,64,63,63,64,64,64,64,67,67,66,66,66,66,66,66,67,67,69,69,69,69,71,71,74,74,74,74,74,74,76,76,79,79,81,81,84,84,87,87,87,87,85,85,90,90,94,94,176,176,202,202,205,205,208,208,210,210,212,212,213,213,214,214,215,215,215,215,215,215,215,215,216,216,216,216,216,216,216,216,216,216,216,216,216,216,216,216,216,216,216,216,215,215,216,216,216,216,216,216,216,216,216,216
202,202,202,202,202,202,203,203,203,203,203,203,204,204,204,204,204,204,205,205,205,205,206,206,206,206,206,206,207,207,207,207,208,208,208,208,208,208,209,209,210,210,210,210,209,209,208,208,207,207,206,206,205,205,203,203,201,201,198,198,189,189,119,119,80,80,75,75,72,72,70,70,69,69,69,69,71,71,71,71,71,71,72,72,72,72,72,72,71,71,70,70,70,70,68,68,66,66,65,65,65,65,66,66,70,70,70,70,66,66,68,68,70,70,69,69,71,71,72,72,74,74,75,75,75,75,79,79,83,83,85,85,85,85,86,86,87,87,86,86,86,86,86,86,104,104,194,194,202,202,207,207,208,208,211,211,214,214,214,214,215,215,216,216,216,216,216,216,216,216,216,216,216,216,217,217,216,216,216,216,216,216,216,216,216,216,216,216,217,217,216,216,216,216,216,216,216,216,217,217
202,202,202,202,202,202,203,203,203,203,203,203,204,204,204,204,204,204,205,205,205,205,206,206,206,206,206,206,207,207,207,207,208,208,208,208,208,208,209,209,210,210,210,210,209,209,208,208,207,207,206,206,205,205,203,203,201,201,198,198,189,189,119,119,80,80,75,75,72,72,70,70,69,69,69,69,71,71,71,71,71,71,72,72,72,72,72,72,71,71,70,70,70,70,68,68,66,66,65,65,65,65,66,66,70,70,70,70,66,66,68,68,70,70,69,69,71,71,72,72,74,74,75,75,75,75,79,79,83,83,85,85,85,85,86,86,87,87,86,86,86,86,86,86,104,104,194,194,202,202,207,207,208,208,211,211,214,214,214,214,215,215,216,216,216,216,216,216,216,216,216,216,216,216,217,217,216,216,216,216,216,216,216,216,216,216,216,216,217,217,216,216,216,216,216,216,216,216,217,217
203,203,203,203,203,203,203,203,203,203,203,203,204,204,204,204,205,205,205,205,206,206,206,206,206,206,207,207,208,208,208,208,208,208,209,209,209,209,209,209,210,210,210,210,209,209,209,209,207,207,207,207,205,205,203,203,200,200,197,197,131,131,82,82,75,75,73,73,69,69,68,68,70,70,70,70,74,74,73,73,75,75,74,74,75,75,78,78,77,77,76,76,76,76,73,73,68,68,69,69,68,68,69,69,73,73,80,80,75,75,75,75,74,74,73,73,72,72,74,74,76,76,78,78,81,81,82,82,88,88,88,88,87,87,85,85,85,85,87,87,86,86,85,85,79,79,133,133,199,199,206,206,208,208,211,211,213,213,214,214,215,215,216,216,216,216,216,216,216,216,217,217,217,217,217,217,217,217,217,217,217,217,216,216,217,217,216,216,217,217,216,216,216,216,217,217,217,217,217,217
203,203,203,203,203,203,203,203,203,203,203,203,204,204,204,204,205,205,205,205,206,206,206,206,206,206,207,207,208,208,208,208,208,208,209,209,209,209,209,209,210,210,210,210,209,209,209,209,207,207,207,207,205,205,203,203,200,200,197,197,131,131,82,82,75,75,73,73,69,69,68,68,70,70,70,70,74,74,73,73,75,75,74,74,75,75,78,78,77,77,76,76,76,76,73,73,68,68,69,69,68,68,69,69,73,73,80,80,75,75,75,75,74,74,73,73,72,72,74,74,76,76,78,78,81,81,82,82,88,88,88,88,87,87,85,85,85,85,87,87,86,86,85,85,79,79,133,133,199,199,206,206,208,208,211,211,213,213,214,214,215,215,216,216,216,216,216,216,216,216,217,217,217,217,217,217,217,217,217,217,217,217,216,216,217,217,216,216,217,217,216,216,216,216,217,217,217,217,217,217
204,204,203,203,203,203,204,204,204,204,204,204,204,204,205,205,205,205,205,205,206,206,206,206,207,207,207,207,208,208,209,209,209,209,209,209,209,209,210,210,210,210,210,210,210,210,209,209,207,207,206,206,204,204,203,203,199,199,153,153,85,85,76,76,71,71,71,71,67,67,69,69,72,72,71,71,73,73,76,76,78,78,78,78,79,79,80,80,79,79,81,81,81,81,81,81,78,78,74,74,76,76,77,77,80,80,86,86,78,78,73,73,75,75,74,74,78,78,86,86,86,86,81,81,83,83,86,86,91,91,90,90,90,90,86,86,86,86,86,86,86,86,87,87,87,87,77,77,170,170,200,200,206,206,209,209,212,212,214,214,215,215,216,216,217,217,216,216,217,217,217,217,217,217,217,217,217,217,217,217,217,217,217,217,217,217,217,217,217,217,217,217,217,217,217,217,217,217,217,217
204,204,203,203,203,203,204,204,204,204,204,204,204,204,205,205,205,205,205,205,206,206,206,206,207,207,207,207,208,208,209,209,209,209,209,209,209,209,210,210,210,210,210,210,210,210,209,209,207,207,206,206,204,204,203,203,199,199,153,153,85,85,76,76,71,71,71,71,67,67,69,69,72,72,71,71,73,73,76,76,78,78,78,78,79,79,80,80,79,79,81,81,81,81,81,81,78,78,74,74,76,76,77,77,80,80,86,86,78,78,73,73,75,75,74,74,78,78,86,86,86,86,81,81,83,83,86,86,91,91,90,90,90,90,86,86,86,86,86,86,86,86,87,87,87,87,77,77,170,170,200,200,206,206,209,209,212,212,214,214,215,215,216,216,217,217,216,216,217,217,217,217,217,217,217,217,217,217,217,217,217,217,217,217,217,217,217,217,217,217,217,217,217,217,217,217,217,217,217,217
204,204,204,204,204,204,204,204,205,205,205,205,205,205,205,205,205,205,206,206,206,206,207,207,207,207,208,208,208,208,209,209,209,209,209,209,210,210,210,210,211,211,211,211,210,210,209,209,208,208,206,206,205,205,202,202,192,192,102,102,82,82,74,74,69,69,69,69,68,68,69,69,73,73,70,70,71,71,75,75,77,77,82,82,79,79,79,79,77,77,75,75,81,81,82,82,82,82,81,81,77,77,78,78,80,80,83,83,83,83,84,84,81,81,83,83,86,86,94,94,94,94,88,88,83,83,86,86,91,91,88,88,91,91,88,88,88,88,88,88,88,88,88,88,87,87,87,87,98,98,195,195,203,203,207,207,210,210,213,213,215,215,217,217,217,217,217,217,217,217,217,217,217,217,217,217,217,217,217,217,218,218,217,217,217,217,217,217,217,217,217,217,217,217,217,217,217,217,217,217
204,204,204,204,204,204,204,204,205,205,205,205,205,205,205,205,205,205,206,206,206,206,207,207,207,207,208,208,208,208,209,209,209,209,209,209,210,210,210,210,211,211,211,211,210,210,209,209,208,208,206,206,205,205,202,202,192,192,102,102,82,82,74,74,69,69,69,69,68,68,69,69,73,73,70,70,71,71,75,75,77,77,82,82,79,79,79,79,77,77,75,75,81,81,82,82,82,82,81,81,77,77,78,78,80,80,83,83,83,83,84,84,81,81,83,83,86,86,94,94,94,94,88,88,83,83,86,86,91,91,88,88,91,91,88,88,88,88,88,88,88,88,88,88,87,87,87,87,98,98,195,195,203,203,207,207,210,210,213,213,215,215,217,217,217,217,217,217,217,217,217,217,217,217,217,217,217,217,217,217,218,218,217,217,217,217,217,217,217,217,217,217,217,217,217,217,217,217,217,217
204,204,204,204,205,205,205,205,205,205,205,205,205,205,206,206,206,206,207,207,207,207,207,207,208,208,208,208,209,209,210,210,210,210,210,210,210,210,210,210,211,211,210,210,210,210,209,209,207,207,206,206,203,203,199,199,151,151,78,78,76,76,72,72,68,68,67,67,71,71,72,72,77,77,72,72,72,72,76,76,79,79,82,82,81,81,81,81,81,81,85,85,85,85,86,86,85,85,87,87,83,83,79,79,80,80,81,81,84,84,87,87,82,82,82,82,90,90,93,93,86,86,83,83,82,82,86,86,88,88,88,88,89,89,85,85,86,86,92,92,92,92,93,93,92,92,92,92,76,76,157,157,200,200,205,205,208,208,211,211,215,215,216,216,217,217,216,216,217,217,217,217,217,217,218,218,218,218,218,218,218,218,217,217,217,217,218,218,218,218,217,217,217,217,218,218,217,217,217,217
204,204,204,204,205,205,205,205,205,205,205,205,205,205,206,206,206,206,207,207,207,207,207,207,208,208,208,208,209,209,210,210,210,210,210,210,210,210,210,210,211,211,210,210,210,210,209,209,207,207,206,206,203,203,199,199,151,151,78,78,76,76,72,72,68,68,67,67,71,71,72,72,77,77,72,72,72,72,76,76,79,79,82,82,81,81,81,81,81,81,85,85,85,85,86,86,85,85,87,87,83,83,79,79,80,80,81,81,84,84,87,87,82,82,82,82,90,90,93,93,86,86,83,83,82,82,86,86,88,88,88,88,89,89,85,85,86,86,92,92,92,92,93,93,92,92,92,92,76,76,157,157,200,200,205,205,208,208,211,211,215,215,216,216,217,217,216,216,217,217,217,217,217,217,218,218,218,218,218,218,218,218,217,217,217,217,218,218,218,218,217,217,217,217,218,218,217,217,217,217
205,205,205,205,206,206,205,205,205,205,206,206,206,206,206,206,207,207,207,207,207,207,208,208,208,208,209,209,209,209,210,210,210,210,211,211,211,211,211,211,211,211,211,211,210,210,208,208,207,207,205,205,203,203,188,188,90,90,78,78,72,72,71,71,68,68,66,66,70,70,69,69,74,74,70,70,73,73,76,76,78,78,80,80,81,81,79,79,81,81,85,85,88,88,91,91,87,87,89,89,85,85,82,82,83,83,82,82,81,81,79,79,73,73,77,77,76,76,81,81,85,85,89,89,83,83,84,84,89,89,87,87,86,86,89,89,88,88,92,92,100,100,98,98,96,96,95,95,90,90,88,88,194,194,199,199,204,204,210,210,213,213,215,215,216,216,217,217,217,217,217,217,218,218,217,217,217,217,218,218,218,218,218,218,218,218,218,218,218,218,218,218,218,218,218,218,218,218,218,218
205,205,205,205,206,206,205,205,205,205,206,206,206,206,206,206,207,207,207,207,207,207,208,208,208,208,209,209,209,209,210,210,210,210,211,211,211,211,211,211,211,211,211,211,210,210,208,208,207,207,205,205,203,203,188,188,90,90,78,78,72,72,71,71,68,68,66,66,70,70,69,69,74,74,70,70,73,73,76,76,78,78,80,80,81,81,79,79,81,81,85,85,88,88,91,91,87,87,89,89,85,85,82,82,83,83,82,82,81,81,79,79,73,73,77,77,76,76,81,81,85,85,89,89,83,83,84,84,89,89,87,87,86,86,89,89,88,88,92,92,100,100,98,98,96,96,95,95,90,90,88,88,194,194,199,199,204,204,210,210,213,213,215,215,216,216,217,217,217,217,217,217,218,218,217,217,217,217,218,218,218,218,218,218,218,218,218,218,218,218,218,218,218,218,218,218,218,218,218,218
205,205,205,205,205,205,206,206,206,206,206,206,206,206,207,207,207,207,207,207,208,208,208,208,209,209,209,209,210,210,210,210,212,212,211,211,212,212,212,212,212,212,212,212,211,211,208,208,207,207,205,205,203,203,150,150,73,73,77,77,72,72,69,69,67,67,66,66,66,66,67,67,67,67,66,66,71,71,76,76,76,76,77,77,77,77,78,78,80,80,84,84,87,87,88,88,89,89,83,83,78,78,77,77,76,76,77,77,74,74,69,69,71,71,74,74,75,75,78,78,82,82,80,80,85,85,86,86,86,86,92,92,90,90,85,85,88,88,96,96,100,100,103,103,100,100,98,98,91,91,74,74,159,159,197,197,202,202,207,207,211,211,213,213,215,215,216,216,217,217,217,217,218,218,218,218,218,218,218,218,218,218,218,218,218,218,218,218,218,218,219,219,218,218,218,218,218,218,218,218
205,205,205,205,205,205,206,206,206,206,206,206,206,206,207,207,207,207,207,207,208,208,208,208,209,209,209,209,210,210,210,210,212,212,211,211,212,212,212,212,212,212,212,212,211,211,208,208,207,207,205,205,203,203,150,150,73,73,77,77,72,72,69,69,67,67,66,66,66,66,67,67,67,67,66,66,71,71,76,76,76,76,77,77,77,77,78,78,80,80,84,84,87,87,88,88,89,89,83,83,78,78,77,77,76,76,77,77,74,74,69,69,71,71,74,74,75,75,78,78,82,82,80,80,85,85,86,86,86,86,92,92,90,90,85,85,88,88,96,96,100,100,103,103,100,100,98,98,91,91,74,74,159,159,197,197,202,202,207,207,211,211,213,213,215,215,216,216,217,217,217,217,218,218,218,218,218,218,218,218,218,218,218,218,218,218,218,218,218,218,219,219,218,218,218,218,218,218,218,218
206,206,206,206,206,206,206,206,207,207,207,207,207,207,207,207,208,208,208,208,208,208,209,209,210,210,210,210,210,210,211,211,211,211,212,212,212,212,212,212,212,212,212,212,210,210,208,208,207,207,205,205,200,200,95,95,74,74,75,75,71,71,69,69,66,66,66,66,66,66,65,65,64,64,66,66,71,71,76,76,78,78,78,78,73,73,74,74,77,77,80,80,85,85,87,87,87,87,83,83,76,76,77,77,74,74,73,73,73,73,74,74,71,71,76,76,73,73,74,74,73,73,77,77,84,84,94,94,88,88,96,96,92,92,89,89,88,88,92,92,99,99,104,104,101,101,102,102,95,95,83,83,98,98,192,192,199,199,204,204,209,209,211,211,213,213,215,215,217,217,217,217,218,218,218,218,218,218,218,218,218,218,218,218,218,218,218,218,218,218,219,219,219,219,219,219,218,218,219,219
206,206,206,206,206,206,206,206,207,207,207,207,207,207,207,207,208,208,208,208,208,208,209,209,210,210,210,210,210,210,211,211,211,211,212,212,212,212,212,212,212,212,212,212,210,210,208,208,207,207,205,205,200,200,95,95,74,74,75,75,71,71,69,69,66,66,66,66,66,66,65,65,64,64,66,66,71,71,76,76,78,78,78,78,73,73,74,74,77,77,80,80,85,85,87,87,87,87,83,83,76,76,77,77,74,74,73,73,73,73,74,74,71,71,76,76,73,73,74,74,73,73,77,77,84,84,94,94,88,88,96,96,92,92,89,89,88,88,92,92,99,99,104,104,101,101,102,102,95,95,83,83,98,98,192,192,199,199,204,204,209,209,211,211,213,213,215,215,217,217,217,217,218,218,218,218,218,218,218,218,218,218,218,218,218,218,218,218,218,218,219,219,219,219,219,219,218,218,219,219
207,207,207,207,207,207,207,207,208,208,207,207,207,207,208,208,208,208,208,208,209,209,210,210,210,210,211,211,211,211,211,211,212,212,212,212,213,213,213,213,213,213,212,212,210,210,209,209,207,207,206,206,182,182,67,67,74,74,74,74,70,70,68,68,66,66,66,66,66,66,64,64,65,65,69,69,74,74,77,77,82,82,77,77,73,73,74,74,77,77,77,77,79,79,80,80,80,80,84,84,83,83,87,87,82,82,73,73,74,74,71,71,69,69,78,78,74,74,73,73,75,75,74,74,81,81,90,90,85,85,87,87,85,85,84,84,88,88,92,92,101,101,102,102,101,101,104,104,101,101,84,84,65,65,184,184,199,199,203,203,208,208,210,210,211,211,213,213,216,216,217,217,218,218,219,219,219,219,219,219,218,218,218,218,219,219,219,219,219,219,219,219,219,219,219,219,219,219,219,219
207,207,207,207,207,207,207,207,208,208,207,207,207,207,208,208,208,208,208,208,209,209,210,210,210,210,211,211,211,211,211,211,212,212,212,212,213,213,213,213,213,213,212,212,210,210,209,209,207,207,206,206,182,182,67,67,74,74,74,74,70,70,68,68,66,66,66,66,66,66,64,64,65,65,69,69,74,74,77,77,82,82,77,77,73,73,74,74,77,77,77,77,79,79,80,80,80,80,84,84,83,83,87,87,82,82,73,73,74,74,71,71,69,69,78,78,74,74,73,73,75,75,74,74,81,81,90,90,85,85,87,87,85,85,84,84,88,88,92,92,101,101,102,102,101,101,104,104,101,101,84,84,65,65,184,184,199,199,203,203,208,208,210,210,211,211,213,213,216,216,217,217,218,218,219,219,219,219,219,219,218,218,218,218,219,219,219,219,219,219,219,219,219,219,219,219,219,219,219,219
208,208,207,207,208,208,208,208,208,208,208,208,208,208,208,208,208,208,209,209,210,210,210,210,211,211,211,211,211,211,212,212,212,212,213,213,213,213,213,213,213,213,212,212,211,211,209,209,207,207,204,204,146,146,64,64,74,74,73,73,69,69,67,67,65,65,64,64,65,65,64,64,67,67,72,72,74,74,78,78,81,81,80,80,77,77,78,78,77,77,75,75,76,76,78,78,81,81,81,81,85,85,83,83,80,80,74,74,72,72,70,70,74,74,73,73,68,68,76,76,75,75,79,79,82,82,81,81,87,87,86,86,87,87,87,87,88,88,92,92,100,100,103,103,99,99,104,104,106,106,90,90,76,76,175,175,198,198,202,202,206,206,208,208,210,210,212,212,213,213,215,215,217,217,218,218,219,219,219,219,218,218,219,219,219,219,219,219,219,219,219,219,219,219,219,219,219,219,219,219
208,208,207,207,208,208,208,208,208,208,208,208,208,208,208,208,208,208,209,209,210,210,210,210,211,211,211,211,211,211,212,212,212,212,213,213,213,213,213,213,213,213,212,212,211,211,209,209,207,207,204,204,146,146,64,64,74,74,73,73,69,69,67,67,65,65,64,64,65,65,64,64,67,67,72,72,74,74,78,78,81,81,80,80,77,77,78,78,77,77,75,75,76,76,78,78,81,81,81,81,85,85,83,83,80,80,74,74,72,72,70,70,74,74,73,73,68,68,76,76,75,75,79,79,82,82,81,81,87,87,86,86,87,87,87,87,88,88,92,92,100,100,103,103,99,99,104,104,106,106,90,90,76,76,175,175,198,198,202,202,206,206,208,208,210,210,212,212,213,213,215,215,217,217,218,218,219,219,219,219,218,218,219,219,219,219,219,219,219,219,219,219,219,219,219,219,219,219,219,219
208,208,208,208,208,208,208,208,209,209,208,208,209,209,208,208,208,208,210,210,210,210,211,211,211,211,212,212,212,212,212,212,213,213,213,213,214,214,214,214,213,213,213,213,211,211,209,209,206,206,202,202,109,109,71,71,73,73,72,72,68,68,65,65,65,65,65,65,66,66,64,64,65,65,71,71,76,76,73,73,83,83,87,87,80,80,78,78,79,79,75,75,76,76,80,80,78,78,82,82,83,83,83,83,80,80,77,77,77,77,83,83,82,82,80,80,77,77,79,79,77,77,82,82,83,83,81,81,80,80,86,86,89,89,94,94,95,95,92,92,99,99,103,103,105,105,103,103,108,108,100,100,78,78,141,141,194,194,200,200,204,204,208,208,210,210,211,211,213,213,214,214,216,216,218,218,219,219,219,219,219,219,219,219,219,219,219,219,219,219,220,220,220,220,220,220,219,219,219,219
208,208,208,208,208,208,208,208,209,209,208,208,209,209,208,208,208,208,210,210,210,210,211,211,211,211,212,212,212,212,212,212,213,213,213,213,214,214,214,214,213,213,213,213,211,211,209,209,206,206,202,202,109,109,71,71,73,73,72,72,68,68,65,65,65,65,65,65,66,66,64,64,65,65,71,71,76,76,73,73,83,83,87,87,80,80,78,78,79,79,75,75,76,76,80,80,78,78,82,82,83,83,83,83,80,80,77,77,77,77,83,83,82,82,80,80,77,77,79,79,77,77,82,82,83,83,81,81,80,80,86,86,89,89,94,94,95,95,92,92,99,99,103,103,105,105,103,103,108,108,100,100,78,78,141,141,194,194,200,200,204,204,208,208,210,210,211,211,213,213,214,214,216,216,218,218,219,219,219,219,219,219,219,219,219,219,219,219,219,219,220,220,220,220,220,220,219,219,219,219
208,208,209,209,209,209,208,208,209,209,209,209,209,209,209,209,209,209,210,210,210,210,211,211,212,212,212,212,212,212,213,213,213,213,214,214,215,215,214,214,214,214,213,213,211,211,209,209,207,207,200,200,90,90,75,75,75,75,72,72,68,68,66,66,66,66,68,68,67,67,66,66,66,66,69,69,72,72,78,78,85,85,86,86,83,83,81,81,87,87,80,80,76,76,78,78,78,78,77,77,77,77,80,80,83,83,87,87,87,87,83,83,83,83,84,84,78,78,78,78,81,81,80,80,82,82,79,79,81,81,87,87,93,93,100,100,100,100,95,95,95,95,100,100,106,106,108,108,110,110,108,108,99,99,117,117,189,189,196,196,202,202,206,206,208,208,211,211,212,212,214,214,215,215,217,217,218,218,219,219,219,219,219,219,219,219,220,220,220,220,220,220,220,220,220,220,219,219,219,219
208,208,209,209,209,209,208,208,209,209,209,209,209,209,209,209,209,209,210,210,210,210,211,211,212,212,212,212,212,212,213,213,213,213,214,214,215,215,214,214,214,214,213,213,211,211,209,209,207,207,200,200,90,90,75,75,75,75,72,72,68,68,66,66,66,66,68,68,67,67,66,66,66,66,69,69,72,72,78,78,85,85,86,86,83,83,81,81,87,87,80,80,76,76,78,78,78,78,77,77,77,77,80,80,83,83,87,87,87,87,83,83,83,83,84,84,78,78,78,78,81,81,80,80,82,82,79,79,81,81,87,87,93,93,100,100,100,100,95,95,95,95,100,100,106,106,108,108,110,110,108,108,99,99,117,117,189,189,196,196,202,202,206,206,208,208,211,211,212,212,214,214,215,215,217,217,218,218,219,219,219,219,219,219,219,219,220,220,220,220,220,220,220,220,220,220,219,219,219,219
209,209,209,209,209,209,209,209,210,210,209,209,210,210,209,209,209,209,211,211,211,211,212,212,212,212,213,213,213,213,213,213,214,214,215,215,215,215,215,215,215,215,214,214,211,211,208,208,206,206,199,199,84,84,77,77,74,74,71,71,67,67,64,64,68,68,70,70,71,71,72,72,74,74,78,78,81,81,85,85,86,86,83,83,88,88,93,93,92,92,87,87,79,79,80,80,82,82,82,82,76,76,79,79,80,80,82,82,83,83,81,81,81,81,77,77,77,77,78,78,78,78,83,83,84,84,82,82,85,85,92,92,95,95,99,99,97,97,91,91,93,93,96,96,103,103,110,110,115,115,113,113,104,104,108,108,187,187,194,194,198,198,203,203,207,207,210,210,212,212,213,213,214,214,216,216,218,218,219,219,219,219,219,219,219,219,219,219,220,220,220,220,220,220,220,220,219,219,220,220
209,209,209,209,209,209,209,209,210,210,209,209,210,210,209,209,209,209,211,211,211,211,212,212,212,212,213,213,213,213,213,213,214,214,215,215,215,215,215,215,215,215,214,214,211,211,208,208,206,206,199,199,84,84,77,77,74,74,71,71,67,67,64,64,68,68,70,70,71,71,72,72,74,74,78,78,81,81,85,85,86,86,83,83,88,88,93,93,92,92,87,87,79,79,80,80,82,82,82,82,76,76,79,79,80,80,82,82,83,83,81,81,81,81,77,77,77,77,78,78,78,78,83,83,84,84,82,82,85,85,92,92,95,95,99,99,97,97,91,91,93,93,96,96,103,103,110,110,115,115,113,113,104,104,108,108,187,187,194,194,198,198,203,203,207,207,210,210,212,212,213,213,214,214,216,216,218,218,219,219,219,219,219,219,219,219,219,219,220,220,220,220,220,220,220,220,219,219,220,220
209,209,210,210,209,209,210,210,210,210,210,210,211,211,210,210,210,210,212,212,212,212,212,212,213,213,214,214,214,214,214,214,215,215,215,215,216,216,216,216,215,215,214,214,212,212,209,209,206,206,200,200,86,86,78,78,75,75,70,70,65,65,61,61,66,66,67,67,68,68,68,68,72,72,77,77,80,80,82,82,84,84,81,81,86,86,89,89,91,91,96,96,86,86,87,87,74,74,79,79,76,76,84,84,84,84,82,82,82,82,82,82,84,84,80,80,80,80,83,83,81,81,82,82,83,83,83,83,89,89,96,96,97,97,97,97,96,96,84,84,88,88,94,94,98,98,106,106,117,117,117,117,109,109,97,97,183,183,190,190,196,196,200,200,205,205,209,209,211,211,212,212,214,214,215,215,217,217,219,219,219,219,220,220,220,220,220,220,220,220,220,220,220,220,220,220,220,220,220,220
209,209,210,210,209,209,210,210,210,210,210,210,211,211,210,210,210,210,212,212,212,212,212,212,213,213,214,214,214,214,214,214,215,215,215,215,216,216,216,216,215,215,214,214,212,212,209,209,206,206,200,200,86,86,78,78,75,75,70,70,65,65,61,61,66,66,67,67,68,68,68,68,72,72,77,77,80,80,82,82,84,84,81,81,86,86,89,89,91,91,96,96,86,86,87,87,74,74,79,79,76,76,84,84,84,84,82,82,82,82,82,82,84,84,80,80,80,80,83,83,81,81,82,82,83,83,83,83,89,89,96,96,97,97,97,97,96,96,84,84,88,88,94,94,98,98,106,106,117,117,117,117,109,109,97,97,183,183,190,190,196,196,200,200,205,205,209,209,211,211,212,212,214,214,215,215,217,217,219,219,219,219,220,220,220,220,220,220,220,220,220,220,220,220,220,220,220,220,220,220
209,209,210,210,210,210,210,210,211,211,211,211,211,211,212,212,212,212,212,212,213,213,213,213,214,214,215,215,215,215,215,215,216,216,216,216,216,216,216,216,216,216,215,215,213,213,209,209,207,207,188,188,80,80,78,78,77,77,68,68,60,60,54,54,56,56,57,57,57,57,57,57,65,65,71,71,76,76,78,78,83,83,85,85,92,92,96,96,99,99,99,99,90,90,89,89,88,88,84,84,84,84,86,86,86,86,88,88,90,90,90,90,90,90,90,90,92,92,87,87,83,83,84,84,85,85,86,86,88,88,93,93,91,91,90,90,84,84,81,81,92,92,95,95,99,99,105,105,116,116,117,117,111,111,110,110,181,181,188,188,193,193,198,198,202,202,206,206,210,210,211,211,213,213,214,214,216,216,218,218,219,219,219,219,220,220,220,220,220,220,220,220,220,220,220,220,219,219,220,220
209,209,210,210,210,210,210,210,211,211,211,211,211,211,212,212,212,212,212,212,213,213,213,213,214,214,215,215,215,215,215,215,216,216,216,216,216,216,216,216,216,216,215,215,213,213,209,209,207,207,188,188,80,80,78,78,77,77,68,68,60,60,54,54,56,56,57,57,57,57,57,57,65,65,71,71,76,76,78,78,83,83,85,85,92,92,96,96,99,99,99,99,90,90,89,89,88,88,84,84,84,84,86,86,86,86,88,88,90,90,90,90,90,90,90,90,92,92,87,87,83,83,84,84,85,85,86,86,88,88,93,93,91,91,90,90,84,84,81,81,92,92,95,95,99,99,105,105,116,116,117,117,111,111,110,110,181,181,188,188,193,193,198,198,202,202,206,206,210,210,211,211,213,213,214,214,216,216,218,218,219,219,219,219,220,220,220,220,220,220,220,220,220,220,220,220,219,219,220,220
210,210,211,211,211,211,211,211,212,212,211,211,211,211,212,212,213,213,213,213,213,213,214,214,214,214,215,215,215,215,216,216,216,216,216,216,217,217,217,217,217,217,215,215,213,213,209,209,206,206,198,198,100,100,79,79,78,78,66,66,57,57,53,53,54,54,54,54,53,53,56,56,60,60,61,61,68,68,71,71,79,79,88,88,95,95,106,106,109,109,106,106,104,104,96,96,92,92,92,92,82,82,82,82,84,84,94,94,98,98,98,98,103,103,104,104,103,103,89,89,85,85,86,86,83,83,79,79,72,72,85,85,83,83,88,88,92,92,88,88,92,92,100,100,101,101,107,107,115,115,117,117,115,115,119,119,177,177,186,186,191,191,195,195,200,200,204,204,208,208,210,210,213,213,214,214,216,216,217,217,218,218,220,220,220,220,220,220,220,220,221,221,221,221,220,220,220,220,220,220
210,210,211,211,211,211,211,211,212,212,211,211,211,211,212,212,213,213,213,213,213,213,214,214,214,214,215,215,215,215,216,216,216,216,216,216,217,217,217,217,217,217,215,215,213,213,209,209,206,206,198,198,100,100,79,79,78,78,66,66,57,57,53,53,54,54,54,54,53,53,56,56,60,60,61,61,68,68,71,71,79,79,88,88,95,95,106,106,109,109,106,106,104,104,96,96,92,92,92,92,82,82,82,82,84,84,94,94,98,98,98,98,103,103,104,104,103,103,89,89,85,85,86,86,83,83,79,79,72,72,85,85,83,83,88,88,92,92,88,88,92,92,100,100,101,101,107,107,115,115,117,117,115,115,119,119,177,177,186,186,191,191,195,195,200,200,204,204,208,208,210,210,213,213,214,214,216,216,217,217,218,218,220,220,220,220,220,220,220,220,221,221,221,221,220,220,220,220,220,220
211,211,211,211,212,212,212,212,212,212,212,212,213,213,213,213,213,213,214,214,214,214,215,215,215,215,216,216,216,216,216,216,216,216,217,217,217,217,217,217,217,217,216,216,214,214,210,210,207,207,199,199,96,96,83,83,75,75,66,66,59,59,58,58,58,58,51,51,55,55,56,56,53,53,57,57,66,66,65,65,78,78,82,82,89,89,98,98,98,98,102,102,96,96,93,93,94,94,93,93,81,81,86,86,91,91,94,94,101,101,103,103,105,105,103,103,98,98,84,84,83,83,80,80,74,74,68,68,62,62,77,77,81,81,86,86,93,93,95,95,96,96,99,99,105,105,112,112,115,115,114,114,115,115,110,110,180,180,185,185,189,189,193,193,197,197,202,202,206,206,209,209,211,211,213,213,215,215,216,216,218,218,220,220,220,220,221,221,221,221,221,221,221,221,221,221,221,221,220,220
211,211,211,211,212,212,212,212,212,212,212,212,213,213,213,213,213,213,214,214,214,214,215,215,215,215,216,216,216,216,216,216,216,216,217,217,217,217,217,217,217,217,216,216,214,214,210,210,207,207,199,199,96,96,83,83,75,75,66,66,59,59,58,58,58,58,51,51,55,55,56,56,53,53,57,57,66,66,65,65,78,78,82,82,89,89,98,98,98,98,102,102,96,96,93,93,94,94,93,93,81,81,86,86,91,91,94,94,101,101,103,103,105,105,103,103,98,98,84,84,83,83,80,80,74,74,68,68,62,62,77,77,81,81,86,86,93,93,95,95,96,96,99,99,105,105,112,112,115,115,114,114,115,115,110,110,180,180,185,185,189,189,193,193,197,197,202,202,206,206,209,209,211,211,213,213,215,215,216,216,218,218,220,220,220,220,221,221,221,221,221,221,221,221,221,221,221,221,220,220
211,211,212,212,212,212,213,213,213,213,213,213,213,213,213,213,214,214,215,215,215,215,215,215,216,216,216,216,217,217,217,217,217,217,218,218,218,218,218,218,218,218,217,217,214,214,210,210,206,206,193,193,102,102,85,85,75,75,68,68,66,66,66,66,67,67,64,64,67,67,66,66,58,58,54,54,57,57,60,60,66,66,74,74,81,81,83,83,82,82,83,83,79,79,82,82,93,93,95,95,91,91,87,87,88,88,85,85,83,83,81,81,79,79,79,79,75,75,70,70,71,71,74,74,78,78,77,77,80,80,84,84,87,87,94,94,95,95,91,91,92,92,101,101,106,106,117,117,117,117,113,113,114,114,118,118,178,178,182,182,187,187,192,192,195,195,201,201,204,204,208,208,210,210,212,212,214,214,215,215,217,217,219,219,220,220,221,221,221,221,221,221,221,221,221,221,221,221,220,220
211,211,212,212,212,212,213,213,213,213,213,213,213,213,213,213,214,214,215,215,215,215,215,215,216,216,216,216,217,217,217,217,217,217,218,218,218,218,218,218,218,218,217,217,214,214,210,210,206,206,193,193,102,102,85,85,75,75,68,68,66,66,66,66,67,67,64,64,67,67,66,66,58,58,54,54,57,57,60,60,66,66,74,74,81,81,83,83,82,82,83,83,79,79,82,82,93,93,95,95,91,91,87,87,88,88,85,85,83,83,81,81,79,79,79,79,75,75,70,70,71,71,74,74,78,78,77,77,80,80,84,84,87,87,94,94,95,95,91,91,92,92,101,101,106,106,117,117,117,117,113,113,114,114,118,118,178,178,182,182,187,187,192,192,195,195,201,201,204,204,208,208,210,210,212,212,214,214,215,215,217,217,219,219,220,220,221,221,221,221,221,221,221,221,221,221,221,221,220,220
212,212,212,212,213,213,213,213,213,213,214,214,213,213,214,214,215,215,215,215,215,215,216,216,216,216,217,217,217,217,217,217,218,218,218,218,218,218,218,218,219,219,217,217,214,214,209,209,193,193,166,166,110,110,83,83,73,73,71,71,71,71,71,71,72,72,75,75,73,73,71,71,69,69,62,62,58,58,59,59,56,56,63,63,68,68,67,67,66,66,69,69,69,69,72,72,83,83,96,96,91,91,90,90,84,84,78,78,75,75,67,67,66,66,65,65,63,63,61,61,69,69,72,72,77,77,78,78,83,83,87,87,89,89,92,92,96,96,100,100,101,101,106,106,111,111,114,114,119,119,109,109,113,113,147,147,147,147,95,95,119,119,185,185,195,195,200,200,203,203,206,206,209,209,211,211,213,213,215,215,217,217,219,219,220,220,220,220,221,221,221,221,221,221,221,221,221,221,220,220
212,212,212,212,213,213,213,213,213,213,214,214,213,213,214,214,215,215,215,215,215,215,216,216,216,216,217,217,217,217,217,217,218,218,218,218,218,218,218,218,219,219,217,217,214,214,209,209,193,193,166,166,110,110,83,83,73,73,71,71,71,71,71,71,72,72,75,75,73,73,71,71,69,69,62,62,58,58,59,59,56,56,63,63,68,68,67,67,66,66,69,69,69,69,72,72,83,83,96,96,91,91,90,90,84,84,78,78,75,75,67,67,66,66,65,65,63,63,61,61,69,69,72,72,77,77,78,78,83,83,87,87,89,89,92,92,96,96,100,100,101,101,106,106,111,111,114,114,119,119,109,109,113,113,147,147,147,147,95,95,119,119,185,185,195,195,200,200,203,203,206,206,209,209,211,211,213,213,215,215,217,217,219,219,220,220,220,220,221,221,221,221,221,221,221,221,221,221,220,220
212,212,213,213,214,214,214,214,214,214,214,214,214,214,214,214,215,215,215,215,216,216,216,216,217,217,217,217,218,218,218,218,218,218,219,219,219,219,219,219,219,219,218,218,214,214,196,196,80,80,46,46,60,60,80,80,75,75,73,73,72,72,69,69,72,72,76,76,79,79,81,81,86,86,83,83,82,82,71,71,65,65,63,63,64,64,65,65,60,60,57,57,52,52,58,58,69,69,82,82,84,84,83,83,82,82,79,79,78,78,67,67,66,66,67,67,65,65,67,67,74,74,83,83,89,89,91,91,91,91,87,87,89,89,91,91,94,94,96,96,107,107,112,112,109,109,110,110,114,114,105,105,112,112,97,97,37,37,53,53,89,89,129,129,194,194,198,198,202,202,204,204,207,207,210,210,212,212,215,215,216,216,218,218,220,220,221,221,221,221,221,221,221,221,221,221,221,221,221,221
212,212,213,213,214,214,214,214,214,214,214,214,214,214,214,214,215,215,215,215,216,216,216,216,217,217,217,217,218,218,218,218,218,218,219,219,219,219,219,219,219,219,218,218,214,214,196,196,80,80,46,46,60,60,80,80,75,75,73,73,72,72,69,69,72,72,76,76,79,79,81,81,86,86,83,83,82,82,71,71,65,65,63,63,64,64,65,65,60,60,57,57,52,52,58,58,69,69,82,82,84,84,83,83,82,82,79,79,78,78,67,67,66,66,67,67,65,65,67,67,74,74,83,83,89,89,91,91,91,91,87,87,89,89,91,91,94,94,96,96,107,107,112,112,109,109,110,110,114,114,105,105,112,112,97,97,37,37,53,53,89,89,129,129,194,194,198,198,202,202,204,204,207,207,210,210,212,212,215,215,216,216,218,218,220,220,221,221,221,221,221,221,221,221,221,221,221,221,221,221
213,213,214,214,214,214,214,214,215,215,215,215,214,214,215,215,215,215,216,216,217,217,217,217,217,217,217,217,218,218,218,218,219,219,219,219,219,219,220,220,220,220,219,219,215,215,173,173,69,69,49,49,58,58,78,78,77,77,76,76,70,70,72,72,77,77,74,74,78,78,77,77,79,79,81,81,82,82,83,83,79,79,76,76,72,72,67,67,60,60,58,58,51,51,53,53,63,63,77,77,71,71,70,70,67,67,70,70,65,65,64,64,62,62,64,64,71,71,80,80,80,80,70,70,52,52,48,48,44,44,36,36,35,35,44,44,54,54,60,60,85,85,111,111,110,110,110,110,108,108,106,106,112,112,66,66,51,51,95,95,51,51,85,85,195,195,198,198,200,200,203,203,205,205,208,208,211,211,214,214,217,217,217,217,220,220,221,221,221,221,221,221,221,221,221,221,221,221,221,221
213,213,214,214,214,214,214,214,215,215,215,215,214,214,215,215,215,215,216,216,217,217,217,217,217,217,217,217,218,218,218,218,219,219,219,219,219,219,220,220,220,220,219,219,215,215,173,173,69,69,49,49,58,58,78,78,77,77,76,76,70,70,72,72,77,77,74,74,78,78,77,77,79,79,81,81,82,82,83,83,79,79,76,76,72,72,67,67,60,60,58,58,51,51,53,53,63,63,77,77,71,71,70,70,67,67,70,70,65,65,64,64,62,62,64,64,71,71,80,80,80,80,70,70,52,52,48,48,44,44,36,36,35,35,44,44,54,54,60,60,85,85,111,111,110,110,110,110,108,108,106,106,112,112,66,66,51,51,95,95,51,51,85,85,195,195,198,198,200,200,203,203,205,205,208,208,211,211,214,214,217,217,217,217,220,220,221,221,221,221,221,221,221,221,221,221,221,221,221,221
213,213,214,214,214,214,214,214,215,215,216,216,216,216,216,216,216,216,217,217,217,217,218,218,218,218,218,218,219,219,219,219,219,219,219,219,220,220,220,220,220,220,219,219,215,215,208,208,53,53,56,56,62,62,74,74,75,75,75,75,72,72,71,71,69,69,47,47,36,36,41,41,49,49,54,54,51,51,40,40,43,43,56,56,69,69,69,69,61,61,57,57,54,54,54,54,55,55,57,57,66,66,68,68,61,61,58,58,57,57,58,58,58,58,60,60,65,65,67,67,46,46,27,27,38,38,57,57,59,59,50,50,44,44,57,57,66,66,77,77,60,60,70,70,109,109,106,106,107,107,104,104,108,108,88,88,89,89,63,63,23,23,101,101,194,194,198,198,200,200,202,202,204,204,207,207,210,210,213,213,216,216,218,218,220,220,222,222,222,222,221,221,222,222,222,222,221,221,221,221
213,213,214,214,214,214,214,214,215,215,216,216,216,216,216,216,216,216,217,217,217,217,218,218,218,218,218,218,219,219,219,219,219,219,219,219,220,220,220,220,220,220,219,219,215,215,208,208,53,53,56,56,62,62,74,74,75,75,75,75,72,72,71,71,69,69,47,47,36,36,41,41,49,49,54,54,51,51,40,40,43,43,56,56,69,69,69,69,61,61,57,57,54,54,54,54,55,55,57,57,66,66,68,68,61,61,58,58,57,57,58,58,58,58,60,60,65,65,67,67,46,46,27,27,38,38,57,57,59,59,50,50,44,44,57,57,66,66,77,77,60,60,70,70,109,109,106,106,107,107,104,104,108,108,88,88,89,89,63,63,23,23,101,101,194,194,198,198,200,200,202,202,204,204,207,207,210,210,213,213,216,216,218,218,220,220,222,222,222,222,221,221,222,222,222,222,221,221,221,221
213,213,214,214,214,214,215,215,215,215,216,216,216,216,217,217,217,217,217,217,218,218,218,218,218,218,219,219,219,219,220,220,220,220,219,219,220,220,220,220,220,220,219,219,215,215,211,211,76,76,40,40,65,65,70,70,71,71,74,74,73,73,61,61,35,35,38,38,46,46,53,53,58,58,62,62,59,59,49,49,35,35,31,31,37,37,53,53,56,56,54,54,53,53,55,55,53,53,58,58,73,73,79,79,80,80,77,77,68,68,60,60,56,56,51,51,53,53,45,45,30,30,31,31,33,33,39,39,57,57,59,59,51,51,63,63,72,72,90,90,84,84,58,58,90,90,102,102,103,103,103,103,105,105,97,97,91,91,30,30,29,29,132,132,194,194,198,198,200,200,202,202,203,203,206,206,208,208,212,212,215,215,217,217,219,219,221,221,221,221,222,222,221,221,222,222,222,222,222,222
213,213,214,214,214,214,215,215,215,215,216,216,216,216,217,217,217,217,217,217,218,218,218,218,218,218,219,219,219,219,220,220,220,220,219,219,220,220,220,220,220,220,219,219,215,215,211,211,76,76,40,40,65,65,70,70,71,71,74,74,73,73,61,61,35,35,38,38,46,46,53,53,58,58,62,62,59,59,49,49,35,35,31,31,37,37,53,53,56,56,54,54,53,53,55,55,53,53,58,58,73,73,79,79,80,80,77,77,68,68,60,60,56,56,51,51,53,53,45,45,30,30,31,31,33,33,39,39,57,57,59,59,51,51,63,63,72,72,90,90,84,84,58,58,90,90,102,102,103,103,103,103,105,105,97,97,91,91,30,30,29,29,132,132,194,194,198,198,200,200,202,202,203,203,206,206,208,208,212,212,215,215,217,217,219,219,221,221,221,221,222,222,221,221,222,222,222,222,222,222
214,214,215,215,215,215,216,216,216,216,216,216,217,217,218,218,218,218,218,218,219,219,219,219,219,219,220,220,220,220,221,221,220,220,220,220,221,221,221,221,221,221,220,220,216,216,213,213,93,93,35,35,63,63,67,67,66,66,69,69,66,66,33,33,45,45,44,44,46,46,52,52,68,68,72,72,67,67,51,51,41,41,33,33,32,32,34,34,48,48,53,53,52,52,50,50,53,53,62,62,74,74,80,80,80,80,85,85,76,76,55,55,58,58,55,55,48,48,31,31,24,24,38,38,58,58,12,12,27,27,31,31,9,9,28,28,49,49,75,75,96,96,90,90,84,84,102,102,98,98,99,99,104,104,100,100,99,99,20,20,37,37,161,161,194,194,198,198,199,199,201,201,202,202,204,204,207,207,211,211,214,214,217,217,219,219,221,221,222,222,221,221,222,222,222,222,222,222,222,222
214,214,215,215,215,215,216,216,216,216,216,216,217,217,218,218,218,218,218,218,219,219,219,219,219,219,220,220,220,220,221,221,220,220,220,220,221,221,221,221,221,221,220,220,216,216,213,213,93,93,35,35,63,63,67,67,66,66,69,69,66,66,33,33,45,45,44,44,46,46,52,52,68,68,72,72,67,67,51,51,41,41,33,33,32,32,34,34,48,48,53,53,52,52,50,50,53,53,62,62,74,74,80,80,80,80,85,85,76,76,55,55,58,58,55,55,48,48,31,31,24,24,38,38,58,58,12,12,27,27,31,31,9,9,28,28,49,49,75,75,96,96,90,90,84,84,102,102,98,98,99,99,104,104,100,100,99,99,20,20,37,37,161,161,194,194,198,198,199,199,201,201,202,202,204,204,207,207,211,211,214,214,217,217,219,219,221,221,222,222,221,221,222,222,222,222,222,222,222,222
215,215,216,216,216,216,217,217,217,217,217,217,217,217,218,218,218,218,219,219,219,219,219,219,220,220,220,220,221,221,221,221,221,221,221,221,221,221,222,222,222,222,220,220,218,218,213,213,109,109,30,30,63,63,65,65,63,63,63,63,54,54,51,51,57,57,49,49,45,45,38,38,30,30,26,26,42,42,16,16,27,27,45,45,28,28,31,31,43,43,53,53,49,49,42,42,51,51,61,61,70,70,79,79,78,78,81,81,74,74,47,47,50,50,59,59,42,42,41,41,59,59,111,111,122,122,16,16,15,15,30,30,44,44,93,93,140,140,54,54,30,30,70,70,88,88,101,101,99,99,99,99,104,104,105,105,101,101,16,16,48,48,182,182,195,195,197,197,198,198,199,199,201,201,204,204,206,206,210,210,213,213,216,216,219,219,221,221,221,221,222,222,222,222,222,222,222,222,221,221
215,215,216,216,216,216,217,217,217,217,217,217,217,217,218,218,218,218,219,219,219,219,219,219,220,220,220,220,221,221,221,221,221,221,221,221,221,221,222,222,222,222,220,220,218,218,213,213,109,109,30,30,63,63,65,65,63,63,63,63,54,54,51,51,57,57,49,49,45,45,38,38,30,30,26,26,42,42,16,16,27,27,45,45,28,28,31,31,43,43,53,53,49,49,42,42,51,51,61,61,70,70,79,79,78,78,81,81,74,74,47,47,50,50,59,59,42,42,41,41,59,59,111,111,122,122,16,16,15,15,30,30,44,44,93,93,140,140,54,54,30,30,70,70,88,88,101,101,99,99,99,99,104,104,105,105,101,101,16,16,48,48,182,182,195,195,197,197,198,198,199,199,201,201,204,204,206,206,210,210,213,213,216,216,219,219,221,221,221,221,222,222,222,222,222,222,222,222,221,221
215,215,216,216,217,217,217,217,217,217,217,217,218,218,219,219,219,219,220,220,220,220,219,219,220,220,221,221,221,221,221,221,222,222,221,221,222,222,222,222,222,222,221,221,218,218,214,214,128,128,30,30,59,59,63,63,63,63,62,62,51,51,43,43,48,48,34,34,36,36,55,55,17,17,12,12,12,12,7,7,67,67,109,109,50,50,46,46,29,29,46,46,44,44,38,38,47,47,59,59,66,66,74,74,74,74,75,75,71,71,53,53,38,38,44,44,34,34,37,37,42,42,59,59,108,108,47,47,14,14,14,14,23,23,125,125,123,123,56,56,78,78,81,81,91,91,99,99,99,99,98,98,105,105,97,97,94,94,21,21,78,78,190,190,195,195,196,196,198,198,199,199,200,200,203,203,206,206,209,209,213,213,216,216,219,219,221,221,222,222,222,222,222,222,222,222,222,222,222,222
215,215,216,216,217,217,217,217,217,217,217,217,218,218,219,219,219,219,220,220,220,220,219,219,220,220,221,221,221,221,221,221,222,222,221,221,222,222,222,222,222,222,221,221,218,218,214,214,128,128,30,30,59,59,63,63,63,63,62,62,51,51,43,43,48,48,34,34,36,36,55,55,17,17,12,12,12,12,7,7,67,67,109,109,50,50,46,46,29,29,46,46,44,44,38,38,47,47,59,59,66,66,74,74,74,74,75,75,71,71,53,53,38,38,44,44,34,34,37,37,42,42,59,59,108,108,47,47,14,14,14,14,23,23,125,125,123,123,56,56,78,78,81,81,91,91,99,99,99,99,98,98,105,105,97,97,94,94,21,21,78,78,190,190,195,195,196,196,198,198,199,199,200,200,203,203,206,206,209,209,213,213,216,216,219,219,221,221,222,222,222,222,222,222,222,222,222,222,222,222
215,215,216,216,217,217,217,217,218,218,218,218,218,218,219,219,220,220,220,220,220,220,220,220,221,221,221,221,221,221,222,222,222,222,221,221,222,222,222,222,222,222,221,221,218,218,213,213,160,160,42,42,57,57,64,64,64,64,63,63,57,57,50,50,41,41,24,24,37,37,108,108,70,70,18,18,13,13,18,18,55,55,46,46,38,38,46,46,57,57,48,48,43,43,41,41,52,52,63,63,68,68,73,73,74,74,78,78,77,77,64,64,44,44,43,43,55,55,61,61,58,58,76,76,76,76,61,61,42,42,33,33,47,47,59,59,67,67,112,112,100,100,101,101,91,91,91,91,98,98,99,99,106,106,94,94,69,69,36,36,109,109,192,192,194,194,196,196,198,198,198,198,199,199,202,202,205,205,208,208,213,213,215,215,218,218,221,221,222,222,222,222,223,223,222,222,222,222,222,222
215,215,216,216,217,217,217,217,218,218,218,218,218,218,219,219,220,220,220,220,220,220,220,220,221,221,221,221,221,221,222,222,222,222,221,221,222,222,222,222,222,222,221,221,218,218,213,213,160,160,42,42,57,57,64,64,64,64,63,63,57,57,50,50,41,41,24,24,37,37,108,108,70,70,18,18,13,13,18,18,55,55,46,46,38,38,46,46,57,57,48,48,43,43,41,41,52,52,63,63,68,68,73,73,74,74,78,78,77,77,64,64,44,44,43,43,55,55,61,61,58,58,76,76,76,76,61,61,42,42,33,33,47,47,59,59,67,67,112,112,100,100,101,101,91,91,91,91,98,98,99,99,106,106,94,94,69,69,36,36,109,109,192,192,194,194,196,196,198,198,198,198,199,199,202,202,205,205,208,208,213,213,215,215,218,218,221,221,222,222,222,222,223,223,222,222,222,222,222,222
216,216,217,217,217,217,218,218,218,218,218,218,219,219,219,219,220,220,220,220,220,220,221,221,221,221,221,221,221,221,222,222,222,222,222,222,222,222,222,222,222,222,221,221,218,218,215,215,195,195,49,49,60,60,65,65,65,65,65,65,62,62,61,61,62,62,59,59,49,49,39,39,44,44,55,55,64,64,76,76,75,75,58,58,47,47,53,53,59,59,49,49,45,45,47,47,55,55,64,64,69,69,74,74,77,77,87,87,86,86,88,88,64,64,46,46,52,52,65,65,64,64,57,57,53,53,58,58,60,60,53,53,58,58,82,82,101,101,109,109,100,100,92,92,87,87,89,89,93,93,99,99,106,106,91,91,52,52,52,52,135,135,192,192,194,194,197,197,198,198,198,198,200,200,201,201,204,204,209,209,212,212,215,215,218,218,221,221,222,222,222,222,223,223,222,222,223,223,223,223
216,216,217,217,217,217,218,218,218,218,218,218,219,219,219,219,220,220,220,220,220,220,221,221,221,221,221,221,221,221,222,222,222,222,222,222,222,222,222,222,222,222,221,221,218,218,215,215,195,195,49,49,60,60,65,65,65,65,65,65,62,62,61,61,62,62,59,59,49,49,39,39,44,44,55,55,64,64,76,76,75,75,58,58,47,47,53,53,59,59,49,49,45,45,47,47,55,55,64,64,69,69,74,74,77,77,87,87,86,86,88,88,64,64,46,46,52,52,65,65,64,64,57,57,53,53,58,58,60,60,53,53,58,58,82,82,101,101,109,109,100,100,92,92,87,87,89,89,93,93,99,99,106,106,91,91,52,52,52,52,135,135,192,192,194,194,197,197,198,198,198,198,200,200,201,201,204,204,209,209,212,212,215,215,218,218,221,221,222,222,222,222,223,223,222,222,223,223,223,223
216,216,217,217,218,218,219,219,219,219,219,219,219,219,219,219,220,220,221,221,221,221,221,221,221,221,221,221,221,221,221,221,222,222,222,222,222,222,222,222,223,223,222,222,219,219,215,215,208,208,53,53,60,60,66,66,66,66,67,67,65,65,60,60,60,60,61,61,59,59,56,56,55,55,51,51,54,54,54,54,58,58,57,57,63,63,65,65,53,53,48,48,48,48,48,48,54,54,70,70,77,77,78,78,78,78,86,86,90,90,84,84,86,86,67,67,56,56,59,59,70,70,74,74,67,67,63,63,60,60,62,62,69,69,79,79,96,96,102,102,94,94,89,89,85,85,90,90,95,95,100,100,109,109,93,93,47,47,51,51,152,152,192,192,194,194,196,196,198,198,199,199,200,200,201,201,204,204,209,209,211,211,215,215,218,218,221,221,222,222,222,222,223,223,223,223,223,223,223,223
216,216,217,217,218,218,219,219,219,219,219,219,219,219,219,219,220,220,221,221,221,221,221,221,221,221,221,221,221,221,221,221,222,222,222,222,222,222,222,222,223,223,222,222,219,219,215,215,208,208,53,53,60,60,66,66,66,66,67,67,65,65,60,60,60,60,61,61,59,59,56,56,55,55,51,51,54,54,54,54,58,58,57,57,63,63,65,65,53,53,48,48,48,48,48,48,54,54,70,70,77,77,78,78,78,78,86,86,90,90,84,84,86,86,67,67,56,56,59,59,70,70,74,74,67,67,63,63,60,60,62,62,69,69,79,79,96,96,102,102,94,94,89,89,85,85,90,90,95,95,100,100,109,109,93,93,47,47,51,51,152,152,192,192,194,194,196,196,198,198,199,199,200,200,201,201,204,204,209,209,211,211,215,215,218,218,221,221,222,222,222,222,223,223,223,223,223,223,223,223
217,217,218,218,218,218,218,218,219,219,219,219,220,220,220,220,221,221,221,221,221,221,221,221,221,221,222,222,222,222,222,222,222,222,223,223,222,222,222,222,223,223,222,222,219,219,216,216,197,197,40,40,52,52,68,68,67,67,68,68,66,66,60,60,57,57,57,57,56,56,58,58,60,60,55,55,59,59,66,66,67,67,81,81,78,78,63,63,56,56,52,52,51,51,47,47,61,61,76,76,81,81,81,81,83,83,87,87,84,84,73,73,80,80,85,85,76,76,70,70,69,69,73,73,79,79,81,81,78,78,74,74,77,77,82,82,89,89,89,89,97,97,93,93,87,87,92,92,102,102,105,105,111,111,96,96,65,65,33,33,147,147,191,191,195,195,196,196,197,197,198,198,201,201,201,201,202,202,208,208,211,211,215,215,218,218,221,221,222,222,222,222,223,223,223,223,223,223,223,223
217,217,218,218,218,218,218,218,219,219,219,219,220,220,220,220,221,221,221,221,221,221,221,221,221,221,222,222,222,222,222,222,222,222,223,223,222,222,222,222,223,223,222,222,219,219,216,216,197,197,40,40,52,52,68,68,67,67,68,68,66,66,60,60,57,57,57,57,56,56,58,58,60,60,55,55,59,59,66,66,67,67,81,81,78,78,63,63,56,56,52,52,51,51,47,47,61,61,76,76,81,81,81,81,83,83,87,87,84,84,73,73,80,80,85,85,76,76,70,70,69,69,73,73,79,79,81,81,78,78,74,74,77,77,82,82,89,89,89,89,97,97,93,93,87,87,92,92,102,102,105,105,111,111,96,96,65,65,33,33,147,147,191,191,195,195,196,196,197,197,198,198,201,201,201,201,202,202,208,208,211,211,215,215,218,218,221,221,222,222,222,222,223,223,223,223,223,223,223,223
218,218,218,218,218,218,219,219,220,220,219,219,220,220,221,221,221,221,221,221,221,221,221,221,222,222,222,222,222,222,222,222,223,223,223,223,223,223,222,222,223,223,222,222,220,220,216,216,158,158,33,33,52,52,70,70,70,70,69,69,67,67,65,65,64,64,60,60,57,57,58,58,62,62,65,65,72,72,83,83,85,85,78,78,71,71,70,70,63,63,57,57,43,43,53,53,67,67,81,81,84,84,87,87,88,88,86,86,85,85,76,76,71,71,90,90,86,86,84,84,79,79,74,74,76,76,79,79,82,82,83,83,88,88,91,91,94,94,99,99,98,98,95,95,92,92,94,94,107,107,112,112,113,113,93,93,48,48,32,32,141,141,193,193,195,195,196,196,198,198,198,198,199,199,201,201,203,203,208,208,212,212,214,214,218,218,221,221,222,222,222,222,223,223,223,223,223,223,223,223
218,218,218,218,218,218,219,219,220,220,219,219,220,220,221,221,221,221,221,221,221,221,221,221,222,222,222,222,222,222,222,222,223,223,223,223,223,223,222,222,223,223,222,222,220,220,216,216,158,158,33,33,52,52,70,70,70,70,69,69,67,67,65,65,64,64,60,60,57,57,58,58,62,62,65,65,72,72,83,83,85,85,78,78,71,71,70,70,63,63,57,57,43,43,53,53,67,67,81,81,84,84,87,87,88,88,86,86,85,85,76,76,71,71,90,90,86,86,84,84,79,79,74,74,76,76,79,79,82,82,83,83,88,88,91,91,94,94,99,99,98,98,95,95,92,92,94,94,107,107,112,112,113,113,93,93,48,48,32,32,141,141,193,193,195,195,196,196,198,198,198,198,199,199,201,201,203,203,208,208,212,212,214,214,218,218,221,221,222,222,222,222,223,223,223,223,223,223,223,223
218,218,218,218,219,219,219,219,220,220,220,220,220,220,221,221,221,221,221,221,222,222,221,221,222,222,222,222,222,222,222,222,223,223,223,223,223,223,222,222,223,223,222,222,220,220,217,217,134,134,63,63,55,55,73,73,75,75,74,74,73,73,71,71,69,69,67,67,64,64,66,66,72,72,77,77,77,77,78,78,77,77,77,77,80,80,78,78,67,67,53,53,43,43,67,67,82,82,88,88,91,91,93,93,97,97,97,97,89,89,86,86,77,77,92,92,102,102,93,93,90,90,85,85,76,76,73,73,77,77,76,76,82,82,91,91,97,97,102,102,97,97,93,93,94,94,99,99,109,109,120,120,116,116,97,97,58,58,63,63,146,146,191,191,196,196,196,196,198,198,199,199,200,200,201,201,202,202,208,208,212,212,215,215,218,218,221,221,222,222,223,223,223,223,223,223,223,223,223,223
218,218,218,218,219,219,219,219,220,220,220,220,220,220,221,221,221,221,221,221,222,222,221,221,222,222,222,222,222,222,222,222,223,223,223,223,223,223,222,222,223,223,222,222,220,220,217,217,134,134,63,63,55,55,73,73,75,75,74,74,73,73,71,71,69,69,67,67,64,64,66,66,72,72,77,77,77,77,78,78,77,77,77,77,80,80,78,78,67,67,53,53,43,43,67,67,82,82,88,88,91,91,93,93,97,97,97,97,89,89,86,86,77,77,92,92,102,102,93,93,90,90,85,85,76,76,73,73,77,77,76,76,82,82,91,91,97,97,102,102,97,97,93,93,94,94,99,99,109,109,120,120,116,116,97,97,58,58,63,63,146,146,191,191,196,196,196,196,198,198,199,199,200,200,201,201,202,202,208,208,212,212,215,215,218,218,221,221,222,222,223,223,223,223,223,223,223,223,223,223
218,218,218,218,219,219,219,219,220,220,220,220,221,221,221,221,221,221,221,221,222,222,222,222,222,222,222,222,222,222,223,223,223,223,223,223,223,223,223,223,223,223,222,222,220,220,216,216,127,127,59,59,53,53,77,77,77,77,80,80,81,81,77,77,73,73,70,70,70,70,70,70,70,70,66,66,64,64,74,74,78,78,82,82,88,88,77,77,63,63,46,46,59,59,73,73,94,94,98,98,100,100,101,101,103,103,102,102,100,100,97,97,85,85,87,87,99,99,94,94,96,96,92,92,85,85,77,77,78,78,75,75,76,76,81,81,84,84,88,88,93,93,97,97,104,104,112,112,114,114,122,122,117,117,98,98,64,64,84,84,160,160,193,193,195,195,196,196,197,197,198,198,199,199,201,201,202,202,208,208,210,210,214,214,218,218,221,221,222,222,223,223,223,223,223,223,223,223,223,223
218,218,218,218,219,219,219,219,220,220,220,220,221,221,221,221,221,221,221,221,222,222,222,222,222,222,222,222,222,222,223,223,223,223,223,223,223,223,223,223,223,223,222,222,220,220,216,216,127,127,59,59,53,53,77,77,77,77,80,80,81,81,77,77,73,73,70,70,70,70,70,70,70,70,66,66,64,64,74,74,78,78,82,82,88,88,77,77,63,63,46,46,59,59,73,73,94,94,98,98,100,100,101,101,103,103,102,102,100,100,97,97,85,85,87,87,99,99,94,94,96,96,92,92,85,85,77,77,78,78,75,75,76,76,81,81,84,84,88,88,93,93,97,97,104,104,112,112,114,114,122,122,117,117,98,98,64,64,84,84,160,160,193,193,195,195,196,196,197,197,198,198,199,199,201,201,202,202,208,208,210,210,214,214,218,218,221,221,222,222,223,223,223,223,223,223,223,223,223,223
218,218,219,219,219,219,220,220,220,220,220,220,221,221,221,221,221,221,221,221,222,222,222,222,222,222,222,222,222,222,222,222,223,223,223,223,223,223,223,223,222,222,222,222,220,220,218,218,140,140,58,58,48,48,76,76,80,80,81,81,84,84,79,79,74,74,71,71,68,68,63,63,61,61,68,68,72,72,74,74,82,82,88,88,85,85,79,79,54,54,48,48,68,68,87,87,102,102,108,108,112,112,111,111,111,111,111,111,110,110,104,104,88,88,81,81,90,90,92,92,96,96,98,98,90,90,87,87,85,85,81,81,81,81,83,83,84,84,93,93,94,94,105,105,119,119,123,123,118,118,119,119,118,118,85,85,58,58,89,89,172,172,194,194,195,195,196,196,197,197,198,198,199,199,201,201,202,202,207,207,210,210,214,214,217,217,220,220,223,223,223,223,223,223,223,223,223,223,223,223
218,218,219,219,219,219,220,220,220,220,220,220,221,221,221,221,221,221,221,221,222,222,222,222,222,222,222,222,222,222,222,222,223,223,223,223,223,223,223,223,222,222,222,222,220,220,218,218,140,140,58,58,48,48,76,76,80,80,81,81,84,84,79,79,74,74,71,71,68,68,63,63,61,61,68,68,72,72,74,74,82,82,88,88,85,85,79,79,54,54,48,48,68,68,87,87,102,102,108,108,112,112,111,111,111,111,111,111,110,110,104,104,88,88,81,81,90,90,92,92,96,96,98,98,90,90,87,87,85,85,81,81,81,81,83,83,84,84,93,93,94,94,105,105,119,119,123,123,118,118,119,119,118,118,85,85,58,58,89,89,172,172,194,194,195,195,196,196,197,197,198,198,199,199,201,201,202,202,207,207,210,210,214,214,217,217,220,220,223,223,223,223,223,223,223,223,223,223,223,223
218,218,219,219,220,220,220,220,220,220,221,221,221,221,221,221,222,222,222,222,222,222,222,222,222,222,222,222,222,222,223,223,223,223,223,223,223,223,222,222,222,222,222,222,220,220,218,218,190,190,69,69,41,41,75,75,79,79,83,83,81,81,82,82,80,80,76,76,76,76,79,79,79,79,78,78,78,78,79,79,85,85,92,92,89,89,79,79,46,46,57,57,74,74,97,97,106,106,122,122,125,125,121,121,116,116,117,117,120,120,115,115,93,93,75,75,80,80,82,82,95,95,94,94,96,96,94,94,87,87,90,90,90,90,91,91,90,90,96,96,95,95,108,108,119,119,123,123,118,118,119,119,116,116,84,84,70,70,111,111,191,191,195,195,195,195,195,195,197,197,197,197,198,198,200,200,202,202,206,206,211,211,213,213,218,218,221,221,222,222,223,223,223,223,224,224,223,223,223,223
218,218,219,219,220,220,220,220,220,220,221,221,221,221,221,221,222,222,222,222,222,222,222,222,222,222,222,222,222,222,223,223,223,223,223,223,223,223,222,222,222,222,222,222,220,220,218,218,190,190,69,69,41,41,75,75,79,79,83,83,81,81,82,82,80,80,76,76,76,76,79,79,79,79,78,78,78,78,79,79,85,85,92,92,89,89,79,79,46,46,57,57,74,74,97,97,106,106,122,122,125,125,121,121,116,116,117,117,120,120,115,115,93,93,75,75,80,80,82,82,95,95,94,94,96,96,94,94,87,87,90,90,90,90,91,91,90,90,96,96,95,95,108,108,119,119,123,123,118,118,119,119,116,116,84,84,70,70,111,111,191,191,195,195,195,195,195,195,197,197,197,197,198,198,200,200,202,202,206,206,211,211,213,213,218,218,221,221,222,222,223,223,223,223,224,224,223,223,223,223
219,219,219,219,220,220,220,220,221,221,221,221,222,222,222,222,222,222,222,222,222,222,222,222,222,222,222,222,222,222,222,222,222,222,223,223,223,223,222,222,222,222,221,221,220,220,219,219,215,215,139,139,40,40,72,72,78,78,84,84,85,85,82,82,81,81,79,79,83,83,80,80,79,79,85,85,85,85,90,90,96,96,96,96,93,93,66,66,59,59,74,74,86,86,99,99,111,111,131,131,141,141,134,134,125,125,123,123,123,123,129,129,117,117,93,93,82,82,63,63,83,83,92,92,93,93,97,97,96,96,95,95,93,93,94,94,95,95,99,99,99,99,106,106,116,116,118,118,118,118,118,118,115,115,80,80,86,86,167,167,194,194,195,195,195,195,196,196,196,196,198,198,199,199,200,200,202,202,207,207,211,211,214,214,218,218,220,220,222,222,223,223,223,223,223,223,223,223,223,223
219,219,219,219,220,220,220,220,221,221,221,221,222,222,222,222,222,222,222,222,222,222,222,222,222,222,222,222,222,222,222,222,222,222,223,223,223,223,222,222,222,222,221,221,220,220,219,219,215,215,139,139,40,40,72,72,78,78,84,84,85,85,82,82,81,81,79,79,83,83,80,80,79,79,85,85,85,85,90,90,96,96,96,96,93,93,66,66,59,59,74,74,86,86,99,99,111,111,131,131,141,141,134,134,125,125,123,123,123,123,129,129,117,117,93,93,82,82,63,63,83,83,92,92,93,93,97,97,96,96,95,95,93,93,94,94,95,95,99,99,99,99,106,106,116,116,118,118,118,118,118,118,115,115,80,80,86,86,167,167,194,194,195,195,195,195,196,196,196,196,198,198,199,199,200,200,202,202,207,207,211,211,214,214,218,218,220,220,222,222,223,223,223,223,223,223,223,223,223,223
219,219,220,220,220,220,220,220,221,221,221,221,222,222,222,222,222,222,222,222,222,222,222,222,222,222,222,222,222,222,222,222,222,222,222,222,222,222,222,222,221,221,221,221,220,220,219,219,216,216,186,186,51,51,67,67,74,74,81,81,86,86,82,82,76,76,76,76,78,78,85,85,88,88,91,91,93,93,96,96,95,95,98,98,81,81,60,60,77,77,86,86,95,95,100,100,113,113,129,129,143,143,156,156,139,139,130,130,124,124,128,128,133,133,111,111,104,104,82,82,64,64,87,87,96,96,98,98,100,100,101,101,101,101,97,97,96,96,100,100,100,100,102,102,110,110,113,113,115,115,114,114,113,113,84,84,165,165,192,192,194,194,194,194,195,195,196,196,196,196,198,198,199,199,200,200,203,203,207,207,210,210,214,214,217,217,221,221,222,222,223,223,223,223,223,223,224,224,223,223
219,219,220,220,220,220,220,220,221,221,221,221,222,222,222,222,222,222,222,222,222,222,222,222,222,222,222,222,222,222,222,222,222,222,222,222,222,222,222,222,221,221,221,221,220,220,219,219,216,216,186,186,51,51,67,67,74,74,81,81,86,86,82,82,76,76,76,76,78,78,85,85,88,88,91,91,93,93,96,96,95,95,98,98,81,81,60,60,77,77,86,86,95,95,100,100,113,113,129,129,143,143,156,156,139,139,130,130,124,124,128,128,133,133,111,111,104,104,82,82,64,64,87,87,96,96,98,98,100,100,101,101,101,101,97,97,96,96,100,100,100,100,102,102,110,110,113,113,115,115,114,114,113,113,84,84,165,165,192,192,194,194,194,194,195,195,196,196,196,196,198,198,199,199,200,200,203,203,207,207,210,210,214,214,217,217,221,221,222,222,223,223,223,223,223,223,224,224,223,223
219,219,219,219,220,220,221,221,221,221,221,221,222,222,222,222,221,221,222,222,222,222,222,222,222,222,222,222,222,222,222,222,222,222,222,222,221,221,221,221,221,221,221,221,220,220,219,219,216,216,209,209,69,69,57,57,75,75,76,76,80,80,77,77,73,73,74,74,76,76,86,86,87,87,96,96,100,100,100,100,96,96,88,88,67,67,77,77,84,84,94,94,96,96,94,94,104,104,116,116,124,124,129,129,128,128,119,119,113,113,110,110,121,121,121,121,128,128,116,116,71,71,80,80,96,96,108,108,103,103,102,102,102,102,98,98,92,92,95,95,100,100,104,104,107,107,110,110,112,112,114,114,108,108,78,78,172,172,192,192,194,194,195,195,196,196,196,196,196,196,197,197,199,199,200,200,203,203,207,207,211,211,214,214,218,218,221,221,222,222,223,223,223,223,223,223,223,223,223,223
219,219,219,219,220,220,221,221,221,221,221,221,222,222,222,222,221,221,222,222,222,222,222,222,222,222,222,222,222,222,222,222,222,222,222,222,221,221,221,221,221,221,221,221,220,220,219,219,216,216,209,209,69,69,57,57,75,75,76,76,80,80,77,77,73,73,74,74,76,76,86,86,87,87,96,96,100,100,100,100,96,96,88,88,67,67,77,77,84,84,94,94,96,96,94,94,104,104,116,116,124,124,129,129,128,128,119,119,113,113,110,110,121,121,121,121,128,128,116,116,71,71,80,80,96,96,108,108,103,103,102,102,102,102,98,98,92,92,95,95,100,100,104,104,107,107,110,110,112,112,114,114,108,108,78,78,172,172,192,192,194,194,195,195,196,196,196,196,196,196,197,197,199,199,200,200,203,203,207,207,211,211,214,214,218,218,221,221,222,222,223,223,223,223,223,223,223,223,223,223
219,219,220,220,220,220,221,221,222,222,222,222,222,222,222,222,222,222,222,222,222,222,222,222,222,222,222,222,222,222,222,222,222,222,221,221,221,221,221,221,221,221,220,220,219,219,219,219,216,216,214,214,104,104,47,47,72,72,72,72,80,80,76,76,71,71,75,75,77,77,87,87,94,94,102,102,105,105,102,102,97,97,90,90,74,74,86,86,85,85,84,84,79,79,88,88,95,95,100,100,112,112,113,113,113,113,101,101,107,107,100,100,84,84,94,94,113,113,126,126,97,97,76,76,90,90,97,97,106,106,105,105,105,105,99,99,97,97,100,100,106,106,105,105,109,109,111,111,112,112,112,112,105,105,67,67,175,175,192,192,194,194,195,195,196,196,196,196,196,196,197,197,198,198,200,200,203,203,207,207,211,211,215,215,218,218,221,221,222,222,223,223,223,223,224,224,223,223,223,223
219,219,220,220,220,220,221,221,222,222,222,222,222,222,222,222,222,222,222,222,222,222,222,222,222,222,222,222,222,222,222,222,222,222,221,221,221,221,221,221,221,221,220,220,219,219,219,219,216,216,214,214,104,104,47,47,72,72,72,72,80,80,76,76,71,71,75,75,77,77,87,87,94,94,102,102,105,105,102,102,97,97,90,90,74,74,86,86,85,85,84,84,79,79,88,88,95,95,100,100,112,112,113,113,113,113,101,101,107,107,100,100,84,84,94,94,113,113,126,126,97,97,76,76,90,90,97,97,106,106,105,105,105,105,99,99,97,97,100,100,106,106,105,105,109,109,111,111,112,112,112,112,105,105,67,67,175,175,192,192,194,194,195,195,196,196,196,196,196,196,197,197,198,198,200,200,203,203,207,207,211,211,215,215,218,218,221,221,222,222,223,223,223,223,224,224,223,223,223,223
220,220,220,220,221,221,221,221,221,221,222,222,223,223,222,222,222,222,223,223,222,222,222,222,223,223,222,222,222,222,222,222,222,222,221,221,221,221,221,221,221,221,220,220,219,219,218,218,217,217,214,214,162,162,54,54,66,66,72,72,76,76,75,75,70,70,73,73,78,78,89,89,94,94,95,95,106,106,103,103,92,92,88,88,77,77,81,81,52,52,30,30,24,24,36,36,62,62,95,95,99,99,100,100,101,101,99,99,70,70,27,27,12,12,29,29,52,52,90,90,96,96,78,78,87,87,99,99,103,103,109,109,110,110,111,111,113,113,110,110,107,107,110,110,108,108,110,110,106,106,109,109,91,91,81,81,180,180,194,194,195,195,196,196,196,196,196,196,196,196,198,198,199,199,201,201,202,202,207,207,211,211,215,215,218,218,221,221,222,222,222,222,223,223,223,223,223,223,224,224
220,220,220,220,221,221,221,221,221,221,222,222,223,223,222,222,222,222,223,223,222,222,222,222,223,223,222,222,222,222,222,222,222,222,221,221,221,221,221,221,221,221,220,220,219,219,218,218,217,217,214,214,162,162,54,54,66,66,72,72,76,76,75,75,70,70,73,73,78,78,89,89,94,94,95,95,106,106,103,103,92,92,88,88,77,77,81,81,52,52,30,30,24,24,36,36,62,62,95,95,99,99,100,100,101,101,99,99,70,70,27,27,12,12,29,29,52,52,90,90,96,96,78,78,87,87,99,99,103,103,109,109,110,110,111,111,113,113,110,110,107,107,110,110,108,108,110,110,106,106,109,109,91,91,81,81,180,180,194,194,195,195,196,196,196,196,196,196,196,196,198,198,199,199,201,201,202,202,207,207,211,211,215,215,218,218,221,221,222,222,222,222,223,223,223,223,223,223,224,224
220,220,221,221,221,221,221,221,222,222,222,222,222,222,222,222,222,222,222,222,223,223,222,222,223,223,222,222,222,222,221,221,221,221,221,221,221,221,221,221,220,220,220,220,219,219,219,219,217,217,214,214,196,196,74,74,55,55,71,71,73,73,76,76,70,70,73,73,76,76,84,84,92,92,96,96,104,104,102,102,94,94,88,88,79,79,57,57,37,37,38,38,25,25,17,17,32,32,64,64,77,77,74,74,77,77,78,78,46,46,23,23,40,40,57,57,58,58,69,69,76,76,77,77,87,87,93,93,102,102,104,104,107,107,104,104,109,109,121,121,118,118,111,111,106,106,109,109,104,104,103,103,67,67,83,83,188,188,194,194,195,195,196,196,197,197,196,196,197,197,198,198,199,199,200,200,203,203,208,208,211,211,215,215,218,218,221,221,222,222,222,222,223,223,223,223,223,223,224,224
220,220,221,221,221,221,221,221,222,222,222,222,222,222,222,222,222,222,222,222,223,223,222,222,223,223,222,222,222,222,221,221,221,221,221,221,221,221,221,221,220,220,220,220,219,219,219,219,217,217,214,214,196,196,74,74,55,55,71,71,73,73,76,76,70,70,73,73,76,76,84,84,92,92,96,96,104,104,102,102,94,94,88,88,79,79,57,57,37,37,38,38,25,25,17,17,32,32,64,64,77,77,74,74,77,77,78,78,46,46,23,23,40,40,57,57,58,58,69,69,76,76,77,77,87,87,93,93,102,102,104,104,107,107,104,104,109,109,121,121,118,118,111,111,106,106,109,109,104,104,103,103,67,67,83,83,188,188,194,194,195,195,196,196,197,197,196,196,197,197,198,198,199,199,200,200,203,203,208,208,211,211,215,215,218,218,221,221,222,222,222,222,223,223,223,223,223,223,224,224
220,220,220,220,221,221,221,221,221,221,222,222,222,222,222,222,222,222,222,222,222,222,222,222,222,222,222,222,222,222,221,221,221,221,221,221,221,221,221,221,221,221,220,220,219,219,219,219,217,217,214,214,205,205,99,99,43,43,55,55,67,67,75,75,72,72,69,69,76,76,80,80,87,87,90,90,96,96,99,99,88,88,87,87,73,73,57,57,61,61,88,88,75,75,68,68,90,90,83,83,59,59,69,69,58,58,50,50,76,76,89,89,100,100,91,91,82,82,67,67,62,62,79,79,83,83,85,85,91,91,98,98,100,100,99,99,103,103,112,112,116,116,109,109,105,105,105,105,98,98,92,92,55,55,115,115,191,191,194,194,195,195,195,195,196,196,197,197,196,196,198,198,199,199,201,201,203,203,207,207,211,211,215,215,218,218,221,221,222,222,223,223,223,223,223,223,224,224,223,223
220,220,220,220,221,221,221,221,221,221,222,222,222,222,222,222,222,222,222,222,222,222,222,222,222,222,222,222,222,222,221,221,221,221,221,221,221,221,221,221,221,221,220,220,219,219,219,219,217,217,214,214,205,205,99,99,43,43,55,55,67,67,75,75,72,72,69,69,76,76,80,80,87,87,90,90,96,96,99,99,88,88,87,87,73,73,57,57,61,61,88,88,75,75,68,68,90,90,83,83,59,59,69,69,58,58,50,50,76,76,89,89,100,100,91,91,82,82,67,67,62,62,79,79,83,83,85,85,91,91,98,98,100,100,99,99,103,103,112,112,116,116,109,109,105,105,105,105,98,98,92,92,55,55,115,115,191,191,194,194,195,195,195,195,196,196,197,197,196,196,198,198,199,199,201,201,203,203,207,207,211,211,215,215,218,218,221,221,222,222,223,223,223,223,223,223,224,224,223,223
219,219,220,220,221,221,221,221,221,221,222,222,222,222,222,222,221,221,222,222,222,222,221,221,222,222,222,222,222,222,221,221,221,221,221,221,221,221,220,220,220,220,220,220,219,219,219,219,217,217,214,214,207,207,128,128,35,35,41,41,63,63,69,69,76,76,73,73,77,77,74,74,75,75,87,87,93,93,87,87,86,86,78,78,70,70,55,55,49,49,48,48,50,50,46,46,45,45,52,52,47,47,55,55,51,51,46,46,43,43,47,47,55,55,52,52,51,51,67,67,75,75,80,80,80,80,79,79,84,84,85,85,91,91,96,96,101,101,110,110,113,113,111,111,97,97,95,95,91,91,61,61,58,58,124,124,187,187,194,194,195,195,196,196,196,196,196,196,197,197,197,197,199,199,201,201,203,203,208,208,212,212,214,214,218,218,221,221,222,222,223,223,223,223,223,223,224,224,223,223
219,219,220,220,221,221,221,221,221,221,222,222,222,222,222,222,221,221,222,222,222,222,221,221,222,222,222,222,222,222,221,221,221,221,221,221,221,221,220,220,220,220,220,220,219,219,219,219,217,217,214,214,207,207,128,128,35,35,41,41,63,63,69,69,76,76,73,73,77,77,74,74,75,75,87,87,93,93,87,87,86,86,78,78,70,70,55,55,49,49,48,48,50,50,46,46,45,45,52,52,47,47,55,55,51,51,46,46,43,43,47,47,55,55,52,52,51,51,67,67,75,75,80,80,80,80,79,79,84,84,85,85,91,91,96,96,101,101,110,110,113,113,111,111,97,97,95,95,91,91,61,61,58,58,124,124,187,187,194,194,195,195,196,196,196,196,196,196,197,197,197,197,199,199,201,201,203,203,208,208,212,212,214,214,218,218,221,221,222,222,223,223,223,223,223,223,224,224,223,223
219,219,219,219,220,220,221,221,222,222,222,222,221,221,221,221,221,221,222,222,222,222,222,222,222,222,222,222,221,221,221,221,221,221,220,220,221,221,220,220,219,219,219,219,219,219,219,219,218,218,215,215,212,212,171,171,34,34,33,33,56,56,68,68,67,67,70,70,74,74,70,70,70,70,85,85,81,81,77,77,76,76,74,74,73,73,66,66,55,55,50,50,48,48,45,45,50,50,55,55,57,57,59,59,57,57,58,58,57,57,57,57,58,58,58,58,67,67,73,73,77,77,81,81,79,79,84,84,83,83,78,78,88,88,89,89,95,95,108,108,111,111,100,100,97,97,86,86,88,88,43,43,58,58,161,161,190,190,193,193,196,196,196,196,197,197,197,197,197,197,198,198,198,198,201,201,204,204,208,208,212,212,215,215,218,218,221,221,223,223,223,223,223,223,223,223,223,223,223,223
219,219,219,219,220,220,221,221,222,222,222,222,221,221,221,221,221,221,222,222,222,222,222,222,222,222,222,222,221,221,221,221,221,221,220,220,221,221,220,220,219,219,219,219,219,219,219,219,218,218,215,215,212,212,171,171,34,34,33,33,56,56,68,68,67,67,70,70,74,74,70,70,70,70,85,85,81,81,77,77,76,76,74,74,73,73,66,66,55,55,50,50,48,48,45,45,50,50,55,55,57,57,59,59,57,57,58,58,57,57,57,57,58,58,58,58,67,67,73,73,77,77,81,81,79,79,84,84,83,83,78,78,88,88,89,89,95,95,108,108,111,111,100,100,97,97,86,86,88,88,43,43,58,58,161,161,190,190,193,193,196,196,196,196,197,197,197,197,197,197,198,198,198,198,201,201,204,204,208,208,212,212,215,215,218,218,221,221,223,223,223,223,223,223,223,223,223,223,223,223
219,219,219,219,220,220,220,220,221,221,222,222,221,221,221,221,221,221,221,221,221,221,221,221,222,222,222,222,221,221,221,221,221,221,220,220,220,220,220,220,219,219,219,219,219,219,218,218,218,218,216,216,213,213,196,196,47,47,23,23,44,44,52,52,65,65,64,64,66,66,76,76,68,68,73,73,73,73,75,75,70,70,70,70,69,69,69,69,52,52,51,51,44,44,57,57,49,49,61,61,69,69,63,63,57,57,55,55,52,52,67,67,64,64,60,60,60,60,58,58,62,62,74,74,70,70,75,75,74,74,83,83,80,80,82,82,90,90,101,101,112,112,105,105,91,91,87,87,73,73,36,36,67,67,181,181,193,193,195,195,196,196,196,196,197,197,196,196,197,197,198,198,200,200,202,202,204,204,208,208,212,212,214,214,218,218,221,221,223,223,223,223,223,223,223,223,224,224,224,224
219,219,219,219,220,220,220,220,221,221,222,222,221,221,221,221,221,221,221,221,221,221,221,221,222,222,222,222,221,221,221,221,221,221,220,220,220,220,220,220,219,219,219,219,219,219,218,218,218,218,216,216,213,213,196,196,47,47,23,23,44,44,52,52,65,65,64,64,66,66,76,76,68,68,73,73,73,73,75,75,70,70,70,70,69,69,69,69,52,52,51,51,44,44,57,57,49,49,61,61,69,69,63,63,57,57,55,55,52,52,67,67,64,64,60,60,60,60,58,58,62,62,74,74,70,70,75,75,74,74,83,83,80,80,82,82,90,90,101,101,112,112,105,105,91,91,87,87,73,73,36,36,67,67,181,181,193,193,195,195,196,196,196,196,197,197,196,196,197,197,198,198,200,200,202,202,204,204,208,208,212,212,214,214,218,218,221,221,223,223,223,223,223,223,223,223,224,224,224,224
219,219,219,219,220,220,220,220,221,221,221,221,222,222,221,221,221,221,221,221,222,222,221,221,221,221,221,221,221,221,221,221,220,220,220,220,220,220,219,219,219,219,218,218,218,218,218,218,218,218,216,216,214,214,207,207,81,81,20,20,40,40,47,47,61,61,56,56,59,59,66,66,55,55,62,62,57,57,57,57,61,61,62,62,56,56,60,60,49,49,43,43,43,43,43,43,54,54,56,56,68,68,52,52,59,59,50,50,57,57,50,50,44,44,62,62,61,61,66,66,60,60,81,81,55,55,61,61,52,52,75,75,83,83,77,77,79,79,80,80,104,104,104,104,90,90,85,85,52,52,34,34,82,82,187,187,195,195,196,196,196,196,196,196,196,196,197,197,197,197,198,198,199,199,202,202,205,205,209,209,212,212,216,216,219,219,221,221,222,222,222,222,223,223,223,223,223,223,223,223
219,219,219,219,220,220,220,220,221,221,221,221,222,222,221,221,221,221,221,221,222,222,221,221,221,221,221,221,221,221,221,221,220,220,220,220,220,220,219,219,219,219,218,218,218,218,218,218,218,218,216,216,214,214,207,207,81,81,20,20,40,40,47,47,61,61,56,56,59,59,66,66,55,55,62,62,57,57,57,57,61,61,62,62,56,56,60,60,49,49,43,43,43,43,43,43,54,54,56,56,68,68,52,52,59,59,50,50,57,57,50,50,44,44,62,62,61,61,66,66,60,60,81,81,55,55,61,61,52,52,75,75,83,83,77,77,79,79,80,80,104,104,104,104,90,90,85,85,52,52,34,34,82,82,187,187,195,195,196,196,196,196,196,196,196,196,197,197,197,197,198,198,199,199,202,202,205,205,209,209,212,212,216,216,219,219,221,221,222,222,222,222,223,223,223,223,223,223,223,223
219,219,220,220,220,220,220,220,221,221,221,221,221,221,221,221,221,221,221,221,221,221,221,221,220,220,220,220,221,221,220,220,220,220,220,220,219,219,219,219,219,219,219,219,218,218,218,218,217,217,215,215,212,212,209,209,122,122,37,37,32,32,54,54,56,56,63,63,61,61,54,54,58,58,54,54,46,46,41,41,60,60,56,56,53,53,61,61,58,58,28,28,33,33,38,38,48,48,28,28,49,49,44,44,50,50,38,38,52,52,61,61,51,51,53,53,69,69,64,64,58,58,78,78,50,50,67,67,52,52,61,61,65,65,64,64,62,62,70,70,90,90,111,111,97,97,69,69,41,41,40,40,140,140,193,193,195,195,196,196,197,197,196,196,196,196,197,197,197,197,198,198,200,200,201,201,204,204,209,209,212,212,216,216,219,219,221,221,222,222,222,222,222,222,223,223,223,223,223,223
219,219,220,220,220,220,220,220,221,221,221,221,221,221,221,221,221,221,221,221,221,221,221,221,220,220,220,220,221,221,220,220,220,220,220,220,219,219,219,219,219,219,219,219,218,218,218,218,217,217,215,215,212,212,209,209,122,122,37,37,32,32,54,54,56,56,63,63,61,61,54,54,58,58,54,54,46,46,41,41,60,60,56,56,53,53,61,61,58,58,28,28,33,33,38,38,48,48,28,28,49,49,44,44,50,50,38,38,52,52,61,61,51,51,53,53,69,69,64,64,58,58,78,78,50,50,67,67,52,52,61,61,65,65,64,64,62,62,70,70,90,90,111,111,97,97,69,69,41,41,40,40,140,140,193,193,195,195,196,196,197,197,196,196,196,196,197,197,197,197,198,198,200,200,201,201,204,204,209,209,212,212,216,216,219,219,221,221,222,222,222,222,222,222,223,223,223,223,223,223
218,218,219,219,220,220,220,220,220,220,220,220,220,220,220,220,221,221,221,221,221,221,221,221,221,221,220,220,220,220,220,220,219,219,219,219,219,219,219,219,219,219,217,217,216,216,216,216,215,215,214,214,210,210,206,206,162,162,39,39,29,29,48,48,55,55,63,63,59,59,54,54,53,53,48,48,43,43,51,51,56,56,50,50,59,59,38,38,57,57,32,32,32,32,39,39,45,45,37,37,49,49,37,37,38,38,33,33,35,35,45,45,40,40,57,57,50,50,44,44,51,51,62,62,53,53,70,70,54,54,58,58,58,58,72,72,62,62,63,63,85,85,82,82,89,89,67,67,35,35,46,46,154,154,194,194,195,195,196,196,197,197,197,197,197,197,197,197,198,198,198,198,199,199,202,202,205,205,209,209,213,213,216,216,219,219,221,221,222,222,222,222,222,222,223,223,223,223,223,223
218,218,219,219,220,220,220,220,220,220,220,220,220,220,220,220,221,221,221,221,221,221,221,221,221,221,220,220,220,220,220,220,219,219,219,219,219,219,219,219,219,219,217,217,216,216,216,216,215,215,214,214,210,210,206,206,162,162,39,39,29,29,48,48,55,55,63,63,59,59,54,54,53,53,48,48,43,43,51,51,56,56,50,50,59,59,38,38,57,57,32,32,32,32,39,39,45,45,37,37,49,49,37,37,38,38,33,33,35,35,45,45,40,40,57,57,50,50,44,44,51,51,62,62,53,53,70,70,54,54,58,58,58,58,72,72,62,62,63,63,85,85,82,82,89,89,67,67,35,35,46,46,154,154,194,194,195,195,196,196,197,197,197,197,197,197,197,197,198,198,198,198,199,199,202,202,205,205,209,209,213,213,216,216,219,219,221,221,222,222,222,222,222,222,223,223,223,223,223,223
218,218,218,218,219,219,220,220,220,220,220,220,219,219,220,220,220,220,220,220,220,220,220,220,220,220,220,220,220,220,219,219,219,219,218,218,218,218,217,217,216,216,215,215,215,215,214,214,213,213,212,212,208,208,205,205,194,194,60,60,32,32,44,44,63,63,50,50,54,54,64,64,62,62,58,58,52,52,57,57,48,48,56,56,57,57,26,26,44,44,33,33,43,43,52,52,67,67,69,69,66,66,44,44,47,47,68,68,67,67,73,73,71,71,73,73,40,40,43,43,49,49,56,56,57,57,55,55,54,54,76,76,72,72,67,67,56,56,58,58,80,80,83,83,75,75,58,58,48,48,75,75,169,169,192,192,196,196,195,195,196,196,196,196,196,196,197,197,198,198,199,199,201,201,202,202,205,205,209,209,213,213,216,216,219,219,222,222,222,222,222,222,222,222,222,222,223,223,223,223
218,218,218,218,219,219,220,220,220,220,220,220,219,219,220,220,220,220,220,220,220,220,220,220,220,220,220,220,220,220,219,219,219,219,218,218,218,218,217,217,216,216,215,215,215,215,214,214,213,213,212,212,208,208,205,205,194,194,60,60,32,32,44,44,63,63,50,50,54,54,64,64,62,62,58,58,52,52,57,57,48,48,56,56,57,57,26,26,44,44,33,33,43,43,52,52,67,67,69,69,66,66,44,44,47,47,68,68,67,67,73,73,71,71,73,73,40,40,43,43,49,49,56,56,57,57,55,55,54,54,76,76,72,72,67,67,56,56,58,58,80,80,83,83,75,75,58,58,48,48,75,75,169,169,192,192,196,196,195,195,196,196,196,196,196,196,197,197,198,198,199,199,201,201,202,202,205,205,209,209,213,213,216,216,219,219,222,222,222,222,222,222,222,222,222,222,223,223,223,223
218,218,218,218,219,219,219,219,219,219,219,219,219,219,219,219,219,219,219,219,218,218,219,219,219,219,219,219,218,218,218,218,217,217,217,217,216,216,215,215,214,214,213,213,213,213,212,212,209,209,207,207,204,204,201,201,193,193,110,110,26,26,35,35,42,42,47,47,47,47,61,61,59,59,59,59,45,45,64,64,44,44,38,38,57,57,37,37,41,41,56,56,79,79,93,93,98,98,107,107,118,118,108,108,118,118,116,116,109,109,103,103,104,104,105,105,91,91,84,84,65,65,64,64,70,70,52,52,56,56,82,82,64,64,72,72,64,64,57,57,74,74,67,67,53,53,44,44,55,55,108,108,192,192,195,195,196,196,196,196,197,197,196,196,197,197,197,197,198,198,200,200,201,201,203,203,206,206,209,209,213,213,216,216,219,219,221,221,222,222,222,222,222,222,223,223,223,223,224,224
218,218,218,218,219,219,219,219,219,219,219,219,219,219,219,219,219,219,219,219,218,218,219,219,219,219,219,219,218,218,218,218,217,217,217,217,216,216,215,215,214,214,213,213,213,213,212,212,209,209,207,207,204,204,201,201,193,193,110,110,26,26,35,35,42,42,47,47,47,47,61,61,59,59,59,59,45,45,64,64,44,44,38,38,57,57,37,37,41,41,56,56,79,79,93,93,98,98,107,107,118,118,108,108,118,118,116,116,109,109,103,103,104,104,105,105,91,91,84,84,65,65,64,64,70,70,52,52,56,56,82,82,64,64,72,72,64,64,57,57,74,74,67,67,53,53,44,44,55,55,108,108,192,192,195,195,196,196,196,196,197,197,196,196,197,197,197,197,198,198,200,200,201,201,203,203,206,206,209,209,213,213,216,216,219,219,221,221,222,222,222,222,222,222,223,223,223,223,224,224
218,218,218,218,218,218,218,218,218,218,219,219,219,219,219,219,218,218,218,218,218,218,218,218,217,217,217,217,216,216,216,216,215,215,214,214,213,213,212,212,211,211,210,210,208,208,205,205,203,203,201,201,198,198,194,194,191,191,147,147,44,44,38,38,32,32,51,51,49,49,51,51,61,61,55,55,56,56,68,68,45,45,40,40,46,46,61,61,80,80,91,91,85,85,85,85,81,81,81,81,89,89,112,112,115,115,103,103,101,101,103,103,104,104,103,103,102,102,111,111,116,116,98,98,66,66,47,47,52,52,75,75,71,71,71,71,63,63,62,62,82,82,72,72,59,59,38,38,65,65,134,134,194,194,194,194,196,196,197,197,197,197,197,197,198,198,197,197,199,199,201,201,202,202,204,204,206,206,211,211,214,214,216,216,219,219,221,221,222,222,222,222,222,222,223,223,223,223,223,223
218,218,218,218,218,218,218,218,218,218,219,219,219,219,219,219,218,218,218,218,218,218,218,218,217,217,217,217,216,216,216,216,215,215,214,214,213,213,212,212,211,211,210,210,208,208,205,205,203,203,201,201,198,198,194,194,191,191,147,147,44,44,38,38,32,32,51,51,49,49,51,51,61,61,55,55,56,56,68,68,45,45,40,40,46,46,61,61,80,80,91,91,85,85,85,85,81,81,81,81,89,89,112,112,115,115,103,103,101,101,103,103,104,104,103,103,102,102,111,111,116,116,98,98,66,66,47,47,52,52,75,75,71,71,71,71,63,63,62,62,82,82,72,72,59,59,38,38,65,65,134,134,194,194,194,194,196,196,197,197,197,197,197,197,198,198,197,197,199,199,201,201,202,202,204,204,206,206,211,211,214,214,216,216,219,219,221,221,222,222,222,222,222,222,223,223,223,223,223,223
216,216,216,216,217,217,217,217,217,217,217,217,216,216,217,217,217,217,217,217,216,216,216,216,215,215,215,215,214,214,213,213,213,213,212,212,209,209,207,207,205,205,202,202,201,201,198,198,197,197,194,194,190,190,188,188,184,184,161,161,56,56,39,39,31,31,38,38,54,54,43,43,63,63,41,41,47,47,66,66,29,29,42,42,59,59,89,89,86,86,83,83,86,86,90,90,85,85,79,79,75,75,91,91,102,102,98,98,94,94,96,96,98,98,100,100,103,103,104,104,98,98,109,109,90,90,58,58,39,39,62,62,66,66,64,64,45,45,56,56,80,80,84,84,54,54,54,54,59,59,177,177,190,190,192,192,194,194,195,195,196,196,197,197,198,198,198,198,199,199,201,201,203,203,204,204,207,207,211,211,214,214,217,217,219,219,220,220,222,222,222,222,222,222,223,223,223,223,223,223
216,216,216,216,217,217,217,217,217,217,217,217,216,216,217,217,217,217,217,217,216,216,216,216,215,215,215,215,214,214,213,213,213,213,212,212,209,209,207,207,205,205,202,202,201,201,198,198,197,197,194,194,190,190,188,188,184,184,161,161,56,56,39,39,31,31,38,38,54,54,43,43,63,63,41,41,47,47,66,66,29,29,42,42,59,59,89,89,86,86,83,83,86,86,90,90,85,85,79,79,75,75,91,91,102,102,98,98,94,94,96,96,98,98,100,100,103,103,104,104,98,98,109,109,90,90,58,58,39,39,62,62,66,66,64,64,45,45,56,56,80,80,84,84,54,54,54,54,59,59,177,177,190,190,192,192,194,194,195,195,196,196,197,197,198,198,198,198,199,199,201,201,203,203,204,204,207,207,211,211,214,214,217,217,219,219,220,220,222,222,222,222,222,222,223,223,223,223,223,223
215,215,215,215,215,215,215,215,215,215,215,215,216,216,215,215,214,214,215,215,214,214,213,213,213,213,212,212,211,211,208,208,207,207,205,205,202,202,201,201,196,196,194,194,192,192,191,191,189,189,185,185,183,183,180,180,177,177,172,172,89,89,45,45,31,31,42,42,45,45,50,50,66,66,52,52,42,42,41,41,41,41,67,67,77,77,83,83,77,77,74,74,79,79,80,80,77,77,69,69,65,65,75,75,81,81,79,79,71,71,68,68,72,72,76,76,82,82,87,87,92,92,86,86,81,81,63,63,43,43,35,35,64,64,59,59,56,56,50,50,52,52,59,59,42,42,51,51,77,77,165,165,184,184,190,190,192,192,193,193,194,194,196,196,197,197,198,198,198,198,201,201,202,202,205,205,207,207,212,212,215,215,217,217,220,220,221,221,222,222,222,222,222,222,222,222,223,223,223,223
215,215,215,215,215,215,215,215,215,215,215,215,216,216,215,215,214,214,215,215,214,214,213,213,213,213,212,212,211,211,208,208,207,207,205,205,202,202,201,201,196,196,194,194,192,192,191,191,189,189,185,185,183,183,180,180,177,177,172,172,89,89,45,45,31,31,42,42,45,45,50,50,66,66,52,52,42,42,41,41,41,41,67,67,77,77,83,83,77,77,74,74,79,79,80,80,77,77,69,69,65,65,75,75,81,81,79,79,71,71,68,68,72,72,76,76,82,82,87,87,92,92,86,86,81,81,63,63,43,43,35,35,64,64,59,59,56,56,50,50,52,52,59,59,42,42,51,51,77,77,165,165,184,184,190,190,192,192,193,193,194,194,196,196,197,197,198,198,198,198,201,201,202,202,205,205,207,207,212,212,215,215,217,217,220,220,221,221,222,222,222,222,222,222,222,222,223,223,223,223
213,213,213,213,214,214,214,214,213,213,213,213,213,213,212,212,211,211,211,211,211,211,210,210,208,208,206,206,204,204,202,202,199,199,197,197,195,195,191,191,188,188,186,186,184,184,182,182,178,178,176,176,173,173,170,170,167,167,165,165,101,101,33,33,35,35,37,37,30,30,68,68,66,66,57,57,32,32,40,40,57,57,66,66,73,73,66,66,67,67,64,64,62,62,59,59,61,61,50,50,59,59,65,65,63,63,59,59,64,64,60,60,59,59,60,60,66,66,65,65,58,58,43,43,37,37,45,45,48,48,44,44,59,59,49,49,53,53,56,56,53,53,60,60,53,53,47,47,137,137,172,172,182,182,185,185,189,189,190,190,192,192,193,193,194,194,197,197,198,198,201,201,203,203,205,205,209,209,212,212,215,215,218,218,220,220,220,220,221,221,222,222,223,223,223,223,223,223,223,223
213,213,213,213,214,214,214,214,213,213,213,213,213,213,212,212,211,211,211,211,211,211,210,210,208,208,206,206,204,204,202,202,199,199,197,197,195,195,191,191,188,188,186,186,184,184,182,182,178,178,176,176,173,173,170,170,167,167,165,165,101,101,33,33,35,35,37,37,30,30,68,68,66,66,57,57,32,32,40,40,57,57,66,66,73,73,66,66,67,67,64,64,62,62,59,59,61,61,50,50,59,59,65,65,63,63,59,59,64,64,60,60,59,59,60,60,66,66,65,65,58,58,43,43,37,37,45,45,48,48,44,44,59,59,49,49,53,53,56,56,53,53,60,60,53,53,47,47,137,137,172,172,182,182,185,185,189,189,190,190,192,192,193,193,194,194,197,197,198,198,201,201,203,203,205,205,209,209,212,212,215,215,218,218,220,220,220,220,221,221,222,222,223,223,223,223,223,223,223,223
211,211,211,211,211,211,210,210,210,210,210,210,210,210,209,209,208,208,207,207,205,205,203,203,200,200,199,199,196,196,192,192,190,190,188,188,185,185,181,181,179,179,175,175,171,171,167,167,163,163,157,157,137,137,139,139,147,147,122,122,69,69,49,49,30,30,49,49,45,45,72,72,51,51,46,46,35,35,49,49,48,48,38,38,32,32,36,36,44,44,44,44,43,43,61,61,59,59,56,56,64,64,67,67,60,60,62,62,66,66,68,68,72,72,79,79,78,78,71,71,46,46,51,51,68,68,62,62,44,44,47,47,34,34,40,40,28,28,52,52,47,47,59,59,55,55,83,83,155,155,171,171,176,176,178,178,181,181,184,184,186,186,189,189,191,191,194,194,197,197,200,200,203,203,205,205,210,210,213,213,216,216,217,217,220,220,220,220,221,221,222,222,222,222,222,222,223,223,223,223
211,211,211,211,211,211,210,210,210,210,210,210,210,210,209,209,208,208,207,207,205,205,203,203,200,200,199,199,196,196,192,192,190,190,188,188,185,185,181,181,179,179,175,175,171,171,167,167,163,163,157,157,137,137,139,139,147,147,122,122,69,69,49,49,30,30,49,49,45,45,72,72,51,51,46,46,35,35,49,49,48,48,38,38,32,32,36,36,44,44,44,44,43,43,61,61,59,59,56,56,64,64,67,67,60,60,62,62,66,66,68,68,72,72,79,79,78,78,71,71,46,46,51,51,68,68,62,62,44,44,47,47,34,34,40,40,28,28,52,52,47,47,59,59,55,55,83,83,155,155,171,171,176,176,178,178,181,181,184,184,186,186,189,189,191,191,194,194,197,197,200,200,203,203,205,205,210,210,213,213,216,216,217,217,220,220,220,220,221,221,222,222,222,222,222,222,223,223,223,223
208,208,208,208,207,207,207,207,206,206,205,205,204,204,202,202,202,202,200,200,198,198,194,194,192,192,190,190,186,186,183,183,180,180,177,177,174,174,171,171,164,164,159,159,147,147,143,143,154,154,134,134,146,146,160,160,154,154,56,56,81,81,48,48,37,37,50,50,56,56,34,34,49,49,48,48,34,34,35,35,41,41,51,51,47,47,41,41,44,44,57,57,63,63,79,79,72,72,73,73,80,80,80,80,77,77,81,81,83,83,88,88,87,87,89,89,85,85,75,75,84,84,102,102,93,93,75,75,54,54,40,40,33,33,28,28,43,43,57,57,51,51,53,53,43,43,116,116,165,165,166,166,170,170,172,172,175,175,178,178,180,180,183,183,187,187,189,189,194,194,198,198,202,202,206,206,211,211,214,214,216,216,218,218,220,220,220,220,222,222,222,222,222,222,222,222,222,222,222,222
208,208,208,208,207,207,207,207,206,206,205,205,204,204,202,202,202,202,200,200,198,198,194,194,192,192,190,190,186,186,183,183,180,180,177,177,174,174,171,171,164,164,159,159,147,147,143,143,154,154,134,134,146,146,160,160,154,154,56,56,81,81,48,48,37,37,50,50,56,56,34,34,49,49,48,48,34,34,35,35,41,41,51,51,47,47,41,41,44,44,57,57,63,63,79,79,72,72,73,73,80,80,80,80,77,77,81,81,83,83,88,88,87,87,89,89,85,85,75,75,84,84,102,102,93,93,75,75,54,54,40,40,33,33,28,28,43,43,57,57,51,51,53,53,43,43,116,116,165,165,166,166,170,170,172,172,175,175,178,178,180,180,183,183,187,187,189,189,194,194,198,198,202,202,206,206,211,211,214,214,216,216,218,218,220,220,220,220,222,222,222,222,222,222,222,222,222,222,222,222
204,204,203,203,202,202,201,201,201,201,201,201,199,199,197,197,195,195,192,192,190,190,187,187,183,183,179,179,175,175,171,171,165,165,158,158,152,152,151,151,149,149,154,154,147,147,147,147,150,150,130,130,162,162,164,164,144,144,41,41,59,59,55,55,44,44,50,50,51,51,30,30,47,47,33,33,40,40,36,36,48,48,61,61,68,68,72,72,64,64,63,63,69,69,77,77,83,83,89,89,94,94,87,87,85,85,101,101,103,103,100,100,97,97,92,92,89,89,106,106,117,117,100,100,87,87,74,74,56,56,39,39,31,31,23,23,34,34,52,52,41,41,41,41,71,71,144,144,157,157,160,160,163,163,167,167,169,169,171,171,173,173,176,176,180,180,183,183,186,186,191,191,196,196,203,203,209,209,211,211,214,214,216,216,218,218,219,219,220,220,221,221,222,222,222,222,222,222,222,222
204,204,203,203,202,202,201,201,201,201,201,201,199,199,197,197,195,195,192,192,190,190,187,187,183,183,179,179,175,175,171,171,165,165,158,158,152,152,151,151,149,149,154,154,147,147,147,147,150,150,130,130,162,162,164,164,144,144,41,41,59,59,55,55,44,44,50,50,51,51,30,30,47,47,33,33,40,40,36,36,48,48,61,61,68,68,72,72,64,64,63,63,69,69,77,77,83,83,89,89,94,94,87,87,85,85,101,101,103,103,100,100,97,97,92,92,89,89,106,106,117,117,100,100,87,87,74,74,56,56,39,39,31,31,23,23,34,34,52,52,41,41,41,41,71,71,144,144,157,157,160,160,163,163,167,167,169,169,171,171,173,173,176,176,180,180,183,183,186,186,191,191,196,196,203,203,209,209,211,211,214,214,216,216,218,218,219,219,220,220,221,221,222,222,222,222,222,222,222,222
199,199,198,198,198,198,196,196,195,195,195,195,192,192,190,190,187,187,185,185,181,181,176,176,171,171,161,161,156,156,153,153,153,153,147,147,145,145,148,148,148,148,149,149,146,146,151,151,150,150,134,134,165,165,166,166,150,150,40,40,52,52,73,73,69,69,56,56,53,53,45,45,51,51,42,42,35,35,46,46,43,43,58,58,70,70,75,75,77,77,79,79,81,81,83,83,87,87,98,98,102,102,101,101,103,103,112,112,110,110,110,110,107,107,108,108,115,115,107,107,92,92,93,93,89,89,82,82,66,66,52,52,49,49,24,24,39,39,39,39,42,42,64,64,97,97,159,159,172,172,164,164,169,169,163,163,161,161,164,164,168,168,170,170,174,174,177,177,180,180,184,184,188,188,195,195,201,201,206,206,211,211,214,214,217,217,218,218,219,219,220,220,221,221,222,222,221,221,221,221
199,199,198,198,198,198,196,196,195,195,195,195,192,192,190,190,187,187,185,185,181,181,176,176,171,171,161,161,156,156,153,153,153,153,147,147,145,145,148,148,148,148,149,149,146,146,151,151,150,150,134,134,165,165,166,166,150,150,40,40,52,52,73,73,69,69,56,56,53,53,45,45,51,51,42,42,35,35,46,46,43,43,58,58,70,70,75,75,77,77,79,79,81,81,83,83,87,87,98,98,102,102,101,101,103,103,112,112,110,110,110,110,107,107,108,108,115,115,107,107,92,92,93,93,89,89,82,82,66,66,52,52,49,49,24,24,39,39,39,39,42,42,64,64,97,97,159,159,172,172,164,164,169,169,163,163,161,161,164,164,168,168,170,170,174,174,177,177,180,180,184,184,188,188,195,195,201,201,206,206,211,211,214,214,217,217,218,218,219,219,220,220,221,221,222,222,221,221,221,221
194,194,193,193,192,192,191,191,191,191,189,189,186,186,183,183,180,180,174,174,163,163,155,155,152,152,152,152,149,149,149,149,156,156,145,145,142,142,151,151,152,152,147,147,146,146,151,151,152,152,136,136,169,169,168,168,164,164,50,50,50,50,63,63,88,88,68,68,66,66,59,59,55,55,50,50,44,44,42,42,38,38,57,57,67,67,67,67,73,73,81,81,84,84,85,85,91,91,102,102,104,104,110,110,108,108,103,103,103,103,104,104,103,103,95,95,82,82,77,77,81,81,88,88,87,87,87,87,80,80,58,58,45,45,36,36,62,62,56,56,62,62,77,77,122,122,145,145,182,182,175,175,174,174,179,179,167,167,160,160,163,163,163,163,168,168,171,171,173,173,178,178,182,182,188,188,192,192,196,196,202,202,209,209,214,214,216,216,217,217,219,219,219,219,219,219,220,220,220,220
194,194,193,193,192,192,191,191,191,191,189,189,186,186,183,183,180,180,174,174,163,163,155,155,152,152,152,152,149,149,149,149,156,156,145,145,142,142,151,151,152,152,147,147,146,146,151,151,152,152,136,136,169,169,168,168,164,164,50,50,50,50,63,63,88,88,68,68,66,66,59,59,55,55,50,50,44,44,42,42,38,38,57,57,67,67,67,67,73,73,81,81,84,84,85,85,91,91,102,102,104,104,110,110,108,108,103,103,103,103,104,104,103,103,95,95,82,82,77,77,81,81,88,88,87,87,87,87,80,80,58,58,45,45,36,36,62,62,56,56,62,62,77,77,122,122,145,145,182,182,175,175,174,174,179,179,167,167,160,160,163,163,163,163,168,168,171,171,173,173,178,178,182,182,188,188,192,192,196,196,202,202,209,209,214,214,216,216,217,217,219,219,219,219,219,219,220,220,220,220
189,189,187,187,186,186,185,185,183,183,182,182,179,179,170,170,164,164,140,140,135,135,145,145,151,151,155,155,149,149,150,150,160,160,146,146,141,141,152,152,153,153,148,148,145,145,154,154,158,158,136,136,172,172,171,171,171,171,86,86,48,48,61,61,87,87,71,71,80,80,99,99,55,55,75,75,80,80,44,44,33,33,51,51,62,62,66,66,66,66,65,65,68,68,76,76,81,81,85,85,85,85,76,76,75,75,70,70,72,72,71,71,69,69,62,62,74,74,73,73,77,77,81,81,77,77,72,72,80,80,60,60,59,59,52,52,58,58,60,60,80,80,106,106,170,170,145,145,172,172,185,185,167,167,173,173,175,175,173,173,175,175,173,173,166,166,164,164,167,167,172,172,177,177,182,182,185,185,190,190,194,194,201,201,205,205,209,209,213,213,215,215,217,217,218,218,218,218,219,219
189,189,187,187,186,186,185,185,183,183,182,182,179,179,170,170,164,164,140,140,135,135,145,145,151,151,155,155,149,149,150,150,160,160,146,146,141,141,152,152,153,153,148,148,145,145,154,154,158,158,136,136,172,172,171,171,171,171,86,86,48,48,61,61,87,87,71,71,80,80,99,99,55,55,75,75,80,80,44,44,33,33,51,51,62,62,66,66,66,66,65,65,68,68,76,76,81,81,85,85,85,85,76,76,75,75,70,70,72,72,71,71,69,69,62,62,74,74,73,73,77,77,81,81,77,77,72,72,80,80,60,60,59,59,52,52,58,58,60,60,80,80,106,106,170,170,145,145,172,172,185,185,167,167,173,173,175,175,173,173,175,175,173,173,166,166,164,164,167,167,172,172,177,177,182,182,185,185,190,190,194,194,201,201,205,205,209,209,213,213,215,215,217,217,218,218,218,218,219,219
184,184,182,182,178,178,174,174,162,162,153,153,145,145,145,145,158,158,131,131,128,128,144,144,149,149,154,154,152,152,153,153,165,165,149,149,144,144,153,153,154,154,148,148,145,145,156,156,163,163,144,144,166,166,178,178,175,175,140,140,45,45,56,56,84,84,97,97,93,93,106,106,76,76,102,102,77,77,62,62,41,41,48,48,56,56,62,62,69,69,72,72,66,66,70,70,58,58,57,57,51,51,52,52,54,54,57,57,54,54,54,54,63,63,66,66,72,72,72,72,70,70,79,79,76,76,79,79,82,82,64,64,69,69,76,76,88,88,86,86,110,110,153,153,181,181,154,154,168,168,181,181,168,168,172,172,172,172,173,173,177,177,170,170,177,177,169,169,168,168,167,167,171,171,175,175,180,180,185,185,188,188,194,194,197,197,200,200,204,204,207,207,211,211,214,214,215,215,216,216
184,184,182,182,178,178,174,174,162,162,153,153,145,145,145,145,158,158,131,131,128,128,144,144,149,149,154,154,152,152,153,153,165,165,149,149,144,144,153,153,154,154,148,148,145,145,156,156,163,163,144,144,166,166,178,178,175,175,140,140,45,45,56,56,84,84,97,97,93,93,106,106,76,76,102,102,77,77,62,62,41,41,48,48,56,56,62,62,69,69,72,72,66,66,70,70,58,58,57,57,51,51,52,52,54,54,57,57,54,54,54,54,63,63,66,66,72,72,72,72,70,70,79,79,76,76,79,79,82,82,64,64,69,69,76,76,88,88,86,86,110,110,153,153,181,181,154,154,168,168,181,181,168,168,172,172,172,172,173,173,177,177,170,170,177,177,169,169,168,168,167,167,171,171,175,175,180,180,185,185,188,188,194,194,197,197,200,200,204,204,207,207,211,211,214,214,215,215,216,216
163,163,156,156,149,149,144,144,138,138,139,139,135,135,139,139,157,157,126,126,125,125,139,139,148,148,153,153,154,154,154,154,166,166,153,153,148,148,156,156,157,157,148,148,147,147,156,156,168,168,161,161,153,153,182,182,178,178,174,174,72,72,58,58,56,56,86,86,122,122,120,120,108,108,89,89,89,89,50,50,55,55,45,45,63,63,62,62,69,69,74,74,66,66,69,69,74,74,71,71,71,71,70,70,70,70,74,74,70,70,66,66,64,64,67,67,74,74,72,72,72,72,81,81,64,64,77,77,82,82,84,84,118,118,111,111,115,115,133,133,133,133,181,181,186,186,164,164,166,166,179,179,169,169,172,172,170,170,175,175,179,179,176,176,166,166,187,187,182,182,181,181,177,177,169,169,173,173,176,176,179,179,188,188,191,191,195,195,199,199,201,201,203,203,206,206,208,208,210,210
163,163,156,156,149,149,144,144,138,138,139,139,135,135,139,139,157,157,126,126,125,125,139,139,148,148,153,153,154,154,154,154,166,166,153,153,148,148,156,156,157,157,148,148,147,147,156,156,168,168,161,161,153,153,182,182,178,178,174,174,72,72,58,58,56,56,86,86,122,122,120,120,108,108,89,89,89,89,50,50,55,55,45,45,63,63,62,62,69,69,74,74,66,66,69,69,74,74,71,71,71,71,70,70,70,70,74,74,70,70,66,66,64,64,67,67,74,74,72,72,72,72,81,81,64,64,77,77,82,82,84,84,118,118,111,111,115,115,133,133,133,133,181,181,186,186,164,164,166,166,179,179,169,169,172,172,170,170,175,175,179,179,176,176,166,166,187,187,182,182,181,181,177,177,169,169,173,173,176,176,179,179,188,188,191,191,195,195,199,199,201,201,203,203,206,206,208,208,210,210
148,148,144,144,141,141,139,139,137,137,136,136,134,134,139,139,156,156,124,124,123,123,135,135,145,145,150,150,155,155,157,157,166,166,158,158,152,152,160,160,162,162,146,146,146,146,155,155,166,166,171,171,144,144,182,182,182,182,178,178,145,145,53,53,58,58,59,59,75,75,123,123,106,106,89,89,102,102,90,90,50,50,78,78,56,56,49,49,61,61,67,67,65,65,73,73,74,74,72,72,76,76,81,81,82,82,80,80,76,76,74,74,77,77,77,77,73,73,80,80,73,73,69,69,58,58,63,63,85,85,63,63,113,113,97,97,127,127,132,132,126,126,188,188,194,194,160,160,169,169,178,178,174,174,170,170,172,172,175,175,183,183,183,183,162,162,185,185,177,177,187,187,186,186,180,180,168,168,170,170,173,173,178,178,183,183,188,188,193,193,195,195,199,199,202,202,202,202,204,204
148,148,144,144,141,141,139,139,137,137,136,136,134,134,139,139,156,156,124,124,123,123,135,135,145,145,150,150,155,155,157,157,166,166,158,158,152,152,160,160,162,162,146,146,146,146,155,155,166,166,171,171,144,144,182,182,182,182,178,178,145,145,53,53,58,58,59,59,75,75,123,123,106,106,89,89,102,102,90,90,50,50,78,78,56,56,49,49,61,61,67,67,65,65,73,73,74,74,72,72,76,76,81,81,82,82,80,80,76,76,74,74,77,77,77,77,73,73,80,80,73,73,69,69,58,58,63,63,85,85,63,63,113,113,97,97,127,127,132,132,126,126,188,188,194,194,160,160,169,169,178,178,174,174,170,170,172,172,175,175,183,183,183,183,162,162,185,185,177,177,187,187,186,186,180,180,168,168,170,170,173,173,178,178,183,183,188,188,193,193,195,195,199,199,202,202,202,202,204,204
145,145,143,143,141,141,139,139,138,138,137,137,136,136,140,140,157,157,123,123,123,123,134,134,142,142,149,149,156,156,158,158,164,164,164,164,154,154,161,161,167,167,147,147,145,145,156,156,162,162,177,177,155,155,163,163,187,187,182,182,181,181,97,97,56,56,55,55,53,53,100,100,123,123,101,101,121,121,72,72,77,77,92,92,61,61,56,56,62,62,58,58,67,67,74,74,70,70,74,74,74,74,79,79,81,81,89,89,88,88,81,81,81,81,77,77,78,78,86,86,64,64,63,63,71,71,96,96,86,86,121,121,134,134,99,99,121,121,85,85,133,133,190,190,199,199,156,156,175,175,183,183,172,172,170,170,173,173,176,176,183,183,188,188,168,168,173,173,180,180,190,190,182,182,184,184,179,179,164,164,161,161,171,171,177,177,178,178,182,182,187,187,190,190,196,196,196,196,199,199
145,145,143,143,141,141,139,139,138,138,137,137,136,136,140,140,157,157,123,123,123,123,134,134,142,142,149,149,156,156,158,158,164,164,164,164,154,154,161,161,167,167,147,147,145,145,156,156,162,162,177,177,155,155,163,163,187,187,182,182,181,181,97,97,56,56,55,55,53,53,100,100,123,123,101,101,121,121,72,72,77,77,92,92,61,61,56,56,62,62,58,58,67,67,74,74,70,70,74,74,74,74,79,79,81,81,89,89,88,88,81,81,81,81,77,77,78,78,86,86,64,64,63,63,71,71,96,96,86,86,121,121,134,134,99,99,121,121,85,85,133,133,190,190,199,199,156,156,175,175,183,183,172,172,170,170,173,173,176,176,183,183,188,188,168,168,173,173,180,180,190,190,182,182,184,184,179,179,164,164,161,161,171,171,177,177,178,178,182,182,187,187,190,190,196,196,196,196,199,199
146,146,144,144,141,141,139,139,139,139,137,137,137,137,144,144,156,156,121,121,122,122,134,134,141,141,149,149,157,157,160,160,165,165,169,169,156,156,161,161,170,170,149,149,144,144,156,156,162,162,178,178,163,163,146,146,187,187,188,188,182,182,173,173,65,65,56,56,56,56,73,73,102,102,124,124,108,108,80,80,90,90,92,92,71,71,77,77,51,51,57,57,61,61,68,68,65,65,66,66,70,70,75,75,72,72,74,74,75,75,81,81,92,92,91,91,77,77,79,79,78,78,83,83,97,97,123,123,128,128,142,142,142,142,102,102,99,99,66,66,171,171,195,195,200,200,151,151,193,193,186,186,171,171,171,171,175,175,180,180,185,185,187,187,178,178,159,159,185,185,189,189,184,184,185,185,179,179,182,182,168,168,151,151,155,155,174,174,177,177,178,178,180,180,186,186,189,189,193,193
146,146,144,144,141,141,139,139,139,139,137,137,137,137,144,144,156,156,121,121,122,122,134,134,141,141,149,149,157,157,160,160,165,165,169,169,156,156,161,161,170,170,149,149,144,144,156,156,162,162,178,178,163,163,146,146,187,187,188,188,182,182,173,173,65,65,56,56,56,56,73,73,102,102,124,124,108,108,80,80,90,90,92,92,71,71,77,77,51,51,57,57,61,61,68,68,65,65,66,66,70,70,75,75,72,72,74,74,75,75,81,81,92,92,91,91,77,77,79,79,78,78,83,83,97,97,123,123,128,128,142,142,142,142,102,102,99,99,66,66,171,171,195,195,200,200,151,151,193,193,186,186,171,171,171,171,175,175,180,180,185,185,187,187,178,178,159,159,185,185,189,189,184,184,185,185,179,179,182,182,168,168,151,151,155,155,174,174,177,177,178,178,180,180,186,186,189,189,193,193
148,148,146,146,142,142,141,141,140,140,139,139,139,139,151,151,153,153,120,120,124,124,135,135,142,142,149,149,156,156,161,161,166,166,175,175,161,161,160,160,171,171,152,152,139,139,156,156,165,165,174,174,168,168,148,148,163,163,190,190,188,188,185,185,153,153,55,55,54,54,64,64,68,68,107,107,120,120,116,116,91,91,88,88,86,86,70,70,59,59,58,58,59,59,60,60,65,65,63,63,68,68,78,78,67,67,61,61,57,57,59,59,74,74,69,69,60,60,78,78,90,90,72,72,108,108,107,107,105,105,143,143,142,142,81,81,72,72,104,104,184,184,205,205,188,188,152,152,207,207,178,178,177,177,169,169,179,179,181,181,185,185,188,188,189,189,160,160,174,174,189,189,182,182,184,184,170,170,180,180,169,169,157,157,149,149,151,151,167,167,176,176,174,174,173,173,175,175,180,180
148,148,146,146,142,142,141,141,140,140,139,139,139,139,151,151,153,153,120,120,124,124,135,135,142,142,149,149,156,156,161,161,166,166,175,175,161,161,160,160,171,171,152,152,139,139,156,156,165,165,174,174,168,168,148,148,163,163,190,190,188,188,185,185,153,153,55,55,54,54,64,64,68,68,107,107,120,120,116,116,91,91,88,88,86,86,70,70,59,59,58,58,59,59,60,60,65,65,63,63,68,68,78,78,67,67,61,61,57,57,59,59,74,74,69,69,60,60,78,78,90,90,72,72,108,108,107,107,105,105,143,143,142,142,81,81,72,72,104,104,184,184,205,205,188,188,152,152,207,207,178,178,177,177,169,169,179,179,181,181,185,185,188,188,189,189,160,160,174,174,189,189,182,182,184,184,170,170,180,180,169,169,157,157,149,149,151,151,167,167,176,176,174,174,173,173,175,175,180,180
150,150,149,149,142,142,144,144,142,142,140,140,142,142,159,159,146,146,119,119,126,126,138,138,144,144,150,150,155,155,161,161,164,164,176,176,173,173,163,163,172,172,152,152,136,136,153,153,166,166,174,174,173,173,153,153,151,151,182,182,192,192,188,188,185,185,143,143,57,57,49,49,55,55,61,61,75,75,90,90,94,94,68,68,84,84,64,64,65,65,57,57,58,58,43,43,59,59,72,72,75,75,59,59,63,63,58,58,58,58,46,46,59,59,54,54,52,52,68,68,86,86,89,89,109,109,111,111,119,119,133,133,95,95,72,72,59,59,163,163,192,192,208,208,160,160,170,170,207,207,173,173,176,176,172,172,178,178,182,182,186,186,189,189,192,192,161,161,160,160,190,190,179,179,178,178,166,166,174,174,164,164,152,152,150,150,151,151,158,158,159,159,171,171,168,168,154,154,148,148
150,150,149,149,142,142,144,144,142,142,140,140,142,142,159,159,146,146,119,119,126,126,138,138,144,144,150,150,155,155,161,161,164,164,176,176,173,173,163,163,172,172,152,152,136,136,153,153,166,166,174,174,173,173,153,153,151,151,182,182,192,192,188,188,185,185,143,143,57,57,49,49,55,55,61,61,75,75,90,90,94,94,68,68,84,84,64,64,65,65,57,57,58,58,43,43,59,59,72,72,75,75,59,59,63,63,58,58,58,58,46,46,59,59,54,54,52,52,68,68,86,86,89,89,109,109,111,111,119,119,133,133,95,95,72,72,59,59,163,163,192,192,208,208,160,160,170,170,207,207,173,173,176,176,172,172,178,178,182,182,186,186,189,189,192,192,161,161,160,160,190,190,179,179,178,178,166,166,174,174,164,164,152,152,150,150,151,151,158,158,159,159,171,171,168,168,154,154,148,148
153,153,151,151,143,143,146,146,144,144,142,142,146,146,168,168,141,141,120,120,128,128,139,139,145,145,152,152,155,155,161,161,165,165,174,174,179,179,171,171,172,172,157,157,136,136,151,151,166,166,176,176,174,174,154,154,155,155,160,160,190,190,193,193,188,188,186,186,143,143,56,56,49,49,60,60,56,56,75,75,103,103,82,82,95,95,83,83,84,84,70,70,55,55,60,60,63,63,66,66,63,63,64,64,53,53,53,53,76,76,62,62,57,57,63,63,67,67,82,82,84,84,81,81,96,96,106,106,135,135,117,117,74,74,52,52,118,118,188,188,200,200,199,199,147,147,178,178,203,203,176,176,171,171,179,179,176,176,181,181,187,187,190,190,192,192,166,166,152,152,189,189,180,180,173,173,169,169,167,167,162,162,153,153,149,149,148,148,155,155,155,155,157,157,165,165,166,166,158,158
153,153,151,151,143,143,146,146,144,144,142,142,146,146,168,168,141,141,120,120,128,128,139,139,145,145,152,152,155,155,161,161,165,165,174,174,179,179,171,171,172,172,157,157,136,136,151,151,166,166,176,176,174,174,154,154,155,155,160,160,190,190,193,193,188,188,186,186,143,143,56,56,49,49,60,60,56,56,75,75,103,103,82,82,95,95,83,83,84,84,70,70,55,55,60,60,63,63,66,66,63,63,64,64,53,53,53,53,76,76,62,62,57,57,63,63,67,67,82,82,84,84,81,81,96,96,106,106,135,135,117,117,74,74,52,52,118,118,188,188,200,200,199,199,147,147,178,178,203,203,176,176,171,171,179,179,176,176,181,181,187,187,190,190,192,192,166,166,152,152,189,189,180,180,173,173,169,169,167,167,162,162,153,153,149,149,148,148,155,155,155,155,157,157,165,165,166,166,158,158
154,154,152,152,143,143,146,146,147,147,146,146,150,150,170,170,135,135,119,119,128,128,141,141,146,146,153,153,155,155,161,161,166,166,170,170,179,179,178,178,175,175,160,160,139,139,147,147,164,164,178,178,176,176,154,154,155,155,162,162,169,169,193,193,194,194,191,191,187,187,149,149,63,63,61,61,58,58,83,83,78,78,98,98,94,94,93,93,83,83,83,83,55,55,64,64,58,58,55,55,64,64,64,64,63,63,48,48,76,76,64,64,67,67,75,75,75,75,78,78,98,98,87,87,103,103,120,120,127,127,75,75,52,52,88,88,181,181,196,196,206,206,168,168,154,154,185,185,202,202,177,177,169,169,178,178,175,175,178,178,189,189,194,194,194,194,169,169,151,151,174,174,182,182,172,172,168,168,163,163,160,160,154,154,148,148,149,149,152,152,152,152,152,152,156,156,161,161,160,160
154,154,152,152,143,143,146,146,147,147,146,146,150,150,170,170,135,135,119,119,128,128,141,141,146,146,153,153,155,155,161,161,166,166,170,170,179,179,178,178,175,175,160,160,139,139,147,147,164,164,178,178,176,176,154,154,155,155,162,162,169,169,193,193,194,194,191,191,187,187,149,149,63,63,61,61,58,58,83,83,78,78,98,98,94,94,93,93,83,83,83,83,55,55,64,64,58,58,55,55,64,64,64,64,63,63,48,48,76,76,64,64,67,67,75,75,75,75,78,78,98,98,87,87,103,103,120,120,127,127,75,75,52,52,88,88,181,181,196,196,206,206,168,168,154,154,185,185,202,202,177,177,169,169,178,178,175,175,178,178,189,189,194,194,194,194,169,169,151,151,174,174,182,182,172,172,168,168,163,163,160,160,154,154,148,148,149,149,152,152,152,152,152,152,156,156,161,161,160,160
155,155,153,153,144,144,145,145,149,149,149,149,159,159,169,169,132,132,120,120,129,129,143,143,148,148,152,152,155,155,159,159,164,164,168,168,177,177,183,183,179,179,162,162,141,141,145,145,163,163,179,179,177,177,157,157,150,150,161,161,166,166,175,175,194,194,197,197,192,192,189,189,170,170,85,85,53,53,58,58,87,87,106,106,104,104,114,114,101,101,106,106,77,77,65,65,61,61,53,53,80,80,57,57,63,63,56,56,58,58,63,63,68,68,87,87,81,81,78,78,108,108,96,96,111,111,103,103,86,86,55,55,78,78,178,178,194,194,207,207,189,189,151,151,159,159,189,189,201,201,176,176,165,165,178,178,178,178,176,176,189,189,196,196,193,193,170,170,153,153,163,163,185,185,174,174,167,167,160,160,156,156,154,154,150,150,147,147,151,151,153,153,152,152,151,151,155,155,159,159
155,155,153,153,144,144,145,145,149,149,149,149,159,159,169,169,132,132,120,120,129,129,143,143,148,148,152,152,155,155,159,159,164,164,168,168,177,177,183,183,179,179,162,162,141,141,145,145,163,163,179,179,177,177,157,157,150,150,161,161,166,166,175,175,194,194,197,197,192,192,189,189,170,170,85,85,53,53,58,58,87,87,106,106,104,104,114,114,101,101,106,106,77,77,65,65,61,61,53,53,80,80,57,57,63,63,56,56,58,58,63,63,68,68,87,87,81,81,78,78,108,108,96,96,111,111,103,103,86,86,55,55,78,78,178,178,194,194,207,207,189,189,151,151,159,159,189,189,201,201,176,176,165,165,178,178,178,178,176,176,189,189,196,196,193,193,170,170,153,153,163,163,185,185,174,174,167,167,160,160,156,156,154,154,150,150,147,147,151,151,153,153,152,152,151,151,155,155,159,159
157,157,152,152,143,143,145,145,149,149,152,152,166,166,166,166,130,130,121,121,133,133,146,146,150,150,152,152,154,154,157,157,162,162,165,165,174,174,185,185,182,182,163,163,142,142,142,142,160,160,177,177,182,182,160,160,147,147,159,159,168,168,169,169,175,175,196,196,198,198,193,193,191,191,188,188,132,132,64,64,58,58,66,66,85,85,128,128,92,92,101,101,95,95,79,79,58,58,73,73,69,69,53,53,76,76,64,64,61,61,83,83,68,68,73,73,72,72,81,81,131,131,131,131,81,81,60,60,45,45,81,81,178,178,193,193,206,206,201,201,157,157,157,157,164,164,192,192,202,202,173,173,164,164,178,178,178,178,175,175,189,189,197,197,192,192,168,168,152,152,154,154,186,186,172,172,166,166,158,158,153,153,153,153,152,152,147,147,151,151,154,154,152,152,151,151,152,152,157,157
157,157,152,152,143,143,145,145,149,149,152,152,166,166,166,166,130,130,121,121,133,133,146,146,150,150,152,152,154,154,157,157,162,162,165,165,174,174,185,185,182,182,163,163,142,142,142,142,160,160,177,177,182,182,160,160,147,147,159,159,168,168,169,169,175,175,196,196,198,198,193,193,191,191,188,188,132,132,64,64,58,58,66,66,85,85,128,128,92,92,101,101,95,95,79,79,58,58,73,73,69,69,53,53,76,76,64,64,61,61,83,83,68,68,73,73,72,72,81,81,131,131,131,131,81,81,60,60,45,45,81,81,178,178,193,193,206,206,201,201,157,157,157,157,164,164,192,192,202,202,173,173,164,164,178,178,178,178,175,175,189,189,197,197,192,192,168,168,152,152,154,154,186,186,172,172,166,166,158,158,153,153,153,153,152,152,147,147,151,151,154,154,152,152,151,151,152,152,157,157
159,159,153,153,143,143,146,146,149,149,153,153,171,171,162,162,129,129,122,122,136,136,148,148,152,152,153,153,155,155,157,157,161,161,164,164,171,171,187,187,187,187,164,164,144,144,141,141,157,157,176,176,185,185,171,171,150,150,153,153,165,165,174,174,173,173,175,175,198,198,198,198,196,196,193,193,189,189,178,178,110,110,62,62,62,62,87,87,108,108,99,99,102,102,104,104,78,78,51,51,63,63,59,59,56,56,52,52,54,54,88,88,74,74,82,82,85,85,93,93,103,103,83,83,47,47,41,41,113,113,190,190,198,198,206,206,207,207,168,168,155,155,161,161,171,171,197,197,203,203,173,173,166,166,175,175,175,175,178,178,186,186,196,196,191,191,167,167,153,153,151,151,183,183,174,174,164,164,157,157,154,154,152,152,152,152,149,149,149,149,151,151,152,152,152,152,152,152,154,154
159,159,153,153,143,143,146,146,149,149,153,153,171,171,162,162,129,129,122,122,136,136,148,148,152,152,153,153,155,155,157,157,161,161,164,164,171,171,187,187,187,187,164,164,144,144,141,141,157,157,176,176,185,185,171,171,150,150,153,153,165,165,174,174,173,173,175,175,198,198,198,198,196,196,193,193,189,189,178,178,110,110,62,62,62,62,87,87,108,108,99,99,102,102,104,104,78,78,51,51,63,63,59,59,56,56,52,52,54,54,88,88,74,74,82,82,85,85,93,93,103,103,83,83,47,47,41,41,113,113,190,190,198,198,206,206,207,207,168,168,155,155,161,161,171,171,197,197,203,203,173,173,166,166,175,175,175,175,178,178,186,186,196,196,191,191,167,167,153,153,151,151,183,183,174,174,164,164,157,157,154,154,152,152,152,152,149,149,149,149,151,151,152,152,152,152,152,152,154,154
160,160,152,152,144,144,146,146,151,151,158,158,178,178,156,156,126,126,124,124,139,139,152,152,154,154,153,153,155,155,157,157,160,160,164,164,169,169,183,183,189,189,166,166,147,147,141,141,155,155,176,176,185,185,175,175,157,157,148,148,161,161,173,173,179,179,179,179,172,172,195,195,200,200,199,199,194,194,193,193,190,190,169,169,104,104,62,62,80,80,74,74,74,74,94,94,86,86,70,70,68,68,70,70,93,93,89,89,81,81,85,85,98,98,100,100,74,74,56,56,49,49,48,48,76,76,166,166,198,198,201,201,208,208,211,211,178,178,164,164,160,160,167,167,176,176,203,203,203,203,174,174,167,167,173,173,177,177,180,180,183,183,195,195,192,192,167,167,154,154,151,151,173,173,178,178,166,166,159,159,154,154,152,152,151,151,151,151,150,150,152,152,152,152,153,153,154,154,154,154
160,160,152,152,144,144,146,146,151,151,158,158,178,178,156,156,126,126,124,124,139,139,152,152,154,154,153,153,155,155,157,157,160,160,164,164,169,169,183,183,189,189,166,166,147,147,141,141,155,155,176,176,185,185,175,175,157,157,148,148,161,161,173,173,179,179,179,179,172,172,195,195,200,200,199,199,194,194,193,193,190,190,169,169,104,104,62,62,80,80,74,74,74,74,94,94,86,86,70,70,68,68,70,70,93,93,89,89,81,81,85,85,98,98,100,100,74,74,56,56,49,49,48,48,76,76,166,166,198,198,201,201,208,208,211,211,178,178,164,164,160,160,167,167,176,176,203,203,203,203,174,174,167,167,173,173,177,177,180,180,183,183,195,195,192,192,167,167,154,154,151,151,173,173,178,178,166,166,159,159,154,154,152,152,151,151,151,151,150,150,152,152,152,152,153,153,154,154,154,154
161,161,152,152,143,143,146,146,152,152,161,161,178,178,150,150,125,125,125,125,143,143,153,153,153,153,153,153,154,154,157,157,159,159,165,165,169,169,181,181,192,192,172,172,151,151,142,142,154,154,175,175,187,187,178,178,162,162,149,149,157,157,165,165,176,176,179,179,186,186,170,170,191,191,201,201,198,198,195,195,193,193,193,193,190,190,179,179,134,134,94,94,69,69,81,81,76,76,73,73,78,78,79,79,106,106,79,79,76,76,78,78,63,63,40,40,37,37,46,46,98,98,168,168,201,201,203,203,205,205,212,212,214,214,187,187,169,169,168,168,162,162,167,167,178,178,208,208,202,202,177,177,166,166,170,170,177,177,174,174,183,183,197,197,192,192,167,167,156,156,150,150,163,163,185,185,168,168,159,159,154,154,152,152,153,153,152,152,152,152,152,152,151,151,154,154,155,155,154,154
161,161,152,152,143,143,146,146,152,152,161,161,178,178,150,150,125,125,125,125,143,143,153,153,153,153,153,153,154,154,157,157,159,159,165,165,169,169,181,181,192,192,172,172,151,151,142,142,154,154,175,175,187,187,178,178,162,162,149,149,157,157,165,165,176,176,179,179,186,186,170,170,191,191,201,201,198,198,195,195,193,193,193,193,190,190,179,179,134,134,94,94,69,69,81,81,76,76,73,73,78,78,79,79,106,106,79,79,76,76,78,78,63,63,40,40,37,37,46,46,98,98,168,168,201,201,203,203,205,205,212,212,214,214,187,187,169,169,168,168,162,162,167,167,178,178,208,208,202,202,177,177,166,166,170,170,177,177,174,174,183,183,197,197,192,192,167,167,156,156,150,150,163,163,185,185,168,168,159,159,154,154,152,152,153,153,152,152,152,152,152,152,151,151,154,154,155,155,154,154
162,162,152,152,143,143,144,144,152,152,166,166,177,177,147,147,125,125,127,127,145,145,153,153,154,154,155,155,154,154,157,157,159,159,166,166,169,169,180,180,193,193,175,175,153,153,143,143,154,154,175,175,189,189,183,183,165,165,152,152,155,155,163,163,172,172,180,180,185,185,194,194,176,176,181,181,199,199,200,200,199,199,199,199,196,196,195,195,195,195,194,194,188,188,163,163,141,141,104,104,103,103,82,82,75,75,48,48,36,36,57,57,70,70,94,94,147,147,200,200,212,212,206,206,208,208,210,210,212,212,215,215,186,186,176,176,178,178,168,168,164,164,168,168,181,181,207,207,205,205,178,178,167,167,170,170,172,172,170,170,184,184,195,195,192,192,167,167,157,157,150,150,157,157,184,184,169,169,161,161,156,156,152,152,153,153,152,152,153,153,152,152,153,153,155,155,156,156,155,155
162,162,152,152,143,143,144,144,152,152,166,166,177,177,147,147,125,125,127,127,145,145,153,153,154,154,155,155,154,154,157,157,159,159,166,166,169,169,180,180,193,193,175,175,153,153,143,143,154,154,175,175,189,189,183,183,165,165,152,152,155,155,163,163,172,172,180,180,185,185,194,194,176,176,181,181,199,199,200,200,199,199,199,199,196,196,195,195,195,195,194,194,188,188,163,163,141,141,104,104,103,103,82,82,75,75,48,48,36,36,57,57,70,70,94,94,147,147,200,200,212,212,206,206,208,208,210,210,212,212,215,215,186,186,176,176,178,178,168,168,164,164,168,168,181,181,207,207,205,205,178,178,167,167,170,170,172,172,170,170,184,184,195,195,192,192,167,167,157,157,150,150,157,157,184,184,169,169,161,161,156,156,152,152,153,153,152,152,153,153,152,152,153,153,155,155,156,156,155,155
163,163,150,150,142,142,146,146,156,156,171,171,176,176,146,146,126,126,131,131,149,149,155,155,156,156,158,158,155,155,156,156,159,159,165,165,169,169,176,176,194,194,181,181,160,160,146,146,153,153,173,173,189,189,185,185,169,169,155,155,156,156,161,161,166,166,176,176,177,177,185,185,194,194,188,188,170,170,184,184,203,203,202,202,202,202,200,200,201,201,199,199,199,199,199,199,201,201,197,197,194,194,198,198,193,193,193,193,190,190,200,200,211,211,216,216,215,215,214,214,214,214,212,212,214,214,214,214,211,211,181,181,181,181,186,186,177,177,169,169,165,165,169,169,180,180,205,205,206,206,179,179,166,166,168,168,166,166,167,167,185,185,196,196,192,192,168,168,157,157,151,151,152,152,178,178,175,175,163,163,156,156,153,153,151,151,153,153,154,154,154,154,154,154,156,156,157,157,159,159
163,163,150,150,142,142,146,146,156,156,171,171,176,176,146,146,126,126,131,131,149,149,155,155,156,156,158,158,155,155,156,156,159,159,165,165,169,169,176,176,194,194,181,181,160,160,146,146,153,153,173,173,189,189,185,185,169,169,155,155,156,156,161,161,166,166,176,176,177,177,185,185,194,194,188,188,170,170,184,184,203,203,202,202,202,202,200,200,201,201,199,199,199,199,199,199,201,201,197,197,194,194,198,198,193,193,193,193,190,190,200,200,211,211,216,216,215,215,214,214,214,214,212,212,214,214,214,214,211,211,181,181,181,181,186,186,177,177,169,169,165,165,169,169,180,180,205,205,206,206,179,179,166,166,168,168,166,166,167,167,185,185,196,196,192,192,168,168,157,157,151,151,152,152,178,178,175,175,163,163,156,156,153,153,151,151,153,153,154,154,154,154,154,154,156,156,157,157,159,159
163,163,150,150,143,143,148,148,159,159,174,174,176,176,148,148,128,128,133,133,151,151,156,156,158,158,163,163,159,159,155,155,158,158,163,163,169,169,177,177,193,193,184,184,164,164,148,148,153,153,170,170,186,186,188,188,174,174,161,161,158,158,163,163,165,165,171,171,172,172,179,179,187,187,198,198,196,196,184,184,173,173,183,183,197,197,202,202,203,203,201,201,204,204,205,205,204,204,206,206,200,200,204,204,205,205,202,202,203,203,209,209,216,216,216,216,219,219,218,218,218,218,218,218,214,214,191,191,176,176,191,191,199,199,184,184,175,175,169,169,165,165,169,169,180,180,205,205,206,206,180,180,167,167,167,167,163,163,167,167,184,184,194,194,192,192,168,168,158,158,152,152,151,151,169,169,182,182,166,166,157,157,154,154,153,153,154,154,155,155,155,155,155,155,156,156,158,158,158,158
163,163,150,150,143,143,148,148,159,159,174,174,176,176,148,148,128,128,133,133,151,151,156,156,158,158,163,163,159,159,155,155,158,158,163,163,169,169,177,177,193,193,184,184,164,164,148,148,153,153,170,170,186,186,188,188,174,174,161,161,158,158,163,163,165,165,171,171,172,172,179,179,187,187,198,198,196,196,184,184,173,173,183,183,197,197,202,202,203,203,201,201,204,204,205,205,204,204,206,206,200,200,204,204,205,205,202,202,203,203,209,209,216,216,216,216,219,219,218,218,218,218,218,218,214,214,191,191,176,176,191,191,199,199,184,184,175,175,169,169,165,165,169,169,180,180,205,205,206,206,180,180,167,167,167,167,163,163,167,167,184,184,194,194,192,192,168,168,158,158,152,152,151,151,169,169,182,182,166,166,157,157,154,154,153,153,154,154,155,155,155,155,155,155,156,156,158,158,158,158
163,163,150,150,144,144,150,150,162,162,179,179,175,175,147,147,129,129,136,136,154,154,158,158,158,158,165,165,164,164,154,154,157,157,162,162,169,169,177,177,191,191,189,189,168,168,151,151,151,151,168,168,184,184,192,192,179,179,168,168,161,161,165,165,169,169,170,170,172,172,172,172,176,176,187,187,194,194,199,199,195,195,182,182,172,172,176,176,185,185,196,196,203,203,206,206,206,206,208,208,206,206,208,208,209,209,209,209,208,208,209,209,216,216,218,218,218,218,216,216,210,210,194,194,188,188,186,186,194,194,205,205,197,197,179,179,175,175,169,169,166,166,171,171,181,181,205,205,206,206,178,178,168,168,166,166,162,162,165,165,178,178,195,195,192,192,169,169,160,160,152,152,152,152,159,159,187,187,169,169,160,160,155,155,154,154,154,154,156,156,156,156,156,156,156,156,158,158,157,157
163,163,150,150,144,144,150,150,162,162,179,179,175,175,147,147,129,129,136,136,154,154,158,158,158,158,165,165,164,164,154,154,157,157,162,162,169,169,177,177,191,191,189,189,168,168,151,151,151,151,168,168,184,184,192,192,179,179,168,168,161,161,165,165,169,169,170,170,172,172,172,172,176,176,187,187,194,194,199,199,195,195,182,182,172,172,176,176,185,185,196,196,203,203,206,206,206,206,208,208,206,206,208,208,209,209,209,209,208,208,209,209,216,216,218,218,218,218,216,216,210,210,194,194,188,188,186,186,194,194,205,205,197,197,179,179,175,175,169,169,166,166,171,171,181,181,205,205,206,206,178,178,168,168,166,166,162,162,165,165,178,178,195,195,192,192,169,169,160,160,152,152,152,152,159,159,187,187,169,169,160,160,155,155,154,154,154,154,156,156,156,156,156,156,156,156,158,158,157,157
163,163,150,150,146,146,152,152,165,165,182,182,174,174,148,148,130,130,141,141,159,159,159,159,159,159,164,164,166,166,157,157,156,156,163,163,168,168,175,175,192,192,192,192,171,171,156,156,153,153,167,167,180,180,193,193,184,184,172,172,163,163,166,166,171,171,168,168,171,171,170,170,171,171,177,177,185,185,195,195,201,201,194,194,189,189,184,184,182,182,176,176,176,176,175,175,177,177,183,183,192,192,194,194,197,197,197,197,198,198,197,197,193,193,191,191,186,186,185,185,194,194,212,212,199,199,184,184,198,198,205,205,191,191,180,180,174,174,168,168,166,166,173,173,181,181,202,202,206,206,179,179,169,169,166,166,161,161,165,165,177,177,195,195,190,190,170,170,163,163,153,153,151,151,155,155,185,185,173,173,161,161,158,158,155,155,154,154,155,155,156,156,157,157,158,158,159,159,160,160
163,163,150,150,146,146,152,152,165,165,182,182,174,174,148,148,130,130,141,141,159,159,159,159,159,159,164,164,166,166,157,157,156,156,163,163,168,168,175,175,192,192,192,192,171,171,156,156,153,153,167,167,180,180,193,193,184,184,172,172,163,163,166,166,171,171,168,168,171,171,170,170,171,171,177,177,185,185,195,195,201,201,194,194,189,189,184,184,182,182,176,176,176,176,175,175,177,177,183,183,192,192,194,194,197,197,197,197,198,198,197,197,193,193,191,191,186,186,185,185,194,194,212,212,199,199,184,184,198,198,205,205,191,191,180,180,174,174,168,168,166,166,173,173,181,181,202,202,206,206,179,179,169,169,166,166,161,161,165,165,177,177,195,195,190,190,170,170,163,163,153,153,151,151,155,155,185,185,173,173,161,161,158,158,155,155,154,154,155,155,156,156,157,157,158,158,159,159,160,160
162,162,151,151,147,147,155,155,169,169,182,182,173,173,149,149,131,131,143,143,161,161,160,160,160,160,163,163,164,164,162,162,157,157,163,163,167,167,174,174,191,191,194,194,175,175,162,162,156,156,168,168,179,179,191,191,183,183,178,178,171,171,167,167,172,172,174,174,173,173,172,172,171,171,174,174,178,178,187,187,198,198,200,200,196,196,187,187,186,186,192,192,196,196,199,199,199,199,192,192,189,189,186,186,185,185,186,186,191,191,193,193,200,200,207,207,215,215,217,217,221,221,212,212,184,184,185,185,200,200,201,201,182,182,178,178,171,171,168,168,169,169,173,173,179,179,199,199,206,206,179,179,170,170,166,166,162,162,163,163,173,173,196,196,190,190,171,171,165,165,155,155,152,152,154,154,178,178,180,180,164,164,159,159,157,157,156,156,157,157,157,157,158,158,159,159,159,159,158,158
162,162,151,151,147,147,155,155,169,169,182,182,173,173,149,149,131,131,143,143,161,161,160,160,160,160,163,163,164,164,162,162,157,157,163,163,167,167,174,174,191,191,194,194,175,175,162,162,156,156,168,168,179,179,191,191,183,183,178,178,171,171,167,167,172,172,174,174,173,173,172,172,171,171,174,174,178,178,187,187,198,198,200,200,196,196,187,187,186,186,192,192,196,196,199,199,199,199,192,192,189,189,186,186,185,185,186,186,191,191,193,193,200,200,207,207,215,215,217,217,221,221,212,212,184,184,185,185,200,200,201,201,182,182,178,178,171,171,168,168,169,169,173,173,179,179,199,199,206,206,179,179,170,170,166,166,162,162,163,163,173,173,196,196,190,190,171,171,165,165,155,155,152,152,154,154,178,178,180,180,164,164,159,159,157,157,156,156,157,157,157,157,158,158,159,159,159,159,158,158
161,161,153,153,149,149,159,159,174,174,184,184,174,174,149,149,134,134,148,148,160,160,160,160,160,160,166,166,165,165,165,165,162,162,165,165,167,167,173,173,190,190,198,198,180,180,165,165,157,157,168,168,174,174,189,189,188,188,180,180,177,177,172,172,174,174,175,175,177,177,177,177,175,175,178,178,179,179,181,181,194,194,198,198,200,200,192,192,191,191,194,194,192,192,196,196,201,201,204,204,202,202,202,202,204,204,204,204,205,205,208,208,212,212,217,217,219,219,222,222,216,216,193,193,178,178,183,183,201,201,193,193,183,183,177,177,170,170,170,170,172,172,174,174,175,175,194,194,207,207,181,181,172,172,164,164,161,161,162,162,171,171,196,196,189,189,170,170,165,165,156,156,152,152,153,153,168,168,187,187,167,167,161,161,159,159,158,158,159,159,158,158,160,160,161,161,159,159,160,160
161,161,153,153,149,149,159,159,174,174,184,184,174,174,149,149,134,134,148,148,160,160,160,160,160,160,166,166,165,165,165,165,162,162,165,165,167,167,173,173,190,190,198,198,180,180,165,165,157,157,168,168,174,174,189,189,188,188,180,180,177,177,172,172,174,174,175,175,177,177,177,177,175,175,178,178,179,179,181,181,194,194,198,198,200,200,192,192,191,191,194,194,192,192,196,196,201,201,204,204,202,202,202,202,204,204,204,204,205,205,208,208,212,212,217,217,219,219,222,222,216,216,193,193,178,178,183,183,201,201,193,193,183,183,177,177,170,170,170,170,172,172,174,174,175,175,194,194,207,207,181,181,172,172,164,164,161,161,162,162,171,171,196,196,189,189,170,170,165,165,156,156,152,152,153,153,168,168,187,187,167,167,161,161,159,159,158,158,159,159,158,158,160,160,161,161,159,159,160,160
163,163,155,155,150,150,159,159,175,175,186,186,171,171,150,150,137,137,155,155,162,162,161,161,163,163,166,166,166,166,164,164,164,164,167,167,167,167,172,172,188,188,199,199,181,181,170,170,161,161,171,171,174,174,187,187,194,194,182,182,179,179,175,175,176,176,177,177,177,177,183,183,183,183,182,182,184,184,181,181,186,186,196,196,201,201,197,197,192,192,194,194,195,195,197,197,194,194,196,196,202,202,205,205,204,204,208,208,208,208,212,212,217,217,220,220,221,221,216,216,201,201,183,183,180,180,190,190,202,202,195,195,183,183,177,177,172,172,172,172,172,172,175,175,176,176,193,193,206,206,182,182,173,173,164,164,161,161,161,161,168,168,195,195,190,190,172,172,164,164,159,159,153,153,154,154,161,161,187,187,171,171,164,164,161,161,160,160,159,159,159,159,159,159,160,160,160,160,160,160
163,163,155,155,150,150,159,159,175,175,186,186,171,171,150,150,137,137,155,155,162,162,161,161,163,163,166,166,166,166,164,164,164,164,167,167,167,167,172,172,188,188,199,199,181,181,170,170,161,161,171,171,174,174,187,187,194,194,182,182,179,179,175,175,176,176,177,177,177,177,183,183,183,183,182,182,184,184,181,181,186,186,196,196,201,201,197,197,192,192,194,194,195,195,197,197,194,194,196,196,202,202,205,205,204,204,208,208,208,208,212,212,217,217,220,220,221,221,216,216,201,201,183,183,180,180,190,190,202,202,195,195,183,183,177,177,172,172,172,172,172,172,175,175,176,176,193,193,206,206,182,182,173,173,164,164,161,161,161,161,168,168,195,195,190,190,172,172,164,164,159,159,153,153,154,154,161,161,187,187,171,171,164,164,161,161,160,160,159,159,159,159,159,159,160,160,160,160,160,160
163,163,157,157,152,152,160,160,175,175,186,186,170,170,151,151,140,140,160,160,163,163,160,160,166,166,167,167,167,167,166,166,166,166,168,168,169,169,173,173,184,184,199,199,186,186,176,176,164,164,173,173,175,175,185,185,196,196,185,185,181,181,179,179,180,180,181,181,181,181,184,184,186,186,182,182,180,180,184,184,187,187,190,190,199,199,202,202,200,200,197,197,198,198,199,199,196,196,197,197,197,197,202,202,204,204,207,207,210,210,214,214,215,215,217,217,214,214,205,205,191,191,182,182,184,184,194,194,201,201,190,190,186,186,177,177,172,172,172,172,174,174,176,176,176,176,190,190,205,205,181,181,173,173,166,166,162,162,161,161,166,166,196,196,191,191,175,175,167,167,161,161,156,156,154,154,157,157,183,183,178,178,167,167,165,165,162,162,162,162,161,161,161,161,161,161,160,160,160,160
163,163,157,157,152,152,160,160,175,175,186,186,170,170,151,151,140,140,160,160,163,163,160,160,166,166,167,167,167,167,166,166,166,166,168,168,169,169,173,173,184,184,199,199,186,186,176,176,164,164,173,173,175,175,185,185,196,196,185,185,181,181,179,179,180,180,181,181,181,181,184,184,186,186,182,182,180,180,184,184,187,187,190,190,199,199,202,202,200,200,197,197,198,198,199,199,196,196,197,197,197,197,202,202,204,204,207,207,210,210,214,214,215,215,217,217,214,214,205,205,191,191,182,182,184,184,194,194,201,201,190,190,186,186,177,177,172,172,172,172,174,174,176,176,176,176,190,190,205,205,181,181,173,173,166,166,162,162,161,161,166,166,196,196,191,191,175,175,167,167,161,161,156,156,154,154,157,157,183,183,178,178,167,167,165,165,162,162,162,162,161,161,161,161,161,161,160,160,160,160
