199,199,200,200,200,200,200,200,201,201,201,201,201,201,202,202,202,202,202,202,203,203,203,203,204,204,204,204,205,205,204,204,204,204,205,205,206,206,206,206,206,206,206,206,207,207,207,207,207,207,208,208,208,208,207,207,208,208,207,207,207,207,207,207,207,207,206,206,206,206,206,206,205,205,205,205,204,204,203,203,203,203,203,203,203,203,202,202,202,202,201,201,201,201,201,201,201,201,200,200,201,201,200,200,200,200,201,201,201,201,201,201,201,201,201,202,203,203,203,203,204,204,204,204,204,204,204,204,205,205,206,206,206,206,206,206,206,206,207,207,208,208,209,209,209,209,209,209,210,210,210,210,209,209,210,210,211,211,210,210,210,210,210,210,210,210,210,210,211,211,211,211,210,210,210,210,210,210,211,211,211,211,210,210,210,210,211,211,210,210,211,211,211,211,211,211,211,211,211,211
199,199,200,200,200,200,200,200,201,201,201,201,201,201,202,202,202,202,202,203,203,203,203,203,204,204,204,204,205,205,204,204,204,205,205,205,206,206,206,206,206,206,206,206,207,207,207,207,207,207,208,208,208,208,207,207,208,208,207,207,207,207,207,207,207,207,206,206,206,206,206,206,205,205,205,204,204,204,203,203,203,203,203,203,203,203,202,202,202,202,201,201,201,201,201,201,201,201,200,200,201,201,200,200,200,200,201,201,201,201,201,201,201,201,201,201,202,203,203,203,204,204,204,204,204,204,204,204,205,205,206,206,206,206,206,206,206,206,207,207,208,208,209,209,209,209,209,209,210,210,210,210,209,209,210,210,211,211,210,210,210,210,210,210,210,210,210,210,211,211,211,211,210,210,210,210,210,210,211,211,211,211,210,210,210,210,211,211,210,210,211,211,211,211,211,211,211,211,211,211
200,200,200,200,200,200,201,201,201,201,201,201,202,202,202,202,203,203,203,203,204,204,204,204,204,204,204,204,205,205,205,205,205,205,206,206,206,206,206,206,207,207,206,206,207,207,207,207,207,207,208,208,208,208,208,208,208,208,207,207,207,207,208,207,207,206,206,206,206,206,205,205,205,205,204,203,203,203,203,203,203,203,202,202,202,202,202,201,201,201,201,200,200,200,200,200,200,200,200,200,200,200,200,200,200,200,201,201,200,200,200,200,201,201,201,201,202,202,202,203,203,203,203,203,204,204,204,204,204,205,205,205,206,206,207,207,206,206,207,207,208,209,209,209,209,209,210,210,210,210,210,210,210,210,210,210,210,210,210,210,210,210,211,211,211,211,211,211,211,211,211,211,211,211,211,211,211,211,211,211,211,211,211,211,211,211,211,211,211,211,211,211,211,211,211,211,211,211,211,211
200,200,200,200,200,200,201,201,201,201,201,201,202,202,202,202,203,203,203,203,204,204,204,204,204,204,204,204,205,205,205,205,205,205,206,206,206,206,206,206,207,207,206,206,207,207,207,207,207,207,208,208,208,208,208,208,208,208,207,207,207,207,208,208,207,206,206,206,206,206,205,205,205,204,203,203,203,203,203,203,203,203,202,202,202,202,201,201,201,201,200,200,200,200,200,200,200,200,200,200,200,200,200,200,200,200,200,200,200,200,200,200,201,201,201,201,202,202,202,202,203,203,203,203,204,204,204,204,204,204,205,205,206,206,207,207,206,206,207,207,208,209,209,209,209,209,210,210,210,210,210,210,210,210,210,210,210,210,210,210,210,210,211,211,211,211,211,211,211,211,211,211,211,211,211,211,211,211,211,211,211,211,211,211,211,211,211,211,211,211,211,211,211,211,211,211,211,211,211,211
200,200,200,200,200,200,200,200,201,201,201,201,201,201,202,202,203,203,203,203,203,203,204,204,205,205,205,205,205,205,205,205,205,205,206,206,206,206,206,206,206,206,207,207,207,207,207,207,207,207,208,208,208,208,208,208,208,208,207,207,207,207,208,208,207,206,206,206,205,205,205,205,204,204,203,203,203,203,202,202,202,202,202,202,201,201,201,201,200,200,200,200,199,199,199,199,199,199,199,199,199,199,199,199,199,199,199,200,200,200,200,200,200,200,200,201,201,201,202,202,203,203,203,203,203,203,204,204,204,204,205,205,205,206,206,206,206,206,207,207,208,208,209,209,209,209,210,210,210,210,210,210,210,210,211,211,211,211,211,211,211,211,211,211,211,211,211,211,211,211,211,211,211,211,211,211,211,211,211,211,212,212,212,212,212,212,212,212,212,212,211,211,211,211,211,211,211,211,211,211
200,200,200,200,200,200,200,200,201,201,201,201,201,202,202,202,203,203,203,203,203,203,204,204,205,205,205,205,205,205,205,205,205,205,206,206,206,206,206,206,206,206,207,207,207,207,207,207,207,207,208,208,208,208,208,208,208,208,207,207,207,207,208,207,206,206,206,206,205,205,205,205,204,204,203,203,203,203,202,202,202,202,202,202,201,201,201,201,200,200,200,200,199,199,199,199,199,199,199,198,198,198,198,198,198,198,198,199,199,200,200,200,200,200,200,200,201,201,202,202,203,203,203,203,203,203,204,204,204,204,205,205,205,205,206,206,206,206,207,207,208,208,209,209,209,209,210,210,210,210,210,210,210,210,211,211,211,211,211,211,211,211,211,211,211,211,211,211,211,211,211,211,211,211,211,211,211,211,211,211,212,212,212,212,212,212,212,212,212,212,211,211,211,211,211,211,211,211,211,211
200,200,199,199,200,200,200,200,200,200,201,201,202,202,203,203,203,203,203,203,203,203,204,204,205,205,205,205,205,205,206,206,206,206,206,206,206,206,206,206,207,207,207,207,207,207,208,208,208,208,208,208,208,208,208,208,208,208,208,208,208,208,207,207,206,206,205,205,205,205,204,204,204,204,203,203,203,203,202,202,201,201,201,201,201,201,200,200,200,199,199,199,199,198,198,198,198,198,198,197,197,197,197,198,198,198,198,198,198,199,199,199,199,199,199,200,200,201,202,202,202,202,202,202,202,203,203,203,204,204,205,205,205,205,206,206,206,206,207,207,208,208,209,209,210,210,210,210,211,211,210,210,211,211,211,211,211,211,211,211,212,212,212,212,212,212,211,211,211,211,211,211,211,211,212,212,212,212,211,211,212,212,212,212,213,213,212,212,212,212,212,212,211,211,211,211,212,212,212,212
200,200,199,199,200,200,200,200,200,200,201,201,202,202,203,203,203,203,203,203,203,203,204,204,205,205,205,205,205,205,206,206,206,206,206,206,206,206,206,206,207,207,207,207,207,207,208,208,208,208,208,208,208,208,208,208,208,208,208,208,208,208,207,207,206,206,205,205,205,205,204,204,204,204,203,203,203,203,202,202,201,201,201,201,201,201,200,200,199,199,199,198,198,197,196,195,193,191,189,188,188,188,187,187,188,189,190,192,195,196,197,198,198,199,199,199,200,200,201,202,202,202,201,201,202,202,203,203,204,204,205,205,205,205,206,206,206,206,207,207,208,208,209,209,210,210,210,210,211,211,210,210,211,211,211,211,211,211,211,211,212,212,212,212,212,212,211,211,211,211,211,211,211,211,212,212,212,212,211,211,212,212,212,212,213,213,212,212,212,212,212,212,211,211,211,211,212,212,212,212
200,200,199,199,200,200,200,200,200,200,201,201,201,202,202,202,203,203,203,203,203,203,204,204,205,205,205,205,205,205,206,206,206,206,206,206,207,207,207,207,207,207,207,207,207,207,208,208,208,208,208,208,208,208,208,208,208,208,208,208,207,207,207,207,206,206,206,206,205,205,204,204,203,203,203,203,202,202,202,201,201,200,201,201,200,200,200,199,199,198,198,198,197,195,193,188,183,178,173,170,170,169,167,167,169,172,176,182,189,193,195,197,198,198,199,199,199,200,200,201,201,201,201,201,202,202,202,203,203,204,204,204,205,205,205,205,206,206,207,207,207,208,209,209,210,210,210,210,211,211,211,211,211,211,212,212,211,211,211,211,212,212,212,212,211,211,212,212,212,212,212,212,212,212,212,212,212,212,211,211,212,212,212,212,212,212,212,212,212,212,212,212,211,211,212,212,212,212,212,212
200,200,199,199,200,200,200,200,200,200,201,201,201,201,202,202,203,203,203,203,203,203,204,204,205,205,205,205,205,205,206,206,206,206,206,206,207,207,207,207,207,207,207,207,207,207,208,208,208,208,208,208,208,208,208,208,208,208,208,208,207,207,207,207,206,206,206,205,205,204,204,204,203,203,203,203,202,202,201,201,200,200,200,200,200,200,199,198,197,195,191,187,182,177,172,166,160,154,149,146,146,144,143,143,144,148,153,159,167,173,178,182,186,190,193,196,198,199,199,200,201,201,201,201,202,202,202,202,203,203,204,204,205,205,205,205,206,206,207,207,207,207,208,209,210,210,210,210,211,211,211,211,211,211,212,212,211,211,211,211,212,212,212,212,211,211,212,212,212,212,212,212,212,212,212,212,212,212,211,211,212,212,212,212,212,212,212,212,212,212,212,212,212,211,212,212,212,212,212,212
199,199,199,199,200,200,200,200,201,201,201,201,201,201,202,202,202,202,203,203,203,203,204,204,205,205,205,205,205,205,206,206,206,206,207,207,207,207,207,207,208,208,208,208,208,208,208,208,208,208,208,208,208,208,208,208,208,208,207,207,207,207,206,206,206,206,205,205,204,203,203,203,203,203,202,202,202,202,201,200,200,200,200,199,199,199,199,197,194,188,177,165,153,143,135,128,123,120,117,116,116,115,114,114,115,117,120,125,130,137,145,153,163,172,183,190,195,198,199,200,200,200,200,201,201,201,202,202,202,203,203,204,204,204,205,205,205,206,207,207,207,207,208,209,209,209,210,210,211,211,211,211,211,211,211,211,212,212,211,211,212,212,212,212,212,212,212,212,213,213,212,212,212,212,212,212,212,212,212,212,212,212,212,212,212,212,212,212,213,213,213,213,212,212,212,212,213,213,213,213
199,199,199,199,200,200,200,200,201,201,201,201,201,201,202,202,202,202,203,203,203,203,204,204,205,205,205,205,205,205,206,206,206,206,207,207,207,207,207,207,208,208,208,208,208,208,208,208,208,208,208,208,208,208,208,208,208,208,207,207,207,207,206,206,206,206,205,204,203,203,203,203,203,203,202,202,202,201,200,200,200,200,199,198,198,195,190,183,176,165,152,139,126,115,107,101,97,95,94,93,93,92,92,91,92,93,96,99,104,110,119,128,139,150,161,171,179,186,191,195,198,200,200,200,201,201,202,202,202,202,203,203,204,204,205,205,205,205,206,207,207,207,208,208,209,209,210,210,211,211,211,211,211,211,211,211,212,212,211,211,212,212,212,212,212,212,212,212,213,213,212,212,212,212,212,212,212,212,212,212,212,212,212,212,212,212,212,212,213,213,213,213,212,212,212,212,213,213,213,213
199,199,199,199,200,200,200,200,201,201,201,201,202,202,202,202,202,202,203,203,203,203,204,204,204,204,205,205,205,205,206,206,206,206,207,207,207,207,207,207,208,208,208,208,208,208,208,208,208,208,208,208,208,208,208,208,207,207,207,207,207,207,206,205,205,205,205,204,203,203,203,203,202,202,202,201,201,200,200,200,200,200,199,197,195,187,173,158,141,128,117,108,101,95,89,84,81,79,78,77,76,76,76,76,76,77,80,84,87,93,100,107,114,121,129,139,150,162,176,187,195,199,200,200,200,201,201,201,201,202,202,203,203,204,205,205,205,205,205,206,207,207,208,208,209,209,210,210,211,211,211,211,211,211,212,212,212,212,212,212,212,212,213,213,213,213,212,212,213,213,213,213,213,213,213,213,213,213,213,213,212,212,213,213,213,213,213,213,213,213,212,212,213,213,212,212,213,213,213,213
199,199,199,199,200,200,200,200,201,201,201,201,202,202,202,202,202,202,203,203,203,203,204,204,204,204,205,205,205,205,206,206,206,206,207,207,207,207,207,207,208,208,208,208,208,208,208,208,208,208,208,208,208,208,208,208,207,207,207,207,207,206,205,205,205,205,204,204,203,203,203,202,202,201,201,201,200,200,200,200,200,198,194,188,179,165,148,130,114,101,93,87,83,79,75,72,69,68,67,66,66,66,66,66,66,67,70,72,75,79,84,89,94,99,105,114,125,139,155,169,181,189,195,198,199,200,200,201,201,201,202,202,203,203,204,205,205,205,205,205,206,207,208,208,209,209,210,210,211,211,211,211,211,211,212,212,212,212,212,212,212,212,213,213,213,213,212,212,213,213,213,213,213,213,213,213,213,213,213,213,212,212,213,213,213,213,213,213,213,213,212,212,213,213,212,212,213,213,213,213
199,199,200,200,200,200,200,200,200,200,201,201,201,201,201,201,202,202,203,203,203,203,204,204,204,204,204,204,205,205,206,206,206,206,207,207,207,207,207,207,207,207,208,208,208,208,208,208,208,208,208,208,208,208,208,208,207,207,207,207,206,206,205,205,204,204,204,203,203,202,202,202,201,200,200,200,200,200,200,200,199,194,186,170,147,129,114,102,93,86,80,75,71,68,65,63,62,62,62,62,62,62,63,63,63,63,64,65,66,68,71,75,79,84,89,97,106,116,127,140,154,169,184,193,197,199,200,200,201,201,202,202,203,203,203,204,204,204,205,205,206,207,207,208,209,209,210,210,211,211,211,211,211,211,212,212,212,212,212,212,213,213,213,213,213,213,212,212,213,213,213,213,213,213,213,213,213,213,213,213,213,213,213,213,213,213,213,213,213,213,213,213,213,213,212,212,213,213,213,213
199,199,200,200,200,200,200,200,200,200,201,201,201,201,201,201,202,202,203,203,203,203,204,204,204,204,204,204,205,205,206,206,206,206,207,207,207,207,207,207,207,207,208,208,208,208,208,208,208,208,208,208,208,208,208,208,207,207,207,207,206,206,205,205,204,204,203,203,202,202,202,201,200,200,200,200,200,200,199,196,190,179,164,144,119,102,90,82,78,74,70,67,63,61,59,58,58,59,60,60,60,61,61,62,62,62,62,62,62,63,65,67,70,74,78,84,90,97,106,117,131,147,165,178,187,194,198,200,201,201,202,202,202,203,203,203,204,204,205,205,206,206,207,207,208,209,210,210,211,211,211,211,211,211,212,212,212,212,212,212,213,213,213,213,213,213,212,212,213,213,213,213,213,213,213,213,213,213,213,213,213,213,213,213,213,213,213,213,213,213,213,213,213,213,212,212,213,213,213,213
199,199,199,199,200,200,200,200,201,201,200,200,201,201,201,201,202,202,203,203,203,203,204,204,204,204,205,205,205,205,206,206,206,206,207,207,207,207,207,207,208,208,208,208,208,208,208,208,208,208,208,208,208,208,207,207,207,207,206,206,206,205,205,204,204,204,203,202,202,201,201,201,200,200,200,200,199,199,198,189,172,151,128,109,95,84,78,72,68,65,63,61,59,58,57,57,58,59,60,60,61,62,62,63,63,63,63,63,63,63,64,65,67,69,72,75,78,83,90,100,112,124,136,152,170,184,194,200,200,201,201,201,201,202,202,203,203,204,205,205,206,206,207,207,208,209,210,210,211,211,211,211,212,212,212,212,212,212,213,213,213,213,213,213,213,213,213,213,213,213,213,213,213,213,213,213,213,213,213,213,213,213,213,213,213,213,213,213,213,213,213,213,213,213,213,213,213,213,213,213
199,199,199,199,200,200,200,200,201,201,200,200,201,201,201,201,202,202,203,203,203,203,204,204,204,204,205,205,205,205,206,206,206,206,207,207,207,207,207,207,208,208,208,208,208,208,208,208,208,208,208,208,208,208,207,207,207,207,206,206,205,205,204,204,204,203,202,202,201,201,201,200,200,200,200,199,198,193,184,168,145,123,100,85,78,72,68,65,62,60,58,57,57,57,57,57,58,59,60,61,61,62,63,63,64,64,63,63,63,63,64,64,65,66,68,69,71,75,80,86,95,104,114,129,148,165,180,190,196,199,200,201,201,201,202,202,203,203,204,205,206,206,207,207,208,208,209,210,211,211,211,211,212,212,212,212,212,212,213,213,213,213,213,213,213,213,213,213,213,213,213,213,213,213,213,213,213,213,213,213,213,213,213,213,213,213,213,213,213,213,213,213,213,213,213,213,213,213,213,213
200,200,200,200,200,200,200,200,201,201,201,201,201,201,201,201,201,202,203,203,204,204,204,204,204,204,205,205,205,205,206,206,207,207,207,207,207,207,207,207,208,208,208,208,208,208,208,208,208,208,208,208,208,208,208,208,207,207,206,206,205,205,204,204,203,202,202,201,201,200,200,199,199,199,199,198,195,181,156,133,110,93,81,72,68,65,62,59,58,57,57,56,56,57,57,58,58,59,60,61,61,62,62,63,63,63,63,63,62,63,63,64,65,66,67,68,69,71,73,77,82,89,98,109,121,136,155,172,188,197,199,200,200,201,202,202,202,203,204,205,205,206,206,207,208,208,209,210,210,210,211,211,212,212,213,213,213,213,213,213,213,213,213,213,213,213,214,214,213,213,213,213,213,213,214,214,213,213,214,214,213,213,214,214,214,214,213,213,213,213,214,214,214,214,213,213,214,214,213,213
200,200,200,200,200,200,200,200,201,201,201,201,201,201,201,201,201,202,202,203,204,204,204,204,204,204,205,205,205,205,206,206,207,207,207,207,207,207,207,207,208,208,208,208,208,208,208,208,208,208,208,208,208,208,208,208,207,207,206,206,205,205,204,203,202,202,201,201,200,200,199,199,199,198,196,189,177,156,127,104,87,75,69,65,62,60,58,57,56,56,56,56,56,57,58,58,59,60,60,61,61,61,62,62,63,63,63,63,62,62,63,64,65,66,67,67,68,69,70,71,74,79,87,94,102,114,131,149,168,183,192,197,199,200,201,202,202,202,203,204,205,205,206,206,207,208,209,209,210,210,211,211,212,212,213,213,213,213,213,213,213,213,213,213,213,213,214,214,213,213,213,213,213,213,214,214,213,213,214,214,213,213,214,214,214,214,213,213,213,213,214,214,214,214,213,213,214,214,213,213
200,200,200,200,200,200,200,200,201,201,201,201,202,202,202,202,202,202,202,203,203,203,204,204,204,204,205,205,205,205,206,206,206,206,207,207,207,207,208,208,208,208,208,208,209,209,208,208,208,208,208,208,207,207,207,207,207,207,206,205,205,204,204,203,202,201,201,200,200,200,199,199,199,196,191,173,143,118,97,83,74,68,65,62,61,59,57,56,56,55,55,56,56,57,58,58,59,60,60,60,61,61,62,62,62,62,63,63,62,62,63,64,65,66,67,67,68,69,70,70,71,74,79,84,90,99,109,122,138,157,178,191,197,200,201,201,201,202,203,204,204,205,206,206,207,208,209,209,210,210,211,211,212,212,212,212,213,213,213,213,213,213,214,214,214,214,214,214,214,214,214,214,214,214,214,214,214,214,214,214,214,214,214,214,214,214,214,214,214,214,214,214,214,214,214,214,213,213,214,214
200,200,200,200,200,200,200,200,201,201,201,201,202,202,202,202,202,202,202,203,203,203,204,204,204,204,205,205,205,205,206,206,206,206,207,207,207,207,208,208,208,208,208,208,209,209,208,208,208,208,208,208,207,207,207,207,207,206,205,205,204,204,203,202,201,201,200,200,200,200,199,197,195,185,169,146,114,92,79,70,67,64,62,61,59,58,56,55,55,55,55,55,56,57,58,58,59,60,60,60,61,61,62,62,62,62,63,63,62,62,63,63,64,65,66,67,68,68,69,70,70,72,74,78,82,88,94,103,115,133,156,174,186,194,198,200,201,201,202,203,203,204,205,206,207,207,208,209,210,210,211,211,212,212,212,212,213,213,213,213,213,213,214,214,214,214,214,214,214,214,214,214,214,214,214,214,214,214,214,214,214,214,214,214,214,214,214,214,214,214,214,214,214,214,214,214,213,213,214,214
199,199,200,200,200,200,200,200,201,201,201,201,202,202,202,202,202,202,203,203,204,204,204,204,204,204,205,205,205,205,206,206,206,206,207,207,207,207,208,208,208,208,208,208,208,208,208,208,207,207,208,208,207,207,207,207,206,205,205,204,204,203,203,202,201,200,200,199,199,199,199,194,186,165,131,106,89,78,71,67,65,63,61,60,58,57,55,54,54,54,54,55,56,57,58,58,59,59,59,60,60,61,62,62,62,62,63,63,62,62,63,63,64,65,66,67,67,68,69,70,71,71,72,74,77,81,86,91,99,110,126,144,167,183,194,199,200,201,201,202,203,204,205,206,206,207,208,209,209,210,211,211,212,212,213,213,213,213,213,213,214,214,214,214,214,214,214,214,214,214,214,214,214,214,214,214,214,214,214,214,214,214,215,215,215,215,214,214,214,214,214,214,214,214,214,214,214,214,214,214
199,199,200,200,200,200,200,200,201,201,201,201,202,202,202,202,202,202,203,203,204,204,204,204,204,204,205,205,205,205,206,206,206,206,207,207,207,207,208,208,208,208,208,208,208,208,208,208,207,207,208,208,207,207,207,206,205,205,204,204,203,203,202,201,200,200,199,199,199,197,194,182,163,137,103,83,75,70,67,65,64,62,61,59,58,56,54,53,53,53,53,54,55,56,57,58,58,59,59,59,60,61,62,62,62,62,63,63,62,62,62,63,64,65,65,66,67,67,69,70,70,71,71,72,74,77,80,84,88,96,105,121,144,163,179,190,196,199,200,201,202,203,204,205,206,206,207,208,209,209,210,211,212,212,213,213,213,213,213,213,214,214,214,214,214,214,214,214,214,214,214,214,214,214,214,214,214,214,214,214,214,214,215,215,215,215,214,214,214,214,214,214,214,214,214,214,214,214,214,214
200,200,200,200,200,200,200,200,201,201,201,201,201,201,202,202,203,203,203,203,204,204,204,204,205,205,205,205,206,206,206,206,206,206,207,207,208,208,208,208,208,208,209,209,208,208,208,208,208,208,207,207,207,207,206,206,205,205,204,204,203,202,202,201,200,199,199,199,198,194,184,162,127,101,85,75,71,68,66,64,62,61,60,59,57,55,53,52,52,52,53,54,55,56,56,57,57,58,59,59,60,61,62,62,63,63,63,62,61,61,62,63,64,65,65,66,66,67,68,69,69,70,71,72,73,74,77,80,84,89,95,104,116,133,154,172,189,198,199,201,202,203,204,205,205,206,207,208,209,209,210,211,212,212,212,212,213,213,213,213,214,214,214,214,214,214,214,214,214,214,214,214,214,214,215,215,214,214,214,214,215,215,215,215,214,214,214,214,215,215,215,215,215,215,215,215,215,215,215,215
200,200,200,200,200,200,200,200,201,201,201,201,201,202,202,202,203,203,203,203,204,204,204,204,205,205,205,205,206,206,206,206,206,206,207,207,208,208,208,208,208,208,209,209,208,208,208,208,208,208,207,207,207,207,206,206,205,205,204,203,202,202,201,200,199,199,199,197,194,182,162,135,101,81,75,71,69,67,65,63,62,61,59,58,57,55,53,52,52,52,53,54,56,56,56,57,57,58,58,59,60,61,62,62,63,63,63,62,61,61,62,63,64,65,65,65,66,66,67,68,69,70,71,71,72,73,75,78,81,85,89,94,100,112,130,149,170,185,193,198,200,202,203,204,204,205,206,207,208,209,210,210,211,212,212,212,213,213,213,213,214,214,214,214,214,214,214,214,214,214,214,214,214,214,215,215,214,214,214,214,215,215,215,215,214,214,214,214,215,215,215,215,215,215,215,215,215,215,215,215
200,200,200,200,201,201,201,201,201,201,201,201,202,202,203,203,203,203,203,203,204,204,205,205,205,205,206,206,205,205,206,206,207,207,207,207,208,208,208,208,209,209,209,209,208,208,208,208,207,207,207,207,206,206,206,205,205,204,204,203,202,201,201,200,199,199,198,194,185,163,128,102,85,76,72,70,68,66,64,63,62,61,59,58,57,55,54,53,54,54,55,56,56,57,57,57,58,58,58,58,60,61,62,62,63,63,63,63,62,62,62,63,64,65,64,65,66,66,67,68,69,70,71,71,72,73,75,77,79,82,86,90,94,99,106,120,140,160,180,192,198,201,202,203,204,205,206,207,208,209,210,210,211,211,212,212,213,213,214,214,214,214,215,215,215,215,214,214,214,214,214,214,214,214,215,215,214,214,215,215,215,215,215,215,215,215,215,215,214,214,215,215,215,215,214,214,215,215,215,215
200,200,200,201,201,201,201,201,201,201,201,202,202,202,203,203,203,203,203,203,204,204,205,205,205,205,206,206,205,206,206,206,207,207,207,207,208,208,208,208,209,209,209,209,208,208,208,208,207,207,207,207,206,206,205,205,204,204,203,202,201,201,200,200,199,197,194,183,164,137,103,83,77,73,71,69,67,65,64,63,62,61,59,58,57,57,56,56,57,57,57,57,57,58,58,58,58,58,58,58,60,61,61,62,63,63,63,63,63,63,62,63,64,65,64,64,65,66,67,68,69,70,71,71,72,73,75,76,78,80,84,87,90,92,93,101,116,135,158,176,188,196,200,202,203,204,205,206,207,208,209,210,211,211,212,212,213,213,214,214,214,214,215,215,215,215,214,214,214,214,214,214,214,214,215,215,214,214,215,215,215,215,215,215,215,215,215,215,214,214,215,215,215,215,214,214,215,215,215,215
201,201,201,201,202,202,201,201,201,201,202,202,203,203,203,203,203,203,204,204,204,204,205,205,205,205,206,206,206,206,207,207,207,207,208,208,208,208,208,208,209,209,209,209,208,208,208,208,208,208,207,207,206,206,205,205,204,204,203,202,201,200,200,200,199,194,186,164,129,104,87,77,74,72,71,69,67,65,64,63,62,61,60,59,59,59,59,60,60,60,60,59,59,59,59,59,59,59,59,59,60,61,61,62,62,62,63,63,62,62,62,62,64,65,64,64,65,66,67,68,69,70,71,71,72,73,74,75,77,80,83,86,88,89,90,93,99,111,128,148,172,188,196,201,202,203,205,206,207,208,209,210,211,211,212,212,213,213,214,214,214,214,215,215,215,215,215,215,215,215,215,215,215,215,215,215,215,215,215,215,215,215,215,215,215,215,215,215,215,215,215,215,215,215,215,215,215,215,215,215
201,201,201,201,202,202,201,201,201,201,202,202,203,203,203,203,203,203,204,204,204,204,205,205,205,205,206,206,206,206,207,207,207,207,208,208,208,208,208,208,209,209,209,209,208,208,208,208,208,208,207,207,206,206,205,205,204,203,202,201,200,200,200,198,195,184,165,139,105,84,78,74,72,71,70,69,67,66,65,64,63,62,61,61,61,61,61,61,62,62,62,61,60,60,61,61,61,60,59,60,61,61,61,62,62,63,63,63,63,62,62,62,64,65,65,65,65,66,67,68,69,70,71,71,72,73,74,75,77,79,82,85,87,88,89,89,90,96,107,125,149,169,185,195,199,202,204,205,206,207,208,209,210,211,212,212,213,213,214,214,214,214,215,215,215,215,215,215,215,215,215,215,215,215,215,215,215,215,215,215,215,215,215,215,215,215,215,215,215,215,215,215,215,215,215,215,215,215,215,215
201,201,202,202,202,202,202,202,202,202,202,202,203,203,204,204,203,203,204,204,205,205,205,205,205,205,206,206,207,207,207,207,207,207,208,208,208,208,208,208,209,209,209,209,209,209,208,208,207,207,207,207,206,206,205,204,204,203,202,201,200,199,199,195,187,166,133,108,89,78,75,72,71,70,70,69,67,66,66,65,64,63,63,63,62,61,61,61,62,63,63,62,62,62,62,62,62,61,60,60,61,62,62,63,64,64,64,64,64,64,63,63,64,65,65,66,66,67,67,68,69,70,71,71,72,73,74,75,77,79,81,84,86,87,88,89,89,92,96,105,117,137,165,184,195,201,203,204,206,207,208,209,210,211,212,212,213,213,214,214,215,215,215,215,215,215,215,215,215,215,216,216,216,216,216,216,215,215,215,215,216,216,216,216,216,216,215,215,215,215,215,215,216,216,215,215,216,216,215,215
201,201,202,202,202,202,202,202,202,202,202,202,203,203,204,204,203,203,204,204,205,205,205,205,205,205,206,206,207,207,207,207,207,207,208,208,208,208,208,208,209,209,209,209,209,209,208,208,207,207,207,207,206,205,204,204,203,202,201,200,199,198,197,187,169,143,109,88,80,75,73,71,70,69,69,69,68,67,67,66,65,65,65,64,63,63,62,63,64,64,64,64,64,64,64,63,63,62,61,61,62,63,63,64,65,65,65,65,65,65,64,64,65,65,66,67,67,68,68,69,70,71,72,72,72,73,74,75,77,79,81,83,85,86,88,89,89,89,89,92,98,114,140,163,184,196,201,204,205,206,207,209,210,211,212,212,213,213,214,214,215,215,215,215,215,215,215,215,215,215,216,216,216,216,216,216,215,215,215,215,216,216,216,216,216,216,215,215,215,215,215,215,216,216,215,215,216,216,215,215
202,202,202,202,202,202,202,202,202,202,203,203,203,203,203,203,204,204,204,204,205,205,206,206,206,206,206,206,207,207,207,207,208,208,208,208,208,208,209,209,209,209,209,209,209,209,208,208,207,207,206,206,206,205,204,203,202,201,200,199,199,197,193,174,140,113,93,81,77,74,72,70,69,69,69,69,69,68,68,67,66,66,66,66,65,65,65,65,66,67,67,67,67,66,66,65,64,63,62,62,63,64,64,64,66,66,66,66,66,66,65,66,66,67,68,68,68,69,70,71,72,73,73,73,73,74,75,76,78,79,81,82,84,85,87,88,88,87,87,88,92,99,109,131,165,187,197,203,205,206,207,209,210,211,212,212,213,213,214,214,215,215,215,215,215,215,215,215,216,216,216,216,216,216,216,216,216,216,216,216,216,216,216,216,216,216,216,216,215,215,216,216,216,216,216,216,216,216,216,216
202,202,202,202,202,202,202,202,202,202,203,203,203,203,203,203,204,204,204,204,205,205,206,206,206,206,206,206,207,207,207,207,208,208,208,208,208,208,209,209,209,209,209,209,209,209,208,208,207,207,206,206,205,205,204,203,202,200,199,198,197,190,178,153,117,93,83,77,75,73,71,70,69,68,69,69,69,69,69,68,68,68,68,68,68,68,68,68,68,69,69,69,69,68,67,66,65,64,64,64,64,64,64,65,67,68,67,67,66,66,66,67,67,68,69,69,69,70,71,72,73,74,74,74,74,75,76,78,79,81,82,83,84,85,86,87,87,87,86,86,88,90,91,109,142,169,190,201,203,205,207,208,209,210,211,212,213,213,214,214,215,215,215,215,215,215,215,215,216,216,216,216,216,216,216,216,216,216,216,216,216,216,216,216,216,216,216,216,216,216,216,216,216,216,216,216,216,216,216,216
202,202,202,202,202,202,203,203,203,203,203,203,204,204,204,204,204,204,205,205,205,205,206,206,206,206,206,206,207,207,207,207,208,208,208,208,208,208,209,209,210,210,210,210,209,209,208,208,207,207,206,206,205,205,204,203,202,200,199,197,193,178,150,124,99,84,78,75,74,72,71,70,69,69,69,69,70,70,70,70,70,70,71,71,71,71,71,70,70,70,70,70,70,69,68,67,66,65,65,65,65,65,65,66,68,69,69,68,67,66,67,68,69,69,69,69,70,71,71,72,73,74,75,75,75,76,77,79,81,83,84,84,85,85,86,86,87,87,86,86,87,87,88,97,114,141,178,198,201,204,206,208,208,209,211,212,213,214,214,214,215,215,216,216,216,216,216,216,216,216,216,216,216,216,217,217,216,216,216,216,216,216,216,216,216,216,216,216,216,216,216,216,216,216,216,216,216,216,217,217
202,202,202,202,202,202,203,203,203,203,203,203,204,204,204,204,204,204,205,205,205,205,206,206,206,206,206,207,207,207,207,207,208,208,208,208,208,208,209,209,210,210,210,210,209,209,208,208,207,207,206,206,205,205,204,202,201,200,199,192,180,158,126,102,87,78,76,74,72,71,70,69,69,69,69,70,71,72,72,72,72,72,72,73,73,73,73,73,73,72,72,72,72,71,70,69,67,66,66,66,66,66,67,68,70,71,72,71,69,69,69,70,71,71,70,70,71,72,72,73,74,75,75,76,76,77,79,81,83,85,85,86,86,86,86,86,86,86,86,86,86,86,86,89,95,118,159,184,196,203,205,207,208,209,210,212,213,214,214,214,215,215,216,216,216,216,216,216,216,216,216,216,216,216,217,217,216,216,216,216,216,216,216,216,216,216,216,216,217,217,216,216,216,216,216,216,216,216,217,217
203,203,203,203,203,203,203,203,203,203,203,203,204,204,204,204,205,205,205,205,206,206,206,206,206,206,207,207,208,208,208,208,208,208,209,209,209,209,209,209,210,210,210,210,209,209,209,208,207,207,207,206,205,205,204,202,201,200,198,184,158,132,105,88,80,76,74,73,71,69,69,69,69,70,70,71,72,73,73,73,74,74,74,74,74,75,76,76,76,75,75,75,75,74,72,71,69,68,68,68,67,68,68,69,71,74,76,76,74,73,73,73,73,73,72,72,72,72,73,74,75,76,77,78,79,80,81,83,85,87,87,87,87,86,86,85,85,86,86,87,86,86,85,85,85,101,133,161,187,201,205,207,208,209,210,212,213,213,214,214,215,215,216,216,216,216,216,216,216,216,217,217,217,217,217,217,217,217,217,217,217,217,216,216,217,217,216,216,217,217,216,216,216,216,217,217,217,217,217,217
203,203,203,203,203,203,203,203,203,203,203,203,204,204,204,204,205,205,205,205,206,206,206,206,206,206,207,207,208,208,208,208,208,208,209,209,209,209,209,209,210,210,210,210,209,209,209,209,208,207,207,206,205,204,203,202,201,196,189,169,136,110,90,79,76,74,73,72,70,68,68,69,70,70,70,71,73,74,74,74,75,76,75,75,76,77,78,78,78,77,77,77,77,77,76,74,72,70,70,70,70,70,71,72,74,76,80,80,77,75,75,74,74,74,74,73,73,74,76,77,78,79,79,79,81,82,83,84,87,89,89,88,88,87,86,85,85,86,86,87,86,86,86,84,82,91,110,137,174,195,201,205,207,208,210,211,212,213,214,214,215,215,216,216,216,216,216,216,216,216,217,217,217,217,217,217,217,217,217,217,217,217,216,216,217,217,216,216,217,217,216,216,216,216,217,217,217,217,217,217
204,204,203,203,203,203,204,204,204,204,204,204,204,204,205,205,205,205,205,205,206,206,206,206,207,207,207,207,208,208,209,209,209,209,209,209,209,209,210,210,210,210,210,210,210,210,209,209,208,207,206,206,205,204,203,202,200,190,173,147,113,92,82,76,73,72,72,71,69,68,68,69,71,71,71,71,73,74,75,76,77,77,77,77,78,78,79,79,79,79,79,80,80,80,79,78,76,75,73,73,74,74,75,76,77,80,83,83,79,76,74,74,74,75,74,74,76,78,81,83,83,83,81,81,82,83,84,86,89,90,90,89,89,88,87,86,86,86,86,86,86,86,86,86,85,87,90,113,156,183,195,203,205,207,209,210,212,213,214,214,215,215,216,216,217,217,216,216,217,217,217,217,217,217,217,217,217,217,217,217,217,217,217,217,217,217,217,217,217,217,217,217,217,217,217,217,217,217,217,217
204,204,203,203,203,203,204,204,204,204,204,204,204,204,205,205,205,205,205,205,206,206,206,206,207,207,207,207,208,208,209,209,209,209,209,209,209,209,210,210,210,210,210,210,210,210,209,209,208,207,206,206,205,204,203,201,199,183,155,126,98,82,78,74,72,71,71,70,68,68,69,70,71,72,71,71,72,73,75,76,77,78,79,79,79,79,80,79,79,79,79,80,81,81,81,81,80,78,77,76,76,77,77,78,79,81,84,84,81,78,77,76,76,76,76,77,79,82,86,88,88,87,84,83,83,84,85,87,90,91,90,90,90,89,87,87,87,87,87,87,87,87,87,87,87,85,81,98,134,164,187,200,204,206,208,209,211,212,213,214,215,215,216,216,217,217,216,216,217,217,217,217,217,217,217,217,217,217,217,217,217,217,217,217,217,217,217,217,217,217,217,217,217,217,217,217,217,217,217,217
204,204,204,204,204,204,204,204,205,205,205,205,205,205,205,205,205,205,206,206,206,206,207,207,207,207,208,208,208,208,209,209,209,209,209,209,210,210,210,210,211,211,211,211,210,210,209,209,208,207,206,206,205,204,203,200,196,174,135,107,91,81,77,73,71,70,70,69,68,68,69,70,72,72,71,71,71,72,74,76,77,78,80,81,80,79,79,79,78,77,77,78,80,81,82,82,81,81,80,79,77,77,78,78,79,81,83,83,82,82,81,81,80,80,80,82,83,86,90,92,92,91,88,85,84,84,85,87,90,90,89,89,90,90,88,88,88,88,88,88,88,88,88,88,87,86,85,92,108,136,176,198,202,205,207,208,210,211,213,214,215,215,216,217,217,217,217,217,217,217,217,217,217,217,217,217,217,217,217,217,218,218,217,217,217,217,217,217,217,217,217,217,217,217,217,217,217,217,217,217
204,204,204,204,204,204,204,204,205,205,205,205,205,205,205,205,205,206,206,206,206,206,207,207,207,207,208,208,208,209,209,209,209,209,209,209,210,210,210,210,211,211,211,211,210,210,209,209,208,207,206,206,205,204,202,196,187,160,117,92,84,79,75,72,70,69,69,69,69,69,70,71,73,73,71,71,71,72,74,76,77,79,81,81,80,80,80,79,78,78,78,79,81,82,83,83,83,83,83,82,80,78,78,79,80,81,82,83,83,84,84,84,82,82,82,84,86,89,92,93,92,91,88,86,84,84,85,87,89,90,89,89,90,90,88,87,87,88,89,89,89,89,89,89,89,88,88,89,91,116,162,190,198,203,205,207,209,210,212,213,214,215,216,217,217,217,217,217,217,217,217,217,217,217,217,217,217,217,217,217,218,218,217,217,217,217,217,217,217,217,217,217,217,217,217,217,217,217,217,217
204,204,204,204,205,205,205,205,205,205,205,205,205,205,206,206,206,206,207,207,207,207,207,207,208,208,208,208,209,209,210,210,210,210,210,210,210,210,210,210,211,211,210,210,210,210,209,209,208,207,206,205,204,203,201,190,171,142,103,82,79,76,74,71,69,68,68,68,70,71,71,72,75,75,73,72,72,73,75,76,78,79,81,82,81,81,81,80,80,81,82,83,84,84,85,85,84,85,85,85,83,81,79,79,80,80,81,82,83,84,86,85,83,82,82,84,87,90,92,92,89,87,85,84,83,83,85,87,88,89,88,88,89,89,87,86,86,88,90,91,91,91,92,92,91,91,91,88,84,103,145,175,192,202,204,206,208,209,211,212,214,215,216,216,217,217,216,216,217,217,217,217,217,217,218,218,218,218,218,218,218,218,217,217,217,217,218,218,218,218,217,217,217,217,218,218,217,217,217,217
204,204,204,205,205,205,205,205,205,205,205,205,205,205,206,206,206,206,207,207,207,207,207,207,208,208,208,208,209,209,210,210,210,210,210,210,210,210,210,210,211,211,210,210,210,210,209,208,207,207,206,205,204,201,198,181,151,121,92,77,76,74,73,71,69,68,67,68,70,71,71,73,75,75,73,72,72,73,75,77,78,79,81,81,81,81,81,81,81,82,84,85,86,86,87,87,86,86,87,87,85,83,81,80,81,81,81,82,83,84,85,84,81,80,81,82,85,87,89,89,87,85,85,84,83,83,85,86,88,88,88,88,88,88,87,86,86,88,91,93,94,94,94,94,93,93,93,89,83,95,125,154,184,200,202,204,206,208,210,212,214,215,215,216,217,217,216,216,217,217,217,217,217,217,218,218,218,218,218,218,218,218,217,217,217,217,218,218,218,218,217,217,217,217,218,218,217,217,217,217
205,205,205,205,206,206,205,205,205,205,206,206,206,206,206,206,207,207,207,207,207,207,208,208,208,208,209,209,209,209,210,210,210,210,211,211,211,211,211,211,211,211,211,211,210,210,209,208,207,207,206,205,204,200,194,169,127,98,85,77,74,73,72,70,69,68,67,67,69,70,70,71,74,74,72,71,72,74,75,77,78,79,80,81,81,81,80,80,81,82,84,86,87,88,89,89,87,87,88,88,86,84,82,82,82,82,82,82,82,82,81,80,77,76,78,79,79,81,83,84,85,86,87,86,84,83,84,86,88,88,88,87,87,87,88,88,88,89,91,94,97,98,97,96,95,95,94,92,88,91,101,128,173,197,199,202,204,206,209,211,213,214,215,216,216,216,217,217,217,217,217,217,218,218,217,217,217,217,218,218,218,218,218,218,218,218,218,218,218,218,218,218,218,218,218,218,218,218,218,218
205,205,205,205,206,206,205,205,205,205,206,206,206,206,206,206,207,207,207,207,207,207,208,208,208,208,209,209,209,209,210,210,210,211,211,211,211,211,211,211,211,211,211,211,211,210,209,208,207,207,206,205,204,197,185,155,109,84,80,76,73,72,71,70,68,67,66,67,68,69,69,69,71,71,70,70,72,73,75,76,77,78,79,79,80,80,79,79,80,82,84,86,87,88,90,90,88,88,88,86,84,83,81,81,81,81,81,80,80,79,77,76,74,73,75,76,76,77,79,81,83,85,86,86,84,84,84,85,87,88,88,88,87,87,88,88,88,89,92,95,98,100,99,99,98,97,96,94,92,89,86,110,160,189,195,200,202,205,208,210,212,213,214,215,215,216,217,217,217,217,217,217,218,218,217,217,217,217,218,218,218,218,218,218,218,218,218,218,218,218,218,218,218,218,218,218,218,218,218,218
205,205,205,205,205,205,206,206,206,206,206,206,206,206,207,207,207,207,207,207,208,208,208,208,209,209,209,209,210,210,210,210,211,211,211,211,212,212,212,212,212,212,212,212,211,210,209,208,207,207,206,205,204,192,170,139,98,77,77,76,73,71,70,69,68,67,66,66,67,67,67,68,68,68,67,68,70,73,75,76,76,77,77,78,78,78,78,79,80,81,83,85,87,88,88,89,89,88,86,83,81,79,79,78,78,78,78,78,76,75,73,72,72,72,74,75,75,76,78,80,82,83,82,83,84,85,85,86,86,88,90,90,89,88,87,87,88,90,93,96,99,100,101,101,100,99,98,96,92,87,81,100,145,175,190,199,201,204,206,209,211,212,213,214,215,216,216,216,217,217,217,217,218,218,218,218,218,218,218,218,218,218,218,218,218,218,218,218,218,218,219,219,218,218,218,218,218,218,218,218
205,205,205,205,205,205,206,206,206,206,206,206,206,206,207,207,207,207,207,207,208,208,208,209,209,209,209,209,210,210,210,211,211,212,211,211,212,212,212,212,212,212,212,212,211,210,209,208,207,207,206,204,203,186,153,121,89,74,76,75,73,71,70,68,67,67,66,66,66,66,66,66,66,66,66,67,70,72,75,76,76,77,77,77,76,76,77,78,79,80,82,84,86,87,87,88,88,87,84,82,79,77,77,77,76,76,76,75,74,73,71,70,71,72,74,75,75,75,76,78,79,80,79,81,83,86,87,88,87,88,91,92,91,89,87,87,88,90,93,96,99,101,102,103,101,100,99,97,94,88,80,93,127,157,183,197,200,203,205,207,209,211,212,213,214,215,215,216,217,217,217,217,218,218,218,218,218,218,218,218,218,218,218,218,218,218,218,218,218,218,219,219,218,218,218,218,218,218,218,218
206,206,206,206,206,206,206,206,207,207,207,207,207,207,207,207,208,208,208,208,208,208,209,209,210,210,210,210,210,210,211,211,211,211,212,212,212,212,212,212,212,212,212,212,211,210,209,208,207,207,206,204,202,178,132,100,83,74,75,74,72,71,70,68,67,66,66,66,66,66,66,65,65,65,66,67,70,72,75,76,77,78,78,77,75,74,75,76,77,79,80,82,84,86,87,87,87,86,84,81,78,77,77,76,75,74,74,74,73,73,73,72,71,72,74,75,74,74,75,75,75,76,77,79,83,86,90,91,89,89,93,94,92,91,89,88,88,89,92,95,98,100,103,103,102,101,101,99,96,91,84,89,105,133,173,195,198,201,204,206,208,210,211,212,213,214,215,216,217,217,217,217,218,218,218,218,218,218,218,218,218,218,218,218,218,218,218,218,218,218,219,219,219,219,219,219,218,218,219,219
206,206,206,206,206,206,206,207,207,207,207,207,207,207,207,207,208,208,208,208,208,209,209,209,210,210,210,210,210,210,211,211,211,211,212,212,212,212,212,212,212,212,212,212,211,210,209,208,207,207,206,203,198,169,115,85,78,74,75,74,72,70,69,68,67,66,66,66,66,66,65,65,64,65,66,68,71,73,75,77,78,79,78,77,74,73,74,75,76,78,79,80,82,84,85,85,85,85,84,82,79,78,79,79,77,75,74,73,73,73,73,73,71,72,75,76,74,73,74,74,74,74,76,78,82,86,91,92,89,89,92,93,91,90,88,88,88,89,91,94,98,101,103,103,102,101,102,101,98,93,87,85,88,115,165,192,197,200,203,205,208,209,210,211,212,213,214,215,216,217,217,217,218,218,218,218,218,218,218,218,218,218,218,218,218,218,218,218,218,218,219,219,219,219,219,219,218,218,219,219
207,207,207,207,207,207,207,207,208,208,207,207,207,207,208,208,208,208,208,208,209,209,210,210,210,210,211,211,211,211,211,211,212,212,212,212,213,213,213,213,213,213,212,212,211,210,209,208,207,207,206,201,191,158,102,74,74,74,74,73,71,70,69,68,67,66,66,66,66,66,65,64,65,66,67,70,72,74,76,78,80,80,78,76,74,73,74,75,76,77,78,78,80,81,81,82,82,82,83,83,82,82,84,83,81,78,75,73,74,73,72,71,70,72,76,77,75,74,73,74,74,75,75,77,80,84,89,90,87,87,88,89,87,86,86,86,87,89,91,94,98,101,102,102,101,102,103,103,101,96,88,81,76,101,158,189,196,200,202,205,207,209,210,211,211,212,213,214,216,216,217,217,218,218,219,219,219,219,219,219,218,218,218,218,219,219,219,219,219,219,219,219,219,219,219,219,219,219,219,219
207,207,207,207,207,207,207,207,208,208,207,207,207,207,208,208,208,208,208,209,209,209,210,210,210,210,211,211,211,211,211,211,212,212,212,212,213,213,213,213,213,213,212,212,211,210,209,209,208,207,206,197,181,146,93,68,72,74,74,73,71,69,68,67,66,66,66,66,66,65,64,64,65,67,69,71,73,75,76,78,81,81,79,77,75,74,75,76,77,77,77,77,78,79,79,80,80,81,83,83,83,84,85,85,83,79,75,73,73,73,71,71,70,72,75,76,74,73,73,74,75,75,75,77,80,83,86,87,86,86,86,86,86,85,85,86,87,89,91,94,99,101,102,102,101,101,103,104,103,98,90,81,72,96,153,186,195,200,202,204,206,208,209,210,210,211,212,213,215,216,216,217,217,218,219,219,219,219,219,219,218,218,218,218,219,219,219,219,219,219,219,219,219,219,219,219,219,219,219,219
208,208,207,207,208,208,208,208,208,208,208,208,208,208,208,208,208,208,209,209,210,210,210,210,211,211,211,211,211,211,212,212,212,212,213,213,213,213,213,213,213,213,212,212,211,210,209,209,208,206,205,192,167,132,87,67,72,74,73,72,70,69,68,67,66,65,65,65,65,65,64,65,66,68,70,72,73,75,77,79,80,81,80,78,77,76,77,77,77,77,76,76,76,77,78,79,80,81,82,82,84,84,84,83,81,79,75,73,73,72,71,71,72,73,74,73,71,71,74,75,75,76,77,79,81,82,83,84,86,86,86,86,86,86,86,87,88,89,91,94,98,101,102,102,100,101,103,104,105,101,93,85,77,99,151,183,193,199,201,203,205,207,208,209,210,211,212,213,213,214,215,216,217,218,218,218,219,219,219,219,218,218,219,219,219,219,219,219,219,219,219,219,219,219,219,219,219,219,219,219
208,208,207,207,208,208,208,208,208,208,208,208,208,208,208,208,208,208,209,209,210,210,210,210,211,211,211,211,211,211,212,212,212,212,213,213,213,213,213,213,213,213,212,212,211,211,210,208,207,206,204,187,153,119,84,68,72,74,73,72,70,68,67,66,65,65,64,65,65,65,64,65,66,68,70,72,74,75,76,78,80,82,82,81,79,78,78,78,78,77,76,75,76,77,78,79,80,81,81,82,84,84,83,82,81,79,76,74,74,73,73,74,75,76,75,74,71,72,75,76,76,77,79,80,82,82,81,82,84,85,86,86,87,88,88,89,90,90,91,94,98,101,102,102,101,101,103,104,106,103,96,89,81,99,144,174,189,198,200,203,205,206,207,209,210,210,211,212,213,213,214,215,216,217,218,218,219,219,219,219,218,218,219,219,219,219,219,219,219,219,219,219,219,219,219,219,219,219,219,219
208,208,208,208,208,208,208,208,209,209,208,208,209,209,208,208,208,208,209,210,210,210,211,211,211,211,212,212,212,212,212,212,213,213,213,213,214,214,214,214,213,213,213,212,211,211,210,208,207,205,203,181,139,106,82,70,72,73,73,71,69,68,66,65,65,65,65,65,66,65,64,64,65,67,70,72,74,75,75,76,80,83,85,84,81,79,78,78,78,78,76,75,76,77,79,79,79,80,81,82,83,83,83,82,81,79,77,76,76,77,79,80,80,80,79,77,76,76,77,78,77,78,80,82,82,82,81,81,82,83,85,87,88,89,91,93,93,93,92,94,97,100,102,103,103,103,103,104,106,105,100,93,83,96,132,161,184,196,199,202,204,205,207,209,210,210,211,212,213,213,214,215,216,217,218,218,219,219,219,219,219,219,219,219,219,219,219,219,219,219,220,220,220,220,220,220,219,219,219,219
208,208,208,208,208,208,208,208,209,209,208,208,209,209,208,208,208,209,210,210,210,210,211,211,211,211,212,212,212,212,212,212,213,213,213,214,214,214,214,214,213,213,213,213,212,211,210,208,207,205,203,177,129,96,80,72,73,73,72,71,69,67,66,65,65,65,66,66,66,66,65,65,65,67,69,72,74,75,74,77,81,84,86,85,82,80,79,79,80,80,77,76,76,77,79,79,78,79,80,81,81,82,82,82,81,80,80,80,80,80,82,83,82,82,81,80,78,78,78,79,78,79,81,82,82,82,81,80,80,82,85,87,89,91,94,96,96,95,94,94,97,99,101,103,105,105,105,105,107,107,104,97,88,96,122,149,178,194,197,200,202,205,207,208,209,210,211,211,212,213,214,214,215,216,217,218,219,219,219,219,219,219,219,219,219,219,219,219,219,219,220,220,220,220,220,220,219,219,219,219
208,208,209,209,209,209,208,208,209,209,209,209,209,209,209,209,209,209,210,210,210,210,211,211,212,212,212,212,212,212,213,213,213,213,214,214,215,215,214,214,214,214,213,213,212,211,210,208,207,205,202,174,121,90,79,74,74,74,73,71,69,67,66,66,66,66,67,67,67,66,66,66,66,67,69,70,72,74,76,79,83,85,86,85,83,82,81,81,84,83,80,78,77,77,78,78,78,78,78,78,78,79,80,81,82,83,84,85,85,84,83,83,83,83,83,82,79,78,78,79,80,80,80,81,82,82,80,80,80,82,85,88,91,94,97,99,99,98,95,95,96,97,100,102,105,106,107,107,109,109,107,103,97,101,116,140,173,192,195,198,201,204,206,207,208,209,210,211,212,213,214,214,215,216,217,218,218,218,219,219,219,219,219,219,219,219,220,220,220,220,220,220,220,220,220,220,219,219,219,219
208,208,209,209,209,209,208,209,209,209,209,209,209,209,209,209,209,209,210,210,210,211,211,211,212,212,212,212,212,212,213,213,213,214,214,214,215,215,214,214,214,214,214,213,212,210,209,208,207,205,202,172,116,85,79,75,75,74,73,71,69,67,66,66,66,67,68,68,68,68,68,68,68,69,70,72,74,76,78,81,84,85,85,85,85,84,84,85,87,87,83,81,78,77,78,79,79,79,78,78,77,78,79,80,82,83,85,86,86,85,83,83,83,82,82,81,79,78,78,79,80,80,81,81,82,82,80,80,81,84,87,90,92,95,98,100,99,98,95,94,94,96,98,101,104,106,108,109,111,111,110,107,103,104,111,133,170,190,194,197,200,202,204,206,207,209,210,211,212,212,213,214,215,215,216,217,218,218,219,219,219,219,219,219,219,219,220,220,220,220,220,220,220,220,220,220,219,219,219,219
209,209,209,209,209,209,209,209,210,210,209,209,210,210,209,209,209,209,210,211,211,211,212,212,212,212,213,213,213,213,213,213,214,214,215,215,215,215,215,215,215,215,214,213,212,210,209,208,207,205,201,171,114,83,79,76,75,74,72,70,68,67,65,65,67,68,69,70,70,70,70,71,72,73,75,77,78,80,82,84,85,85,84,85,86,88,89,90,91,89,87,84,80,79,79,80,81,81,81,80,77,77,79,80,80,81,83,83,84,83,82,82,82,81,79,78,78,77,78,78,79,80,81,83,83,83,82,82,83,86,89,92,94,96,98,99,98,96,93,92,93,94,96,99,102,105,108,111,113,113,112,110,105,105,108,130,168,189,193,196,198,200,203,205,206,208,210,211,212,212,213,214,214,215,216,217,218,218,219,219,219,219,219,219,219,219,219,219,220,220,220,220,220,220,220,220,219,219,220,220
209,209,209,209,209,209,209,209,210,210,209,210,210,210,210,209,209,210,211,211,211,211,212,212,212,213,213,213,213,213,213,214,214,214,215,215,215,215,215,215,215,215,214,213,212,211,209,208,207,204,201,171,113,83,79,77,75,73,72,70,68,66,64,64,66,68,69,70,70,70,71,72,73,75,77,79,80,82,83,85,85,85,83,84,86,89,91,92,92,91,90,87,83,81,82,81,80,80,81,80,77,77,79,80,81,81,82,82,83,82,82,81,82,81,79,78,78,78,79,79,79,80,82,83,84,83,83,83,85,88,91,94,95,96,98,98,97,95,91,90,91,93,95,97,100,104,107,111,114,115,114,112,107,105,105,125,166,188,191,194,196,199,201,203,205,207,209,210,211,212,213,213,214,214,215,216,217,218,219,219,219,219,219,219,219,219,219,219,220,220,220,220,220,220,220,220,219,219,220,220
209,209,210,210,209,209,210,210,210,210,210,210,211,211,210,210,210,210,211,212,212,212,212,212,213,213,214,214,214,214,214,214,215,215,215,215,216,216,216,216,215,215,214,213,212,211,210,208,207,204,201,171,114,84,80,77,76,74,71,69,67,65,63,63,65,67,67,68,69,69,69,70,72,74,76,78,80,81,82,83,84,84,82,83,85,87,89,90,91,92,93,91,87,85,85,83,78,77,79,79,77,78,81,83,83,83,82,82,82,82,82,82,83,82,80,79,79,80,81,81,81,81,82,83,83,83,83,84,87,90,93,95,96,97,97,97,97,94,88,87,88,91,93,96,98,101,105,109,114,116,116,114,110,106,102,121,163,186,189,192,195,198,200,202,204,206,208,210,211,212,212,213,214,214,215,216,217,218,219,219,219,219,220,220,220,220,220,220,220,220,220,220,220,220,220,220,220,220,220,220
209,209,210,210,209,209,210,210,210,210,210,210,211,211,211,211,211,211,212,212,212,212,212,213,213,214,214,214,214,214,214,215,215,215,215,215,216,216,216,216,215,215,215,214,213,211,210,208,207,204,199,169,113,83,80,77,76,74,71,68,65,63,60,60,62,64,64,65,65,65,65,67,69,72,74,76,78,80,81,82,83,83,82,83,86,88,90,91,92,94,96,94,89,87,87,85,80,78,80,80,79,80,83,85,85,84,84,84,84,84,84,84,85,85,83,83,83,83,84,83,82,82,82,83,83,84,84,85,88,90,94,95,95,95,95,95,94,91,86,85,88,90,93,95,97,100,104,109,114,117,117,115,111,107,103,121,162,184,188,191,194,196,198,201,203,205,207,209,210,211,212,212,213,214,215,215,216,217,218,219,219,219,220,220,220,220,220,220,220,220,220,220,220,220,220,220,220,220,220,220
209,209,210,210,210,210,210,210,211,211,211,211,211,211,211,212,212,212,212,212,213,213,213,213,214,214,215,215,215,215,215,215,216,216,216,216,216,216,216,216,216,216,215,214,213,212,210,208,207,203,195,164,109,81,79,78,77,75,71,67,63,60,57,56,58,59,59,60,60,60,60,62,65,68,71,74,76,78,79,80,82,83,84,86,89,91,93,95,96,97,98,96,91,89,89,88,86,84,83,83,82,83,85,86,86,86,86,87,88,88,88,88,88,88,88,88,89,88,87,85,83,83,83,84,84,85,85,86,88,90,92,93,93,92,92,91,88,86,83,84,89,92,94,96,98,100,104,108,114,116,117,115,112,110,108,125,163,183,187,190,192,195,197,200,202,204,206,208,209,211,211,212,213,214,214,215,216,217,218,218,219,219,219,219,220,220,220,220,220,220,220,220,220,220,220,220,219,219,220,220
209,210,210,210,210,210,210,211,211,211,211,211,211,211,212,212,212,212,212,212,213,213,213,213,214,214,215,215,215,215,215,215,216,216,216,216,216,216,216,216,216,216,215,215,214,212,210,208,207,203,195,164,111,83,80,78,78,75,70,65,61,58,55,54,55,56,56,56,56,56,57,59,62,65,67,70,73,75,76,78,81,83,85,88,91,94,97,99,101,101,101,99,95,93,91,90,89,88,87,85,84,84,85,85,85,87,89,90,91,92,92,92,93,93,93,94,94,93,89,87,85,84,84,85,85,84,84,84,84,86,89,91,90,89,89,89,87,85,84,85,90,93,95,97,99,101,104,108,113,116,117,116,113,112,112,129,163,182,186,189,191,194,196,198,200,203,205,207,209,210,210,211,212,213,214,215,216,216,217,218,219,219,219,219,220,220,220,220,220,220,220,220,220,220,220,220,219,219,220,220
210,210,211,211,211,211,211,211,212,212,211,211,211,211,212,212,213,213,213,213,213,213,214,214,214,214,215,215,215,215,216,216,216,216,216,216,217,217,217,217,217,216,215,215,214,212,210,208,207,204,198,170,120,91,83,79,78,75,69,64,60,57,54,54,54,55,55,55,54,55,56,58,60,62,63,65,68,71,72,75,78,82,85,89,93,97,101,104,106,106,105,103,101,99,96,93,92,91,90,88,84,83,83,83,84,87,91,93,95,96,96,97,99,100,100,100,100,97,91,88,86,85,85,85,84,83,81,80,77,79,84,87,86,86,88,89,90,89,87,88,91,94,97,99,100,102,105,109,113,116,117,116,115,115,116,132,163,180,184,188,190,193,195,197,199,202,204,206,208,209,210,211,212,213,214,215,216,216,217,218,218,219,219,220,220,220,220,220,220,220,221,221,221,221,220,220,220,220,220,220
210,210,211,211,211,211,211,211,212,212,211,211,211,212,212,212,213,213,213,213,213,214,214,214,214,215,215,215,215,215,216,216,216,216,216,216,217,217,217,217,217,217,216,215,214,212,210,209,207,204,200,173,124,94,85,79,78,74,69,64,60,57,55,54,55,55,54,53,53,54,55,57,58,59,60,62,66,68,69,72,76,81,85,88,92,96,101,105,106,106,105,104,103,100,97,95,93,92,92,90,84,82,83,84,85,88,92,95,98,99,99,100,102,104,104,103,102,98,91,87,85,85,85,84,82,80,77,75,71,73,80,83,83,84,86,89,91,92,90,91,92,95,98,100,101,104,107,110,113,115,116,116,115,115,116,132,163,180,184,187,189,192,194,196,198,200,202,205,207,208,209,210,212,213,213,214,215,216,217,217,218,219,220,220,220,220,220,220,220,220,221,221,221,221,220,220,220,220,220,220
211,211,211,211,212,212,212,212,212,212,212,212,212,213,213,213,213,213,214,214,214,214,215,215,215,215,216,216,216,216,216,216,216,216,217,217,217,217,217,217,217,217,216,215,214,213,211,209,208,205,201,173,122,93,86,80,77,73,68,64,60,58,57,57,57,56,53,52,54,55,56,56,55,56,57,60,64,67,67,69,75,80,82,85,89,93,98,100,101,101,102,102,99,97,95,94,94,93,93,90,84,82,84,86,88,90,93,96,99,101,101,102,104,104,104,102,100,96,89,85,84,83,82,80,78,75,72,69,66,68,75,80,81,83,85,88,91,93,93,94,95,96,98,100,103,106,109,112,114,115,115,115,115,114,113,129,163,181,184,186,188,191,193,195,197,199,201,204,206,207,209,210,211,212,213,214,215,216,216,217,218,219,220,220,220,220,221,221,221,221,221,221,221,221,221,221,221,221,220,220
211,211,211,211,212,212,212,212,212,212,212,212,213,213,213,213,213,214,214,214,214,214,215,215,215,215,216,216,216,216,216,216,216,217,217,217,217,217,217,217,217,217,217,216,215,213,211,209,208,204,200,173,123,94,87,81,77,73,69,65,62,61,60,60,60,59,56,55,57,58,58,57,55,55,56,58,62,64,64,67,72,76,79,82,85,89,92,94,94,95,96,96,93,91,91,91,93,94,94,91,86,84,86,87,89,91,91,93,95,97,97,98,98,98,97,96,93,89,83,80,80,80,79,78,76,74,71,69,67,70,76,80,82,84,87,89,92,94,94,94,95,96,98,101,104,107,111,114,115,115,114,114,115,114,113,129,163,181,183,185,187,190,192,194,196,198,200,203,205,206,208,209,210,211,212,213,214,215,216,216,217,218,219,220,220,220,221,221,221,221,221,221,221,221,221,221,221,221,220,220
211,211,212,212,212,212,213,213,213,213,213,213,213,213,213,213,214,214,215,215,215,215,215,215,216,216,216,216,217,217,217,217,217,217,218,218,218,218,218,218,218,218,217,216,215,213,211,209,207,203,197,171,124,97,89,82,77,73,69,67,65,64,64,64,65,64,62,62,63,64,64,62,58,56,55,56,58,60,61,63,67,71,74,78,81,84,86,87,86,86,87,87,84,84,84,87,91,94,94,93,90,88,87,87,88,88,88,87,87,87,87,86,86,85,85,84,82,79,75,74,74,74,75,76,77,76,75,75,75,77,81,83,85,87,90,93,94,94,93,92,93,95,99,102,104,108,113,116,116,116,114,114,114,115,116,132,163,180,182,184,186,189,191,193,195,197,200,202,204,205,207,209,210,211,212,213,214,215,215,216,217,218,219,219,220,220,221,221,221,221,221,221,221,221,221,221,221,221,220,220
211,211,212,212,212,212,213,213,213,213,213,213,213,213,213,214,214,214,215,215,215,215,215,215,216,216,216,216,217,217,217,217,217,217,218,218,218,218,218,218,218,218,217,216,215,213,211,208,205,199,190,166,125,99,89,82,77,73,70,68,68,67,67,68,68,68,67,67,68,68,68,66,62,60,57,56,57,58,59,61,63,65,69,73,76,78,79,79,78,78,79,79,77,77,79,82,88,92,94,94,92,90,89,88,87,86,84,83,82,80,78,77,76,76,76,75,73,71,69,68,70,71,73,75,77,78,77,78,80,82,84,85,87,89,92,94,95,95,94,94,94,96,100,104,106,110,114,117,117,116,113,112,113,117,122,137,159,168,163,163,168,175,185,191,194,196,199,202,203,205,207,208,209,210,211,212,213,214,215,216,217,218,219,219,220,220,221,221,221,221,221,221,221,221,221,221,221,221,220,220
212,212,212,212,213,213,213,213,213,213,214,214,213,213,214,214,215,215,215,215,215,215,216,216,216,216,217,217,217,217,217,217,218,218,218,218,218,218,218,218,219,218,217,216,215,213,210,206,200,190,179,157,124,102,90,81,76,73,71,70,70,70,70,70,71,71,72,72,72,71,70,69,67,65,62,59,58,58,59,59,59,60,64,67,70,71,71,71,70,71,72,72,72,72,74,77,83,88,93,95,92,91,90,88,86,84,81,79,78,75,72,70,70,69,69,68,67,65,64,65,68,70,72,74,76,77,78,79,81,83,85,87,88,90,92,93,95,96,97,98,99,100,103,106,109,111,114,116,118,116,112,111,112,120,133,144,151,145,126,122,131,149,174,189,193,196,199,201,203,204,206,207,209,210,211,212,213,214,215,216,217,218,219,219,220,220,220,220,221,221,221,221,221,221,221,221,221,221,220,220
212,212,212,213,213,213,213,213,213,213,214,214,213,213,214,214,215,215,215,215,215,215,216,216,216,216,217,217,217,217,217,217,218,218,218,218,218,218,218,218,219,219,218,216,215,212,208,196,175,158,143,126,107,94,86,80,76,73,72,71,71,71,71,71,72,73,74,75,75,74,74,73,73,72,69,66,65,64,63,61,59,59,62,64,66,67,67,66,65,65,66,66,65,66,68,71,77,83,89,92,90,89,89,87,85,82,80,78,76,74,69,67,66,66,66,65,64,63,63,64,68,71,74,76,79,80,81,82,84,86,87,88,89,90,91,93,95,96,98,100,102,104,106,108,110,111,112,114,117,115,110,109,112,118,129,131,123,111,93,91,105,126,156,177,189,196,198,200,202,203,205,206,208,209,210,211,212,213,214,215,216,217,218,219,220,220,220,220,221,221,221,221,221,221,221,221,221,221,220,220
212,212,213,213,214,214,214,214,214,214,214,214,214,214,214,214,215,215,215,215,216,216,216,216,217,217,217,217,218,218,218,218,218,218,219,219,219,219,219,219,219,219,218,217,215,210,203,177,131,100,84,75,73,75,79,79,76,74,73,72,72,71,70,70,71,73,75,76,77,78,78,79,81,81,79,77,76,74,70,67,64,63,63,64,65,65,65,65,63,61,60,59,57,58,60,64,70,76,82,86,86,86,85,84,83,82,80,78,78,75,70,67,66,66,66,66,65,65,65,67,71,75,78,82,85,86,87,88,89,89,88,88,89,90,91,92,94,95,96,99,103,107,109,110,110,110,111,112,114,113,108,108,111,112,110,98,76,64,64,72,88,108,131,156,181,195,197,199,201,203,204,205,207,208,210,211,212,213,214,215,216,217,218,219,220,220,221,221,221,221,221,221,221,221,221,221,221,221,221,221
212,213,213,213,214,214,214,214,214,214,214,214,214,214,214,214,215,215,215,216,216,216,216,216,217,217,217,217,218,218,218,218,218,218,219,219,219,219,219,219,219,219,219,217,215,208,196,162,106,70,54,50,56,65,75,79,77,75,74,73,72,71,70,71,72,74,75,76,78,79,80,81,83,84,83,82,82,80,76,73,70,68,67,66,66,66,66,64,61,59,58,56,53,53,56,59,65,71,77,81,81,81,80,79,79,78,77,76,75,73,68,66,65,65,66,66,66,67,69,72,74,77,79,80,80,80,80,80,80,78,76,75,75,76,78,80,83,85,86,91,98,104,109,111,110,109,110,111,112,111,107,107,110,106,95,77,53,46,58,68,76,89,108,137,175,195,197,199,201,202,203,204,206,207,209,210,211,213,214,215,216,217,217,218,219,220,221,221,221,221,221,221,221,221,221,221,221,221,221,221
213,213,214,214,214,214,214,214,215,215,215,215,214,214,215,215,215,215,216,216,217,217,217,217,217,217,217,217,218,218,218,218,219,219,219,219,219,219,220,220,220,220,219,218,216,206,188,152,99,66,54,51,56,64,74,78,77,76,76,74,72,71,71,72,75,75,75,75,77,78,78,79,80,81,81,82,82,82,81,79,77,75,73,72,71,69,67,65,62,59,58,56,53,52,54,57,62,68,75,77,75,74,74,73,71,71,72,71,69,67,66,64,63,63,64,66,68,71,75,77,78,77,75,70,64,61,59,58,57,54,51,49,49,50,54,58,62,65,68,74,85,96,106,111,110,110,110,110,110,109,107,107,110,102,83,67,54,57,75,79,67,69,87,121,170,196,197,199,200,201,203,204,205,206,208,209,211,212,214,215,216,217,217,218,219,220,221,221,221,221,221,221,221,221,221,221,221,221,221,221
213,213,214,214,214,214,214,214,215,215,215,215,215,215,215,215,215,216,216,216,217,217,217,217,217,217,217,218,218,218,218,218,219,219,219,219,219,219,220,220,220,220,219,218,216,207,190,153,94,61,54,53,57,64,73,77,77,76,76,74,72,71,71,73,74,73,69,67,67,68,68,69,71,72,74,74,74,74,73,72,71,70,71,71,71,70,68,66,62,60,58,56,53,52,53,55,59,64,69,71,70,70,70,69,67,66,67,66,64,63,63,62,61,62,63,65,68,71,75,75,73,68,62,57,51,49,50,50,48,46,42,39,38,40,45,50,55,59,62,68,75,84,95,103,108,110,109,109,108,107,106,107,110,101,81,69,63,67,80,76,55,55,78,115,168,196,197,199,200,201,202,203,204,206,207,209,210,212,213,215,216,217,217,218,219,220,221,221,221,221,221,221,221,221,221,221,221,221,221,221
213,213,214,214,214,214,214,214,215,215,216,216,216,216,216,216,216,216,217,217,217,217,218,218,218,218,218,218,219,219,219,219,219,219,219,219,220,220,220,220,220,220,219,218,216,211,203,164,93,56,55,56,59,65,72,75,75,75,75,74,72,71,71,71,71,67,58,52,48,47,49,52,55,58,60,60,59,57,53,51,52,54,59,63,68,69,69,67,63,60,58,56,54,53,54,55,56,58,61,63,66,68,68,67,64,62,61,61,60,59,59,59,59,60,61,62,65,67,69,66,58,50,42,39,41,45,51,55,55,53,49,45,43,45,51,56,61,65,70,71,68,70,77,88,102,109,108,107,107,107,105,106,108,102,89,82,80,77,73,61,40,47,80,121,170,195,197,199,200,201,202,203,204,205,207,208,210,211,213,214,216,217,217,218,219,220,221,222,222,222,221,221,222,222,222,222,221,221,221,221
213,213,214,214,214,214,214,214,215,215,216,216,216,216,216,216,216,216,217,217,217,217,218,218,218,218,218,218,219,219,219,219,219,219,219,219,220,220,220,220,220,220,219,218,216,213,210,171,96,57,54,55,60,65,70,73,74,74,75,74,73,71,69,67,63,57,49,43,40,40,43,46,49,52,55,55,54,50,45,42,41,43,48,53,58,62,64,64,61,59,57,56,54,54,54,54,54,55,57,60,65,69,70,70,67,65,64,62,61,59,59,58,58,58,58,59,61,62,62,57,47,39,32,30,35,41,49,54,57,57,54,51,47,49,55,61,65,71,77,77,70,66,67,76,95,104,105,105,106,105,104,105,106,103,95,90,90,81,63,47,32,46,88,130,173,195,197,199,200,201,202,202,203,205,206,207,209,210,212,214,215,216,217,218,219,220,221,222,222,222,221,221,222,222,222,222,221,221,221,221
213,213,214,214,214,214,215,215,215,215,216,216,216,216,217,217,217,217,217,217,218,218,218,218,218,218,219,219,219,219,220,220,220,220,219,219,220,220,220,220,220,220,219,218,216,214,211,175,105,64,51,49,59,66,69,71,72,73,74,74,73,70,66,59,49,43,41,41,43,45,48,51,54,57,59,59,58,54,49,44,39,37,37,39,43,48,54,57,57,57,55,54,54,54,54,54,54,55,57,61,68,73,75,76,76,75,73,71,67,64,61,59,57,56,54,54,55,55,52,46,38,33,31,31,33,37,41,47,54,57,57,55,51,52,58,64,68,75,83,85,80,74,65,69,86,97,101,103,104,104,103,104,105,103,98,94,92,77,51,36,30,52,100,142,177,195,197,199,200,201,202,202,203,204,206,207,208,209,211,213,215,216,217,218,219,220,221,221,221,221,222,222,221,221,222,222,222,222,222,222
213,214,214,214,214,215,215,215,215,215,216,216,216,217,217,217,217,217,217,218,218,218,218,218,218,219,219,219,219,220,220,220,220,220,219,220,220,220,220,220,220,220,220,218,216,214,212,179,113,70,49,45,58,66,68,69,70,71,72,72,72,67,58,50,42,38,39,41,44,48,51,55,59,62,64,64,62,58,52,46,40,35,33,33,35,39,45,50,53,54,54,54,53,53,54,54,53,55,58,63,70,75,78,79,80,80,79,77,72,67,62,58,57,55,53,52,52,49,44,38,32,30,32,34,38,38,34,37,45,50,51,49,43,44,51,57,63,71,81,86,87,82,71,72,83,92,99,102,102,102,102,103,104,103,100,97,94,77,44,28,30,58,112,153,180,195,197,198,199,200,201,202,203,203,205,206,207,209,211,213,214,215,216,218,219,220,221,221,221,221,222,222,221,221,222,222,222,222,222,222
214,214,215,215,215,215,216,216,216,216,216,216,217,217,218,218,218,218,218,218,219,219,219,219,219,219,220,220,220,220,221,221,220,220,220,220,221,221,221,221,221,221,220,219,217,215,213,182,120,76,49,43,57,65,67,68,67,68,70,70,68,61,47,41,42,43,43,43,45,48,51,56,62,67,69,68,66,61,54,48,42,38,34,33,33,35,37,42,47,51,52,53,53,52,52,52,53,55,59,64,71,75,78,80,80,81,82,81,76,70,61,57,57,57,55,53,50,46,38,32,28,28,34,40,48,44,27,23,31,35,37,33,24,24,32,41,50,61,73,82,89,90,85,83,85,90,98,101,100,99,100,101,103,103,101,99,98,78,41,26,32,65,124,164,184,195,197,198,199,200,201,202,202,203,204,205,207,208,210,212,214,215,216,218,219,220,221,221,222,222,221,221,222,222,222,222,222,222,222,222
214,215,215,215,215,216,216,216,216,216,216,216,217,217,218,218,218,218,218,218,219,219,219,219,219,219,220,220,220,220,221,221,220,220,220,220,221,221,221,221,221,221,220,219,217,216,214,184,126,81,50,41,56,64,66,66,66,66,67,66,64,57,44,40,45,47,46,45,46,46,48,51,56,59,60,61,61,56,47,41,39,37,36,35,32,32,33,37,43,48,51,53,52,50,49,49,51,55,59,65,70,75,78,80,80,81,83,82,78,70,59,54,55,56,56,54,49,43,37,33,33,39,50,61,70,59,28,16,21,26,29,28,21,24,38,51,65,71,70,72,77,81,84,85,85,89,98,101,99,98,99,100,103,103,102,101,100,79,39,24,35,71,135,173,187,195,197,198,199,199,200,201,201,202,203,205,206,208,210,212,213,215,216,217,218,220,221,221,222,222,221,221,222,222,222,222,222,222,222,222
215,215,216,216,216,216,217,217,217,217,217,217,217,217,218,218,218,218,219,219,219,219,219,219,220,220,220,220,221,221,221,221,221,221,221,221,221,221,222,222,222,221,220,219,218,216,214,186,132,87,50,39,55,64,65,65,64,64,64,63,59,54,49,48,52,52,49,47,46,44,42,41,40,39,38,40,46,42,31,26,29,33,39,39,32,30,31,35,41,46,51,52,51,48,45,46,50,54,59,64,69,73,77,79,79,79,81,80,76,68,55,50,51,54,57,54,47,42,40,41,47,61,82,96,103,83,38,16,17,21,27,32,34,46,66,87,107,103,74,56,50,54,68,78,84,91,98,101,99,99,99,100,103,104,104,103,101,80,38,24,38,78,144,181,190,195,197,198,198,199,199,200,201,202,203,205,206,207,209,211,213,214,216,217,218,220,221,221,221,221,222,222,222,222,222,222,222,222,221,221
215,215,216,216,216,216,217,217,217,217,217,217,217,218,218,218,218,219,219,219,219,219,219,219,220,220,220,220,221,221,221,221,221,221,221,221,221,221,222,222,222,222,221,220,219,217,214,188,139,93,51,38,54,63,64,64,63,63,63,60,56,52,50,50,53,52,48,45,43,43,42,38,31,26,24,26,32,29,19,20,31,43,55,54,40,34,34,36,38,42,48,50,49,46,43,43,48,53,58,63,67,71,76,78,77,78,79,78,75,67,55,48,47,49,53,51,44,40,40,44,51,66,87,103,113,95,47,22,17,18,23,29,36,54,85,110,127,115,75,51,45,50,65,77,85,92,98,100,99,99,99,100,103,104,103,102,100,79,38,27,46,88,152,187,192,195,196,197,198,198,199,199,200,202,203,204,205,207,209,211,212,214,215,217,218,220,221,221,221,221,222,222,222,222,222,222,222,222,221,221
215,215,216,216,217,217,217,217,217,217,217,217,218,218,219,219,219,219,220,220,220,220,219,219,220,220,221,221,221,221,221,221,222,222,221,221,222,222,222,222,222,222,221,220,219,217,215,191,146,100,53,38,53,61,63,63,63,63,62,60,54,50,47,46,49,47,41,38,38,41,48,43,28,19,17,17,19,17,12,21,45,66,84,81,57,44,43,40,35,36,44,47,46,44,41,41,46,51,57,61,65,69,73,75,75,75,76,75,73,67,57,49,44,43,46,45,39,37,38,40,44,53,66,82,102,93,57,33,21,15,17,21,26,50,95,120,125,109,73,58,63,69,75,81,87,93,97,99,99,99,98,100,103,103,100,98,97,77,39,32,58,100,159,190,193,195,196,197,198,198,199,199,200,201,203,204,205,207,208,210,212,214,215,217,218,220,221,221,222,222,222,222,222,222,222,222,222,222,222,222
215,215,216,216,217,217,217,217,217,217,217,217,218,218,219,219,219,219,220,220,220,220,219,220,220,220,221,221,221,221,221,221,222,222,221,221,222,222,222,222,222,222,221,220,219,217,215,194,155,110,59,39,52,60,62,63,63,63,63,60,55,51,47,45,46,43,35,33,35,44,60,59,40,26,18,13,13,12,10,23,50,71,86,82,59,47,46,44,39,39,44,46,44,43,40,41,46,51,57,62,65,68,72,74,74,74,75,75,73,68,60,52,44,41,43,43,40,40,42,44,45,50,59,72,91,88,63,43,28,20,19,21,26,49,89,109,109,99,80,73,80,84,85,87,90,93,96,97,98,99,98,100,104,103,99,94,90,72,41,40,71,112,164,192,194,195,196,197,198,198,199,199,200,201,202,204,205,207,208,210,212,214,215,217,218,219,220,221,222,222,222,222,222,222,222,222,222,222,222,222
215,215,216,216,217,217,217,217,218,218,218,218,218,218,219,219,220,220,220,220,220,220,220,220,221,221,221,221,221,221,222,222,222,222,221,221,222,222,222,222,222,222,221,220,219,217,214,198,167,124,67,44,53,59,62,64,64,64,63,61,57,54,50,47,44,39,31,29,34,51,80,85,66,47,27,16,14,13,15,26,47,59,61,57,46,42,45,47,49,49,48,46,44,43,41,43,48,54,59,63,66,69,72,73,74,75,76,77,76,72,65,57,47,43,43,45,48,51,54,55,54,58,67,75,81,77,64,52,41,33,30,31,38,50,67,77,80,85,94,97,95,95,96,95,92,92,93,94,97,98,99,101,104,103,98,90,80,65,43,50,84,124,169,192,194,195,196,197,198,198,198,199,199,200,202,203,205,206,208,209,212,214,215,216,218,219,220,221,222,222,222,222,223,223,222,222,222,222,222,222
215,216,216,216,217,217,217,217,218,218,218,218,218,218,219,219,220,220,220,220,220,220,220,220,221,221,221,221,221,221,222,222,222,222,221,221,222,222,222,222,222,222,221,220,219,217,215,202,180,138,75,47,54,59,63,64,64,64,64,62,60,57,54,51,48,43,36,35,38,53,78,84,70,54,36,27,26,27,31,39,53,57,52,47,42,42,46,50,55,55,51,47,45,43,43,45,50,55,61,65,67,70,72,74,74,76,79,80,80,77,72,65,54,48,45,46,52,56,60,61,60,62,68,71,71,68,63,57,50,44,40,41,47,54,61,67,73,84,102,108,103,100,99,97,92,90,90,92,95,97,98,101,104,103,96,86,72,59,46,59,97,135,173,193,194,195,196,197,198,198,198,198,199,200,201,203,204,206,207,209,212,213,214,216,217,219,220,221,222,222,222,222,223,223,222,222,222,222,222,222
216,216,217,217,217,217,218,218,218,218,218,218,219,219,219,219,220,220,220,220,220,220,221,221,221,221,221,221,221,221,222,222,222,222,222,222,222,222,222,222,222,222,221,220,219,217,215,207,193,152,82,50,56,61,63,65,65,65,65,64,62,60,59,58,57,55,52,49,47,49,54,55,52,49,47,47,50,54,59,64,68,66,59,52,47,46,50,53,57,56,51,48,46,45,45,48,52,57,61,65,68,70,73,74,76,78,83,85,84,83,82,76,65,56,49,47,51,56,61,64,63,62,62,61,60,59,59,58,56,54,50,50,53,61,71,80,88,97,105,107,102,99,96,93,90,88,89,91,93,95,98,101,104,102,95,83,65,54,50,68,108,144,176,193,194,195,196,197,198,198,198,198,199,200,201,202,204,205,208,210,211,213,214,216,217,219,220,221,222,222,222,222,223,223,222,222,223,223,223,223
216,216,217,217,217,218,218,218,218,218,218,218,219,219,219,219,220,220,220,220,220,220,221,221,221,221,221,221,221,221,222,222,222,222,222,222,222,222,222,222,222,222,222,221,219,217,216,211,202,161,87,53,58,61,64,65,65,65,65,65,63,62,61,61,61,61,60,58,54,49,45,44,46,49,52,56,60,64,68,71,71,68,61,56,53,52,55,56,57,55,51,48,47,46,47,49,53,57,63,67,70,72,74,76,77,80,84,87,87,87,87,83,74,65,56,52,53,56,61,64,65,64,62,60,58,57,59,59,60,59,56,57,59,66,76,86,95,102,105,105,101,97,93,90,88,87,89,90,92,95,98,101,105,103,95,81,61,51,52,74,117,152,179,193,194,195,196,197,198,198,198,199,200,200,201,202,203,205,208,210,211,213,214,216,217,219,220,221,222,222,222,222,223,223,222,222,223,223,223,223
216,216,217,217,218,218,219,219,219,219,219,219,219,219,219,219,220,220,221,221,221,221,221,221,221,221,221,221,221,221,221,221,222,222,222,222,222,222,222,222,223,223,222,221,220,218,216,212,207,167,90,54,58,61,64,66,66,66,66,66,65,63,61,60,60,61,61,60,58,55,53,52,52,52,52,53,55,57,59,60,62,61,59,58,59,60,61,60,56,53,50,48,48,47,48,49,53,58,65,70,73,76,77,77,78,80,84,87,88,88,86,84,82,76,66,60,57,56,59,63,67,69,69,68,65,63,62,61,60,60,60,61,65,70,76,84,93,99,102,102,98,94,91,89,87,87,89,91,93,96,98,102,106,104,96,81,59,49,51,75,124,159,181,193,194,195,196,197,198,198,199,199,200,200,201,202,203,205,208,210,211,212,214,216,217,219,220,221,222,222,222,222,223,223,223,223,223,223,223,223
216,217,217,217,218,218,219,219,219,219,219,219,219,219,219,220,220,220,221,221,221,221,221,221,221,221,221,221,221,221,221,221,222,222,222,222,222,222,222,222,223,223,222,221,220,218,216,213,208,166,89,52,56,60,64,66,66,67,67,67,66,64,61,60,59,59,60,60,59,58,57,56,56,55,53,53,54,56,57,58,59,61,62,64,66,66,65,62,56,53,50,49,49,49,48,50,54,60,68,73,76,78,79,79,79,81,85,87,88,87,83,82,84,81,75,69,64,61,62,64,68,71,73,73,71,69,68,67,65,65,65,67,70,73,78,83,91,95,98,98,96,94,91,89,87,87,89,92,95,98,100,103,107,106,98,83,62,50,48,73,125,161,182,192,194,195,196,196,197,198,199,199,200,200,201,202,203,205,207,209,210,212,214,216,217,219,220,221,222,222,222,222,223,223,223,223,223,223,223,223
217,217,218,218,218,218,218,218,219,219,219,219,220,220,220,220,221,221,221,221,221,221,221,221,221,221,222,222,222,222,222,222,222,222,223,223,222,222,222,222,223,223,222,221,220,218,217,212,204,161,82,46,51,57,64,67,67,67,68,67,66,64,61,59,58,58,58,58,57,57,57,58,58,58,55,55,57,59,62,63,64,67,72,75,74,72,66,61,57,54,52,51,50,50,48,50,56,63,71,76,79,80,80,81,81,83,86,86,86,83,78,77,80,81,81,78,73,70,68,68,69,70,72,74,75,76,76,76,74,73,72,72,74,77,80,84,88,91,92,93,95,95,93,91,88,88,90,94,98,101,103,105,109,107,99,87,69,55,43,65,121,159,181,192,194,195,196,196,197,198,198,199,200,201,201,201,202,204,207,209,210,212,214,216,217,219,220,221,222,222,222,222,223,223,223,223,223,223,223,223
217,217,218,218,218,218,218,219,219,219,219,219,220,220,220,220,221,221,221,221,221,221,221,221,221,221,222,222,222,222,222,222,222,222,223,223,222,222,222,222,223,223,222,221,220,218,217,209,194,150,76,42,49,56,64,68,68,68,68,68,67,65,63,61,59,59,58,57,57,57,58,59,60,60,58,59,61,64,68,71,71,74,78,79,77,73,68,63,60,57,54,52,50,49,49,52,59,66,74,78,81,82,82,83,84,85,86,86,85,82,76,75,77,80,84,84,80,77,75,73,72,72,73,75,77,79,80,80,79,78,77,77,79,81,83,86,89,91,91,93,96,96,94,92,90,89,91,95,101,104,106,108,110,107,99,87,69,54,40,61,117,157,180,192,194,195,196,196,197,197,198,199,200,201,201,201,202,204,207,209,210,212,214,216,217,219,220,221,222,222,222,222,223,223,223,223,223,223,223,223
218,218,218,218,218,218,219,219,220,220,219,219,220,220,221,221,221,221,221,221,221,221,221,221,222,222,222,222,222,222,222,222,223,223,223,223,223,223,222,222,223,223,222,221,220,219,217,204,180,135,68,39,48,56,65,69,69,69,69,68,67,66,65,63,63,62,60,59,57,57,58,59,61,62,62,64,67,71,76,79,80,80,79,77,74,72,69,67,63,60,57,53,48,47,50,55,62,69,76,81,82,84,85,86,86,87,86,86,85,82,78,75,74,77,85,87,85,83,81,80,78,76,74,75,76,77,79,80,81,81,81,82,84,86,88,90,92,94,96,97,97,97,95,94,92,91,93,97,103,107,109,111,112,108,98,83,63,47,37,60,115,155,180,193,194,195,196,196,197,198,198,198,199,200,201,201,202,204,207,209,211,212,214,215,217,219,220,221,222,222,222,222,223,223,223,223,223,223,223,223
218,218,218,218,218,218,219,219,220,220,219,219,220,220,221,221,221,221,221,221,221,221,221,221,222,222,222,222,222,222,222,222,223,223,223,223,223,223,222,222,223,223,222,222,221,219,217,200,168,124,68,44,50,57,66,71,71,71,71,70,69,68,67,66,66,64,63,61,60,59,60,61,63,65,67,69,72,75,80,82,83,82,79,77,74,73,72,70,66,62,58,53,46,46,53,60,67,74,80,84,85,86,88,89,90,90,89,88,87,84,80,77,74,77,86,90,90,89,87,85,83,81,78,77,76,76,77,78,80,81,81,83,85,88,90,92,94,96,99,99,98,97,95,94,93,93,95,98,104,109,112,114,114,109,99,83,61,48,42,65,117,155,180,193,195,195,196,197,198,198,198,199,199,200,201,201,202,204,207,209,211,213,214,215,217,219,220,221,222,222,222,222,223,223,223,223,223,223,223,223
218,218,218,218,219,219,219,219,220,220,220,220,220,220,221,221,221,221,221,221,222,222,221,221,222,222,222,222,222,222,222,222,223,223,223,223,223,223,222,222,223,223,222,222,221,219,218,198,159,119,77,55,55,59,68,73,73,74,73,72,72,71,70,69,68,67,66,65,63,63,64,65,68,71,73,74,75,77,78,79,79,79,78,77,78,77,76,74,69,63,57,51,46,48,58,67,75,80,84,87,89,90,91,92,94,95,94,93,90,87,85,82,78,80,88,93,96,96,93,90,88,86,84,81,78,76,75,75,77,78,78,79,82,85,89,92,95,98,100,100,98,96,94,94,94,95,97,100,106,111,116,117,116,110,101,86,66,55,55,78,122,156,180,193,195,196,196,197,198,198,199,199,200,200,201,201,202,204,207,209,211,213,214,216,217,219,220,221,222,222,223,223,223,223,223,223,223,223,223,223
218,218,218,218,219,219,219,219,220,220,220,220,220,220,221,221,221,221,221,221,222,222,221,221,222,222,222,222,222,222,222,222,223,223,223,223,223,223,222,222,223,223,222,222,221,219,218,196,153,115,80,60,56,59,69,74,75,76,76,75,75,74,73,72,71,69,68,67,66,66,67,68,70,72,74,74,74,75,76,77,77,78,78,79,81,81,79,75,69,62,55,50,48,52,63,73,81,86,89,91,93,94,95,96,98,98,98,97,93,91,90,86,81,82,88,93,99,99,95,93,92,90,88,85,80,77,75,75,76,77,76,77,79,83,87,90,92,95,97,98,97,96,95,95,96,98,101,104,108,113,118,119,117,112,102,88,69,62,66,89,129,160,181,193,195,196,196,196,197,198,199,199,200,200,201,201,202,204,207,209,211,212,214,216,217,219,220,221,222,222,223,223,223,223,223,223,223,223,223,223
218,218,218,218,219,219,219,219,220,220,220,220,221,221,221,221,221,221,221,221,222,222,222,222,222,222,222,222,222,222,223,223,223,223,223,223,223,223,223,223,223,223,222,222,221,219,217,194,151,112,77,58,55,59,70,76,76,77,78,79,79,78,76,75,73,71,70,69,69,69,69,69,70,70,69,68,68,69,73,76,77,79,80,82,85,84,79,74,67,60,52,50,53,59,67,76,86,92,94,96,97,98,99,100,101,101,101,100,98,97,95,91,86,84,87,91,97,98,95,94,94,93,91,88,85,81,78,76,77,77,76,76,77,79,82,84,86,88,90,92,93,95,96,97,100,103,107,110,112,115,119,120,118,112,103,89,71,67,75,98,137,166,184,193,195,195,196,196,197,198,198,199,199,200,201,201,202,204,207,209,210,211,213,215,217,219,220,221,222,222,223,223,223,223,223,223,223,223,223,223
218,218,218,218,219,219,219,219,220,220,220,220,221,221,221,221,221,221,221,221,222,222,222,222,222,222,222,222,222,222,223,223,223,223,223,223,223,223,223,223,223,223,222,222,221,219,217,195,152,112,77,57,54,58,71,77,78,78,80,81,81,81,79,76,74,73,71,70,70,69,69,68,68,67,67,66,66,68,72,75,78,80,82,84,86,85,80,73,65,57,50,50,58,65,73,81,91,97,99,101,102,103,103,104,105,105,104,104,103,102,100,96,89,86,86,88,94,96,94,94,95,95,94,92,88,85,81,80,80,79,77,77,77,78,80,82,83,85,88,90,92,95,98,101,106,110,113,115,115,117,120,120,118,112,100,87,71,68,80,105,144,171,186,194,195,195,196,196,197,197,198,198,199,200,201,201,202,203,206,208,209,211,213,215,217,219,220,221,222,222,223,223,223,223,223,223,223,223,223,223
218,218,219,219,219,219,220,220,220,220,220,220,221,221,221,221,221,221,221,221,222,222,222,222,222,222,222,222,222,222,222,222,223,223,223,223,223,223,223,223,222,222,222,222,221,219,218,197,157,117,78,56,52,56,70,77,79,80,80,81,83,82,80,77,75,73,72,70,69,68,66,64,64,64,66,68,69,71,73,76,79,82,85,86,86,84,80,73,62,54,50,52,61,70,79,88,96,101,104,106,108,109,109,109,109,109,109,108,108,106,104,99,91,86,84,85,90,92,92,93,95,96,96,95,91,88,86,84,84,82,80,80,80,80,82,83,84,86,90,92,93,96,101,106,112,117,119,119,118,118,119,119,118,110,96,81,67,67,81,108,149,175,188,194,195,195,196,196,197,197,198,198,199,200,201,201,202,203,206,208,209,211,213,215,216,218,220,221,222,223,223,223,223,223,223,223,223,223,223,223
218,218,219,219,219,219,220,220,220,220,220,220,221,221,221,221,221,221,221,221,222,222,222,222,222,222,222,222,222,222,222,222,223,223,223,223,223,223,223,223,222,222,222,222,221,220,219,202,169,130,84,57,50,54,68,77,79,80,81,82,83,82,81,79,77,75,73,72,71,69,68,67,66,67,69,71,73,74,75,77,81,84,87,88,87,84,81,72,59,52,51,55,65,75,85,93,100,105,109,112,114,115,114,113,113,112,112,113,113,111,108,102,94,87,82,82,86,88,89,91,94,96,97,96,93,91,89,88,86,85,84,83,83,84,85,85,85,88,92,94,94,97,103,109,116,120,122,122,119,118,119,119,118,109,93,79,67,69,86,115,156,181,190,194,195,195,196,196,197,197,198,198,199,199,200,201,202,203,206,208,209,211,213,215,216,218,220,221,222,223,223,223,223,223,223,223,223,223,223,223
218,218,219,219,220,220,220,220,220,220,221,221,221,221,221,221,222,222,222,222,222,222,222,222,222,222,222,222,222,222,223,223,223,223,223,223,223,223,222,222,222,222,222,222,221,220,219,208,188,150,94,60,49,51,67,76,78,80,82,82,82,82,81,81,79,78,76,75,74,74,75,75,75,75,75,76,76,77,77,79,83,86,89,90,89,86,81,71,56,50,53,59,68,78,89,97,102,108,115,119,121,121,119,118,116,115,115,116,117,116,114,107,97,88,80,78,81,83,84,87,93,95,95,95,95,94,93,91,88,87,87,88,88,88,89,89,89,90,94,95,95,98,104,110,116,120,122,122,119,118,119,118,117,108,92,80,71,77,96,126,166,188,193,195,195,195,195,196,197,197,197,198,198,199,200,201,202,203,205,207,210,211,213,214,217,219,220,221,222,222,223,223,223,223,224,224,223,223,223,223
218,218,219,219,220,220,220,220,220,220,221,221,221,221,221,221,222,222,222,222,222,222,222,222,222,222,222,222,222,222,223,223,223,223,223,223,223,223,222,222,222,222,222,221,220,220,219,213,202,169,114,75,52,49,66,75,78,80,82,83,82,82,82,82,81,79,78,77,78,78,79,79,79,79,80,80,80,80,81,83,86,89,92,92,91,86,79,69,56,52,58,65,73,82,92,100,105,112,120,125,128,128,125,123,120,118,118,119,120,120,119,114,104,94,84,80,80,80,78,81,88,92,93,94,95,95,95,93,91,90,91,91,91,91,92,92,91,93,95,97,96,99,105,110,116,119,121,121,119,118,119,118,117,108,91,81,76,87,112,142,175,193,194,195,195,195,195,196,196,197,197,198,198,199,200,201,202,203,205,207,210,212,213,214,217,219,220,221,222,222,223,223,223,223,224,224,223,223,223,223
219,219,219,219,220,220,220,220,221,221,221,221,222,222,222,222,222,222,222,222,222,222,222,222,222,222,222,222,222,222,222,222,222,222,223,223,223,223,222,222,222,222,221,221,220,220,219,216,211,187,143,101,61,48,65,74,77,80,82,84,84,84,83,82,81,80,79,79,81,81,80,80,79,80,82,83,83,84,86,89,92,94,95,94,93,86,75,66,59,59,66,73,80,87,95,101,107,115,124,131,135,135,132,129,125,122,122,122,122,123,125,122,115,105,94,87,83,78,71,72,81,88,91,93,93,94,96,96,94,94,94,93,93,93,93,93,94,95,97,98,98,100,104,109,114,117,119,119,118,118,118,118,116,107,90,81,82,100,135,163,183,194,195,195,195,195,196,196,196,197,197,198,199,199,200,201,202,203,206,208,210,212,213,215,217,219,220,221,222,222,223,223,223,223,223,223,223,223,223,223
219,219,219,219,220,220,220,220,221,221,221,221,222,222,222,222,222,222,222,222,222,222,222,222,222,222,222,222,222,222,222,222,222,222,223,223,223,223,222,222,222,222,221,221,220,220,219,218,216,199,167,124,70,50,64,72,75,79,82,84,85,84,83,81,80,79,79,79,81,82,81,81,81,83,85,87,87,88,90,93,95,96,96,95,92,84,71,64,64,67,74,80,85,91,97,102,108,116,126,133,139,141,140,137,131,128,126,124,124,125,127,127,123,115,103,95,90,83,73,70,76,81,88,92,93,95,96,97,97,97,97,96,95,95,95,95,95,96,98,99,99,101,104,107,112,115,116,117,117,117,117,116,115,106,89,87,100,123,156,178,189,194,195,195,195,195,196,196,196,197,198,198,199,199,200,201,202,203,206,208,210,212,213,215,217,218,220,221,222,222,223,223,223,223,223,223,223,223,223,223
219,219,220,220,220,220,220,220,221,221,221,221,222,222,222,222,222,222,222,222,222,222,222,222,222,222,222,222,222,222,222,222,222,222,222,222,222,222,222,222,221,221,221,221,220,220,219,218,217,205,185,143,80,53,63,70,73,77,80,83,85,85,83,81,78,77,77,77,79,80,83,84,85,87,89,90,91,92,94,95,95,96,97,94,87,78,67,64,70,75,80,85,90,95,98,103,109,117,125,133,139,145,149,147,139,134,130,127,125,125,127,128,129,123,112,105,101,93,83,75,71,74,83,90,94,96,97,98,99,99,99,99,99,98,97,96,96,97,99,100,100,101,102,105,109,112,114,115,115,116,115,115,114,106,91,99,130,155,176,188,192,194,194,194,195,195,196,196,196,197,198,198,199,199,200,201,202,204,206,208,209,211,213,215,216,218,220,221,222,222,223,223,223,223,223,223,224,224,223,223
219,219,220,220,220,220,220,220,221,221,221,221,222,222,222,222,222,222,222,222,222,222,222,222,222,222,222,222,222,222,222,222,222,222,222,222,222,222,222,222,221,221,221,221,220,220,219,218,217,210,198,158,90,58,62,67,72,76,78,81,83,84,82,79,77,75,75,76,77,79,83,86,87,89,91,93,94,95,96,97,96,95,95,91,82,74,68,68,75,81,86,90,93,96,98,102,108,115,122,129,135,141,147,146,140,134,130,126,123,122,123,125,128,126,118,113,111,105,95,84,72,71,80,88,93,97,99,101,101,101,101,101,101,100,98,97,96,96,98,99,100,101,102,104,108,110,112,113,114,114,114,113,112,104,90,104,146,173,186,193,194,194,194,195,195,195,196,196,196,196,197,198,199,199,200,201,202,204,206,208,209,211,213,215,216,218,220,221,222,222,223,223,223,223,223,223,224,224,223,223
219,219,219,219,220,220,221,221,221,221,221,221,222,222,222,222,221,221,222,222,222,222,222,222,222,222,222,222,222,222,222,222,222,222,222,222,221,221,221,221,221,221,221,221,220,220,219,218,217,213,206,169,99,63,61,63,71,75,77,78,80,81,79,77,75,74,74,75,76,79,83,86,87,89,93,96,97,98,99,98,97,94,92,86,76,71,72,75,80,85,90,93,95,96,96,98,104,110,116,122,126,131,134,135,132,129,124,120,117,115,115,117,122,123,120,119,121,118,111,98,79,72,79,85,92,98,103,105,103,102,102,102,102,101,99,97,94,94,95,97,99,101,103,105,107,109,110,111,112,113,114,113,110,102,87,102,148,176,187,193,194,194,195,195,196,196,196,196,196,196,197,198,199,199,200,201,202,204,206,208,210,212,213,215,217,219,220,221,222,222,223,223,223,223,223,223,223,223,223,223
219,219,219,219,220,220,221,221,221,221,221,221,222,222,222,222,221,221,222,222,222,222,222,222,222,222,222,222,222,222,222,222,222,222,222,222,221,221,221,221,221,221,221,221,220,220,219,218,217,215,212,177,111,72,60,59,69,74,75,76,79,79,78,76,74,73,74,75,76,79,84,87,88,91,95,98,100,101,101,99,97,94,90,84,74,71,77,81,83,86,90,92,92,92,92,95,99,104,109,114,119,122,124,125,124,122,117,114,112,111,109,109,111,112,114,117,122,123,120,108,88,78,79,83,91,97,103,105,104,104,103,103,103,102,99,97,95,94,96,98,100,102,104,105,107,108,110,111,112,112,113,112,109,99,83,100,148,178,187,193,194,194,195,195,196,196,196,196,196,196,197,197,198,199,200,201,202,204,206,208,210,212,213,215,217,219,220,221,222,222,223,223,223,223,223,223,223,223,223,223
219,219,220,220,220,220,221,221,222,222,222,222,222,222,222,222,222,222,222,222,222,222,222,222,222,222,222,222,222,222,222,222,222,222,221,221,221,221,221,221,221,221,220,220,220,219,219,218,217,215,214,183,125,84,61,55,67,73,73,75,78,79,77,75,73,72,74,75,76,79,84,88,91,94,98,101,103,103,102,100,98,95,91,85,77,75,81,84,85,85,86,86,84,85,88,91,95,99,102,107,112,116,117,117,117,114,108,106,108,107,104,100,96,95,99,105,113,118,122,115,99,87,80,81,88,94,98,101,104,105,105,104,104,103,100,98,97,97,98,100,103,105,105,106,108,109,110,111,112,112,112,111,107,97,79,96,148,179,188,193,194,194,195,195,196,196,196,196,196,196,197,197,198,199,200,201,202,204,206,208,210,212,214,216,217,219,220,221,222,222,223,223,223,223,224,224,223,223,223,223
219,219,220,220,220,220,221,221,222,222,222,222,222,222,222,222,222,222,222,222,222,222,222,222,222,222,222,222,222,222,222,222,222,222,221,221,221,221,221,221,221,221,220,220,219,219,219,218,217,216,215,190,142,101,66,54,65,71,72,74,77,78,77,75,72,72,74,75,77,80,85,89,92,96,99,102,104,105,103,101,97,94,91,86,78,77,82,83,79,75,72,69,67,68,73,78,84,90,96,101,106,109,110,110,110,108,103,100,98,94,86,78,70,69,75,83,93,103,112,112,102,92,82,80,86,91,95,99,103,105,106,106,106,105,103,102,101,101,102,103,105,106,106,107,108,109,110,111,111,111,111,109,104,94,78,97,150,180,188,193,194,195,195,195,196,196,196,196,196,196,197,198,198,199,200,201,202,204,206,208,210,212,214,216,217,219,220,221,222,222,223,223,223,223,224,224,223,223,223,223
220,220,220,220,221,221,221,221,221,221,222,222,223,223,222,222,222,222,223,223,222,222,222,222,223,223,222,222,222,222,222,222,222,222,221,221,221,221,221,221,221,221,220,220,219,219,218,218,217,216,215,197,164,124,76,56,64,69,71,73,76,77,76,74,72,71,73,75,77,80,86,90,93,95,96,99,104,105,104,100,96,92,90,85,79,78,81,77,66,56,48,42,39,41,46,54,65,77,90,98,101,103,103,103,104,103,101,94,84,71,54,41,34,34,41,51,62,75,91,98,97,92,82,80,85,90,96,100,102,105,107,108,109,109,108,108,109,109,108,107,107,107,108,109,108,109,110,110,108,108,109,106,98,90,82,103,153,182,190,194,194,195,196,196,196,196,196,196,196,196,197,198,199,199,200,201,202,203,206,208,210,212,214,216,217,219,220,221,222,222,222,222,223,223,223,223,223,223,224,224
220,220,220,220,221,221,221,221,221,221,222,222,223,223,222,222,222,222,223,223,222,222,222,222,223,223,222,222,222,222,222,222,222,222,221,221,221,221,221,221,221,221,220,220,219,219,218,218,217,216,215,203,181,143,87,60,62,65,70,73,74,75,75,74,71,71,72,74,76,80,85,89,92,94,95,98,103,105,103,100,95,91,89,85,80,77,76,68,55,44,36,30,26,26,30,37,49,63,79,89,92,94,94,94,95,95,94,86,71,55,36,24,21,23,32,40,49,61,77,86,89,88,81,80,85,90,95,99,101,104,107,108,109,109,109,110,111,112,113,112,111,110,110,110,108,108,109,109,107,106,107,102,91,84,82,107,157,185,191,194,195,195,196,196,196,196,196,196,196,197,198,198,199,199,200,201,202,204,206,208,210,212,214,216,217,219,220,221,222,222,222,222,223,223,223,223,223,223,224,224
220,220,221,221,221,221,221,221,222,222,222,222,222,222,222,222,222,222,222,222,223,223,222,222,223,223,222,222,222,222,221,221,221,221,221,221,221,221,221,221,220,220,220,220,219,219,219,218,217,216,215,207,194,158,99,66,61,61,68,72,73,74,75,74,71,71,72,74,76,79,83,87,91,93,95,98,102,104,103,100,96,92,89,86,81,75,67,57,46,40,37,33,28,24,23,26,35,48,64,74,80,82,81,81,82,83,83,75,60,45,31,26,31,37,46,52,55,61,70,76,79,80,78,80,85,89,93,96,100,103,105,106,107,107,106,107,109,112,116,118,116,114,112,110,108,107,109,108,106,105,105,97,81,75,80,108,160,188,192,194,195,195,196,196,197,197,196,196,197,197,198,198,199,199,200,201,202,204,207,209,210,212,214,216,217,219,220,221,222,222,222,222,223,223,223,223,223,223,224,224
220,220,221,221,221,221,221,221,222,222,222,222,222,222,222,222,222,222,222,222,223,223,222,222,223,223,222,222,222,222,221,221,221,221,221,221,221,221,221,221,220,220,220,220,219,219,219,219,218,216,215,210,202,169,110,73,59,56,63,68,70,73,75,74,72,71,72,73,75,78,81,85,89,92,94,96,100,102,101,99,95,91,89,85,80,72,62,54,47,45,49,47,41,36,32,34,42,52,63,70,72,73,73,73,72,72,71,67,58,50,43,43,51,58,63,65,64,65,67,70,72,74,76,80,84,87,90,93,97,100,102,103,105,105,103,104,106,110,116,118,118,116,112,109,107,106,107,107,104,102,101,91,73,71,84,115,164,190,193,194,195,195,196,196,197,197,196,196,197,197,198,198,199,199,200,201,202,204,207,209,210,212,214,216,217,219,220,221,222,222,222,222,223,223,223,223,223,223,224,224
220,220,220,220,221,221,221,221,221,221,222,222,222,222,222,222,222,222,222,222,222,222,222,222,222,222,222,222,222,222,221,221,221,221,221,221,221,221,221,221,221,221,220,220,219,219,219,219,218,216,215,211,206,175,120,81,58,49,56,61,66,70,74,74,72,71,70,72,75,77,80,83,86,89,91,93,96,98,99,97,92,89,88,84,78,70,61,57,56,60,70,72,66,61,57,60,70,76,78,75,67,65,69,68,65,61,58,60,66,70,72,76,82,84,83,81,78,74,70,67,66,69,75,80,83,85,86,89,92,95,98,100,101,101,101,101,103,107,112,115,116,115,111,108,106,105,106,104,101,98,96,86,67,70,95,128,169,191,193,194,195,195,195,196,196,196,197,197,196,197,198,198,199,199,200,201,202,204,206,208,210,212,214,216,217,219,220,221,222,222,223,223,223,223,223,223,224,224,223,223
220,220,220,220,221,221,221,221,221,221,222,222,222,222,222,222,222,222,222,222,222,222,222,222,222,222,222,222,222,222,221,221,221,221,221,221,221,221,221,221,221,221,220,220,219,219,219,219,218,216,215,212,208,181,131,90,57,44,49,55,62,68,72,73,73,72,71,72,75,77,78,80,83,85,88,91,94,95,96,94,90,87,85,82,75,68,60,57,58,63,73,76,71,67,64,67,75,78,76,70,61,58,63,63,59,54,51,54,63,70,76,81,86,87,83,80,76,72,69,67,66,69,76,80,82,83,83,85,88,91,93,96,97,98,98,99,101,105,109,112,114,114,111,108,105,103,103,101,98,93,87,77,63,71,102,135,172,191,193,194,195,195,195,195,196,196,197,197,196,197,197,198,199,200,201,202,203,204,206,208,210,212,214,216,217,219,220,221,222,222,223,223,223,223,223,223,224,224,223,223
219,219,220,220,221,221,221,221,221,221,222,222,222,222,222,222,221,221,222,222,222,222,221,221,222,222,222,222,222,222,221,221,221,221,221,221,221,221,220,220,220,220,220,220,219,219,219,219,218,216,215,212,208,185,142,100,58,39,43,49,59,66,69,72,74,74,73,73,76,76,76,76,77,80,85,89,92,93,91,89,87,85,82,78,73,67,59,55,53,54,57,58,57,55,53,53,55,57,59,57,52,52,56,57,54,51,48,48,50,53,56,60,64,65,63,61,60,61,65,68,71,74,78,80,81,81,81,82,84,86,88,90,92,94,96,98,100,104,108,111,113,113,111,108,102,99,98,96,94,87,75,66,60,73,106,138,171,190,193,194,195,195,196,196,196,196,196,196,197,197,197,198,199,200,201,202,203,204,207,209,211,212,214,215,217,219,220,221,222,222,223,223,223,223,223,223,224,224,223,223
219,219,220,220,221,221,221,221,221,221,222,222,222,222,222,222,221,221,222,222,222,222,221,221,222,222,222,222,222,222,221,221,221,221,221,221,221,221,220,220,220,220,220,220,219,219,219,219,218,217,215,213,210,191,156,113,61,36,38,45,56,63,67,70,73,73,73,73,75,75,74,73,74,77,83,87,89,89,86,84,84,82,79,75,72,68,61,56,52,50,49,49,49,49,47,46,46,48,51,52,50,51,54,55,53,52,50,48,47,47,49,51,54,55,54,54,55,58,65,70,74,77,79,80,80,80,80,81,83,84,83,85,89,91,93,96,98,102,107,110,112,111,109,105,100,96,94,92,91,82,65,57,58,77,114,147,174,189,192,194,195,195,196,196,196,196,196,196,197,197,197,198,198,199,200,202,203,204,207,209,211,213,214,215,217,219,220,221,222,222,223,223,223,223,223,223,224,224,223,223
219,219,219,220,220,220,221,221,222,222,222,222,221,221,221,221,221,221,222,222,222,222,222,222,222,222,222,222,221,221,221,221,221,221,220,220,221,221,220,220,219,219,219,219,219,219,219,219,218,217,216,214,212,198,173,129,66,34,35,41,52,60,66,69,69,70,70,72,74,74,72,71,71,75,82,85,84,83,81,79,79,78,76,74,73,70,66,61,56,53,51,49,49,48,46,46,48,50,53,54,54,55,57,57,56,55,55,55,54,54,54,55,57,57,57,58,61,65,69,73,75,78,80,80,80,80,82,83,83,82,81,82,87,89,90,92,95,100,106,109,111,109,105,101,98,95,90,88,89,78,58,50,55,81,128,161,180,190,192,194,195,196,196,196,197,197,197,197,197,197,198,198,198,199,200,202,203,205,207,209,211,213,214,216,217,219,220,221,222,223,223,223,223,223,223,223,223,223,223,223
219,219,219,219,220,220,221,221,222,222,222,222,221,221,221,221,221,221,222,222,222,222,222,222,222,222,222,222,221,221,221,221,221,221,220,220,221,221,220,220,219,219,219,219,219,219,219,219,218,217,216,215,213,204,186,142,72,36,32,36,47,56,61,65,66,67,68,69,71,72,72,71,70,73,79,81,80,78,77,76,75,74,73,73,72,71,68,64,57,53,51,49,48,47,48,48,49,51,55,57,59,60,60,59,58,57,57,57,56,57,59,60,60,59,59,60,64,66,68,70,72,75,78,79,77,78,81,82,81,80,80,81,84,86,87,89,92,97,103,108,110,109,104,100,97,93,89,86,85,74,52,46,56,87,140,172,185,191,193,194,195,196,196,196,197,197,197,197,197,197,198,198,198,199,201,202,203,205,207,209,211,213,214,216,217,219,220,222,223,223,223,223,223,223,223,223,223,223,223,223
219,219,219,219,220,220,220,221,221,221,222,222,221,221,221,221,221,221,221,221,221,221,221,221,222,222,222,222,221,221,221,221,221,221,220,220,220,220,220,220,219,219,219,219,219,219,218,218,218,217,216,215,214,207,196,153,80,39,30,31,42,49,54,58,63,66,66,66,67,70,73,73,70,70,74,76,75,75,75,75,73,71,71,71,70,70,69,64,57,52,51,49,46,47,52,53,50,52,57,61,64,65,63,61,58,57,56,55,54,56,62,64,63,62,60,60,61,62,62,63,65,68,73,75,73,74,76,77,77,78,80,82,82,82,83,86,89,94,100,105,110,110,106,101,95,91,88,84,79,67,48,45,58,93,148,180,188,193,194,195,196,196,196,196,197,197,196,196,197,197,198,198,199,200,201,202,203,205,207,209,211,213,214,215,217,219,220,222,223,223,223,223,223,223,223,223,224,224,224,224
219,219,219,219,220,220,220,220,221,221,222,222,221,221,221,221,221,221,221,221,221,221,221,221,222,222,222,222,221,221,221,221,221,221,220,220,220,220,220,220,219,219,219,219,219,219,218,218,218,218,217,215,214,210,202,163,91,47,31,27,38,45,49,54,61,64,63,63,64,67,71,71,67,66,69,70,69,69,70,70,68,68,68,67,66,66,67,63,55,51,50,48,45,46,51,53,51,53,57,62,67,67,62,60,58,57,55,54,53,56,60,62,60,59,60,60,60,60,60,60,61,65,72,73,69,68,70,71,69,72,78,81,81,81,81,82,86,89,94,99,106,109,106,101,94,90,88,82,72,60,44,44,62,99,155,185,191,194,195,195,196,196,196,196,197,197,196,196,197,197,198,198,199,200,201,203,204,205,207,209,211,213,214,215,217,219,220,221,222,223,223,223,223,223,223,223,224,224,224,224
219,219,219,219,220,220,220,220,221,221,221,221,222,222,221,221,221,221,221,221,222,222,221,221,221,221,221,221,221,221,221,221,220,220,220,220,220,220,219,219,219,219,218,218,218,218,218,218,218,218,217,215,214,211,207,171,105,60,34,26,36,43,46,52,59,61,59,59,60,63,67,66,61,60,63,64,62,61,61,62,63,63,64,63,60,60,62,59,53,49,46,45,44,44,46,48,51,54,56,60,66,65,58,56,58,57,53,52,55,55,55,53,50,52,58,61,61,62,63,63,61,65,75,74,64,60,63,63,59,62,72,78,81,81,79,79,81,83,84,90,101,106,105,101,94,89,87,78,64,52,40,45,67,105,159,188,192,195,195,196,196,196,196,196,196,196,197,197,197,197,198,198,199,200,201,203,204,206,208,210,211,213,215,216,218,219,220,221,222,222,222,222,223,223,223,223,223,223,223,223
219,219,219,219,220,220,220,220,221,221,221,221,222,222,221,221,221,221,221,221,222,222,221,221,221,221,221,221,221,221,221,221,220,220,220,220,220,220,219,219,219,219,218,218,218,218,218,218,218,217,216,215,214,212,209,178,120,75,41,28,35,41,46,52,57,59,58,58,59,60,62,61,58,57,59,59,56,54,53,55,59,61,61,59,57,57,59,58,54,48,42,40,40,41,41,44,50,52,50,53,60,60,53,52,55,54,49,49,54,55,54,51,48,49,56,61,62,64,65,64,61,65,75,74,60,56,60,60,55,57,67,73,77,77,75,74,75,75,77,83,95,102,104,102,95,89,84,73,57,46,39,51,81,120,166,190,193,195,196,196,196,196,196,196,196,196,197,197,197,197,198,198,199,200,201,203,204,206,208,210,211,213,215,217,218,220,221,221,222,222,222,222,223,223,223,223,223,223,223,223
219,219,220,220,220,220,220,220,221,221,221,221,221,221,221,221,221,221,221,221,221,221,221,221,220,220,220,220,221,221,220,220,220,220,220,220,219,219,219,219,219,219,219,219,218,218,218,218,217,217,216,215,213,212,210,184,136,92,53,33,34,39,48,54,56,58,60,61,61,60,58,57,57,57,56,54,51,48,46,49,56,60,58,57,55,56,59,60,57,50,38,33,35,36,38,42,47,46,39,40,49,52,48,48,51,49,44,44,50,55,57,56,52,51,54,58,64,66,65,63,60,64,74,72,58,55,62,62,55,55,61,66,68,69,68,67,67,68,71,78,88,97,105,106,99,90,79,66,51,42,40,60,104,142,175,192,194,195,196,196,197,197,196,196,196,196,197,197,197,197,198,198,199,200,201,202,204,205,208,210,211,213,215,217,218,220,221,221,222,222,222,222,222,222,223,223,223,223,223,223
219,219,220,220,220,220,220,220,221,221,221,221,221,221,221,221,221,221,221,221,221,221,221,221,220,220,220,220,221,221,220,220,220,220,220,220,219,219,219,219,219,219,219,218,218,218,218,217,217,216,215,214,212,211,209,189,151,108,61,36,33,37,47,53,55,58,61,62,61,59,56,55,56,56,54,51,47,45,44,47,55,58,56,55,55,55,55,56,57,51,36,30,32,34,37,41,45,43,35,35,44,47,44,43,46,44,39,40,45,50,55,55,50,50,53,57,62,63,60,58,57,61,70,68,57,55,64,64,56,54,58,61,63,64,65,65,63,64,67,73,84,93,100,102,97,88,75,61,47,40,41,67,118,156,181,194,195,195,196,196,197,197,196,196,196,196,197,197,197,197,198,198,199,200,201,202,204,205,208,210,211,213,215,217,218,220,221,221,222,222,222,222,222,222,223,223,223,223,223,223
218,219,219,219,220,220,220,220,220,220,220,220,220,220,220,220,221,221,221,221,221,221,221,221,221,221,220,220,220,220,220,220,219,219,219,219,219,219,219,219,219,219,218,217,217,217,217,216,216,215,215,213,211,210,208,193,166,124,67,36,32,35,45,51,54,57,61,62,60,58,55,54,54,53,51,48,45,45,47,51,55,56,53,53,56,54,47,47,54,51,38,31,32,34,37,41,44,43,38,38,45,46,41,39,40,39,36,36,38,42,47,47,44,46,53,56,55,53,50,50,52,56,63,63,56,57,65,65,57,55,57,59,60,62,67,68,64,63,64,70,81,87,89,90,91,85,73,60,44,39,43,71,124,161,183,194,195,195,196,196,197,197,197,197,197,197,197,197,198,198,198,198,199,200,201,203,204,206,208,210,212,214,215,217,218,220,221,221,222,222,222,222,222,222,223,223,223,223,223,223
218,218,219,219,220,220,220,220,220,220,220,220,220,220,220,220,221,221,221,221,221,221,221,221,221,221,220,220,220,220,220,220,219,219,219,219,219,219,219,218,218,218,217,216,216,216,216,215,215,214,214,213,211,209,207,197,179,139,76,41,33,34,43,50,55,58,59,59,58,57,57,56,56,54,52,49,47,47,51,53,54,53,52,53,57,53,41,40,49,48,38,33,34,37,40,44,48,49,46,47,51,50,42,39,40,41,41,42,43,45,50,51,49,51,58,58,51,47,45,45,49,53,58,59,56,57,63,63,57,56,60,62,62,64,68,68,63,61,61,67,78,83,83,83,85,80,70,58,45,42,50,79,132,167,185,194,195,195,196,196,197,197,197,197,197,197,197,197,198,198,198,199,199,200,201,203,204,206,208,210,212,214,215,217,218,220,221,221,222,222,222,222,222,222,223,223,223,223,223,223
218,218,218,219,219,219,220,220,220,220,220,220,219,219,220,220,220,220,220,220,220,220,220,220,220,220,220,220,220,220,219,219,219,219,218,218,218,218,218,217,217,216,216,215,215,215,215,214,214,213,213,212,210,208,206,200,191,153,88,49,37,35,42,49,57,59,55,54,55,57,60,61,60,59,57,54,51,51,54,54,51,51,53,55,57,50,36,34,43,44,36,35,38,42,47,52,58,61,61,61,62,57,47,43,44,48,56,59,59,61,64,65,64,65,68,62,49,43,43,45,48,52,56,57,56,57,58,58,55,58,67,71,69,68,68,66,60,58,59,65,76,82,82,82,80,74,65,56,49,51,62,92,141,172,186,193,195,196,195,196,196,196,196,196,196,196,197,197,198,198,199,199,200,201,202,203,204,206,208,210,212,214,215,217,218,220,221,222,222,222,222,222,222,222,222,222,223,223,223,223
218,218,218,218,219,219,220,220,220,220,220,220,219,219,220,220,220,220,220,220,220,220,220,220,220,220,220,220,220,219,219,219,219,218,218,218,218,217,217,216,216,215,215,215,215,214,214,213,212,212,211,210,208,206,205,201,196,163,103,62,41,33,39,46,54,56,51,50,52,55,61,63,62,61,59,56,52,52,57,56,50,48,50,53,56,50,36,32,40,42,40,42,49,55,60,65,72,76,78,79,79,74,65,61,64,69,76,79,78,78,80,80,80,80,81,74,60,53,53,53,53,54,57,59,60,59,56,54,54,60,72,76,72,70,69,66,61,58,58,63,73,79,79,77,72,66,58,53,51,58,75,106,152,179,188,194,195,196,195,196,196,196,196,196,196,196,197,197,198,198,199,200,201,201,202,203,205,206,208,210,212,214,215,217,218,220,221,222,222,222,222,222,222,222,222,222,223,223,223,223
218,218,218,218,219,219,219,219,219,219,219,219,219,219,219,219,219,219,219,219,219,219,219,219,219,219,219,219,219,218,218,218,218,217,217,217,217,216,216,215,215,214,214,214,214,213,213,212,211,210,209,207,206,204,203,200,195,169,121,80,45,30,35,40,45,47,48,48,49,52,59,61,60,60,59,56,50,51,58,58,49,44,43,46,53,51,40,36,40,44,48,55,65,73,80,85,88,92,96,99,103,102,95,94,98,101,103,103,100,98,96,96,96,96,97,92,83,77,75,71,64,61,62,63,66,63,56,53,55,62,74,77,70,67,70,69,64,61,58,62,71,74,72,68,62,56,50,49,52,65,88,121,165,188,192,195,196,196,196,196,197,197,196,196,197,197,197,197,198,198,199,200,201,201,202,204,205,207,208,210,212,214,215,217,218,220,221,221,222,222,222,222,222,222,223,223,223,223,224,224
218,218,218,218,219,219,219,219,219,219,219,219,219,219,219,219,219,219,219,219,218,218,219,219,219,219,219,218,218,218,218,217,217,216,216,216,216,215,215,214,214,213,213,212,212,211,211,210,208,207,206,205,203,202,200,198,194,174,138,97,53,32,34,37,39,42,46,48,48,50,56,59,59,59,58,55,50,52,61,60,49,43,40,42,50,51,46,45,49,54,61,69,77,83,88,92,93,95,99,103,108,110,109,111,115,116,114,111,108,106,104,103,104,104,104,102,96,93,92,88,81,76,74,72,70,64,55,52,54,61,74,77,69,67,70,70,66,62,60,63,72,74,70,65,58,52,46,46,54,72,100,134,173,193,194,195,196,196,196,196,197,197,196,197,197,197,197,197,198,199,200,201,201,202,203,204,205,207,209,210,212,214,215,217,218,220,221,221,222,222,222,222,222,222,223,223,223,223,224,224
218,218,218,218,218,218,218,218,218,218,219,219,219,219,219,219,218,218,218,218,218,218,218,218,218,218,218,217,217,217,217,216,216,215,215,215,214,214,213,213,212,212,211,210,210,209,207,206,205,204,203,202,200,199,197,195,193,178,151,113,64,39,38,37,35,38,46,50,49,50,52,55,59,59,57,55,54,57,64,61,50,43,41,42,46,50,53,59,66,73,79,83,83,84,86,87,86,86,87,90,94,100,107,112,115,113,109,105,104,103,103,103,104,104,104,102,100,101,103,104,104,100,93,84,73,62,53,49,52,59,71,75,71,70,71,69,65,63,61,66,75,78,73,67,61,53,44,45,57,79,111,144,177,194,194,195,196,196,197,197,197,197,197,197,198,198,197,197,198,199,200,201,202,202,203,204,205,207,209,211,213,214,215,217,218,220,221,221,222,222,222,222,222,222,223,223,223,223,223,223
218,218,218,218,218,218,218,218,218,218,218,218,218,218,218,218,218,218,218,218,218,218,218,217,217,217,217,216,216,215,215,215,215,214,214,213,212,212,211,210,210,209,208,208,207,206,204,203,202,201,200,198,197,195,193,192,190,180,160,125,73,45,40,37,33,36,44,48,50,50,49,52,58,59,54,52,53,57,64,61,48,41,41,43,47,54,63,71,78,83,87,88,86,86,86,85,83,82,81,82,84,91,101,108,111,109,104,101,100,100,101,102,102,102,102,102,102,104,108,110,111,109,103,94,79,66,55,50,49,55,66,71,70,70,69,67,61,59,60,66,76,80,77,71,62,54,46,47,58,84,124,157,181,193,193,194,195,196,196,197,197,197,197,197,198,198,197,198,199,200,201,201,202,203,204,205,206,207,210,212,213,215,216,217,218,219,220,221,222,222,222,222,222,222,223,223,223,223,223,223
217,217,217,217,217,217,217,217,217,217,217,217,217,217,217,217,217,217,217,217,217,217,217,216,216,216,216,215,215,214,214,214,214,213,213,212,211,210,209,208,207,206,205,204,203,202,201,199,199,198,196,195,193,191,190,189,187,179,165,131,79,49,42,37,33,34,39,44,50,51,47,49,58,58,49,46,48,54,62,58,41,35,39,45,52,62,75,83,84,85,85,85,86,87,88,88,85,83,81,79,79,83,92,99,103,104,101,98,97,96,97,98,99,100,100,101,102,104,105,105,103,103,105,101,90,77,62,52,46,48,60,66,67,67,66,62,54,52,56,63,75,81,81,75,62,54,51,53,58,87,140,172,185,191,192,193,194,195,195,196,196,196,197,197,198,198,198,198,199,200,201,201,202,203,204,205,206,208,210,212,213,215,216,217,218,219,220,221,222,222,222,222,222,222,223,223,223,223,223,223
216,216,216,216,216,217,217,217,217,217,217,216,216,216,216,216,216,216,216,216,216,215,215,215,215,214,214,214,214,213,212,212,212,211,211,210,208,207,206,205,203,202,201,200,199,198,197,196,195,194,193,191,189,188,187,185,183,178,168,139,89,58,46,38,33,33,37,42,49,50,47,50,59,59,49,44,45,49,56,53,39,36,44,52,60,70,82,87,85,83,82,82,83,85,87,86,84,81,78,76,74,76,83,89,94,96,94,92,90,88,89,90,91,92,93,95,97,98,99,99,97,98,102,99,92,81,66,54,45,44,51,58,63,65,63,59,52,49,53,59,68,74,77,71,58,52,53,56,61,91,146,178,185,189,191,192,193,194,194,195,195,196,196,197,198,198,198,198,199,199,200,201,202,203,204,205,206,208,210,212,214,215,216,218,219,220,220,221,222,222,222,222,222,222,223,223,223,223,223,223
215,215,215,215,215,216,216,216,216,216,216,216,216,216,216,215,215,215,215,215,215,214,214,214,214,213,213,213,212,211,210,209,209,208,207,206,205,203,203,201,199,198,197,196,195,194,193,192,191,190,188,187,185,184,183,181,180,176,172,147,103,71,53,40,34,34,39,43,46,48,48,53,61,61,53,48,45,44,46,45,40,44,55,64,70,76,82,83,81,79,77,77,80,81,82,82,80,77,73,71,69,70,76,81,84,86,84,82,79,76,75,76,78,79,81,83,86,88,90,92,93,93,92,90,85,78,67,57,47,42,42,47,59,63,61,59,55,53,52,53,57,61,64,60,50,47,50,57,67,96,144,172,181,187,189,191,192,193,193,194,194,195,196,197,197,197,198,198,198,199,200,201,202,203,204,205,206,208,211,213,214,215,216,218,219,220,221,221,222,222,222,222,222,222,222,222,223,223,223,223
215,215,215,215,215,215,215,215,215,215,215,215,215,215,215,214,214,213,214,214,213,213,213,212,212,211,211,210,210,209,207,206,205,205,204,202,201,200,199,197,195,194,193,192,191,190,189,188,187,185,184,182,181,180,178,177,175,173,171,151,112,80,55,40,35,34,39,41,41,45,51,57,63,63,56,50,43,40,40,42,44,50,61,69,74,77,78,78,76,74,72,72,74,75,75,74,73,71,66,64,64,66,70,74,76,76,75,73,70,68,67,67,68,70,71,74,77,79,81,82,83,81,77,74,71,67,61,55,48,43,39,44,56,61,58,56,56,54,52,52,52,54,58,56,48,46,49,61,82,111,148,171,179,185,187,189,191,192,192,193,193,194,195,196,196,197,197,198,198,199,200,201,202,203,204,206,207,209,211,213,214,216,217,218,219,220,221,221,222,222,222,222,222,222,222,222,223,223,223,223
214,214,214,214,214,214,214,214,214,214,214,214,214,214,213,213,212,212,212,212,212,212,211,210,210,209,208,207,206,205,204,203,202,201,200,198,197,196,194,193,191,190,189,188,187,186,185,183,182,180,179,178,176,175,173,172,170,169,167,150,115,83,52,36,35,35,37,37,35,41,56,64,65,63,58,50,40,36,39,43,50,56,63,68,72,73,71,70,70,69,67,66,66,66,65,64,65,62,57,56,59,62,66,68,68,67,65,64,65,65,63,62,62,63,64,66,69,70,70,70,68,63,57,52,49,48,49,49,47,46,43,46,56,58,54,52,53,54,54,54,53,55,58,57,53,50,49,67,104,134,158,173,179,183,185,187,189,190,191,191,192,193,193,194,195,195,197,197,198,199,200,201,202,203,204,206,208,209,211,213,214,216,217,218,219,220,220,221,221,221,222,222,223,223,223,223,223,223,223,223
213,213,213,213,213,213,213,213,212,212,212,212,212,212,212,211,211,210,210,210,210,209,209,208,207,206,205,204,203,201,200,199,197,196,195,194,193,192,190,188,186,185,184,183,181,180,179,177,175,174,172,169,166,164,163,162,162,160,156,139,108,79,51,36,35,35,38,38,35,43,60,67,64,60,56,49,38,35,40,45,52,56,58,60,62,62,60,59,61,61,60,59,58,58,59,60,60,58,54,54,58,62,64,65,63,62,60,61,63,64,63,62,62,63,64,66,68,68,67,64,58,53,48,45,45,46,48,49,48,46,45,47,51,51,48,47,47,49,53,54,52,54,58,58,55,54,55,77,120,149,164,174,178,181,183,184,186,187,188,189,190,191,192,192,193,194,196,197,197,199,200,201,202,204,205,206,208,210,212,213,215,216,217,218,219,220,220,220,221,221,222,222,223,223,223,223,223,223,223,223
212,212,212,212,212,212,211,211,211,211,211,211,211,211,210,210,209,209,208,208,207,206,205,204,203,202,201,200,199,197,195,194,193,192,191,190,188,187,185,183,182,180,179,177,175,173,172,170,168,166,163,158,150,146,147,148,151,147,138,119,91,69,53,42,35,35,42,45,42,49,64,67,59,53,50,45,38,37,44,48,49,49,46,44,43,43,43,45,48,50,49,49,48,51,57,60,60,58,56,57,61,64,66,65,62,61,61,62,64,66,66,67,68,70,73,74,75,74,71,64,54,49,49,52,57,60,58,55,48,45,46,45,42,41,42,40,36,39,48,52,50,51,57,58,56,59,69,93,131,156,166,173,176,178,179,181,182,184,185,186,187,188,189,190,191,193,194,195,197,198,200,201,202,204,205,206,209,211,212,214,215,216,217,218,219,220,220,220,221,221,222,222,222,222,222,222,223,223,223,223
210,210,210,210,210,210,209,209,209,209,209,209,209,208,208,207,207,206,206,205,204,203,201,200,199,198,197,196,194,193,191,189,188,187,186,185,183,181,179,178,176,174,172,170,167,164,162,161,161,158,154,148,142,141,143,145,148,138,116,97,80,66,55,45,36,36,45,49,48,51,59,60,54,50,48,44,38,37,43,46,46,45,43,40,37,36,37,39,42,45,46,47,48,52,61,65,63,62,61,62,66,69,70,69,66,65,66,68,69,71,72,74,75,77,80,81,80,78,74,68,60,58,62,66,72,72,68,61,51,46,46,42,37,35,36,36,33,37,48,52,49,50,55,56,53,62,81,108,141,161,167,171,173,175,176,177,179,180,182,183,184,185,187,188,189,191,192,194,195,197,199,200,202,203,205,207,209,211,213,214,215,216,217,218,219,220,220,220,221,221,222,222,222,222,222,222,223,223,223,223
209,209,209,209,208,208,208,208,207,207,206,206,206,205,204,204,204,203,202,201,200,199,197,196,195,194,193,191,189,188,186,185,183,182,180,179,178,176,174,172,169,167,164,161,156,152,150,151,154,152,144,141,143,147,152,154,153,132,92,74,77,71,56,45,39,39,46,51,52,51,46,45,48,49,48,44,38,35,37,40,42,44,47,47,44,42,41,41,43,46,51,55,57,62,70,73,70,69,69,71,74,76,77,76,74,74,75,77,78,80,82,83,83,84,86,86,84,81,76,74,74,78,86,89,87,83,76,67,57,49,44,40,35,33,32,33,37,43,52,54,51,51,53,52,48,61,92,121,149,164,166,168,170,172,173,174,176,177,179,180,181,182,184,185,187,189,190,191,194,196,198,199,201,203,205,207,210,212,213,214,215,216,217,218,219,220,220,220,221,222,222,222,222,222,222,222,222,222,222,222
207,207,207,207,206,206,206,205,205,205,204,204,203,202,201,201,200,200,199,198,197,195,193,192,190,189,188,186,184,182,181,179,177,175,173,171,169,168,167,165,162,160,158,155,150,146,145,146,151,148,138,137,146,153,158,159,154,127,77,58,70,69,56,47,42,42,47,51,54,49,38,37,45,47,45,42,38,35,35,37,41,45,51,53,53,51,50,49,49,51,56,60,63,68,75,78,76,75,76,79,82,83,82,81,80,81,84,87,88,89,90,91,90,90,90,89,87,85,84,85,90,95,99,99,94,87,79,70,60,51,43,38,34,31,28,30,37,45,52,54,50,49,50,50,50,68,105,133,153,163,164,165,167,169,170,171,173,174,176,177,178,179,181,182,184,186,187,189,191,193,195,197,199,202,204,207,209,211,213,214,215,216,217,218,219,220,220,220,221,222,222,222,222,222,222,222,222,222,222,222
205,205,204,204,204,203,203,202,202,202,202,202,201,200,199,198,197,196,195,194,193,191,190,188,186,184,183,181,179,177,175,173,170,167,164,161,159,157,156,155,154,153,155,153,149,147,146,147,150,146,136,138,151,159,162,159,151,121,70,50,60,62,56,51,45,44,48,51,52,47,36,35,43,45,39,37,38,38,36,38,44,49,55,60,62,63,64,63,60,60,61,63,66,70,75,78,80,81,84,86,89,89,87,85,84,86,93,97,98,98,97,96,95,94,92,90,89,91,96,101,106,107,103,98,92,85,78,70,60,51,43,37,33,30,26,27,33,41,49,51,46,44,44,49,59,82,119,143,154,160,161,162,164,166,167,169,170,171,172,173,174,176,177,179,181,182,184,185,187,189,192,194,196,199,202,205,208,210,211,212,214,215,216,217,218,219,219,220,220,221,221,221,222,222,222,222,222,222,222,222
203,203,202,202,201,201,200,200,200,200,200,199,198,197,196,195,194,192,191,190,188,187,185,183,181,179,176,173,171,169,167,165,163,160,157,154,152,150,150,150,149,150,152,151,148,147,148,149,150,145,136,139,155,163,164,160,150,119,67,45,53,58,59,57,53,51,51,52,52,47,38,37,44,45,38,36,38,39,39,41,45,50,57,62,66,70,72,71,69,67,67,68,71,74,77,80,83,86,89,92,95,95,92,90,90,93,100,104,105,104,103,102,100,99,97,96,96,98,104,107,110,108,101,96,90,85,79,72,63,54,46,41,37,32,26,26,32,39,45,47,43,43,45,54,70,95,130,151,158,161,161,162,164,165,166,166,167,168,169,170,171,172,174,176,178,179,181,182,184,186,188,190,193,196,199,203,206,208,209,211,212,214,215,216,217,218,219,219,220,220,221,221,222,222,222,222,222,222,222,222
200,200,200,199,199,199,198,197,197,197,197,196,194,193,192,191,190,188,187,186,184,182,180,178,175,172,168,164,162,160,158,157,156,154,151,149,148,147,148,149,148,149,150,149,147,147,149,150,150,146,137,141,156,165,165,161,153,121,67,44,50,57,65,67,64,61,57,54,53,50,44,43,48,47,42,39,37,38,42,44,44,48,55,61,67,71,73,74,74,74,75,76,77,79,81,83,85,88,93,97,99,99,98,98,98,101,107,109,109,108,108,107,105,104,104,105,107,108,107,105,100,97,96,93,90,86,82,76,68,60,52,48,46,39,29,27,34,39,41,42,42,46,54,66,82,107,139,159,165,167,164,164,166,167,165,164,163,164,165,167,168,170,171,173,175,176,178,179,181,183,185,187,189,192,195,199,202,204,206,208,211,212,214,215,217,218,218,219,219,220,220,221,221,221,222,222,221,221,221,221
198,198,197,197,197,196,195,195,194,194,194,193,191,190,189,188,186,185,183,181,178,175,172,170,167,164,161,158,155,154,153,152,153,152,148,146,145,145,148,149,149,149,149,148,147,147,150,151,151,147,139,142,158,166,166,163,157,126,70,45,49,56,66,71,73,70,63,58,57,54,50,49,51,50,46,42,39,39,43,44,43,46,54,61,66,70,72,74,75,77,79,80,81,82,83,85,87,91,96,100,102,103,103,104,104,106,108,109,109,108,108,108,107,106,105,105,106,105,101,97,92,90,91,91,89,87,85,80,73,66,58,52,49,43,32,31,40,44,44,44,46,52,62,76,94,116,142,160,170,173,169,168,169,169,168,166,164,163,163,164,166,167,168,169,171,173,175,176,178,179,181,184,186,188,192,195,197,200,202,205,207,210,212,214,215,217,217,218,218,219,219,220,220,221,221,221,221,221,221,221
195,195,195,194,194,193,193,192,192,192,191,190,188,187,185,184,183,181,178,174,170,166,162,159,158,156,155,153,152,151,150,151,154,153,148,145,143,145,148,150,151,150,148,147,146,147,150,151,151,148,140,144,160,168,168,166,162,132,76,48,50,54,62,70,79,79,70,64,63,61,57,55,54,53,50,46,43,42,43,42,40,44,53,60,65,68,69,70,73,76,79,81,83,84,84,86,89,93,98,102,103,105,107,108,107,106,106,105,105,105,105,105,104,103,100,96,92,89,86,84,84,85,88,89,88,87,86,83,79,72,62,54,49,43,36,39,50,55,53,53,56,61,70,84,105,124,140,156,172,178,174,172,173,173,174,173,168,164,162,162,163,164,165,166,168,170,172,173,174,176,178,181,183,185,188,191,193,195,197,200,203,206,209,211,214,215,216,217,217,218,219,219,219,220,220,220,220,220,220,220
193,192,192,191,191,190,190,189,189,189,188,187,185,183,181,179,177,173,168,163,158,155,153,152,152,152,153,152,150,149,149,151,155,154,148,144,143,144,149,152,152,151,149,147,146,147,150,152,153,149,140,144,161,170,169,168,167,139,86,57,52,53,59,69,81,83,74,69,69,69,69,66,59,55,56,55,54,50,45,41,38,41,51,58,63,66,67,68,70,73,76,78,79,81,82,84,87,91,95,98,99,100,101,101,100,99,96,95,95,95,96,95,95,93,89,85,82,79,77,77,79,82,85,86,85,84,84,82,81,75,64,56,51,46,42,45,56,60,58,59,64,71,80,97,122,137,142,154,171,179,178,176,174,174,176,175,171,168,165,164,165,166,166,166,167,168,169,170,171,173,175,178,180,182,185,187,189,191,193,196,199,202,205,208,211,212,214,215,216,217,218,218,218,219,219,219,219,220,220,220
190,190,189,188,188,187,187,186,185,185,184,183,182,179,175,172,169,163,153,147,144,143,146,148,150,152,154,153,150,149,150,152,157,156,149,145,142,144,149,152,153,152,149,147,146,147,151,154,156,151,141,145,162,171,171,170,170,146,100,70,56,52,58,68,81,83,75,72,75,80,86,81,64,58,65,69,70,64,50,41,37,39,48,55,61,64,66,67,67,68,69,70,71,74,77,80,82,85,88,89,90,88,86,84,84,82,80,79,79,80,79,79,78,76,72,72,75,76,75,75,77,79,82,82,80,79,77,77,79,75,65,59,57,54,50,51,56,59,59,63,71,81,93,114,143,155,148,152,167,177,181,179,172,170,173,174,173,172,171,170,171,172,171,170,168,166,166,166,168,170,172,175,177,180,182,184,186,188,190,193,195,198,201,204,206,208,210,212,213,215,216,216,217,218,218,218,218,219,219,219
188,187,186,185,184,184,183,181,179,177,176,174,172,169,165,163,163,156,144,137,134,136,142,146,149,152,154,154,151,150,151,153,159,158,150,146,143,144,150,153,153,152,149,147,146,147,152,156,158,154,143,146,162,171,172,173,172,154,118,86,60,50,57,66,80,84,80,79,82,88,96,91,70,66,76,81,80,72,56,45,38,39,46,53,58,62,64,65,66,67,67,67,67,69,73,75,75,76,77,78,77,75,72,70,70,69,68,67,67,67,67,67,67,66,64,66,71,73,73,73,75,77,79,80,78,76,75,75,79,76,66,61,61,61,59,60,64,66,66,72,82,95,110,132,159,166,154,153,165,174,181,180,171,169,171,173,174,174,173,174,175,175,173,171,170,168,166,166,167,168,170,172,174,177,179,181,183,185,188,190,192,194,198,200,202,204,206,208,210,211,212,214,215,216,217,217,217,218,218,218
185,185,184,182,181,179,178,174,170,166,162,159,155,153,152,153,157,153,140,132,131,133,141,146,148,151,153,154,152,152,152,155,161,160,152,147,145,146,150,153,154,152,149,147,146,148,153,157,160,157,147,148,161,170,174,176,175,162,138,106,66,49,54,64,78,86,89,90,90,93,101,96,79,77,89,91,82,73,63,53,44,41,46,51,55,59,62,64,67,69,70,69,67,68,70,70,66,64,64,63,61,59,58,58,59,60,60,60,59,58,58,60,63,65,65,67,71,72,72,72,72,74,78,79,77,77,77,78,80,77,68,64,66,67,69,73,78,80,80,85,97,112,132,151,169,172,158,156,165,172,179,178,171,169,171,172,173,173,173,174,176,175,172,172,173,173,169,168,168,168,168,169,171,174,176,178,180,183,185,187,189,191,194,197,198,200,201,203,205,207,208,210,212,213,214,215,216,216,217,217
179,178,176,174,172,170,168,164,159,154,151,148,144,143,143,147,154,151,137,129,128,131,139,144,147,150,153,153,153,153,153,156,162,161,154,149,146,147,152,154,155,153,150,147,146,148,153,158,162,160,152,152,159,167,175,178,177,169,155,124,76,53,55,62,72,81,90,96,99,103,107,103,90,88,95,94,85,75,64,55,48,45,47,50,55,59,61,64,67,70,72,71,68,67,69,68,64,62,61,59,57,56,56,57,58,59,60,60,59,58,57,59,62,64,66,68,71,72,72,72,71,73,77,78,75,74,77,79,81,79,72,72,78,82,84,87,92,96,97,102,111,127,149,166,177,176,163,159,165,171,177,177,171,169,171,172,172,172,173,175,177,176,173,172,174,174,174,173,172,171,171,171,172,173,173,175,177,179,182,184,185,187,191,193,195,196,198,200,202,203,205,206,208,210,211,212,213,214,214,215
168,167,164,161,158,155,153,150,146,144,143,141,139,138,140,145,153,150,135,127,126,129,137,142,146,150,152,153,153,154,154,157,163,162,155,151,148,149,153,156,156,154,150,148,147,149,154,159,164,164,159,157,156,162,175,180,178,174,168,140,90,63,59,59,62,69,82,95,108,115,116,112,104,98,94,91,88,78,61,53,52,50,47,50,57,61,62,64,67,70,72,72,68,67,68,69,70,69,68,67,66,66,66,66,66,67,69,69,67,65,64,63,64,65,66,68,72,73,72,72,72,74,78,77,70,70,75,79,81,81,80,86,99,105,103,104,107,112,118,123,126,139,162,177,182,179,167,163,165,170,176,177,171,170,171,172,171,172,174,176,178,178,176,173,170,172,179,182,180,178,178,177,176,174,172,172,174,176,177,179,181,183,187,190,192,193,195,197,199,201,202,203,204,206,207,208,209,210,211,212
159,158,155,152,149,146,144,142,139,138,138,137,136,136,138,143,152,149,133,125,125,128,135,140,145,149,151,153,154,154,155,158,163,163,157,153,150,151,155,157,158,156,150,147,147,149,154,159,165,167,165,160,154,159,174,181,180,178,176,154,111,82,65,57,57,62,74,87,103,113,118,117,111,103,94,90,91,84,68,58,55,54,53,55,59,61,59,61,65,68,71,71,67,67,69,71,73,73,72,72,72,72,73,73,73,74,75,75,73,71,69,68,67,68,69,71,73,74,74,74,73,74,77,74,66,65,71,76,80,82,80,88,107,114,110,110,115,122,129,132,132,144,170,184,187,182,169,164,166,170,176,177,172,171,171,171,171,172,174,176,179,179,178,175,168,170,181,185,182,181,182,182,180,177,174,172,172,172,174,175,177,180,184,186,188,190,192,194,196,198,199,200,201,203,204,205,206,207,208,209
152,151,148,146,144,142,141,140,138,137,137,136,135,135,138,143,152,148,132,124,124,127,133,138,143,147,150,152,154,155,156,159,164,164,159,155,152,153,157,159,160,157,150,146,146,149,153,158,164,167,168,163,152,155,173,182,181,180,178,164,139,109,72,55,57,60,64,71,82,96,113,118,110,102,93,91,96,94,85,73,58,56,65,67,61,56,54,55,60,64,67,68,66,67,70,73,74,73,72,73,74,76,77,78,79,79,79,78,76,74,73,72,73,74,74,74,74,74,77,77,74,73,72,69,63,61,65,71,80,80,72,80,103,111,104,106,118,126,130,131,129,142,172,188,191,184,169,163,166,171,176,177,174,172,171,171,171,172,174,177,180,182,181,177,168,169,180,184,180,180,184,185,184,182,179,175,171,170,171,172,174,176,179,182,184,186,189,191,193,195,196,197,199,201,202,203,203,204,205,206
147,146,145,143,142,141,140,139,138,137,137,136,135,136,138,144,152,148,132,124,123,126,132,137,142,146,148,151,154,156,157,159,163,164,161,158,154,154,158,161,163,159,151,146,146,148,153,158,163,167,171,166,153,154,170,179,182,182,180,173,160,132,87,62,59,58,58,61,67,81,105,116,112,106,97,96,103,101,91,78,64,63,75,75,63,56,52,53,59,62,64,65,65,67,71,73,73,73,73,73,75,77,79,81,81,82,82,81,80,78,77,76,77,78,77,76,75,76,80,79,73,70,68,66,63,64,69,75,82,83,79,88,108,113,103,105,119,124,122,122,126,143,173,190,194,186,168,162,168,173,177,178,175,173,171,171,172,173,175,177,181,183,184,179,169,168,177,181,179,180,185,187,186,184,182,178,173,170,169,169,170,172,175,178,180,183,185,187,189,191,192,194,196,198,200,201,201,201,202,203
146,145,144,143,142,141,140,139,138,138,137,136,136,137,139,144,153,148,132,123,123,126,131,136,141,144,148,151,154,156,157,159,163,164,163,160,156,155,159,162,165,161,152,146,146,148,153,158,161,166,172,170,158,156,164,172,181,185,182,179,174,151,108,79,64,56,56,57,58,70,94,109,116,114,103,103,112,106,86,75,72,75,84,81,67,58,56,56,60,61,61,62,65,68,72,73,72,72,73,74,74,76,78,80,81,83,85,86,85,84,81,79,80,79,78,77,77,79,83,80,71,66,65,65,67,73,83,87,86,91,101,112,123,121,106,105,117,116,103,105,123,146,175,192,196,188,167,161,169,176,180,179,175,172,171,171,172,174,175,178,181,184,186,182,172,169,174,177,178,182,187,188,185,183,183,181,178,174,168,165,164,166,171,174,177,179,180,182,184,186,188,190,191,194,196,198,198,198,200,200
145,145,144,143,142,141,140,139,138,138,137,137,136,137,140,145,153,148,131,123,123,126,131,136,140,144,147,151,154,157,158,160,163,165,165,163,157,156,159,163,166,163,153,147,145,148,153,158,161,166,173,172,162,157,158,166,180,186,184,183,182,165,132,102,73,58,56,55,54,64,83,99,112,115,110,110,115,107,85,76,79,83,89,85,71,63,62,61,60,59,58,60,64,67,71,72,70,70,71,72,73,74,77,78,79,80,84,85,85,84,82,82,83,83,81,80,78,79,83,80,72,68,68,70,75,84,96,101,98,104,119,129,134,127,109,104,112,107,89,96,127,155,179,193,197,188,166,161,173,181,183,181,175,171,171,171,173,174,176,179,182,185,187,183,175,170,170,172,178,183,188,188,184,183,184,183,180,176,171,167,164,164,165,167,170,173,176,178,180,182,184,185,187,189,192,194,194,195,197,198
146,145,144,143,142,141,140,139,139,138,137,137,137,138,141,146,153,148,130,122,122,125,131,136,139,143,147,151,155,157,159,161,163,166,167,165,159,157,160,163,167,164,154,147,145,147,153,158,161,166,174,174,165,158,153,159,178,187,187,185,183,175,161,131,86,61,58,56,55,61,74,87,100,110,116,117,113,103,86,80,85,88,91,86,74,69,71,67,58,55,56,59,61,64,68,69,67,67,68,69,70,72,75,76,75,75,77,78,78,79,80,83,87,89,88,85,80,78,80,79,76,75,77,81,87,97,110,117,117,122,132,138,139,130,111,102,104,96,79,93,139,170,186,195,198,188,164,161,179,188,186,182,175,171,171,172,174,176,178,180,183,185,187,184,178,172,166,168,178,185,188,188,185,184,184,183,180,179,178,175,169,164,159,157,159,164,171,176,177,179,180,181,182,184,187,189,190,192,194,195
147,146,145,144,142,141,140,139,139,139,138,138,138,140,144,148,153,147,129,121,122,125,131,136,140,143,147,151,155,158,159,162,164,167,169,167,161,158,160,163,168,165,155,148,145,146,153,158,161,166,173,174,167,160,151,155,172,183,187,187,185,182,178,154,109,79,64,56,56,59,67,76,88,100,113,118,113,106,95,89,90,90,91,87,79,75,75,70,59,54,56,58,60,62,65,66,65,65,65,66,68,71,74,75,72,71,71,71,71,72,74,79,85,87,86,82,76,74,77,79,80,81,80,85,95,105,114,120,121,127,137,142,142,131,108,96,93,88,80,100,150,180,192,197,197,186,163,163,185,193,187,181,175,172,171,172,175,177,179,181,184,186,187,186,182,175,165,165,177,184,187,188,185,184,184,183,179,178,180,178,172,164,156,153,153,157,165,170,173,175,177,178,178,180,182,183,185,187,189,190
148,147,146,145,143,141,141,140,140,139,139,139,139,141,147,150,153,145,129,121,123,126,132,137,140,144,147,151,154,157,160,162,165,168,172,170,163,160,160,163,168,166,156,149,143,144,152,158,162,167,172,173,169,162,152,153,164,174,184,189,187,185,183,169,144,112,74,55,55,57,63,69,74,85,103,113,116,115,110,103,95,90,89,87,84,80,74,68,61,57,58,58,59,60,61,63,64,65,64,65,67,71,75,75,71,67,65,64,62,62,64,68,75,78,76,72,67,68,75,80,85,84,78,82,98,107,110,111,111,119,135,143,142,128,100,84,81,83,91,116,159,186,197,200,194,181,162,165,191,198,186,179,177,174,171,172,176,179,180,182,184,186,187,187,187,180,166,164,173,180,186,187,184,183,184,181,175,174,178,178,172,165,159,154,152,152,155,160,166,171,175,176,176,176,176,177,178,180,182,183
149,148,147,146,143,142,142,141,141,140,140,139,140,143,150,153,152,143,128,121,123,127,133,137,141,144,148,151,154,157,160,162,164,168,173,172,167,163,162,163,169,166,157,149,142,143,151,158,163,167,172,173,170,164,154,152,157,167,181,188,189,188,187,180,167,140,98,71,60,56,59,61,64,72,88,99,105,109,109,105,96,90,85,84,85,81,73,67,63,60,58,58,59,58,57,58,62,64,65,66,69,71,72,71,68,65,62,60,58,57,56,59,67,69,67,63,60,62,71,79,86,86,79,84,100,108,108,108,108,117,133,138,133,117,92,76,71,81,106,136,169,191,201,200,187,175,163,169,194,199,184,177,177,175,172,172,177,179,181,182,184,186,188,189,189,182,168,163,168,175,185,187,183,182,182,179,172,171,176,176,170,165,159,154,151,150,151,154,161,167,170,172,173,173,172,171,170,170,171,172
150,149,149,147,144,142,143,143,142,141,140,140,141,145,153,155,150,141,126,121,124,128,134,139,142,145,148,151,154,157,160,162,164,167,173,174,171,168,164,165,169,167,157,148,141,141,150,157,163,168,172,173,172,167,157,152,153,162,177,186,189,190,188,185,180,163,135,105,72,55,54,54,57,62,69,76,83,89,94,96,94,88,78,76,82,80,70,65,64,62,59,58,58,56,50,51,57,63,67,71,72,71,66,64,64,63,60,59,58,56,51,53,59,62,59,57,55,58,66,75,83,86,85,91,103,109,110,111,114,121,131,128,114,99,82,71,65,84,127,159,180,194,203,197,177,167,166,176,197,199,182,175,176,175,173,173,177,179,181,183,185,187,188,189,191,184,168,161,163,170,183,187,182,180,180,176,170,169,173,173,168,162,156,152,151,150,151,153,158,161,163,165,170,171,170,167,162,158,157,156
151,150,150,148,144,143,144,144,143,142,141,141,142,148,157,157,149,138,126,121,125,129,135,140,143,146,149,152,154,157,160,162,163,167,173,175,175,172,167,167,170,167,158,149,140,140,148,156,163,168,172,174,174,168,158,153,152,158,170,180,188,191,190,188,187,178,162,135,97,72,58,51,53,55,59,63,68,74,82,89,94,90,78,75,83,82,73,69,70,67,63,60,58,55,50,50,57,63,68,71,72,69,63,60,60,60,58,58,61,59,53,52,56,58,57,56,56,60,68,75,82,86,87,92,101,107,109,113,120,125,128,119,100,84,73,69,72,98,145,175,188,197,203,194,169,161,168,181,198,198,182,174,175,175,174,175,177,179,181,183,185,187,189,190,191,185,170,161,159,166,182,187,182,179,177,174,169,168,171,170,166,161,155,152,150,150,150,152,156,157,158,160,165,167,167,165,160,155,152,151
152,152,151,149,145,143,145,145,144,143,142,142,144,150,161,160,148,137,125,122,126,130,136,140,143,146,150,152,154,157,160,162,164,167,172,175,177,175,171,170,171,168,160,151,141,140,148,155,162,168,173,175,174,169,159,154,154,157,163,172,184,191,191,191,188,184,178,162,135,105,71,53,51,53,58,60,61,65,74,84,95,95,84,82,89,89,82,79,79,76,70,64,59,56,56,57,60,63,66,67,66,65,64,61,57,55,55,59,67,68,61,58,58,58,60,61,63,67,75,80,83,84,83,87,95,101,105,113,125,129,124,111,90,74,63,69,92,123,162,186,194,199,200,189,163,157,170,183,197,197,182,175,173,174,176,177,177,178,180,183,185,188,189,190,191,185,172,162,157,163,180,187,182,178,176,173,170,168,169,167,164,160,155,152,150,149,149,151,154,156,156,157,159,162,164,165,164,161,157,156
153,153,152,149,145,144,145,146,145,144,143,144,146,152,163,161,147,135,125,122,126,131,137,141,144,147,151,153,154,157,160,162,164,167,171,175,178,177,174,173,173,169,162,153,142,140,147,154,162,168,174,176,175,169,159,154,155,156,159,167,179,187,191,192,190,189,188,179,162,135,98,73,59,54,58,59,57,62,72,82,92,94,89,88,93,92,88,85,84,81,76,69,60,57,60,61,62,62,63,63,63,63,64,62,58,55,53,58,70,73,66,62,60,61,64,67,68,72,78,83,86,86,84,86,94,101,107,115,127,126,113,97,78,67,63,79,116,148,176,193,199,199,194,181,159,157,172,186,197,196,183,175,172,173,177,178,177,177,179,182,186,188,190,191,192,186,173,163,156,160,177,184,182,179,175,172,170,168,167,165,163,159,155,152,150,149,148,150,153,154,154,155,155,158,161,163,164,163,160,159
154,153,152,150,145,144,145,146,146,146,145,146,148,154,164,161,145,132,124,121,126,131,137,142,144,148,151,153,154,157,160,162,165,167,170,173,177,178,177,176,175,171,163,154,144,141,146,152,160,168,174,177,176,170,159,154,155,157,160,165,171,179,188,193,193,192,190,186,179,163,138,109,76,60,60,60,58,63,75,82,83,87,92,94,94,93,91,89,85,82,81,74,61,57,61,62,60,59,58,59,62,64,64,63,61,58,52,56,69,73,67,64,64,66,70,72,73,75,78,83,91,92,88,89,97,105,113,120,126,118,96,79,65,63,74,101,144,172,187,197,202,197,183,170,158,160,176,188,198,196,183,175,171,172,176,178,176,176,178,181,186,190,192,193,193,187,175,164,156,158,171,179,181,179,175,171,169,167,165,163,161,159,155,152,150,148,149,150,152,153,153,153,153,155,157,159,161,162,160,160
154,154,153,150,146,144,145,146,147,147,147,148,151,157,165,161,143,131,123,122,126,132,138,143,145,148,151,153,154,156,159,162,164,167,169,172,176,179,179,178,177,172,164,155,145,141,145,151,159,167,175,178,177,171,160,155,154,156,160,163,167,173,183,190,193,194,193,191,189,181,166,142,107,84,73,64,59,62,72,78,79,85,95,99,97,97,98,96,90,88,88,82,68,61,63,63,60,58,56,58,65,67,64,62,63,60,53,55,66,70,66,65,66,70,75,78,77,77,78,84,95,98,92,93,101,108,113,116,117,105,82,67,61,72,98,129,166,188,195,200,201,192,173,162,157,163,178,190,198,196,183,175,170,171,176,177,176,176,177,180,186,190,193,194,194,188,175,165,156,156,166,174,180,180,175,171,169,166,164,161,160,158,155,153,150,149,149,149,151,152,152,152,152,153,154,156,158,160,160,160
155,154,153,151,146,144,145,146,148,148,148,150,155,160,166,160,142,130,123,122,127,132,139,144,146,149,151,153,154,156,158,161,163,166,168,171,175,179,181,181,179,174,166,156,146,142,144,150,159,167,175,178,177,172,161,155,153,154,159,163,165,170,176,183,190,194,195,194,192,188,182,170,152,127,95,73,60,57,62,69,80,90,99,103,102,103,107,106,100,97,99,93,79,70,66,64,61,59,55,59,70,72,63,60,62,61,56,56,60,63,63,64,67,72,80,83,81,79,78,85,99,103,97,98,105,109,108,105,99,87,69,63,69,93,135,164,182,194,201,202,196,184,165,156,157,165,180,191,198,195,183,174,169,169,175,178,177,177,177,180,186,191,194,195,194,187,176,165,157,156,162,170,180,182,176,172,169,166,162,160,158,156,155,153,151,149,148,148,150,152,152,153,152,152,152,153,155,157,159,159
156,155,153,151,146,144,145,146,148,149,150,153,158,163,166,159,141,129,123,123,128,133,140,145,147,149,151,153,154,156,158,160,162,164,166,170,174,178,182,183,181,175,167,157,147,142,144,149,158,166,174,178,178,173,163,156,151,152,158,162,165,168,172,177,185,191,195,196,194,193,191,186,179,159,127,101,82,69,63,65,75,84,92,97,98,104,113,113,103,100,103,99,87,78,72,66,62,60,59,63,72,72,61,59,64,64,60,58,59,61,66,68,68,72,80,82,80,79,79,88,105,112,107,104,104,101,95,88,80,72,65,72,93,123,162,186,193,199,203,199,187,174,160,154,158,168,182,193,198,195,182,173,167,168,175,178,178,177,176,179,186,191,194,195,194,187,175,165,157,155,159,167,179,182,176,172,168,165,161,158,156,155,154,153,151,150,148,148,150,152,153,153,152,152,151,152,153,155,157,159
157,155,153,150,146,144,145,146,148,150,151,155,161,165,166,158,140,128,123,124,129,135,142,146,148,150,151,153,154,155,157,159,161,163,165,168,173,177,182,184,182,177,167,158,147,142,143,147,156,165,173,178,180,175,165,156,151,151,157,162,166,168,170,173,177,184,192,196,196,195,193,190,187,180,168,150,125,100,75,63,65,68,73,79,86,98,116,117,102,96,100,99,93,87,79,71,63,61,66,69,71,67,58,59,68,70,65,62,61,65,74,76,71,70,74,76,75,76,79,92,114,125,123,114,97,84,75,67,59,60,70,94,133,162,180,193,200,203,203,193,174,163,158,157,161,170,184,194,199,195,181,171,167,168,175,178,178,177,176,179,186,191,195,196,193,186,174,164,156,153,155,164,178,182,176,171,168,164,160,157,155,154,153,153,152,150,148,148,150,152,153,153,152,152,151,151,152,154,156,158
158,156,154,150,145,144,145,146,148,150,151,156,164,167,166,156,139,128,123,124,131,137,143,148,150,151,152,153,154,155,156,158,161,163,164,167,171,176,182,185,184,178,168,158,148,142,142,146,155,164,172,178,181,178,168,159,152,150,155,160,165,168,170,171,173,179,187,193,196,197,195,194,193,192,190,179,157,133,106,87,76,70,67,69,76,89,108,112,101,97,99,100,98,94,88,80,69,64,66,68,68,64,58,59,67,69,64,61,60,66,78,81,73,71,74,75,75,77,82,94,114,123,120,107,84,68,60,57,60,74,97,127,164,186,193,199,204,203,196,184,166,157,158,160,164,173,186,196,200,195,180,171,167,168,174,177,177,177,176,179,185,190,195,196,193,186,174,164,156,153,153,161,177,182,176,171,167,164,160,157,154,153,153,153,152,151,149,148,150,151,153,153,152,152,151,151,152,153,155,156
159,157,154,150,145,144,145,147,148,150,152,157,166,168,165,155,138,127,124,125,132,138,144,149,151,152,152,153,154,155,156,158,160,162,164,166,170,175,183,186,186,180,169,159,149,143,142,145,154,162,172,178,182,180,172,164,154,151,153,157,163,168,171,173,173,175,179,185,194,198,197,196,195,194,193,188,179,168,156,136,110,89,72,64,67,75,90,99,102,103,101,100,100,100,98,92,79,69,61,59,63,63,59,58,60,60,57,55,56,64,79,83,76,74,78,80,81,84,88,95,105,106,99,85,65,53,48,58,83,113,146,170,185,195,200,204,206,199,184,171,161,157,159,162,167,176,189,198,201,195,180,171,167,168,173,176,176,176,177,180,184,189,194,195,193,185,173,164,156,153,152,160,176,181,176,171,167,163,159,156,155,153,153,152,152,151,149,149,149,150,151,152,152,152,152,152,152,153,154,155
159,158,154,150,146,144,145,147,149,151,153,159,168,170,164,152,136,127,124,126,133,140,146,150,152,153,153,154,155,156,157,158,160,162,163,166,169,174,182,186,187,182,170,160,150,144,142,145,153,161,171,178,183,182,175,167,157,152,152,155,161,166,171,174,174,175,176,180,188,193,196,197,197,196,195,193,191,188,184,169,143,120,99,85,77,75,79,86,96,99,95,93,94,97,100,96,85,74,62,58,62,64,62,63,64,64,62,61,61,67,81,85,82,82,85,85,83,83,83,85,88,86,78,69,59,59,68,88,119,149,178,195,199,202,206,205,202,192,175,164,159,158,161,165,170,179,192,200,202,196,181,172,168,168,172,175,175,176,178,180,184,188,193,195,192,185,173,164,157,153,152,158,173,179,176,172,167,163,159,157,155,154,153,152,152,151,150,149,149,150,151,151,152,152,152,152,152,153,154,154
160,158,154,150,146,144,145,147,149,152,155,162,171,172,162,150,134,126,124,127,135,141,148,152,153,153,153,154,155,156,157,158,159,161,163,165,168,173,180,185,187,183,171,161,151,145,142,145,152,161,171,178,183,182,177,169,160,154,151,152,159,165,170,174,176,178,178,178,178,183,191,197,198,199,198,196,194,192,190,184,175,163,149,130,106,87,75,73,82,85,82,80,81,85,93,93,87,79,70,66,66,67,67,71,80,83,81,78,76,77,83,87,90,93,95,91,81,74,68,65,63,61,58,60,66,85,118,145,166,182,193,200,204,207,209,204,191,180,170,163,160,160,164,168,172,181,195,202,203,196,181,172,169,168,172,174,176,177,179,181,183,187,192,194,193,186,173,164,157,153,152,157,169,176,177,174,168,164,160,157,155,154,153,152,151,151,151,150,150,150,151,152,152,152,153,153,153,154,154,154
160,158,154,150,146,144,145,147,150,153,157,164,173,172,160,147,133,125,125,128,136,143,149,153,153,154,153,153,154,155,156,158,159,161,163,165,168,172,179,184,188,184,173,163,153,146,143,145,151,160,171,178,183,183,178,171,163,156,151,151,157,163,168,173,176,178,179,178,176,179,185,191,196,198,199,198,196,195,194,193,191,187,179,163,138,117,100,92,93,90,83,77,74,77,86,89,85,80,74,71,71,71,72,78,90,94,89,85,81,81,82,85,88,88,86,80,70,62,56,55,59,65,74,85,100,124,158,181,194,201,203,205,208,208,206,198,183,173,168,164,162,162,165,169,174,183,197,204,203,196,182,173,169,168,171,173,176,177,178,180,182,186,192,195,193,186,173,164,158,154,152,156,166,173,177,176,170,165,161,158,155,154,153,152,152,151,151,151,151,151,152,152,152,152,153,154,154,154,154,154
161,159,154,150,145,144,145,147,150,154,158,165,174,171,158,145,132,125,125,129,138,145,150,153,153,153,153,153,154,155,156,158,159,161,163,166,168,172,178,184,189,186,176,165,155,148,144,145,151,160,170,178,184,184,180,173,165,158,152,151,156,160,165,169,174,177,178,180,182,181,178,181,189,195,199,200,198,196,195,194,193,191,188,182,173,164,154,142,128,113,97,84,75,74,81,83,80,77,74,73,75,76,76,83,96,97,87,80,78,78,79,78,74,68,59,53,48,47,48,58,76,99,125,146,162,176,188,196,201,205,208,210,212,208,198,188,177,170,168,166,163,163,166,170,175,185,199,206,203,196,183,174,169,167,170,172,175,177,176,177,181,186,193,195,193,186,173,164,158,154,152,154,162,170,179,179,171,165,161,158,155,154,153,152,152,152,152,152,152,152,152,152,151,152,153,154,155,155,154,154
161,159,154,150,145,144,145,147,150,155,160,166,174,171,156,143,131,125,125,130,139,146,151,153,153,153,153,154,154,155,156,158,159,161,164,166,168,172,178,184,189,187,178,167,157,149,145,145,151,159,170,178,184,185,181,175,167,160,153,151,155,159,163,167,172,176,178,181,184,183,178,179,184,189,194,197,198,198,197,196,195,195,195,194,192,189,185,175,158,142,127,114,104,99,101,99,95,89,84,82,83,83,81,84,94,92,78,70,67,68,71,71,67,62,56,56,62,70,80,95,116,139,165,184,196,203,204,205,206,208,211,211,208,201,190,181,175,170,169,167,164,164,166,170,176,186,201,207,204,196,184,175,169,167,169,171,174,175,174,176,181,187,193,195,193,186,173,164,159,155,152,153,159,167,179,181,172,166,162,158,156,154,153,152,153,153,152,152,152,152,152,152,152,152,154,155,155,155,155,154
162,159,154,150,145,143,144,146,150,155,162,168,174,170,155,142,131,125,126,131,140,147,151,153,154,154,154,154,154,155,156,158,159,161,164,167,168,172,177,183,190,188,179,169,158,150,145,146,151,159,170,178,185,187,183,177,169,161,155,152,154,158,162,166,171,175,178,181,184,186,187,186,182,181,184,189,196,199,199,198,198,198,198,197,195,194,192,188,183,177,172,166,161,154,146,138,129,118,103,96,97,93,85,82,82,76,63,53,48,50,58,64,67,71,77,90,110,130,151,167,178,187,193,199,204,207,208,209,210,211,213,209,198,189,182,178,177,174,170,167,165,165,167,171,177,187,201,207,205,198,184,175,170,168,169,171,172,173,172,174,181,187,193,195,193,186,173,164,159,155,152,152,156,165,178,180,173,167,163,159,157,155,153,152,153,153,152,152,153,153,152,152,152,153,154,155,156,156,155,155
162,160,154,149,145,143,144,147,151,157,164,170,174,169,154,141,131,126,127,133,142,148,152,154,154,155,155,155,155,155,156,157,158,161,164,167,168,172,177,183,190,189,181,171,160,152,147,146,151,159,169,178,185,188,185,179,170,163,156,153,155,157,161,165,169,173,177,180,182,185,190,189,183,181,182,185,190,193,195,197,199,200,200,199,198,197,197,196,196,196,196,194,192,186,177,168,160,149,134,127,126,122,115,109,106,99,89,82,77,79,88,96,102,110,120,134,154,174,194,206,210,211,209,208,209,210,211,211,212,210,208,201,190,183,180,178,178,175,171,167,165,165,167,171,178,187,200,206,206,199,185,175,170,167,169,170,170,170,170,173,181,187,193,194,193,186,173,165,160,155,152,152,154,162,176,180,174,168,164,160,157,155,153,152,152,152,152,153,153,153,153,153,153,154,155,156,156,156,156,156
163,160,154,148,144,143,145,148,153,159,166,171,175,169,154,141,131,127,129,135,144,150,153,155,155,156,157,157,155,155,156,157,158,161,164,166,168,171,175,181,190,190,183,174,164,155,149,147,151,158,168,177,185,188,186,180,172,165,158,155,155,157,160,163,166,170,175,178,179,181,185,188,189,189,187,184,180,180,185,192,199,202,201,201,201,200,199,199,199,199,198,197,197,195,192,189,187,183,177,173,172,171,170,168,165,162,158,155,153,155,161,167,173,178,183,189,195,201,207,211,213,213,211,211,212,213,213,213,212,206,195,188,184,183,183,182,179,175,171,168,166,166,168,172,177,187,199,206,206,199,186,176,169,167,168,168,168,168,168,172,181,188,193,195,193,186,174,165,160,155,152,151,153,160,173,178,175,171,165,161,158,155,154,152,152,152,152,153,154,154,154,154,154,154,155,156,157,157,158,158
163,160,153,148,144,143,145,149,154,161,168,173,175,169,154,142,132,128,130,136,145,151,154,156,156,157,159,158,157,156,156,157,158,160,163,166,168,171,174,181,189,191,185,177,166,157,150,148,151,158,167,176,184,188,186,182,174,167,160,157,157,158,160,163,165,168,173,175,176,178,182,186,190,192,191,187,180,178,182,187,193,196,197,198,200,201,201,201,201,201,200,200,200,200,200,201,201,201,200,198,196,197,199,199,197,196,195,195,194,196,200,205,210,213,215,216,216,216,215,215,215,215,214,214,214,213,210,207,204,198,188,184,185,186,186,183,179,175,171,168,166,166,168,172,177,186,199,205,206,199,186,176,170,167,167,167,166,166,167,171,180,187,193,195,193,186,174,165,160,156,153,151,152,158,170,176,177,174,167,162,158,156,154,153,152,152,153,154,154,154,154,154,154,155,156,156,157,158,158,159
163,160,153,148,145,144,146,150,156,162,170,174,175,169,155,143,133,129,131,137,146,152,154,156,157,159,161,161,159,157,156,156,158,160,162,165,168,171,175,181,189,191,186,178,168,159,151,149,152,157,166,175,183,187,187,184,176,169,163,159,158,159,161,163,165,167,171,173,173,175,179,183,187,190,194,194,191,188,185,183,181,182,186,190,196,199,201,202,202,202,201,201,202,203,203,203,203,203,204,202,200,200,202,202,202,201,200,200,200,202,205,209,213,215,216,217,218,218,217,217,217,217,217,216,215,210,201,194,188,186,188,190,193,192,187,182,178,174,171,168,166,166,168,172,177,186,199,205,206,199,186,177,170,167,167,166,165,165,166,171,180,187,192,194,193,186,174,165,160,156,153,152,151,156,166,174,178,177,169,163,159,156,155,153,153,153,153,154,155,155,155,155,155,155,156,156,157,158,158,158
163,160,153,148,145,145,147,151,157,164,171,175,176,169,155,143,133,130,132,138,147,153,155,157,158,159,162,163,161,159,156,156,157,159,162,164,167,171,175,181,189,191,187,180,170,161,153,150,152,157,165,174,182,186,188,186,179,172,166,162,160,160,162,164,165,167,170,171,172,173,176,179,183,187,193,195,195,194,190,185,181,180,182,185,189,192,194,196,198,199,199,201,203,204,205,205,205,205,206,205,203,202,204,205,206,205,204,204,204,205,208,211,214,216,216,217,218,218,218,217,216,215,213,211,209,203,194,187,183,184,191,196,198,195,187,181,177,174,171,168,166,166,168,172,178,186,199,205,206,199,186,176,170,167,167,166,164,164,166,171,179,185,191,194,193,186,174,166,161,157,154,152,151,155,163,171,179,179,171,165,160,157,155,154,154,153,154,154,155,155,155,155,155,155,156,157,158,158,158,158
163,160,153,148,145,145,148,152,158,165,174,177,176,168,154,143,133,130,134,140,149,154,156,158,158,160,163,164,163,161,156,155,157,159,161,164,167,171,175,181,188,191,189,183,172,163,154,151,151,156,164,173,181,186,189,188,181,175,169,165,162,161,163,165,167,169,170,171,172,172,173,175,178,182,187,191,193,195,195,194,191,188,184,181,179,179,181,184,188,191,195,199,202,204,205,206,206,206,207,207,205,205,206,207,208,208,207,207,207,207,208,211,214,216,217,218,218,218,217,215,213,209,203,199,196,193,189,188,189,193,199,201,199,193,185,179,176,174,171,168,167,167,169,173,178,187,199,205,206,199,185,176,170,167,167,165,163,163,165,169,176,183,191,194,193,186,175,166,162,158,154,152,152,154,159,168,180,181,173,166,162,158,156,155,154,154,154,154,155,156,156,156,156,156,156,157,158,158,157,157
163,160,153,149,146,146,149,154,160,167,176,179,176,168,154,143,134,131,135,142,151,156,158,158,158,160,163,165,165,162,157,155,156,158,161,164,167,171,175,180,188,191,190,185,174,165,156,152,152,156,164,172,179,185,190,189,183,177,172,167,163,162,164,166,168,170,170,170,171,172,172,172,174,177,182,186,190,193,196,198,197,194,188,183,178,177,178,180,183,186,189,192,195,197,198,198,199,200,201,202,202,203,204,205,206,206,206,206,206,206,206,207,209,211,211,211,210,210,209,208,207,204,200,197,193,189,187,188,193,198,203,203,198,191,183,178,176,173,170,168,167,167,170,174,179,187,198,205,206,199,185,176,171,168,167,165,163,163,164,168,175,182,191,194,192,186,175,167,163,159,154,152,152,153,156,165,179,182,174,168,163,159,157,155,155,154,154,154,155,156,156,156,156,156,156,157,158,158,158,158
163,160,153,149,147,147,150,155,161,169,177,180,176,168,154,143,134,132,137,144,153,158,159,159,159,160,163,165,165,163,159,156,156,158,161,164,167,170,174,180,188,192,191,186,176,166,159,154,153,156,164,171,178,184,190,190,185,180,174,169,165,163,165,167,169,170,169,169,171,171,171,171,172,174,178,181,185,189,194,197,199,197,193,189,186,184,183,182,183,182,181,181,182,183,183,183,184,186,188,191,194,196,197,198,199,200,200,200,200,200,200,200,199,199,198,197,195,194,193,194,197,200,205,205,199,193,187,188,194,199,203,202,196,189,183,178,176,173,170,168,167,168,171,175,179,186,197,204,205,199,186,176,171,168,167,165,162,162,164,168,174,182,191,194,192,185,175,168,164,160,155,152,152,152,155,163,178,182,175,169,164,160,158,157,155,155,154,154,155,155,156,156,157,157,157,158,158,159,159,159
163,160,153,149,147,148,151,156,163,170,178,180,176,167,155,144,135,133,139,146,155,159,159,159,159,160,163,164,165,164,160,158,157,158,161,164,167,170,173,179,188,192,192,187,177,168,161,157,155,157,164,170,177,183,189,190,186,181,176,171,167,165,166,168,170,171,170,170,171,171,171,171,171,172,175,178,182,186,191,195,198,199,197,194,192,189,186,184,183,182,181,180,181,181,181,181,182,183,185,187,190,191,192,193,194,194,194,195,196,196,196,196,195,195,195,195,194,193,193,195,199,204,209,208,199,193,187,188,195,200,203,200,193,186,182,178,175,172,169,168,167,168,171,175,179,186,196,202,205,199,186,177,172,168,167,165,162,162,164,167,173,181,190,194,191,185,175,169,165,161,156,153,152,152,154,162,176,181,177,172,165,161,159,158,156,155,155,155,155,156,156,157,157,158,158,158,159,159,159,160
162,159,154,150,148,149,152,158,165,172,179,180,175,167,155,144,135,134,140,147,156,160,160,160,160,161,162,164,164,164,162,160,158,158,161,164,166,169,173,179,187,192,193,189,179,171,164,159,157,158,165,171,176,182,188,189,185,182,178,175,171,168,167,168,171,172,172,173,173,172,172,171,171,172,174,176,179,182,187,191,196,199,199,197,195,192,188,186,185,186,187,189,190,192,193,193,193,193,191,190,190,189,188,188,188,188,189,190,192,193,194,195,197,199,202,204,207,208,209,210,213,214,213,206,194,187,186,188,196,200,201,198,189,183,180,177,173,171,169,168,168,169,172,175,178,185,195,201,204,199,186,177,172,169,167,165,163,162,163,166,171,179,190,194,191,185,176,169,166,162,157,154,152,152,154,161,173,179,179,175,167,162,160,158,157,156,156,156,156,157,157,157,158,158,159,159,159,159,159,159
162,159,154,151,149,150,154,160,167,173,179,180,176,167,155,145,136,135,141,148,157,161,160,160,160,161,163,164,164,164,163,162,159,160,162,164,166,169,172,178,187,192,194,190,181,173,166,161,158,159,165,170,175,181,187,189,186,183,180,177,174,171,169,169,171,173,174,174,174,174,173,173,172,173,174,176,177,180,184,188,194,198,199,199,198,195,190,188,188,189,191,193,194,196,197,199,199,198,196,194,193,192,191,190,190,190,190,192,194,195,196,198,201,205,208,211,214,217,218,219,219,217,210,201,189,183,184,188,196,200,199,195,186,181,179,176,173,170,169,169,169,171,172,174,177,183,193,200,204,200,186,177,173,169,167,165,163,162,163,165,170,178,190,194,191,185,176,169,166,163,158,154,153,152,153,159,170,177,180,178,169,163,161,159,158,157,157,157,157,157,157,158,158,159,159,159,159,159,159,159
161,159,155,152,150,151,156,162,169,175,181,181,176,168,155,145,137,137,143,150,157,160,160,160,160,161,164,165,165,165,164,163,162,162,164,165,166,169,172,178,186,192,195,192,183,175,168,162,159,160,165,170,173,179,186,189,187,185,181,179,177,174,172,171,173,174,174,175,176,176,176,175,174,175,176,177,178,180,182,186,192,196,198,199,199,197,193,191,190,191,193,193,193,194,196,198,200,201,201,200,199,199,198,198,199,199,199,200,201,202,204,205,208,210,213,215,217,219,220,220,218,212,203,193,184,181,183,188,196,199,196,192,186,181,179,176,172,170,170,170,171,172,173,174,175,181,190,198,204,200,187,178,174,170,166,164,162,162,162,165,169,178,190,194,191,185,175,169,166,163,158,155,153,152,153,158,166,174,182,181,171,165,162,160,159,158,158,158,158,158,158,158,159,160,160,160,159,159,159,160
162,160,156,152,150,152,157,163,170,177,182,182,176,167,155,146,138,139,146,152,158,160,160,160,161,162,165,166,165,165,165,164,163,163,165,166,167,168,171,177,185,192,196,194,185,177,170,164,160,161,166,170,173,178,185,189,189,187,183,180,178,176,174,173,174,175,175,176,177,177,178,178,177,178,179,179,180,180,181,184,189,193,196,198,200,199,195,193,192,192,193,194,193,194,195,197,199,200,201,202,202,202,203,203,204,204,205,205,206,207,208,210,212,214,217,218,219,220,220,218,214,207,196,188,182,180,183,189,197,199,195,191,186,182,179,175,172,171,171,171,172,173,174,175,175,180,189,197,204,200,188,179,175,170,166,163,162,161,162,164,168,177,189,194,191,185,175,169,166,163,159,156,153,153,153,157,163,171,182,182,173,166,163,161,160,159,159,159,159,159,158,159,159,160,161,160,160,159,160,160
163,161,157,153,151,152,157,163,171,177,183,182,175,166,155,146,140,141,149,155,159,161,161,161,162,163,165,166,166,165,165,164,164,164,166,167,167,168,171,176,184,191,196,194,185,178,172,167,162,163,168,171,173,177,184,189,191,190,184,181,179,177,175,175,175,176,176,177,177,178,180,181,181,181,181,181,182,182,181,183,186,190,194,198,200,200,197,195,193,192,193,194,194,195,196,197,196,196,197,199,201,203,204,204,204,205,206,207,207,208,210,212,215,217,218,220,220,220,218,214,208,200,190,184,181,182,186,192,198,200,196,192,186,182,179,176,173,172,172,172,172,173,174,175,176,180,189,197,203,200,188,180,175,171,166,163,162,161,161,163,167,175,189,194,191,185,176,170,166,163,160,157,154,153,154,156,161,169,181,183,174,168,165,163,161,160,160,159,159,159,159,159,159,160,160,160,160,160,160,160
163,161,157,154,152,153,157,163,171,178,183,182,175,166,155,147,141,142,152,158,161,162,161,162,163,164,166,166,166,166,165,165,165,165,167,167,167,169,171,176,183,190,196,195,186,180,174,169,164,164,169,172,174,177,183,189,193,192,186,182,180,179,177,176,177,177,178,178,178,179,182,183,184,183,182,182,183,183,182,183,185,188,192,196,199,200,199,197,195,194,195,195,196,196,197,197,195,195,196,197,200,202,203,204,204,205,207,208,208,210,212,214,216,217,219,219,219,218,215,210,202,195,187,182,181,184,189,194,199,200,196,191,186,182,179,176,173,172,172,172,172,173,175,175,176,180,188,196,202,200,188,180,175,171,167,164,162,161,161,163,166,174,188,194,192,186,177,171,167,163,161,158,155,154,154,156,159,167,180,183,176,171,167,164,163,162,161,160,160,160,160,160,160,160,160,160,160,160,160,160
163,161,158,155,153,154,158,164,171,178,183,182,174,165,156,148,142,144,154,160,162,162,161,162,164,166,166,167,167,166,166,166,166,166,167,168,168,170,172,176,182,189,196,195,188,182,177,172,166,166,170,173,174,177,183,188,193,193,187,183,181,180,179,178,179,179,180,180,180,181,183,184,185,184,183,182,181,182,183,184,186,188,190,194,198,200,200,200,199,198,197,197,197,198,198,198,196,196,196,197,198,199,202,203,204,205,206,208,209,211,213,214,215,216,217,217,216,214,210,204,197,191,185,182,183,186,191,195,199,199,194,190,187,183,179,176,173,172,172,172,173,174,175,176,176,180,187,194,202,199,187,179,175,171,167,165,163,162,161,162,165,174,188,195,192,187,178,172,168,165,162,159,157,155,154,155,157,165,178,182,178,174,169,166,165,163,162,161,161,161,161,161,161,161,161,161,160,160,160,160
163,162,159,156,153,154,158,164,171,178,183,182,174,165,156,148,143,145,155,161,162,162,161,162,165,166,167,167,167,167,166,166,166,167,168,168,169,170,172,176,181,188,195,196,189,184,179,173,167,166,171,174,175,178,183,188,193,193,188,184,182,181,180,179,180,180,181,181,181,182,183,185,186,185,183,182,181,181,183,185,186,188,189,192,197,200,201,202,201,199,198,197,198,198,199,198,197,196,197,197,197,198,201,203,204,205,206,208,209,211,213,214,215,216,217,216,215,212,207,202,195,189,184,183,184,187,192,196,199,198,193,189,187,184,179,176,173,172,172,173,174,175,176,176,176,180,187,194,201,199,187,179,175,171,168,165,163,162,161,162,165,174,189,195,192,187,179,173,169,166,163,160,157,156,155,155,156,164,177,182,179,175,170,167,166,164,163,162,162,162,161,161,161,161,161,161,160,160,160,160
